JobID,JobName,State,ExitCode,Submit,Start,End,ElapsedRaw,AllocTRES,ReqTRES,NodeList,Partition,Restarts,run_ids,selected_for_raw_archive,gpu_count,allocated_gpu_hours
2489891,tunerl-isolated_verify,COMPLETED,0:0,2026-04-21T18:22:40,2026-04-21T18:22:40,2026-04-21T18:32:31,591,"billing=16,cpu=16,gres/gpu:l40s=1,gres/gpu=1,gres/tmp=1073741824,mem=64G,node=1","billing=16,cpu=16,gres/gpu=1,gres/tmp=1073741824,mem=64G,node=1",jnfat04,gpu_computervision,0,20260421_1822_isolated_verify,false,1,0.1641666667
2489961,tunerl-isolated_verify,REQUEUED,0:0,2026-04-21T18:37:26,2026-04-21T18:37:28,2026-04-21T18:37:48,20,"billing=16,cpu=16,gres/gpu:l40s=1,gres/gpu=1,gres/tmp=1073741824,mem=64G,node=1","billing=16,cpu=16,gres/gpu=1,gres/tmp=1073741824,mem=64G,node=1",jnfat04,gpu_computervision,0,20260421_1822_isolated_verify,false,1,0.0055555556
2489961,tunerl-isolated_verify,FAILED,15:0,2026-04-21T18:37:49,2026-04-21T18:40:10,2026-04-21T18:41:38,88,"billing=16,cpu=16,gres/gpu:l40s=1,gres/gpu=1,gres/tmp=1073741824,mem=64G,node=1","billing=16,cpu=16,gres/gpu=1,gres/tmp=1073741824,mem=64G,node=1",jnfat04,gpu_computervision,1,20260421_1822_isolated_verify,false,1,0.0244444444
2490224,tunerl-manual_doc_verify,FAILED,15:0,2026-04-21T19:24:34,2026-04-21T19:24:34,2026-04-21T19:30:14,340,"billing=16,cpu=16,gres/gpu:l40s=1,gres/gpu=1,gres/tmp=1073741824,mem=64G,node=1","billing=16,cpu=16,gres/gpu=1,gres/tmp=1073741824,mem=64G,node=1",jnfat04,gpu_computervision,0,20260421_1924_manual_doc_verify,false,1,0.0944444444
2493788,tunerl-formal10_overlay_run,FAILED,1:0,2026-04-23T12:15:34,2026-04-23T12:15:34,2026-04-24T09:11:25,75351,"billing=16,cpu=16,gres/gpu:l40s=4,gres/gpu=4,gres/tmp=1073741824,mem=80G,node=1","billing=16,cpu=16,gres/gpu=4,gres/tmp=1073741824,mem=80G,node=1",jnfat06,gpu_computervision,0,20260423_1220_formal10_overlay_run_4gpu,false,4,83.7233333333
2496249,plot-formal10-overlay,COMPLETED,0:0,2026-04-24T08:44:42,2026-04-24T08:44:43,2026-04-24T08:44:45,2,"billing=2,cpu=2,gres/tmp=1073741824,mem=4G,node=1","billing=1,cpu=1,gres/tmp=1073741824,mem=2G,node=1",jn001,small_cpu,0,20260423_1220_formal10_overlay_run_4gpu,false,,
2496276,tunerl-formal10_overlay_run,FAILED,1:0,2026-04-24T09:11:52,2026-04-24T09:11:52,2026-04-24T09:21:33,581,"billing=16,cpu=16,gres/gpu:l40s=4,gres/gpu=4,gres/tmp=1073741824,mem=80G,node=1","billing=16,cpu=16,gres/gpu=4,gres/tmp=1073741824,mem=80G,node=1",jnfat05,gpu_computervision,0,20260423_1220_formal10_overlay_run_4gpu,false,4,0.6455555556
2496290,tunerl-formal10_overlay_run,FAILED,1:0,2026-04-24T09:22:04,2026-04-24T09:22:05,2026-04-24T09:30:57,532,"billing=16,cpu=16,gres/gpu:l40s=4,gres/gpu=4,gres/tmp=1073741824,mem=80G,node=1","billing=16,cpu=16,gres/gpu=4,gres/tmp=1073741824,mem=80G,node=1",jnfat05,gpu_computervision,0,20260423_1220_formal10_overlay_run_4gpu,false,4,0.5911111111
2496304,tunerl-formal10_overlay_run,FAILED,1:0,2026-04-24T09:31:54,2026-04-24T09:31:54,2026-04-24T09:35:07,193,"billing=16,cpu=16,gres/gpu:l40s=4,gres/gpu=4,gres/tmp=1073741824,mem=80G,node=1","billing=16,cpu=16,gres/gpu=4,gres/tmp=1073741824,mem=80G,node=1",jnfat05,gpu_computervision,0,20260423_1220_formal10_overlay_run_4gpu,false,4,0.2144444444
2496308,tunerl-formal10_overlay_run,FAILED,1:0,2026-04-24T09:35:35,2026-04-24T09:35:35,2026-04-24T09:37:51,136,"billing=16,cpu=16,gres/gpu:h100=4,gres/gpu=4,gres/tmp=1073741824,mem=80G,node=1","billing=16,cpu=16,gres/gpu=4,gres/tmp=1073741824,mem=80G,node=1",jnultra02,h100,0,20260423_1220_formal10_overlay_run_4gpu,false,4,0.1511111111
2496382,tunerl-formal10_overlay_run,FAILED,1:0,2026-04-24T09:38:21,2026-04-24T09:38:21,2026-04-25T09:35:11,86210,"billing=16,cpu=16,gres/gpu:h100=2,gres/gpu=2,gres/tmp=1073741824,mem=80G,node=1","billing=16,cpu=16,gres/gpu=2,gres/tmp=1073741824,mem=80G,node=1",jnultra02,h100,0,20260423_1220_formal10_overlay_run_4gpu,false,2,47.8944444444
2498275,plot-formal10-overlay,COMPLETED,0:0,2026-04-24T16:30:02,2026-04-24T16:30:02,2026-04-24T16:30:05,3,"billing=2,cpu=2,gres/tmp=1073741824,mem=4G,node=1","billing=1,cpu=1,gres/tmp=1073741824,mem=2G,node=1",jn003,small_cpu,0,20260423_1220_formal10_overlay_run_4gpu,false,,
2498331,plot-formal10-zoom,COMPLETED,0:0,2026-04-24T16:45:00,2026-04-24T16:45:01,2026-04-24T16:45:03,2,"billing=2,cpu=2,gres/tmp=1073741824,mem=4G,node=1","billing=1,cpu=1,gres/tmp=1073741824,mem=2G,node=1",jn001,small_cpu,0,20260423_1220_formal10_overlay_run_4gpu,false,,
2500440,plot-formal10-current,COMPLETED,0:0,2026-04-25T11:59:27,2026-04-25T11:59:28,2026-04-25T11:59:31,3,"billing=2,cpu=2,gres/tmp=1073741824,mem=4G,node=1","billing=1,cpu=1,gres/tmp=1073741824,mem=2G,node=1",jn019,small_cpu,0,20260423_1220_formal10_overlay_run_4gpu,false,,
2500494,tunerl-formal_quality_diversity_stage2_std3,TIMEOUT,0:0,2026-04-25T14:10:12,2026-04-25T14:10:13,2026-04-26T14:10:17,86404,"billing=16,cpu=16,gres/gpu:l40=3,gres/gpu=3,gres/tmp=1073741824,mem=80G,node=1","billing=16,cpu=16,gres/gpu=3,gres/tmp=1073741824,mem=80G,node=1",jn011,standard,0,20260425_1410_formal_quality_diversity_stage2_std3,false,3,72.0033333333
2502326,tunerl-main_resume_quality_diversity_std3,FAILED,1:0,2026-04-26T19:05:33,2026-04-26T19:05:33,2026-04-27T13:23:01,65848,"billing=16,cpu=16,gres/gpu:l40=3,gres/gpu=3,gres/tmp=1073741824,mem=120G,node=1","billing=16,cpu=16,gres/gpu=3,gres/tmp=1073741824,mem=120G,node=1",jn101,standard,0,20260426_1905_main_resume_quality_diversity_std3,false,3,54.8733333333
2503184,tunerl-main_resume_quality_diversity_h100,FAILED,1:0,2026-04-27T13:22:40,2026-04-27T13:23:01,2026-04-28T13:22:44,86383,"billing=16,cpu=16,gres/gpu:h100=2,gres/gpu=2,gres/tmp=1073741824,mem=80G,node=1","billing=16,cpu=16,gres/gpu=2,gres/tmp=1073741824,mem=80G,node=1",jnultra02,h100,0,20260426_1905_main_resume_quality_diversity_std3,false,2,47.9905555556
2504149,tunerl-refactor_main_resume_quality_diversity,PREEMPTED,0:0,2026-04-27T17:52:00,2026-04-27T17:52:00,2026-04-28T17:12:36,84036,"billing=16,cpu=16,gres/gpu:h100=2,gres/gpu=2,gres/tmp=1073741824,mem=80G,node=1","billing=16,cpu=16,gres/gpu=2,gres/tmp=1073741824,mem=80G,node=1",jnultra02,h100,0,20260427_1747_refactor_main_resume_quality_diversity,false,2,46.6866666667
2504149,tunerl-refactor_main_resume_quality_diversity,PREEMPTED,0:0,2026-04-28T17:12:56,2026-04-28T17:14:57,2026-04-28T17:17:11,134,"billing=16,cpu=16,gres/gpu:h100=2,gres/gpu=2,gres/tmp=1073741824,mem=80G,node=1","billing=16,cpu=16,gres/gpu=2,gres/tmp=1073741824,mem=80G,node=1",jnultra02,h100,1,20260427_1747_refactor_main_resume_quality_diversity,false,2,0.0744444444
2504149,tunerl-refactor_main_resume_quality_diversity,PREEMPTED,0:0,2026-04-28T17:17:15,2026-04-28T17:19:27,2026-04-29T12:04:13,67486,"billing=16,cpu=16,gres/gpu:h100=2,gres/gpu=2,gres/tmp=1073741824,mem=80G,node=1","billing=16,cpu=16,gres/gpu=2,gres/tmp=1073741824,mem=80G,node=1",jnultra02,h100,2,20260427_1747_refactor_main_resume_quality_diversity,false,2,37.4922222222
2511049,tunebackbone-struct1,FAILED,1:0,2026-04-28T22:31:04,2026-04-28T22:31:44,2026-04-28T22:34:19,155,"billing=12,cpu=12,gres/gpu:h100=1,gres/gpu=1,gres/tmp=1073741824,mem=100G,node=1","billing=12,cpu=12,gres/gpu=1,gres/tmp=1073741824,mem=100G,node=1",jnultra02,h100,0,20260428_2231_tunebackbone_struct1_full,false,1,0.0430555556
2511058,tunebackbone-struct1-1gpu6w,FAILED,1:0,2026-04-28T22:36:52,2026-04-28T22:36:52,2026-04-28T22:37:25,33,"billing=24,cpu=24,gres/gpu:h100=1,gres/gpu=1,gres/tmp=1073741824,mem=180G,node=1","billing=24,cpu=24,gres/gpu=1,gres/tmp=1073741824,mem=180G,node=1",jnultra02,h100,0,20260428_2236_tunebackbone_struct1_1gpu6worker,false,1,0.0091666667
2512786,tunebackbone-struct1-1gpu6w,FAILED,1:0,2026-04-29T09:24:43,2026-04-29T09:24:43,2026-04-29T09:44:42,1199,"billing=24,cpu=24,gres/gpu:h100=1,gres/gpu=1,gres/tmp=1073741824,mem=180G,node=1","billing=24,cpu=24,gres/gpu=1,gres/tmp=1073741824,mem=180G,node=1",jnultra02,h100,0,20260429_0924_tunebackbone_struct1_1gpu6worker_formal,false,1,0.3330555556
2513168,tunebackbone-struct1-1gpu6w,CANCELLED by 221940,0:0,2026-04-29T11:41:06,2026-04-29T11:41:07,2026-04-29T11:41:33,26,"billing=24,cpu=24,gres/gpu:h100=1,gres/gpu=1,gres/tmp=1073741824,mem=180G,node=1","billing=24,cpu=24,gres/gpu=1,gres/tmp=1073741824,mem=180G,node=1",jnultra02,h100,0,20260429_1141_tunebackbone_struct1_1gpu6worker_formal_sftcfg,false,1,0.0072222222
2513169,tunebackbone-struct1-1gpu6w,PREEMPTED,0:0,2026-04-29T11:41:34,2026-04-29T11:41:36,2026-04-29T12:04:13,1357,"billing=12,cpu=12,gres/gpu:h100=1,gres/gpu=1,gres/tmp=1073741824,mem=100G,node=1","billing=12,cpu=12,gres/gpu=1,gres/tmp=1073741824,mem=100G,node=1",jnultra02,h100,0,20260429_1141_tunebackbone_struct1_1gpu6worker_formal_sftcfg,false,1,0.3769444444
2513169,tunebackbone-struct1-1gpu6w,PREEMPTED,0:0,2026-04-29T12:04:14,2026-04-29T12:10:33,2026-04-29T12:14:17,224,"billing=12,cpu=12,gres/gpu:h100=1,gres/gpu=1,gres/tmp=1073741824,mem=100G,node=1","billing=12,cpu=12,gres/gpu=1,gres/tmp=1073741824,mem=100G,node=1",jnultra02,h100,1,20260429_1141_tunebackbone_struct1_1gpu6worker_formal_sftcfg,false,1,0.0622222222
2504149,tunerl-refactor_main_resume_quality_diversity,FAILED,2:0,2026-04-29T12:04:33,2026-04-29T12:10:33,2026-04-29T12:10:39,6,"billing=16,cpu=16,gres/gpu:h100=2,gres/gpu=2,gres/tmp=1073741824,mem=80G,node=1","billing=16,cpu=16,gres/gpu=2,gres/tmp=1073741824,mem=80G,node=1",jnultra02,h100,3,20260427_1747_refactor_main_resume_quality_diversity,false,2,0.0033333333
2513169,tunebackbone-struct1-1gpu6w,CANCELLED by 221940,0:0,2026-04-29T12:14:19,None,2026-04-29T14:14:15,0,,"billing=12,cpu=12,gres/gpu=1,gres/tmp=1073741824,mem=100G,node=1",None assigned,h100,2,20260429_1141_tunebackbone_struct1_1gpu6worker_formal_sftcfg,false,,
2513663,tunebackbone-struct1-std3gpu,PREEMPTED,0:0,2026-04-29T14:30:22,2026-04-29T14:34:02,2026-04-29T14:44:52,650,"billing=12,cpu=12,gres/gpu:l40s=3,gres/gpu=3,gres/tmp=1073741824,mem=100G,node=1","billing=12,cpu=12,gres/gpu=3,gres/tmp=1073741824,mem=100G,node=1",jnfat08,standard,0,20260429_1428_tunebackbone_struct1_standard3gpu6worker_formal_sftcfg_allgpu,false,3,0.5416666667
2513663,tunebackbone-struct1-std3gpu,CANCELLED by 221940,0:0,2026-04-29T14:44:53,2026-04-29T15:10:44,2026-04-29T16:51:31,6047,"billing=12,cpu=12,gres/gpu:l40=3,gres/gpu=3,gres/tmp=1073741824,mem=100G,node=1","billing=12,cpu=12,gres/gpu=3,gres/tmp=1073741824,mem=100G,node=1",jn111,standard,1,20260429_1428_tunebackbone_struct1_standard3gpu6worker_formal_sftcfg_allgpu,false,3,5.0391666667
2514410,tunebackbone-struct1-std3gpu,CANCELLED by 221940,0:0,2026-04-29T16:51:31,2026-04-29T16:54:23,2026-04-29T16:56:48,145,"billing=12,cpu=12,gres/gpu:l40=3,gres/gpu=3,gres/tmp=1073741824,mem=100G,node=1","billing=12,cpu=12,gres/gpu=3,gres/tmp=1073741824,mem=100G,node=1",jn114,standard,0,20260429_1651_tunebackbone_struct1_standard3gpu6worker_formal_dtypefix,false,3,0.1208333333
2514595,tunebackbone-struct1-std3gpu,PREEMPTED,0:0,2026-04-29T16:59:01,2026-04-29T17:17:25,2026-04-29T17:47:53,1828,"billing=12,cpu=12,gres/gpu:l40=3,gres/gpu=3,gres/tmp=1073741824,mem=100G,node=1","billing=12,cpu=12,gres/gpu=3,gres/tmp=1073741824,mem=100G,node=1",jn012,standard,0,20260429_1659_tunebackbone_struct1_standard3gpu6worker_formal_dtypefix_skip0,false,3,1.5233333333
2514595,tunebackbone-struct1-std3gpu,PREEMPTED,0:0,2026-04-29T17:47:55,2026-04-29T20:44:58,2026-04-30T04:17:55,27177,"billing=12,cpu=12,gres/gpu:l40s=3,gres/gpu=3,gres/tmp=1073741824,mem=100G,node=1","billing=12,cpu=12,gres/gpu=3,gres/tmp=1073741824,mem=100G,node=1",jnfat01,standard,1,20260429_1659_tunebackbone_struct1_standard3gpu6worker_formal_dtypefix_skip0,false,3,22.6475000000
2514595,tunebackbone-struct1-std3gpu,PREEMPTED,0:0,2026-04-30T04:17:57,2026-04-30T04:29:43,2026-04-30T04:32:29,166,"billing=12,cpu=12,gres/gpu:l40=3,gres/gpu=3,gres/tmp=1073741824,mem=100G,node=1","billing=12,cpu=12,gres/gpu=3,gres/tmp=1073741824,mem=100G,node=1",jn102,standard,2,20260429_1659_tunebackbone_struct1_standard3gpu6worker_formal_dtypefix_skip0,false,3,0.1383333333
2514595,tunebackbone-struct1-std3gpu,PREEMPTED,0:0,2026-04-30T04:32:31,2026-04-30T05:02:59,2026-04-30T08:11:30,11311,"billing=12,cpu=12,gres/gpu:l40s=3,gres/gpu=3,gres/tmp=1073741824,mem=100G,node=1","billing=12,cpu=12,gres/gpu=3,gres/tmp=1073741824,mem=100G,node=1",jnfat03,standard,3,20260429_1659_tunebackbone_struct1_standard3gpu6worker_formal_dtypefix_skip0,false,3,9.4258333333
2514595,tunebackbone-struct1-std3gpu,PREEMPTED,0:0,2026-04-30T08:11:32,2026-04-30T08:32:24,2026-04-30T08:52:17,1193,"billing=12,cpu=12,gres/gpu:l40=3,gres/gpu=3,gres/tmp=1073741824,mem=100G,node=1","billing=12,cpu=12,gres/gpu=3,gres/tmp=1073741824,mem=100G,node=1",jn004,standard,4,20260429_1659_tunebackbone_struct1_standard3gpu6worker_formal_dtypefix_skip0,false,3,0.9941666667
2514595,tunebackbone-struct1-std3gpu,CANCELLED by 221940,0:0,2026-04-30T08:52:18,2026-04-30T09:21:34,2026-04-30T09:26:17,283,"billing=12,cpu=12,gres/gpu:l40=3,gres/gpu=3,gres/tmp=1073741824,mem=100G,node=1","billing=12,cpu=12,gres/gpu=3,gres/tmp=1073741824,mem=100G,node=1",jn101,standard,5,20260429_1659_tunebackbone_struct1_standard3gpu6worker_formal_dtypefix_skip0,false,3,0.2358333333
2517648,tuneback-struct1-gcv2,FAILED,1:0,2026-04-30T09:00:25,2026-04-30T09:00:26,2026-04-30T09:05:10,284,"billing=8,cpu=8,gres/gpu:l40s=2,gres/gpu=2,gres/tmp=1073741824,mem=80G,node=1","billing=8,cpu=8,gres/gpu=2,gres/tmp=1073741824,mem=80G,node=1",jnfat04,gpu_computervision,0,20260430_0859_tunebackbone_struct1_gcv2gpu4worker_formal,false,2,0.1577777778
2561123,tuneback-struct1-contract,TIMEOUT,0:0,2026-05-02T23:12:42,2026-05-02T23:12:43,2026-05-03T23:12:58,86415,"billing=12,cpu=12,gres/gpu:l40=3,gres/gpu=3,gres/tmp=1073741824,mem=200G,node=1","billing=12,cpu=12,gres/gpu=3,gres/tmp=1073741824,mem=200G,node=1",jn113,standard,0,20260502_2318_tunebackbone_struct1_contract_std3_formal,false,3,72.0125000000
2565575,tuneback-plot-contract,FAILED,1:0,2026-05-04T10:01:54,2026-05-04T10:01:54,2026-05-04T10:01:55,1,"billing=2,cpu=2,gres/tmp=1073741824,mem=4G,node=1","billing=1,cpu=1,gres/tmp=1073741824,mem=2G,node=1",jn015,small_cpu,0,20260502_2318_tunebackbone_struct1_contract_std3_formal,false,,
2565576,tuneback-plot-contract,COMPLETED,0:0,2026-05-04T10:02:37,2026-05-04T10:02:40,2026-05-04T10:06:16,216,"billing=2,cpu=2,gres/tmp=1073741824,mem=4G,node=1","billing=1,cpu=1,gres/tmp=1073741824,mem=2G,node=1",jn015,small_cpu,0,20260502_2318_tunebackbone_struct1_contract_std3_formal,false,,
2588095,tunerl-struct1_clean_a3_aligned_rl,CANCELLED by 221940,0:0,2026-05-09T09:45:10,None,2026-05-09T09:45:25,0,,"billing=16,cpu=16,gres/gpu=2,gres/tmp=1073741824,mem=80G,node=1",None assigned,h100,0,20260509_0945_struct1_clean_a3_aligned_rl,false,,
2588098,tunerl-struct1_clean_a3_aligned_rl,FAILED,1:0,2026-05-09T09:45:57,2026-05-09T09:45:58,2026-05-09T09:49:06,188,"billing=16,cpu=16,gres/gpu:l40s=2,gres/gpu=2,gres/tmp=1073741824,mem=80G,node=1","billing=16,cpu=16,gres/gpu=2,gres/tmp=1073741824,mem=80G,node=1",jnfat05,gpu_computervision_long,0,20260509_0945_struct1_clean_a3_aligned_rl_v2,false,2,0.1044444444
2589251,tunerl-struct1_clean_a3_bf16_merged_l40s_rl,CANCELLED by 221940,0:0,2026-05-09T19:35:45,2026-05-09T19:35:46,2026-05-09T19:38:17,151,"billing=16,cpu=16,gres/gpu:l40s=2,gres/gpu=2,gres/tmp=1073741824,mem=80G,node=1","billing=16,cpu=16,gres/gpu=2,gres/tmp=1073741824,mem=80G,node=1",jnfat06,gpu_computervision_long,0,20260509_1935_struct1_clean_a3_bf16_merged_l40s_rl,false,2,0.0838888889
2589263,tunerl-struct1_clean_a3_bf16_merged_l40s_linked_rl,FAILED,1:0,2026-05-09T19:42:01,2026-05-09T19:42:01,2026-05-09T19:42:10,9,"billing=16,cpu=16,gres/gpu:l40s=2,gres/gpu=2,gres/tmp=1073741824,mem=80G,node=1","billing=16,cpu=16,gres/gpu=2,gres/tmp=1073741824,mem=80G,node=1",jnfat06,gpu_computervision_long,0,20260509_1942_struct1_clean_a3_bf16_merged_l40s_linked_rl,false,2,0.0050000000
2589285,tunerl-struct1_clean_a3_bf16_merged_l40s_genmb1_rl,FAILED,1:0,2026-05-09T20:00:50,2026-05-09T20:00:50,2026-05-09T20:06:36,346,"billing=16,cpu=16,gres/gpu:l40s=2,gres/gpu=2,gres/tmp=1073741824,mem=80G,node=1","billing=16,cpu=16,gres/gpu=2,gres/tmp=1073741824,mem=80G,node=1",jnfat05,gpu_computervision_long,0,20260509_2002_struct1_clean_a3_bf16_merged_l40s_genmb1_rl,false,2,0.1922222222
2589354,tunerl-struct1_clean_a3_bf16_merged_l40s_nocache_rl,CANCELLED by 221940,0:0,2026-05-09T20:28:28,2026-05-09T20:28:29,2026-05-09T20:30:36,127,"billing=16,cpu=16,gres/gpu:l40s=2,gres/gpu=2,gres/tmp=1073741824,mem=80G,node=1","billing=16,cpu=16,gres/gpu=2,gres/tmp=1073741824,mem=80G,node=1",jnfat05,gpu_computervision_long,0,20260509_2012_struct1_clean_a3_bf16_merged_l40s_nocache_rl,false,2,0.0705555556
2590349,tunerl-a3-compact-gcvlong,FAILED,1:0,2026-05-09T23:15:49,2026-05-09T23:15:50,2026-05-09T23:16:05,15,"billing=16,cpu=16,gres/gpu:l40s=2,gres/gpu=2,gres/tmp=1073741824,mem=80G,node=1","billing=16,cpu=16,gres/gpu=2,gres/tmp=1073741824,mem=80G,node=1",jnfat06,gpu_computervision_long,0,20260509_2319_struct1_clean_a3_unmerged_compact_gcvlong_rl,false,2,0.0083333333
2591358,tunerl-struct1_a3_archived_l40s_rl,CANCELLED by 221940,0:0,2026-05-10T15:09:22,2026-05-10T15:09:23,2026-05-10T15:09:45,22,"billing=16,cpu=16,gres/gpu:l40s=2,gres/gpu=2,gres/tmp=1073741824,mem=80G,node=1","billing=16,cpu=16,gres/gpu=2,gres/tmp=1073741824,mem=80G,node=1",jnfat06,gpu_computervision_long,0,20260510_1509_struct1_a3_archived_l40s_rl,false,2,0.0122222222
2591739,tunerl-struct1_a3_clean_source_rl_l40s,FAILED,1:0,2026-05-10T20:22:44,2026-05-10T20:22:44,2026-05-10T20:22:59,15,"billing=16,cpu=16,gres/gpu:l40s=2,gres/gpu=2,gres/tmp=1073741824,mem=80G,node=1","billing=16,cpu=16,gres/gpu=2,gres/tmp=1073741824,mem=80G,node=1",jnfat07,gpu_computervision_long,0,20260510_2022_struct1_a3_clean_source_rl_l40s,false,2,0.0083333333
2616072,tunerl-struct1-a3-cleanstage2-adapteronly-h100,FAILED,1:0,2026-05-15T23:07:35,2026-05-15T23:07:35,2026-05-15T23:08:06,31,"billing=32,cpu=32,gres/gpu:h100=4,gres/gpu=4,gres/tmp=1073741824,mem=128G,node=1","billing=32,cpu=32,gres/gpu=4,gres/tmp=1073741824,mem=128G,node=1",jnultra01,h100,0,20260515_2307_struct1_a3_clean_stage2_adapteronly_blockpenalty_h100_rl,false,4,0.0344444444
2616075,tunerl-struct1-a3-cleanstage2-initadapter-h100,FAILED,1:0,2026-05-15T23:09:20,2026-05-15T23:09:20,2026-05-16T22:55:48,85588,"billing=32,cpu=32,gres/gpu:h100=4,gres/gpu=4,gres/tmp=1073741824,mem=128G,node=1","billing=32,cpu=32,gres/gpu=4,gres/tmp=1073741824,mem=128G,node=1",jnultra01,h100,0,20260515_2309_struct1_a3_clean_stage2_initadapter_blockpenalty_h100_rl,false,4,95.0977777778
2618173,tunerl-struct1-a3-blockcap-h100,FAILED,1:0,2026-05-16T23:32:52,2026-05-16T23:32:52,2026-05-17T08:38:11,32719,"billing=32,cpu=32,gres/gpu:h100=4,gres/gpu=4,gres/tmp=1073741824,mem=128G,node=1","billing=32,cpu=32,gres/gpu=4,gres/tmp=1073741824,mem=128G,node=1",jnultra01,h100,0,20260516_2332_struct1_a3_clean_stage2_blockcap_h100_rl,false,4,36.3544444444
2619429,tunerl-sft-a3-balancedcap-h100,FAILED,1:0,2026-05-17T20:32:14,2026-05-17T20:32:14,2026-05-18T19:39:54,83260,"billing=32,cpu=32,gres/gpu:h100=4,gres/gpu=4,gres/tmp=1073741824,mem=128G,node=1","billing=32,cpu=32,gres/gpu=4,gres/tmp=1073741824,mem=128G,node=1",jnultra01,h100,0,20260517_2032_struct1_a3_sft_stage2_balancedblockcap,false,4,92.5111111111
2621149,tunerl-sft-a3-balancedcap-h100-resume,FAILED,1:0,2026-05-18T19:35:29,2026-05-18T19:39:54,2026-05-18T19:40:16,22,"billing=32,cpu=32,gres/gpu:h100=4,gres/gpu=4,gres/tmp=1073741824,mem=128G,node=1","billing=32,cpu=32,gres/gpu=4,gres/tmp=1073741824,mem=128G,node=1",jnultra01,h100,0,20260517_2032_struct1_a3_sft_stage2_balancedblockcap,false,4,0.0244444444
2621153,tunerl-sft-a3-balancedcap-h100-resume2,TIMEOUT,0:0,2026-05-18T19:41:47,2026-05-18T19:41:47,2026-05-19T19:42:01,86414,"billing=32,cpu=32,gres/gpu:h100=4,gres/gpu=4,gres/tmp=1073741824,mem=128G,node=1","billing=32,cpu=32,gres/gpu=4,gres/tmp=1073741824,mem=128G,node=1",jnultra01,h100,0,20260517_2032_struct1_a3_sft_stage2_balancedblockcap,false,4,96.0155555556
2621339,fullbf16-sft-struct1,FAILED,1:0,2026-05-18T21:39:41,2026-05-18T21:39:41,2026-05-18T21:39:47,6,"billing=16,cpu=16,gres/gpu:h100=1,gres/gpu=1,gres/tmp=1073741824,mem=96G,node=1","billing=16,cpu=16,gres/gpu=1,gres/tmp=1073741824,mem=96G,node=1",jnultra01,h100,0,20260518_2145_struct1_fullbf16_sft,false,1,0.0016666667
2621340,fullbf16-sft-struct1,FAILED,1:0,2026-05-18T21:41:37,2026-05-18T21:41:37,2026-05-18T21:41:38,1,"billing=16,cpu=16,gres/gpu:h100=1,gres/gpu=1,gres/tmp=1073741824,mem=96G,node=1","billing=16,cpu=16,gres/gpu=1,gres/tmp=1073741824,mem=96G,node=1",jnultra01,h100,0,20260518_2145_struct1_fullbf16_sft,false,1,0.0002777778
2621342,fullbf16-sft-struct1,FAILED,0:15,2026-05-18T21:42:29,2026-05-18T21:42:29,2026-05-18T21:43:18,49,"billing=16,cpu=16,gres/gpu:h100=1,gres/gpu=1,gres/tmp=1073741824,mem=96G,node=1","billing=16,cpu=16,gres/gpu=1,gres/tmp=1073741824,mem=96G,node=1",jnultra01,h100,0,20260518_2145_struct1_fullbf16_sft,false,1,0.0136111111
2621343,fullbf16-sft-struct1,FAILED,0:15,2026-05-18T21:44:34,2026-05-18T21:44:34,2026-05-18T21:45:44,70,"billing=16,cpu=16,gres/gpu:h100=1,gres/gpu=1,gres/tmp=1073741824,mem=96G,node=1","billing=16,cpu=16,gres/gpu=1,gres/tmp=1073741824,mem=96G,node=1",jnultra01,h100,0,20260518_2145_struct1_fullbf16_sft,false,1,0.0194444444
2621348,fullbf16-sft-struct1,CANCELLED by 221940,0:0,2026-05-18T21:49:19,2026-05-18T21:49:19,2026-05-18T22:07:09,1070,"billing=16,cpu=16,gres/gpu:h100=1,gres/gpu=1,gres/tmp=1073741824,mem=96G,node=1","billing=16,cpu=16,gres/gpu=1,gres/tmp=1073741824,mem=96G,node=1",jnultra01,h100,0,20260518_2145_struct1_fullbf16_sft,false,1,0.2972222222
2621353,fullbf16-sft-std3,FAILED,1:0,2026-05-18T22:05:59,2026-05-18T22:05:59,2026-05-18T22:06:00,1,"billing=32,cpu=32,gres/gpu:l40=3,gres/gpu=3,gres/tmp=1073741824,mem=128G,node=1","billing=32,cpu=32,gres/gpu=3,gres/tmp=1073741824,mem=128G,node=1",jn015,standard,0,20260518_2210_struct1_fullbf16_sft_std3,false,3,0.0008333333
2621354,fullbf16-sft-std3,CANCELLED by 221940,0:0,2026-05-18T22:06:48,2026-05-18T22:06:48,2026-05-18T22:08:51,123,"billing=32,cpu=32,gres/gpu:l40=3,gres/gpu=3,gres/tmp=1073741824,mem=128G,node=1","billing=32,cpu=32,gres/gpu=3,gres/tmp=1073741824,mem=128G,node=1",jn015,standard,0,20260518_2215_struct1_fullbf16_sft_std3,false,3,0.1025000000
2621801,fullbf16-sft-fwdcontract,FAILED,0:15,2026-05-19T09:25:02,2026-05-19T09:25:02,2026-05-19T10:12:06,2824,"billing=32,cpu=32,gres/gpu:l40=3,gres/gpu=3,gres/tmp=1073741824,mem=128G,node=1","billing=32,cpu=32,gres/gpu=3,gres/tmp=1073741824,mem=128G,node=1",jn002,standard,0,20260519_0926_struct1_fullbf16_sft_forwardcontract,false,3,2.3533333333
2629496,sft-1pattern-aligned,FAILED,1:0,2026-05-20T16:33:17,2026-05-20T16:33:27,2026-05-20T16:33:43,16,"billing=16,cpu=16,gres/gpu:h100=3,gres/gpu=3,gres/tmp=1073741824,mem=160G,node=1","billing=16,cpu=16,gres/gpu=3,gres/tmp=1073741824,mem=160G,node=1",jnultra01,h100,0,20260520_1633_1pattern_aligned_sft,false,3,0.0133333333
2629497,sft-1pattern-aligned,OUT_OF_MEMORY,0:125,2026-05-20T16:34:48,2026-05-20T16:34:48,2026-05-20T19:52:11,11843,"billing=32,cpu=32,gres/gpu:h100=8,gres/gpu=8,gres/tmp=1073741824,mem=256G,node=1","billing=32,cpu=32,gres/gpu=8,gres/tmp=1073741824,mem=256G,node=1",jnultra01,h100,0,20260520_1634_1pattern_aligned_sft_h100x8,false,8,26.3177777778
2630128,sft-1pattern-aligned,FAILED,0:15,2026-05-20T19:59:23,2026-05-20T19:59:53,2026-05-20T20:07:56,483,"billing=32,cpu=32,gres/gpu:h100=8,gres/gpu=8,gres/tmp=1073741824,mem=256G,node=1","billing=32,cpu=32,gres/gpu=8,gres/tmp=1073741824,mem=256G,node=1",jnultra01,h100,0,20260520_1959_1pattern_aligned_sft_h100x8_fixdropout,false,8,1.0733333333
2630203,sft-1pattern-aligned,CANCELLED by 221940,0:0,2026-05-20T20:10:14,2026-05-20T20:10:44,2026-05-20T20:15:03,259,"billing=32,cpu=32,gres/gpu:h100=8,gres/gpu=8,gres/tmp=1073741824,mem=256G,node=1","billing=32,cpu=32,gres/gpu=8,gres/tmp=1073741824,mem=256G,node=1",jnultra01,h100,0,20260520_2010_1pattern_aligned_sft_h100x8_fixdropout_rebuiltdb,false,8,0.5755555556
2630206,sft-1pattern-aligned,FAILED,1:0,2026-05-20T20:15:03,2026-05-20T20:15:06,2026-05-20T20:15:17,11,"billing=32,cpu=32,gres/gpu:h100=8,gres/gpu=8,gres/tmp=1073741824,mem=256G,node=1","billing=32,cpu=32,gres/gpu=8,gres/tmp=1073741824,mem=256G,node=1",jnultra01,h100,0,20260520_2015_1pattern_aligned_sft_h100x8_fixdropout_rebuildinjob,false,8,0.0244444444
2630207,sft-1pattern-aligned,FAILED,1:0,2026-05-20T20:16:37,2026-05-20T20:17:07,2026-05-20T20:17:07,0,"billing=32,cpu=32,gres/gpu:h100=8,gres/gpu=8,gres/tmp=1073741824,mem=256G,node=1","billing=32,cpu=32,gres/gpu=8,gres/tmp=1073741824,mem=256G,node=1",jnultra01,h100,0,20260520_2016_1pattern_aligned_sft_h100x8_fixdropout_rebuild_ngptdb,false,8,0.0000000000
2630239,sft-1pattern-aligned,OUT_OF_MEMORY,0:125,2026-05-20T20:18:12,2026-05-20T20:18:16,2026-05-20T22:52:38,9262,"billing=32,cpu=32,gres/gpu:h100=8,gres/gpu=8,gres/tmp=1073741824,mem=256G,node=1","billing=32,cpu=32,gres/gpu=8,gres/tmp=1073741824,mem=256G,node=1",jnultra01,h100,0,20260520_2018_1pattern_aligned_sft_h100x8_fixdropout_rebuild_ngptdb2,false,8,20.5822222222
2630877,sft-1pattern-aligned,FAILED,0:15,2026-05-20T23:00:18,2026-05-20T23:00:48,2026-05-20T23:24:36,1428,"billing=32,cpu=32,gres/gpu:h100=8,gres/gpu=8,gres/tmp=1073741824,mem=256G,node=1","billing=32,cpu=32,gres/gpu=8,gres/tmp=1073741824,mem=256G,node=1",jnultra01,h100,0,20260520_2300_1pattern_aligned_sft_h100x8_no_feature_to_image_prompt,false,8,3.1733333333
2630960,sft-1pattern-aligned,COMPLETED,0:0,2026-05-20T23:24:35,2026-05-20T23:24:36,2026-05-21T11:24:59,43223,"billing=32,cpu=32,gres/gpu:h100=8,gres/gpu=8,gres/tmp=1073741824,mem=256G,node=1","billing=32,cpu=32,gres/gpu=8,gres/tmp=1073741824,mem=256G,node=1",jnultra01,h100,0,20260520_2324_1pattern_aligned_sft_h100x8_nofti_rebuilddb,false,8,96.0511111111
2631503,sft-plot-1pattern-current,COMPLETED,0:0,2026-05-21T08:55:41,2026-05-21T08:55:41,2026-05-21T08:55:43,2,"billing=2,cpu=2,gres/tmp=1073741824,mem=4G,node=1","billing=1,cpu=1,gres/tmp=1073741824,mem=2G,node=1",jn001,small_cpu,0,20260520_2324_1pattern_aligned_sft_h100x8_nofti_rebuilddb,false,,
2633169,sft-plot-1pattern-final,COMPLETED,0:0,2026-05-21T12:59:44,2026-05-21T12:59:44,2026-05-21T12:59:47,3,"billing=2,cpu=2,gres/tmp=1073741824,mem=4G,node=1","billing=1,cpu=1,gres/tmp=1073741824,mem=2G,node=1",jn001,small_cpu,0,20260520_2324_1pattern_aligned_sft_h100x8_nofti_rebuilddb,false,,
2633363,tunerl-1pattern_a7_aligned_stage2_rl_g4,FAILED,1:0,2026-05-21T15:58:40,2026-05-21T15:59:21,2026-05-21T19:53:35,14054,"billing=32,cpu=32,gres/gpu:h100=4,gres/gpu=4,gres/tmp=1073741824,mem=160G,node=1","billing=32,cpu=32,gres/gpu=4,gres/tmp=1073741824,mem=160G,node=1",jnultra01,h100,0,20260521_1558_1pattern_a7_aligned_stage2_rl_g4,false,4,15.6155555556
2633695,tunerl-1pattern_a7_aligned_stage2_rl_g4,FAILED,1:0,2026-05-21T20:48:26,2026-05-21T20:48:26,2026-05-21T20:48:52,26,"billing=32,cpu=32,gres/gpu:h100=4,gres/gpu=4,gres/tmp=1073741824,mem=160G,node=1","billing=32,cpu=32,gres/gpu=4,gres/tmp=1073741824,mem=160G,node=1",jnultra01,h100,0,20260521_1558_1pattern_a7_aligned_stage2_rl_g4,false,4,0.0288888889
2633698,tunerl-1pattern_a7_aligned_stage2_rl_g4,FAILED,1:0,2026-05-21T20:49:43,2026-05-21T20:49:43,2026-05-22T14:42:24,64361,"billing=32,cpu=32,gres/gpu:h100=4,gres/gpu=4,gres/tmp=1073741824,mem=160G,node=1","billing=32,cpu=32,gres/gpu=4,gres/tmp=1073741824,mem=160G,node=1",jnultra01,h100,0,20260521_1558_1pattern_a7_aligned_stage2_rl_g4,false,4,71.5122222222
2636168,tunerl-1pattern_a7_stage2_rl_compactness_ckpt95,FAILED,1:0,2026-05-22T14:49:20,2026-05-22T14:49:20,2026-05-22T16:31:10,6110,"billing=32,cpu=32,gres/gpu:h100=4,gres/gpu=4,gres/tmp=1073741824,mem=160G,node=1","billing=32,cpu=32,gres/gpu=4,gres/tmp=1073741824,mem=160G,node=1",jnultra01,h100,0,20260522_1448_1pattern_a7_stage2_rl_compactness_ckpt95,false,4,6.7888888889
2647130,struct1-v2-sft-data,FAILED,1:0,2026-05-27T13:23:30,2026-05-27T13:23:30,2026-05-27T13:44:30,1260,"billing=32,cpu=32,gres/gpu:h100=4,gres/gpu=4,gres/tmp=1073741824,mem=160G,node=1","billing=32,cpu=32,gres/gpu=4,gres/tmp=1073741824,mem=160G,node=1",jnultra02,h100,0,20260527_1323_struct1_v2_sftcycle_h100x4_data,false,4,1.4000000000
2647132,a3-dd52-ckpt130-full,CANCELLED by 221940,0:0,2026-05-27T13:26:12,2026-05-27T13:26:12,2026-05-27T14:29:12,3780,"billing=16,cpu=16,gres/gpu:h100=4,gres/gpu=4,gres/tmp=1073741824,mem=80G,node=1","billing=16,cpu=16,gres/gpu=4,gres/tmp=1073741824,mem=80G,node=1",jnultra02,h100,0,20260527_a3_dd52_ckpt130_eval1_s300_full,false,4,4.2000000000
2647220,a3-dd52-ckpt130-full,CANCELLED by 221940,0:0,2026-05-27T14:29:18,2026-05-27T14:29:19,2026-05-27T15:30:05,3646,"billing=16,cpu=16,gres/gpu:h100=4,gres/gpu=4,gres/tmp=1073741824,mem=80G,node=1","billing=16,cpu=16,gres/gpu=4,gres/tmp=1073741824,mem=80G,node=1",jnultra02,h100,0,20260527_a3_dd52_ckpt130_eval1_s300_full,false,4,4.0511111111
2647276,a3-dd52-ckpt130-full,FAILED,1:0,2026-05-27T15:31:53,2026-05-27T15:31:55,2026-05-27T15:31:56,1,"billing=16,cpu=16,gres/gpu:h100=4,gres/gpu=4,gres/tmp=1073741824,mem=80G,node=1","billing=16,cpu=16,gres/gpu=4,gres/tmp=1073741824,mem=80G,node=1",jnultra02,h100,0,20260527_a3_dd52_ckpt130_eval1_s300_full,false,4,0.0011111111
2647278,a3-dd52-ckpt130-full,COMPLETED,0:0,2026-05-27T15:32:51,2026-05-27T15:32:51,2026-05-27T21:26:17,21206,"billing=16,cpu=16,gres/gpu:h100=4,gres/gpu=4,gres/tmp=1073741824,mem=80G,node=1","billing=16,cpu=16,gres/gpu=4,gres/tmp=1073741824,mem=80G,node=1",jnultra02,h100,0,20260527_a3_dd52_ckpt130_eval1_s300_full,false,4,23.5622222222
2662118,rl-c10-dscoder-a9,FAILED,1:0,2026-06-02T15:00:37,2026-06-02T15:00:37,2026-06-02T15:01:05,28,"billing=32,cpu=32,gres/gpu:h100=4,gres/gpu=4,gres/tmp=1073741824,mem=160G,node=1","billing=32,cpu=32,gres/gpu=4,gres/tmp=1073741824,mem=160G,node=1",jnultra02,h100,0,20260602_1pattern_rl_cifar10_dscoder_a9_s1000_h100g4,false,4,0.0311111111
2662120,rl-c10-mistral-a5,FAILED,1:0,2026-06-02T15:00:38,2026-06-02T15:00:40,2026-06-02T15:01:07,27,"billing=32,cpu=32,gres/gpu:h100=4,gres/gpu=4,gres/tmp=1073741824,mem=160G,node=1","billing=32,cpu=32,gres/gpu=4,gres/tmp=1073741824,mem=160G,node=1",jnultra02,h100,0,20260602_1pattern_rl_cifar10_mistral_a5_s1000_h100g4,false,4,0.0300000000
2662122,rl-c10-qwen-a7,FAILED,1:0,2026-06-02T15:00:38,2026-06-02T15:01:05,2026-06-02T15:01:22,17,"billing=32,cpu=32,gres/gpu:h100=4,gres/gpu=4,gres/tmp=1073741824,mem=160G,node=1","billing=32,cpu=32,gres/gpu=4,gres/tmp=1073741824,mem=160G,node=1",jnultra02,h100,0,20260602_1pattern_rl_cifar10_qwen_a7_s1000_h100g4,false,4,0.0188888889
2662131,rl-c10-dscoder-a9-r2,COMPLETED,0:0,2026-06-02T15:06:39,2026-06-02T15:06:39,2026-06-02T22:18:56,25937,"billing=32,cpu=32,gres/gpu:h100=4,gres/gpu=4,gres/tmp=1073741824,mem=160G,node=1","billing=32,cpu=32,gres/gpu=4,gres/tmp=1073741824,mem=160G,node=1",jnultra02,h100,0,20260602_1pattern_rl_cifar10_dscoder_a9_s1000_retrydb_h100g4,false,4,28.8188888889
2662133,rl-c10-mistral-a5-r2,COMPLETED,0:0,2026-06-02T15:06:40,2026-06-02T15:06:42,2026-06-03T00:13:43,32821,"billing=32,cpu=32,gres/gpu:h100=4,gres/gpu=4,gres/tmp=1073741824,mem=160G,node=1","billing=32,cpu=32,gres/gpu=4,gres/tmp=1073741824,mem=160G,node=1",jnultra02,h100,0,20260602_1pattern_rl_cifar10_mistral_a5_s1000_retrydb_h100g4,false,4,36.4677777778
2662139,rl-c10-qwen-a7-l40s,COMPLETED,0:0,2026-06-02T15:08:01,2026-06-02T15:08:01,2026-06-02T22:34:47,26806,"billing=32,cpu=32,gres/gpu:l40s=4,gres/gpu=4,gres/tmp=1073741824,mem=160G,node=1","billing=32,cpu=32,gres/gpu=4,gres/tmp=1073741824,mem=160G,node=1",jnfat04,gpu_computervision_long,0,20260602_1pattern_rl_cifar10_qwen_a7_s1000_retrydb_l40s4,false,4,29.7844444444
2662345,rl-c100-dscoder-a9-l40s,FAILED,1:0,2026-06-02T17:10:39,2026-06-02T17:10:40,2026-06-02T22:15:03,18263,"billing=32,cpu=32,gres/gpu:l40s=4,gres/gpu=4,gres/tmp=1073741824,mem=160G,node=1","billing=32,cpu=32,gres/gpu=4,gres/tmp=1073741824,mem=160G,node=1",jnfat04,gpu_computervision_long,0,20260602_1pattern_rl_cifar100_dscoder_a9_s1000_l40s4,false,4,20.2922222222
2662520,rl-c100-mistral-a5-l40s,FAILED,1:0,2026-06-02T19:55:02,2026-06-02T19:55:02,2026-06-02T22:15:09,8407,"billing=32,cpu=32,gres/gpu:l40s=4,gres/gpu=4,gres/tmp=1073741824,mem=160G,node=1","billing=32,cpu=32,gres/gpu=4,gres/tmp=1073741824,mem=160G,node=1",jnfat06,gpu_computervision_long,0,20260602_1pattern_rl_cifar100_mistral_a5_s1000_l40s4,false,4,9.3411111111
2662522,rl-c100-qwen-a7-l40s,FAILED,1:0,2026-06-02T19:55:02,2026-06-02T19:55:03,2026-06-02T22:15:07,8404,"billing=32,cpu=32,gres/gpu:l40s=4,gres/gpu=4,gres/tmp=1073741824,mem=160G,node=1","billing=32,cpu=32,gres/gpu=4,gres/tmp=1073741824,mem=160G,node=1",jnfat06,gpu_computervision_long,0,20260602_1pattern_rl_cifar100_qwen_a7_s1000_l40s4,false,4,9.3377777778
2662524,rl-imgnet-dscoder-a9-l40s,FAILED,1:0,2026-06-02T19:55:02,2026-06-02T19:55:03,2026-06-02T22:15:07,8404,"billing=32,cpu=32,gres/gpu:l40s=4,gres/gpu=4,gres/tmp=1073741824,mem=160G,node=1","billing=32,cpu=32,gres/gpu=4,gres/tmp=1073741824,mem=160G,node=1",jnfat07,gpu_computervision_long,0,20260602_1pattern_rl_imagenette_dscoder_a9_s1000_l40s4,false,4,9.3377777778
2662526,rl-imgnet-mistral-a5-l40s,FAILED,1:0,2026-06-02T19:55:02,2026-06-02T19:55:03,2026-06-02T22:15:05,8402,"billing=32,cpu=32,gres/gpu:l40s=4,gres/gpu=4,gres/tmp=1073741824,mem=160G,node=1","billing=32,cpu=32,gres/gpu=4,gres/tmp=1073741824,mem=160G,node=1",jnfat07,gpu_computervision_long,0,20260602_1pattern_rl_imagenette_mistral_a5_s1000_l40s4,false,4,9.3355555556
2662620,rl-c100-dscoder-a9-l40s-w1,FAILED,1:0,2026-06-02T22:15:52,2026-06-02T22:15:52,2026-06-02T22:16:02,10,"billing=32,cpu=32,gres/gpu:l40s=4,gres/gpu=4,gres/tmp=1073741824,mem=160G,node=1","billing=32,cpu=32,gres/gpu=4,gres/tmp=1073741824,mem=160G,node=1",jnfat04,gpu_computervision_long,0,20260602_1pattern_rl_cifar100_dscoder_a9_s1000_l40s4,false,4,0.0111111111
2662622,rl-c100-mistral-a5-l40s-w1,FAILED,1:0,2026-06-02T22:15:52,2026-06-02T22:15:52,2026-06-02T22:16:01,9,"billing=32,cpu=32,gres/gpu:l40s=4,gres/gpu=4,gres/tmp=1073741824,mem=160G,node=1","billing=32,cpu=32,gres/gpu=4,gres/tmp=1073741824,mem=160G,node=1",jnfat06,gpu_computervision_long,0,20260602_1pattern_rl_cifar100_mistral_a5_s1000_l40s4,false,4,0.0100000000
2662624,rl-c100-qwen-a7-l40s-w1,FAILED,1:0,2026-06-02T22:15:52,2026-06-02T22:15:52,2026-06-02T22:16:01,9,"billing=32,cpu=32,gres/gpu:l40s=4,gres/gpu=4,gres/tmp=1073741824,mem=160G,node=1","billing=32,cpu=32,gres/gpu=4,gres/tmp=1073741824,mem=160G,node=1",jnfat06,gpu_computervision_long,0,20260602_1pattern_rl_cifar100_qwen_a7_s1000_l40s4,false,4,0.0100000000
2662626,rl-imgnet-dscoder-a9-l40s-w1,FAILED,1:0,2026-06-02T22:15:52,2026-06-02T22:15:52,2026-06-02T22:16:02,10,"billing=32,cpu=32,gres/gpu:l40s=4,gres/gpu=4,gres/tmp=1073741824,mem=160G,node=1","billing=32,cpu=32,gres/gpu=4,gres/tmp=1073741824,mem=160G,node=1",jnfat07,gpu_computervision_long,0,20260602_1pattern_rl_imagenette_dscoder_a9_s1000_l40s4,false,4,0.0111111111
2662628,rl-imgnet-mistral-a5-l40s-w1,FAILED,1:0,2026-06-02T22:15:52,2026-06-02T22:15:52,2026-06-02T22:16:01,9,"billing=32,cpu=32,gres/gpu:l40s=4,gres/gpu=4,gres/tmp=1073741824,mem=160G,node=1","billing=32,cpu=32,gres/gpu=4,gres/tmp=1073741824,mem=160G,node=1",jnfat07,gpu_computervision_long,0,20260602_1pattern_rl_imagenette_mistral_a5_s1000_l40s4,false,4,0.0100000000
2662633,rl-c100-dscoder-a9-l40s-w1r2,FAILED,1:0,2026-06-02T22:17:23,2026-06-02T22:17:23,2026-06-02T22:17:40,17,"billing=32,cpu=32,gres/gpu:l40s=4,gres/gpu=4,gres/tmp=1073741824,mem=160G,node=1","billing=32,cpu=32,gres/gpu=4,gres/tmp=1073741824,mem=160G,node=1",jnfat04,gpu_computervision_long,0,20260602_1pattern_rl_cifar100_dscoder_a9_s1000_l40s4,false,4,0.0188888889
2662635,rl-c100-mistral-a5-l40s-w1r2,FAILED,1:0,2026-06-02T22:17:23,2026-06-02T22:17:23,2026-06-02T22:17:40,17,"billing=32,cpu=32,gres/gpu:l40s=4,gres/gpu=4,gres/tmp=1073741824,mem=160G,node=1","billing=32,cpu=32,gres/gpu=4,gres/tmp=1073741824,mem=160G,node=1",jnfat06,gpu_computervision_long,0,20260602_1pattern_rl_cifar100_mistral_a5_s1000_l40s4,false,4,0.0188888889
2662637,rl-c100-qwen-a7-l40s-w1r2,FAILED,1:0,2026-06-02T22:17:23,2026-06-02T22:17:23,2026-06-02T22:17:39,16,"billing=32,cpu=32,gres/gpu:l40s=4,gres/gpu=4,gres/tmp=1073741824,mem=160G,node=1","billing=32,cpu=32,gres/gpu=4,gres/tmp=1073741824,mem=160G,node=1",jnfat06,gpu_computervision_long,0,20260602_1pattern_rl_cifar100_qwen_a7_s1000_l40s4,false,4,0.0177777778
2662639,rl-imgnet-dscoder-a9-l40s-w1r2,FAILED,1:0,2026-06-02T22:17:24,2026-06-02T22:17:26,2026-06-02T22:17:42,16,"billing=32,cpu=32,gres/gpu:l40s=4,gres/gpu=4,gres/tmp=1073741824,mem=160G,node=1","billing=32,cpu=32,gres/gpu=4,gres/tmp=1073741824,mem=160G,node=1",jnfat07,gpu_computervision_long,0,20260602_1pattern_rl_imagenette_dscoder_a9_s1000_l40s4,false,4,0.0177777778
2662641,rl-imgnet-mistral-a5-l40s-w1r2,FAILED,1:0,2026-06-02T22:17:24,2026-06-02T22:17:26,2026-06-02T22:17:42,16,"billing=32,cpu=32,gres/gpu:l40s=4,gres/gpu=4,gres/tmp=1073741824,mem=160G,node=1","billing=32,cpu=32,gres/gpu=4,gres/tmp=1073741824,mem=160G,node=1",jnfat07,gpu_computervision_long,0,20260602_1pattern_rl_imagenette_mistral_a5_s1000_l40s4,false,4,0.0177777778
2662645,rl-c100-dscoder-a9-freshw1,COMPLETED,0:0,2026-06-02T22:21:32,2026-06-02T22:21:32,2026-06-03T09:30:16,40124,"billing=32,cpu=32,gres/gpu:l40s=4,gres/gpu=4,gres/tmp=1073741824,mem=160G,node=1","billing=32,cpu=32,gres/gpu=4,gres/tmp=1073741824,mem=160G,node=1",jnfat04,gpu_computervision_long,0,20260602_1pattern_rl_cifar100_dscoder_a9_s1000_freshw1_l40s4,false,4,44.5822222222
2662647,rl-c100-mistral-a5-freshw1,COMPLETED,0:0,2026-06-02T22:21:32,2026-06-02T22:21:32,2026-06-03T08:24:25,36173,"billing=32,cpu=32,gres/gpu:l40s=4,gres/gpu=4,gres/tmp=1073741824,mem=160G,node=1","billing=32,cpu=32,gres/gpu=4,gres/tmp=1073741824,mem=160G,node=1",jnfat06,gpu_computervision_long,0,20260602_1pattern_rl_cifar100_mistral_a5_s1000_freshw1_l40s4,false,4,40.1922222222
2662649,rl-c100-qwen-a7-freshw1,COMPLETED,0:0,2026-06-02T22:21:32,2026-06-02T22:21:32,2026-06-03T09:11:39,39007,"billing=32,cpu=32,gres/gpu:l40s=4,gres/gpu=4,gres/tmp=1073741824,mem=160G,node=1","billing=32,cpu=32,gres/gpu=4,gres/tmp=1073741824,mem=160G,node=1",jnfat06,gpu_computervision_long,0,20260602_1pattern_rl_cifar100_qwen_a7_s1000_freshw1_l40s4,false,4,43.3411111111
2662651,rl-imgnet-dscoder-a9-freshw1,FAILED,1:0,2026-06-02T22:21:32,2026-06-02T22:21:32,2026-06-03T05:02:19,24047,"billing=32,cpu=32,gres/gpu:l40s=4,gres/gpu=4,gres/tmp=1073741824,mem=160G,node=1","billing=32,cpu=32,gres/gpu=4,gres/tmp=1073741824,mem=160G,node=1",jnfat07,gpu_computervision_long,0,20260602_1pattern_rl_imagenette_dscoder_a9_s1000_freshw1_l40s4,false,4,26.7188888889
2662653,rl-imgnet-mistral-a5-freshw1,COMPLETED,0:0,2026-06-02T22:21:33,2026-06-02T22:21:35,2026-06-03T08:52:13,37838,"billing=32,cpu=32,gres/gpu:l40s=4,gres/gpu=4,gres/tmp=1073741824,mem=160G,node=1","billing=32,cpu=32,gres/gpu=4,gres/tmp=1073741824,mem=160G,node=1",jnfat07,gpu_computervision_long,0,20260602_1pattern_rl_imagenette_mistral_a5_s1000_freshw1_l40s4,false,4,42.0422222222
2662658,rl-imgnet-qwen-a7-standardg3,COMPLETED,0:0,2026-06-02T22:27:37,2026-06-02T22:27:42,2026-06-03T09:50:25,40963,"billing=32,cpu=32,gres/gpu:l40=3,gres/gpu=3,gres/tmp=1073741824,mem=160G,node=1","billing=32,cpu=32,gres/gpu=3,gres/tmp=1073741824,mem=160G,node=1",jn102,standard,0,20260602_1pattern_rl_imagenette_qwen_a7_s1000_freshw1_standardg3,false,3,34.1358333333
2663277,rl-imgnet-dscoder-a9-excltrain,CANCELLED by 221940,0:0,2026-06-03T08:54:10,2026-06-03T08:54:10,2026-06-03T08:58:17,247,"billing=32,cpu=32,gres/gpu:l40s=4,gres/gpu=4,gres/tmp=1073741824,mem=160G,node=1","billing=32,cpu=32,gres/gpu=4,gres/tmp=1073741824,mem=160G,node=1",jnfat05,gpu_computervision_long,0,20260603_1pattern_rl_imagenette_dscoder_a9_s1000_freshw1_excltrain_l40s4,false,4,0.2744444444
2663291,rl-imgnet-dscoder-a9-h100-excl,COMPLETED,0:0,2026-06-03T08:58:17,2026-06-03T08:58:20,2026-06-03T20:48:34,42614,"billing=32,cpu=32,gres/gpu:h100=4,gres/gpu=4,gres/tmp=1073741824,mem=160G,node=1","billing=32,cpu=32,gres/gpu=4,gres/tmp=1073741824,mem=160G,node=1",jnultra02,h100,0,20260603_1pattern_rl_imagenette_dscoder_a9_s1000_freshw1_excltrain_h100g4,false,4,47.3488888889
2664407,rl-c10-qwen-a7-trainvaltest,FAILED,1:0,2026-06-04T00:30:37,2026-06-04T00:30:39,2026-06-04T00:31:13,34,"billing=16,cpu=16,gres/gpu:l40s=4,gres/gpu=4,gres/tmp=1073741824,mem=80G,node=1","billing=16,cpu=16,gres/gpu=4,gres/tmp=1073741824,mem=80G,node=1",jnfat06,gpu_computervision_long,0,20260603_1pattern_rl_cifar10_qwen_a7_s1000_trainvaltest_l40s4,false,4,0.0377777778
2664409,rl-c100-dscoder-a9-trainvaltest,FAILED,1:0,2026-06-04T00:30:37,2026-06-04T00:30:39,2026-06-04T00:31:13,34,"billing=16,cpu=16,gres/gpu:l40s=4,gres/gpu=4,gres/tmp=1073741824,mem=80G,node=1","billing=16,cpu=16,gres/gpu=4,gres/tmp=1073741824,mem=80G,node=1",jnfat06,gpu_computervision_long,0,20260603_1pattern_rl_cifar100_dscoder_a9_s1000_trainvaltest_l40s4,false,4,0.0377777778
2664411,rl-c100-mistral-a5-trainvaltest,FAILED,1:0,2026-06-04T00:30:37,2026-06-04T00:31:13,2026-06-04T00:31:27,14,"billing=16,cpu=16,gres/gpu:l40s=4,gres/gpu=4,gres/tmp=1073741824,mem=80G,node=1","billing=16,cpu=16,gres/gpu=4,gres/tmp=1073741824,mem=80G,node=1",jnfat06,gpu_computervision_long,0,20260603_1pattern_rl_cifar100_mistral_a5_s1000_trainvaltest_l40s4,false,4,0.0155555556
2664413,rl-c100-qwen-a7-trainvaltest,FAILED,1:0,2026-06-04T00:30:37,2026-06-04T00:31:13,2026-06-04T00:31:28,15,"billing=16,cpu=16,gres/gpu:l40s=4,gres/gpu=4,gres/tmp=1073741824,mem=80G,node=1","billing=16,cpu=16,gres/gpu=4,gres/tmp=1073741824,mem=80G,node=1",jnfat06,gpu_computervision_long,0,20260603_1pattern_rl_cifar100_qwen_a7_s1000_trainvaltest_l40s4,false,4,0.0166666667
2664417,rl-imgnet-mistral-a5-trainvaltest,FAILED,1:0,2026-06-04T00:30:38,2026-06-04T00:31:27,2026-06-04T00:31:42,15,"billing=16,cpu=16,gres/gpu:l40s=4,gres/gpu=4,gres/tmp=1073741824,mem=80G,node=1","billing=16,cpu=16,gres/gpu=4,gres/tmp=1073741824,mem=80G,node=1",jnfat06,gpu_computervision_long,0,20260603_1pattern_rl_imagenette_mistral_a5_s1000_trainvaltest_l40s4,false,4,0.0166666667
2664419,rl-imgnet-qwen-a7-trainvaltest,FAILED,1:0,2026-06-04T00:30:38,2026-06-04T00:30:59,2026-06-04T00:31:44,45,"billing=16,cpu=16,gres/gpu:l40=3,gres/gpu=3,gres/tmp=1073741824,mem=80G,node=1","billing=16,cpu=16,gres/gpu=3,gres/tmp=1073741824,mem=80G,node=1",jn101,standard,0,20260603_1pattern_rl_imagenette_qwen_a7_s1000_trainvaltest_standardg3,false,3,0.0375000000
2664421,rl-c10-dscoder-a9-l40s4,FAILED,1:0,2026-06-04T00:32:19,2026-06-04T00:32:21,2026-06-04T00:32:36,15,"billing=16,cpu=16,gres/gpu:l40s=4,gres/gpu=4,gres/tmp=1073741824,mem=80G,node=1","billing=16,cpu=16,gres/gpu=4,gres/tmp=1073741824,mem=80G,node=1",jnfat06,gpu_computervision_long,0,20260603_1pattern_rl_cifar10_dscoder_a9_s1000_trainvaltest_l40s4,false,4,0.0166666667
2664423,rl-c10-mistral-a5-l40s4,FAILED,1:0,2026-06-04T00:32:20,2026-06-04T00:32:21,2026-06-04T00:32:35,14,"billing=16,cpu=16,gres/gpu:l40s=4,gres/gpu=4,gres/tmp=1073741824,mem=80G,node=1","billing=16,cpu=16,gres/gpu=4,gres/tmp=1073741824,mem=80G,node=1",jnfat06,gpu_computervision_long,0,20260603_1pattern_rl_cifar10_mistral_a5_s1000_trainvaltest_l40s4,false,4,0.0155555556
2664425,rl-imgnet-dscoder-a9-l40s4,FAILED,1:0,2026-06-04T00:32:20,2026-06-04T00:32:35,2026-06-04T00:32:49,14,"billing=16,cpu=16,gres/gpu:l40s=4,gres/gpu=4,gres/tmp=1073741824,mem=80G,node=1","billing=16,cpu=16,gres/gpu=4,gres/tmp=1073741824,mem=80G,node=1",jnfat06,gpu_computervision_long,0,20260603_1pattern_rl_imagenette_dscoder_a9_s1000_trainvaltest_l40s4,false,4,0.0155555556
2664428,rl-c10-dscoder-a9-l40s4-tk,FAILED,1:0,2026-06-04T00:36:03,2026-06-04T00:36:03,2026-06-04T01:22:12,2769,"billing=16,cpu=16,gres/gpu:l40s=4,gres/gpu=4,gres/tmp=1073741824,mem=80G,node=1","billing=16,cpu=16,gres/gpu=4,gres/tmp=1073741824,mem=80G,node=1",jnfat06,gpu_computervision_long,0,20260603_1pattern_rl_cifar10_dscoder_a9_s1000_trainvaltest_l40s4_tk,false,4,3.0766666667
2664430,rl-c10-mistral-a5-l40s4-tk,CANCELLED by 221940,0:0,2026-06-04T00:36:03,2026-06-04T00:36:03,2026-06-04T01:22:43,2800,"billing=16,cpu=16,gres/gpu:l40s=4,gres/gpu=4,gres/tmp=1073741824,mem=80G,node=1","billing=16,cpu=16,gres/gpu=4,gres/tmp=1073741824,mem=80G,node=1",jnfat06,gpu_computervision_long,0,20260603_1pattern_rl_cifar10_mistral_a5_s1000_trainvaltest_l40s4_tk,false,4,3.1111111111
2664444,rl-imgnet-qwen-a7-standardg3-tk,CANCELLED by 221940,0:0,2026-06-04T00:36:04,2026-06-04T00:36:29,2026-06-04T01:22:44,2775,"billing=16,cpu=16,gres/gpu:l40=3,gres/gpu=3,gres/tmp=1073741824,mem=80G,node=1","billing=16,cpu=16,gres/gpu=3,gres/tmp=1073741824,mem=80G,node=1",jn101,standard,0,20260603_1pattern_rl_imagenette_qwen_a7_s1000_trainvaltest_standardg3_tk,false,3,2.3125000000
2664459,rl-c10-qwen-a7-standardg3-tk,CANCELLED by 221940,0:0,2026-06-04T00:41:03,2026-06-04T00:41:29,2026-06-04T01:22:43,2474,"billing=16,cpu=16,gres/gpu:l40=3,gres/gpu=3,gres/tmp=1073741824,mem=80G,node=1","billing=16,cpu=16,gres/gpu=3,gres/tmp=1073741824,mem=80G,node=1",jn117,standard,0,20260603_1pattern_rl_cifar10_qwen_a7_s1000_trainvaltest_standardg3_tk,false,3,2.0616666667
2664461,rl-c100-dscoder-a9-standardg3-tk,CANCELLED by 221940,0:0,2026-06-04T00:41:03,2026-06-04T00:41:29,2026-06-04T01:22:43,2474,"billing=16,cpu=16,gres/gpu:l40=3,gres/gpu=3,gres/tmp=1073741824,mem=80G,node=1","billing=16,cpu=16,gres/gpu=3,gres/tmp=1073741824,mem=80G,node=1",jn120,standard,0,20260603_1pattern_rl_cifar100_dscoder_a9_s1000_trainvaltest_standardg3_tk,false,3,2.0616666667
2664463,rl-c100-mistral-a5-standardg3-tk,FAILED,1:0,2026-06-04T00:41:04,2026-06-04T00:41:29,2026-06-04T01:22:19,2450,"billing=16,cpu=16,gres/gpu:l40=3,gres/gpu=3,gres/tmp=1073741824,mem=80G,node=1","billing=16,cpu=16,gres/gpu=3,gres/tmp=1073741824,mem=80G,node=1",jn113,standard,0,20260603_1pattern_rl_cifar100_mistral_a5_s1000_trainvaltest_standardg3_tk,false,3,2.0416666667
2664465,rl-c100-qwen-a7-standardg3-tk,CANCELLED by 221940,0:0,2026-06-04T00:41:04,2026-06-04T00:41:29,2026-06-04T01:22:43,2474,"billing=16,cpu=16,gres/gpu:l40=3,gres/gpu=3,gres/tmp=1073741824,mem=80G,node=1","billing=16,cpu=16,gres/gpu=3,gres/tmp=1073741824,mem=80G,node=1",jn114,standard,0,20260603_1pattern_rl_cifar100_qwen_a7_s1000_trainvaltest_standardg3_tk,false,3,2.0616666667
2664467,rl-imgnet-dscoder-a9-standardg3-tk,CANCELLED by 221940,0:0,2026-06-04T00:41:04,2026-06-04T00:41:29,2026-06-04T01:22:43,2474,"billing=16,cpu=16,gres/gpu:l40=3,gres/gpu=3,gres/tmp=1073741824,mem=80G,node=1","billing=16,cpu=16,gres/gpu=3,gres/tmp=1073741824,mem=80G,node=1",jn103,standard,0,20260603_1pattern_rl_imagenette_dscoder_a9_s1000_trainvaltest_standardg3_tk,false,3,2.0616666667
2664469,rl-imgnet-mistral-a5-standardg3-tk,CANCELLED by 221940,0:0,2026-06-04T00:41:04,2026-06-04T00:41:29,2026-06-04T01:22:44,2475,"billing=16,cpu=16,gres/gpu:l40=3,gres/gpu=3,gres/tmp=1073741824,mem=80G,node=1","billing=16,cpu=16,gres/gpu=3,gres/tmp=1073741824,mem=80G,node=1",jn104,standard,0,20260603_1pattern_rl_imagenette_mistral_a5_s1000_trainvaltest_standardg3_tk,false,3,2.0625000000
2665704,tunerl-rl_dscoder_cifar_10_gcvl,FAILED,1:0,2026-06-04T17:40:21,2026-06-04T17:40:22,2026-06-04T17:57:14,1012,"billing=16,cpu=16,gres/gpu:l40s=4,gres/gpu=4,gres/tmp=1073741824,mem=80G,node=1","billing=16,cpu=16,gres/gpu=4,gres/tmp=1073741824,mem=80G,node=1",jnfat07,gpu_computervision_long,0,20260604_1740_rl_dscoder_cifar_10_gcvl,false,4,1.1244444444
2665706,tunerl-rl_dscoder_cifar_100_gcvl,CANCELLED by 221940,0:0,2026-06-04T17:40:22,None,2026-06-04T17:46:42,0,,"billing=16,cpu=16,gres/gpu=4,gres/tmp=1073741824,mem=80G,node=1",None assigned,gpu_computervision_long,0,20260604_1740_rl_dscoder_cifar_100_gcvl,false,,
2665708,tunerl-rl_dscoder_imagenette_gcvl,CANCELLED by 221940,0:0,2026-06-04T17:40:22,None,2026-06-04T17:46:41,0,,"billing=16,cpu=16,gres/gpu=4,gres/tmp=1073741824,mem=80G,node=1",None assigned,gpu_computervision_long,0,20260604_1740_rl_dscoder_imagenette_gcvl,false,,
2665710,tunerl-rl_mistral_cifar_10_gcvl,CANCELLED by 221940,0:0,2026-06-04T17:40:22,None,2026-06-04T17:48:37,0,,"billing=16,cpu=16,gres/gpu=4,gres/tmp=1073741824,mem=80G,node=1",None assigned,gpu_computervision_long,0,20260604_1740_rl_mistral_cifar_10_gcvl,false,,
2665712,tunerl-rl_mistral_cifar_100_gcvl,CANCELLED by 221940,0:0,2026-06-04T17:40:22,None,2026-06-04T17:48:37,0,,"billing=16,cpu=16,gres/gpu=4,gres/tmp=1073741824,mem=80G,node=1",None assigned,gpu_computervision_long,0,20260604_1740_rl_mistral_cifar_100_gcvl,false,,
2665714,tunerl-rl_mistral_imagenette_gcvl,CANCELLED by 221940,0:0,2026-06-04T17:40:22,None,2026-06-04T17:48:38,0,,"billing=16,cpu=16,gres/gpu=4,gres/tmp=1073741824,mem=80G,node=1",None assigned,gpu_computervision_long,0,20260604_1740_rl_mistral_imagenette_gcvl,false,,
2665716,tunerl-rl_qwen_cifar_10_gcvl,CANCELLED by 221940,0:0,2026-06-04T17:40:22,None,2026-06-04T17:48:38,0,,"billing=16,cpu=16,gres/gpu=4,gres/tmp=1073741824,mem=80G,node=1",None assigned,gpu_computervision_long,0,20260604_1740_rl_qwen_cifar_10_gcvl,false,,
2665718,tunerl-rl_qwen_cifar_100_gcvl,CANCELLED by 221940,0:0,2026-06-04T17:40:23,None,2026-06-04T17:48:37,0,,"billing=16,cpu=16,gres/gpu=4,gres/tmp=1073741824,mem=80G,node=1",None assigned,gpu_computervision_long,0,20260604_1740_rl_qwen_cifar_100_gcvl,false,,
2665720,tunerl-rl_qwen_imagenette_gcvl,CANCELLED by 221940,0:0,2026-06-04T17:40:23,None,2026-06-04T17:48:37,0,,"billing=16,cpu=16,gres/gpu=4,gres/tmp=1073741824,mem=80G,node=1",None assigned,gpu_computervision_long,0,20260604_1740_rl_qwen_imagenette_gcvl,false,,
2665730,tunerl-rl_dscoder_cifar_100_std,FAILED,1:0,2026-06-04T17:46:43,2026-06-04T17:46:44,2026-06-04T18:02:34,950,"billing=16,cpu=16,gres/gpu:l40s=4,gres/gpu=4,gres/tmp=1073741824,mem=80G,node=1","billing=16,cpu=16,gres/gpu=4,gres/tmp=1073741824,mem=80G,node=1",jnfat09,standard,0,20260604_1746_rl_dscoder_cifar_100_std,false,4,1.0555555556
2665732,tunerl-rl_dscoder_imagenette_std,FAILED,1:0,2026-06-04T17:46:43,2026-06-04T17:46:50,2026-06-04T18:09:38,1368,"billing=16,cpu=16,gres/gpu:l40s=4,gres/gpu=4,gres/tmp=1073741824,mem=80G,node=1","billing=16,cpu=16,gres/gpu=4,gres/tmp=1073741824,mem=80G,node=1",jnfat09,standard,0,20260604_1746_rl_dscoder_imagenette_std,false,4,1.5200000000
2665735,tunerl-rl_mistral_cifar_10_std,CANCELLED by 221940,0:0,2026-06-04T17:48:39,2026-06-04T17:48:40,2026-06-04T21:40:21,13901,"billing=16,cpu=16,gres/gpu:l40=3,gres/gpu=3,gres/tmp=1073741824,mem=80G,node=1","billing=16,cpu=16,gres/gpu=3,gres/tmp=1073741824,mem=80G,node=1",jn002,standard,0,20260604_1748_rl_mistral_cifar_10_std,false,3,11.5841666667
2665737,tunerl-rl_mistral_cifar_100_std,CANCELLED by 221940,0:0,2026-06-04T17:48:39,2026-06-04T17:48:40,2026-06-04T21:40:20,13900,"billing=16,cpu=16,gres/gpu:l40=3,gres/gpu=3,gres/tmp=1073741824,mem=80G,node=1","billing=16,cpu=16,gres/gpu=3,gres/tmp=1073741824,mem=80G,node=1",jn004,standard,0,20260604_1748_rl_mistral_cifar_100_std,false,3,11.5833333333
2665739,tunerl-rl_mistral_imagenette_std,CANCELLED by 221940,0:0,2026-06-04T17:48:39,2026-06-04T17:48:40,2026-06-04T21:40:20,13900,"billing=16,cpu=16,gres/gpu:l40=3,gres/gpu=3,gres/tmp=1073741824,mem=80G,node=1","billing=16,cpu=16,gres/gpu=3,gres/tmp=1073741824,mem=80G,node=1",jn011,standard,0,20260604_1748_rl_mistral_imagenette_std,false,3,11.5833333333
2665741,tunerl-rl_qwen_cifar_10_std,FAILED,1:0,2026-06-04T17:48:39,2026-06-04T17:48:40,2026-06-05T09:37:41,56941,"billing=16,cpu=16,gres/gpu:l40=3,gres/gpu=3,gres/tmp=1073741824,mem=80G,node=1","billing=16,cpu=16,gres/gpu=3,gres/tmp=1073741824,mem=80G,node=1",jn102,standard,0,20260604_1748_rl_qwen_cifar_10_std,false,3,47.4508333333
2665743,tunerl-rl_qwen_cifar_100_std,FAILED,1:0,2026-06-04T17:48:39,2026-06-04T17:48:40,2026-06-05T09:37:42,56942,"billing=16,cpu=16,gres/gpu:l40=3,gres/gpu=3,gres/tmp=1073741824,mem=80G,node=1","billing=16,cpu=16,gres/gpu=3,gres/tmp=1073741824,mem=80G,node=1",jn116,standard,0,20260604_1748_rl_qwen_cifar_100_std,false,3,47.4516666667
2665745,tunerl-rl_qwen_imagenette_std,FAILED,1:0,2026-06-04T17:48:39,2026-06-04T17:48:40,2026-06-05T09:37:47,56947,"billing=16,cpu=16,gres/gpu:l40=3,gres/gpu=3,gres/tmp=1073741824,mem=80G,node=1","billing=16,cpu=16,gres/gpu=3,gres/tmp=1073741824,mem=80G,node=1",jn118,standard,0,20260604_1748_rl_qwen_imagenette_std,false,3,47.4558333333
2665757,tunerl-rl_dscoder_cifar_10_gcvl,CANCELLED by 221940,0:0,2026-06-04T18:14:18,2026-06-04T18:14:28,2026-06-04T20:57:49,9801,"billing=16,cpu=16,gres/gpu:l40s=4,gres/gpu=4,gres/tmp=1073741824,mem=80G,node=1","billing=16,cpu=16,gres/gpu=4,gres/tmp=1073741824,mem=80G,node=1",jnfat07,gpu_computervision_long,0,20260604_1814_rl_dscoder_cifar_10_gcvl,false,4,10.8900000000
2665759,tunerl-rl_dscoder_cifar_100_gcvl,CANCELLED by 221940,0:0,2026-06-04T18:14:18,None,2026-06-04T18:29:10,0,,"billing=16,cpu=16,gres/gpu=4,gres/tmp=1073741824,mem=80G,node=1",None assigned,gpu_computervision_long,0,20260604_1814_rl_dscoder_cifar_100_gcvl,false,,
2665761,tunerl-rl_dscoder_imagenette_gcvl,CANCELLED by 221940,0:0,2026-06-04T18:14:18,None,2026-06-04T18:29:09,0,,"billing=16,cpu=16,gres/gpu=4,gres/tmp=1073741824,mem=80G,node=1",None assigned,gpu_computervision_long,0,20260604_1814_rl_dscoder_imagenette_gcvl,false,,
2665770,tunerl-rl_dscoder_cifar_100_std,CANCELLED by 221940,0:0,2026-06-04T18:29:11,2026-06-04T18:29:12,2026-06-04T20:57:50,8918,"billing=16,cpu=16,gres/gpu:l40=3,gres/gpu=3,gres/tmp=1073741824,mem=80G,node=1","billing=16,cpu=16,gres/gpu=3,gres/tmp=1073741824,mem=80G,node=1",jn019,standard,0,20260604_1829_rl_dscoder_cifar_100_std,false,3,7.4316666667
2665772,tunerl-rl_dscoder_imagenette_std,CANCELLED by 221940,0:0,2026-06-04T18:29:11,2026-06-04T18:29:12,2026-06-04T20:57:49,8917,"billing=16,cpu=16,gres/gpu:l40=3,gres/gpu=3,gres/tmp=1073741824,mem=80G,node=1","billing=16,cpu=16,gres/gpu=3,gres/tmp=1073741824,mem=80G,node=1",jn101,standard,0,20260604_1829_rl_dscoder_imagenette_std,false,3,7.4308333333
2665839,tunerl-rl_dscoder_cifar_10_std,FAILED,1:0,2026-06-04T20:57:51,2026-06-04T20:57:51,2026-06-05T09:37:43,45592,"billing=16,cpu=16,gres/gpu:l40=3,gres/gpu=3,gres/tmp=1073741824,mem=80G,node=1","billing=16,cpu=16,gres/gpu=3,gres/tmp=1073741824,mem=80G,node=1",jn009,standard,0,20260604_2057_rl_dscoder_cifar_10_std,false,3,37.9933333333
2665841,tunerl-rl_dscoder_cifar_100_std,FAILED,1:0,2026-06-04T20:57:51,2026-06-04T20:57:51,2026-06-05T09:37:46,45595,"billing=16,cpu=16,gres/gpu:l40=3,gres/gpu=3,gres/tmp=1073741824,mem=80G,node=1","billing=16,cpu=16,gres/gpu=3,gres/tmp=1073741824,mem=80G,node=1",jn117,standard,0,20260604_2057_rl_dscoder_cifar_100_std,false,3,37.9958333333
2665843,tunerl-rl_dscoder_imagenette_std,FAILED,1:0,2026-06-04T20:57:51,2026-06-04T20:57:51,2026-06-04T23:39:48,9717,"billing=16,cpu=16,gres/gpu:l40s=3,gres/gpu=3,gres/tmp=1073741824,mem=80G,node=1","billing=16,cpu=16,gres/gpu=3,gres/tmp=1073741824,mem=80G,node=1",jnfat01,standard,0,20260604_2057_rl_dscoder_imagenette_std,false,3,8.0975000000
2665854,tunerl-rl_mistral_a7_cifar_10_std,CANCELLED by 221940,0:0,2026-06-04T21:22:36,2026-06-04T21:22:36,2026-06-04T21:40:20,1064,"billing=16,cpu=16,gres/gpu:l40=3,gres/gpu=3,gres/tmp=1073741824,mem=80G,node=1","billing=16,cpu=16,gres/gpu=3,gres/tmp=1073741824,mem=80G,node=1",jn019,standard,0,20260604_2122_rl_mistral_a7_cifar_10_std,false,3,0.8866666667
2665858,tunerl-rl_mistral_a7_cifar_10_std,CANCELLED by 221940,0:0,2026-06-04T21:40:22,2026-06-04T21:40:23,2026-06-04T23:00:48,4825,"billing=16,cpu=16,gres/gpu:l40=3,gres/gpu=3,gres/tmp=1073741824,mem=80G,node=1","billing=16,cpu=16,gres/gpu=3,gres/tmp=1073741824,mem=80G,node=1",jn101,standard,0,20260604_2140_rl_mistral_a7_cifar_10_std,false,3,4.0208333333
2665860,tunerl-rl_mistral_a7_cifar_100_std,CANCELLED by 221940,0:0,2026-06-04T21:40:22,2026-06-04T21:40:23,2026-06-04T23:00:49,4826,"billing=16,cpu=16,gres/gpu:l40=3,gres/gpu=3,gres/tmp=1073741824,mem=80G,node=1","billing=16,cpu=16,gres/gpu=3,gres/tmp=1073741824,mem=80G,node=1",jn119,standard,0,20260604_2140_rl_mistral_a7_cifar_100_std,false,3,4.0216666667
2665862,tunerl-rl_mistral_a7_imagenette_std,CANCELLED by 221940,0:0,2026-06-04T21:40:22,2026-06-04T21:40:23,2026-06-04T23:00:48,4825,"billing=16,cpu=16,gres/gpu:l40=3,gres/gpu=3,gres/tmp=1073741824,mem=80G,node=1","billing=16,cpu=16,gres/gpu=3,gres/tmp=1073741824,mem=80G,node=1",jn120,standard,0,20260604_2140_rl_mistral_a7_imagenette_std,false,3,4.0208333333
2665890,tunerl-rl_mistral_a7_cifar_10_std,CANCELLED by 221940,0:0,2026-06-04T23:00:50,2026-06-04T23:00:50,2026-06-04T23:49:34,2924,"billing=16,cpu=16,gres/gpu:l40=3,gres/gpu=3,gres/tmp=1073741824,mem=80G,node=1","billing=16,cpu=16,gres/gpu=3,gres/tmp=1073741824,mem=80G,node=1",jn002,standard,0,20260604_2300_rl_mistral_a7_cifar_10_std,false,3,2.4366666667
2665892,tunerl-rl_mistral_a7_cifar_100_std,CANCELLED by 221940,0:0,2026-06-04T23:00:51,2026-06-04T23:00:53,2026-06-04T23:49:34,2921,"billing=16,cpu=16,gres/gpu:l40=3,gres/gpu=3,gres/tmp=1073741824,mem=80G,node=1","billing=16,cpu=16,gres/gpu=3,gres/tmp=1073741824,mem=80G,node=1",jn011,standard,0,20260604_2300_rl_mistral_a7_cifar_100_std,false,3,2.4341666667
2665894,tunerl-rl_mistral_a7_imagenette_std,CANCELLED by 221940,0:0,2026-06-04T23:00:51,2026-06-04T23:00:53,2026-06-04T23:49:34,2921,"billing=16,cpu=16,gres/gpu:l40=3,gres/gpu=3,gres/tmp=1073741824,mem=80G,node=1","billing=16,cpu=16,gres/gpu=3,gres/tmp=1073741824,mem=80G,node=1",jn019,standard,0,20260604_2300_rl_mistral_a7_imagenette_std,false,3,2.4341666667
2665917,tunerl-mistral_a7_cifar_10_kl04,FAILED,1:0,2026-06-04T23:49:49,2026-06-04T23:49:49,2026-06-04T23:50:06,17,"billing=16,cpu=16,gres/gpu:l40=3,gres/gpu=3,gres/tmp=1073741824,mem=80G,node=1","billing=16,cpu=16,gres/gpu=3,gres/tmp=1073741824,mem=80G,node=1",jn002,standard,0,20260604_2349_mistral_a7_cifar_10_kl04,false,3,0.0141666667
2665919,tunerl-mistral_a7_cifar_100_kl04,FAILED,1:0,2026-06-04T23:49:49,2026-06-04T23:49:49,2026-06-04T23:50:06,17,"billing=16,cpu=16,gres/gpu:l40=3,gres/gpu=3,gres/tmp=1073741824,mem=80G,node=1","billing=16,cpu=16,gres/gpu=3,gres/tmp=1073741824,mem=80G,node=1",jn019,standard,0,20260604_2349_mistral_a7_cifar_100_kl04,false,3,0.0141666667
2665921,tunerl-mistral_a7_imagenette_kl04,CANCELLED by 221940,0:0,2026-06-04T23:49:49,2026-06-04T23:49:50,2026-06-05T00:32:48,2578,"billing=16,cpu=16,gres/gpu:l40=3,gres/gpu=3,gres/tmp=1073741824,mem=80G,node=1","billing=16,cpu=16,gres/gpu=3,gres/tmp=1073741824,mem=80G,node=1",jn101,standard,0,20260604_2349_mistral_a7_imagenette_kl04,false,3,2.1483333333
2665923,tunerl-dscoder_imagenette_std,OUT_OF_MEMORY,0:125,2026-06-04T23:50:34,2026-06-04T23:50:34,2026-06-05T01:38:14,6460,"billing=16,cpu=16,gres/gpu:l40=3,gres/gpu=3,gres/tmp=1073741824,mem=80G,node=1","billing=16,cpu=16,gres/gpu=3,gres/tmp=1073741824,mem=80G,node=1",jn002,standard,0,20260604_2350_dscoder_imagenette_std,false,3,5.3833333333
2665929,tunerl-mistral_a7_cifar_10_kl04,CANCELLED by 221940,0:0,2026-06-04T23:55:38,2026-06-04T23:55:38,2026-06-05T00:32:48,2230,"billing=16,cpu=16,gres/gpu:l40=3,gres/gpu=3,gres/tmp=1073741824,mem=80G,node=1","billing=16,cpu=16,gres/gpu=3,gres/tmp=1073741824,mem=80G,node=1",jn019,standard,0,20260604_2355_mistral_a7_cifar_10_kl04,false,3,1.8583333333
2665931,tunerl-mistral_a7_cifar_100_kl04,CANCELLED by 221940,0:0,2026-06-04T23:55:38,2026-06-04T23:55:38,2026-06-05T00:32:49,2231,"billing=16,cpu=16,gres/gpu:l40s=3,gres/gpu=3,gres/tmp=1073741824,mem=80G,node=1","billing=16,cpu=16,gres/gpu=3,gres/tmp=1073741824,mem=80G,node=1",jnfat01,standard,0,20260604_2355_mistral_a7_cifar_100_kl04,false,3,1.8591666667
2665950,tunerl-mistral_a7_cifar_10_kl08,FAILED,1:0,2026-06-05T00:33:41,2026-06-05T00:33:41,2026-06-05T13:35:36,46915,"billing=16,cpu=16,gres/gpu:l40=3,gres/gpu=3,gres/tmp=1073741824,mem=80G,node=1","billing=16,cpu=16,gres/gpu=3,gres/tmp=1073741824,mem=80G,node=1",jn019,standard,0,20260605_0033_mistral_a7_cifar_10_kl08,false,3,39.0958333333
2665952,tunerl-mistral_a7_cifar_100_kl08,OUT_OF_MEMORY,0:125,2026-06-05T00:33:41,2026-06-05T00:33:41,2026-06-05T07:30:53,25032,"billing=16,cpu=16,gres/gpu:l40=3,gres/gpu=3,gres/tmp=1073741824,mem=80G,node=1","billing=16,cpu=16,gres/gpu=3,gres/tmp=1073741824,mem=80G,node=1",jn101,standard,0,20260605_0033_mistral_a7_cifar_100_kl08,false,3,20.8600000000
2665954,tunerl-mistral_a7_imagenette_kl08,OUT_OF_MEMORY,0:125,2026-06-05T00:33:41,2026-06-05T00:33:41,2026-06-05T08:08:28,27287,"billing=16,cpu=16,gres/gpu:l40s=3,gres/gpu=3,gres/tmp=1073741824,mem=80G,node=1","billing=16,cpu=16,gres/gpu=3,gres/tmp=1073741824,mem=80G,node=1",jnfat01,standard,0,20260605_0033_mistral_a7_imagenette_kl08,false,3,22.7391666667
2666209,tunerl-dscoder_imagenette_h100,COMPLETED,0:0,2026-06-05T09:25:20,2026-06-05T11:40:26,2026-06-05T17:08:49,19703,"billing=16,cpu=16,gres/gpu:h100=4,gres/gpu=4,gres/tmp=1073741824,mem=80G,node=1","billing=16,cpu=16,gres/gpu=4,gres/tmp=1073741824,mem=80G,node=1",jnultra01,h100,0,20260605_0925_dscoder_imagenette_h100,false,4,21.8922222222
2666346,sft10-granite4_1_8b,CANCELLED by 221940,0:0,2026-06-05T13:18:28,2026-06-05T13:28:36,2026-06-05T16:19:18,10242,"billing=32,cpu=32,gres/gpu:l40s=4,gres/gpu=4,gres/tmp=1073741824,mem=160G,node=1","billing=32,cpu=32,gres/gpu=4,gres/tmp=1073741824,mem=160G,node=1",jnfat04,gpu_computervision_long,0,20260605_granite_olympic_1pattern_sft10_granite4_1_8b,false,4,11.3800000000
2666347,sft10-olympiccoder7b,CANCELLED by 221940,0:0,2026-06-05T13:18:28,2026-06-05T13:24:48,2026-06-05T16:19:19,10471,"billing=32,cpu=32,gres/gpu:l40s=4,gres/gpu=4,gres/tmp=1073741824,mem=160G,node=1","billing=32,cpu=32,gres/gpu=4,gres/tmp=1073741824,mem=160G,node=1",jnfat04,gpu_computervision_long,0,20260605_granite_olympic_1pattern_sft10_olympiccoder7b,false,4,11.6344444444
2666484,qwen-c10-ckpt130-gen30,COMPLETED,0:0,2026-06-05T15:45:54,2026-06-05T15:45:54,2026-06-05T15:54:22,508,"billing=8,cpu=8,gres/gpu:l40s=1,gres/gpu=1,gres/tmp=1073741824,mem=64G,node=1","billing=8,cpu=8,gres/gpu=1,gres/tmp=1073741824,mem=64G,node=1",jnfat07,gpu_computervision,0,20260605_qwen_cifar10_ckpt130_min32,false,1,0.1411111111
2666583,gen-ds-img-ckpt125,COMPLETED,0:0,2026-06-05T17:39:13,2026-06-05T17:39:13,2026-06-05T17:59:43,1230,"billing=8,cpu=8,gres/gpu:l40s=1,gres/gpu=1,gres/tmp=1073741824,mem=64G,node=1","billing=8,cpu=8,gres/gpu=1,gres/tmp=1073741824,mem=64G,node=1",jnfat05,gpu_computervision,0,20260605_rl_adapter_gen30_snapshot_min32,false,1,0.3416666667
2666708,sft10-granite-pipe0,FAILED,1:0,2026-06-05T21:04:48,2026-06-05T21:04:48,2026-06-06T02:08:34,18226,"billing=32,cpu=32,gres/gpu:l40s=4,gres/gpu=4,gres/tmp=1073741824,mem=160G,node=1","billing=32,cpu=32,gres/gpu=4,gres/tmp=1073741824,mem=160G,node=1",jnfat04,gpu_computervision_long,0,20260605_granite_1pattern_sft10_pipe0_granite4_1_8b,false,4,20.2511111111
2666897,sft10-olym-template,FAILED,1:0,2026-06-05T22:14:35,2026-06-05T22:14:35,2026-06-06T02:05:31,13856,"billing=32,cpu=32,gres/gpu:l40s=4,gres/gpu=4,gres/tmp=1073741824,mem=160G,node=1","billing=32,cpu=32,gres/gpu=4,gres/tmp=1073741824,mem=160G,node=1",jnfat05,gpu_computervision_long,0,20260605_olympiccoder_1pattern_sft10_pipe0_no_think_template,false,4,15.3955555556
2666910,tunerl-test_astlive_dscoder_cifar100_300,OUT_OF_MEMORY,0:125,2026-06-05T22:34:08,2026-06-05T22:34:08,2026-06-05T23:50:04,4556,"billing=32,cpu=32,gres/gpu:l40s=4,gres/gpu=4,gres/tmp=1073741824,mem=160G,node=1","billing=32,cpu=32,gres/gpu=4,gres/tmp=1073741824,mem=160G,node=1",jnfat05,gpu_computervision,0,20260605_2234_test_astlive_dscoder_cifar100_300,false,4,5.0622222222
2666954,tunerl-test_astlive_dscoder_cifar100_300_l40s_staticw,OUT_OF_MEMORY,0:125,2026-06-06T00:39:36,2026-06-06T00:39:36,2026-06-06T03:41:09,10893,"billing=32,cpu=32,gres/gpu:l40s=4,gres/gpu=4,gres/tmp=1073741824,mem=160G,node=1","billing=32,cpu=32,gres/gpu=4,gres/tmp=1073741824,mem=160G,node=1",jnfat05,gpu_computervision,0,20260606_0039_test_astlive_dscoder_cifar100_300_l40s_staticw,false,4,12.1033333333
2667168,tunerl-test_astlive_granite_cifar100_300_l40s_staticw,CANCELLED by 221940,0:0,2026-06-06T08:09:53,2026-06-06T08:09:53,2026-06-06T08:33:32,1419,"billing=32,cpu=32,gres/gpu:l40s=4,gres/gpu=4,gres/tmp=1073741824,mem=160G,node=1","billing=32,cpu=32,gres/gpu=4,gres/tmp=1073741824,mem=160G,node=1",jnfat04,gpu_computervision,0,20260606_0809_test_astlive_granite_cifar100_300_l40s_staticw,false,4,1.5766666667
2667178,sft10-olympiccoder-g6,CANCELLED by 221940,0:0,2026-06-06T08:23:15,2026-06-06T08:23:15,2026-06-07T01:39:52,62197,"billing=48,cpu=48,gres/gpu:l40s=6,gres/gpu=6,gres/tmp=1073741824,mem=240G,node=1","billing=48,cpu=48,gres/gpu=6,gres/tmp=1073741824,mem=240G,node=1",jnfat06,gpu_computervision,0,20260606_sft_restart_datacache_g6_olympiccoder,false,6,103.6616666667
2667182,tunerl-test_astlive_dscoder_cifar100_300_stablepool,COMPLETED,0:0,2026-06-06T08:35:05,2026-06-06T08:35:05,2026-06-06T12:35:58,14453,"billing=32,cpu=32,gres/gpu:l40s=4,gres/gpu=4,gres/tmp=1073741824,mem=220G,node=1","billing=32,cpu=32,gres/gpu=4,gres/tmp=1073741824,mem=220G,node=1",jnfat04,gpu_computervision,0,20260606_0835_test_astlive_dscoder_cifar100_300_stablepool,false,4,16.0588888889
2667183,tunerl-test_astlive_granite_cifar100_300_stablepool,CANCELLED by 221940,0:0,2026-06-06T08:35:05,2026-06-06T08:35:05,2026-06-06T09:36:59,3714,"billing=32,cpu=32,gres/gpu:l40s=4,gres/gpu=4,gres/tmp=1073741824,mem=220G,node=1","billing=32,cpu=32,gres/gpu=4,gres/tmp=1073741824,mem=220G,node=1",jnfat07,gpu_computervision,0,20260606_0835_test_astlive_granite_cifar100_300_stablepool,false,4,4.1266666667
2667872,sft10-granite-pipe0-g6,CANCELLED by 221940,0:0,2026-06-06T15:21:30,2026-06-06T15:21:30,2026-06-07T11:02:37,70867,"billing=32,cpu=32,gres/gpu:l40s=6,gres/gpu=6,gres/tmp=1073741824,mem=240G,node=1","billing=32,cpu=32,gres/gpu=6,gres/tmp=1073741824,mem=240G,node=1",jnfat04,gpu_computervision_long,0,20260606_sft_retry_pipe0_g6_granite4_1_8b,false,6,118.1116666667
2667942,tunerl-formal100_dscoder_cifar10,COMPLETED,0:0,2026-06-06T16:06:50,2026-06-06T16:06:50,2026-06-06T23:06:46,25196,"billing=32,cpu=32,gres/gpu:h100=4,gres/gpu=4,gres/tmp=1073741824,mem=160G,node=1","billing=32,cpu=32,gres/gpu=4,gres/tmp=1073741824,mem=160G,node=1",jnultra02,h100,0,20260606_1606_formal100_dscoder_cifar10,false,4,27.9955555556
2667956,tunerl-formal100_dscoder_cifar100_l40s,COMPLETED,0:0,2026-06-06T16:11:23,2026-06-06T16:11:23,2026-06-07T02:39:51,37708,"billing=32,cpu=32,gres/gpu:l40s=4,gres/gpu=4,gres/tmp=1073741824,mem=160G,node=1","billing=32,cpu=32,gres/gpu=4,gres/tmp=1073741824,mem=160G,node=1",jnfat05,gpu_computervision_long,0,20260606_1611_formal100_dscoder_cifar100_l40s,false,4,41.8977777778
2667958,tunerl-formal100_dscoder_imagenette_l40s,COMPLETED,0:0,2026-06-06T16:11:23,2026-06-06T16:11:23,2026-06-07T02:55:28,38645,"billing=32,cpu=32,gres/gpu:l40s=4,gres/gpu=4,gres/tmp=1073741824,mem=160G,node=1","billing=32,cpu=32,gres/gpu=4,gres/tmp=1073741824,mem=160G,node=1",jnfat05,gpu_computervision_long,0,20260606_1611_formal100_dscoder_imagenette_l40s,false,4,42.9388888889
2667960,tunerl-formal100_qwen_cifar10_l40s,OUT_OF_MEMORY,0:125,2026-06-06T16:11:23,2026-06-06T16:11:24,2026-06-06T18:24:13,7969,"billing=32,cpu=32,gres/gpu:l40s=4,gres/gpu=4,gres/tmp=1073741824,mem=160G,node=1","billing=32,cpu=32,gres/gpu=4,gres/tmp=1073741824,mem=160G,node=1",jnfat07,gpu_computervision_long,0,20260606_1611_formal100_qwen_cifar10_l40s,false,4,8.8544444444
2667967,tunerl-formal100_qwen_cifar100_std3,COMPLETED,0:0,2026-06-06T16:12:28,2026-06-06T16:12:28,2026-06-06T22:17:03,21875,"billing=32,cpu=32,gres/gpu:l40=3,gres/gpu=3,gres/tmp=1073741824,mem=160G,node=1","billing=32,cpu=32,gres/gpu=3,gres/tmp=1073741824,mem=160G,node=1",jn001,standard,0,20260606_1612_formal100_qwen_cifar100_std3,false,3,18.2291666667
2667969,tunerl-formal100_qwen_imagenette_std3,OUT_OF_MEMORY,0:125,2026-06-06T16:12:28,2026-06-06T16:12:28,2026-06-06T17:11:52,3564,"billing=32,cpu=32,gres/gpu:l40=3,gres/gpu=3,gres/tmp=1073741824,mem=160G,node=1","billing=32,cpu=32,gres/gpu=3,gres/tmp=1073741824,mem=160G,node=1",jn006,standard,0,20260606_1612_formal100_qwen_imagenette_std3,false,3,2.9700000000
2668872,tunerl-formal100_qwen_cifar10_kl0005_l40s,COMPLETED,0:0,2026-06-07T01:20:26,2026-06-07T01:20:26,2026-06-07T13:04:44,42258,"billing=32,cpu=32,gres/gpu:l40s=4,gres/gpu=4,gres/tmp=1073741824,mem=160G,node=1","billing=32,cpu=32,gres/gpu=4,gres/tmp=1073741824,mem=160G,node=1",jnfat07,gpu_computervision_long,0,20260607_0120_formal100_qwen_cifar10_kl0005_l40s,false,4,46.9533333333
2668874,tunerl-formal100_qwen_cifar100_kl0005_l40s,COMPLETED,0:0,2026-06-07T01:20:26,2026-06-07T01:20:27,2026-06-07T13:50:22,44995,"billing=32,cpu=32,gres/gpu:l40s=4,gres/gpu=4,gres/tmp=1073741824,mem=160G,node=1","billing=32,cpu=32,gres/gpu=4,gres/tmp=1073741824,mem=160G,node=1",jnfat07,gpu_computervision_long,0,20260607_0120_formal100_qwen_cifar100_kl0005_l40s,false,4,49.9944444444
2668876,tunerl-formal100_qwen_imagenette_kl0005_h100,COMPLETED,0:0,2026-06-07T01:20:26,2026-06-07T01:20:27,2026-06-07T08:45:13,26686,"billing=32,cpu=32,gres/gpu:h100=4,gres/gpu=4,gres/tmp=1073741824,mem=160G,node=1","billing=32,cpu=32,gres/gpu=4,gres/tmp=1073741824,mem=160G,node=1",jnultra01,h100,0,20260607_0120_formal100_qwen_imagenette_kl0005_h100,false,4,29.6511111111
2668922,tunerl-formal100_olympic_a7_cifar10_kl0005_nothink_l40s,COMPLETED,0:0,2026-06-07T02:01:22,2026-06-07T02:01:22,2026-06-07T09:21:40,26418,"billing=32,cpu=32,gres/gpu:l40s=4,gres/gpu=4,gres/tmp=1073741824,mem=160G,node=1","billing=32,cpu=32,gres/gpu=4,gres/tmp=1073741824,mem=160G,node=1",jnfat06,gpu_computervision_long,0,20260607_0214_formal100_olympic_a7_cifar10_kl0005_nothink_l40s,false,4,29.3533333333
2668924,tunerl-formal100_olympic_a7_cifar100_kl0005_nothink_l40s,COMPLETED,0:0,2026-06-07T02:01:22,2026-06-07T02:01:22,2026-06-07T09:46:37,27915,"billing=32,cpu=32,gres/gpu:l40s=4,gres/gpu=4,gres/tmp=1073741824,mem=160G,node=1","billing=32,cpu=32,gres/gpu=4,gres/tmp=1073741824,mem=160G,node=1",jnfat06,gpu_computervision_long,0,20260607_0214_formal100_olympic_a7_cifar100_kl0005_nothink_l40s,false,4,31.0166666667
2668926,tunerl-formal100_olympic_a7_imagenette_kl0005_nothink_std3,COMPLETED,0:0,2026-06-07T02:01:23,2026-06-07T02:01:24,2026-06-07T11:05:24,32640,"billing=32,cpu=32,gres/gpu:l40=3,gres/gpu=3,gres/tmp=1073741824,mem=160G,node=1","billing=32,cpu=32,gres/gpu=3,gres/tmp=1073741824,mem=160G,node=1",jn001,standard,0,20260607_0214_formal100_olympic_a7_imagenette_kl0005_nothink_std3,false,3,27.2000000000
2669499,tunerl-formal100_granite_a7_cifar10_kl0005_l40s,CANCELLED by 221940,0:0,2026-06-07T11:12:05,2026-06-07T11:12:05,2026-06-07T13:02:37,6632,"billing=32,cpu=32,gres/gpu:l40s=4,gres/gpu=4,gres/tmp=1073741824,mem=160G,node=1","billing=32,cpu=32,gres/gpu=4,gres/tmp=1073741824,mem=160G,node=1",jnfat04,gpu_computervision_long,0,20260607_1153_formal100_granite_a7_cifar10_kl0005_l40s,false,4,7.3688888889
2669987,tunerl-formal100_granite_a7_cifar10_kl006_l40s,CANCELLED by 221940,0:0,2026-06-07T13:03:12,2026-06-07T13:03:12,2026-06-07T13:36:08,1976,"billing=32,cpu=32,gres/gpu:l40s=4,gres/gpu=4,gres/tmp=1073741824,mem=160G,node=1","billing=32,cpu=32,gres/gpu=4,gres/tmp=1073741824,mem=160G,node=1",jnfat04,gpu_computervision_long,0,20260607_1305_formal100_granite_a7_cifar10_kl006_l40s,false,4,2.1955555556
2670360,gen30m32-dscoder_cifar10,COMPLETED,0:0,2026-06-07T13:51:58,2026-06-07T13:51:58,2026-06-07T14:10:51,1133,"billing=8,cpu=8,gres/gpu:l40s=1,gres/gpu=1,gres/tmp=1073741824,mem=64G,node=1","billing=8,cpu=8,gres/gpu=1,gres/tmp=1073741824,mem=64G,node=1",jnfat04,gpu_computervision,0,20260607_1455_gen30min32_formal100_dsqwenolympic,true,1,0.3147222222
2670361,gen30m32-dscoder_cifar100,COMPLETED,0:0,2026-06-07T13:51:58,2026-06-07T13:51:58,2026-06-07T14:11:59,1201,"billing=8,cpu=8,gres/gpu:l40s=1,gres/gpu=1,gres/tmp=1073741824,mem=64G,node=1","billing=8,cpu=8,gres/gpu=1,gres/tmp=1073741824,mem=64G,node=1",jnfat04,gpu_computervision,0,20260607_1455_gen30min32_formal100_dsqwenolympic,true,1,0.3336111111
2670362,gen30m32-dscoder_imagenette,COMPLETED,0:0,2026-06-07T13:51:58,2026-06-07T13:51:58,2026-06-07T14:18:05,1567,"billing=8,cpu=8,gres/gpu:l40s=1,gres/gpu=1,gres/tmp=1073741824,mem=64G,node=1","billing=8,cpu=8,gres/gpu=1,gres/tmp=1073741824,mem=64G,node=1",jnfat04,gpu_computervision,0,20260607_1455_gen30min32_formal100_dsqwenolympic,true,1,0.4352777778
2670363,gen30m32-qwen_cifar10,COMPLETED,0:0,2026-06-07T13:51:58,2026-06-07T13:51:58,2026-06-07T14:03:39,701,"billing=8,cpu=8,gres/gpu:l40s=1,gres/gpu=1,gres/tmp=1073741824,mem=64G,node=1","billing=8,cpu=8,gres/gpu=1,gres/tmp=1073741824,mem=64G,node=1",jnfat04,gpu_computervision,0,20260607_1455_gen30min32_formal100_dsqwenolympic,true,1,0.1947222222
2670364,gen30m32-qwen_cifar100,COMPLETED,0:0,2026-06-07T13:51:58,2026-06-07T13:51:59,2026-06-07T14:06:11,852,"billing=8,cpu=8,gres/gpu:l40s=1,gres/gpu=1,gres/tmp=1073741824,mem=64G,node=1","billing=8,cpu=8,gres/gpu=1,gres/tmp=1073741824,mem=64G,node=1",jnfat04,gpu_computervision,0,20260607_1455_gen30min32_formal100_dsqwenolympic,true,1,0.2366666667
2670365,gen30m32-qwen_imagenette,COMPLETED,0:0,2026-06-07T13:51:58,2026-06-07T13:51:59,2026-06-07T14:04:33,754,"billing=8,cpu=8,gres/gpu:l40s=1,gres/gpu=1,gres/tmp=1073741824,mem=64G,node=1","billing=8,cpu=8,gres/gpu=1,gres/tmp=1073741824,mem=64G,node=1",jnfat04,gpu_computervision,0,20260607_1455_gen30min32_formal100_dsqwenolympic,true,1,0.2094444444
2670366,gen30m32-olympic_cifar10,COMPLETED,0:0,2026-06-07T13:51:58,2026-06-07T13:51:59,2026-06-07T14:04:34,755,"billing=8,cpu=8,gres/gpu:l40s=1,gres/gpu=1,gres/tmp=1073741824,mem=64G,node=1","billing=8,cpu=8,gres/gpu=1,gres/tmp=1073741824,mem=64G,node=1",jnfat04,gpu_computervision,0,20260607_1455_gen30min32_formal100_dsqwenolympic,true,1,0.2097222222
2670367,gen30m32-olympic_cifar100,COMPLETED,0:0,2026-06-07T13:51:58,2026-06-07T13:51:59,2026-06-07T14:04:12,733,"billing=8,cpu=8,gres/gpu:l40s=1,gres/gpu=1,gres/tmp=1073741824,mem=64G,node=1","billing=8,cpu=8,gres/gpu=1,gres/tmp=1073741824,mem=64G,node=1",jnfat04,gpu_computervision,0,20260607_1455_gen30min32_formal100_dsqwenolympic,true,1,0.2036111111
2670368,gen30m32-olympic_imagenette,COMPLETED,0:0,2026-06-07T13:51:58,2026-06-07T13:51:59,2026-06-07T14:08:26,987,"billing=8,cpu=8,gres/gpu:l40s=1,gres/gpu=1,gres/tmp=1073741824,mem=64G,node=1","billing=8,cpu=8,gres/gpu=1,gres/tmp=1073741824,mem=64G,node=1",jnfat05,gpu_computervision,0,20260607_1455_gen30min32_formal100_dsqwenolympic,true,1,0.2741666667
2670697,evaltest-cifar10-dsqwenoly,CANCELLED by 221940,0:0,2026-06-07T15:38:24,2026-06-07T15:38:24,2026-06-07T15:39:48,84,"billing=24,cpu=24,gres/gpu:l40s=4,gres/gpu=4,gres/tmp=1073741824,mem=120G,node=1","billing=24,cpu=24,gres/gpu=4,gres/tmp=1073741824,mem=120G,node=1",jnfat05,gpu_computervision,0,20260607_1455_gen30min32_formal100_dsqwenolympic,true,4,0.0933333333
2670698,evaltest-cifar100-dsqwenoly,CANCELLED by 221940,0:0,2026-06-07T15:38:24,2026-06-07T15:38:25,2026-06-07T15:39:49,84,"billing=24,cpu=24,gres/gpu:l40s=4,gres/gpu=4,gres/tmp=1073741824,mem=120G,node=1","billing=24,cpu=24,gres/gpu=4,gres/tmp=1073741824,mem=120G,node=1",jnfat06,gpu_computervision,0,20260607_1455_gen30min32_formal100_dsqwenolympic,true,4,0.0933333333
2670699,evaltest-imagenette-dsqwenoly,CANCELLED by 221940,0:0,2026-06-07T15:38:24,2026-06-07T15:38:25,2026-06-07T15:39:48,83,"billing=24,cpu=24,gres/gpu:l40s=4,gres/gpu=4,gres/tmp=1073741824,mem=120G,node=1","billing=24,cpu=24,gres/gpu=4,gres/tmp=1073741824,mem=120G,node=1",jnfat06,gpu_computervision,0,20260607_1455_gen30min32_formal100_dsqwenolympic,true,4,0.0922222222
2670701,evaltest-cifar10-dsqwenoly,CANCELLED by 221940,0:0,2026-06-07T15:40:26,2026-06-07T15:40:26,2026-06-07T15:47:13,407,"billing=24,cpu=24,gres/gpu:l40s=4,gres/gpu=4,gres/tmp=1073741824,mem=120G,node=1","billing=24,cpu=24,gres/gpu=4,gres/tmp=1073741824,mem=120G,node=1",jnfat05,gpu_computervision,0,20260607_1455_gen30min32_formal100_dsqwenolympic,true,4,0.4522222222
2670702,evaltest-cifar100-dsqwenoly,CANCELLED by 221940,0:0,2026-06-07T15:40:26,2026-06-07T15:40:27,2026-06-07T15:47:14,407,"billing=24,cpu=24,gres/gpu:l40s=4,gres/gpu=4,gres/tmp=1073741824,mem=120G,node=1","billing=24,cpu=24,gres/gpu=4,gres/tmp=1073741824,mem=120G,node=1",jnfat05,gpu_computervision,0,20260607_1455_gen30min32_formal100_dsqwenolympic,true,4,0.4522222222
2670703,evaltest-imagenette-dsqwenoly,CANCELLED by 221940,0:0,2026-06-07T15:40:26,2026-06-07T15:40:27,2026-06-07T15:47:13,406,"billing=24,cpu=24,gres/gpu:l40s=4,gres/gpu=4,gres/tmp=1073741824,mem=120G,node=1","billing=24,cpu=24,gres/gpu=4,gres/tmp=1073741824,mem=120G,node=1",jnfat06,gpu_computervision,0,20260607_1455_gen30min32_formal100_dsqwenolympic,true,4,0.4511111111
2670742,evaltest1-cifar10-dsqwenoly,COMPLETED,0:0,2026-06-07T15:47:36,2026-06-07T15:47:36,2026-06-07T18:46:14,10718,"billing=24,cpu=24,gres/gpu:l40s=4,gres/gpu=4,gres/tmp=1073741824,mem=120G,node=1","billing=24,cpu=24,gres/gpu=4,gres/tmp=1073741824,mem=120G,node=1",jnfat05,gpu_computervision,0,20260607_1455_gen30min32_formal100_dsqwenolympic,true,4,11.9088888889
2670743,evaltest1-cifar100-dsqwenoly,COMPLETED,0:0,2026-06-07T15:47:36,2026-06-07T15:47:36,2026-06-07T18:46:55,10759,"billing=24,cpu=24,gres/gpu:l40s=4,gres/gpu=4,gres/tmp=1073741824,mem=120G,node=1","billing=24,cpu=24,gres/gpu=4,gres/tmp=1073741824,mem=120G,node=1",jnfat05,gpu_computervision,0,20260607_1455_gen30min32_formal100_dsqwenolympic,true,4,11.9544444444
2670744,evaltest1-imagenette-dsqwenoly,COMPLETED,0:0,2026-06-07T15:47:36,2026-06-07T15:47:36,2026-06-07T17:15:05,5249,"billing=24,cpu=24,gres/gpu:l40s=4,gres/gpu=4,gres/tmp=1073741824,mem=120G,node=1","billing=24,cpu=24,gres/gpu=4,gres/tmp=1073741824,mem=120G,node=1",jnfat06,gpu_computervision,0,20260607_1455_gen30min32_formal100_dsqwenolympic,true,4,5.8322222222
2671550,sanity-none-img-top6,COMPLETED,0:0,2026-06-07T23:03:59,2026-06-07T23:03:59,2026-06-07T23:07:45,226,"billing=24,cpu=24,gres/gpu:l40s=4,gres/gpu=4,gres/tmp=1073741824,mem=120G,node=1","billing=24,cpu=24,gres/gpu=4,gres/tmp=1073741824,mem=120G,node=1",jnfat04,gpu_computervision,0,20260607_1455_gen30min32_formal100_dsqwenolympic,true,4,0.2511111111
2671655,tunerl-struct1_v2_a18_cifar10_dirty_s42,OUT_OF_MEMORY,0:125,2026-06-08T01:09:45,2026-06-08T01:09:45,2026-06-08T05:33:21,15816,"billing=32,cpu=32,gres/gpu:h100=4,gres/gpu=4,gres/tmp=1073741824,mem=160G,node=1","billing=32,cpu=32,gres/gpu=4,gres/tmp=1073741824,mem=160G,node=1",jnultra01,h100,0,20260608_0109_struct1_v2_a18_cifar10_dirty_seed42,false,4,17.5733333333
2671657,tunerl-struct1_v2_a18_cifar10_dirty_s123,COMPLETED,0:0,2026-06-08T01:09:45,2026-06-08T01:09:46,2026-06-08T12:19:35,40189,"billing=32,cpu=32,gres/gpu:h100=4,gres/gpu=4,gres/tmp=1073741824,mem=160G,node=1","billing=32,cpu=32,gres/gpu=4,gres/tmp=1073741824,mem=160G,node=1",jnultra02,h100,0,20260608_0109_struct1_v2_a18_cifar10_dirty_seed123,false,4,44.6544444444
2671659,tunerl-struct1_v2_a18_cifar10_dirty_s777,COMPLETED,0:0,2026-06-08T01:09:45,2026-06-08T01:09:46,2026-06-08T12:37:50,41284,"billing=32,cpu=32,gres/gpu:h100=4,gres/gpu=4,gres/tmp=1073741824,mem=160G,node=1","billing=32,cpu=32,gres/gpu=4,gres/tmp=1073741824,mem=160G,node=1",jnultra02,h100,0,20260608_0109_struct1_v2_a18_cifar10_dirty_seed777,false,4,45.8711111111
2671907,tunerl-struct1_v2_a18_cifar10_seed42_mem240,CANCELLED by 221940,0:0,2026-06-08T08:25:02,2026-06-08T08:25:02,2026-06-08T08:34:50,588,"billing=32,cpu=32,gres/gpu:h100=4,gres/gpu=4,gres/tmp=1073741824,mem=240G,node=1","billing=32,cpu=32,gres/gpu=4,gres/tmp=1073741824,mem=240G,node=1",jnultra01,h100,0,20260608_0825_struct1_v2_a18_cifar10_seed42_mem240,false,4,0.6533333333
2671917,tunerl-struct1_v2_a18_cifar10_seed42_mem240_loaderfix,COMPLETED,0:0,2026-06-08T08:46:47,2026-06-08T08:46:47,2026-06-08T19:26:45,38398,"billing=32,cpu=32,gres/gpu:h100=4,gres/gpu=4,gres/tmp=1073741824,mem=240G,node=1","billing=32,cpu=32,gres/gpu=4,gres/tmp=1073741824,mem=240G,node=1",jnultra01,h100,0,20260608_0846_struct1_v2_a18_cifar10_seed42_mem240_loaderfix,false,4,42.6644444444
2674042,tunerl-article_1pattern_dscoder_cifar10_seed42_gcvl,FAILED,1:0,2026-06-08T13:33:25,2026-06-08T13:33:26,2026-06-08T13:47:11,825,"billing=32,cpu=32,gres/gpu:l40s=4,gres/gpu=4,gres/tmp=1073741824,mem=160G,node=1","billing=32,cpu=32,gres/gpu=4,gres/tmp=1073741824,mem=160G,node=1",jnfat06,gpu_computervision_long,0,20260608_1335_article_1pattern_dscoder_cifar10_seed42_gcvl,false,4,0.9166666667
2674044,tunerl-article_1pattern_dscoder_cifar10_seed114_gcvl,FAILED,1:0,2026-06-08T13:33:25,2026-06-08T13:33:26,2026-06-08T13:43:24,598,"billing=32,cpu=32,gres/gpu:l40s=4,gres/gpu=4,gres/tmp=1073741824,mem=160G,node=1","billing=32,cpu=32,gres/gpu=4,gres/tmp=1073741824,mem=160G,node=1",jnfat06,gpu_computervision_long,0,20260608_1335_article_1pattern_dscoder_cifar10_seed114_gcvl,false,4,0.6644444444
2674046,tunerl-article_1pattern_dscoder_cifar10_seed514_gcvl,FAILED,1:0,2026-06-08T13:33:25,2026-06-08T13:33:28,2026-06-08T13:45:56,748,"billing=32,cpu=32,gres/gpu:l40s=4,gres/gpu=4,gres/tmp=1073741824,mem=160G,node=1","billing=32,cpu=32,gres/gpu=4,gres/tmp=1073741824,mem=160G,node=1",jnfat07,gpu_computervision_long,0,20260608_1335_article_1pattern_dscoder_cifar10_seed514_gcvl,false,4,0.8311111111
2674051,article-A-e10,CANCELLED by 221940,0:0,2026-06-08T13:43:23,2026-06-08T13:43:24,2026-06-09T10:17:18,74034,"billing=32,cpu=32,gres/gpu:l40s=4,gres/gpu=4,gres/tmp=1073741824,mem=160G,node=1","billing=32,cpu=32,gres/gpu=4,gres/tmp=1073741824,mem=160G,node=1",jnfat06,gpu_computervision_long,0,20260608_1345_article_A_epoch1_epoch10,true,4,82.2600000000
2674083,tunerl-article_1pattern_dscoder_cifar10_seed42_gcvl_rewgpu,FAILED,1:0,2026-06-08T13:55:25,2026-06-08T13:55:25,2026-06-08T13:56:52,87,"billing=32,cpu=32,gres/gpu:l40s=4,gres/gpu=4,gres/tmp=1073741824,mem=160G,node=1","billing=32,cpu=32,gres/gpu=4,gres/tmp=1073741824,mem=160G,node=1",jnfat06,gpu_computervision_long,0,20260608_1355_article_1pattern_dscoder_cifar10_seed42_gcvl_rewgpu,false,4,0.0966666667
2674085,tunerl-article_1pattern_dscoder_cifar10_seed114_gcvl_rewgpu,FAILED,1:0,2026-06-08T13:55:25,2026-06-08T13:55:25,2026-06-08T13:56:53,88,"billing=32,cpu=32,gres/gpu:l40s=4,gres/gpu=4,gres/tmp=1073741824,mem=160G,node=1","billing=32,cpu=32,gres/gpu=4,gres/tmp=1073741824,mem=160G,node=1",jnfat07,gpu_computervision_long,0,20260608_1355_article_1pattern_dscoder_cifar10_seed114_gcvl_rewgpu,false,4,0.0977777778
2674087,tunerl-article_1pattern_dscoder_cifar10_seed514_gcvl_rewgpu,FAILED,1:0,2026-06-08T13:55:25,2026-06-08T13:55:28,2026-06-08T13:56:52,84,"billing=32,cpu=32,gres/gpu:l40s=4,gres/gpu=4,gres/tmp=1073741824,mem=160G,node=1","billing=32,cpu=32,gres/gpu=4,gres/tmp=1073741824,mem=160G,node=1",jnfat07,gpu_computervision_long,0,20260608_1355_article_1pattern_dscoder_cifar10_seed514_gcvl_rewgpu,false,4,0.0933333333
2674249,tunerl-article_1pattern_dscoder_cifar10_seed42_gcvl_rewgpu2,FAILED,1:0,2026-06-08T14:03:56,2026-06-08T14:03:56,2026-06-08T14:11:40,464,"billing=32,cpu=32,gres/gpu:l40s=4,gres/gpu=4,gres/tmp=1073741824,mem=160G,node=1","billing=32,cpu=32,gres/gpu=4,gres/tmp=1073741824,mem=160G,node=1",jnfat07,gpu_computervision_long,0,20260608_1403_article_1pattern_dscoder_cifar10_seed42_gcvl_rewgpu2,false,4,0.5155555556
2674251,tunerl-article_1pattern_dscoder_cifar10_seed114_gcvl_rewgpu2,FAILED,1:0,2026-06-08T14:03:56,2026-06-08T14:03:56,2026-06-08T14:08:00,244,"billing=32,cpu=32,gres/gpu:l40s=4,gres/gpu=4,gres/tmp=1073741824,mem=160G,node=1","billing=32,cpu=32,gres/gpu=4,gres/tmp=1073741824,mem=160G,node=1",jnfat07,gpu_computervision_long,0,20260608_1403_article_1pattern_dscoder_cifar10_seed114_gcvl_rewgpu2,false,4,0.2711111111
2674253,tunerl-article_1pattern_dscoder_cifar10_seed514_gcvl_rewgpu2,FAILED,1:0,2026-06-08T14:03:56,2026-06-08T14:03:59,2026-06-08T14:17:02,783,"billing=32,cpu=32,gres/gpu:l40s=4,gres/gpu=4,gres/tmp=1073741824,mem=160G,node=1","billing=32,cpu=32,gres/gpu=4,gres/tmp=1073741824,mem=160G,node=1",jnfat04,gpu_computervision_long,0,20260608_1403_article_1pattern_dscoder_cifar10_seed514_gcvl_rewgpu2,false,4,0.8700000000
2674786,article-B-single-e1,COMPLETED,0:0,2026-06-08T14:43:42,2026-06-08T14:43:43,2026-06-08T15:08:41,1498,"billing=24,cpu=24,gres/gpu:l40s=4,gres/gpu=4,gres/tmp=1073741824,mem=120G,node=1","billing=24,cpu=24,gres/gpu=4,gres/tmp=1073741824,mem=120G,node=1",jnfat04,gpu_computervision_long,0,20260608_1345_article_B_single_dual_imagenette,true,4,1.6644444444
2675599,tunerl-article_1pattern_dscoder_cifar10_seed42_gcvl_p3000,CANCELLED by 221940,0:0,2026-06-08T15:26:37,2026-06-08T15:26:38,2026-06-08T15:34:59,501,"billing=32,cpu=32,gres/gpu:l40s=4,gres/gpu=4,gres/tmp=1073741824,mem=160G,node=1","billing=32,cpu=32,gres/gpu=4,gres/tmp=1073741824,mem=160G,node=1",jnfat04,gpu_computervision_long,0,20260608_1526_article_1pattern_dscoder_cifar10_seed42_gcvl_p3000,false,4,0.5566666667
2675601,tunerl-article_1pattern_dscoder_cifar10_seed114_gcvl_p3000,FAILED,1:0,2026-06-08T15:26:37,2026-06-08T15:26:40,2026-06-08T15:33:34,414,"billing=32,cpu=32,gres/gpu:l40s=4,gres/gpu=4,gres/tmp=1073741824,mem=160G,node=1","billing=32,cpu=32,gres/gpu=4,gres/tmp=1073741824,mem=160G,node=1",jnfat06,gpu_computervision_long,0,20260608_1526_article_1pattern_dscoder_cifar10_seed114_gcvl_p3000,false,4,0.4600000000
2675683,tunerl-article_1pattern_dscoder_cifar10_seed514_std_p3000,CANCELLED by 221940,0:0,2026-06-08T15:30:54,2026-06-08T15:31:17,2026-06-08T15:34:59,222,"billing=32,cpu=32,gres/gpu:l40=3,gres/gpu=3,gres/tmp=1073741824,mem=160G,node=1","billing=32,cpu=32,gres/gpu=3,gres/tmp=1073741824,mem=160G,node=1",jn105,standard,0,20260608_1530_article_1pattern_dscoder_cifar10_seed514_std_p3000,false,3,0.1850000000
2675803,abl-full_reward,CANCELLED by 221940,0:0,2026-06-08T15:43:55,2026-06-08T15:43:56,2026-06-08T15:47:01,185,"billing=32,cpu=32,gres/gpu:l40s=4,gres/gpu=4,gres/tmp=1073741824,mem=160G,node=1","billing=32,cpu=32,gres/gpu=4,gres/tmp=1073741824,mem=160G,node=1",jnfat04,gpu_computervision_long,0,20260608_1543_article_reward_ablation_a18_cifar10_gcvl_full_reward,false,4,0.2055555556
2675804,abl-no_diversity_bonus,CANCELLED by 221940,0:0,2026-06-08T15:43:55,2026-06-08T15:43:56,2026-06-08T15:47:02,186,"billing=32,cpu=32,gres/gpu:l40s=4,gres/gpu=4,gres/tmp=1073741824,mem=160G,node=1","billing=32,cpu=32,gres/gpu=4,gres/tmp=1073741824,mem=160G,node=1",jnfat06,gpu_computervision_long,0,20260608_1543_article_reward_ablation_a18_cifar10_gcvl_no_diversity_bonus,false,4,0.2066666667
2675832,abl-e1-full_reward,FAILED,1:0,2026-06-08T15:47:33,2026-06-08T15:47:33,2026-06-08T18:31:00,9807,"billing=32,cpu=32,gres/gpu:l40s=4,gres/gpu=4,gres/tmp=1073741824,mem=160G,node=1","billing=32,cpu=32,gres/gpu=4,gres/tmp=1073741824,mem=160G,node=1",jnfat04,gpu_computervision_long,0,20260608_1547_article_reward_ablation_a18_cifar10_gcvl_e1_full_reward,false,4,10.8966666667
2675833,abl-e1-no_diversity_bonus,CANCELLED by 221940,0:0,2026-06-08T15:47:33,2026-06-08T15:47:33,2026-06-08T19:20:25,12772,"billing=32,cpu=32,gres/gpu:l40s=4,gres/gpu=4,gres/tmp=1073741824,mem=160G,node=1","billing=32,cpu=32,gres/gpu=4,gres/tmp=1073741824,mem=160G,node=1",jnfat06,gpu_computervision_long,0,20260608_1547_article_reward_ablation_a18_cifar10_gcvl_e1_no_diversity_bonus,false,4,14.1911111111
2676023,abl-e1-std-no_repeat_penalty,CANCELLED by 221940,0:0,2026-06-08T16:46:28,2026-06-08T16:46:28,2026-06-08T19:20:26,9238,"billing=32,cpu=32,gres/gpu:l40=3,gres/gpu=3,gres/tmp=1073741824,mem=160G,node=1","billing=32,cpu=32,gres/gpu=3,gres/tmp=1073741824,mem=160G,node=1",jn020,standard,0,20260608_1646_article_reward_ablation_a18_cifar10_std_e1_no_repeat_penalty,false,3,7.6983333333
2676830,tunerl-article_1pattern_dscoder_cifar10_seed42_std_p3000_sameparams_probe,CANCELLED by 221940,0:0,2026-06-08T18:11:59,2026-06-08T18:12:02,2026-06-08T18:20:16,494,"billing=32,cpu=32,gres/gpu:l40=3,gres/gpu=3,gres/tmp=1073741824,mem=160G,node=1","billing=32,cpu=32,gres/gpu=3,gres/tmp=1073741824,mem=160G,node=1",jn102,standard,0,20260608_1811_article_1pattern_dscoder_cifar10_seed42_std_p3000_sameparams_probe,false,3,0.4116666667
2676852,tunerl-article_1pattern_dscoder_cifar10_seed42_std_p3000_adapter_precision_probe,CANCELLED by 221940,0:0,2026-06-08T18:15:22,2026-06-08T18:15:25,2026-06-08T18:20:16,291,"billing=32,cpu=32,gres/gpu:l40=3,gres/gpu=3,gres/tmp=1073741824,mem=160G,node=1","billing=32,cpu=32,gres/gpu=3,gres/tmp=1073741824,mem=160G,node=1",jn117,standard,0,20260608_1815_article_1pattern_dscoder_cifar10_seed42_std_p3000_adapter_precision_probe,false,3,0.2425000000
2677177,tunerl-article_1pattern_dscoder_cifar10_seed42_std_p3000_c1200_probe,FAILED,1:0,2026-06-08T18:20:45,2026-06-08T18:20:45,2026-06-08T18:28:47,482,"billing=32,cpu=32,gres/gpu:l40=3,gres/gpu=3,gres/tmp=1073741824,mem=160G,node=1","billing=32,cpu=32,gres/gpu=3,gres/tmp=1073741824,mem=160G,node=1",jn102,standard,0,20260608_1820_article_1pattern_dscoder_cifar10_seed42_std_p3000_c1200_probe,false,3,0.4016666667
2677210,tunerl-article_1pattern_dscoder_cifar10_seed42_std_p3000_alloc_probe,CANCELLED by 221940,0:0,2026-06-08T18:41:16,2026-06-08T18:41:16,2026-06-08T19:20:25,2349,"billing=32,cpu=32,gres/gpu:l40=3,gres/gpu=3,gres/tmp=1073741824,mem=160G,node=1","billing=32,cpu=32,gres/gpu=3,gres/tmp=1073741824,mem=160G,node=1",jn102,standard,0,20260608_1841_article_1pattern_dscoder_cifar10_seed42_std_p3000_alloc_probe,false,3,1.9575000000
2677248,abl-full_reward,COMPLETED,0:0,2026-06-08T19:22:02,2026-06-08T19:22:02,2026-06-09T16:59:55,77873,"billing=32,cpu=32,gres/gpu:l40s=4,gres/gpu=4,gres/tmp=1073741824,mem=160G,node=1","billing=32,cpu=32,gres/gpu=4,gres/tmp=1073741824,mem=160G,node=1",jnfat06,gpu_computervision_long,0,20260608_1922_article_reward_ablation_a18_cifar10_gcvl_e1_p3500_c1200_alloc_full_reward,false,4,86.5255555556
2677251,tunerl-article_d_a9_cifar10_seed42_p3500_c1200_alloc,COMPLETED,0:0,2026-06-08T19:22:02,2026-06-08T19:22:02,2026-06-09T06:25:28,39806,"billing=32,cpu=32,gres/gpu:l40=3,gres/gpu=3,gres/tmp=1073741824,mem=160G,node=1","billing=32,cpu=32,gres/gpu=3,gres/tmp=1073741824,mem=160G,node=1",jn006,standard,0,20260608_1922_article_D_a9_cifar10_seed42_p3500_c1200_alloc,false,3,33.1716666667
2677253,tunerl-article_d_a9_cifar10_seed114_p3500_c1200_alloc,COMPLETED,0:0,2026-06-08T19:22:03,2026-06-08T19:22:05,2026-06-09T01:11:30,20965,"billing=32,cpu=32,gres/gpu:l40=3,gres/gpu=3,gres/tmp=1073741824,mem=160G,node=1","billing=32,cpu=32,gres/gpu=3,gres/tmp=1073741824,mem=160G,node=1",jn020,standard,0,20260608_1922_article_D_a9_cifar10_seed114_p3500_c1200_alloc,false,3,17.4708333333
2677255,tunerl-article_d_a9_cifar10_seed514_p3500_c1200_alloc,OUT_OF_MEMORY,0:125,2026-06-08T19:22:03,2026-06-08T19:22:05,2026-06-08T19:41:23,1158,"billing=32,cpu=32,gres/gpu:l40=3,gres/gpu=3,gres/tmp=1073741824,mem=160G,node=1","billing=32,cpu=32,gres/gpu=3,gres/tmp=1073741824,mem=160G,node=1",jn102,standard,0,20260608_1922_article_D_a9_cifar10_seed514_p3500_c1200_alloc,false,3,0.9650000000
2677276,abl-no_diversity_bonus,COMPLETED,0:0,2026-06-08T19:28:09,2026-06-08T19:28:09,2026-06-09T16:10:33,74544,"billing=32,cpu=32,gres/gpu:l40s=3,gres/gpu=3,gres/tmp=1073741824,mem=160G,node=1","billing=32,cpu=32,gres/gpu=3,gres/tmp=1073741824,mem=160G,node=1",jnfat08,standard,0,20260608_1928_article_reward_ablation_a18_cifar10_std_e1_p3500_c1200_alloc_no_diversity_bonus,false,3,62.1200000000
2677277,abl-no_repeat_penalty,COMPLETED,0:0,2026-06-08T19:28:09,2026-06-08T19:28:09,2026-06-09T16:11:08,74579,"billing=32,cpu=32,gres/gpu:l40=3,gres/gpu=3,gres/tmp=1073741824,mem=160G,node=1","billing=32,cpu=32,gres/gpu=3,gres/tmp=1073741824,mem=160G,node=1",jn104,standard,0,20260608_1928_article_reward_ablation_a18_cifar10_std_e1_p3500_c1200_alloc_no_repeat_penalty,false,3,62.1491666667
2677284,tunerl-article_d_a9_cifar10_seed514_p3500_c1200_alloc_mem240,OUT_OF_MEMORY,0:125,2026-06-08T19:45:07,2026-06-08T19:45:10,2026-06-08T20:11:53,1603,"billing=32,cpu=32,gres/gpu:l40=3,gres/gpu=3,gres/tmp=1073741824,mem=240G,node=1","billing=32,cpu=32,gres/gpu=3,gres/tmp=1073741824,mem=240G,node=1",jn019,standard,0,20260608_1945_article_D_a9_cifar10_seed514_p3500_c1200_alloc_mem240,false,3,1.3358333333
2677527,diag-watch-2677526,FAILED,2:0,2026-06-08T21:33:24,2026-06-08T21:33:37,2026-06-08T21:33:37,0,"billing=2,cpu=2,gres/tmp=1073741824,mem=4G,node=1","billing=1,cpu=1,gres/tmp=1073741824,mem=2G,node=1",jn011,small_cpu,0,20260608_2132_diag_seed514_ram_oom_b3,false,,
2677537,diag-seed514-dump-b3,CANCELLED by 221940,0:0,2026-06-08T21:35:41,2026-06-08T21:41:46,2026-06-08T21:47:25,339,"billing=32,cpu=32,gres/gpu:l40s=3,gres/gpu=3,gres/tmp=1073741824,mem=160G,node=1","billing=32,cpu=32,gres/gpu=3,gres/tmp=1073741824,mem=160G,node=1",jnfat02,standard,0,20260608_2135_diag_seed514_dump_b3,false,3,0.2825000000
2677791,tunerl-article_d_a9_cifar10_seed514_p3500_c1200_alloc_meta,OUT_OF_MEMORY,0:125,2026-06-08T22:45:41,2026-06-08T22:46:03,2026-06-09T00:48:11,7328,"billing=32,cpu=32,gres/gpu:l40=3,gres/gpu=3,gres/tmp=1073741824,mem=160G,node=1","billing=32,cpu=32,gres/gpu=3,gres/tmp=1073741824,mem=160G,node=1",jn106,standard,0,20260608_2245_article_d_a9_cifar10_seed514_p3500_c1200_alloc_meta,false,3,6.1066666667
2680341,tunerl-article_d_a9_cifar10_seed123_gcvl_p3500_c1200_alloc,COMPLETED,0:0,2026-06-09T10:13:34,2026-06-09T10:17:23,2026-06-09T15:57:52,20429,"billing=32,cpu=32,gres/gpu:l40s=4,gres/gpu=4,gres/tmp=1073741824,mem=160G,node=1","billing=32,cpu=32,gres/gpu=4,gres/tmp=1073741824,mem=160G,node=1",jnfat06,gpu_computervision_long,0,20260609_1016_article_D_a9_cifar10_seed123_gcvl_p3500_c1200_alloc,false,4,22.6988888889
2680345,tunerl-article_d_a9_cifar10_seed777_std_p3500_c1200_alloc,COMPLETED,0:0,2026-06-09T10:14:45,2026-06-09T10:14:49,2026-06-09T20:58:52,38643,"billing=32,cpu=32,gres/gpu:l40=3,gres/gpu=3,gres/tmp=1073741824,mem=160G,node=1","billing=32,cpu=32,gres/gpu=3,gres/tmp=1073741824,mem=160G,node=1",jn002,standard,0,20260609_1019_article_D_a9_cifar10_seed777_std_p3500_c1200_alloc,false,3,32.2025000000
2680441,article-A-e10-rem88,FAILED,1:0,2026-06-09T10:18:26,2026-06-09T10:18:31,2026-06-09T10:18:33,2,"billing=32,cpu=32,gres/gpu:l40s=3,gres/gpu=3,gres/tmp=1073741824,mem=160G,node=1","billing=32,cpu=32,gres/gpu=3,gres/tmp=1073741824,mem=160G,node=1",jnfat02,standard,0,20260609_1020_article_A_epoch1_epoch10_remaining88,true,3,0.0016666667
2680504,article-A-e10-rem88,COMPLETED,0:0,2026-06-09T10:19:09,2026-06-09T10:19:14,2026-06-09T22:58:57,45583,"billing=32,cpu=32,gres/gpu:l40s=3,gres/gpu=3,gres/tmp=1073741824,mem=160G,node=1","billing=32,cpu=32,gres/gpu=3,gres/tmp=1073741824,mem=160G,node=1",jnfat08,standard,0,20260609_1020_article_A_epoch1_epoch10_remaining88,true,3,37.9858333333
2690381,abl-full_reward-s42,FAILED,1:0,2026-06-10T19:52:13,2026-06-10T19:52:13,2026-06-10T19:52:38,25,"billing=32,cpu=32,gres/gpu:l40s=4,gres/gpu=4,gres/tmp=1073741824,mem=160G,node=1","billing=32,cpu=32,gres/gpu=4,gres/tmp=1073741824,mem=160G,node=1",jnfat04,gpu_computervision_long,0,20260610_1952_4pattern_a18_cifar10_e10_p3500_c1200_gbs4_s100_full_reward_seed42,false,4,0.0277777778
2690384,abl-full_reward-s42,FAILED,1:0,2026-06-10T19:54:14,2026-06-10T19:54:14,2026-06-10T22:46:29,10335,"billing=32,cpu=32,gres/gpu:l40s=4,gres/gpu=4,gres/tmp=1073741824,mem=160G,node=1","billing=32,cpu=32,gres/gpu=4,gres/tmp=1073741824,mem=160G,node=1",jnfat04,gpu_computervision_long,0,20260610_4pattern_a18_cifar10_e10_p3500_c1200_s100_full_reward_seed42,false,4,11.4833333333
2697697,abl-full_reward-s42,CANCELLED by 221940,0:0,2026-06-12T11:23:35,2026-06-12T11:23:35,2026-06-12T11:31:01,446,"billing=32,cpu=32,gres/gpu:h100=3,gres/gpu=3,gres/tmp=1073741824,mem=160G,node=1","billing=32,cpu=32,gres/gpu=3,gres/tmp=1073741824,mem=160G,node=1",jnultra01,h100,0,20260612_4pattern_a18_cifar10_e5_p3500_c1200_s100_h100_full_reward_seed42,false,3,0.3716666667
2697701,abl-full_reward-s42,CANCELLED by 221940,0:0,2026-06-12T11:31:38,2026-06-12T11:31:38,2026-06-12T12:55:29,5031,"billing=32,cpu=32,gres/gpu:h100=3,gres/gpu=3,gres/tmp=1073741824,mem=160G,node=1","billing=32,cpu=32,gres/gpu=3,gres/tmp=1073741824,mem=160G,node=1",jnultra01,h100,0,20260612_4pattern_a18_cifar10_e5_p3500_c1200_s100_h100_shared_full_reward_seed42,false,3,4.1925000000
2697779,abl-no_diversity_bonus-s42,COMPLETED,0:0,2026-06-12T12:50:50,2026-06-12T12:58:25,2026-06-13T05:56:15,61070,"billing=32,cpu=32,gres/gpu:h100=4,gres/gpu=4,gres/tmp=1073741824,mem=160G,node=1","billing=32,cpu=32,gres/gpu=4,gres/tmp=1073741824,mem=160G,node=1",jnultra02,h100,0,20260612_4pattern_a18_cifar10_e5_p3500_c1200_s100_h100x4_shared_ablation_no_diversity_bonus_seed42,true,4,67.8555555556
2697785,abl-full_reward-s42,CANCELLED by 221940,0:0,2026-06-12T12:56:01,2026-06-12T12:56:07,2026-06-12T13:19:17,1390,"billing=32,cpu=32,gres/gpu:l40s=4,gres/gpu=4,gres/tmp=1073741824,mem=160G,node=1","billing=32,cpu=32,gres/gpu=4,gres/tmp=1073741824,mem=160G,node=1",jnfat05,gpu_computervision_long,0,20260612_4pattern_a18_cifar10_e5_p3500_c1200_s100_l40s_shared_full_full_reward_seed42,false,4,1.5444444444
2697817,abl-full_reward-s42,COMPLETED,0:0,2026-06-12T13:19:51,2026-06-12T13:19:55,2026-06-14T04:27:01,140826,"billing=32,cpu=32,gres/gpu:l40s=4,gres/gpu=4,gres/tmp=1073741824,mem=160G,node=1","billing=32,cpu=32,gres/gpu=4,gres/tmp=1073741824,mem=160G,node=1",jnfat05,gpu_computervision_long,0,20260612_4pattern_a18_cifar10_e5_p3500_c1200_s100_l40s_excl_full_full_reward_seed42,true,4,156.4733333333
2697840,abl-full_reward-s123,COMPLETED,0:0,2026-06-12T13:40:12,2026-06-12T18:00:25,2026-06-13T15:43:25,78180,"billing=32,cpu=32,gres/gpu:h100=4,gres/gpu=4,gres/tmp=1073741824,mem=160G,node=1","billing=32,cpu=32,gres/gpu=4,gres/tmp=1073741824,mem=160G,node=1",jnultra01,h100,0,20260612_4pattern_a18_cifar10_e5_p3500_c1200_s100_h100x4_shared_full_full_reward_seed123,true,4,86.8666666667
2697842,abl-full_reward-s777,COMPLETED,0:0,2026-06-12T13:40:57,2026-06-12T13:41:04,2026-06-14T15:03:07,177723,"billing=32,cpu=32,gres/gpu:l40s=4,gres/gpu=4,gres/tmp=1073741824,mem=160G,node=1","billing=32,cpu=32,gres/gpu=4,gres/tmp=1073741824,mem=160G,node=1",jnfat06,gpu_computervision_long,0,20260612_4pattern_a18_cifar10_e5_p3500_c1200_s100_l40s_excl_full_full_reward_seed777,true,4,197.4700000000
2697849,abl-no_repeat_penalty-s42,COMPLETED,0:0,2026-06-12T13:45:35,2026-06-12T13:45:42,2026-06-13T21:16:48,113466,"billing=32,cpu=32,gres/gpu:l40s=4,gres/gpu=4,gres/tmp=1073741824,mem=160G,node=1","billing=32,cpu=32,gres/gpu=4,gres/tmp=1073741824,mem=160G,node=1",jnfat04,gpu_computervision_long,0,20260612_4pattern_a18_cifar10_e5_p3500_c1200_s100_l40s_excl_ablation_no_repeat_penalty_seed42,true,4,126.0733333333
2723084,abl-full_reward-s42,COMPLETED,0:0,2026-06-18T06:53:23,2026-06-18T06:53:23,2026-06-18T23:57:44,61461,"billing=32,cpu=32,gres/gpu:h100=4,gres/gpu=4,gres/tmp=1073741824,mem=160G,node=1","billing=32,cpu=32,gres/gpu=4,gres/tmp=1073741824,mem=160G,node=1",jnultra01,h100,0,20260618_1pattern_a9_cifar10_e5_p3500_c1200_s100_h100x4_shared_full_full_reward_seed42,true,4,68.2900000000
2723085,abl-full_reward-s123,COMPLETED,0:0,2026-06-18T06:53:23,2026-06-18T06:53:24,2026-06-19T05:59:47,83183,"billing=32,cpu=32,gres/gpu:h100=4,gres/gpu=4,gres/tmp=1073741824,mem=160G,node=1","billing=32,cpu=32,gres/gpu=4,gres/tmp=1073741824,mem=160G,node=1",jnultra02,h100,0,20260618_1pattern_a9_cifar10_e5_p3500_c1200_s100_h100x4_shared_full_full_reward_seed123,true,4,92.4255555556
2723086,abl-full_reward-s777,COMPLETED,0:0,2026-06-18T06:53:23,2026-06-18T06:53:24,2026-06-19T00:55:47,64943,"billing=32,cpu=32,gres/gpu:h100=4,gres/gpu=4,gres/tmp=1073741824,mem=160G,node=1","billing=32,cpu=32,gres/gpu=4,gres/tmp=1073741824,mem=160G,node=1",jnultra02,h100,0,20260618_1pattern_a9_cifar10_e5_p3500_c1200_s100_h100x4_shared_full_full_reward_seed777,true,4,72.1588888889
2741594,sft1cur-gen100,COMPLETED,0:0,2026-06-21T18:22:15,2026-06-21T18:22:16,2026-06-21T19:31:56,4180,"billing=8,cpu=8,gres/gpu:h100=1,gres/gpu=1,gres/tmp=1073741824,mem=64G,node=1","billing=8,cpu=8,gres/gpu=1,gres/tmp=1073741824,mem=64G,node=1",jnultra01,h100,0,20260622_current_sftonly_baseline100_e1,true,1,1.1611111111
2741595,sft4cur-gen100,COMPLETED,0:0,2026-06-21T18:22:15,2026-06-21T18:22:16,2026-06-21T19:41:40,4764,"billing=8,cpu=8,gres/gpu:h100=1,gres/gpu=1,gres/tmp=1073741824,mem=64G,node=1","billing=8,cpu=8,gres/gpu=1,gres/tmp=1073741824,mem=64G,node=1",jnultra01,h100,0,20260622_current_sftonly_baseline100_e1,true,1,1.3233333333
2741688,rlaf1-gen100,COMPLETED,0:0,2026-06-21T19:02:13,2026-06-21T19:02:13,2026-06-21T20:02:48,3635,"billing=8,cpu=8,gres/gpu:h100=1,gres/gpu=1,gres/tmp=1073741824,mem=64G,node=1","billing=8,cpu=8,gres/gpu=1,gres/tmp=1073741824,mem=64G,node=1",jnultra01,h100,0,20260622_current_rlafter_baseline100_e1_seed42,false,1,1.0097222222
2741689,rlaf4-gen100,COMPLETED,0:0,2026-06-21T19:02:13,2026-06-21T19:02:13,2026-06-21T20:17:37,4524,"billing=8,cpu=8,gres/gpu:h100=1,gres/gpu=1,gres/tmp=1073741824,mem=64G,node=1","billing=8,cpu=8,gres/gpu=1,gres/tmp=1073741824,mem=64G,node=1",jnultra01,h100,0,20260622_current_rlafter_baseline100_e1_seed42,false,1,1.2566666667
2741724,sft-eval200-l40s,COMPLETED,0:0,2026-06-21T19:12:09,2026-06-21T19:41:40,2026-06-21T21:57:33,8153,"billing=24,cpu=24,gres/gpu:l40s=4,gres/gpu=4,gres/tmp=1073741824,mem=120G,node=1","billing=24,cpu=24,gres/gpu=4,gres/tmp=1073741824,mem=120G,node=1",jnfat04,gpu_computervision_long,0,20260622_current_split_eval200_e1_l40s_seed42,false,4,9.0588888889
2741725,rlaf-eval200-l40s,COMPLETED,0:0,2026-06-21T19:12:09,2026-06-21T20:17:37,2026-06-21T21:45:33,5276,"billing=24,cpu=24,gres/gpu:l40s=4,gres/gpu=4,gres/tmp=1073741824,mem=120G,node=1","billing=24,cpu=24,gres/gpu=4,gres/tmp=1073741824,mem=120G,node=1",jnfat05,gpu_computervision_long,0,20260622_current_split_eval200_e1_l40s_seed42,false,4,5.8622222222
2741726,sft-sum-l40s,COMPLETED,0:0,2026-06-21T19:12:09,2026-06-21T21:57:33,2026-06-21T21:57:38,5,"billing=2,cpu=2,gres/tmp=1073741824,mem=8G,node=1","billing=2,cpu=2,gres/tmp=1073741824,mem=8G,node=1",jn008,small_cpu,0,20260622_current_split_eval200_e1_l40s_seed42,false,,
2741727,rlaf-sum-l40s,COMPLETED,0:0,2026-06-21T19:12:09,2026-06-21T21:45:33,2026-06-21T21:45:35,2,"billing=2,cpu=2,gres/tmp=1073741824,mem=8G,node=1","billing=2,cpu=2,gres/tmp=1073741824,mem=8G,node=1",jn008,small_cpu,0,20260622_current_split_eval200_e1_l40s_seed42,false,,
2749718,sft-test-eval200,CANCELLED by 221940,0:0,2026-06-22T18:22:41,2026-06-22T18:22:41,2026-06-22T18:24:34,113,"billing=24,cpu=24,gres/gpu:l40s=4,gres/gpu=4,gres/tmp=1073741824,mem=120G,node=1","billing=24,cpu=24,gres/gpu=4,gres/tmp=1073741824,mem=120G,node=1",jnfat07,gpu_computervision_long,0,20260622_current_split_eval200_e1_l40s_seed42,false,4,0.1255555556
2749719,rlaf-test-eval200,CANCELLED by 221940,0:0,2026-06-22T18:22:41,2026-06-22T18:22:42,2026-06-22T18:24:35,113,"billing=24,cpu=24,gres/gpu:l40s=4,gres/gpu=4,gres/tmp=1073741824,mem=120G,node=1","billing=24,cpu=24,gres/gpu=4,gres/tmp=1073741824,mem=120G,node=1",jnfat05,gpu_computervision_long,0,20260622_current_split_eval200_e1_l40s_seed42,false,4,0.1255555556
2749751,sft-test-eval200-8g,COMPLETED,0:0,2026-06-22T18:24:38,2026-06-22T18:24:42,2026-06-22T20:06:10,6088,"billing=48,cpu=48,gres/gpu:l40s=8,gres/gpu=8,gres/tmp=1073741824,mem=240G,node=1","billing=48,cpu=48,gres/gpu=8,gres/tmp=1073741824,mem=240G,node=1",jnfat07,gpu_computervision_long,0,20260622_current_split_eval200_e1_l40s_seed42,false,8,13.5288888889
2749753,sft-test-sum-8g,COMPLETED,0:0,2026-06-22T18:24:38,2026-06-22T20:06:10,2026-06-22T20:06:17,7,"billing=2,cpu=2,gres/tmp=1073741824,mem=4G,node=1","billing=1,cpu=1,gres/tmp=1073741824,mem=2G,node=1",jn008,small_cpu,0,20260622_current_split_eval200_e1_l40s_seed42,false,,
2749875,rlaf-test-eval200-3g,CANCELLED by 221940,0:0,2026-06-22T18:31:33,2026-06-22T18:31:33,2026-06-22T18:32:30,57,"billing=12,cpu=12,gres/gpu:l40s=3,gres/gpu=3,gres/tmp=1073741824,mem=48G,node=1","billing=12,cpu=12,gres/gpu=3,gres/tmp=1073741824,mem=48G,node=1",jnfat04,gpu_computervision_long,0,20260622_current_split_eval200_e1_l40s_seed42,false,3,0.0475000000
2749894,rlaf-test-eval200-h100x6,COMPLETED,0:0,2026-06-22T18:32:31,2026-06-22T18:32:31,2026-06-22T19:45:21,4370,"billing=48,cpu=48,gres/gpu:h100=6,gres/gpu=6,gres/tmp=1073741824,mem=384G,node=1","billing=48,cpu=48,gres/gpu=6,gres/tmp=1073741824,mem=384G,node=1",jnultra02,h100,0,20260622_current_split_eval200_e1_l40s_seed42,false,6,7.2833333333
2749895,rlaf-test-sum-h100x6,COMPLETED,0:0,2026-06-22T18:32:31,2026-06-22T19:45:21,2026-06-22T19:45:29,8,"billing=2,cpu=2,gres/tmp=1073741824,mem=4G,node=1","billing=1,cpu=1,gres/tmp=1073741824,mem=2G,node=1",jn008,small_cpu,0,20260622_current_split_eval200_e1_l40s_seed42,false,,
2751655,abl-no_diversity_bonus-s123,FAILED,1:0,2026-06-22T19:51:54,2026-06-22T19:51:54,2026-06-23T13:11:58,62404,"billing=32,cpu=32,gres/gpu:h100=4,gres/gpu=4,gres/tmp=1073741824,mem=160G,node=1","billing=32,cpu=32,gres/gpu=4,gres/tmp=1073741824,mem=160G,node=1",jnultra02,h100,0,20260623_4pattern_a18_cifar10_e5_p3500_c1200_s100_h100x4_ablation_extra_no_diversity_bonus_seed123,true,4,69.3377777778
2751692,rc-e5-test-8g,COMPLETED,0:0,2026-06-22T19:55:58,2026-06-22T20:06:10,2026-06-23T00:33:24,16034,"billing=32,cpu=32,gres/gpu:l40s=8,gres/gpu=8,gres/tmp=1073741824,mem=160G,node=1","billing=32,cpu=32,gres/gpu=8,gres/tmp=1073741824,mem=160G,node=1",jnfat07,gpu_computervision_long,0,20260623_rc_sampler_cifar10_e5_heldout_test_l40s_reuse100,true,8,35.6311111111
2752062,abl-no_repeat_penalty-s123-l40s5,FAILED,1:0,2026-06-22T20:46:15,2026-06-22T20:46:17,2026-06-23T04:21:56,27339,"billing=32,cpu=32,gres/gpu:l40s=5,gres/gpu=5,gres/tmp=1073741824,mem=160G,node=1","billing=32,cpu=32,gres/gpu=5,gres/tmp=1073741824,mem=160G,node=1",jnfat01,standard,0,20260623_4pattern_a18_cifar10_e5_p3500_c1200_s100_l40s5_ablation_extra_no_repeat_penalty_seed123,false,5,37.9708333333
2752428,rc-e1-test-2g,CANCELLED by 221940,0:0,2026-06-22T21:47:57,2026-06-22T21:47:57,2026-06-22T21:49:54,117,"billing=24,cpu=24,gres/gpu:l40s=2,gres/gpu=2,gres/tmp=1073741824,mem=120G,node=1","billing=24,cpu=24,gres/gpu=2,gres/tmp=1073741824,mem=120G,node=1",jnfat05,gpu_computervision,0,20260623_rc_sampler_cifar10_e1_heldout_test_l40s_reuse100,false,2,0.0650000000
2752444,rc-e1-test-3g,CANCELLED by 221940,0:0,2026-06-22T21:49:54,2026-06-22T21:49:57,2026-06-22T21:51:17,80,"billing=24,cpu=24,gres/gpu:l40s=3,gres/gpu=3,gres/tmp=1073741824,mem=120G,node=1","billing=24,cpu=24,gres/gpu=3,gres/tmp=1073741824,mem=120G,node=1",jnfat04,gpu_computervision,0,20260623_rc_sampler_cifar10_e1_heldout_test_l40s_reuse100,false,3,0.0666666667
2752456,rc-e1-test-6g,CANCELLED by 221940,0:0,2026-06-22T21:51:17,2026-06-22T21:51:17,2026-06-22T21:53:47,150,"billing=48,cpu=48,gres/gpu:l40s=6,gres/gpu=6,gres/tmp=1073741824,mem=240G,node=1","billing=48,cpu=48,gres/gpu=6,gres/tmp=1073741824,mem=240G,node=1",jnfat09,standard,0,20260623_rc_sampler_cifar10_e1_heldout_test_l40s_reuse100,false,6,0.2500000000
2752475,rc-e1-test-h100x3,COMPLETED,0:0,2026-06-22T21:53:47,2026-06-22T21:53:48,2026-06-22T23:22:00,5292,"billing=32,cpu=32,gres/gpu:h100=3,gres/gpu=3,gres/tmp=1073741824,mem=160G,node=1","billing=32,cpu=32,gres/gpu=3,gres/tmp=1073741824,mem=160G,node=1",jnultra02,h100,0,20260623_rc_sampler_cifar10_e1_heldout_test_h100x3_reuse100,true,3,4.4100000000
2754538,abl-no_repeat_penalty-s123,CANCELLED by 221940,0:0,2026-06-23T09:45:51,2026-06-23T09:45:51,2026-06-23T09:47:49,118,"billing=32,cpu=32,gres/gpu:h100=3,gres/gpu=3,gres/tmp=1073741824,mem=160G,node=1","billing=32,cpu=32,gres/gpu=3,gres/tmp=1073741824,mem=160G,node=1",jnultra02,h100,0,20260623_4pattern_a18_cifar10_e5_p3500_c1200_s800_h100x3_ablation_extra_no_repeat_penalty_seed123,false,3,0.0983333333
2755237,abl-no_repeat_penalty-s123,COMPLETED,0:0,2026-06-23T13:09:39,2026-06-23T13:29:28,2026-06-24T05:44:30,58502,"billing=32,cpu=32,gres/gpu:h100=4,gres/gpu=4,gres/tmp=1073741824,mem=160G,node=1","billing=32,cpu=32,gres/gpu=4,gres/tmp=1073741824,mem=160G,node=1",jnultra02,h100,0,20260623_4pattern_a18_cifar10_e5_p3500_c1200_s800_h100x4_ablation_extra_no_repeat_penalty_seed123,true,4,65.0022222222
2759192,abl-no_repeat_penalty-s123,CANCELLED by 221940,0:0,2026-06-24T10:42:35,2026-06-24T10:42:36,2026-06-24T11:22:32,2396,"billing=32,cpu=32,gres/gpu:l40s=5,gres/gpu=5,gres/tmp=1073741824,mem=160G,node=1","billing=32,cpu=32,gres/gpu=5,gres/tmp=1073741824,mem=160G,node=1",jnfat04,gpu_computervision,0,20260624_l40s_oomdiag_alloc_gbs8_no_repeat_penalty_seed123,false,5,3.3277777778
2759372,abl-no_diversity_bonus-s777,CANCELLED by 221940,0:0,2026-06-24T11:17:22,2026-06-24T11:17:27,2026-06-24T17:03:07,20740,"billing=32,cpu=32,gres/gpu:l40s=5,gres/gpu=5,gres/tmp=1073741824,mem=160G,node=1","billing=32,cpu=32,gres/gpu=5,gres/tmp=1073741824,mem=160G,node=1",jnfat01,standard,0,20260624_4pattern_a18_cifar10_e5_p3500_c1200_s800_standard_l40s5_ablation_extra_no_diversity_bonus_seed777,false,5,28.8055555556
2759373,abl-no_repeat_penalty-s777,CANCELLED by 221940,0:0,2026-06-24T11:17:22,2026-06-24T11:18:01,2026-06-24T17:03:08,20707,"billing=32,cpu=32,gres/gpu:l40s=5,gres/gpu=5,gres/tmp=1073741824,mem=160G,node=1","billing=32,cpu=32,gres/gpu=5,gres/tmp=1073741824,mem=160G,node=1",jnfat08,standard,0,20260624_4pattern_a18_cifar10_e5_p3500_c1200_s800_standard_l40s5_ablation_extra_no_repeat_penalty_seed777,false,5,28.7597222222
2759453,gen3x3-dscoder_cifar10,CANCELLED by 221940,0:0,2026-06-24T11:57:05,2026-06-24T11:57:08,2026-06-24T11:59:41,153,"billing=8,cpu=8,gres/gpu:l40=1,gres/gpu=1,gres/tmp=1073741824,mem=64G,node=1","billing=8,cpu=8,gres/gpu=1,gres/tmp=1073741824,mem=64G,node=1",jn112,standard,0,20260624_3x3_gen100_heldout_test,false,1,0.0425000000
2759454,gen3x3-dscoder_cifar100,CANCELLED by 221940,0:0,2026-06-24T11:57:05,2026-06-24T11:57:11,2026-06-24T11:59:41,150,"billing=8,cpu=8,gres/gpu:l40=1,gres/gpu=1,gres/tmp=1073741824,mem=64G,node=1","billing=8,cpu=8,gres/gpu=1,gres/tmp=1073741824,mem=64G,node=1",jn103,standard,0,20260624_3x3_gen100_heldout_test,false,1,0.0416666667
2759455,gen3x3-dscoder_imagenette,CANCELLED by 221940,0:0,2026-06-24T11:57:05,2026-06-24T11:57:14,2026-06-24T11:59:42,148,"billing=8,cpu=8,gres/gpu:l40=1,gres/gpu=1,gres/tmp=1073741824,mem=64G,node=1","billing=8,cpu=8,gres/gpu=1,gres/tmp=1073741824,mem=64G,node=1",jn107,standard,0,20260624_3x3_gen100_heldout_test,false,1,0.0411111111
2759456,gen3x3-qwen_cifar10,FAILED,1:0,2026-06-24T11:57:05,2026-06-24T11:57:16,2026-06-24T11:57:41,25,"billing=8,cpu=8,gres/gpu:l40=1,gres/gpu=1,gres/tmp=1073741824,mem=64G,node=1","billing=8,cpu=8,gres/gpu=1,gres/tmp=1073741824,mem=64G,node=1",jn016,standard,0,20260624_3x3_gen100_heldout_test,false,1,0.0069444444
2759457,gen3x3-qwen_cifar100,FAILED,1:0,2026-06-24T11:57:05,2026-06-24T11:57:19,2026-06-24T11:57:48,29,"billing=8,cpu=8,gres/gpu:l40=1,gres/gpu=1,gres/tmp=1073741824,mem=64G,node=1","billing=8,cpu=8,gres/gpu=1,gres/tmp=1073741824,mem=64G,node=1",jn101,standard,0,20260624_3x3_gen100_heldout_test,false,1,0.0080555556
2759458,gen3x3-qwen_imagenette,FAILED,1:0,2026-06-24T11:57:05,2026-06-24T11:57:22,2026-06-24T11:57:48,26,"billing=8,cpu=8,gres/gpu:l40=1,gres/gpu=1,gres/tmp=1073741824,mem=64G,node=1","billing=8,cpu=8,gres/gpu=1,gres/tmp=1073741824,mem=64G,node=1",jn015,standard,0,20260624_3x3_gen100_heldout_test,false,1,0.0072222222
2759459,gen3x3-olympic_cifar10,FAILED,1:0,2026-06-24T11:57:05,2026-06-24T11:57:24,2026-06-24T11:57:41,17,"billing=8,cpu=8,gres/gpu:l40=1,gres/gpu=1,gres/tmp=1073741824,mem=64G,node=1","billing=8,cpu=8,gres/gpu=1,gres/tmp=1073741824,mem=64G,node=1",jn016,standard,0,20260624_3x3_gen100_heldout_test,false,1,0.0047222222
2759460,gen3x3-olympic_cifar100,FAILED,1:0,2026-06-24T11:57:05,2026-06-24T11:57:26,2026-06-24T11:57:53,27,"billing=8,cpu=8,gres/gpu:l40=1,gres/gpu=1,gres/tmp=1073741824,mem=64G,node=1","billing=8,cpu=8,gres/gpu=1,gres/tmp=1073741824,mem=64G,node=1",jn013,standard,0,20260624_3x3_gen100_heldout_test,false,1,0.0075000000
2759461,gen3x3-olympic_imagenette,FAILED,1:0,2026-06-24T11:57:05,2026-06-24T11:57:30,2026-06-24T11:57:58,28,"billing=8,cpu=8,gres/gpu:l40=1,gres/gpu=1,gres/tmp=1073741824,mem=64G,node=1","billing=8,cpu=8,gres/gpu=1,gres/tmp=1073741824,mem=64G,node=1",jn117,standard,0,20260624_3x3_gen100_heldout_test,false,1,0.0077777778
2759471,gen3x3-dscoder_cifar10,CANCELLED by 221940,0:0,2026-06-24T12:01:32,2026-06-24T12:01:35,2026-06-24T12:07:00,325,"billing=8,cpu=8,gres/gpu:l40=1,gres/gpu=1,gres/tmp=1073741824,mem=64G,node=1","billing=8,cpu=8,gres/gpu=1,gres/tmp=1073741824,mem=64G,node=1",jn107,standard,0,20260624_3x3_gen100_heldout_test,false,1,0.0902777778
2759472,gen3x3-dscoder_cifar100,CANCELLED by 221940,0:0,2026-06-24T12:01:32,2026-06-24T12:01:38,2026-06-24T12:07:00,322,"billing=8,cpu=8,gres/gpu:l40=1,gres/gpu=1,gres/tmp=1073741824,mem=64G,node=1","billing=8,cpu=8,gres/gpu=1,gres/tmp=1073741824,mem=64G,node=1",jn112,standard,0,20260624_3x3_gen100_heldout_test,false,1,0.0894444444
2759473,gen3x3-dscoder_imagenette,CANCELLED by 221940,0:0,2026-06-24T12:01:32,2026-06-24T12:01:41,2026-06-24T12:07:00,319,"billing=8,cpu=8,gres/gpu:l40=1,gres/gpu=1,gres/tmp=1073741824,mem=64G,node=1","billing=8,cpu=8,gres/gpu=1,gres/tmp=1073741824,mem=64G,node=1",jn103,standard,0,20260624_3x3_gen100_heldout_test,false,1,0.0886111111
2759474,gen3x3-qwen_cifar10,CANCELLED by 221940,0:0,2026-06-24T12:01:32,2026-06-24T12:01:44,2026-06-24T12:07:01,317,"billing=8,cpu=8,gres/gpu:l40=1,gres/gpu=1,gres/tmp=1073741824,mem=64G,node=1","billing=8,cpu=8,gres/gpu=1,gres/tmp=1073741824,mem=64G,node=1",jn106,standard,0,20260624_3x3_gen100_heldout_test,false,1,0.0880555556
2759475,gen3x3-qwen_cifar100,CANCELLED by 221940,0:0,2026-06-24T12:01:32,2026-06-24T12:01:45,2026-06-24T12:07:00,315,"billing=8,cpu=8,gres/gpu:l40=1,gres/gpu=1,gres/tmp=1073741824,mem=64G,node=1","billing=8,cpu=8,gres/gpu=1,gres/tmp=1073741824,mem=64G,node=1",jn010,standard,0,20260624_3x3_gen100_heldout_test,false,1,0.0875000000
2759476,gen3x3-qwen_imagenette,CANCELLED by 221940,0:0,2026-06-24T12:01:32,2026-06-24T12:01:45,2026-06-24T12:07:01,316,"billing=8,cpu=8,gres/gpu:l40=1,gres/gpu=1,gres/tmp=1073741824,mem=64G,node=1","billing=8,cpu=8,gres/gpu=1,gres/tmp=1073741824,mem=64G,node=1",jn008,standard,0,20260624_3x3_gen100_heldout_test,false,1,0.0877777778
2759477,gen3x3-olympic_cifar10,CANCELLED by 221940,0:0,2026-06-24T12:01:32,2026-06-24T12:01:45,2026-06-24T12:07:00,315,"billing=8,cpu=8,gres/gpu:l40=1,gres/gpu=1,gres/tmp=1073741824,mem=64G,node=1","billing=8,cpu=8,gres/gpu=1,gres/tmp=1073741824,mem=64G,node=1",jn013,standard,0,20260624_3x3_gen100_heldout_test,false,1,0.0875000000
2759478,gen3x3-olympic_cifar100,CANCELLED by 221940,0:0,2026-06-24T12:01:32,2026-06-24T12:01:50,2026-06-24T12:07:00,310,"billing=8,cpu=8,gres/gpu:l40=1,gres/gpu=1,gres/tmp=1073741824,mem=64G,node=1","billing=8,cpu=8,gres/gpu=1,gres/tmp=1073741824,mem=64G,node=1",jn004,standard,0,20260624_3x3_gen100_heldout_test,false,1,0.0861111111
2759479,gen3x3-olympic_imagenette,CANCELLED by 221940,0:0,2026-06-24T12:01:32,2026-06-24T12:01:50,2026-06-24T12:07:00,310,"billing=8,cpu=8,gres/gpu:l40=1,gres/gpu=1,gres/tmp=1073741824,mem=64G,node=1","billing=8,cpu=8,gres/gpu=1,gres/tmp=1073741824,mem=64G,node=1",jn012,standard,0,20260624_3x3_gen100_heldout_test,false,1,0.0861111111
2759487,gen3x3-dscoder_cifar10,COMPLETED,0:0,2026-06-24T12:07:59,2026-06-24T12:07:59,2026-06-24T13:43:03,5704,"billing=8,cpu=8,gres/gpu:l40=1,gres/gpu=1,gres/tmp=1073741824,mem=64G,node=1","billing=8,cpu=8,gres/gpu=1,gres/tmp=1073741824,mem=64G,node=1",jn004,standard,0,20260624_3x3_gen100_heldout_test,false,1,1.5844444444
2759488,gen3x3-dscoder_cifar100,COMPLETED,0:0,2026-06-24T12:08:00,2026-06-24T12:08:05,2026-06-24T13:14:11,3966,"billing=8,cpu=8,gres/gpu:l40s=1,gres/gpu=1,gres/tmp=1073741824,mem=64G,node=1","billing=8,cpu=8,gres/gpu=1,gres/tmp=1073741824,mem=64G,node=1",jnfat08,standard,0,20260624_3x3_gen100_heldout_test,false,1,1.1016666667
2759489,gen3x3-dscoder_imagenette,COMPLETED,0:0,2026-06-24T12:08:00,2026-06-24T12:08:08,2026-06-24T14:18:27,7819,"billing=8,cpu=8,gres/gpu:l40=1,gres/gpu=1,gres/tmp=1073741824,mem=64G,node=1","billing=8,cpu=8,gres/gpu=1,gres/tmp=1073741824,mem=64G,node=1",jn013,standard,0,20260624_3x3_gen100_heldout_test,false,1,2.1719444444
2759490,gen3x3-qwen_cifar10,COMPLETED,0:0,2026-06-24T12:08:00,2026-06-24T12:08:11,2026-06-24T13:13:21,3910,"billing=8,cpu=8,gres/gpu:l40=1,gres/gpu=1,gres/tmp=1073741824,mem=64G,node=1","billing=8,cpu=8,gres/gpu=1,gres/tmp=1073741824,mem=64G,node=1",jn103,standard,0,20260624_3x3_gen100_heldout_test,false,1,1.0861111111
2759491,gen3x3-qwen_cifar100,COMPLETED,0:0,2026-06-24T12:08:00,2026-06-24T12:08:13,2026-06-24T13:12:01,3828,"billing=8,cpu=8,gres/gpu:l40=1,gres/gpu=1,gres/tmp=1073741824,mem=64G,node=1","billing=8,cpu=8,gres/gpu=1,gres/tmp=1073741824,mem=64G,node=1",jn008,standard,0,20260624_3x3_gen100_heldout_test,false,1,1.0633333333
2759492,gen3x3-qwen_imagenette,COMPLETED,0:0,2026-06-24T12:08:00,2026-06-24T12:08:16,2026-06-24T13:08:16,3600,"billing=8,cpu=8,gres/gpu:l40=1,gres/gpu=1,gres/tmp=1073741824,mem=64G,node=1","billing=8,cpu=8,gres/gpu=1,gres/tmp=1073741824,mem=64G,node=1",jn010,standard,0,20260624_3x3_gen100_heldout_test,false,1,1.0000000000
2759493,gen3x3-olympic_cifar10,COMPLETED,0:0,2026-06-24T12:08:00,2026-06-24T12:08:21,2026-06-24T13:25:37,4636,"billing=8,cpu=8,gres/gpu:l40=1,gres/gpu=1,gres/tmp=1073741824,mem=64G,node=1","billing=8,cpu=8,gres/gpu=1,gres/tmp=1073741824,mem=64G,node=1",jn110,standard,0,20260624_3x3_gen100_heldout_test,false,1,1.2877777778
2759494,gen3x3-olympic_cifar100,COMPLETED,0:0,2026-06-24T12:08:00,2026-06-24T12:08:25,2026-06-24T13:11:43,3798,"billing=8,cpu=8,gres/gpu:l40=1,gres/gpu=1,gres/tmp=1073741824,mem=64G,node=1","billing=8,cpu=8,gres/gpu=1,gres/tmp=1073741824,mem=64G,node=1",jn015,standard,0,20260624_3x3_gen100_heldout_test,false,1,1.0550000000
2759495,gen3x3-olympic_imagenette,COMPLETED,0:0,2026-06-24T12:08:00,2026-06-24T12:08:25,2026-06-24T13:14:29,3964,"billing=8,cpu=8,gres/gpu:l40=1,gres/gpu=1,gres/tmp=1073741824,mem=64G,node=1","billing=8,cpu=8,gres/gpu=1,gres/tmp=1073741824,mem=64G,node=1",jn015,standard,0,20260624_3x3_gen100_heldout_test,false,1,1.1011111111
2759921,e3x3-dual-c10-u000_014,COMPLETED,0:0,2026-06-24T14:33:17,2026-06-24T14:33:24,2026-06-24T17:13:10,9586,"billing=16,cpu=16,gres/gpu:l40s=2,gres/gpu=2,gres/tmp=1073741824,mem=96G,node=1","billing=16,cpu=16,gres/gpu=2,gres/tmp=1073741824,mem=96G,node=1",jnfat09,standard,0,20260624_3x3_gen100_heldout_test,false,2,5.3255555556
2759922,e3x3-dual-c100-u000_014,COMPLETED,0:0,2026-06-24T14:33:17,2026-06-24T14:33:27,2026-06-24T17:22:40,10153,"billing=16,cpu=16,gres/gpu:l40=2,gres/gpu=2,gres/tmp=1073741824,mem=96G,node=1","billing=16,cpu=16,gres/gpu=2,gres/tmp=1073741824,mem=96G,node=1",jn004,standard,0,20260624_3x3_gen100_heldout_test,false,2,5.6405555556
2759923,e3x3-dual-img-u000_014,COMPLETED,0:0,2026-06-24T14:33:17,2026-06-24T14:33:30,2026-06-24T16:21:48,6498,"billing=16,cpu=16,gres/gpu:l40=2,gres/gpu=2,gres/tmp=1073741824,mem=96G,node=1","billing=16,cpu=16,gres/gpu=2,gres/tmp=1073741824,mem=96G,node=1",jn106,standard,0,20260624_3x3_gen100_heldout_test,false,2,3.6100000000
2759924,e3x3-dual-c10-u015_029,COMPLETED,0:0,2026-06-24T14:33:17,2026-06-24T14:33:32,2026-06-24T17:45:47,11535,"billing=16,cpu=16,gres/gpu:l40=2,gres/gpu=2,gres/tmp=1073741824,mem=96G,node=1","billing=16,cpu=16,gres/gpu=2,gres/tmp=1073741824,mem=96G,node=1",jn014,standard,0,20260624_3x3_gen100_heldout_test,false,2,6.4083333333
2759925,e3x3-dual-c100-u015_029,COMPLETED,0:0,2026-06-24T14:33:17,2026-06-24T14:33:35,2026-06-24T18:07:12,12817,"billing=16,cpu=16,gres/gpu:l40=2,gres/gpu=2,gres/tmp=1073741824,mem=96G,node=1","billing=16,cpu=16,gres/gpu=2,gres/tmp=1073741824,mem=96G,node=1",jn103,standard,0,20260624_3x3_gen100_heldout_test,false,2,7.1205555556
2759936,e3x3-single-c10-u075_077,CANCELLED by 221940,0:0,2026-06-24T14:33:17,2026-06-24T14:33:36,2026-06-24T14:40:03,387,"billing=8,cpu=8,gres/gpu:l40=1,gres/gpu=1,gres/tmp=1073741824,mem=48G,node=1","billing=8,cpu=8,gres/gpu=1,gres/tmp=1073741824,mem=48G,node=1",jn011,standard,0,20260624_3x3_gen100_heldout_test,false,1,0.1075000000
2759937,e3x3-single-c100-u075_077,CANCELLED by 221940,0:0,2026-06-24T14:33:17,2026-06-24T14:33:36,2026-06-24T14:40:03,387,"billing=8,cpu=8,gres/gpu:l40=1,gres/gpu=1,gres/tmp=1073741824,mem=48G,node=1","billing=8,cpu=8,gres/gpu=1,gres/tmp=1073741824,mem=48G,node=1",jn013,standard,0,20260624_3x3_gen100_heldout_test,false,1,0.1075000000
2759938,e3x3-single-img-u075_077,CANCELLED by 221940,0:0,2026-06-24T14:33:17,2026-06-24T14:33:36,2026-06-24T14:40:03,387,"billing=8,cpu=8,gres/gpu:l40=1,gres/gpu=1,gres/tmp=1073741824,mem=48G,node=1","billing=8,cpu=8,gres/gpu=1,gres/tmp=1073741824,mem=48G,node=1",jn109,standard,0,20260624_3x3_gen100_heldout_test,false,1,0.1075000000
2759939,e3x3-single-c10-u078_080,CANCELLED by 221940,0:0,2026-06-24T14:33:17,2026-06-24T14:33:40,2026-06-24T14:40:03,383,"billing=8,cpu=8,gres/gpu:l40s=1,gres/gpu=1,gres/tmp=1073741824,mem=48G,node=1","billing=8,cpu=8,gres/gpu=1,gres/tmp=1073741824,mem=48G,node=1",jnfat08,standard,0,20260624_3x3_gen100_heldout_test,false,1,0.1063888889
2759940,e3x3-single-c100-u078_080,CANCELLED by 221940,0:0,2026-06-24T14:33:17,2026-06-24T14:33:40,2026-06-24T14:40:03,383,"billing=8,cpu=8,gres/gpu:l40s=1,gres/gpu=1,gres/tmp=1073741824,mem=48G,node=1","billing=8,cpu=8,gres/gpu=1,gres/tmp=1073741824,mem=48G,node=1",jnfat09,standard,0,20260624_3x3_gen100_heldout_test,false,1,0.1063888889
2759963,e3x3-single-c10-u075_077,COMPLETED,0:0,2026-06-24T14:42:11,2026-06-24T14:42:14,2026-06-24T15:39:27,3433,"billing=8,cpu=8,gres/gpu:l40s=1,gres/gpu=1,gres/tmp=1073741824,mem=48G,node=1","billing=8,cpu=8,gres/gpu=1,gres/tmp=1073741824,mem=48G,node=1",jnfat08,standard,0,20260624_3x3_gen100_heldout_test,false,1,0.9536111111
2759964,e3x3-single-c100-u075_077,COMPLETED,0:0,2026-06-24T14:42:11,2026-06-24T14:42:17,2026-06-24T15:42:49,3632,"billing=8,cpu=8,gres/gpu:l40=1,gres/gpu=1,gres/tmp=1073741824,mem=48G,node=1","billing=8,cpu=8,gres/gpu=1,gres/tmp=1073741824,mem=48G,node=1",jn111,standard,0,20260624_3x3_gen100_heldout_test,false,1,1.0088888889
2759965,e3x3-single-img-u075_077,COMPLETED,0:0,2026-06-24T14:42:11,2026-06-24T14:42:19,2026-06-24T15:14:27,1928,"billing=8,cpu=8,gres/gpu:l40s=1,gres/gpu=1,gres/tmp=1073741824,mem=48G,node=1","billing=8,cpu=8,gres/gpu=1,gres/tmp=1073741824,mem=48G,node=1",jnfat09,standard,0,20260624_3x3_gen100_heldout_test,false,1,0.5355555556
2759966,e3x3-single-c10-u078_080,COMPLETED,0:0,2026-06-24T14:42:11,2026-06-24T14:42:19,2026-06-24T15:42:32,3613,"billing=8,cpu=8,gres/gpu:l40=1,gres/gpu=1,gres/tmp=1073741824,mem=48G,node=1","billing=8,cpu=8,gres/gpu=1,gres/tmp=1073741824,mem=48G,node=1",jn013,standard,0,20260624_3x3_gen100_heldout_test,false,1,1.0036111111
2759967,e3x3-single-c100-u078_080,COMPLETED,0:0,2026-06-24T14:42:11,2026-06-24T14:42:22,2026-06-24T15:47:02,3880,"billing=8,cpu=8,gres/gpu:l40=1,gres/gpu=1,gres/tmp=1073741824,mem=48G,node=1","billing=8,cpu=8,gres/gpu=1,gres/tmp=1073741824,mem=48G,node=1",jn020,standard,0,20260624_3x3_gen100_heldout_test,false,1,1.0777777778
2759968,e3x3-single-img-u078_080,COMPLETED,0:0,2026-06-24T14:42:11,2026-06-24T15:39:46,2026-06-24T16:11:05,1879,"billing=8,cpu=8,gres/gpu:l40s=1,gres/gpu=1,gres/tmp=1073741824,mem=48G,node=1","billing=8,cpu=8,gres/gpu=1,gres/tmp=1073741824,mem=48G,node=1",jnfat08,standard,0,20260624_3x3_gen100_heldout_test,false,1,0.5219444444
2759969,e3x3-single-c10-u081_083,COMPLETED,0:0,2026-06-24T14:42:11,2026-06-24T15:42:53,2026-06-24T16:38:11,3318,"billing=8,cpu=8,gres/gpu:l40=1,gres/gpu=1,gres/tmp=1073741824,mem=48G,node=1","billing=8,cpu=8,gres/gpu=1,gres/tmp=1073741824,mem=48G,node=1",jn013,standard,0,20260624_3x3_gen100_heldout_test,false,1,0.9216666667
2759970,e3x3-single-c100-u081_083,COMPLETED,0:0,2026-06-24T14:42:11,2026-06-24T15:14:35,2026-06-24T16:09:55,3320,"billing=8,cpu=8,gres/gpu:l40s=1,gres/gpu=1,gres/tmp=1073741824,mem=48G,node=1","billing=8,cpu=8,gres/gpu=1,gres/tmp=1073741824,mem=48G,node=1",jnfat09,standard,0,20260624_3x3_gen100_heldout_test,false,1,0.9222222222
2759971,e3x3-single-img-u081_083,COMPLETED,0:0,2026-06-24T14:42:11,2026-06-24T15:42:53,2026-06-24T16:21:00,2287,"billing=8,cpu=8,gres/gpu:l40=1,gres/gpu=1,gres/tmp=1073741824,mem=48G,node=1","billing=8,cpu=8,gres/gpu=1,gres/tmp=1073741824,mem=48G,node=1",jn111,standard,0,20260624_3x3_gen100_heldout_test,false,1,0.6352777778
2759972,e3x3-single-c10-u084_086,COMPLETED,0:0,2026-06-24T14:42:11,2026-06-24T15:47:32,2026-06-24T16:56:10,4118,"billing=8,cpu=8,gres/gpu:l40=1,gres/gpu=1,gres/tmp=1073741824,mem=48G,node=1","billing=8,cpu=8,gres/gpu=1,gres/tmp=1073741824,mem=48G,node=1",jn011,standard,0,20260624_3x3_gen100_heldout_test,false,1,1.1438888889
2759973,e3x3-single-c100-u084_086,COMPLETED,0:0,2026-06-24T14:42:11,2026-06-24T16:11:24,2026-06-24T17:18:51,4047,"billing=8,cpu=8,gres/gpu:l40=1,gres/gpu=1,gres/tmp=1073741824,mem=48G,node=1","billing=8,cpu=8,gres/gpu=1,gres/tmp=1073741824,mem=48G,node=1",jn020,standard,0,20260624_3x3_gen100_heldout_test,false,1,1.1241666667
2759974,e3x3-single-img-u084_086,COMPLETED,0:0,2026-06-24T14:42:11,2026-06-24T16:38:23,2026-06-24T17:13:13,2090,"billing=8,cpu=8,gres/gpu:l40=1,gres/gpu=1,gres/tmp=1073741824,mem=48G,node=1","billing=8,cpu=8,gres/gpu=1,gres/tmp=1073741824,mem=48G,node=1",jn013,standard,0,20260624_3x3_gen100_heldout_test,false,1,0.5805555556
2759975,e3x3-single-c10-u087_089,COMPLETED,0:0,2026-06-24T14:42:11,2026-06-24T16:10:22,2026-06-24T17:09:24,3542,"billing=8,cpu=8,gres/gpu:l40=1,gres/gpu=1,gres/tmp=1073741824,mem=48G,node=1","billing=8,cpu=8,gres/gpu=1,gres/tmp=1073741824,mem=48G,node=1",jn012,standard,0,20260624_3x3_gen100_heldout_test,false,1,0.9838888889
2759976,e3x3-single-c100-u087_089,COMPLETED,0:0,2026-06-24T14:42:11,2026-06-24T16:21:15,2026-06-24T17:20:13,3538,"billing=8,cpu=8,gres/gpu:l40=1,gres/gpu=1,gres/tmp=1073741824,mem=48G,node=1","billing=8,cpu=8,gres/gpu=1,gres/tmp=1073741824,mem=48G,node=1",jn005,standard,0,20260624_3x3_gen100_heldout_test,false,1,0.9827777778
2759977,e3x3-single-img-u087_089,COMPLETED,0:0,2026-06-24T14:42:11,2026-06-24T16:56:32,2026-06-24T17:30:01,2009,"billing=8,cpu=8,gres/gpu:l40=1,gres/gpu=1,gres/tmp=1073741824,mem=48G,node=1","billing=8,cpu=8,gres/gpu=1,gres/tmp=1073741824,mem=48G,node=1",jn011,standard,0,20260624_3x3_gen100_heldout_test,false,1,0.5580555556
2759984,e3x3-single-c10-u060_062,COMPLETED,0:0,2026-06-24T14:46:58,2026-06-24T17:18:51,2026-06-24T18:09:40,3049,"billing=8,cpu=8,gres/gpu:l40=1,gres/gpu=1,gres/tmp=1073741824,mem=48G,node=1","billing=8,cpu=8,gres/gpu=1,gres/tmp=1073741824,mem=48G,node=1",jn005,standard,0,20260624_3x3_gen100_heldout_test,false,1,0.8469444444
2759985,e3x3-single-c100-u060_062,COMPLETED,0:0,2026-06-24T14:46:58,2026-06-24T17:13:14,2026-06-24T18:03:45,3031,"billing=8,cpu=8,gres/gpu:l40=1,gres/gpu=1,gres/tmp=1073741824,mem=48G,node=1","billing=8,cpu=8,gres/gpu=1,gres/tmp=1073741824,mem=48G,node=1",jn005,standard,0,20260624_3x3_gen100_heldout_test,false,1,0.8419444444
2759986,e3x3-single-img-u060_062,COMPLETED,0:0,2026-06-24T14:46:58,2026-06-24T17:09:24,2026-06-24T17:42:47,2003,"billing=8,cpu=8,gres/gpu:l40=1,gres/gpu=1,gres/tmp=1073741824,mem=48G,node=1","billing=8,cpu=8,gres/gpu=1,gres/tmp=1073741824,mem=48G,node=1",jn012,standard,0,20260624_3x3_gen100_heldout_test,false,1,0.5563888889
2759987,e3x3-single-c10-u063_065,COMPLETED,0:0,2026-06-24T14:46:58,2026-06-24T17:20:14,2026-06-24T18:14:01,3227,"billing=8,cpu=8,gres/gpu:l40=1,gres/gpu=1,gres/tmp=1073741824,mem=48G,node=1","billing=8,cpu=8,gres/gpu=1,gres/tmp=1073741824,mem=48G,node=1",jn005,standard,0,20260624_3x3_gen100_heldout_test,false,1,0.8963888889
2759988,e3x3-single-c100-u063_065,CANCELLED by 221940,0:0,2026-06-24T14:46:58,2026-06-24T17:30:01,2026-06-24T17:30:43,42,"billing=8,cpu=8,gres/gpu:l40=1,gres/gpu=1,gres/tmp=1073741824,mem=48G,node=1","billing=8,cpu=8,gres/gpu=1,gres/tmp=1073741824,mem=48G,node=1",jn004,standard,0,20260624_3x3_gen100_heldout_test,false,1,0.0116666667
2760055,e3x3-single-c100-u045_047,COMPLETED,0:0,2026-06-24T14:59:44,2026-06-24T15:00:44,2026-06-24T15:59:31,3527,"billing=8,cpu=8,gres/gpu:l40=1,gres/gpu=1,gres/tmp=1073741824,mem=48G,node=1","billing=8,cpu=8,gres/gpu=1,gres/tmp=1073741824,mem=48G,node=1",jn004,standard,0,20260624_3x3_gen100_heldout_test,false,1,0.9797222222
2760083,e3x3-single-c100-u048,COMPLETED,0:0,2026-06-24T15:04:06,2026-06-24T15:04:50,2026-06-24T15:21:54,1024,"billing=8,cpu=8,gres/gpu:l40=1,gres/gpu=1,gres/tmp=1073741824,mem=48G,node=1","billing=8,cpu=8,gres/gpu=1,gres/tmp=1073741824,mem=48G,node=1",jn106,standard,0,20260624_3x3_gen100_heldout_test,false,1,0.2844444444
2760084,e3x3-single-c100-u049,COMPLETED,0:0,2026-06-24T15:04:06,2026-06-24T15:04:50,2026-06-24T15:23:19,1109,"billing=8,cpu=8,gres/gpu:l40=1,gres/gpu=1,gres/tmp=1073741824,mem=48G,node=1","billing=8,cpu=8,gres/gpu=1,gres/tmp=1073741824,mem=48G,node=1",jn117,standard,0,20260624_3x3_gen100_heldout_test,false,1,0.3080555556
2760085,e3x3-single-c100-u050,COMPLETED,0:0,2026-06-24T15:04:06,2026-06-24T15:04:50,2026-06-24T15:25:51,1261,"billing=8,cpu=8,gres/gpu:l40s=1,gres/gpu=1,gres/tmp=1073741824,mem=48G,node=1","billing=8,cpu=8,gres/gpu=1,gres/tmp=1073741824,mem=48G,node=1",jnfat09,standard,0,20260624_3x3_gen100_heldout_test,false,1,0.3502777778
2760086,e3x3-single-c100-u051,COMPLETED,0:0,2026-06-24T15:04:06,2026-06-24T15:04:50,2026-06-24T15:26:04,1274,"billing=8,cpu=8,gres/gpu:l40s=1,gres/gpu=1,gres/tmp=1073741824,mem=48G,node=1","billing=8,cpu=8,gres/gpu=1,gres/tmp=1073741824,mem=48G,node=1",jnfat09,standard,0,20260624_3x3_gen100_heldout_test,false,1,0.3538888889
2760087,e3x3-single-c100-u052,COMPLETED,0:0,2026-06-24T15:04:06,2026-06-24T15:04:50,2026-06-24T15:26:50,1320,"billing=8,cpu=8,gres/gpu:l40=1,gres/gpu=1,gres/tmp=1073741824,mem=48G,node=1","billing=8,cpu=8,gres/gpu=1,gres/tmp=1073741824,mem=48G,node=1",jn011,standard,0,20260624_3x3_gen100_heldout_test,false,1,0.3666666667
2760088,e3x3-single-c100-u053,COMPLETED,0:0,2026-06-24T15:04:06,2026-06-24T15:04:50,2026-06-24T15:22:22,1052,"billing=8,cpu=8,gres/gpu:l40=1,gres/gpu=1,gres/tmp=1073741824,mem=48G,node=1","billing=8,cpu=8,gres/gpu=1,gres/tmp=1073741824,mem=48G,node=1",jn012,standard,0,20260624_3x3_gen100_heldout_test,false,1,0.2922222222
2760089,e3x3-single-c100-u054,COMPLETED,0:0,2026-06-24T15:04:06,2026-06-24T15:04:50,2026-06-24T15:20:28,938,"billing=8,cpu=8,gres/gpu:l40=1,gres/gpu=1,gres/tmp=1073741824,mem=48G,node=1","billing=8,cpu=8,gres/gpu=1,gres/tmp=1073741824,mem=48G,node=1",jn013,standard,0,20260624_3x3_gen100_heldout_test,false,1,0.2605555556
2760090,e3x3-single-c100-u055,COMPLETED,0:0,2026-06-24T15:04:06,2026-06-24T15:05:21,2026-06-24T15:20:49,928,"billing=8,cpu=8,gres/gpu:l40=1,gres/gpu=1,gres/tmp=1073741824,mem=48G,node=1","billing=8,cpu=8,gres/gpu=1,gres/tmp=1073741824,mem=48G,node=1",jn014,standard,0,20260624_3x3_gen100_heldout_test,false,1,0.2577777778
2760091,e3x3-single-c100-u056,COMPLETED,0:0,2026-06-24T15:04:06,2026-06-24T15:05:21,2026-06-24T15:29:44,1463,"billing=8,cpu=8,gres/gpu:l40=1,gres/gpu=1,gres/tmp=1073741824,mem=48G,node=1","billing=8,cpu=8,gres/gpu=1,gres/tmp=1073741824,mem=48G,node=1",jn016,standard,0,20260624_3x3_gen100_heldout_test,false,1,0.4063888889
2760092,e3x3-single-c100-u057,COMPLETED,0:0,2026-06-24T15:04:06,2026-06-24T15:05:21,2026-06-24T15:30:47,1526,"billing=8,cpu=8,gres/gpu:l40=1,gres/gpu=1,gres/tmp=1073741824,mem=48G,node=1","billing=8,cpu=8,gres/gpu=1,gres/tmp=1073741824,mem=48G,node=1",jn102,standard,0,20260624_3x3_gen100_heldout_test,false,1,0.4238888889
2760093,e3x3-single-c100-u058,COMPLETED,0:0,2026-06-24T15:04:06,2026-06-24T15:05:52,2026-06-24T15:28:21,1349,"billing=8,cpu=8,gres/gpu:l40=1,gres/gpu=1,gres/tmp=1073741824,mem=48G,node=1","billing=8,cpu=8,gres/gpu=1,gres/tmp=1073741824,mem=48G,node=1",jn005,standard,0,20260624_3x3_gen100_heldout_test,false,1,0.3747222222
2760094,e3x3-single-c100-u059,COMPLETED,0:0,2026-06-24T15:04:06,2026-06-24T15:06:23,2026-06-24T15:28:49,1346,"billing=8,cpu=8,gres/gpu:l40=1,gres/gpu=1,gres/tmp=1073741824,mem=48G,node=1","billing=8,cpu=8,gres/gpu=1,gres/tmp=1073741824,mem=48G,node=1",jn016,standard,0,20260624_3x3_gen100_heldout_test,false,1,0.3738888889
2760798,e3x3-single-c100-u030_032,COMPLETED,0:0,2026-06-24T16:18:25,2026-06-24T16:18:40,2026-06-24T17:15:29,3409,"billing=8,cpu=8,gres/gpu:l40=1,gres/gpu=1,gres/tmp=1073741824,mem=48G,node=1","billing=8,cpu=8,gres/gpu=1,gres/tmp=1073741824,mem=48G,node=1",jn106,standard,0,20260624_3x3_gen100_heldout_test,false,1,0.9469444444
2760799,e3x3-single-c100-u033_035,COMPLETED,0:0,2026-06-24T16:18:25,2026-06-24T16:18:40,2026-06-24T17:10:41,3121,"billing=8,cpu=8,gres/gpu:l40=1,gres/gpu=1,gres/tmp=1073741824,mem=48G,node=1","billing=8,cpu=8,gres/gpu=1,gres/tmp=1073741824,mem=48G,node=1",jn004,standard,0,20260624_3x3_gen100_heldout_test,false,1,0.8669444444
2760800,e3x3-single-c100-u036_038,COMPLETED,0:0,2026-06-24T16:18:25,2026-06-24T16:18:40,2026-06-24T17:12:47,3247,"billing=8,cpu=8,gres/gpu:l40=1,gres/gpu=1,gres/tmp=1073741824,mem=48G,node=1","billing=8,cpu=8,gres/gpu=1,gres/tmp=1073741824,mem=48G,node=1",jn005,standard,0,20260624_3x3_gen100_heldout_test,false,1,0.9019444444
2760801,e3x3-single-c100-u039_041,COMPLETED,0:0,2026-06-24T16:18:25,2026-06-24T16:18:40,2026-06-24T17:13:47,3307,"billing=8,cpu=8,gres/gpu:l40=1,gres/gpu=1,gres/tmp=1073741824,mem=48G,node=1","billing=8,cpu=8,gres/gpu=1,gres/tmp=1073741824,mem=48G,node=1",jn005,standard,0,20260624_3x3_gen100_heldout_test,false,1,0.9186111111
2760802,e3x3-single-c100-u042_044,COMPLETED,0:0,2026-06-24T16:18:25,2026-06-24T16:18:40,2026-06-24T17:14:57,3377,"billing=8,cpu=8,gres/gpu:l40=1,gres/gpu=1,gres/tmp=1073741824,mem=48G,node=1","billing=8,cpu=8,gres/gpu=1,gres/tmp=1073741824,mem=48G,node=1",jn110,standard,0,20260624_3x3_gen100_heldout_test,false,1,0.9380555556
2760828,e3x3-7gpu-c10_u030_059,CANCELLED by 221940,0:0,2026-06-24T16:24:55,2026-06-24T16:24:55,2026-06-24T16:53:01,1686,"billing=56,cpu=56,gres/gpu:l40s=7,gres/gpu=7,gres/tmp=1073741824,mem=256G,node=1","billing=56,cpu=56,gres/gpu=7,gres/tmp=1073741824,mem=256G,node=1",jnfat05,gpu_computervision,0,20260624_3x3_gen100_heldout_test,false,7,3.2783333333
2760893,abl-no_repeat_penalty-s777,FAILED,1:0,2026-06-24T17:00:44,2026-06-24T17:00:44,2026-06-25T01:42:53,31329,"billing=32,cpu=32,gres/gpu:l40s=5,gres/gpu=5,gres/tmp=1073741824,mem=160G,node=1","billing=32,cpu=32,gres/gpu=5,gres/tmp=1073741824,mem=160G,node=1",jnfat05,gpu_computervision_long,0,20260624_1700_4pattern_a18_cifar10_e5_p3500_c1200_s800_long_l40s5_ablation_extra_no_repeat_penalty_seed777,false,5,43.5125000000
2760894,abl-no_diversity_bonus-s777,CANCELLED by 221940,0:0,2026-06-24T17:00:44,2026-06-24T17:32:31,2026-06-24T17:56:38,1447,"billing=32,cpu=32,gres/gpu:h100=5,gres/gpu=5,gres/tmp=1073741824,mem=160G,node=1","billing=32,cpu=32,gres/gpu=5,gres/tmp=1073741824,mem=160G,node=1",jnultra02,h100,0,20260624_1700_4pattern_a18_cifar10_e5_p3500_c1200_s800_h100x5_ablation_extra_no_diversity_bonus_seed777,false,5,2.0097222222
2760897,e3x3-catchup-c10_u030_039,COMPLETED,0:0,2026-06-24T17:11:40,2026-06-24T17:11:40,2026-06-24T19:52:37,9657,"billing=8,cpu=8,gres/gpu:l40=1,gres/gpu=1,gres/tmp=1073741824,mem=48G,node=1","billing=8,cpu=8,gres/gpu=1,gres/tmp=1073741824,mem=48G,node=1",jn004,standard,0,20260624_3x3_gen100_heldout_test,false,1,2.6825000000
2760898,e3x3-catchup-c10_u040_049,COMPLETED,0:0,2026-06-24T17:11:40,2026-06-24T17:11:40,2026-06-24T20:13:28,10908,"billing=8,cpu=8,gres/gpu:l40=1,gres/gpu=1,gres/tmp=1073741824,mem=48G,node=1","billing=8,cpu=8,gres/gpu=1,gres/tmp=1073741824,mem=48G,node=1",jn106,standard,0,20260624_3x3_gen100_heldout_test,false,1,3.0300000000
2760899,e3x3-catchup-c10_u050_059,NODE_FAIL,1:0,2026-06-24T17:11:40,2026-06-24T17:11:40,2026-06-24T18:27:52,4572,"billing=8,cpu=8,gres/gpu:l40s=1,gres/gpu=1,gres/tmp=1073741824,mem=48G,node=1","billing=8,cpu=8,gres/gpu=1,gres/tmp=1073741824,mem=48G,node=1",jnfat01,standard,0,20260624_3x3_gen100_heldout_test,false,1,1.2700000000
2760900,e3x3-catchup-img_u015_025,NODE_FAIL,1:0,2026-06-24T17:11:40,2026-06-24T17:11:40,2026-06-24T18:27:52,4572,"billing=8,cpu=8,gres/gpu:l40s=1,gres/gpu=1,gres/tmp=1073741824,mem=48G,node=1","billing=8,cpu=8,gres/gpu=1,gres/tmp=1073741824,mem=48G,node=1",jnfat01,standard,0,20260624_3x3_gen100_heldout_test,false,1,1.2700000000
2760901,e3x3-catchup-img_u026_036,NODE_FAIL,1:0,2026-06-24T17:11:40,2026-06-24T17:11:41,2026-06-24T18:27:52,4571,"billing=8,cpu=8,gres/gpu:l40s=1,gres/gpu=1,gres/tmp=1073741824,mem=48G,node=1","billing=8,cpu=8,gres/gpu=1,gres/tmp=1073741824,mem=48G,node=1",jnfat01,standard,0,20260624_3x3_gen100_heldout_test,false,1,1.2697222222
2760902,e3x3-catchup-img_u037_047,NODE_FAIL,1:0,2026-06-24T17:11:40,2026-06-24T17:11:41,2026-06-24T18:27:52,4571,"billing=8,cpu=8,gres/gpu:l40s=1,gres/gpu=1,gres/tmp=1073741824,mem=48G,node=1","billing=8,cpu=8,gres/gpu=1,gres/tmp=1073741824,mem=48G,node=1",jnfat01,standard,0,20260624_3x3_gen100_heldout_test,false,1,1.2697222222
2760903,e3x3-catchup-img_u048_059,NODE_FAIL,1:0,2026-06-24T17:11:40,2026-06-24T17:11:41,2026-06-24T18:27:52,4571,"billing=8,cpu=8,gres/gpu:l40s=1,gres/gpu=1,gres/tmp=1073741824,mem=48G,node=1","billing=8,cpu=8,gres/gpu=1,gres/tmp=1073741824,mem=48G,node=1",jnfat01,standard,0,20260624_3x3_gen100_heldout_test,false,1,1.2697222222
2760915,e3x3-fast-c10_u066_068,COMPLETED,0:0,2026-06-24T17:30:44,2026-06-24T17:30:44,2026-06-24T18:16:26,2742,"billing=8,cpu=8,gres/gpu:l40=1,gres/gpu=1,gres/tmp=1073741824,mem=48G,node=1","billing=8,cpu=8,gres/gpu=1,gres/tmp=1073741824,mem=48G,node=1",jn106,standard,0,20260624_3x3_gen100_heldout_test,false,1,0.7616666667
2760916,e3x3-fast-c10_u069_071,COMPLETED,0:0,2026-06-24T17:30:44,2026-06-24T17:30:44,2026-06-24T18:22:27,3103,"billing=8,cpu=8,gres/gpu:l40=1,gres/gpu=1,gres/tmp=1073741824,mem=48G,node=1","billing=8,cpu=8,gres/gpu=1,gres/tmp=1073741824,mem=48G,node=1",jn011,standard,0,20260624_3x3_gen100_heldout_test,false,1,0.8619444444
2760917,e3x3-fast-c10_u072_074,COMPLETED,0:0,2026-06-24T17:30:44,2026-06-24T17:30:44,2026-06-24T18:15:34,2690,"billing=8,cpu=8,gres/gpu:l40=1,gres/gpu=1,gres/tmp=1073741824,mem=48G,node=1","billing=8,cpu=8,gres/gpu=1,gres/tmp=1073741824,mem=48G,node=1",jn013,standard,0,20260624_3x3_gen100_heldout_test,false,1,0.7472222222
2760918,e3x3-fast-c100_u063_065,COMPLETED,0:0,2026-06-24T17:30:44,2026-06-24T17:30:44,2026-06-24T18:25:20,3276,"billing=8,cpu=8,gres/gpu:l40=1,gres/gpu=1,gres/tmp=1073741824,mem=48G,node=1","billing=8,cpu=8,gres/gpu=1,gres/tmp=1073741824,mem=48G,node=1",jn020,standard,0,20260624_3x3_gen100_heldout_test,false,1,0.9100000000
2760919,e3x3-fast-c100_u066_068,COMPLETED,0:0,2026-06-24T17:30:44,2026-06-24T17:30:44,2026-06-24T18:22:19,3095,"billing=8,cpu=8,gres/gpu:l40=1,gres/gpu=1,gres/tmp=1073741824,mem=48G,node=1","billing=8,cpu=8,gres/gpu=1,gres/tmp=1073741824,mem=48G,node=1",jn019,standard,0,20260624_3x3_gen100_heldout_test,false,1,0.8597222222
2760920,e3x3-fast-c100_u069_071,COMPLETED,0:0,2026-06-24T17:30:44,2026-06-24T17:30:44,2026-06-24T18:21:20,3036,"billing=8,cpu=8,gres/gpu:l40s=1,gres/gpu=1,gres/tmp=1073741824,mem=48G,node=1","billing=8,cpu=8,gres/gpu=1,gres/tmp=1073741824,mem=48G,node=1",jnfat09,standard,0,20260624_3x3_gen100_heldout_test,false,1,0.8433333333
2760921,e3x3-fast-c100_u072_074,COMPLETED,0:0,2026-06-24T17:30:44,2026-06-24T17:30:44,2026-06-24T18:19:56,2952,"billing=8,cpu=8,gres/gpu:l40s=1,gres/gpu=1,gres/tmp=1073741824,mem=48G,node=1","billing=8,cpu=8,gres/gpu=1,gres/tmp=1073741824,mem=48G,node=1",jnfat09,standard,0,20260624_3x3_gen100_heldout_test,false,1,0.8200000000
2760922,e3x3-fast-img_u063_074,COMPLETED,0:0,2026-06-24T17:30:44,2026-06-24T17:30:44,2026-06-24T19:25:17,6873,"billing=8,cpu=8,gres/gpu:l40s=1,gres/gpu=1,gres/tmp=1073741824,mem=48G,node=1","billing=8,cpu=8,gres/gpu=1,gres/tmp=1073741824,mem=48G,node=1",jnfat09,standard,0,20260624_3x3_gen100_heldout_test,false,1,1.9091666667
2760923,e3x3-merge,COMPLETED,0:0,2026-06-24T17:30:44,2026-06-24T21:24:56,2026-06-24T21:25:33,37,"billing=4,cpu=4,gres/tmp=1073741824,mem=16G,node=1","billing=4,cpu=4,gres/tmp=1073741824,mem=16G,node=1",jn001,small_cpu,0,20260624_3x3_gen100_heldout_test,false,,
2760934,abl-no_diversity_bonus-s777,COMPLETED,0:0,2026-06-24T17:56:38,2026-06-24T17:57:09,2026-06-25T13:52:43,71734,"billing=32,cpu=32,gres/gpu:h100=4,gres/gpu=4,gres/tmp=1073741824,mem=160G,node=1","billing=32,cpu=32,gres/gpu=4,gres/tmp=1073741824,mem=160G,node=1",jnultra02,h100,0,20260624_1756_4pattern_a18_cifar10_e5_p3500_c1200_s800_h100x4_ablation_extra_no_diversity_bonus_seed777,true,4,79.7044444444
2760899,e3x3-catchup-c10_u050_059,COMPLETED,0:0,2026-06-24T18:27:53,2026-06-24T18:29:55,2026-06-24T21:24:56,10501,"billing=8,cpu=8,gres/gpu:l40s=1,gres/gpu=1,gres/tmp=1073741824,mem=48G,node=1","billing=8,cpu=8,gres/gpu=1,gres/tmp=1073741824,mem=48G,node=1",jnfat02,standard,1,20260624_3x3_gen100_heldout_test,false,1,2.9169444444
2760900,e3x3-catchup-img_u015_025,COMPLETED,0:0,2026-06-24T18:27:53,2026-06-24T18:29:55,2026-06-24T20:40:02,7807,"billing=8,cpu=8,gres/gpu:l40=1,gres/gpu=1,gres/tmp=1073741824,mem=48G,node=1","billing=8,cpu=8,gres/gpu=1,gres/tmp=1073741824,mem=48G,node=1",jn106,standard,1,20260624_3x3_gen100_heldout_test,false,1,2.1686111111
2760901,e3x3-catchup-img_u026_036,COMPLETED,0:0,2026-06-24T18:27:53,2026-06-24T18:29:55,2026-06-24T20:21:42,6707,"billing=8,cpu=8,gres/gpu:l40=1,gres/gpu=1,gres/tmp=1073741824,mem=48G,node=1","billing=8,cpu=8,gres/gpu=1,gres/tmp=1073741824,mem=48G,node=1",jn004,standard,1,20260624_3x3_gen100_heldout_test,false,1,1.8630555556
2760902,e3x3-catchup-img_u037_047,COMPLETED,0:0,2026-06-24T18:27:53,2026-06-24T18:29:55,2026-06-24T20:19:57,6602,"billing=8,cpu=8,gres/gpu:l40=1,gres/gpu=1,gres/tmp=1073741824,mem=48G,node=1","billing=8,cpu=8,gres/gpu=1,gres/tmp=1073741824,mem=48G,node=1",jn005,standard,1,20260624_3x3_gen100_heldout_test,false,1,1.8338888889
2760903,e3x3-catchup-img_u048_059,COMPLETED,0:0,2026-06-24T18:27:53,2026-06-24T18:29:55,2026-06-24T20:28:59,7144,"billing=8,cpu=8,gres/gpu:l40=1,gres/gpu=1,gres/tmp=1073741824,mem=48G,node=1","billing=8,cpu=8,gres/gpu=1,gres/tmp=1073741824,mem=48G,node=1",jn020,standard,1,20260624_3x3_gen100_heldout_test,false,1,1.9844444444
2771080,abl-no_repeat_penalty-s777,CANCELLED by 221940,0:0,2026-06-25T14:48:06,2026-06-25T14:48:06,2026-06-25T15:46:22,3496,"billing=32,cpu=32,gres/gpu:h100=4,gres/gpu=4,gres/tmp=1073741824,mem=160G,node=1","billing=32,cpu=32,gres/gpu=4,gres/tmp=1073741824,mem=160G,node=1",jnultra02,h100,0,20260625_1448_4pattern_a18_cifar10_e5_p3500_c1200_s800_h100x4_ablation_extra_no_repeat_penalty_seed777,false,4,3.8844444444
2771489,abl-no_repeat_penalty-s777,COMPLETED,0:0,2026-06-25T15:35:28,2026-06-25T15:46:31,2026-06-26T02:29:18,38567,"billing=32,cpu=32,gres/gpu:h100=8,gres/gpu=8,gres/tmp=1073741824,mem=160G,node=1","billing=32,cpu=32,gres/gpu=8,gres/tmp=1073741824,mem=160G,node=1",jnultra02,h100,0,20260625_1535_4pattern_a18_cifar10_e5_p3500_c1200_s800_h100x8_ablation_extra_no_repeat_penalty_seed777,true,8,85.7044444444
2775189,rc3x3-brute-gen,COMPLETED,0:0,2026-06-26T06:19:58,2026-06-26T06:19:58,2026-06-26T06:20:06,8,"billing=2,cpu=2,gres/tmp=1073741824,mem=4G,node=1","billing=1,cpu=1,gres/tmp=1073741824,mem=2G,node=1",jn005,small_cpu,0,20260626_rc_sampler_3x3_heldout_e1,false,,
2775190,rc3x3-cifar10,CANCELLED by 221940,0:0,2026-06-26T06:19:58,2026-06-26T06:20:06,2026-06-26T07:04:58,2692,"billing=24,cpu=24,gres/gpu:h100=4,gres/gpu=4,gres/tmp=1073741824,mem=120G,node=1","billing=24,cpu=24,gres/gpu=4,gres/tmp=1073741824,mem=120G,node=1",jnultra02,h100,0,20260626_rc_sampler_3x3_heldout_e1,false,4,2.9911111111
2775191,rc3x3-cifar100,COMPLETED,0:0,2026-06-26T06:19:58,2026-06-26T06:20:06,2026-06-26T07:34:26,4460,"billing=24,cpu=24,gres/gpu:h100=4,gres/gpu=4,gres/tmp=1073741824,mem=120G,node=1","billing=24,cpu=24,gres/gpu=4,gres/tmp=1073741824,mem=120G,node=1",jnultra02,h100,0,20260626_rc_sampler_3x3_heldout_e1,false,4,4.9555555556
2775202,rc3x3-imagenette-l40s,COMPLETED,0:0,2026-06-26T06:24:43,2026-06-26T06:24:43,2026-06-26T07:03:03,2300,"billing=24,cpu=24,gres/gpu:l40s=4,gres/gpu=4,gres/tmp=1073741824,mem=120G,node=1","billing=24,cpu=24,gres/gpu=4,gres/tmp=1073741824,mem=120G,node=1",jnfat07,gpu_computervision_long,0,20260626_rc_sampler_3x3_heldout_e1,false,4,2.5555555556
2775247,rc3x3-c10-000_024,COMPLETED,0:0,2026-06-26T07:05:40,2026-06-26T07:05:40,2026-06-26T07:46:59,2479,"billing=8,cpu=8,gres/gpu:h100=1,gres/gpu=1,gres/tmp=1073741824,mem=40G,node=1","billing=8,cpu=8,gres/gpu=1,gres/tmp=1073741824,mem=40G,node=1",jnultra02,h100,0,20260626_rc_sampler_3x3_heldout_e1,false,1,0.6886111111
2775248,rc3x3-c10-025_049,COMPLETED,0:0,2026-06-26T07:05:40,2026-06-26T07:05:40,2026-06-26T07:43:52,2292,"billing=8,cpu=8,gres/gpu:h100=1,gres/gpu=1,gres/tmp=1073741824,mem=40G,node=1","billing=8,cpu=8,gres/gpu=1,gres/tmp=1073741824,mem=40G,node=1",jnultra02,h100,0,20260626_rc_sampler_3x3_heldout_e1,false,1,0.6366666667
2775249,rc3x3-c10-050_074,COMPLETED,0:0,2026-06-26T07:05:40,2026-06-26T07:05:41,2026-06-26T07:43:58,2297,"billing=8,cpu=8,gres/gpu:h100=1,gres/gpu=1,gres/tmp=1073741824,mem=40G,node=1","billing=8,cpu=8,gres/gpu=1,gres/tmp=1073741824,mem=40G,node=1",jnultra02,h100,0,20260626_rc_sampler_3x3_heldout_e1,false,1,0.6380555556
2775250,rc3x3-c10-075_099,COMPLETED,0:0,2026-06-26T07:05:40,2026-06-26T07:05:41,2026-06-26T07:46:40,2459,"billing=8,cpu=8,gres/gpu:h100=1,gres/gpu=1,gres/tmp=1073741824,mem=40G,node=1","billing=8,cpu=8,gres/gpu=1,gres/tmp=1073741824,mem=40G,node=1",jnultra02,h100,0,20260626_rc_sampler_3x3_heldout_e1,false,1,0.6830555556
2776904,abl-full_reward-s114,COMPLETED,0:0,2026-06-26T18:59:46,2026-06-26T18:59:46,2026-06-26T20:56:51,7025,"billing=32,cpu=32,gres/gpu:h100=4,gres/gpu=4,gres/tmp=1073741824,mem=160G,node=1","billing=32,cpu=32,gres/gpu=4,gres/tmp=1073741824,mem=160G,node=1",jnultra01,h100,0,20260627_4pattern_a18_cifar10_e5_p3500_c1200_s100_h100x4_shared_full_full_reward_seed114,true,4,7.8055555556
2776906,abl-full_reward-s514,COMPLETED,0:0,2026-06-26T18:59:46,2026-06-26T18:59:47,2026-06-27T06:43:19,42212,"billing=32,cpu=32,gres/gpu:h100=4,gres/gpu=4,gres/tmp=1073741824,mem=160G,node=1","billing=32,cpu=32,gres/gpu=4,gres/tmp=1073741824,mem=160G,node=1",jnultra01,h100,0,20260627_4pattern_a18_cifar10_e5_p3500_c1200_s100_h100x4_shared_full_full_reward_seed514,true,4,46.9022222222
2776908,abl-full_reward-s114,COMPLETED,0:0,2026-06-26T19:00:12,2026-06-26T20:56:51,2026-06-27T06:47:45,35454,"billing=32,cpu=32,gres/gpu:h100=4,gres/gpu=4,gres/tmp=1073741824,mem=160G,node=1","billing=32,cpu=32,gres/gpu=4,gres/tmp=1073741824,mem=160G,node=1",jnultra01,h100,0,20260627_1pattern_a9_cifar10_e5_p3500_c1200_s100_h100x4_shared_full_full_reward_seed114,true,4,39.3933333333
2776910,abl-full_reward-s514,COMPLETED,0:0,2026-06-26T19:00:13,2026-06-26T23:00:18,2026-06-27T10:07:07,40009,"billing=32,cpu=32,gres/gpu:h100=4,gres/gpu=4,gres/tmp=1073741824,mem=160G,node=1","billing=32,cpu=32,gres/gpu=4,gres/tmp=1073741824,mem=160G,node=1",jnultra02,h100,0,20260627_1pattern_a9_cifar10_e5_p3500_c1200_s100_h100x4_shared_full_full_reward_seed514,true,4,44.4544444444
2777817,abl-full_reward-s919,COMPLETED,0:0,2026-06-27T10:51:20,2026-06-27T10:51:20,2026-06-27T20:23:09,34309,"billing=32,cpu=32,gres/gpu:h100=4,gres/gpu=4,gres/tmp=1073741824,mem=160G,node=1","billing=32,cpu=32,gres/gpu=4,gres/tmp=1073741824,mem=160G,node=1",jnultra01,h100,0,20260627_4pattern_a18_cifar10_e5_p3500_c1200_s100_h100x4_shared_full_full_reward_seed919,true,4,38.1211111111
2777842,tunerl-1p_full_s919,COMPLETED,0:0,2026-06-27T12:17:48,2026-06-27T12:17:48,2026-06-28T02:37:23,51575,"billing=32,cpu=32,gres/gpu:h100=4,gres/gpu=4,gres/tmp=1073741824,mem=160G,node=1","billing=32,cpu=32,gres/gpu=4,gres/tmp=1073741824,mem=160G,node=1",jnultra01,h100,0,20260627_1pattern_a9_cifar10_e5_p3500_c1200_s100_h100x4_shared_full_full_reward_seed919,true,4,57.3055555556
2791416,qwen-c10-e5-s42,FAILED,2:0,2026-07-03T17:59:47,2026-07-03T19:00:04,2026-07-03T19:00:04,0,"billing=32,cpu=32,gres/gpu:h100=4,gres/gpu=4,gres/tmp=1073741824,mem=160G,node=1","billing=32,cpu=32,gres/gpu=4,gres/tmp=1073741824,mem=160G,node=1",jnultra01,h100,0,20260703_qwen_cifar10_e5_seed42,false,4,0.0000000000
2791417,qwen-c10-e5-s123,FAILED,2:0,2026-07-03T17:59:47,2026-07-03T19:00:04,2026-07-03T19:00:05,1,"billing=32,cpu=32,gres/gpu:h100=4,gres/gpu=4,gres/tmp=1073741824,mem=160G,node=1","billing=32,cpu=32,gres/gpu=4,gres/tmp=1073741824,mem=160G,node=1",jnultra01,h100,0,20260703_qwen_cifar10_e5_seed123,false,4,0.0011111111
2791418,qwen-c10-e5-s777,FAILED,2:0,2026-07-03T17:59:47,2026-07-03T19:00:05,2026-07-03T19:00:05,0,"billing=32,cpu=32,gres/gpu:h100=4,gres/gpu=4,gres/tmp=1073741824,mem=160G,node=1","billing=32,cpu=32,gres/gpu=4,gres/tmp=1073741824,mem=160G,node=1",jnultra01,h100,0,20260703_qwen_cifar10_e5_seed777,false,4,0.0000000000
2791927,qwen-c10-e5-s42,COMPLETED,0:0,2026-07-04T04:24:52,2026-07-04T04:24:52,2026-07-04T15:16:57,39125,"billing=32,cpu=32,gres/gpu:h100=4,gres/gpu=4,gres/tmp=1073741824,mem=160G,node=1","billing=32,cpu=32,gres/gpu=4,gres/tmp=1073741824,mem=160G,node=1",jnultra01,h100,0,20260704_qwen_cifar10_e5_seed42,true,4,43.4722222222
2791928,qwen-c10-e5-s123,COMPLETED,0:0,2026-07-04T04:24:52,2026-07-04T04:41:11,2026-07-05T03:29:06,82075,"billing=32,cpu=32,gres/gpu:h100=4,gres/gpu=4,gres/tmp=1073741824,mem=160G,node=1","billing=32,cpu=32,gres/gpu=4,gres/tmp=1073741824,mem=160G,node=1",jnultra01,h100,0,20260704_qwen_cifar10_e5_seed123,true,4,91.1944444444
2791929,qwen-c10-e5-s777,TIMEOUT,0:0,2026-07-04T04:24:52,2026-07-04T05:13:26,2026-07-05T05:13:55,86429,"billing=32,cpu=32,gres/gpu:h100=4,gres/gpu=4,gres/tmp=1073741824,mem=160G,node=1","billing=32,cpu=32,gres/gpu=4,gres/tmp=1073741824,mem=160G,node=1",jnultra02,h100,0,20260704_qwen_cifar10_e5_seed777;20260704_qwen_cifar10_e5_seed777_backup_before_resume_20260705_1117,true,4,96.0322222222
2793551,qwen-c10-e5-s777-resume,FAILED,0:15,2026-07-05T11:16:08,2026-07-05T11:16:08,2026-07-05T11:16:51,43,"billing=32,cpu=32,gres/gpu:h100=4,gres/gpu=4,gres/tmp=1073741824,mem=160G,node=1","billing=32,cpu=32,gres/gpu=4,gres/tmp=1073741824,mem=160G,node=1",jnultra02,h100,0,20260704_qwen_cifar10_e5_seed777;20260704_qwen_cifar10_e5_seed777_backup_before_resume_20260705_1117,true,4,0.0477777778
2793555,qwen-c10-e5-s777-resume,FAILED,1:0,2026-07-05T11:19:43,2026-07-05T11:19:43,2026-07-05T11:21:58,135,"billing=32,cpu=32,gres/gpu:h100=4,gres/gpu=4,gres/tmp=1073741824,mem=160G,node=1","billing=32,cpu=32,gres/gpu=4,gres/tmp=1073741824,mem=160G,node=1",jnultra02,h100,0,20260704_qwen_cifar10_e5_seed777,true,4,0.1500000000
2793568,qwen-c10-e5-s777-resume,COMPLETED,0:0,2026-07-05T11:30:05,2026-07-05T11:30:05,2026-07-05T12:34:04,3839,"billing=32,cpu=32,gres/gpu:h100=4,gres/gpu=4,gres/tmp=1073741824,mem=160G,node=1","billing=32,cpu=32,gres/gpu=4,gres/tmp=1073741824,mem=160G,node=1",jnultra02,h100,0,20260704_qwen_cifar10_e5_seed777,true,4,4.2655555556
2866647,rl-1p-c100-s42,COMPLETED,0:0,2026-07-17T19:07:39,2026-07-17T19:07:39,2026-07-18T13:00:43,64384,"billing=32,cpu=32,gres/gpu:h100=4,gres/gpu=4,gres/tmp=1073741824,mem=160G,node=1","billing=32,cpu=32,gres/gpu=4,gres/tmp=1073741824,mem=160G,node=1",jnultra02,h100,0,20260718_1pattern_a9_cifar100_e5_p3500_c1200_s100_h100x4_shared_full_reward_seed42,true,4,71.5377777778
2878976,rl-1p-c100-s123,FAILED,1:0,2026-07-20T06:52:56,2026-07-20T06:53:02,2026-07-20T21:43:14,53412,"billing=32,cpu=32,gres/gpu:l40s=4,gres/gpu=4,gres/tmp=1073741824,mem=160G,node=1","billing=32,cpu=32,gres/gpu=4,gres/tmp=1073741824,mem=160G,node=1",jnfat07,gpu_computervision_long,0,20260720_1pattern_a9_cifar100_e5_p3500_c1200_s100_l40sx4_excl_full_reward_seed123,false,4,59.3466666667
2943044,rl-1p-c100-s123-rerun,COMPLETED,0:0,2026-07-23T12:46:14,2026-07-23T12:46:14,2026-07-24T00:55:48,43774,"billing=32,cpu=32,gres/gpu:h100=4,gres/gpu=4,gres/tmp=1073741824,mem=160G,node=1","billing=32,cpu=32,gres/gpu=4,gres/tmp=1073741824,mem=160G,node=1",jnultra02,h100,0,20260723_1pattern_a9_cifar100_e5_p3500_c1200_s100_h100x4_shared_full_reward_seed123_rerun,true,4,48.6377777778
2944149,rl-1p-c100-s777,COMPLETED,0:0,2026-07-23T12:51:06,2026-07-23T12:56:16,2026-07-24T11:34:04,81468,"billing=32,cpu=32,gres/gpu:h100=4,gres/gpu=4,gres/tmp=1073741824,mem=160G,node=1","billing=32,cpu=32,gres/gpu=4,gres/tmp=1073741824,mem=160G,node=1",jnultra02,h100,0,20260723_1pattern_a9_cifar100_e5_p3500_c1200_s100_h100x4_shared_full_reward_seed777,true,4,90.5200000000
2960907,rl-4p-c100-s42,PREEMPTED,0:0,2026-07-26T05:13:18,2026-07-26T08:19:33,2026-07-26T13:44:35,19502,"billing=32,cpu=32,gres/gpu:h100=4,gres/gpu=4,gres/tmp=1073741824,mem=160G,node=1","billing=32,cpu=32,gres/gpu=4,gres/tmp=1073741824,mem=160G,node=1",jnultra02,h100,0,20260726_4pattern_a18_cifar100_e5_p3500_c1200_s100_h100x4_shared_full_reward_seed42,true,4,21.6688888889
2960909,rl-4p-c100-s123,PREEMPTED,0:0,2026-07-26T05:13:18,2026-07-26T09:14:46,2026-07-26T15:59:01,24255,"billing=32,cpu=32,gres/gpu:h100=4,gres/gpu=4,gres/tmp=1073741824,mem=160G,node=1","billing=32,cpu=32,gres/gpu=4,gres/tmp=1073741824,mem=160G,node=1",jnultra01,h100,0,20260726_4pattern_a18_cifar100_e5_p3500_c1200_s100_h100x4_shared_full_reward_seed123,true,4,26.9500000000
2960911,rl-4p-c100-s777,PREEMPTED,0:0,2026-07-26T05:13:18,2026-07-26T09:49:39,2026-07-26T16:07:23,22664,"billing=32,cpu=32,gres/gpu:h100=4,gres/gpu=4,gres/tmp=1073741824,mem=160G,node=1","billing=32,cpu=32,gres/gpu=4,gres/tmp=1073741824,mem=160G,node=1",jnultra01,h100,0,20260726_4pattern_a18_cifar100_e5_p3500_c1200_s100_h100x4_shared_full_reward_seed777,true,4,25.1822222222
2960907,rl-4p-c100-s42,PREEMPTED,0:0,2026-07-26T13:44:40,2026-07-26T16:13:51,2026-07-26T16:15:25,94,"billing=32,cpu=32,gres/gpu:h100=4,gres/gpu=4,gres/tmp=1073741824,mem=160G,node=1","billing=32,cpu=32,gres/gpu=4,gres/tmp=1073741824,mem=160G,node=1",jnultra01,h100,1,20260726_4pattern_a18_cifar100_e5_p3500_c1200_s100_h100x4_shared_full_reward_seed42,true,4,0.1044444444
2960909,rl-4p-c100-s123,REQUEUED,0:0,2026-07-26T15:59:01,2026-07-26T16:15:25,2026-07-26T16:15:25,0,"billing=32,cpu=32,gres/gpu:h100=4,gres/gpu=4,gres/tmp=1073741824,mem=160G,node=1","billing=32,cpu=32,gres/gpu=4,gres/tmp=1073741824,mem=160G,node=1",jnultra01,h100,1,20260726_4pattern_a18_cifar100_e5_p3500_c1200_s100_h100x4_shared_full_reward_seed123,true,4,0.0000000000
2960911,rl-4p-c100-s777,REQUEUED,0:0,2026-07-26T16:07:23,2026-07-26T16:15:25,2026-07-26T16:15:25,0,"billing=32,cpu=32,gres/gpu:h100=4,gres/gpu=4,gres/tmp=1073741824,mem=160G,node=1","billing=32,cpu=32,gres/gpu=4,gres/tmp=1073741824,mem=160G,node=1",jnultra01,h100,1,20260726_4pattern_a18_cifar100_e5_p3500_c1200_s100_h100x4_shared_full_reward_seed777,true,4,0.0000000000
2960907,rl-4p-c100-s42,FAILED,1:0,2026-07-26T16:15:25,2026-07-26T16:18:00,2026-07-26T16:18:23,23,"billing=32,cpu=32,gres/gpu:h100=4,gres/gpu=4,gres/tmp=1073741824,mem=160G,node=1","billing=32,cpu=32,gres/gpu=4,gres/tmp=1073741824,mem=160G,node=1",jnultra01,h100,2,20260726_4pattern_a18_cifar100_e5_p3500_c1200_s100_h100x4_shared_full_reward_seed42,true,4,0.0255555556
2960909,rl-4p-c100-s123,CANCELLED by 221940,0:0,2026-07-26T16:15:25,None,2026-07-27T05:04:29,0,,"billing=32,cpu=32,gres/gpu=4,gres/tmp=1073741824,mem=160G,node=1",None assigned,h100,2,20260726_4pattern_a18_cifar100_e5_p3500_c1200_s100_h100x4_shared_full_reward_seed123,true,,
2960911,rl-4p-c100-s777,CANCELLED by 221940,0:0,2026-07-26T16:15:25,None,2026-07-27T05:04:29,0,,"billing=32,cpu=32,gres/gpu=4,gres/tmp=1073741824,mem=160G,node=1",None assigned,h100,2,20260726_4pattern_a18_cifar100_e5_p3500_c1200_s100_h100x4_shared_full_reward_seed777,true,,
2968439,rl-4p-c100-s42-r,PREEMPTED,0:0,2026-07-27T05:04:29,2026-07-27T06:30:59,2026-07-27T16:32:40,36101,"billing=32,cpu=32,gres/gpu:h100=4,gres/gpu=4,gres/tmp=1073741824,mem=160G,node=1","billing=32,cpu=32,gres/gpu=4,gres/tmp=1073741824,mem=160G,node=1",jnultra01,h100,0,20260726_4pattern_a18_cifar100_e5_p3500_c1200_s100_h100x4_shared_full_reward_seed42,true,4,40.1122222222
2968441,rl-4p-c100-s123-r,PREEMPTED,0:0,2026-07-27T05:05:19,2026-07-27T10:04:30,2026-07-27T16:34:02,23372,"billing=32,cpu=32,gres/gpu:h100=4,gres/gpu=4,gres/tmp=1073741824,mem=160G,node=1","billing=32,cpu=32,gres/gpu=4,gres/tmp=1073741824,mem=160G,node=1",jnultra01,h100,0,20260726_4pattern_a18_cifar100_e5_p3500_c1200_s100_h100x4_shared_full_reward_seed123,true,4,25.9688888889
2968443,rl-4p-c100-s777-r,PREEMPTED,0:0,2026-07-27T05:05:19,2026-07-27T11:51:50,2026-07-27T16:48:45,17815,"billing=32,cpu=32,gres/gpu:h100=4,gres/gpu=4,gres/tmp=1073741824,mem=160G,node=1","billing=32,cpu=32,gres/gpu=4,gres/tmp=1073741824,mem=160G,node=1",jnultra02,h100,0,20260726_4pattern_a18_cifar100_e5_p3500_c1200_s100_h100x4_shared_full_reward_seed777,true,4,19.7944444444
2968439,rl-4p-c100-s42-r,PREEMPTED,0:0,2026-07-27T16:32:40,2026-07-27T16:48:51,2026-07-27T18:35:29,6398,"billing=32,cpu=32,gres/gpu:h100=4,gres/gpu=4,gres/tmp=1073741824,mem=160G,node=1","billing=32,cpu=32,gres/gpu=4,gres/tmp=1073741824,mem=160G,node=1",jnultra02,h100,1,20260726_4pattern_a18_cifar100_e5_p3500_c1200_s100_h100x4_shared_full_reward_seed42,true,4,7.1088888889
2968441,rl-4p-c100-s123-r,PREEMPTED,0:0,2026-07-27T16:34:02,2026-07-27T17:30:21,2026-07-27T18:50:46,4825,"billing=32,cpu=32,gres/gpu:h100=4,gres/gpu=4,gres/tmp=1073741824,mem=160G,node=1","billing=32,cpu=32,gres/gpu=4,gres/tmp=1073741824,mem=160G,node=1",jnultra01,h100,1,20260726_4pattern_a18_cifar100_e5_p3500_c1200_s100_h100x4_shared_full_reward_seed123,true,4,5.3611111111
2968443,rl-4p-c100-s777-r,PREEMPTED,0:0,2026-07-27T16:48:51,2026-07-27T17:53:32,2026-07-27T18:57:16,3824,"billing=32,cpu=32,gres/gpu:h100=4,gres/gpu=4,gres/tmp=1073741824,mem=160G,node=1","billing=32,cpu=32,gres/gpu=4,gres/tmp=1073741824,mem=160G,node=1",jnultra01,h100,1,20260726_4pattern_a18_cifar100_e5_p3500_c1200_s100_h100x4_shared_full_reward_seed777,true,4,4.2488888889
2968439,rl-4p-c100-s42-r,REQUEUED,0:0,2026-07-27T18:35:29,2026-07-28T09:19:44,2026-07-28T09:19:44,0,"billing=32,cpu=32,gres/gpu:h100=4,gres/gpu=4,gres/tmp=1073741824,mem=160G,node=1","billing=32,cpu=32,gres/gpu=4,gres/tmp=1073741824,mem=160G,node=1",jnultra02,h100,2,20260726_4pattern_a18_cifar100_e5_p3500_c1200_s100_h100x4_shared_full_reward_seed42,true,4,0.0000000000
2968441,rl-4p-c100-s123-r,PREEMPTED,0:0,2026-07-27T18:50:50,2026-07-28T09:19:44,2026-07-28T09:19:44,0,"billing=32,cpu=32,gres/gpu:h100=4,gres/gpu=4,gres/tmp=1073741824,mem=160G,node=1","billing=32,cpu=32,gres/gpu=4,gres/tmp=1073741824,mem=160G,node=1",jnultra02,h100,2,20260726_4pattern_a18_cifar100_e5_p3500_c1200_s100_h100x4_shared_full_reward_seed123,true,4,0.0000000000
2968443,rl-4p-c100-s777-r,REQUEUED,0:0,2026-07-27T18:57:16,2026-07-28T09:19:44,2026-07-28T09:19:44,0,"billing=32,cpu=32,gres/gpu:h100=4,gres/gpu=4,gres/tmp=1073741824,mem=160G,node=1","billing=32,cpu=32,gres/gpu=4,gres/tmp=1073741824,mem=160G,node=1",jnultra01,h100,2,20260726_4pattern_a18_cifar100_e5_p3500_c1200_s100_h100x4_shared_full_reward_seed777,true,4,0.0000000000
2968439,rl-4p-c100-s42-r,CANCELLED by 221940,0:0,2026-07-28T09:19:44,None,2026-08-07T09:37:42,0,,"billing=32,cpu=32,gres/gpu=4,gres/tmp=1073741824,mem=160G,node=1",None assigned,h100,3,20260726_4pattern_a18_cifar100_e5_p3500_c1200_s100_h100x4_shared_full_reward_seed42,true,,
2968441,rl-4p-c100-s123-r,FAILED,0:53,2026-07-28T09:19:44,2026-07-28T09:21:45,2026-07-28T09:21:47,2,"billing=32,cpu=32,gres/gpu:h100=4,gres/gpu=4,gres/tmp=1073741824,mem=160G,node=1","billing=32,cpu=32,gres/gpu=4,gres/tmp=1073741824,mem=160G,node=1",jnultra01,h100,3,20260726_4pattern_a18_cifar100_e5_p3500_c1200_s100_h100x4_shared_full_reward_seed123,true,4,0.0022222222
2968443,rl-4p-c100-s777-r,CANCELLED by 221940,0:0,2026-07-28T09:19:44,None,2026-08-07T09:37:42,0,,"billing=32,cpu=32,gres/gpu=4,gres/tmp=1073741824,mem=160G,node=1",None assigned,h100,3,20260726_4pattern_a18_cifar100_e5_p3500_c1200_s100_h100x4_shared_full_reward_seed777,true,,
3043612,sftg-1p42-00,COMPLETED,0:0,2026-08-07T09:33:21,2026-08-07T09:34:39,2026-08-07T11:51:28,8209,"billing=8,cpu=8,gres/gpu:l40=1,gres/gpu=1,gres/tmp=1073741824,mem=64G,node=1","billing=8,cpu=8,gres/gpu=1,gres/tmp=1073741824,mem=64G,node=1",jn110,standard,0,20260728_sftonly_cifar10_e5_1pattern_seed42,true,1,2.2802777778
3043620,sftg-1p42-01,COMPLETED,0:0,2026-08-07T09:35:03,2026-08-07T09:35:30,2026-08-07T11:45:38,7808,"billing=8,cpu=8,gres/gpu:l40=1,gres/gpu=1,gres/tmp=1073741824,mem=64G,node=1","billing=8,cpu=8,gres/gpu=1,gres/tmp=1073741824,mem=64G,node=1",jn105,standard,0,20260728_sftonly_cifar10_e5_1pattern_seed42,true,1,2.1688888889
3043621,sftg-1p42-02,COMPLETED,0:0,2026-08-07T09:35:03,2026-08-07T09:35:33,2026-08-07T11:26:52,6679,"billing=8,cpu=8,gres/gpu:l40=1,gres/gpu=1,gres/tmp=1073741824,mem=64G,node=1","billing=8,cpu=8,gres/gpu=1,gres/tmp=1073741824,mem=64G,node=1",jn017,standard,0,20260728_sftonly_cifar10_e5_1pattern_seed42,true,1,1.8552777778
3043622,sftg-1p42-03,COMPLETED,0:0,2026-08-07T09:35:03,2026-08-07T09:36:00,2026-08-07T11:26:22,6622,"billing=8,cpu=8,gres/gpu:l40=1,gres/gpu=1,gres/tmp=1073741824,mem=64G,node=1","billing=8,cpu=8,gres/gpu=1,gres/tmp=1073741824,mem=64G,node=1",jn002,standard,0,20260728_sftonly_cifar10_e5_1pattern_seed42,true,1,1.8394444444
3043623,sftg-1p42-04,CANCELLED by 221940,0:0,2026-08-07T09:35:03,2026-08-07T09:36:03,2026-08-07T11:04:50,5327,"billing=8,cpu=8,gres/gpu:l40=1,gres/gpu=1,gres/tmp=1073741824,mem=64G,node=1","billing=8,cpu=8,gres/gpu=1,gres/tmp=1073741824,mem=64G,node=1",jn020,standard,0,20260728_sftonly_cifar10_e5_1pattern_seed42,true,1,1.4797222222
3043624,sftg-1p42-05,CANCELLED by 221940,0:0,2026-08-07T09:35:03,2026-08-07T09:36:56,2026-08-07T11:04:50,5274,"billing=8,cpu=8,gres/gpu:l40=1,gres/gpu=1,gres/tmp=1073741824,mem=64G,node=1","billing=8,cpu=8,gres/gpu=1,gres/tmp=1073741824,mem=64G,node=1",jn019,standard,0,20260728_sftonly_cifar10_e5_1pattern_seed42,true,1,1.4650000000
3043625,sftg-1p42-06,CANCELLED by 221940,0:0,2026-08-07T09:35:03,2026-08-07T09:37:08,2026-08-07T10:06:20,1752,"billing=8,cpu=8,gres/gpu:l40=1,gres/gpu=1,gres/tmp=1073741824,mem=64G,node=1","billing=8,cpu=8,gres/gpu=1,gres/tmp=1073741824,mem=64G,node=1",jn110,standard,0,20260728_sftonly_cifar10_e5_1pattern_seed42,true,1,0.4866666667
3043626,sftg-1p42-07,CANCELLED by 221940,0:0,2026-08-07T09:35:03,2026-08-07T09:38:27,2026-08-07T10:06:20,1673,"billing=8,cpu=8,gres/gpu:l40=1,gres/gpu=1,gres/tmp=1073741824,mem=64G,node=1","billing=8,cpu=8,gres/gpu=1,gres/tmp=1073741824,mem=64G,node=1",jn102,standard,0,20260728_sftonly_cifar10_e5_1pattern_seed42,true,1,0.4647222222
3043645,sftg-1p777-00,COMPLETED,0:0,2026-08-07T09:35:03,2026-08-07T09:38:49,2026-08-07T11:51:38,7969,"billing=8,cpu=8,gres/gpu:l40=1,gres/gpu=1,gres/tmp=1073741824,mem=64G,node=1","billing=8,cpu=8,gres/gpu=1,gres/tmp=1073741824,mem=64G,node=1",jn107,standard,0,20260728_sftonly_cifar10_e5_1pattern_seed777,true,1,2.2136111111
3043646,sftg-1p777-01,COMPLETED,0:0,2026-08-07T09:35:03,2026-08-07T09:38:40,2026-08-07T11:52:27,8027,"billing=8,cpu=8,gres/gpu:l40=1,gres/gpu=1,gres/tmp=1073741824,mem=64G,node=1","billing=8,cpu=8,gres/gpu=1,gres/tmp=1073741824,mem=64G,node=1",jn108,standard,0,20260728_sftonly_cifar10_e5_1pattern_seed777,true,1,2.2297222222
3043647,sftg-1p777-02,COMPLETED,0:0,2026-08-07T09:35:03,2026-08-07T09:40:11,2026-08-07T11:55:50,8139,"billing=8,cpu=8,gres/gpu:l40=1,gres/gpu=1,gres/tmp=1073741824,mem=64G,node=1","billing=8,cpu=8,gres/gpu=1,gres/tmp=1073741824,mem=64G,node=1",jn102,standard,0,20260728_sftonly_cifar10_e5_1pattern_seed777,true,1,2.2608333333
3043648,sftg-1p777-03,COMPLETED,0:0,2026-08-07T09:35:03,2026-08-07T09:40:48,2026-08-07T11:33:37,6769,"billing=8,cpu=8,gres/gpu:l40=1,gres/gpu=1,gres/tmp=1073741824,mem=64G,node=1","billing=8,cpu=8,gres/gpu=1,gres/tmp=1073741824,mem=64G,node=1",jn013,standard,0,20260728_sftonly_cifar10_e5_1pattern_seed777,true,1,1.8802777778
3043649,sftg-1p777-04,CANCELLED by 221940,0:0,2026-08-07T09:35:03,2026-08-07T09:40:44,2026-08-07T11:04:50,5046,"billing=8,cpu=8,gres/gpu:l40=1,gres/gpu=1,gres/tmp=1073741824,mem=64G,node=1","billing=8,cpu=8,gres/gpu=1,gres/tmp=1073741824,mem=64G,node=1",jn015,standard,0,20260728_sftonly_cifar10_e5_1pattern_seed777,true,1,1.4016666667
3043650,sftg-1p777-05,CANCELLED by 221940,0:0,2026-08-07T09:35:03,2026-08-07T09:41:40,2026-08-07T11:04:50,4990,"billing=8,cpu=8,gres/gpu:l40=1,gres/gpu=1,gres/tmp=1073741824,mem=64G,node=1","billing=8,cpu=8,gres/gpu=1,gres/tmp=1073741824,mem=64G,node=1",jn019,standard,0,20260728_sftonly_cifar10_e5_1pattern_seed777,true,1,1.3861111111
3043651,sftg-1p777-06,CANCELLED by 221940,0:0,2026-08-07T09:35:03,2026-08-07T09:43:17,2026-08-07T10:06:20,1383,"billing=8,cpu=8,gres/gpu:l40=1,gres/gpu=1,gres/tmp=1073741824,mem=64G,node=1","billing=8,cpu=8,gres/gpu=1,gres/tmp=1073741824,mem=64G,node=1",jn109,standard,0,20260728_sftonly_cifar10_e5_1pattern_seed777,true,1,0.3841666667
3043652,sftg-1p777-07,CANCELLED by 221940,0:0,2026-08-07T09:35:03,2026-08-07T09:43:20,2026-08-07T10:06:20,1380,"billing=8,cpu=8,gres/gpu:l40=1,gres/gpu=1,gres/tmp=1073741824,mem=64G,node=1","billing=8,cpu=8,gres/gpu=1,gres/tmp=1073741824,mem=64G,node=1",jn120,standard,0,20260728_sftonly_cifar10_e5_1pattern_seed777,true,1,0.3833333333
3043671,sftg-1p919-00,CANCELLED by 221940,0:0,2026-08-07T09:35:03,2026-08-07T09:43:32,2026-08-07T10:59:31,4559,"billing=8,cpu=8,gres/gpu:l40=1,gres/gpu=1,gres/tmp=1073741824,mem=64G,node=1","billing=8,cpu=8,gres/gpu=1,gres/tmp=1073741824,mem=64G,node=1",jn006,standard,0,20260728_sftonly_cifar10_e5_1pattern_seed919,false,1,1.2663888889
3043672,sftg-1p919-01,CANCELLED by 221940,0:0,2026-08-07T09:35:03,2026-08-07T09:43:51,2026-08-07T10:59:31,4540,"billing=8,cpu=8,gres/gpu:l40=1,gres/gpu=1,gres/tmp=1073741824,mem=64G,node=1","billing=8,cpu=8,gres/gpu=1,gres/tmp=1073741824,mem=64G,node=1",jn119,standard,0,20260728_sftonly_cifar10_e5_1pattern_seed919,false,1,1.2611111111
3043673,sftg-1p919-02,CANCELLED by 221940,0:0,2026-08-07T09:35:04,2026-08-07T09:43:53,2026-08-07T10:59:31,4538,"billing=8,cpu=8,gres/gpu:l40=1,gres/gpu=1,gres/tmp=1073741824,mem=64G,node=1","billing=8,cpu=8,gres/gpu=1,gres/tmp=1073741824,mem=64G,node=1",jn103,standard,0,20260728_sftonly_cifar10_e5_1pattern_seed919,false,1,1.2605555556
3043674,sftg-1p919-03,CANCELLED by 221940,0:0,2026-08-07T09:35:04,2026-08-07T09:44:24,2026-08-07T10:59:31,4507,"billing=8,cpu=8,gres/gpu:l40=1,gres/gpu=1,gres/tmp=1073741824,mem=64G,node=1","billing=8,cpu=8,gres/gpu=1,gres/tmp=1073741824,mem=64G,node=1",jn101,standard,0,20260728_sftonly_cifar10_e5_1pattern_seed919,false,1,1.2519444444
3043675,sftg-1p919-04,CANCELLED by 221940,0:0,2026-08-07T09:35:04,2026-08-07T09:44:17,2026-08-07T10:59:31,4514,"billing=8,cpu=8,gres/gpu:l40=1,gres/gpu=1,gres/tmp=1073741824,mem=64G,node=1","billing=8,cpu=8,gres/gpu=1,gres/tmp=1073741824,mem=64G,node=1",jn113,standard,0,20260728_sftonly_cifar10_e5_1pattern_seed919,false,1,1.2538888889
3043676,sftg-1p919-05,CANCELLED by 221940,0:0,2026-08-07T09:35:04,2026-08-07T09:45:17,2026-08-07T10:06:20,1263,"billing=8,cpu=8,gres/gpu:l40=1,gres/gpu=1,gres/tmp=1073741824,mem=64G,node=1","billing=8,cpu=8,gres/gpu=1,gres/tmp=1073741824,mem=64G,node=1",jn117,standard,0,20260728_sftonly_cifar10_e5_1pattern_seed919,false,1,0.3508333333
3043677,sftg-1p919-06,CANCELLED by 221940,0:0,2026-08-07T09:35:04,2026-08-07T09:45:46,2026-08-07T10:06:20,1234,"billing=8,cpu=8,gres/gpu:l40=1,gres/gpu=1,gres/tmp=1073741824,mem=64G,node=1","billing=8,cpu=8,gres/gpu=1,gres/tmp=1073741824,mem=64G,node=1",jn114,standard,0,20260728_sftonly_cifar10_e5_1pattern_seed919,false,1,0.3427777778
3043678,sftg-1p919-07,CANCELLED by 221940,0:0,2026-08-07T09:35:04,2026-08-07T09:46:50,2026-08-07T10:59:31,4361,"billing=8,cpu=8,gres/gpu:l40=1,gres/gpu=1,gres/tmp=1073741824,mem=64G,node=1","billing=8,cpu=8,gres/gpu=1,gres/tmp=1073741824,mem=64G,node=1",jn020,standard,0,20260728_sftonly_cifar10_e5_1pattern_seed919,false,1,1.2113888889
3043697,sftg-4p42-00,COMPLETED,0:0,2026-08-07T09:35:04,2026-08-07T09:47:14,2026-08-07T12:18:51,9097,"billing=8,cpu=8,gres/gpu:l40=1,gres/gpu=1,gres/tmp=1073741824,mem=64G,node=1","billing=8,cpu=8,gres/gpu=1,gres/tmp=1073741824,mem=64G,node=1",jn106,standard,0,20260728_sftonly_cifar10_e5_4pattern_seed42,true,1,2.5269444444
3043698,sftg-4p42-01,COMPLETED,0:0,2026-08-07T09:35:04,2026-08-07T09:47:13,2026-08-07T12:00:01,7968,"billing=8,cpu=8,gres/gpu:l40s=1,gres/gpu=1,gres/tmp=1073741824,mem=64G,node=1","billing=8,cpu=8,gres/gpu=1,gres/tmp=1073741824,mem=64G,node=1",jnfat01,standard,0,20260728_sftonly_cifar10_e5_4pattern_seed42,true,1,2.2133333333
3043699,sftg-4p42-02,CANCELLED by 221940,0:0,2026-08-07T09:35:04,2026-08-07T09:47:39,2026-08-07T10:06:20,1121,"billing=8,cpu=8,gres/gpu:l40=1,gres/gpu=1,gres/tmp=1073741824,mem=64G,node=1","billing=8,cpu=8,gres/gpu=1,gres/tmp=1073741824,mem=64G,node=1",jn118,standard,0,20260728_sftonly_cifar10_e5_4pattern_seed42,true,1,0.3113888889
3043700,sftg-4p42-03,CANCELLED by 221940,0:0,2026-08-07T09:35:04,2026-08-07T09:47:42,2026-08-07T10:06:20,1118,"billing=8,cpu=8,gres/gpu:l40=1,gres/gpu=1,gres/tmp=1073741824,mem=64G,node=1","billing=8,cpu=8,gres/gpu=1,gres/tmp=1073741824,mem=64G,node=1",jn104,standard,0,20260728_sftonly_cifar10_e5_4pattern_seed42,true,1,0.3105555556
3043701,sftg-4p42-04,CANCELLED by 221940,0:0,2026-08-07T09:35:04,2026-08-07T09:47:43,2026-08-07T11:04:50,4627,"billing=8,cpu=8,gres/gpu:h100=1,gres/gpu=1,gres/tmp=1073741824,mem=64G,node=1","billing=8,cpu=8,gres/gpu=1,gres/tmp=1073741824,mem=64G,node=1",jnultra01,h100,0,20260728_sftonly_cifar10_e5_4pattern_seed42,true,1,1.2852777778
3043702,sftg-4p42-05,CANCELLED by 221940,0:0,2026-08-07T09:35:04,2026-08-07T09:47:43,2026-08-07T11:04:50,4627,"billing=8,cpu=8,gres/gpu:h100=1,gres/gpu=1,gres/tmp=1073741824,mem=64G,node=1","billing=8,cpu=8,gres/gpu=1,gres/tmp=1073741824,mem=64G,node=1",jnultra01,h100,0,20260728_sftonly_cifar10_e5_4pattern_seed42,true,1,1.2852777778
3043703,sftg-4p42-06,CANCELLED by 221940,0:0,2026-08-07T09:35:04,2026-08-07T09:47:43,2026-08-07T11:04:50,4627,"billing=8,cpu=8,gres/gpu:h100=1,gres/gpu=1,gres/tmp=1073741824,mem=64G,node=1","billing=8,cpu=8,gres/gpu=1,gres/tmp=1073741824,mem=64G,node=1",jnultra01,h100,0,20260728_sftonly_cifar10_e5_4pattern_seed42,true,1,1.2852777778
3043704,sftg-4p42-07,CANCELLED by 221940,0:0,2026-08-07T09:35:04,2026-08-07T09:47:43,2026-08-07T11:04:50,4627,"billing=8,cpu=8,gres/gpu:h100=1,gres/gpu=1,gres/tmp=1073741824,mem=64G,node=1","billing=8,cpu=8,gres/gpu=1,gres/tmp=1073741824,mem=64G,node=1",jnultra01,h100,0,20260728_sftonly_cifar10_e5_4pattern_seed42,true,1,1.2852777778
3043723,sftg-4p514-00,CANCELLED by 221940,0:0,2026-08-07T09:35:04,2026-08-07T09:47:43,2026-08-07T10:59:31,4308,"billing=8,cpu=8,gres/gpu:h100=1,gres/gpu=1,gres/tmp=1073741824,mem=64G,node=1","billing=8,cpu=8,gres/gpu=1,gres/tmp=1073741824,mem=64G,node=1",jnultra01,h100,0,20260728_sftonly_cifar10_e5_4pattern_seed514,false,1,1.1966666667
3043724,sftg-4p514-01,CANCELLED by 221940,0:0,2026-08-07T09:35:04,2026-08-07T09:47:43,2026-08-07T10:59:31,4308,"billing=8,cpu=8,gres/gpu:h100=1,gres/gpu=1,gres/tmp=1073741824,mem=64G,node=1","billing=8,cpu=8,gres/gpu=1,gres/tmp=1073741824,mem=64G,node=1",jnultra01,h100,0,20260728_sftonly_cifar10_e5_4pattern_seed514,false,1,1.1966666667
3043725,sftg-4p514-02,CANCELLED by 221940,0:0,2026-08-07T09:35:04,2026-08-07T09:47:43,2026-08-07T10:59:31,4308,"billing=8,cpu=8,gres/gpu:h100=1,gres/gpu=1,gres/tmp=1073741824,mem=64G,node=1","billing=8,cpu=8,gres/gpu=1,gres/tmp=1073741824,mem=64G,node=1",jnultra01,h100,0,20260728_sftonly_cifar10_e5_4pattern_seed514,false,1,1.1966666667
3043726,sftg-4p514-03,CANCELLED by 221940,0:0,2026-08-07T09:35:04,2026-08-07T09:47:48,2026-08-07T10:59:31,4303,"billing=8,cpu=8,gres/gpu:l40=1,gres/gpu=1,gres/tmp=1073741824,mem=64G,node=1","billing=8,cpu=8,gres/gpu=1,gres/tmp=1073741824,mem=64G,node=1",jn006,standard,0,20260728_sftonly_cifar10_e5_4pattern_seed514,false,1,1.1952777778
3043728,sftg-4p514-05,CANCELLED by 221940,0:0,2026-08-07T09:35:04,2026-08-07T09:47:59,2026-08-07T10:59:31,4292,"billing=8,cpu=8,gres/gpu:l40=1,gres/gpu=1,gres/tmp=1073741824,mem=64G,node=1","billing=8,cpu=8,gres/gpu=1,gres/tmp=1073741824,mem=64G,node=1",jn005,standard,0,20260728_sftonly_cifar10_e5_4pattern_seed514,false,1,1.1922222222
3043729,sftg-4p514-06,CANCELLED by 221940,0:0,2026-08-07T09:35:04,2026-08-07T09:50:29,2026-08-07T10:59:31,4142,"billing=8,cpu=8,gres/gpu:l40s=1,gres/gpu=1,gres/tmp=1073741824,mem=64G,node=1","billing=8,cpu=8,gres/gpu=1,gres/tmp=1073741824,mem=64G,node=1",jnfat03,standard,0,20260728_sftonly_cifar10_e5_4pattern_seed514,false,1,1.1505555556
3043730,sftg-4p514-07,CANCELLED by 221940,0:0,2026-08-07T09:35:04,2026-08-07T09:49:13,2026-08-07T10:59:31,4218,"billing=8,cpu=8,gres/gpu:l40=1,gres/gpu=1,gres/tmp=1073741824,mem=64G,node=1","billing=8,cpu=8,gres/gpu=1,gres/tmp=1073741824,mem=64G,node=1",jn108,standard,0,20260728_sftonly_cifar10_e5_4pattern_seed514,false,1,1.1716666667
3043774,sfte-4p123-00,COMPLETED,0:0,2026-08-07T09:35:41,2026-08-07T09:50:29,2026-08-07T20:25:56,38127,"billing=8,cpu=8,gres/gpu:l40s=1,gres/gpu=1,gres/tmp=1073741824,mem=96G,node=1","billing=8,cpu=8,gres/gpu=1,gres/tmp=1073741824,mem=96G,node=1",jnfat03,standard,0,20260728_sftonly_cifar10_e5_4pattern_seed123,true,1,10.5908333333
3043775,sfte-4p123-02,COMPLETED,0:0,2026-08-07T09:35:41,2026-08-07T09:50:29,2026-08-07T19:26:44,34575,"billing=8,cpu=8,gres/gpu:l40s=1,gres/gpu=1,gres/tmp=1073741824,mem=96G,node=1","billing=8,cpu=8,gres/gpu=1,gres/tmp=1073741824,mem=96G,node=1",jnfat03,standard,0,20260728_sftonly_cifar10_e5_4pattern_seed123,true,1,9.6041666667
3043776,sfte-4p123-03,COMPLETED,0:0,2026-08-07T09:35:41,2026-08-07T09:50:31,2026-08-07T18:27:44,31033,"billing=8,cpu=8,gres/gpu:l40s=1,gres/gpu=1,gres/tmp=1073741824,mem=96G,node=1","billing=8,cpu=8,gres/gpu=1,gres/tmp=1073741824,mem=96G,node=1",jnfat04,gpu_computervision,0,20260728_sftonly_cifar10_e5_4pattern_seed123,true,1,8.6202777778
3043777,sfte-4p123-04,COMPLETED,0:0,2026-08-07T09:35:41,2026-08-07T09:50:31,2026-08-07T18:11:52,30081,"billing=8,cpu=8,gres/gpu:l40s=1,gres/gpu=1,gres/tmp=1073741824,mem=96G,node=1","billing=8,cpu=8,gres/gpu=1,gres/tmp=1073741824,mem=96G,node=1",jnfat04,gpu_computervision,0,20260728_sftonly_cifar10_e5_4pattern_seed123,true,1,8.3558333333
3043778,sfte-4p123-05,COMPLETED,0:0,2026-08-07T09:35:41,2026-08-07T09:51:13,2026-08-07T18:58:17,32824,"billing=8,cpu=8,gres/gpu:l40=1,gres/gpu=1,gres/tmp=1073741824,mem=96G,node=1","billing=8,cpu=8,gres/gpu=1,gres/tmp=1073741824,mem=96G,node=1",jn120,standard,0,20260728_sftonly_cifar10_e5_4pattern_seed123,true,1,9.1177777778
3043779,sfte-4p123-09,CANCELLED by 221940,0:0,2026-08-07T09:35:41,2026-08-07T09:51:19,2026-08-07T11:04:50,4411,"billing=8,cpu=8,gres/gpu:l40=1,gres/gpu=1,gres/tmp=1073741824,mem=96G,node=1","billing=8,cpu=8,gres/gpu=1,gres/tmp=1073741824,mem=96G,node=1",jn008,standard,0,20260728_sftonly_cifar10_e5_4pattern_seed123,true,1,1.2252777778
3043780,sfte-4p123-11,CANCELLED by 221940,0:0,2026-08-07T09:35:41,2026-08-07T09:51:38,2026-08-07T11:04:50,4392,"billing=8,cpu=8,gres/gpu:l40=1,gres/gpu=1,gres/tmp=1073741824,mem=96G,node=1","billing=8,cpu=8,gres/gpu=1,gres/tmp=1073741824,mem=96G,node=1",jn104,standard,0,20260728_sftonly_cifar10_e5_4pattern_seed123,true,1,1.2200000000
3043782,sfte-1p123-c06,OUT_OF_MEMORY,0:125,2026-08-07T09:35:41,2026-08-07T10:26:30,2026-08-07T10:37:39,669,"billing=8,cpu=8,gres/gpu:h100=1,gres/gpu=1,gres/tmp=1073741824,mem=512G,node=1","billing=8,cpu=8,gres/gpu=1,gres/tmp=1073741824,mem=512G,node=1",jnultra01,h100,0,20260728_sftonly_cifar10_e5_1pattern_seed123,true,1,0.1858333333
3043789,rl-4p-c100-s42-q,FAILED,1:0,2026-08-07T09:37:42,2026-08-07T11:04:52,2026-08-07T16:29:30,19478,"billing=32,cpu=32,gres/gpu:h100=4,gres/gpu=4,gres/tmp=1073741824,mem=160G,node=1","billing=32,cpu=32,gres/gpu=4,gres/tmp=1073741824,mem=160G,node=1",jnultra01,h100,0,20260726_4pattern_a18_cifar100_e5_p3500_c1200_s100_h100x4_shared_full_reward_seed42,true,4,21.6422222222
3043791,rl-4p-c100-s123-q,FAILED,1:0,2026-08-07T09:37:42,2026-08-07T11:29:48,2026-08-07T16:29:29,17981,"billing=32,cpu=32,gres/gpu:h100=4,gres/gpu=4,gres/tmp=1073741824,mem=160G,node=1","billing=32,cpu=32,gres/gpu=4,gres/tmp=1073741824,mem=160G,node=1",jnultra02,h100,0,20260726_4pattern_a18_cifar100_e5_p3500_c1200_s100_h100x4_shared_full_reward_seed123,true,4,19.9788888889
3043793,rl-4p-c100-s777-q,FAILED,1:0,2026-08-07T09:37:42,2026-08-07T11:29:49,2026-08-07T17:46:31,22602,"billing=32,cpu=32,gres/gpu:h100=4,gres/gpu=4,gres/tmp=1073741824,mem=160G,node=1","billing=32,cpu=32,gres/gpu=4,gres/tmp=1073741824,mem=160G,node=1",jnultra02,h100,0,20260726_4pattern_a18_cifar100_e5_p3500_c1200_s100_h100x4_shared_full_reward_seed777,true,4,25.1133333333
3043853,sftg-4p514-04r,CANCELLED by 221940,0:0,2026-08-07T09:54:46,2026-08-07T09:55:04,2026-08-07T10:59:31,3867,"billing=8,cpu=8,gres/gpu:l40=1,gres/gpu=1,gres/tmp=1073741824,mem=64G,node=1","billing=8,cpu=8,gres/gpu=1,gres/tmp=1073741824,mem=64G,node=1",jn017,standard,0,20260728_sftonly_cifar10_e5_4pattern_seed514,false,1,1.0741666667
3043943,sftg-4p42-02c,COMPLETED,0:0,2026-08-07T10:06:20,2026-08-07T11:18:39,2026-08-07T13:32:45,8046,"billing=8,cpu=8,gres/gpu:l40=1,gres/gpu=1,gres/tmp=1073741824,mem=64G,node=1","billing=8,cpu=8,gres/gpu=1,gres/tmp=1073741824,mem=64G,node=1",jn009,standard,0,20260728_sftonly_cifar10_e5_4pattern_seed42,true,1,2.2350000000
3043944,sftg-4p42-03c,COMPLETED,0:0,2026-08-07T10:06:20,2026-08-07T11:17:51,2026-08-07T13:51:06,9195,"billing=8,cpu=8,gres/gpu:l40=1,gres/gpu=1,gres/tmp=1073741824,mem=64G,node=1","billing=8,cpu=8,gres/gpu=1,gres/tmp=1073741824,mem=64G,node=1",jn103,standard,0,20260728_sftonly_cifar10_e5_4pattern_seed42,true,1,2.5541666667
3044074,sftgm-1p42-400,COMPLETED,0:0,2026-08-07T11:04:50,2026-08-07T11:51:28,2026-08-07T11:51:34,6,"billing=2,cpu=2,gres/tmp=1073741824,mem=4G,node=1","billing=2,cpu=2,gres/tmp=1073741824,mem=4G,node=1",jn010,small_cpu,0,20260728_sftonly_cifar10_e5_1pattern_seed42,true,,
3044075,sfte-1p42-400-0,COMPLETED,0:0,2026-08-07T11:04:50,2026-08-07T11:51:39,2026-08-07T17:44:52,21193,"billing=8,cpu=8,gres/gpu:l40=1,gres/gpu=1,gres/tmp=1073741824,mem=96G,node=1","billing=8,cpu=8,gres/gpu=1,gres/tmp=1073741824,mem=96G,node=1",jn107,standard,0,20260728_sftonly_cifar10_e5_1pattern_seed42,true,1,5.8869444444
3044076,sfte-1p42-400-1,COMPLETED,0:0,2026-08-07T11:04:50,2026-08-07T11:52:34,2026-08-07T17:06:36,18842,"billing=8,cpu=8,gres/gpu:l40s=1,gres/gpu=1,gres/tmp=1073741824,mem=96G,node=1","billing=8,cpu=8,gres/gpu=1,gres/tmp=1073741824,mem=96G,node=1",jnfat09,standard,0,20260728_sftonly_cifar10_e5_1pattern_seed42,true,1,5.2338888889
3044077,sfte-1p42-400-2,COMPLETED,0:0,2026-08-07T11:04:50,2026-08-07T11:51:34,2026-08-07T16:42:53,17479,"billing=8,cpu=8,gres/gpu:l40=1,gres/gpu=1,gres/tmp=1073741824,mem=96G,node=1","billing=8,cpu=8,gres/gpu=1,gres/tmp=1073741824,mem=96G,node=1",jn114,standard,0,20260728_sftonly_cifar10_e5_1pattern_seed42,true,1,4.8552777778
3044078,sfte-1p42-400-3,COMPLETED,0:0,2026-08-07T11:04:50,2026-08-07T11:51:34,2026-08-07T16:40:13,17319,"billing=8,cpu=8,gres/gpu:l40s=1,gres/gpu=1,gres/tmp=1073741824,mem=96G,node=1","billing=8,cpu=8,gres/gpu=1,gres/tmp=1073741824,mem=96G,node=1",jnfat08,standard,0,20260728_sftonly_cifar10_e5_1pattern_seed42,true,1,4.8108333333
3044079,sfte-1p42-400-4,COMPLETED,0:0,2026-08-07T11:04:50,2026-08-07T11:51:34,2026-08-07T16:59:09,18455,"billing=8,cpu=8,gres/gpu:l40=1,gres/gpu=1,gres/tmp=1073741824,mem=96G,node=1","billing=8,cpu=8,gres/gpu=1,gres/tmp=1073741824,mem=96G,node=1",jn110,standard,0,20260728_sftonly_cifar10_e5_1pattern_seed42,true,1,5.1263888889
3044080,sfte-1p42-400-5,COMPLETED,0:0,2026-08-07T11:04:50,2026-08-07T11:52:37,2026-08-07T16:21:46,16149,"billing=8,cpu=8,gres/gpu:l40=1,gres/gpu=1,gres/tmp=1073741824,mem=96G,node=1","billing=8,cpu=8,gres/gpu=1,gres/tmp=1073741824,mem=96G,node=1",jn010,standard,0,20260728_sftonly_cifar10_e5_1pattern_seed42,true,1,4.4858333333
3044081,sfte-1p42-400-6,COMPLETED,0:0,2026-08-07T11:04:50,2026-08-07T11:52:27,2026-08-07T17:03:56,18689,"billing=8,cpu=8,gres/gpu:l40=1,gres/gpu=1,gres/tmp=1073741824,mem=96G,node=1","billing=8,cpu=8,gres/gpu=1,gres/tmp=1073741824,mem=96G,node=1",jn108,standard,0,20260728_sftonly_cifar10_e5_1pattern_seed42,true,1,5.1913888889
3044082,sfte-1p42-400-7,COMPLETED,0:0,2026-08-07T11:04:50,2026-08-07T11:52:46,2026-08-07T15:54:43,14517,"billing=8,cpu=8,gres/gpu:l40s=1,gres/gpu=1,gres/tmp=1073741824,mem=96G,node=1","billing=8,cpu=8,gres/gpu=1,gres/tmp=1073741824,mem=96G,node=1",jnfat09,standard,0,20260728_sftonly_cifar10_e5_1pattern_seed42,true,1,4.0325000000
3044083,sftm-1p42-400,COMPLETED,0:0,2026-08-07T11:04:50,2026-08-07T17:44:53,2026-08-07T17:44:57,4,"billing=2,cpu=2,gres/tmp=1073741824,mem=8G,node=1","billing=2,cpu=2,gres/tmp=1073741824,mem=8G,node=1",jn013,small_cpu,0,20260728_sftonly_cifar10_e5_1pattern_seed42,true,,
3044084,sftgm-1p777-400,COMPLETED,0:0,2026-08-07T11:04:50,2026-08-07T11:55:50,2026-08-07T11:55:57,7,"billing=2,cpu=2,gres/tmp=1073741824,mem=4G,node=1","billing=2,cpu=2,gres/tmp=1073741824,mem=4G,node=1",jn007,small_cpu,0,20260728_sftonly_cifar10_e5_1pattern_seed777,true,,
3044085,sfte-1p777-400-0,COMPLETED,0:0,2026-08-07T11:04:50,2026-08-07T20:25:56,2026-08-07T22:58:14,9138,"billing=8,cpu=8,gres/gpu:h100=1,gres/gpu=1,gres/tmp=1073741824,mem=96G,node=1","billing=8,cpu=8,gres/gpu=1,gres/tmp=1073741824,mem=96G,node=1",jnultra01,h100,0,20260728_sftonly_cifar10_e5_1pattern_seed777,true,1,2.5383333333
3044086,sfte-1p777-400-1,COMPLETED,0:0,2026-08-07T11:04:50,2026-08-07T19:26:44,2026-08-07T21:54:40,8876,"billing=8,cpu=8,gres/gpu:h100=1,gres/gpu=1,gres/tmp=1073741824,mem=96G,node=1","billing=8,cpu=8,gres/gpu=1,gres/tmp=1073741824,mem=96G,node=1",jnultra01,h100,0,20260728_sftonly_cifar10_e5_1pattern_seed777,true,1,2.4655555556
3044087,sfte-1p777-400-2,COMPLETED,0:0,2026-08-07T11:04:50,2026-08-07T18:27:45,2026-08-07T20:51:01,8596,"billing=8,cpu=8,gres/gpu:h100=1,gres/gpu=1,gres/tmp=1073741824,mem=96G,node=1","billing=8,cpu=8,gres/gpu=1,gres/tmp=1073741824,mem=96G,node=1",jnultra01,h100,0,20260728_sftonly_cifar10_e5_1pattern_seed777,true,1,2.3877777778
3044088,sfte-1p777-400-3,COMPLETED,0:0,2026-08-07T11:04:50,2026-08-07T18:11:52,2026-08-07T20:39:50,8878,"billing=8,cpu=8,gres/gpu:h100=1,gres/gpu=1,gres/tmp=1073741824,mem=96G,node=1","billing=8,cpu=8,gres/gpu=1,gres/tmp=1073741824,mem=96G,node=1",jnultra01,h100,0,20260728_sftonly_cifar10_e5_1pattern_seed777,true,1,2.4661111111
3044089,sfte-1p777-400-4,COMPLETED,0:0,2026-08-07T11:04:50,2026-08-07T18:58:17,2026-08-07T21:30:47,9150,"billing=8,cpu=8,gres/gpu:h100=1,gres/gpu=1,gres/tmp=1073741824,mem=96G,node=1","billing=8,cpu=8,gres/gpu=1,gres/tmp=1073741824,mem=96G,node=1",jnultra01,h100,0,20260728_sftonly_cifar10_e5_1pattern_seed777,true,1,2.5416666667
3044090,sfte-1p777-400-5,COMPLETED,0:0,2026-08-07T11:04:50,2026-08-07T11:56:01,2026-08-07T17:01:14,18313,"billing=8,cpu=8,gres/gpu:l40=1,gres/gpu=1,gres/tmp=1073741824,mem=96G,node=1","billing=8,cpu=8,gres/gpu=1,gres/tmp=1073741824,mem=96G,node=1",jn104,standard,0,20260728_sftonly_cifar10_e5_1pattern_seed777,true,1,5.0869444444
3044091,sfte-1p777-400-6,COMPLETED,0:0,2026-08-07T11:04:50,2026-08-07T11:56:08,2026-08-07T16:33:14,16626,"billing=8,cpu=8,gres/gpu:l40=1,gres/gpu=1,gres/tmp=1073741824,mem=96G,node=1","billing=8,cpu=8,gres/gpu=1,gres/tmp=1073741824,mem=96G,node=1",jn002,standard,0,20260728_sftonly_cifar10_e5_1pattern_seed777,true,1,4.6183333333
3044092,sfte-1p777-400-7,COMPLETED,0:0,2026-08-07T11:04:50,2026-08-07T11:55:57,2026-08-07T17:05:18,18561,"billing=8,cpu=8,gres/gpu:l40=1,gres/gpu=1,gres/tmp=1073741824,mem=96G,node=1","billing=8,cpu=8,gres/gpu=1,gres/tmp=1073741824,mem=96G,node=1",jn102,standard,0,20260728_sftonly_cifar10_e5_1pattern_seed777,true,1,5.1558333333
3044093,sftm-1p777-400,COMPLETED,0:0,2026-08-07T11:04:50,2026-08-07T22:58:14,2026-08-07T22:58:18,4,"billing=2,cpu=2,gres/tmp=1073741824,mem=8G,node=1","billing=2,cpu=2,gres/tmp=1073741824,mem=8G,node=1",jn019,small_cpu,0,20260728_sftonly_cifar10_e5_1pattern_seed777,true,,
3044094,sftgm-4p42-400,COMPLETED,0:0,2026-08-07T11:04:50,2026-08-07T13:51:06,2026-08-07T13:51:10,4,"billing=2,cpu=2,gres/tmp=1073741824,mem=4G,node=1","billing=2,cpu=2,gres/tmp=1073741824,mem=4G,node=1",jn004,small_cpu,0,20260728_sftonly_cifar10_e5_4pattern_seed42,true,,
3044095,sfte-4p42-400-0,COMPLETED,0:0,2026-08-07T11:04:50,2026-08-07T13:51:28,2026-08-07T22:06:07,29679,"billing=8,cpu=8,gres/gpu:l40s=1,gres/gpu=1,gres/tmp=1073741824,mem=96G,node=1","billing=8,cpu=8,gres/gpu=1,gres/tmp=1073741824,mem=96G,node=1",jnfat03,standard,0,20260728_sftonly_cifar10_e5_4pattern_seed42,true,1,8.2441666667
3044096,sfte-4p42-400-1,COMPLETED,0:0,2026-08-07T11:04:50,2026-08-07T13:51:29,2026-08-07T22:08:39,29830,"billing=8,cpu=8,gres/gpu:l40=1,gres/gpu=1,gres/tmp=1073741824,mem=96G,node=1","billing=8,cpu=8,gres/gpu=1,gres/tmp=1073741824,mem=96G,node=1",jn020,standard,0,20260728_sftonly_cifar10_e5_4pattern_seed42,true,1,8.2861111111
3044097,sfte-4p42-400-2,COMPLETED,0:0,2026-08-07T11:04:50,2026-08-07T13:53:32,2026-08-07T22:47:35,32043,"billing=8,cpu=8,gres/gpu:l40=1,gres/gpu=1,gres/tmp=1073741824,mem=96G,node=1","billing=8,cpu=8,gres/gpu=1,gres/tmp=1073741824,mem=96G,node=1",jn011,standard,0,20260728_sftonly_cifar10_e5_4pattern_seed42,true,1,8.9008333333
3044098,sfte-4p42-400-3,COMPLETED,0:0,2026-08-07T11:04:50,2026-08-07T13:54:39,2026-08-07T22:06:43,29524,"billing=8,cpu=8,gres/gpu:l40=1,gres/gpu=1,gres/tmp=1073741824,mem=96G,node=1","billing=8,cpu=8,gres/gpu=1,gres/tmp=1073741824,mem=96G,node=1",jn113,standard,0,20260728_sftonly_cifar10_e5_4pattern_seed42,true,1,8.2011111111
3044099,sfte-4p42-400-4,COMPLETED,0:0,2026-08-07T11:04:50,2026-08-07T17:44:53,2026-08-07T21:40:12,14119,"billing=8,cpu=8,gres/gpu:h100=1,gres/gpu=1,gres/tmp=1073741824,mem=96G,node=1","billing=8,cpu=8,gres/gpu=1,gres/tmp=1073741824,mem=96G,node=1",jnultra02,h100,0,20260728_sftonly_cifar10_e5_4pattern_seed42,true,1,3.9219444444
3044100,sfte-4p42-400-5,COMPLETED,0:0,2026-08-07T11:04:50,2026-08-07T17:06:36,2026-08-07T21:44:36,16680,"billing=8,cpu=8,gres/gpu:h100=1,gres/gpu=1,gres/tmp=1073741824,mem=96G,node=1","billing=8,cpu=8,gres/gpu=1,gres/tmp=1073741824,mem=96G,node=1",jnultra02,h100,0,20260728_sftonly_cifar10_e5_4pattern_seed42,true,1,4.6333333333
3044101,sfte-4p42-400-6,COMPLETED,0:0,2026-08-07T11:04:50,2026-08-07T16:42:53,2026-08-07T20:50:22,14849,"billing=8,cpu=8,gres/gpu:h100=1,gres/gpu=1,gres/tmp=1073741824,mem=96G,node=1","billing=8,cpu=8,gres/gpu=1,gres/tmp=1073741824,mem=96G,node=1",jnultra01,h100,0,20260728_sftonly_cifar10_e5_4pattern_seed42,true,1,4.1247222222
3044102,sfte-4p42-400-7,COMPLETED,0:0,2026-08-07T11:04:50,2026-08-07T16:40:13,2026-08-07T20:47:30,14837,"billing=8,cpu=8,gres/gpu:h100=1,gres/gpu=1,gres/tmp=1073741824,mem=96G,node=1","billing=8,cpu=8,gres/gpu=1,gres/tmp=1073741824,mem=96G,node=1",jnultra01,h100,0,20260728_sftonly_cifar10_e5_4pattern_seed42,true,1,4.1213888889
3044103,sftm-4p42-400,COMPLETED,0:0,2026-08-07T11:04:50,2026-08-07T22:47:36,2026-08-07T22:47:41,5,"billing=2,cpu=2,gres/tmp=1073741824,mem=8G,node=1","billing=2,cpu=2,gres/tmp=1073741824,mem=8G,node=1",jn019,small_cpu,0,20260728_sftonly_cifar10_e5_4pattern_seed42,true,,
3044104,sftm-1p123-400,COMPLETED,0:0,2026-08-07T11:04:50,2026-08-07T11:04:50,2026-08-07T11:04:56,6,"billing=2,cpu=2,gres/tmp=1073741824,mem=8G,node=1","billing=2,cpu=2,gres/tmp=1073741824,mem=8G,node=1",jn017,small_cpu,0,20260728_sftonly_cifar10_e5_1pattern_seed123,true,,
3044105,sftm-4p123-400,COMPLETED,0:0,2026-08-07T11:04:50,2026-08-07T20:25:56,2026-08-07T20:26:01,5,"billing=2,cpu=2,gres/tmp=1073741824,mem=8G,node=1","billing=2,cpu=2,gres/tmp=1073741824,mem=8G,node=1",jn017,small_cpu,0,20260728_sftonly_cifar10_e5_4pattern_seed123,true,,
3044106,sftm-4p777-400,COMPLETED,0:0,2026-08-07T11:04:51,2026-08-07T11:04:52,2026-08-07T11:05:00,8,"billing=2,cpu=2,gres/tmp=1073741824,mem=8G,node=1","billing=2,cpu=2,gres/tmp=1073741824,mem=8G,node=1",jn017,small_cpu,0,20260728_sftonly_cifar10_e5_4pattern_seed777,true,,
3045381,rl-stop-s777-800,COMPLETED,0:0,2026-08-07T16:34:16,2026-08-07T16:34:16,2026-08-07T17:46:27,4331,"billing=2,cpu=2,gres/tmp=1073741824,mem=1G,node=1","billing=1,cpu=1,gres/tmp=1073741824,mem=1G,node=1",jn013,small_cpu,0,20260726_4pattern_a18_cifar100_e5_p3500_c1200_s100_h100x4_shared_full_reward_seed777,true,,
