JobID,JobName,State,ExitCode,Submit,Start,End,ElapsedRaw,AllocTRES,ReqTRES,NodeList,Partition,Restarts,run_ids,selected_for_raw_archive,gpu_count
2489891,tunerl-isolated_verify,COMPLETED,0:0,2026-04-21T18:22:40,2026-04-21T18:22:40,2026-04-21T18:32:31,591,"billing=16,cpu=16,gres/gpu:l40s=1,gres/gpu=1,gres/tmp=1073741824,mem=64G,node=1","billing=16,cpu=16,gres/gpu=1,gres/tmp=1073741824,mem=64G,node=1",jnfat04,gpu_computervision,0,20260421_1822_isolated_verify,false,1
2489891.batch,batch,COMPLETED,0:0,2026-04-21T18:22:40,2026-04-21T18:22:40,2026-04-21T18:32:31,591,"cpu=16,gres/gpu:l40s=1,gres/gpu=1,gres/tmp=1073741824,mem=64G,node=1",,jnfat04,,,20260421_1822_isolated_verify,false,1
2489891.extern,extern,COMPLETED,0:0,2026-04-21T18:22:40,2026-04-21T18:22:40,2026-04-21T18:32:31,591,"billing=16,cpu=16,gres/gpu:l40s=1,gres/gpu=1,gres/tmp=1073741824,mem=64G,node=1",,jnfat04,,,20260421_1822_isolated_verify,false,1
2489961,tunerl-isolated_verify,REQUEUED,0:0,2026-04-21T18:37:26,2026-04-21T18:37:28,2026-04-21T18:37:48,20,"billing=16,cpu=16,gres/gpu:l40s=1,gres/gpu=1,gres/tmp=1073741824,mem=64G,node=1","billing=16,cpu=16,gres/gpu=1,gres/tmp=1073741824,mem=64G,node=1",jnfat04,gpu_computervision,0,20260421_1822_isolated_verify,false,1
2489961.batch,batch,CANCELLED,0:15,2026-04-21T18:37:28,2026-04-21T18:37:28,2026-04-21T18:37:48,20,"cpu=16,gres/gpu:l40s=1,gres/gpu=1,gres/tmp=1073741824,mem=64G,node=1",,jnfat04,,,20260421_1822_isolated_verify,false,1
2489961.extern,extern,COMPLETED,0:0,2026-04-21T18:37:28,2026-04-21T18:37:28,2026-04-21T18:37:48,20,"billing=16,cpu=16,gres/gpu:l40s=1,gres/gpu=1,gres/tmp=1073741824,mem=64G,node=1",,jnfat04,,,20260421_1822_isolated_verify,false,1
2489961,tunerl-isolated_verify,FAILED,15:0,2026-04-21T18:37:49,2026-04-21T18:40:10,2026-04-21T18:41:38,88,"billing=16,cpu=16,gres/gpu:l40s=1,gres/gpu=1,gres/tmp=1073741824,mem=64G,node=1","billing=16,cpu=16,gres/gpu=1,gres/tmp=1073741824,mem=64G,node=1",jnfat04,gpu_computervision,1,20260421_1822_isolated_verify,false,1
2489961.batch,batch,FAILED,15:0,2026-04-21T18:40:10,2026-04-21T18:40:10,2026-04-21T18:41:38,88,"cpu=16,gres/gpu:l40s=1,gres/gpu=1,gres/tmp=1073741824,mem=64G,node=1",,jnfat04,,,20260421_1822_isolated_verify,false,1
2489961.extern,extern,COMPLETED,0:0,2026-04-21T18:40:10,2026-04-21T18:40:10,2026-04-21T18:41:38,88,"billing=16,cpu=16,gres/gpu:l40s=1,gres/gpu=1,gres/tmp=1073741824,mem=64G,node=1",,jnfat04,,,20260421_1822_isolated_verify,false,1
2490224,tunerl-manual_doc_verify,FAILED,15:0,2026-04-21T19:24:34,2026-04-21T19:24:34,2026-04-21T19:30:14,340,"billing=16,cpu=16,gres/gpu:l40s=1,gres/gpu=1,gres/tmp=1073741824,mem=64G,node=1","billing=16,cpu=16,gres/gpu=1,gres/tmp=1073741824,mem=64G,node=1",jnfat04,gpu_computervision,0,20260421_1924_manual_doc_verify,false,1
2490224.batch,batch,FAILED,15:0,2026-04-21T19:24:34,2026-04-21T19:24:34,2026-04-21T19:30:14,340,"cpu=16,gres/gpu:l40s=1,gres/gpu=1,gres/tmp=1073741824,mem=64G,node=1",,jnfat04,,,20260421_1924_manual_doc_verify,false,1
2490224.extern,extern,COMPLETED,0:0,2026-04-21T19:24:34,2026-04-21T19:24:34,2026-04-21T19:30:14,340,"billing=16,cpu=16,gres/gpu:l40s=1,gres/gpu=1,gres/tmp=1073741824,mem=64G,node=1",,jnfat04,,,20260421_1924_manual_doc_verify,false,1
2493788,tunerl-formal10_overlay_run,FAILED,1:0,2026-04-23T12:15:34,2026-04-23T12:15:34,2026-04-24T09:11:25,75351,"billing=16,cpu=16,gres/gpu:l40s=4,gres/gpu=4,gres/tmp=1073741824,mem=80G,node=1","billing=16,cpu=16,gres/gpu=4,gres/tmp=1073741824,mem=80G,node=1",jnfat06,gpu_computervision,0,20260423_1220_formal10_overlay_run_4gpu,false,4
2493788.batch,batch,FAILED,1:0,2026-04-23T12:15:34,2026-04-23T12:15:34,2026-04-24T09:11:25,75351,"cpu=16,gres/gpu:l40s=4,gres/gpu=4,gres/tmp=1073741824,mem=80G,node=1",,jnfat06,,,20260423_1220_formal10_overlay_run_4gpu,false,4
2493788.extern,extern,COMPLETED,0:0,2026-04-23T12:15:34,2026-04-23T12:15:34,2026-04-24T09:11:25,75351,"billing=16,cpu=16,gres/gpu:l40s=4,gres/gpu=4,gres/tmp=1073741824,mem=80G,node=1",,jnfat06,,,20260423_1220_formal10_overlay_run_4gpu,false,4
2496249,plot-formal10-overlay,COMPLETED,0:0,2026-04-24T08:44:42,2026-04-24T08:44:43,2026-04-24T08:44:45,2,"billing=2,cpu=2,gres/tmp=1073741824,mem=4G,node=1","billing=1,cpu=1,gres/tmp=1073741824,mem=2G,node=1",jn001,small_cpu,0,20260423_1220_formal10_overlay_run_4gpu,false,
2496249.batch,batch,COMPLETED,0:0,2026-04-24T08:44:43,2026-04-24T08:44:43,2026-04-24T08:44:45,2,"cpu=2,gres/tmp=1073741824,mem=4G,node=1",,jn001,,,20260423_1220_formal10_overlay_run_4gpu,false,
2496249.extern,extern,COMPLETED,0:0,2026-04-24T08:44:43,2026-04-24T08:44:43,2026-04-24T08:44:45,2,"billing=2,cpu=2,gres/tmp=1073741824,mem=4G,node=1",,jn001,,,20260423_1220_formal10_overlay_run_4gpu,false,
2496276,tunerl-formal10_overlay_run,FAILED,1:0,2026-04-24T09:11:52,2026-04-24T09:11:52,2026-04-24T09:21:33,581,"billing=16,cpu=16,gres/gpu:l40s=4,gres/gpu=4,gres/tmp=1073741824,mem=80G,node=1","billing=16,cpu=16,gres/gpu=4,gres/tmp=1073741824,mem=80G,node=1",jnfat05,gpu_computervision,0,20260423_1220_formal10_overlay_run_4gpu,false,4
2496276.batch,batch,FAILED,1:0,2026-04-24T09:11:52,2026-04-24T09:11:52,2026-04-24T09:21:33,581,"cpu=16,gres/gpu:l40s=4,gres/gpu=4,gres/tmp=1073741824,mem=80G,node=1",,jnfat05,,,20260423_1220_formal10_overlay_run_4gpu,false,4
2496276.extern,extern,COMPLETED,0:0,2026-04-24T09:11:52,2026-04-24T09:11:52,2026-04-24T09:21:33,581,"billing=16,cpu=16,gres/gpu:l40s=4,gres/gpu=4,gres/tmp=1073741824,mem=80G,node=1",,jnfat05,,,20260423_1220_formal10_overlay_run_4gpu,false,4
2496290,tunerl-formal10_overlay_run,FAILED,1:0,2026-04-24T09:22:04,2026-04-24T09:22:05,2026-04-24T09:30:57,532,"billing=16,cpu=16,gres/gpu:l40s=4,gres/gpu=4,gres/tmp=1073741824,mem=80G,node=1","billing=16,cpu=16,gres/gpu=4,gres/tmp=1073741824,mem=80G,node=1",jnfat05,gpu_computervision,0,20260423_1220_formal10_overlay_run_4gpu,false,4
2496290.batch,batch,FAILED,1:0,2026-04-24T09:22:05,2026-04-24T09:22:05,2026-04-24T09:30:57,532,"cpu=16,gres/gpu:l40s=4,gres/gpu=4,gres/tmp=1073741824,mem=80G,node=1",,jnfat05,,,20260423_1220_formal10_overlay_run_4gpu,false,4
2496290.extern,extern,COMPLETED,0:0,2026-04-24T09:22:05,2026-04-24T09:22:05,2026-04-24T09:30:57,532,"billing=16,cpu=16,gres/gpu:l40s=4,gres/gpu=4,gres/tmp=1073741824,mem=80G,node=1",,jnfat05,,,20260423_1220_formal10_overlay_run_4gpu,false,4
2496304,tunerl-formal10_overlay_run,FAILED,1:0,2026-04-24T09:31:54,2026-04-24T09:31:54,2026-04-24T09:35:07,193,"billing=16,cpu=16,gres/gpu:l40s=4,gres/gpu=4,gres/tmp=1073741824,mem=80G,node=1","billing=16,cpu=16,gres/gpu=4,gres/tmp=1073741824,mem=80G,node=1",jnfat05,gpu_computervision,0,20260423_1220_formal10_overlay_run_4gpu,false,4
2496304.batch,batch,FAILED,1:0,2026-04-24T09:31:54,2026-04-24T09:31:54,2026-04-24T09:35:07,193,"cpu=16,gres/gpu:l40s=4,gres/gpu=4,gres/tmp=1073741824,mem=80G,node=1",,jnfat05,,,20260423_1220_formal10_overlay_run_4gpu,false,4
2496304.extern,extern,COMPLETED,0:0,2026-04-24T09:31:54,2026-04-24T09:31:54,2026-04-24T09:35:07,193,"billing=16,cpu=16,gres/gpu:l40s=4,gres/gpu=4,gres/tmp=1073741824,mem=80G,node=1",,jnfat05,,,20260423_1220_formal10_overlay_run_4gpu,false,4
2496308,tunerl-formal10_overlay_run,FAILED,1:0,2026-04-24T09:35:35,2026-04-24T09:35:35,2026-04-24T09:37:51,136,"billing=16,cpu=16,gres/gpu:h100=4,gres/gpu=4,gres/tmp=1073741824,mem=80G,node=1","billing=16,cpu=16,gres/gpu=4,gres/tmp=1073741824,mem=80G,node=1",jnultra02,h100,0,20260423_1220_formal10_overlay_run_4gpu,false,4
2496308.batch,batch,FAILED,1:0,2026-04-24T09:35:35,2026-04-24T09:35:35,2026-04-24T09:37:51,136,"cpu=16,gres/gpu:h100=4,gres/gpu=4,gres/tmp=1073741824,mem=80G,node=1",,jnultra02,,,20260423_1220_formal10_overlay_run_4gpu,false,4
2496308.extern,extern,COMPLETED,0:0,2026-04-24T09:35:35,2026-04-24T09:35:35,2026-04-24T09:37:51,136,"billing=16,cpu=16,gres/gpu:h100=4,gres/gpu=4,gres/tmp=1073741824,mem=80G,node=1",,jnultra02,,,20260423_1220_formal10_overlay_run_4gpu,false,4
2496382,tunerl-formal10_overlay_run,FAILED,1:0,2026-04-24T09:38:21,2026-04-24T09:38:21,2026-04-25T09:35:11,86210,"billing=16,cpu=16,gres/gpu:h100=2,gres/gpu=2,gres/tmp=1073741824,mem=80G,node=1","billing=16,cpu=16,gres/gpu=2,gres/tmp=1073741824,mem=80G,node=1",jnultra02,h100,0,20260423_1220_formal10_overlay_run_4gpu,false,2
2496382.batch,batch,FAILED,1:0,2026-04-24T09:38:21,2026-04-24T09:38:21,2026-04-25T09:35:11,86210,"cpu=16,gres/gpu:h100=2,gres/gpu=2,gres/tmp=1073741824,mem=80G,node=1",,jnultra02,,,20260423_1220_formal10_overlay_run_4gpu,false,2
2496382.extern,extern,COMPLETED,0:0,2026-04-24T09:38:21,2026-04-24T09:38:21,2026-04-25T09:33:34,86113,"billing=16,cpu=16,gres/gpu:h100=2,gres/gpu=2,gres/tmp=1073741824,mem=80G,node=1",,jnultra02,,,20260423_1220_formal10_overlay_run_4gpu,false,2
2496382.0,bash,COMPLETED,0:0,2026-04-24T09:43:46,2026-04-24T09:43:46,2026-04-24T09:43:47,1,"cpu=16,gres/gpu:h100=2,gres/gpu=2,gres/tmp=1073741824,mem=80G,node=1",,jnultra02,,,20260423_1220_formal10_overlay_run_4gpu,false,2
2496382.1,bash,COMPLETED,0:0,2026-04-24T09:49:03,2026-04-24T09:49:03,2026-04-24T09:49:03,0,"cpu=16,gres/gpu:h100=2,gres/gpu=2,gres/tmp=1073741824,mem=80G,node=1",,jnultra02,,,20260423_1220_formal10_overlay_run_4gpu,false,2
2496382.2,bash,COMPLETED,0:0,2026-04-24T09:53:49,2026-04-24T09:53:49,2026-04-24T09:53:49,0,"cpu=16,gres/gpu:h100=2,gres/gpu=2,gres/tmp=1073741824,mem=80G,node=1",,jnultra02,,,20260423_1220_formal10_overlay_run_4gpu,false,2
2496382.3,bash,COMPLETED,0:0,2026-04-24T10:49:18,2026-04-24T10:49:18,2026-04-24T10:49:18,0,"cpu=16,gres/gpu:h100=2,gres/gpu=2,gres/tmp=1073741824,mem=80G,node=1",,jnultra02,,,20260423_1220_formal10_overlay_run_4gpu,false,2
2496382.4,bash,COMPLETED,0:0,2026-04-24T11:03:23,2026-04-24T11:03:23,2026-04-24T11:03:23,0,"cpu=16,gres/gpu:h100=2,gres/gpu=2,gres/tmp=1073741824,mem=80G,node=1",,jnultra02,,,20260423_1220_formal10_overlay_run_4gpu,false,2
2496382.5,bash,COMPLETED,0:0,2026-04-24T11:03:28,2026-04-24T11:03:28,2026-04-24T11:03:28,0,"cpu=16,gres/gpu:h100=2,gres/gpu=2,gres/tmp=1073741824,mem=80G,node=1",,jnultra02,,,20260423_1220_formal10_overlay_run_4gpu,false,2
2496382.6,bash,COMPLETED,0:0,2026-04-24T11:03:33,2026-04-24T11:03:33,2026-04-24T11:03:33,0,"cpu=16,gres/gpu:h100=2,gres/gpu=2,gres/tmp=1073741824,mem=80G,node=1",,jnultra02,,,20260423_1220_formal10_overlay_run_4gpu,false,2
2496382.7,bash,COMPLETED,0:0,2026-04-24T11:03:38,2026-04-24T11:03:38,2026-04-24T11:03:38,0,"cpu=16,gres/gpu:h100=2,gres/gpu=2,gres/tmp=1073741824,mem=80G,node=1",,jnultra02,,,20260423_1220_formal10_overlay_run_4gpu,false,2
2496382.8,bash,COMPLETED,0:0,2026-04-24T11:03:43,2026-04-24T11:03:43,2026-04-24T11:03:44,1,"cpu=16,gres/gpu:h100=2,gres/gpu=2,gres/tmp=1073741824,mem=80G,node=1",,jnultra02,,,20260423_1220_formal10_overlay_run_4gpu,false,2
2496382.9,bash,COMPLETED,0:0,2026-04-24T11:03:49,2026-04-24T11:03:49,2026-04-24T11:03:49,0,"cpu=16,gres/gpu:h100=2,gres/gpu=2,gres/tmp=1073741824,mem=80G,node=1",,jnultra02,,,20260423_1220_formal10_overlay_run_4gpu,false,2
2496382.10,bash,COMPLETED,0:0,2026-04-24T11:03:54,2026-04-24T11:03:54,2026-04-24T11:03:54,0,"cpu=16,gres/gpu:h100=2,gres/gpu=2,gres/tmp=1073741824,mem=80G,node=1",,jnultra02,,,20260423_1220_formal10_overlay_run_4gpu,false,2
2496382.11,bash,COMPLETED,0:0,2026-04-24T11:03:59,2026-04-24T11:03:59,2026-04-24T11:04:00,1,"cpu=16,gres/gpu:h100=2,gres/gpu=2,gres/tmp=1073741824,mem=80G,node=1",,jnultra02,,,20260423_1220_formal10_overlay_run_4gpu,false,2
2496382.12,bash,COMPLETED,0:0,2026-04-24T11:04:05,2026-04-24T11:04:05,2026-04-24T11:04:05,0,"cpu=16,gres/gpu:h100=2,gres/gpu=2,gres/tmp=1073741824,mem=80G,node=1",,jnultra02,,,20260423_1220_formal10_overlay_run_4gpu,false,2
2496382.13,bash,COMPLETED,0:0,2026-04-24T11:04:10,2026-04-24T11:04:10,2026-04-24T11:04:10,0,"cpu=16,gres/gpu:h100=2,gres/gpu=2,gres/tmp=1073741824,mem=80G,node=1",,jnultra02,,,20260423_1220_formal10_overlay_run_4gpu,false,2
2496382.14,bash,COMPLETED,0:0,2026-04-24T11:04:15,2026-04-24T11:04:15,2026-04-24T11:04:15,0,"cpu=16,gres/gpu:h100=2,gres/gpu=2,gres/tmp=1073741824,mem=80G,node=1",,jnultra02,,,20260423_1220_formal10_overlay_run_4gpu,false,2
2496382.15,bash,COMPLETED,0:0,2026-04-24T11:04:20,2026-04-24T11:04:20,2026-04-24T11:04:21,1,"cpu=16,gres/gpu:h100=2,gres/gpu=2,gres/tmp=1073741824,mem=80G,node=1",,jnultra02,,,20260423_1220_formal10_overlay_run_4gpu,false,2
2496382.16,bash,COMPLETED,0:0,2026-04-24T11:06:00,2026-04-24T11:06:00,2026-04-24T11:06:00,0,"cpu=16,gres/gpu:h100=2,gres/gpu=2,gres/tmp=1073741824,mem=80G,node=1",,jnultra02,,,20260423_1220_formal10_overlay_run_4gpu,false,2
2496382.17,bash,COMPLETED,0:0,2026-04-24T11:06:06,2026-04-24T11:06:06,2026-04-24T11:06:07,1,"cpu=16,gres/gpu:h100=2,gres/gpu=2,gres/tmp=1073741824,mem=80G,node=1",,jnultra02,,,20260423_1220_formal10_overlay_run_4gpu,false,2
2496382.18,bash,COMPLETED,0:0,2026-04-24T11:06:13,2026-04-24T11:06:13,2026-04-24T11:06:13,0,"cpu=16,gres/gpu:h100=2,gres/gpu=2,gres/tmp=1073741824,mem=80G,node=1",,jnultra02,,,20260423_1220_formal10_overlay_run_4gpu,false,2
2496382.19,bash,COMPLETED,0:0,2026-04-24T11:06:19,2026-04-24T11:06:19,2026-04-24T11:06:19,0,"cpu=16,gres/gpu:h100=2,gres/gpu=2,gres/tmp=1073741824,mem=80G,node=1",,jnultra02,,,20260423_1220_formal10_overlay_run_4gpu,false,2
2496382.20,bash,COMPLETED,0:0,2026-04-24T11:06:25,2026-04-24T11:06:25,2026-04-24T11:06:25,0,"cpu=16,gres/gpu:h100=2,gres/gpu=2,gres/tmp=1073741824,mem=80G,node=1",,jnultra02,,,20260423_1220_formal10_overlay_run_4gpu,false,2
2496382.21,bash,COMPLETED,0:0,2026-04-24T11:06:31,2026-04-24T11:06:31,2026-04-24T11:06:32,1,"cpu=16,gres/gpu:h100=2,gres/gpu=2,gres/tmp=1073741824,mem=80G,node=1",,jnultra02,,,20260423_1220_formal10_overlay_run_4gpu,false,2
2496382.22,bash,COMPLETED,0:0,2026-04-24T11:06:38,2026-04-24T11:06:38,2026-04-24T11:06:38,0,"cpu=16,gres/gpu:h100=2,gres/gpu=2,gres/tmp=1073741824,mem=80G,node=1",,jnultra02,,,20260423_1220_formal10_overlay_run_4gpu,false,2
2496382.23,bash,COMPLETED,0:0,2026-04-24T11:06:44,2026-04-24T11:06:44,2026-04-24T11:06:44,0,"cpu=16,gres/gpu:h100=2,gres/gpu=2,gres/tmp=1073741824,mem=80G,node=1",,jnultra02,,,20260423_1220_formal10_overlay_run_4gpu,false,2
2496382.24,bash,COMPLETED,0:0,2026-04-24T11:06:50,2026-04-24T11:06:50,2026-04-24T11:06:51,1,"cpu=16,gres/gpu:h100=2,gres/gpu=2,gres/tmp=1073741824,mem=80G,node=1",,jnultra02,,,20260423_1220_formal10_overlay_run_4gpu,false,2
2496382.25,bash,COMPLETED,0:0,2026-04-24T11:06:57,2026-04-24T11:06:57,2026-04-24T11:06:57,0,"cpu=16,gres/gpu:h100=2,gres/gpu=2,gres/tmp=1073741824,mem=80G,node=1",,jnultra02,,,20260423_1220_formal10_overlay_run_4gpu,false,2
2498275,plot-formal10-overlay,COMPLETED,0:0,2026-04-24T16:30:02,2026-04-24T16:30:02,2026-04-24T16:30:05,3,"billing=2,cpu=2,gres/tmp=1073741824,mem=4G,node=1","billing=1,cpu=1,gres/tmp=1073741824,mem=2G,node=1",jn003,small_cpu,0,20260423_1220_formal10_overlay_run_4gpu,false,
2498275.batch,batch,COMPLETED,0:0,2026-04-24T16:30:02,2026-04-24T16:30:02,2026-04-24T16:30:05,3,"cpu=2,gres/tmp=1073741824,mem=4G,node=1",,jn003,,,20260423_1220_formal10_overlay_run_4gpu,false,
2498275.extern,extern,COMPLETED,0:0,2026-04-24T16:30:02,2026-04-24T16:30:02,2026-04-24T16:30:05,3,"billing=2,cpu=2,gres/tmp=1073741824,mem=4G,node=1",,jn003,,,20260423_1220_formal10_overlay_run_4gpu,false,
2498331,plot-formal10-zoom,COMPLETED,0:0,2026-04-24T16:45:00,2026-04-24T16:45:01,2026-04-24T16:45:03,2,"billing=2,cpu=2,gres/tmp=1073741824,mem=4G,node=1","billing=1,cpu=1,gres/tmp=1073741824,mem=2G,node=1",jn001,small_cpu,0,20260423_1220_formal10_overlay_run_4gpu,false,
2498331.batch,batch,COMPLETED,0:0,2026-04-24T16:45:01,2026-04-24T16:45:01,2026-04-24T16:45:03,2,"cpu=2,gres/tmp=1073741824,mem=4G,node=1",,jn001,,,20260423_1220_formal10_overlay_run_4gpu,false,
2498331.extern,extern,COMPLETED,0:0,2026-04-24T16:45:01,2026-04-24T16:45:01,2026-04-24T16:45:03,2,"billing=2,cpu=2,gres/tmp=1073741824,mem=4G,node=1",,jn001,,,20260423_1220_formal10_overlay_run_4gpu,false,
2500440,plot-formal10-current,COMPLETED,0:0,2026-04-25T11:59:27,2026-04-25T11:59:28,2026-04-25T11:59:31,3,"billing=2,cpu=2,gres/tmp=1073741824,mem=4G,node=1","billing=1,cpu=1,gres/tmp=1073741824,mem=2G,node=1",jn019,small_cpu,0,20260423_1220_formal10_overlay_run_4gpu,false,
2500440.batch,batch,COMPLETED,0:0,2026-04-25T11:59:28,2026-04-25T11:59:28,2026-04-25T11:59:31,3,"cpu=2,gres/tmp=1073741824,mem=4G,node=1",,jn019,,,20260423_1220_formal10_overlay_run_4gpu,false,
2500440.extern,extern,COMPLETED,0:0,2026-04-25T11:59:28,2026-04-25T11:59:28,2026-04-25T11:59:31,3,"billing=2,cpu=2,gres/tmp=1073741824,mem=4G,node=1",,jn019,,,20260423_1220_formal10_overlay_run_4gpu,false,
2500494,tunerl-formal_quality_diversity_stage2_std3,TIMEOUT,0:0,2026-04-25T14:10:12,2026-04-25T14:10:13,2026-04-26T14:10:17,86404,"billing=16,cpu=16,gres/gpu:l40=3,gres/gpu=3,gres/tmp=1073741824,mem=80G,node=1","billing=16,cpu=16,gres/gpu=3,gres/tmp=1073741824,mem=80G,node=1",jn011,standard,0,20260425_1410_formal_quality_diversity_stage2_std3,false,3
2500494.batch,batch,FAILED,1:0,2026-04-25T14:10:13,2026-04-25T14:10:13,2026-04-26T14:10:22,86409,"cpu=16,gres/gpu:l40=3,gres/gpu=3,gres/tmp=1073741824,mem=80G,node=1",,jn011,,,20260425_1410_formal_quality_diversity_stage2_std3,false,3
2500494.extern,extern,COMPLETED,0:0,2026-04-25T14:10:13,2026-04-25T14:10:13,2026-04-26T14:05:16,86103,"billing=16,cpu=16,gres/gpu:l40=3,gres/gpu=3,gres/tmp=1073741824,mem=80G,node=1",,jn011,,,20260425_1410_formal_quality_diversity_stage2_std3,false,3
2502326,tunerl-main_resume_quality_diversity_std3,FAILED,1:0,2026-04-26T19:05:33,2026-04-26T19:05:33,2026-04-27T13:23:01,65848,"billing=16,cpu=16,gres/gpu:l40=3,gres/gpu=3,gres/tmp=1073741824,mem=120G,node=1","billing=16,cpu=16,gres/gpu=3,gres/tmp=1073741824,mem=120G,node=1",jn101,standard,0,20260426_1905_main_resume_quality_diversity_std3,false,3
2502326.batch,batch,FAILED,1:0,2026-04-26T19:05:33,2026-04-26T19:05:33,2026-04-27T13:23:01,65848,"cpu=16,gres/gpu:l40=3,gres/gpu=3,gres/tmp=1073741824,mem=120G,node=1",,jn101,,,20260426_1905_main_resume_quality_diversity_std3,false,3
2502326.extern,extern,COMPLETED,0:0,2026-04-26T19:05:33,2026-04-26T19:05:33,2026-04-27T13:23:01,65848,"billing=16,cpu=16,gres/gpu:l40=3,gres/gpu=3,gres/tmp=1073741824,mem=120G,node=1",,jn101,,,20260426_1905_main_resume_quality_diversity_std3,false,3
2503184,tunerl-main_resume_quality_diversity_h100,FAILED,1:0,2026-04-27T13:22:40,2026-04-27T13:23:01,2026-04-28T13:22:44,86383,"billing=16,cpu=16,gres/gpu:h100=2,gres/gpu=2,gres/tmp=1073741824,mem=80G,node=1","billing=16,cpu=16,gres/gpu=2,gres/tmp=1073741824,mem=80G,node=1",jnultra02,h100,0,20260426_1905_main_resume_quality_diversity_std3,false,2
2503184.batch,batch,FAILED,1:0,2026-04-27T13:23:01,2026-04-27T13:23:01,2026-04-28T13:22:44,86383,"cpu=16,gres/gpu:h100=2,gres/gpu=2,gres/tmp=1073741824,mem=80G,node=1",,jnultra02,,,20260426_1905_main_resume_quality_diversity_std3,false,2
2503184.extern,extern,COMPLETED,0:0,2026-04-27T13:23:01,2026-04-27T13:23:01,2026-04-28T13:18:29,86128,"billing=16,cpu=16,gres/gpu:h100=2,gres/gpu=2,gres/tmp=1073741824,mem=80G,node=1",,jnultra02,,,20260426_1905_main_resume_quality_diversity_std3,false,2
2504149,tunerl-refactor_main_resume_quality_diversity,PREEMPTED,0:0,2026-04-27T17:52:00,2026-04-27T17:52:00,2026-04-28T17:12:36,84036,"billing=16,cpu=16,gres/gpu:h100=2,gres/gpu=2,gres/tmp=1073741824,mem=80G,node=1","billing=16,cpu=16,gres/gpu=2,gres/tmp=1073741824,mem=80G,node=1",jnultra02,h100,0,20260427_1747_refactor_main_resume_quality_diversity,false,2
2504149.batch,batch,FAILED,1:0,2026-04-27T17:52:00,2026-04-27T17:52:00,2026-04-28T17:12:46,84046,"cpu=16,gres/gpu:h100=2,gres/gpu=2,gres/tmp=1073741824,mem=80G,node=1",,jnultra02,,,20260427_1747_refactor_main_resume_quality_diversity,false,2
2504149.extern,extern,COMPLETED,0:0,2026-04-27T17:52:00,2026-04-27T17:52:00,2026-04-28T17:12:46,84046,"billing=16,cpu=16,gres/gpu:h100=2,gres/gpu=2,gres/tmp=1073741824,mem=80G,node=1",,jnultra02,,,20260427_1747_refactor_main_resume_quality_diversity,false,2
2504149,tunerl-refactor_main_resume_quality_diversity,PREEMPTED,0:0,2026-04-28T17:12:56,2026-04-28T17:14:57,2026-04-28T17:17:11,134,"billing=16,cpu=16,gres/gpu:h100=2,gres/gpu=2,gres/tmp=1073741824,mem=80G,node=1","billing=16,cpu=16,gres/gpu=2,gres/tmp=1073741824,mem=80G,node=1",jnultra02,h100,1,20260427_1747_refactor_main_resume_quality_diversity,false,2
2504149.batch,batch,FAILED,1:0,2026-04-28T17:14:57,2026-04-28T17:14:57,2026-04-28T17:17:14,137,"cpu=16,gres/gpu:h100=2,gres/gpu=2,gres/tmp=1073741824,mem=80G,node=1",,jnultra02,,,20260427_1747_refactor_main_resume_quality_diversity,false,2
2504149.extern,extern,COMPLETED,0:0,2026-04-28T17:14:57,2026-04-28T17:14:57,2026-04-28T17:17:14,137,"billing=16,cpu=16,gres/gpu:h100=2,gres/gpu=2,gres/tmp=1073741824,mem=80G,node=1",,jnultra02,,,20260427_1747_refactor_main_resume_quality_diversity,false,2
2504149,tunerl-refactor_main_resume_quality_diversity,PREEMPTED,0:0,2026-04-28T17:17:15,2026-04-28T17:19:27,2026-04-29T12:04:13,67486,"billing=16,cpu=16,gres/gpu:h100=2,gres/gpu=2,gres/tmp=1073741824,mem=80G,node=1","billing=16,cpu=16,gres/gpu=2,gres/tmp=1073741824,mem=80G,node=1",jnultra02,h100,2,20260427_1747_refactor_main_resume_quality_diversity,false,2
2504149.batch,batch,FAILED,1:0,2026-04-28T17:19:27,2026-04-28T17:19:27,2026-04-29T12:04:23,67496,"cpu=16,gres/gpu:h100=2,gres/gpu=2,gres/tmp=1073741824,mem=80G,node=1",,jnultra02,,,20260427_1747_refactor_main_resume_quality_diversity,false,2
2504149.extern,extern,COMPLETED,0:0,2026-04-28T17:19:27,2026-04-28T17:19:27,2026-04-29T12:04:23,67496,"billing=16,cpu=16,gres/gpu:h100=2,gres/gpu=2,gres/tmp=1073741824,mem=80G,node=1",,jnultra02,,,20260427_1747_refactor_main_resume_quality_diversity,false,2
2511049,tunebackbone-struct1,FAILED,1:0,2026-04-28T22:31:04,2026-04-28T22:31:44,2026-04-28T22:34:19,155,"billing=12,cpu=12,gres/gpu:h100=1,gres/gpu=1,gres/tmp=1073741824,mem=100G,node=1","billing=12,cpu=12,gres/gpu=1,gres/tmp=1073741824,mem=100G,node=1",jnultra02,h100,0,20260428_2231_tunebackbone_struct1_full,false,1
2511049.batch,batch,FAILED,1:0,2026-04-28T22:31:44,2026-04-28T22:31:44,2026-04-28T22:34:19,155,"cpu=12,gres/gpu:h100=1,gres/gpu=1,gres/tmp=1073741824,mem=100G,node=1",,jnultra02,,,20260428_2231_tunebackbone_struct1_full,false,1
2511049.extern,extern,COMPLETED,0:0,2026-04-28T22:31:44,2026-04-28T22:31:44,2026-04-28T22:34:19,155,"billing=12,cpu=12,gres/gpu:h100=1,gres/gpu=1,gres/tmp=1073741824,mem=100G,node=1",,jnultra02,,,20260428_2231_tunebackbone_struct1_full,false,1
2511058,tunebackbone-struct1-1gpu6w,FAILED,1:0,2026-04-28T22:36:52,2026-04-28T22:36:52,2026-04-28T22:37:25,33,"billing=24,cpu=24,gres/gpu:h100=1,gres/gpu=1,gres/tmp=1073741824,mem=180G,node=1","billing=24,cpu=24,gres/gpu=1,gres/tmp=1073741824,mem=180G,node=1",jnultra02,h100,0,20260428_2236_tunebackbone_struct1_1gpu6worker,false,1
2511058.batch,batch,FAILED,1:0,2026-04-28T22:36:52,2026-04-28T22:36:52,2026-04-28T22:37:25,33,"cpu=24,gres/gpu:h100=1,gres/gpu=1,gres/tmp=1073741824,mem=180G,node=1",,jnultra02,,,20260428_2236_tunebackbone_struct1_1gpu6worker,false,1
2511058.extern,extern,COMPLETED,0:0,2026-04-28T22:36:52,2026-04-28T22:36:52,2026-04-28T22:37:25,33,"billing=24,cpu=24,gres/gpu:h100=1,gres/gpu=1,gres/tmp=1073741824,mem=180G,node=1",,jnultra02,,,20260428_2236_tunebackbone_struct1_1gpu6worker,false,1
2512786,tunebackbone-struct1-1gpu6w,FAILED,1:0,2026-04-29T09:24:43,2026-04-29T09:24:43,2026-04-29T09:44:42,1199,"billing=24,cpu=24,gres/gpu:h100=1,gres/gpu=1,gres/tmp=1073741824,mem=180G,node=1","billing=24,cpu=24,gres/gpu=1,gres/tmp=1073741824,mem=180G,node=1",jnultra02,h100,0,20260429_0924_tunebackbone_struct1_1gpu6worker_formal,false,1
2512786.batch,batch,FAILED,1:0,2026-04-29T09:24:43,2026-04-29T09:24:43,2026-04-29T09:44:42,1199,"cpu=24,gres/gpu:h100=1,gres/gpu=1,gres/tmp=1073741824,mem=180G,node=1",,jnultra02,,,20260429_0924_tunebackbone_struct1_1gpu6worker_formal,false,1
2512786.extern,extern,COMPLETED,0:0,2026-04-29T09:24:43,2026-04-29T09:24:43,2026-04-29T09:44:42,1199,"billing=24,cpu=24,gres/gpu:h100=1,gres/gpu=1,gres/tmp=1073741824,mem=180G,node=1",,jnultra02,,,20260429_0924_tunebackbone_struct1_1gpu6worker_formal,false,1
2513168,tunebackbone-struct1-1gpu6w,CANCELLED by 221940,0:0,2026-04-29T11:41:06,2026-04-29T11:41:07,2026-04-29T11:41:33,26,"billing=24,cpu=24,gres/gpu:h100=1,gres/gpu=1,gres/tmp=1073741824,mem=180G,node=1","billing=24,cpu=24,gres/gpu=1,gres/tmp=1073741824,mem=180G,node=1",jnultra02,h100,0,20260429_1141_tunebackbone_struct1_1gpu6worker_formal_sftcfg,false,1
2513168.batch,batch,CANCELLED,0:15,2026-04-29T11:41:07,2026-04-29T11:41:07,2026-04-29T11:41:34,27,"cpu=24,gres/gpu:h100=1,gres/gpu=1,gres/tmp=1073741824,mem=180G,node=1",,jnultra02,,,20260429_1141_tunebackbone_struct1_1gpu6worker_formal_sftcfg,false,1
2513168.extern,extern,COMPLETED,0:0,2026-04-29T11:41:07,2026-04-29T11:41:07,2026-04-29T11:41:35,28,"billing=24,cpu=24,gres/gpu:h100=1,gres/gpu=1,gres/tmp=1073741824,mem=180G,node=1",,jnultra02,,,20260429_1141_tunebackbone_struct1_1gpu6worker_formal_sftcfg,false,1
2513169,tunebackbone-struct1-1gpu6w,PREEMPTED,0:0,2026-04-29T11:41:34,2026-04-29T11:41:36,2026-04-29T12:04:13,1357,"billing=12,cpu=12,gres/gpu:h100=1,gres/gpu=1,gres/tmp=1073741824,mem=100G,node=1","billing=12,cpu=12,gres/gpu=1,gres/tmp=1073741824,mem=100G,node=1",jnultra02,h100,0,20260429_1141_tunebackbone_struct1_1gpu6worker_formal_sftcfg,false,1
2513169.batch,batch,CANCELLED,0:15,2026-04-29T11:41:36,2026-04-29T11:41:36,2026-04-29T12:04:13,1357,"cpu=12,gres/gpu:h100=1,gres/gpu=1,gres/tmp=1073741824,mem=100G,node=1",,jnultra02,,,20260429_1141_tunebackbone_struct1_1gpu6worker_formal_sftcfg,false,1
2513169.extern,extern,COMPLETED,0:0,2026-04-29T11:41:36,2026-04-29T11:41:36,2026-04-29T12:04:13,1357,"billing=12,cpu=12,gres/gpu:h100=1,gres/gpu=1,gres/tmp=1073741824,mem=100G,node=1",,jnultra02,,,20260429_1141_tunebackbone_struct1_1gpu6worker_formal_sftcfg,false,1
2513169,tunebackbone-struct1-1gpu6w,PREEMPTED,0:0,2026-04-29T12:04:14,2026-04-29T12:10:33,2026-04-29T12:14:17,224,"billing=12,cpu=12,gres/gpu:h100=1,gres/gpu=1,gres/tmp=1073741824,mem=100G,node=1","billing=12,cpu=12,gres/gpu=1,gres/tmp=1073741824,mem=100G,node=1",jnultra02,h100,1,20260429_1141_tunebackbone_struct1_1gpu6worker_formal_sftcfg,false,1
2513169.batch,batch,CANCELLED,0:15,2026-04-29T12:10:33,2026-04-29T12:10:33,2026-04-29T12:14:18,225,"cpu=12,gres/gpu:h100=1,gres/gpu=1,gres/tmp=1073741824,mem=100G,node=1",,jnultra02,,,20260429_1141_tunebackbone_struct1_1gpu6worker_formal_sftcfg,false,1
2513169.extern,extern,COMPLETED,0:0,2026-04-29T12:10:33,2026-04-29T12:10:33,2026-04-29T12:14:18,225,"billing=12,cpu=12,gres/gpu:h100=1,gres/gpu=1,gres/tmp=1073741824,mem=100G,node=1",,jnultra02,,,20260429_1141_tunebackbone_struct1_1gpu6worker_formal_sftcfg,false,1
2504149,tunerl-refactor_main_resume_quality_diversity,FAILED,2:0,2026-04-29T12:04:33,2026-04-29T12:10:33,2026-04-29T12:10:39,6,"billing=16,cpu=16,gres/gpu:h100=2,gres/gpu=2,gres/tmp=1073741824,mem=80G,node=1","billing=16,cpu=16,gres/gpu=2,gres/tmp=1073741824,mem=80G,node=1",jnultra02,h100,3,20260427_1747_refactor_main_resume_quality_diversity,false,2
2504149.batch,batch,FAILED,2:0,2026-04-29T12:10:33,2026-04-29T12:10:33,2026-04-29T12:10:39,6,"cpu=16,gres/gpu:h100=2,gres/gpu=2,gres/tmp=1073741824,mem=80G,node=1",,jnultra02,,,20260427_1747_refactor_main_resume_quality_diversity,false,2
2504149.extern,extern,COMPLETED,0:0,2026-04-29T12:10:33,2026-04-29T12:10:33,2026-04-29T12:10:39,6,"billing=16,cpu=16,gres/gpu:h100=2,gres/gpu=2,gres/tmp=1073741824,mem=80G,node=1",,jnultra02,,,20260427_1747_refactor_main_resume_quality_diversity,false,2
2513169,tunebackbone-struct1-1gpu6w,CANCELLED by 221940,0:0,2026-04-29T12:14:19,None,2026-04-29T14:14:15,0,,"billing=12,cpu=12,gres/gpu=1,gres/tmp=1073741824,mem=100G,node=1",None assigned,h100,2,20260429_1141_tunebackbone_struct1_1gpu6worker_formal_sftcfg,false,
2513663,tunebackbone-struct1-std3gpu,PREEMPTED,0:0,2026-04-29T14:30:22,2026-04-29T14:34:02,2026-04-29T14:44:52,650,"billing=12,cpu=12,gres/gpu:l40s=3,gres/gpu=3,gres/tmp=1073741824,mem=100G,node=1","billing=12,cpu=12,gres/gpu=3,gres/tmp=1073741824,mem=100G,node=1",jnfat08,standard,0,20260429_1428_tunebackbone_struct1_standard3gpu6worker_formal_sftcfg_allgpu,false,3
2513663.batch,batch,CANCELLED,0:15,2026-04-29T14:34:02,2026-04-29T14:34:02,2026-04-29T14:44:52,650,"cpu=12,gres/gpu:l40s=3,gres/gpu=3,gres/tmp=1073741824,mem=100G,node=1",,jnfat08,,,20260429_1428_tunebackbone_struct1_standard3gpu6worker_formal_sftcfg_allgpu,false,3
2513663.extern,extern,COMPLETED,0:0,2026-04-29T14:34:02,2026-04-29T14:34:02,2026-04-29T14:44:52,650,"billing=12,cpu=12,gres/gpu:l40s=3,gres/gpu=3,gres/tmp=1073741824,mem=100G,node=1",,jnfat08,,,20260429_1428_tunebackbone_struct1_standard3gpu6worker_formal_sftcfg_allgpu,false,3
2513663,tunebackbone-struct1-std3gpu,CANCELLED by 221940,0:0,2026-04-29T14:44:53,2026-04-29T15:10:44,2026-04-29T16:51:31,6047,"billing=12,cpu=12,gres/gpu:l40=3,gres/gpu=3,gres/tmp=1073741824,mem=100G,node=1","billing=12,cpu=12,gres/gpu=3,gres/tmp=1073741824,mem=100G,node=1",jn111,standard,1,20260429_1428_tunebackbone_struct1_standard3gpu6worker_formal_sftcfg_allgpu,false,3
2513663.batch,batch,CANCELLED,0:15,2026-04-29T15:10:44,2026-04-29T15:10:44,2026-04-29T16:51:31,6047,"cpu=12,gres/gpu:l40=3,gres/gpu=3,gres/tmp=1073741824,mem=100G,node=1",,jn111,,,20260429_1428_tunebackbone_struct1_standard3gpu6worker_formal_sftcfg_allgpu,false,3
2513663.extern,extern,COMPLETED,0:0,2026-04-29T15:10:44,2026-04-29T15:10:44,2026-04-29T16:51:32,6048,"billing=12,cpu=12,gres/gpu:l40=3,gres/gpu=3,gres/tmp=1073741824,mem=100G,node=1",,jn111,,,20260429_1428_tunebackbone_struct1_standard3gpu6worker_formal_sftcfg_allgpu,false,3
2514410,tunebackbone-struct1-std3gpu,CANCELLED by 221940,0:0,2026-04-29T16:51:31,2026-04-29T16:54:23,2026-04-29T16:56:48,145,"billing=12,cpu=12,gres/gpu:l40=3,gres/gpu=3,gres/tmp=1073741824,mem=100G,node=1","billing=12,cpu=12,gres/gpu=3,gres/tmp=1073741824,mem=100G,node=1",jn114,standard,0,20260429_1651_tunebackbone_struct1_standard3gpu6worker_formal_dtypefix,false,3
2514410.batch,batch,CANCELLED,0:15,2026-04-29T16:54:23,2026-04-29T16:54:23,2026-04-29T16:56:49,146,"cpu=12,gres/gpu:l40=3,gres/gpu=3,gres/tmp=1073741824,mem=100G,node=1",,jn114,,,20260429_1651_tunebackbone_struct1_standard3gpu6worker_formal_dtypefix,false,3
2514410.extern,extern,COMPLETED,0:0,2026-04-29T16:54:23,2026-04-29T16:54:23,2026-04-29T16:56:49,146,"billing=12,cpu=12,gres/gpu:l40=3,gres/gpu=3,gres/tmp=1073741824,mem=100G,node=1",,jn114,,,20260429_1651_tunebackbone_struct1_standard3gpu6worker_formal_dtypefix,false,3
2514595,tunebackbone-struct1-std3gpu,PREEMPTED,0:0,2026-04-29T16:59:01,2026-04-29T17:17:25,2026-04-29T17:47:53,1828,"billing=12,cpu=12,gres/gpu:l40=3,gres/gpu=3,gres/tmp=1073741824,mem=100G,node=1","billing=12,cpu=12,gres/gpu=3,gres/tmp=1073741824,mem=100G,node=1",jn012,standard,0,20260429_1659_tunebackbone_struct1_standard3gpu6worker_formal_dtypefix_skip0,false,3
2514595.batch,batch,CANCELLED,0:15,2026-04-29T17:17:25,2026-04-29T17:17:25,2026-04-29T17:47:54,1829,"cpu=12,gres/gpu:l40=3,gres/gpu=3,gres/tmp=1073741824,mem=100G,node=1",,jn012,,,20260429_1659_tunebackbone_struct1_standard3gpu6worker_formal_dtypefix_skip0,false,3
2514595.extern,extern,COMPLETED,0:0,2026-04-29T17:17:25,2026-04-29T17:17:25,2026-04-29T17:47:54,1829,"billing=12,cpu=12,gres/gpu:l40=3,gres/gpu=3,gres/tmp=1073741824,mem=100G,node=1",,jn012,,,20260429_1659_tunebackbone_struct1_standard3gpu6worker_formal_dtypefix_skip0,false,3
2514595,tunebackbone-struct1-std3gpu,PREEMPTED,0:0,2026-04-29T17:47:55,2026-04-29T20:44:58,2026-04-30T04:17:55,27177,"billing=12,cpu=12,gres/gpu:l40s=3,gres/gpu=3,gres/tmp=1073741824,mem=100G,node=1","billing=12,cpu=12,gres/gpu=3,gres/tmp=1073741824,mem=100G,node=1",jnfat01,standard,1,20260429_1659_tunebackbone_struct1_standard3gpu6worker_formal_dtypefix_skip0,false,3
2514595.batch,batch,CANCELLED,0:15,2026-04-29T20:44:58,2026-04-29T20:44:58,2026-04-30T04:17:55,27177,"cpu=12,gres/gpu:l40s=3,gres/gpu=3,gres/tmp=1073741824,mem=100G,node=1",,jnfat01,,,20260429_1659_tunebackbone_struct1_standard3gpu6worker_formal_dtypefix_skip0,false,3
2514595.extern,extern,COMPLETED,0:0,2026-04-29T20:44:58,2026-04-29T20:44:58,2026-04-30T04:17:56,27178,"billing=12,cpu=12,gres/gpu:l40s=3,gres/gpu=3,gres/tmp=1073741824,mem=100G,node=1",,jnfat01,,,20260429_1659_tunebackbone_struct1_standard3gpu6worker_formal_dtypefix_skip0,false,3
2514595,tunebackbone-struct1-std3gpu,PREEMPTED,0:0,2026-04-30T04:17:57,2026-04-30T04:29:43,2026-04-30T04:32:29,166,"billing=12,cpu=12,gres/gpu:l40=3,gres/gpu=3,gres/tmp=1073741824,mem=100G,node=1","billing=12,cpu=12,gres/gpu=3,gres/tmp=1073741824,mem=100G,node=1",jn102,standard,2,20260429_1659_tunebackbone_struct1_standard3gpu6worker_formal_dtypefix_skip0,false,3
2514595.batch,batch,CANCELLED,0:15,2026-04-30T04:29:43,2026-04-30T04:29:43,2026-04-30T04:32:30,167,"cpu=12,gres/gpu:l40=3,gres/gpu=3,gres/tmp=1073741824,mem=100G,node=1",,jn102,,,20260429_1659_tunebackbone_struct1_standard3gpu6worker_formal_dtypefix_skip0,false,3
2514595.extern,extern,COMPLETED,0:0,2026-04-30T04:29:43,2026-04-30T04:29:43,2026-04-30T04:32:30,167,"billing=12,cpu=12,gres/gpu:l40=3,gres/gpu=3,gres/tmp=1073741824,mem=100G,node=1",,jn102,,,20260429_1659_tunebackbone_struct1_standard3gpu6worker_formal_dtypefix_skip0,false,3
2514595,tunebackbone-struct1-std3gpu,PREEMPTED,0:0,2026-04-30T04:32:31,2026-04-30T05:02:59,2026-04-30T08:11:30,11311,"billing=12,cpu=12,gres/gpu:l40s=3,gres/gpu=3,gres/tmp=1073741824,mem=100G,node=1","billing=12,cpu=12,gres/gpu=3,gres/tmp=1073741824,mem=100G,node=1",jnfat03,standard,3,20260429_1659_tunebackbone_struct1_standard3gpu6worker_formal_dtypefix_skip0,false,3
2514595.batch,batch,CANCELLED,0:15,2026-04-30T05:02:59,2026-04-30T05:02:59,2026-04-30T08:11:30,11311,"cpu=12,gres/gpu:l40s=3,gres/gpu=3,gres/tmp=1073741824,mem=100G,node=1",,jnfat03,,,20260429_1659_tunebackbone_struct1_standard3gpu6worker_formal_dtypefix_skip0,false,3
2514595.extern,extern,COMPLETED,0:0,2026-04-30T05:02:59,2026-04-30T05:02:59,2026-04-30T08:11:31,11312,"billing=12,cpu=12,gres/gpu:l40s=3,gres/gpu=3,gres/tmp=1073741824,mem=100G,node=1",,jnfat03,,,20260429_1659_tunebackbone_struct1_standard3gpu6worker_formal_dtypefix_skip0,false,3
2514595,tunebackbone-struct1-std3gpu,PREEMPTED,0:0,2026-04-30T08:11:32,2026-04-30T08:32:24,2026-04-30T08:52:17,1193,"billing=12,cpu=12,gres/gpu:l40=3,gres/gpu=3,gres/tmp=1073741824,mem=100G,node=1","billing=12,cpu=12,gres/gpu=3,gres/tmp=1073741824,mem=100G,node=1",jn004,standard,4,20260429_1659_tunebackbone_struct1_standard3gpu6worker_formal_dtypefix_skip0,false,3
2514595.batch,batch,CANCELLED,0:15,2026-04-30T08:32:24,2026-04-30T08:32:24,2026-04-30T08:52:17,1193,"cpu=12,gres/gpu:l40=3,gres/gpu=3,gres/tmp=1073741824,mem=100G,node=1",,jn004,,,20260429_1659_tunebackbone_struct1_standard3gpu6worker_formal_dtypefix_skip0,false,3
2514595.extern,extern,COMPLETED,0:0,2026-04-30T08:32:24,2026-04-30T08:32:24,2026-04-30T08:52:17,1193,"billing=12,cpu=12,gres/gpu:l40=3,gres/gpu=3,gres/tmp=1073741824,mem=100G,node=1",,jn004,,,20260429_1659_tunebackbone_struct1_standard3gpu6worker_formal_dtypefix_skip0,false,3
2514595,tunebackbone-struct1-std3gpu,CANCELLED by 221940,0:0,2026-04-30T08:52:18,2026-04-30T09:21:34,2026-04-30T09:26:17,283,"billing=12,cpu=12,gres/gpu:l40=3,gres/gpu=3,gres/tmp=1073741824,mem=100G,node=1","billing=12,cpu=12,gres/gpu=3,gres/tmp=1073741824,mem=100G,node=1",jn101,standard,5,20260429_1659_tunebackbone_struct1_standard3gpu6worker_formal_dtypefix_skip0,false,3
2514595.batch,batch,CANCELLED,0:15,2026-04-30T09:21:34,2026-04-30T09:21:34,2026-04-30T09:26:18,284,"cpu=12,gres/gpu:l40=3,gres/gpu=3,gres/tmp=1073741824,mem=100G,node=1",,jn101,,,20260429_1659_tunebackbone_struct1_standard3gpu6worker_formal_dtypefix_skip0,false,3
2514595.extern,extern,COMPLETED,0:0,2026-04-30T09:21:34,2026-04-30T09:21:34,2026-04-30T09:26:18,284,"billing=12,cpu=12,gres/gpu:l40=3,gres/gpu=3,gres/tmp=1073741824,mem=100G,node=1",,jn101,,,20260429_1659_tunebackbone_struct1_standard3gpu6worker_formal_dtypefix_skip0,false,3
2517648,tuneback-struct1-gcv2,FAILED,1:0,2026-04-30T09:00:25,2026-04-30T09:00:26,2026-04-30T09:05:10,284,"billing=8,cpu=8,gres/gpu:l40s=2,gres/gpu=2,gres/tmp=1073741824,mem=80G,node=1","billing=8,cpu=8,gres/gpu=2,gres/tmp=1073741824,mem=80G,node=1",jnfat04,gpu_computervision,0,20260430_0859_tunebackbone_struct1_gcv2gpu4worker_formal,false,2
2517648.batch,batch,FAILED,1:0,2026-04-30T09:00:26,2026-04-30T09:00:26,2026-04-30T09:05:10,284,"cpu=8,gres/gpu:l40s=2,gres/gpu=2,gres/tmp=1073741824,mem=80G,node=1",,jnfat04,,,20260430_0859_tunebackbone_struct1_gcv2gpu4worker_formal,false,2
2517648.extern,extern,COMPLETED,0:0,2026-04-30T09:00:26,2026-04-30T09:00:26,2026-04-30T09:05:11,285,"billing=8,cpu=8,gres/gpu:l40s=2,gres/gpu=2,gres/tmp=1073741824,mem=80G,node=1",,jnfat04,,,20260430_0859_tunebackbone_struct1_gcv2gpu4worker_formal,false,2
2561123,tuneback-struct1-contract,TIMEOUT,0:0,2026-05-02T23:12:42,2026-05-02T23:12:43,2026-05-03T23:12:58,86415,"billing=12,cpu=12,gres/gpu:l40=3,gres/gpu=3,gres/tmp=1073741824,mem=200G,node=1","billing=12,cpu=12,gres/gpu=3,gres/tmp=1073741824,mem=200G,node=1",jn113,standard,0,20260502_2318_tunebackbone_struct1_contract_std3_formal,false,3
2561123.batch,batch,CANCELLED,0:15,2026-05-02T23:12:43,2026-05-02T23:12:43,2026-05-03T23:12:58,86415,"cpu=12,gres/gpu:l40=3,gres/gpu=3,gres/tmp=1073741824,mem=200G,node=1",,jn113,,,20260502_2318_tunebackbone_struct1_contract_std3_formal,false,3
2561123.extern,extern,COMPLETED,0:0,2026-05-02T23:12:43,2026-05-02T23:12:43,2026-05-03T23:12:59,86416,"billing=12,cpu=12,gres/gpu:l40=3,gres/gpu=3,gres/tmp=1073741824,mem=200G,node=1",,jn113,,,20260502_2318_tunebackbone_struct1_contract_std3_formal,false,3
2565575,tuneback-plot-contract,FAILED,1:0,2026-05-04T10:01:54,2026-05-04T10:01:54,2026-05-04T10:01:55,1,"billing=2,cpu=2,gres/tmp=1073741824,mem=4G,node=1","billing=1,cpu=1,gres/tmp=1073741824,mem=2G,node=1",jn015,small_cpu,0,20260502_2318_tunebackbone_struct1_contract_std3_formal,false,
2565575.batch,batch,FAILED,1:0,2026-05-04T10:01:54,2026-05-04T10:01:54,2026-05-04T10:01:55,1,"cpu=2,gres/tmp=1073741824,mem=4G,node=1",,jn015,,,20260502_2318_tunebackbone_struct1_contract_std3_formal,false,
2565575.extern,extern,COMPLETED,0:0,2026-05-04T10:01:54,2026-05-04T10:01:54,2026-05-04T10:01:55,1,"billing=2,cpu=2,gres/tmp=1073741824,mem=4G,node=1",,jn015,,,20260502_2318_tunebackbone_struct1_contract_std3_formal,false,
2565576,tuneback-plot-contract,COMPLETED,0:0,2026-05-04T10:02:37,2026-05-04T10:02:40,2026-05-04T10:06:16,216,"billing=2,cpu=2,gres/tmp=1073741824,mem=4G,node=1","billing=1,cpu=1,gres/tmp=1073741824,mem=2G,node=1",jn015,small_cpu,0,20260502_2318_tunebackbone_struct1_contract_std3_formal,false,
2565576.batch,batch,COMPLETED,0:0,2026-05-04T10:02:40,2026-05-04T10:02:40,2026-05-04T10:06:16,216,"cpu=2,gres/tmp=1073741824,mem=4G,node=1",,jn015,,,20260502_2318_tunebackbone_struct1_contract_std3_formal,false,
2565576.extern,extern,COMPLETED,0:0,2026-05-04T10:02:40,2026-05-04T10:02:40,2026-05-04T10:06:16,216,"billing=2,cpu=2,gres/tmp=1073741824,mem=4G,node=1",,jn015,,,20260502_2318_tunebackbone_struct1_contract_std3_formal,false,
2588095,tunerl-struct1_clean_a3_aligned_rl,CANCELLED by 221940,0:0,2026-05-09T09:45:10,None,2026-05-09T09:45:25,0,,"billing=16,cpu=16,gres/gpu=2,gres/tmp=1073741824,mem=80G,node=1",None assigned,h100,0,20260509_0945_struct1_clean_a3_aligned_rl,false,
2588098,tunerl-struct1_clean_a3_aligned_rl,FAILED,1:0,2026-05-09T09:45:57,2026-05-09T09:45:58,2026-05-09T09:49:06,188,"billing=16,cpu=16,gres/gpu:l40s=2,gres/gpu=2,gres/tmp=1073741824,mem=80G,node=1","billing=16,cpu=16,gres/gpu=2,gres/tmp=1073741824,mem=80G,node=1",jnfat05,gpu_computervision_long,0,20260509_0945_struct1_clean_a3_aligned_rl_v2,false,2
2588098.batch,batch,FAILED,1:0,2026-05-09T09:45:58,2026-05-09T09:45:58,2026-05-09T09:49:06,188,"cpu=16,gres/gpu:l40s=2,gres/gpu=2,gres/tmp=1073741824,mem=80G,node=1",,jnfat05,,,20260509_0945_struct1_clean_a3_aligned_rl_v2,false,2
2588098.extern,extern,COMPLETED,0:0,2026-05-09T09:45:58,2026-05-09T09:45:58,2026-05-09T09:49:06,188,"billing=16,cpu=16,gres/gpu:l40s=2,gres/gpu=2,gres/tmp=1073741824,mem=80G,node=1",,jnfat05,,,20260509_0945_struct1_clean_a3_aligned_rl_v2,false,2
2589251,tunerl-struct1_clean_a3_bf16_merged_l40s_rl,CANCELLED by 221940,0:0,2026-05-09T19:35:45,2026-05-09T19:35:46,2026-05-09T19:38:17,151,"billing=16,cpu=16,gres/gpu:l40s=2,gres/gpu=2,gres/tmp=1073741824,mem=80G,node=1","billing=16,cpu=16,gres/gpu=2,gres/tmp=1073741824,mem=80G,node=1",jnfat06,gpu_computervision_long,0,20260509_1935_struct1_clean_a3_bf16_merged_l40s_rl,false,2
2589251.batch,batch,FAILED,1:0,2026-05-09T19:35:46,2026-05-09T19:35:46,2026-05-09T19:38:17,151,"cpu=16,gres/gpu:l40s=2,gres/gpu=2,gres/tmp=1073741824,mem=80G,node=1",,jnfat06,,,20260509_1935_struct1_clean_a3_bf16_merged_l40s_rl,false,2
2589251.extern,extern,COMPLETED,0:0,2026-05-09T19:35:46,2026-05-09T19:35:46,2026-05-09T19:38:18,152,"billing=16,cpu=16,gres/gpu:l40s=2,gres/gpu=2,gres/tmp=1073741824,mem=80G,node=1",,jnfat06,,,20260509_1935_struct1_clean_a3_bf16_merged_l40s_rl,false,2
2589263,tunerl-struct1_clean_a3_bf16_merged_l40s_linked_rl,FAILED,1:0,2026-05-09T19:42:01,2026-05-09T19:42:01,2026-05-09T19:42:10,9,"billing=16,cpu=16,gres/gpu:l40s=2,gres/gpu=2,gres/tmp=1073741824,mem=80G,node=1","billing=16,cpu=16,gres/gpu=2,gres/tmp=1073741824,mem=80G,node=1",jnfat06,gpu_computervision_long,0,20260509_1942_struct1_clean_a3_bf16_merged_l40s_linked_rl,false,2
2589263.batch,batch,FAILED,1:0,2026-05-09T19:42:01,2026-05-09T19:42:01,2026-05-09T19:42:10,9,"cpu=16,gres/gpu:l40s=2,gres/gpu=2,gres/tmp=1073741824,mem=80G,node=1",,jnfat06,,,20260509_1942_struct1_clean_a3_bf16_merged_l40s_linked_rl,false,2
2589263.extern,extern,COMPLETED,0:0,2026-05-09T19:42:01,2026-05-09T19:42:01,2026-05-09T19:42:10,9,"billing=16,cpu=16,gres/gpu:l40s=2,gres/gpu=2,gres/tmp=1073741824,mem=80G,node=1",,jnfat06,,,20260509_1942_struct1_clean_a3_bf16_merged_l40s_linked_rl,false,2
2589285,tunerl-struct1_clean_a3_bf16_merged_l40s_genmb1_rl,FAILED,1:0,2026-05-09T20:00:50,2026-05-09T20:00:50,2026-05-09T20:06:36,346,"billing=16,cpu=16,gres/gpu:l40s=2,gres/gpu=2,gres/tmp=1073741824,mem=80G,node=1","billing=16,cpu=16,gres/gpu=2,gres/tmp=1073741824,mem=80G,node=1",jnfat05,gpu_computervision_long,0,20260509_2002_struct1_clean_a3_bf16_merged_l40s_genmb1_rl,false,2
2589285.batch,batch,FAILED,1:0,2026-05-09T20:00:50,2026-05-09T20:00:50,2026-05-09T20:06:36,346,"cpu=16,gres/gpu:l40s=2,gres/gpu=2,gres/tmp=1073741824,mem=80G,node=1",,jnfat05,,,20260509_2002_struct1_clean_a3_bf16_merged_l40s_genmb1_rl,false,2
2589285.extern,extern,COMPLETED,0:0,2026-05-09T20:00:50,2026-05-09T20:00:50,2026-05-09T20:06:36,346,"billing=16,cpu=16,gres/gpu:l40s=2,gres/gpu=2,gres/tmp=1073741824,mem=80G,node=1",,jnfat05,,,20260509_2002_struct1_clean_a3_bf16_merged_l40s_genmb1_rl,false,2
2589354,tunerl-struct1_clean_a3_bf16_merged_l40s_nocache_rl,CANCELLED by 221940,0:0,2026-05-09T20:28:28,2026-05-09T20:28:29,2026-05-09T20:30:36,127,"billing=16,cpu=16,gres/gpu:l40s=2,gres/gpu=2,gres/tmp=1073741824,mem=80G,node=1","billing=16,cpu=16,gres/gpu=2,gres/tmp=1073741824,mem=80G,node=1",jnfat05,gpu_computervision_long,0,20260509_2012_struct1_clean_a3_bf16_merged_l40s_nocache_rl,false,2
2589354.batch,batch,CANCELLED,0:15,2026-05-09T20:28:29,2026-05-09T20:28:29,2026-05-09T20:30:36,127,"cpu=16,gres/gpu:l40s=2,gres/gpu=2,gres/tmp=1073741824,mem=80G,node=1",,jnfat05,,,20260509_2012_struct1_clean_a3_bf16_merged_l40s_nocache_rl,false,2
2589354.extern,extern,COMPLETED,0:0,2026-05-09T20:28:29,2026-05-09T20:28:29,2026-05-09T20:30:37,128,"billing=16,cpu=16,gres/gpu:l40s=2,gres/gpu=2,gres/tmp=1073741824,mem=80G,node=1",,jnfat05,,,20260509_2012_struct1_clean_a3_bf16_merged_l40s_nocache_rl,false,2
2590349,tunerl-a3-compact-gcvlong,FAILED,1:0,2026-05-09T23:15:49,2026-05-09T23:15:50,2026-05-09T23:16:05,15,"billing=16,cpu=16,gres/gpu:l40s=2,gres/gpu=2,gres/tmp=1073741824,mem=80G,node=1","billing=16,cpu=16,gres/gpu=2,gres/tmp=1073741824,mem=80G,node=1",jnfat06,gpu_computervision_long,0,20260509_2319_struct1_clean_a3_unmerged_compact_gcvlong_rl,false,2
2590349.batch,batch,FAILED,1:0,2026-05-09T23:15:50,2026-05-09T23:15:50,2026-05-09T23:16:05,15,"cpu=16,gres/gpu:l40s=2,gres/gpu=2,gres/tmp=1073741824,mem=80G,node=1",,jnfat06,,,20260509_2319_struct1_clean_a3_unmerged_compact_gcvlong_rl,false,2
2590349.extern,extern,COMPLETED,0:0,2026-05-09T23:15:50,2026-05-09T23:15:50,2026-05-09T23:16:05,15,"billing=16,cpu=16,gres/gpu:l40s=2,gres/gpu=2,gres/tmp=1073741824,mem=80G,node=1",,jnfat06,,,20260509_2319_struct1_clean_a3_unmerged_compact_gcvlong_rl,false,2
2591358,tunerl-struct1_a3_archived_l40s_rl,CANCELLED by 221940,0:0,2026-05-10T15:09:22,2026-05-10T15:09:23,2026-05-10T15:09:45,22,"billing=16,cpu=16,gres/gpu:l40s=2,gres/gpu=2,gres/tmp=1073741824,mem=80G,node=1","billing=16,cpu=16,gres/gpu=2,gres/tmp=1073741824,mem=80G,node=1",jnfat06,gpu_computervision_long,0,20260510_1509_struct1_a3_archived_l40s_rl,false,2
2591358.batch,batch,FAILED,1:0,2026-05-10T15:09:23,2026-05-10T15:09:23,2026-05-10T15:09:45,22,"cpu=16,gres/gpu:l40s=2,gres/gpu=2,gres/tmp=1073741824,mem=80G,node=1",,jnfat06,,,20260510_1509_struct1_a3_archived_l40s_rl,false,2
2591358.extern,extern,COMPLETED,0:0,2026-05-10T15:09:23,2026-05-10T15:09:23,2026-05-10T15:09:45,22,"billing=16,cpu=16,gres/gpu:l40s=2,gres/gpu=2,gres/tmp=1073741824,mem=80G,node=1",,jnfat06,,,20260510_1509_struct1_a3_archived_l40s_rl,false,2
2591739,tunerl-struct1_a3_clean_source_rl_l40s,FAILED,1:0,2026-05-10T20:22:44,2026-05-10T20:22:44,2026-05-10T20:22:59,15,"billing=16,cpu=16,gres/gpu:l40s=2,gres/gpu=2,gres/tmp=1073741824,mem=80G,node=1","billing=16,cpu=16,gres/gpu=2,gres/tmp=1073741824,mem=80G,node=1",jnfat07,gpu_computervision_long,0,20260510_2022_struct1_a3_clean_source_rl_l40s,false,2
2591739.batch,batch,FAILED,1:0,2026-05-10T20:22:44,2026-05-10T20:22:44,2026-05-10T20:22:59,15,"cpu=16,gres/gpu:l40s=2,gres/gpu=2,gres/tmp=1073741824,mem=80G,node=1",,jnfat07,,,20260510_2022_struct1_a3_clean_source_rl_l40s,false,2
2591739.extern,extern,COMPLETED,0:0,2026-05-10T20:22:44,2026-05-10T20:22:44,2026-05-10T20:22:59,15,"billing=16,cpu=16,gres/gpu:l40s=2,gres/gpu=2,gres/tmp=1073741824,mem=80G,node=1",,jnfat07,,,20260510_2022_struct1_a3_clean_source_rl_l40s,false,2
2616072,tunerl-struct1-a3-cleanstage2-adapteronly-h100,FAILED,1:0,2026-05-15T23:07:35,2026-05-15T23:07:35,2026-05-15T23:08:06,31,"billing=32,cpu=32,gres/gpu:h100=4,gres/gpu=4,gres/tmp=1073741824,mem=128G,node=1","billing=32,cpu=32,gres/gpu=4,gres/tmp=1073741824,mem=128G,node=1",jnultra01,h100,0,20260515_2307_struct1_a3_clean_stage2_adapteronly_blockpenalty_h100_rl,false,4
2616072.batch,batch,FAILED,1:0,2026-05-15T23:07:35,2026-05-15T23:07:35,2026-05-15T23:08:06,31,"cpu=32,gres/gpu:h100=4,gres/gpu=4,gres/tmp=1073741824,mem=128G,node=1",,jnultra01,,,20260515_2307_struct1_a3_clean_stage2_adapteronly_blockpenalty_h100_rl,false,4
2616072.extern,extern,COMPLETED,0:0,2026-05-15T23:07:35,2026-05-15T23:07:35,2026-05-15T23:08:06,31,"billing=32,cpu=32,gres/gpu:h100=4,gres/gpu=4,gres/tmp=1073741824,mem=128G,node=1",,jnultra01,,,20260515_2307_struct1_a3_clean_stage2_adapteronly_blockpenalty_h100_rl,false,4
2616075,tunerl-struct1-a3-cleanstage2-initadapter-h100,FAILED,1:0,2026-05-15T23:09:20,2026-05-15T23:09:20,2026-05-16T22:55:48,85588,"billing=32,cpu=32,gres/gpu:h100=4,gres/gpu=4,gres/tmp=1073741824,mem=128G,node=1","billing=32,cpu=32,gres/gpu=4,gres/tmp=1073741824,mem=128G,node=1",jnultra01,h100,0,20260515_2309_struct1_a3_clean_stage2_initadapter_blockpenalty_h100_rl,false,4
2616075.batch,batch,FAILED,1:0,2026-05-15T23:09:20,2026-05-15T23:09:20,2026-05-16T22:55:48,85588,"cpu=32,gres/gpu:h100=4,gres/gpu=4,gres/tmp=1073741824,mem=128G,node=1",,jnultra01,,,20260515_2309_struct1_a3_clean_stage2_initadapter_blockpenalty_h100_rl,false,4
2616075.extern,extern,COMPLETED,0:0,2026-05-15T23:09:20,2026-05-15T23:09:20,2026-05-16T22:55:48,85588,"billing=32,cpu=32,gres/gpu:h100=4,gres/gpu=4,gres/tmp=1073741824,mem=128G,node=1",,jnultra01,,,20260515_2309_struct1_a3_clean_stage2_initadapter_blockpenalty_h100_rl,false,4
2618173,tunerl-struct1-a3-blockcap-h100,FAILED,1:0,2026-05-16T23:32:52,2026-05-16T23:32:52,2026-05-17T08:38:11,32719,"billing=32,cpu=32,gres/gpu:h100=4,gres/gpu=4,gres/tmp=1073741824,mem=128G,node=1","billing=32,cpu=32,gres/gpu=4,gres/tmp=1073741824,mem=128G,node=1",jnultra01,h100,0,20260516_2332_struct1_a3_clean_stage2_blockcap_h100_rl,false,4
2618173.batch,batch,FAILED,1:0,2026-05-16T23:32:52,2026-05-16T23:32:52,2026-05-17T08:38:11,32719,"cpu=32,gres/gpu:h100=4,gres/gpu=4,gres/tmp=1073741824,mem=128G,node=1",,jnultra01,,,20260516_2332_struct1_a3_clean_stage2_blockcap_h100_rl,false,4
2618173.extern,extern,COMPLETED,0:0,2026-05-16T23:32:52,2026-05-16T23:32:52,2026-05-17T08:38:11,32719,"billing=32,cpu=32,gres/gpu:h100=4,gres/gpu=4,gres/tmp=1073741824,mem=128G,node=1",,jnultra01,,,20260516_2332_struct1_a3_clean_stage2_blockcap_h100_rl,false,4
2619429,tunerl-sft-a3-balancedcap-h100,FAILED,1:0,2026-05-17T20:32:14,2026-05-17T20:32:14,2026-05-18T19:39:54,83260,"billing=32,cpu=32,gres/gpu:h100=4,gres/gpu=4,gres/tmp=1073741824,mem=128G,node=1","billing=32,cpu=32,gres/gpu=4,gres/tmp=1073741824,mem=128G,node=1",jnultra01,h100,0,20260517_2032_struct1_a3_sft_stage2_balancedblockcap,false,4
2619429.batch,batch,FAILED,1:0,2026-05-17T20:32:14,2026-05-17T20:32:14,2026-05-18T19:39:54,83260,"cpu=32,gres/gpu:h100=4,gres/gpu=4,gres/tmp=1073741824,mem=128G,node=1",,jnultra01,,,20260517_2032_struct1_a3_sft_stage2_balancedblockcap,false,4
2619429.extern,extern,COMPLETED,0:0,2026-05-17T20:32:14,2026-05-17T20:32:14,2026-05-18T19:39:54,83260,"billing=32,cpu=32,gres/gpu:h100=4,gres/gpu=4,gres/tmp=1073741824,mem=128G,node=1",,jnultra01,,,20260517_2032_struct1_a3_sft_stage2_balancedblockcap,false,4
2621149,tunerl-sft-a3-balancedcap-h100-resume,FAILED,1:0,2026-05-18T19:35:29,2026-05-18T19:39:54,2026-05-18T19:40:16,22,"billing=32,cpu=32,gres/gpu:h100=4,gres/gpu=4,gres/tmp=1073741824,mem=128G,node=1","billing=32,cpu=32,gres/gpu=4,gres/tmp=1073741824,mem=128G,node=1",jnultra01,h100,0,20260517_2032_struct1_a3_sft_stage2_balancedblockcap,false,4
2621149.batch,batch,FAILED,1:0,2026-05-18T19:39:54,2026-05-18T19:39:54,2026-05-18T19:40:16,22,"cpu=32,gres/gpu:h100=4,gres/gpu=4,gres/tmp=1073741824,mem=128G,node=1",,jnultra01,,,20260517_2032_struct1_a3_sft_stage2_balancedblockcap,false,4
2621149.extern,extern,COMPLETED,0:0,2026-05-18T19:39:54,2026-05-18T19:39:54,2026-05-18T19:40:17,23,"billing=32,cpu=32,gres/gpu:h100=4,gres/gpu=4,gres/tmp=1073741824,mem=128G,node=1",,jnultra01,,,20260517_2032_struct1_a3_sft_stage2_balancedblockcap,false,4
2621153,tunerl-sft-a3-balancedcap-h100-resume2,TIMEOUT,0:0,2026-05-18T19:41:47,2026-05-18T19:41:47,2026-05-19T19:42:01,86414,"billing=32,cpu=32,gres/gpu:h100=4,gres/gpu=4,gres/tmp=1073741824,mem=128G,node=1","billing=32,cpu=32,gres/gpu=4,gres/tmp=1073741824,mem=128G,node=1",jnultra01,h100,0,20260517_2032_struct1_a3_sft_stage2_balancedblockcap,false,4
2621153.batch,batch,FAILED,1:0,2026-05-18T19:41:47,2026-05-18T19:41:47,2026-05-19T19:42:07,86420,"cpu=32,gres/gpu:h100=4,gres/gpu=4,gres/tmp=1073741824,mem=128G,node=1",,jnultra01,,,20260517_2032_struct1_a3_sft_stage2_balancedblockcap,false,4
2621153.extern,extern,COMPLETED,0:0,2026-05-18T19:41:47,2026-05-18T19:41:47,2026-05-19T19:37:00,86113,"billing=32,cpu=32,gres/gpu:h100=4,gres/gpu=4,gres/tmp=1073741824,mem=128G,node=1",,jnultra01,,,20260517_2032_struct1_a3_sft_stage2_balancedblockcap,false,4
2621339,fullbf16-sft-struct1,FAILED,1:0,2026-05-18T21:39:41,2026-05-18T21:39:41,2026-05-18T21:39:47,6,"billing=16,cpu=16,gres/gpu:h100=1,gres/gpu=1,gres/tmp=1073741824,mem=96G,node=1","billing=16,cpu=16,gres/gpu=1,gres/tmp=1073741824,mem=96G,node=1",jnultra01,h100,0,20260518_2145_struct1_fullbf16_sft,false,1
2621339.batch,batch,FAILED,1:0,2026-05-18T21:39:41,2026-05-18T21:39:41,2026-05-18T21:39:47,6,"cpu=16,gres/gpu:h100=1,gres/gpu=1,gres/tmp=1073741824,mem=96G,node=1",,jnultra01,,,20260518_2145_struct1_fullbf16_sft,false,1
2621339.extern,extern,COMPLETED,0:0,2026-05-18T21:39:41,2026-05-18T21:39:41,2026-05-18T21:39:47,6,"billing=16,cpu=16,gres/gpu:h100=1,gres/gpu=1,gres/tmp=1073741824,mem=96G,node=1",,jnultra01,,,20260518_2145_struct1_fullbf16_sft,false,1
2621340,fullbf16-sft-struct1,FAILED,1:0,2026-05-18T21:41:37,2026-05-18T21:41:37,2026-05-18T21:41:38,1,"billing=16,cpu=16,gres/gpu:h100=1,gres/gpu=1,gres/tmp=1073741824,mem=96G,node=1","billing=16,cpu=16,gres/gpu=1,gres/tmp=1073741824,mem=96G,node=1",jnultra01,h100,0,20260518_2145_struct1_fullbf16_sft,false,1
2621340.batch,batch,FAILED,1:0,2026-05-18T21:41:37,2026-05-18T21:41:37,2026-05-18T21:41:38,1,"cpu=16,gres/gpu:h100=1,gres/gpu=1,gres/tmp=1073741824,mem=96G,node=1",,jnultra01,,,20260518_2145_struct1_fullbf16_sft,false,1
2621340.extern,extern,COMPLETED,0:0,2026-05-18T21:41:37,2026-05-18T21:41:37,2026-05-18T21:41:38,1,"billing=16,cpu=16,gres/gpu:h100=1,gres/gpu=1,gres/tmp=1073741824,mem=96G,node=1",,jnultra01,,,20260518_2145_struct1_fullbf16_sft,false,1
2621342,fullbf16-sft-struct1,FAILED,0:15,2026-05-18T21:42:29,2026-05-18T21:42:29,2026-05-18T21:43:18,49,"billing=16,cpu=16,gres/gpu:h100=1,gres/gpu=1,gres/tmp=1073741824,mem=96G,node=1","billing=16,cpu=16,gres/gpu=1,gres/tmp=1073741824,mem=96G,node=1",jnultra01,h100,0,20260518_2145_struct1_fullbf16_sft,false,1
2621342.batch,batch,CANCELLED,0:15,2026-05-18T21:42:29,2026-05-18T21:42:29,2026-05-18T21:43:18,49,"cpu=16,gres/gpu:h100=1,gres/gpu=1,gres/tmp=1073741824,mem=96G,node=1",,jnultra01,,,20260518_2145_struct1_fullbf16_sft,false,1
2621342.extern,extern,COMPLETED,0:0,2026-05-18T21:42:29,2026-05-18T21:42:29,2026-05-18T21:43:18,49,"billing=16,cpu=16,gres/gpu:h100=1,gres/gpu=1,gres/tmp=1073741824,mem=96G,node=1",,jnultra01,,,20260518_2145_struct1_fullbf16_sft,false,1
2621343,fullbf16-sft-struct1,FAILED,0:15,2026-05-18T21:44:34,2026-05-18T21:44:34,2026-05-18T21:45:44,70,"billing=16,cpu=16,gres/gpu:h100=1,gres/gpu=1,gres/tmp=1073741824,mem=96G,node=1","billing=16,cpu=16,gres/gpu=1,gres/tmp=1073741824,mem=96G,node=1",jnultra01,h100,0,20260518_2145_struct1_fullbf16_sft,false,1
2621343.batch,batch,CANCELLED,0:15,2026-05-18T21:44:34,2026-05-18T21:44:34,2026-05-18T21:45:44,70,"cpu=16,gres/gpu:h100=1,gres/gpu=1,gres/tmp=1073741824,mem=96G,node=1",,jnultra01,,,20260518_2145_struct1_fullbf16_sft,false,1
2621343.extern,extern,COMPLETED,0:0,2026-05-18T21:44:34,2026-05-18T21:44:34,2026-05-18T21:45:44,70,"billing=16,cpu=16,gres/gpu:h100=1,gres/gpu=1,gres/tmp=1073741824,mem=96G,node=1",,jnultra01,,,20260518_2145_struct1_fullbf16_sft,false,1
2621348,fullbf16-sft-struct1,CANCELLED by 221940,0:0,2026-05-18T21:49:19,2026-05-18T21:49:19,2026-05-18T22:07:09,1070,"billing=16,cpu=16,gres/gpu:h100=1,gres/gpu=1,gres/tmp=1073741824,mem=96G,node=1","billing=16,cpu=16,gres/gpu=1,gres/tmp=1073741824,mem=96G,node=1",jnultra01,h100,0,20260518_2145_struct1_fullbf16_sft,false,1
2621348.batch,batch,CANCELLED,0:15,2026-05-18T21:49:19,2026-05-18T21:49:19,2026-05-18T22:07:10,1071,"cpu=16,gres/gpu:h100=1,gres/gpu=1,gres/tmp=1073741824,mem=96G,node=1",,jnultra01,,,20260518_2145_struct1_fullbf16_sft,false,1
2621348.extern,extern,COMPLETED,0:0,2026-05-18T21:49:19,2026-05-18T21:49:19,2026-05-18T22:07:11,1072,"billing=16,cpu=16,gres/gpu:h100=1,gres/gpu=1,gres/tmp=1073741824,mem=96G,node=1",,jnultra01,,,20260518_2145_struct1_fullbf16_sft,false,1
2621353,fullbf16-sft-std3,FAILED,1:0,2026-05-18T22:05:59,2026-05-18T22:05:59,2026-05-18T22:06:00,1,"billing=32,cpu=32,gres/gpu:l40=3,gres/gpu=3,gres/tmp=1073741824,mem=128G,node=1","billing=32,cpu=32,gres/gpu=3,gres/tmp=1073741824,mem=128G,node=1",jn015,standard,0,20260518_2210_struct1_fullbf16_sft_std3,false,3
2621353.batch,batch,FAILED,1:0,2026-05-18T22:05:59,2026-05-18T22:05:59,2026-05-18T22:06:00,1,"cpu=32,gres/gpu:l40=3,gres/gpu=3,gres/tmp=1073741824,mem=128G,node=1",,jn015,,,20260518_2210_struct1_fullbf16_sft_std3,false,3
2621353.extern,extern,COMPLETED,0:0,2026-05-18T22:05:59,2026-05-18T22:05:59,2026-05-18T22:06:00,1,"billing=32,cpu=32,gres/gpu:l40=3,gres/gpu=3,gres/tmp=1073741824,mem=128G,node=1",,jn015,,,20260518_2210_struct1_fullbf16_sft_std3,false,3
2621354,fullbf16-sft-std3,CANCELLED by 221940,0:0,2026-05-18T22:06:48,2026-05-18T22:06:48,2026-05-18T22:08:51,123,"billing=32,cpu=32,gres/gpu:l40=3,gres/gpu=3,gres/tmp=1073741824,mem=128G,node=1","billing=32,cpu=32,gres/gpu=3,gres/tmp=1073741824,mem=128G,node=1",jn015,standard,0,20260518_2215_struct1_fullbf16_sft_std3,false,3
2621354.batch,batch,CANCELLED,0:15,2026-05-18T22:06:48,2026-05-18T22:06:48,2026-05-18T22:08:52,124,"cpu=32,gres/gpu:l40=3,gres/gpu=3,gres/tmp=1073741824,mem=128G,node=1",,jn015,,,20260518_2215_struct1_fullbf16_sft_std3,false,3
2621354.extern,extern,COMPLETED,0:0,2026-05-18T22:06:48,2026-05-18T22:06:48,2026-05-18T22:08:52,124,"billing=32,cpu=32,gres/gpu:l40=3,gres/gpu=3,gres/tmp=1073741824,mem=128G,node=1",,jn015,,,20260518_2215_struct1_fullbf16_sft_std3,false,3
2621801,fullbf16-sft-fwdcontract,FAILED,0:15,2026-05-19T09:25:02,2026-05-19T09:25:02,2026-05-19T10:12:06,2824,"billing=32,cpu=32,gres/gpu:l40=3,gres/gpu=3,gres/tmp=1073741824,mem=128G,node=1","billing=32,cpu=32,gres/gpu=3,gres/tmp=1073741824,mem=128G,node=1",jn002,standard,0,20260519_0926_struct1_fullbf16_sft_forwardcontract,false,3
2621801.batch,batch,CANCELLED,0:15,2026-05-19T09:25:02,2026-05-19T09:25:02,2026-05-19T10:12:06,2824,"cpu=32,gres/gpu:l40=3,gres/gpu=3,gres/tmp=1073741824,mem=128G,node=1",,jn002,,,20260519_0926_struct1_fullbf16_sft_forwardcontract,false,3
2621801.extern,extern,COMPLETED,0:0,2026-05-19T09:25:02,2026-05-19T09:25:02,2026-05-19T10:12:06,2824,"billing=32,cpu=32,gres/gpu:l40=3,gres/gpu=3,gres/tmp=1073741824,mem=128G,node=1",,jn002,,,20260519_0926_struct1_fullbf16_sft_forwardcontract,false,3
2629496,sft-1pattern-aligned,FAILED,1:0,2026-05-20T16:33:17,2026-05-20T16:33:27,2026-05-20T16:33:43,16,"billing=16,cpu=16,gres/gpu:h100=3,gres/gpu=3,gres/tmp=1073741824,mem=160G,node=1","billing=16,cpu=16,gres/gpu=3,gres/tmp=1073741824,mem=160G,node=1",jnultra01,h100,0,20260520_1633_1pattern_aligned_sft,false,3
2629496.batch,batch,FAILED,1:0,2026-05-20T16:33:27,2026-05-20T16:33:27,2026-05-20T16:33:43,16,"cpu=16,gres/gpu:h100=3,gres/gpu=3,gres/tmp=1073741824,mem=160G,node=1",,jnultra01,,,20260520_1633_1pattern_aligned_sft,false,3
2629496.extern,extern,COMPLETED,0:0,2026-05-20T16:33:27,2026-05-20T16:33:27,2026-05-20T16:33:43,16,"billing=16,cpu=16,gres/gpu:h100=3,gres/gpu=3,gres/tmp=1073741824,mem=160G,node=1",,jnultra01,,,20260520_1633_1pattern_aligned_sft,false,3
2629497,sft-1pattern-aligned,OUT_OF_MEMORY,0:125,2026-05-20T16:34:48,2026-05-20T16:34:48,2026-05-20T19:52:11,11843,"billing=32,cpu=32,gres/gpu:h100=8,gres/gpu=8,gres/tmp=1073741824,mem=256G,node=1","billing=32,cpu=32,gres/gpu=8,gres/tmp=1073741824,mem=256G,node=1",jnultra01,h100,0,20260520_1634_1pattern_aligned_sft_h100x8,false,8
2629497.batch,batch,OUT_OF_MEMORY,0:125,2026-05-20T16:34:48,2026-05-20T16:34:48,2026-05-20T19:52:11,11843,"cpu=32,gres/gpu:h100=8,gres/gpu=8,gres/tmp=1073741824,mem=256G,node=1",,jnultra01,,,20260520_1634_1pattern_aligned_sft_h100x8,false,8
2629497.extern,extern,COMPLETED,0:0,2026-05-20T16:34:48,2026-05-20T16:34:48,2026-05-20T19:52:11,11843,"billing=32,cpu=32,gres/gpu:h100=8,gres/gpu=8,gres/tmp=1073741824,mem=256G,node=1",,jnultra01,,,20260520_1634_1pattern_aligned_sft_h100x8,false,8
2630128,sft-1pattern-aligned,FAILED,0:15,2026-05-20T19:59:23,2026-05-20T19:59:53,2026-05-20T20:07:56,483,"billing=32,cpu=32,gres/gpu:h100=8,gres/gpu=8,gres/tmp=1073741824,mem=256G,node=1","billing=32,cpu=32,gres/gpu=8,gres/tmp=1073741824,mem=256G,node=1",jnultra01,h100,0,20260520_1959_1pattern_aligned_sft_h100x8_fixdropout,false,8
2630128.batch,batch,CANCELLED,0:15,2026-05-20T19:59:53,2026-05-20T19:59:53,2026-05-20T20:07:56,483,"cpu=32,gres/gpu:h100=8,gres/gpu=8,gres/tmp=1073741824,mem=256G,node=1",,jnultra01,,,20260520_1959_1pattern_aligned_sft_h100x8_fixdropout,false,8
2630128.extern,extern,COMPLETED,0:0,2026-05-20T19:59:53,2026-05-20T19:59:53,2026-05-20T20:07:56,483,"billing=32,cpu=32,gres/gpu:h100=8,gres/gpu=8,gres/tmp=1073741824,mem=256G,node=1",,jnultra01,,,20260520_1959_1pattern_aligned_sft_h100x8_fixdropout,false,8
2630203,sft-1pattern-aligned,CANCELLED by 221940,0:0,2026-05-20T20:10:14,2026-05-20T20:10:44,2026-05-20T20:15:03,259,"billing=32,cpu=32,gres/gpu:h100=8,gres/gpu=8,gres/tmp=1073741824,mem=256G,node=1","billing=32,cpu=32,gres/gpu=8,gres/tmp=1073741824,mem=256G,node=1",jnultra01,h100,0,20260520_2010_1pattern_aligned_sft_h100x8_fixdropout_rebuiltdb,false,8
2630203.batch,batch,CANCELLED,0:15,2026-05-20T20:10:44,2026-05-20T20:10:44,2026-05-20T20:15:04,260,"cpu=32,gres/gpu:h100=8,gres/gpu=8,gres/tmp=1073741824,mem=256G,node=1",,jnultra01,,,20260520_2010_1pattern_aligned_sft_h100x8_fixdropout_rebuiltdb,false,8
2630203.extern,extern,COMPLETED,0:0,2026-05-20T20:10:44,2026-05-20T20:10:44,2026-05-20T20:15:05,261,"billing=32,cpu=32,gres/gpu:h100=8,gres/gpu=8,gres/tmp=1073741824,mem=256G,node=1",,jnultra01,,,20260520_2010_1pattern_aligned_sft_h100x8_fixdropout_rebuiltdb,false,8
2630206,sft-1pattern-aligned,FAILED,1:0,2026-05-20T20:15:03,2026-05-20T20:15:06,2026-05-20T20:15:17,11,"billing=32,cpu=32,gres/gpu:h100=8,gres/gpu=8,gres/tmp=1073741824,mem=256G,node=1","billing=32,cpu=32,gres/gpu=8,gres/tmp=1073741824,mem=256G,node=1",jnultra01,h100,0,20260520_2015_1pattern_aligned_sft_h100x8_fixdropout_rebuildinjob,false,8
2630206.batch,batch,FAILED,1:0,2026-05-20T20:15:06,2026-05-20T20:15:06,2026-05-20T20:15:17,11,"cpu=32,gres/gpu:h100=8,gres/gpu=8,gres/tmp=1073741824,mem=256G,node=1",,jnultra01,,,20260520_2015_1pattern_aligned_sft_h100x8_fixdropout_rebuildinjob,false,8
2630206.extern,extern,COMPLETED,0:0,2026-05-20T20:15:06,2026-05-20T20:15:06,2026-05-20T20:15:17,11,"billing=32,cpu=32,gres/gpu:h100=8,gres/gpu=8,gres/tmp=1073741824,mem=256G,node=1",,jnultra01,,,20260520_2015_1pattern_aligned_sft_h100x8_fixdropout_rebuildinjob,false,8
2630207,sft-1pattern-aligned,FAILED,1:0,2026-05-20T20:16:37,2026-05-20T20:17:07,2026-05-20T20:17:07,0,"billing=32,cpu=32,gres/gpu:h100=8,gres/gpu=8,gres/tmp=1073741824,mem=256G,node=1","billing=32,cpu=32,gres/gpu=8,gres/tmp=1073741824,mem=256G,node=1",jnultra01,h100,0,20260520_2016_1pattern_aligned_sft_h100x8_fixdropout_rebuild_ngptdb,false,8
2630207.batch,batch,FAILED,1:0,2026-05-20T20:17:07,2026-05-20T20:17:07,2026-05-20T20:17:07,0,"cpu=32,gres/gpu:h100=8,gres/gpu=8,gres/tmp=1073741824,mem=256G,node=1",,jnultra01,,,20260520_2016_1pattern_aligned_sft_h100x8_fixdropout_rebuild_ngptdb,false,8
2630207.extern,extern,COMPLETED,0:0,2026-05-20T20:17:07,2026-05-20T20:17:07,2026-05-20T20:17:08,1,"billing=32,cpu=32,gres/gpu:h100=8,gres/gpu=8,gres/tmp=1073741824,mem=256G,node=1",,jnultra01,,,20260520_2016_1pattern_aligned_sft_h100x8_fixdropout_rebuild_ngptdb,false,8
2630239,sft-1pattern-aligned,OUT_OF_MEMORY,0:125,2026-05-20T20:18:12,2026-05-20T20:18:16,2026-05-20T22:52:38,9262,"billing=32,cpu=32,gres/gpu:h100=8,gres/gpu=8,gres/tmp=1073741824,mem=256G,node=1","billing=32,cpu=32,gres/gpu=8,gres/tmp=1073741824,mem=256G,node=1",jnultra01,h100,0,20260520_2018_1pattern_aligned_sft_h100x8_fixdropout_rebuild_ngptdb2,false,8
2630239.batch,batch,OUT_OF_MEMORY,0:125,2026-05-20T20:18:16,2026-05-20T20:18:16,2026-05-20T22:52:38,9262,"cpu=32,gres/gpu:h100=8,gres/gpu=8,gres/tmp=1073741824,mem=256G,node=1",,jnultra01,,,20260520_2018_1pattern_aligned_sft_h100x8_fixdropout_rebuild_ngptdb2,false,8
2630239.extern,extern,COMPLETED,0:0,2026-05-20T20:18:16,2026-05-20T20:18:16,2026-05-20T22:52:38,9262,"billing=32,cpu=32,gres/gpu:h100=8,gres/gpu=8,gres/tmp=1073741824,mem=256G,node=1",,jnultra01,,,20260520_2018_1pattern_aligned_sft_h100x8_fixdropout_rebuild_ngptdb2,false,8
2630877,sft-1pattern-aligned,FAILED,0:15,2026-05-20T23:00:18,2026-05-20T23:00:48,2026-05-20T23:24:36,1428,"billing=32,cpu=32,gres/gpu:h100=8,gres/gpu=8,gres/tmp=1073741824,mem=256G,node=1","billing=32,cpu=32,gres/gpu=8,gres/tmp=1073741824,mem=256G,node=1",jnultra01,h100,0,20260520_2300_1pattern_aligned_sft_h100x8_no_feature_to_image_prompt,false,8
2630877.batch,batch,CANCELLED,0:15,2026-05-20T23:00:48,2026-05-20T23:00:48,2026-05-20T23:24:36,1428,"cpu=32,gres/gpu:h100=8,gres/gpu=8,gres/tmp=1073741824,mem=256G,node=1",,jnultra01,,,20260520_2300_1pattern_aligned_sft_h100x8_no_feature_to_image_prompt,false,8
2630877.extern,extern,COMPLETED,0:0,2026-05-20T23:00:48,2026-05-20T23:00:48,2026-05-20T23:24:36,1428,"billing=32,cpu=32,gres/gpu:h100=8,gres/gpu=8,gres/tmp=1073741824,mem=256G,node=1",,jnultra01,,,20260520_2300_1pattern_aligned_sft_h100x8_no_feature_to_image_prompt,false,8
2630960,sft-1pattern-aligned,COMPLETED,0:0,2026-05-20T23:24:35,2026-05-20T23:24:36,2026-05-21T11:24:59,43223,"billing=32,cpu=32,gres/gpu:h100=8,gres/gpu=8,gres/tmp=1073741824,mem=256G,node=1","billing=32,cpu=32,gres/gpu=8,gres/tmp=1073741824,mem=256G,node=1",jnultra01,h100,0,20260520_2324_1pattern_aligned_sft_h100x8_nofti_rebuilddb,false,8
2630960.batch,batch,COMPLETED,0:0,2026-05-20T23:24:36,2026-05-20T23:24:36,2026-05-21T11:24:59,43223,"cpu=32,gres/gpu:h100=8,gres/gpu=8,gres/tmp=1073741824,mem=256G,node=1",,jnultra01,,,20260520_2324_1pattern_aligned_sft_h100x8_nofti_rebuilddb,false,8
2630960.extern,extern,COMPLETED,0:0,2026-05-20T23:24:36,2026-05-20T23:24:36,2026-05-21T11:24:59,43223,"billing=32,cpu=32,gres/gpu:h100=8,gres/gpu=8,gres/tmp=1073741824,mem=256G,node=1",,jnultra01,,,20260520_2324_1pattern_aligned_sft_h100x8_nofti_rebuilddb,false,8
2631503,sft-plot-1pattern-current,COMPLETED,0:0,2026-05-21T08:55:41,2026-05-21T08:55:41,2026-05-21T08:55:43,2,"billing=2,cpu=2,gres/tmp=1073741824,mem=4G,node=1","billing=1,cpu=1,gres/tmp=1073741824,mem=2G,node=1",jn001,small_cpu,0,20260520_2324_1pattern_aligned_sft_h100x8_nofti_rebuilddb,false,
2631503.batch,batch,COMPLETED,0:0,2026-05-21T08:55:41,2026-05-21T08:55:41,2026-05-21T08:55:43,2,"cpu=2,gres/tmp=1073741824,mem=4G,node=1",,jn001,,,20260520_2324_1pattern_aligned_sft_h100x8_nofti_rebuilddb,false,
2631503.extern,extern,COMPLETED,0:0,2026-05-21T08:55:41,2026-05-21T08:55:41,2026-05-21T08:55:43,2,"billing=2,cpu=2,gres/tmp=1073741824,mem=4G,node=1",,jn001,,,20260520_2324_1pattern_aligned_sft_h100x8_nofti_rebuilddb,false,
2633169,sft-plot-1pattern-final,COMPLETED,0:0,2026-05-21T12:59:44,2026-05-21T12:59:44,2026-05-21T12:59:47,3,"billing=2,cpu=2,gres/tmp=1073741824,mem=4G,node=1","billing=1,cpu=1,gres/tmp=1073741824,mem=2G,node=1",jn001,small_cpu,0,20260520_2324_1pattern_aligned_sft_h100x8_nofti_rebuilddb,false,
2633169.batch,batch,COMPLETED,0:0,2026-05-21T12:59:44,2026-05-21T12:59:44,2026-05-21T12:59:47,3,"cpu=2,gres/tmp=1073741824,mem=4G,node=1",,jn001,,,20260520_2324_1pattern_aligned_sft_h100x8_nofti_rebuilddb,false,
2633169.extern,extern,COMPLETED,0:0,2026-05-21T12:59:44,2026-05-21T12:59:44,2026-05-21T12:59:47,3,"billing=2,cpu=2,gres/tmp=1073741824,mem=4G,node=1",,jn001,,,20260520_2324_1pattern_aligned_sft_h100x8_nofti_rebuilddb,false,
2633363,tunerl-1pattern_a7_aligned_stage2_rl_g4,FAILED,1:0,2026-05-21T15:58:40,2026-05-21T15:59:21,2026-05-21T19:53:35,14054,"billing=32,cpu=32,gres/gpu:h100=4,gres/gpu=4,gres/tmp=1073741824,mem=160G,node=1","billing=32,cpu=32,gres/gpu=4,gres/tmp=1073741824,mem=160G,node=1",jnultra01,h100,0,20260521_1558_1pattern_a7_aligned_stage2_rl_g4,false,4
2633363.batch,batch,FAILED,1:0,2026-05-21T15:59:21,2026-05-21T15:59:21,2026-05-21T19:53:35,14054,"cpu=32,gres/gpu:h100=4,gres/gpu=4,gres/tmp=1073741824,mem=160G,node=1",,jnultra01,,,20260521_1558_1pattern_a7_aligned_stage2_rl_g4,false,4
2633363.extern,extern,COMPLETED,0:0,2026-05-21T15:59:21,2026-05-21T15:59:21,2026-05-21T19:53:35,14054,"billing=32,cpu=32,gres/gpu:h100=4,gres/gpu=4,gres/tmp=1073741824,mem=160G,node=1",,jnultra01,,,20260521_1558_1pattern_a7_aligned_stage2_rl_g4,false,4
2633695,tunerl-1pattern_a7_aligned_stage2_rl_g4,FAILED,1:0,2026-05-21T20:48:26,2026-05-21T20:48:26,2026-05-21T20:48:52,26,"billing=32,cpu=32,gres/gpu:h100=4,gres/gpu=4,gres/tmp=1073741824,mem=160G,node=1","billing=32,cpu=32,gres/gpu=4,gres/tmp=1073741824,mem=160G,node=1",jnultra01,h100,0,20260521_1558_1pattern_a7_aligned_stage2_rl_g4,false,4
2633695.batch,batch,FAILED,1:0,2026-05-21T20:48:26,2026-05-21T20:48:26,2026-05-21T20:48:52,26,"cpu=32,gres/gpu:h100=4,gres/gpu=4,gres/tmp=1073741824,mem=160G,node=1",,jnultra01,,,20260521_1558_1pattern_a7_aligned_stage2_rl_g4,false,4
2633695.extern,extern,COMPLETED,0:0,2026-05-21T20:48:26,2026-05-21T20:48:26,2026-05-21T20:48:52,26,"billing=32,cpu=32,gres/gpu:h100=4,gres/gpu=4,gres/tmp=1073741824,mem=160G,node=1",,jnultra01,,,20260521_1558_1pattern_a7_aligned_stage2_rl_g4,false,4
2633698,tunerl-1pattern_a7_aligned_stage2_rl_g4,FAILED,1:0,2026-05-21T20:49:43,2026-05-21T20:49:43,2026-05-22T14:42:24,64361,"billing=32,cpu=32,gres/gpu:h100=4,gres/gpu=4,gres/tmp=1073741824,mem=160G,node=1","billing=32,cpu=32,gres/gpu=4,gres/tmp=1073741824,mem=160G,node=1",jnultra01,h100,0,20260521_1558_1pattern_a7_aligned_stage2_rl_g4,false,4
2633698.batch,batch,FAILED,1:0,2026-05-21T20:49:43,2026-05-21T20:49:43,2026-05-22T14:42:24,64361,"cpu=32,gres/gpu:h100=4,gres/gpu=4,gres/tmp=1073741824,mem=160G,node=1",,jnultra01,,,20260521_1558_1pattern_a7_aligned_stage2_rl_g4,false,4
2633698.extern,extern,COMPLETED,0:0,2026-05-21T20:49:43,2026-05-21T20:49:43,2026-05-22T14:42:24,64361,"billing=32,cpu=32,gres/gpu:h100=4,gres/gpu=4,gres/tmp=1073741824,mem=160G,node=1",,jnultra01,,,20260521_1558_1pattern_a7_aligned_stage2_rl_g4,false,4
2636168,tunerl-1pattern_a7_stage2_rl_compactness_ckpt95,FAILED,1:0,2026-05-22T14:49:20,2026-05-22T14:49:20,2026-05-22T16:31:10,6110,"billing=32,cpu=32,gres/gpu:h100=4,gres/gpu=4,gres/tmp=1073741824,mem=160G,node=1","billing=32,cpu=32,gres/gpu=4,gres/tmp=1073741824,mem=160G,node=1",jnultra01,h100,0,20260522_1448_1pattern_a7_stage2_rl_compactness_ckpt95,false,4
2636168.batch,batch,FAILED,1:0,2026-05-22T14:49:20,2026-05-22T14:49:20,2026-05-22T16:31:10,6110,"cpu=32,gres/gpu:h100=4,gres/gpu=4,gres/tmp=1073741824,mem=160G,node=1",,jnultra01,,,20260522_1448_1pattern_a7_stage2_rl_compactness_ckpt95,false,4
2636168.extern,extern,COMPLETED,0:0,2026-05-22T14:49:20,2026-05-22T14:49:20,2026-05-22T16:31:10,6110,"billing=32,cpu=32,gres/gpu:h100=4,gres/gpu=4,gres/tmp=1073741824,mem=160G,node=1",,jnultra01,,,20260522_1448_1pattern_a7_stage2_rl_compactness_ckpt95,false,4
2647130,struct1-v2-sft-data,FAILED,1:0,2026-05-27T13:23:30,2026-05-27T13:23:30,2026-05-27T13:44:30,1260,"billing=32,cpu=32,gres/gpu:h100=4,gres/gpu=4,gres/tmp=1073741824,mem=160G,node=1","billing=32,cpu=32,gres/gpu=4,gres/tmp=1073741824,mem=160G,node=1",jnultra02,h100,0,20260527_1323_struct1_v2_sftcycle_h100x4_data,false,4
2647130.batch,batch,FAILED,1:0,2026-05-27T13:23:30,2026-05-27T13:23:30,2026-05-27T13:44:30,1260,"cpu=32,gres/gpu:h100=4,gres/gpu=4,gres/tmp=1073741824,mem=160G,node=1",,jnultra02,,,20260527_1323_struct1_v2_sftcycle_h100x4_data,false,4
2647130.extern,extern,COMPLETED,0:0,2026-05-27T13:23:30,2026-05-27T13:23:30,2026-05-27T13:44:30,1260,"billing=32,cpu=32,gres/gpu:h100=4,gres/gpu=4,gres/tmp=1073741824,mem=160G,node=1",,jnultra02,,,20260527_1323_struct1_v2_sftcycle_h100x4_data,false,4
2647132,a3-dd52-ckpt130-full,CANCELLED by 221940,0:0,2026-05-27T13:26:12,2026-05-27T13:26:12,2026-05-27T14:29:12,3780,"billing=16,cpu=16,gres/gpu:h100=4,gres/gpu=4,gres/tmp=1073741824,mem=80G,node=1","billing=16,cpu=16,gres/gpu=4,gres/tmp=1073741824,mem=80G,node=1",jnultra02,h100,0,20260527_a3_dd52_ckpt130_eval1_s300_full,false,4
2647132.batch,batch,CANCELLED,0:15,2026-05-27T13:26:12,2026-05-27T13:26:12,2026-05-27T14:29:13,3781,"cpu=16,gres/gpu:h100=4,gres/gpu=4,gres/tmp=1073741824,mem=80G,node=1",,jnultra02,,,20260527_a3_dd52_ckpt130_eval1_s300_full,false,4
2647132.extern,extern,COMPLETED,0:0,2026-05-27T13:26:12,2026-05-27T13:26:12,2026-05-27T14:29:13,3781,"billing=16,cpu=16,gres/gpu:h100=4,gres/gpu=4,gres/tmp=1073741824,mem=80G,node=1",,jnultra02,,,20260527_a3_dd52_ckpt130_eval1_s300_full,false,4
2647220,a3-dd52-ckpt130-full,CANCELLED by 221940,0:0,2026-05-27T14:29:18,2026-05-27T14:29:19,2026-05-27T15:30:05,3646,"billing=16,cpu=16,gres/gpu:h100=4,gres/gpu=4,gres/tmp=1073741824,mem=80G,node=1","billing=16,cpu=16,gres/gpu=4,gres/tmp=1073741824,mem=80G,node=1",jnultra02,h100,0,20260527_a3_dd52_ckpt130_eval1_s300_full,false,4
2647220.batch,batch,FAILED,1:0,2026-05-27T14:29:19,2026-05-27T14:29:19,2026-05-27T15:30:12,3653,"cpu=16,gres/gpu:h100=4,gres/gpu=4,gres/tmp=1073741824,mem=80G,node=1",,jnultra02,,,20260527_a3_dd52_ckpt130_eval1_s300_full,false,4
2647220.extern,extern,COMPLETED,0:0,2026-05-27T14:29:19,2026-05-27T14:29:19,2026-05-27T15:30:12,3653,"billing=16,cpu=16,gres/gpu:h100=4,gres/gpu=4,gres/tmp=1073741824,mem=80G,node=1",,jnultra02,,,20260527_a3_dd52_ckpt130_eval1_s300_full,false,4
2647276,a3-dd52-ckpt130-full,FAILED,1:0,2026-05-27T15:31:53,2026-05-27T15:31:55,2026-05-27T15:31:56,1,"billing=16,cpu=16,gres/gpu:h100=4,gres/gpu=4,gres/tmp=1073741824,mem=80G,node=1","billing=16,cpu=16,gres/gpu=4,gres/tmp=1073741824,mem=80G,node=1",jnultra02,h100,0,20260527_a3_dd52_ckpt130_eval1_s300_full,false,4
2647276.batch,batch,FAILED,1:0,2026-05-27T15:31:55,2026-05-27T15:31:55,2026-05-27T15:31:56,1,"cpu=16,gres/gpu:h100=4,gres/gpu=4,gres/tmp=1073741824,mem=80G,node=1",,jnultra02,,,20260527_a3_dd52_ckpt130_eval1_s300_full,false,4
2647276.extern,extern,COMPLETED,0:0,2026-05-27T15:31:55,2026-05-27T15:31:55,2026-05-27T15:31:56,1,"billing=16,cpu=16,gres/gpu:h100=4,gres/gpu=4,gres/tmp=1073741824,mem=80G,node=1",,jnultra02,,,20260527_a3_dd52_ckpt130_eval1_s300_full,false,4
2647278,a3-dd52-ckpt130-full,COMPLETED,0:0,2026-05-27T15:32:51,2026-05-27T15:32:51,2026-05-27T21:26:17,21206,"billing=16,cpu=16,gres/gpu:h100=4,gres/gpu=4,gres/tmp=1073741824,mem=80G,node=1","billing=16,cpu=16,gres/gpu=4,gres/tmp=1073741824,mem=80G,node=1",jnultra02,h100,0,20260527_a3_dd52_ckpt130_eval1_s300_full,false,4
2647278.batch,batch,COMPLETED,0:0,2026-05-27T15:32:51,2026-05-27T15:32:51,2026-05-27T21:26:17,21206,"cpu=16,gres/gpu:h100=4,gres/gpu=4,gres/tmp=1073741824,mem=80G,node=1",,jnultra02,,,20260527_a3_dd52_ckpt130_eval1_s300_full,false,4
2647278.extern,extern,COMPLETED,0:0,2026-05-27T15:32:51,2026-05-27T15:32:51,2026-05-27T21:26:17,21206,"billing=16,cpu=16,gres/gpu:h100=4,gres/gpu=4,gres/tmp=1073741824,mem=80G,node=1",,jnultra02,,,20260527_a3_dd52_ckpt130_eval1_s300_full,false,4
2662118,rl-c10-dscoder-a9,FAILED,1:0,2026-06-02T15:00:37,2026-06-02T15:00:37,2026-06-02T15:01:05,28,"billing=32,cpu=32,gres/gpu:h100=4,gres/gpu=4,gres/tmp=1073741824,mem=160G,node=1","billing=32,cpu=32,gres/gpu=4,gres/tmp=1073741824,mem=160G,node=1",jnultra02,h100,0,20260602_1pattern_rl_cifar10_dscoder_a9_s1000_h100g4,false,4
2662118.batch,batch,FAILED,1:0,2026-06-02T15:00:37,2026-06-02T15:00:37,2026-06-02T15:01:05,28,"cpu=32,gres/gpu:h100=4,gres/gpu=4,gres/tmp=1073741824,mem=160G,node=1",,jnultra02,,,20260602_1pattern_rl_cifar10_dscoder_a9_s1000_h100g4,false,4
2662118.extern,extern,COMPLETED,0:0,2026-06-02T15:00:37,2026-06-02T15:00:37,2026-06-02T15:01:05,28,"billing=32,cpu=32,gres/gpu:h100=4,gres/gpu=4,gres/tmp=1073741824,mem=160G,node=1",,jnultra02,,,20260602_1pattern_rl_cifar10_dscoder_a9_s1000_h100g4,false,4
2662120,rl-c10-mistral-a5,FAILED,1:0,2026-06-02T15:00:38,2026-06-02T15:00:40,2026-06-02T15:01:07,27,"billing=32,cpu=32,gres/gpu:h100=4,gres/gpu=4,gres/tmp=1073741824,mem=160G,node=1","billing=32,cpu=32,gres/gpu=4,gres/tmp=1073741824,mem=160G,node=1",jnultra02,h100,0,20260602_1pattern_rl_cifar10_mistral_a5_s1000_h100g4,false,4
2662120.batch,batch,FAILED,1:0,2026-06-02T15:00:40,2026-06-02T15:00:40,2026-06-02T15:01:07,27,"cpu=32,gres/gpu:h100=4,gres/gpu=4,gres/tmp=1073741824,mem=160G,node=1",,jnultra02,,,20260602_1pattern_rl_cifar10_mistral_a5_s1000_h100g4,false,4
2662120.extern,extern,COMPLETED,0:0,2026-06-02T15:00:40,2026-06-02T15:00:40,2026-06-02T15:01:07,27,"billing=32,cpu=32,gres/gpu:h100=4,gres/gpu=4,gres/tmp=1073741824,mem=160G,node=1",,jnultra02,,,20260602_1pattern_rl_cifar10_mistral_a5_s1000_h100g4,false,4
2662122,rl-c10-qwen-a7,FAILED,1:0,2026-06-02T15:00:38,2026-06-02T15:01:05,2026-06-02T15:01:22,17,"billing=32,cpu=32,gres/gpu:h100=4,gres/gpu=4,gres/tmp=1073741824,mem=160G,node=1","billing=32,cpu=32,gres/gpu=4,gres/tmp=1073741824,mem=160G,node=1",jnultra02,h100,0,20260602_1pattern_rl_cifar10_qwen_a7_s1000_h100g4,false,4
2662122.batch,batch,FAILED,1:0,2026-06-02T15:01:05,2026-06-02T15:01:05,2026-06-02T15:01:22,17,"cpu=32,gres/gpu:h100=4,gres/gpu=4,gres/tmp=1073741824,mem=160G,node=1",,jnultra02,,,20260602_1pattern_rl_cifar10_qwen_a7_s1000_h100g4,false,4
2662122.extern,extern,COMPLETED,0:0,2026-06-02T15:01:05,2026-06-02T15:01:05,2026-06-02T15:01:22,17,"billing=32,cpu=32,gres/gpu:h100=4,gres/gpu=4,gres/tmp=1073741824,mem=160G,node=1",,jnultra02,,,20260602_1pattern_rl_cifar10_qwen_a7_s1000_h100g4,false,4
2662131,rl-c10-dscoder-a9-r2,COMPLETED,0:0,2026-06-02T15:06:39,2026-06-02T15:06:39,2026-06-02T22:18:56,25937,"billing=32,cpu=32,gres/gpu:h100=4,gres/gpu=4,gres/tmp=1073741824,mem=160G,node=1","billing=32,cpu=32,gres/gpu=4,gres/tmp=1073741824,mem=160G,node=1",jnultra02,h100,0,20260602_1pattern_rl_cifar10_dscoder_a9_s1000_retrydb_h100g4,false,4
2662131.batch,batch,COMPLETED,0:0,2026-06-02T15:06:39,2026-06-02T15:06:39,2026-06-02T22:18:56,25937,"cpu=32,gres/gpu:h100=4,gres/gpu=4,gres/tmp=1073741824,mem=160G,node=1",,jnultra02,,,20260602_1pattern_rl_cifar10_dscoder_a9_s1000_retrydb_h100g4,false,4
2662131.extern,extern,COMPLETED,0:0,2026-06-02T15:06:39,2026-06-02T15:06:39,2026-06-02T22:18:56,25937,"billing=32,cpu=32,gres/gpu:h100=4,gres/gpu=4,gres/tmp=1073741824,mem=160G,node=1",,jnultra02,,,20260602_1pattern_rl_cifar10_dscoder_a9_s1000_retrydb_h100g4,false,4
2662133,rl-c10-mistral-a5-r2,COMPLETED,0:0,2026-06-02T15:06:40,2026-06-02T15:06:42,2026-06-03T00:13:43,32821,"billing=32,cpu=32,gres/gpu:h100=4,gres/gpu=4,gres/tmp=1073741824,mem=160G,node=1","billing=32,cpu=32,gres/gpu=4,gres/tmp=1073741824,mem=160G,node=1",jnultra02,h100,0,20260602_1pattern_rl_cifar10_mistral_a5_s1000_retrydb_h100g4,false,4
2662133.batch,batch,COMPLETED,0:0,2026-06-02T15:06:42,2026-06-02T15:06:42,2026-06-03T00:13:43,32821,"cpu=32,gres/gpu:h100=4,gres/gpu=4,gres/tmp=1073741824,mem=160G,node=1",,jnultra02,,,20260602_1pattern_rl_cifar10_mistral_a5_s1000_retrydb_h100g4,false,4
2662133.extern,extern,COMPLETED,0:0,2026-06-02T15:06:42,2026-06-02T15:06:42,2026-06-03T00:13:43,32821,"billing=32,cpu=32,gres/gpu:h100=4,gres/gpu=4,gres/tmp=1073741824,mem=160G,node=1",,jnultra02,,,20260602_1pattern_rl_cifar10_mistral_a5_s1000_retrydb_h100g4,false,4
2662139,rl-c10-qwen-a7-l40s,COMPLETED,0:0,2026-06-02T15:08:01,2026-06-02T15:08:01,2026-06-02T22:34:47,26806,"billing=32,cpu=32,gres/gpu:l40s=4,gres/gpu=4,gres/tmp=1073741824,mem=160G,node=1","billing=32,cpu=32,gres/gpu=4,gres/tmp=1073741824,mem=160G,node=1",jnfat04,gpu_computervision_long,0,20260602_1pattern_rl_cifar10_qwen_a7_s1000_retrydb_l40s4,false,4
2662139.batch,batch,COMPLETED,0:0,2026-06-02T15:08:01,2026-06-02T15:08:01,2026-06-02T22:34:47,26806,"cpu=32,gres/gpu:l40s=4,gres/gpu=4,gres/tmp=1073741824,mem=160G,node=1",,jnfat04,,,20260602_1pattern_rl_cifar10_qwen_a7_s1000_retrydb_l40s4,false,4
2662139.extern,extern,COMPLETED,0:0,2026-06-02T15:08:01,2026-06-02T15:08:01,2026-06-02T22:34:47,26806,"billing=32,cpu=32,gres/gpu:l40s=4,gres/gpu=4,gres/tmp=1073741824,mem=160G,node=1",,jnfat04,,,20260602_1pattern_rl_cifar10_qwen_a7_s1000_retrydb_l40s4,false,4
2662345,rl-c100-dscoder-a9-l40s,FAILED,1:0,2026-06-02T17:10:39,2026-06-02T17:10:40,2026-06-02T22:15:03,18263,"billing=32,cpu=32,gres/gpu:l40s=4,gres/gpu=4,gres/tmp=1073741824,mem=160G,node=1","billing=32,cpu=32,gres/gpu=4,gres/tmp=1073741824,mem=160G,node=1",jnfat04,gpu_computervision_long,0,20260602_1pattern_rl_cifar100_dscoder_a9_s1000_l40s4,false,4
2662345.batch,batch,FAILED,1:0,2026-06-02T17:10:40,2026-06-02T17:10:40,2026-06-02T22:15:03,18263,"cpu=32,gres/gpu:l40s=4,gres/gpu=4,gres/tmp=1073741824,mem=160G,node=1",,jnfat04,,,20260602_1pattern_rl_cifar100_dscoder_a9_s1000_l40s4,false,4
2662345.extern,extern,COMPLETED,0:0,2026-06-02T17:10:40,2026-06-02T17:10:40,2026-06-02T22:15:03,18263,"billing=32,cpu=32,gres/gpu:l40s=4,gres/gpu=4,gres/tmp=1073741824,mem=160G,node=1",,jnfat04,,,20260602_1pattern_rl_cifar100_dscoder_a9_s1000_l40s4,false,4
2662520,rl-c100-mistral-a5-l40s,FAILED,1:0,2026-06-02T19:55:02,2026-06-02T19:55:02,2026-06-02T22:15:09,8407,"billing=32,cpu=32,gres/gpu:l40s=4,gres/gpu=4,gres/tmp=1073741824,mem=160G,node=1","billing=32,cpu=32,gres/gpu=4,gres/tmp=1073741824,mem=160G,node=1",jnfat06,gpu_computervision_long,0,20260602_1pattern_rl_cifar100_mistral_a5_s1000_l40s4,false,4
2662520.batch,batch,FAILED,1:0,2026-06-02T19:55:02,2026-06-02T19:55:02,2026-06-02T22:15:09,8407,"cpu=32,gres/gpu:l40s=4,gres/gpu=4,gres/tmp=1073741824,mem=160G,node=1",,jnfat06,,,20260602_1pattern_rl_cifar100_mistral_a5_s1000_l40s4,false,4
2662520.extern,extern,COMPLETED,0:0,2026-06-02T19:55:02,2026-06-02T19:55:02,2026-06-02T22:15:10,8408,"billing=32,cpu=32,gres/gpu:l40s=4,gres/gpu=4,gres/tmp=1073741824,mem=160G,node=1",,jnfat06,,,20260602_1pattern_rl_cifar100_mistral_a5_s1000_l40s4,false,4
2662522,rl-c100-qwen-a7-l40s,FAILED,1:0,2026-06-02T19:55:02,2026-06-02T19:55:03,2026-06-02T22:15:07,8404,"billing=32,cpu=32,gres/gpu:l40s=4,gres/gpu=4,gres/tmp=1073741824,mem=160G,node=1","billing=32,cpu=32,gres/gpu=4,gres/tmp=1073741824,mem=160G,node=1",jnfat06,gpu_computervision_long,0,20260602_1pattern_rl_cifar100_qwen_a7_s1000_l40s4,false,4
2662522.batch,batch,FAILED,1:0,2026-06-02T19:55:03,2026-06-02T19:55:03,2026-06-02T22:15:07,8404,"cpu=32,gres/gpu:l40s=4,gres/gpu=4,gres/tmp=1073741824,mem=160G,node=1",,jnfat06,,,20260602_1pattern_rl_cifar100_qwen_a7_s1000_l40s4,false,4
2662522.extern,extern,COMPLETED,0:0,2026-06-02T19:55:03,2026-06-02T19:55:03,2026-06-02T22:15:07,8404,"billing=32,cpu=32,gres/gpu:l40s=4,gres/gpu=4,gres/tmp=1073741824,mem=160G,node=1",,jnfat06,,,20260602_1pattern_rl_cifar100_qwen_a7_s1000_l40s4,false,4
2662524,rl-imgnet-dscoder-a9-l40s,FAILED,1:0,2026-06-02T19:55:02,2026-06-02T19:55:03,2026-06-02T22:15:07,8404,"billing=32,cpu=32,gres/gpu:l40s=4,gres/gpu=4,gres/tmp=1073741824,mem=160G,node=1","billing=32,cpu=32,gres/gpu=4,gres/tmp=1073741824,mem=160G,node=1",jnfat07,gpu_computervision_long,0,20260602_1pattern_rl_imagenette_dscoder_a9_s1000_l40s4,false,4
2662524.batch,batch,FAILED,1:0,2026-06-02T19:55:03,2026-06-02T19:55:03,2026-06-02T22:15:07,8404,"cpu=32,gres/gpu:l40s=4,gres/gpu=4,gres/tmp=1073741824,mem=160G,node=1",,jnfat07,,,20260602_1pattern_rl_imagenette_dscoder_a9_s1000_l40s4,false,4
2662524.extern,extern,COMPLETED,0:0,2026-06-02T19:55:03,2026-06-02T19:55:03,2026-06-02T22:15:07,8404,"billing=32,cpu=32,gres/gpu:l40s=4,gres/gpu=4,gres/tmp=1073741824,mem=160G,node=1",,jnfat07,,,20260602_1pattern_rl_imagenette_dscoder_a9_s1000_l40s4,false,4
2662526,rl-imgnet-mistral-a5-l40s,FAILED,1:0,2026-06-02T19:55:02,2026-06-02T19:55:03,2026-06-02T22:15:05,8402,"billing=32,cpu=32,gres/gpu:l40s=4,gres/gpu=4,gres/tmp=1073741824,mem=160G,node=1","billing=32,cpu=32,gres/gpu=4,gres/tmp=1073741824,mem=160G,node=1",jnfat07,gpu_computervision_long,0,20260602_1pattern_rl_imagenette_mistral_a5_s1000_l40s4,false,4
2662526.batch,batch,FAILED,1:0,2026-06-02T19:55:03,2026-06-02T19:55:03,2026-06-02T22:15:05,8402,"cpu=32,gres/gpu:l40s=4,gres/gpu=4,gres/tmp=1073741824,mem=160G,node=1",,jnfat07,,,20260602_1pattern_rl_imagenette_mistral_a5_s1000_l40s4,false,4
2662526.extern,extern,COMPLETED,0:0,2026-06-02T19:55:03,2026-06-02T19:55:03,2026-06-02T22:15:05,8402,"billing=32,cpu=32,gres/gpu:l40s=4,gres/gpu=4,gres/tmp=1073741824,mem=160G,node=1",,jnfat07,,,20260602_1pattern_rl_imagenette_mistral_a5_s1000_l40s4,false,4
2662620,rl-c100-dscoder-a9-l40s-w1,FAILED,1:0,2026-06-02T22:15:52,2026-06-02T22:15:52,2026-06-02T22:16:02,10,"billing=32,cpu=32,gres/gpu:l40s=4,gres/gpu=4,gres/tmp=1073741824,mem=160G,node=1","billing=32,cpu=32,gres/gpu=4,gres/tmp=1073741824,mem=160G,node=1",jnfat04,gpu_computervision_long,0,20260602_1pattern_rl_cifar100_dscoder_a9_s1000_l40s4,false,4
2662620.batch,batch,FAILED,1:0,2026-06-02T22:15:52,2026-06-02T22:15:52,2026-06-02T22:16:02,10,"cpu=32,gres/gpu:l40s=4,gres/gpu=4,gres/tmp=1073741824,mem=160G,node=1",,jnfat04,,,20260602_1pattern_rl_cifar100_dscoder_a9_s1000_l40s4,false,4
2662620.extern,extern,COMPLETED,0:0,2026-06-02T22:15:52,2026-06-02T22:15:52,2026-06-02T22:16:02,10,"billing=32,cpu=32,gres/gpu:l40s=4,gres/gpu=4,gres/tmp=1073741824,mem=160G,node=1",,jnfat04,,,20260602_1pattern_rl_cifar100_dscoder_a9_s1000_l40s4,false,4
2662622,rl-c100-mistral-a5-l40s-w1,FAILED,1:0,2026-06-02T22:15:52,2026-06-02T22:15:52,2026-06-02T22:16:01,9,"billing=32,cpu=32,gres/gpu:l40s=4,gres/gpu=4,gres/tmp=1073741824,mem=160G,node=1","billing=32,cpu=32,gres/gpu=4,gres/tmp=1073741824,mem=160G,node=1",jnfat06,gpu_computervision_long,0,20260602_1pattern_rl_cifar100_mistral_a5_s1000_l40s4,false,4
2662622.batch,batch,FAILED,1:0,2026-06-02T22:15:52,2026-06-02T22:15:52,2026-06-02T22:16:01,9,"cpu=32,gres/gpu:l40s=4,gres/gpu=4,gres/tmp=1073741824,mem=160G,node=1",,jnfat06,,,20260602_1pattern_rl_cifar100_mistral_a5_s1000_l40s4,false,4
2662622.extern,extern,COMPLETED,0:0,2026-06-02T22:15:52,2026-06-02T22:15:52,2026-06-02T22:16:01,9,"billing=32,cpu=32,gres/gpu:l40s=4,gres/gpu=4,gres/tmp=1073741824,mem=160G,node=1",,jnfat06,,,20260602_1pattern_rl_cifar100_mistral_a5_s1000_l40s4,false,4
2662624,rl-c100-qwen-a7-l40s-w1,FAILED,1:0,2026-06-02T22:15:52,2026-06-02T22:15:52,2026-06-02T22:16:01,9,"billing=32,cpu=32,gres/gpu:l40s=4,gres/gpu=4,gres/tmp=1073741824,mem=160G,node=1","billing=32,cpu=32,gres/gpu=4,gres/tmp=1073741824,mem=160G,node=1",jnfat06,gpu_computervision_long,0,20260602_1pattern_rl_cifar100_qwen_a7_s1000_l40s4,false,4
2662624.batch,batch,FAILED,1:0,2026-06-02T22:15:52,2026-06-02T22:15:52,2026-06-02T22:16:01,9,"cpu=32,gres/gpu:l40s=4,gres/gpu=4,gres/tmp=1073741824,mem=160G,node=1",,jnfat06,,,20260602_1pattern_rl_cifar100_qwen_a7_s1000_l40s4,false,4
2662624.extern,extern,COMPLETED,0:0,2026-06-02T22:15:52,2026-06-02T22:15:52,2026-06-02T22:16:01,9,"billing=32,cpu=32,gres/gpu:l40s=4,gres/gpu=4,gres/tmp=1073741824,mem=160G,node=1",,jnfat06,,,20260602_1pattern_rl_cifar100_qwen_a7_s1000_l40s4,false,4
2662626,rl-imgnet-dscoder-a9-l40s-w1,FAILED,1:0,2026-06-02T22:15:52,2026-06-02T22:15:52,2026-06-02T22:16:02,10,"billing=32,cpu=32,gres/gpu:l40s=4,gres/gpu=4,gres/tmp=1073741824,mem=160G,node=1","billing=32,cpu=32,gres/gpu=4,gres/tmp=1073741824,mem=160G,node=1",jnfat07,gpu_computervision_long,0,20260602_1pattern_rl_imagenette_dscoder_a9_s1000_l40s4,false,4
2662626.batch,batch,FAILED,1:0,2026-06-02T22:15:52,2026-06-02T22:15:52,2026-06-02T22:16:02,10,"cpu=32,gres/gpu:l40s=4,gres/gpu=4,gres/tmp=1073741824,mem=160G,node=1",,jnfat07,,,20260602_1pattern_rl_imagenette_dscoder_a9_s1000_l40s4,false,4
2662626.extern,extern,COMPLETED,0:0,2026-06-02T22:15:52,2026-06-02T22:15:52,2026-06-02T22:16:02,10,"billing=32,cpu=32,gres/gpu:l40s=4,gres/gpu=4,gres/tmp=1073741824,mem=160G,node=1",,jnfat07,,,20260602_1pattern_rl_imagenette_dscoder_a9_s1000_l40s4,false,4
2662628,rl-imgnet-mistral-a5-l40s-w1,FAILED,1:0,2026-06-02T22:15:52,2026-06-02T22:15:52,2026-06-02T22:16:01,9,"billing=32,cpu=32,gres/gpu:l40s=4,gres/gpu=4,gres/tmp=1073741824,mem=160G,node=1","billing=32,cpu=32,gres/gpu=4,gres/tmp=1073741824,mem=160G,node=1",jnfat07,gpu_computervision_long,0,20260602_1pattern_rl_imagenette_mistral_a5_s1000_l40s4,false,4
2662628.batch,batch,FAILED,1:0,2026-06-02T22:15:52,2026-06-02T22:15:52,2026-06-02T22:16:01,9,"cpu=32,gres/gpu:l40s=4,gres/gpu=4,gres/tmp=1073741824,mem=160G,node=1",,jnfat07,,,20260602_1pattern_rl_imagenette_mistral_a5_s1000_l40s4,false,4
2662628.extern,extern,COMPLETED,0:0,2026-06-02T22:15:52,2026-06-02T22:15:52,2026-06-02T22:16:01,9,"billing=32,cpu=32,gres/gpu:l40s=4,gres/gpu=4,gres/tmp=1073741824,mem=160G,node=1",,jnfat07,,,20260602_1pattern_rl_imagenette_mistral_a5_s1000_l40s4,false,4
2662633,rl-c100-dscoder-a9-l40s-w1r2,FAILED,1:0,2026-06-02T22:17:23,2026-06-02T22:17:23,2026-06-02T22:17:40,17,"billing=32,cpu=32,gres/gpu:l40s=4,gres/gpu=4,gres/tmp=1073741824,mem=160G,node=1","billing=32,cpu=32,gres/gpu=4,gres/tmp=1073741824,mem=160G,node=1",jnfat04,gpu_computervision_long,0,20260602_1pattern_rl_cifar100_dscoder_a9_s1000_l40s4,false,4
2662633.batch,batch,FAILED,1:0,2026-06-02T22:17:23,2026-06-02T22:17:23,2026-06-02T22:17:40,17,"cpu=32,gres/gpu:l40s=4,gres/gpu=4,gres/tmp=1073741824,mem=160G,node=1",,jnfat04,,,20260602_1pattern_rl_cifar100_dscoder_a9_s1000_l40s4,false,4
2662633.extern,extern,COMPLETED,0:0,2026-06-02T22:17:23,2026-06-02T22:17:23,2026-06-02T22:17:40,17,"billing=32,cpu=32,gres/gpu:l40s=4,gres/gpu=4,gres/tmp=1073741824,mem=160G,node=1",,jnfat04,,,20260602_1pattern_rl_cifar100_dscoder_a9_s1000_l40s4,false,4
2662635,rl-c100-mistral-a5-l40s-w1r2,FAILED,1:0,2026-06-02T22:17:23,2026-06-02T22:17:23,2026-06-02T22:17:40,17,"billing=32,cpu=32,gres/gpu:l40s=4,gres/gpu=4,gres/tmp=1073741824,mem=160G,node=1","billing=32,cpu=32,gres/gpu=4,gres/tmp=1073741824,mem=160G,node=1",jnfat06,gpu_computervision_long,0,20260602_1pattern_rl_cifar100_mistral_a5_s1000_l40s4,false,4
2662635.batch,batch,FAILED,1:0,2026-06-02T22:17:23,2026-06-02T22:17:23,2026-06-02T22:17:40,17,"cpu=32,gres/gpu:l40s=4,gres/gpu=4,gres/tmp=1073741824,mem=160G,node=1",,jnfat06,,,20260602_1pattern_rl_cifar100_mistral_a5_s1000_l40s4,false,4
2662635.extern,extern,COMPLETED,0:0,2026-06-02T22:17:23,2026-06-02T22:17:23,2026-06-02T22:17:41,18,"billing=32,cpu=32,gres/gpu:l40s=4,gres/gpu=4,gres/tmp=1073741824,mem=160G,node=1",,jnfat06,,,20260602_1pattern_rl_cifar100_mistral_a5_s1000_l40s4,false,4
2662637,rl-c100-qwen-a7-l40s-w1r2,FAILED,1:0,2026-06-02T22:17:23,2026-06-02T22:17:23,2026-06-02T22:17:39,16,"billing=32,cpu=32,gres/gpu:l40s=4,gres/gpu=4,gres/tmp=1073741824,mem=160G,node=1","billing=32,cpu=32,gres/gpu=4,gres/tmp=1073741824,mem=160G,node=1",jnfat06,gpu_computervision_long,0,20260602_1pattern_rl_cifar100_qwen_a7_s1000_l40s4,false,4
2662637.batch,batch,FAILED,1:0,2026-06-02T22:17:23,2026-06-02T22:17:23,2026-06-02T22:17:39,16,"cpu=32,gres/gpu:l40s=4,gres/gpu=4,gres/tmp=1073741824,mem=160G,node=1",,jnfat06,,,20260602_1pattern_rl_cifar100_qwen_a7_s1000_l40s4,false,4
2662637.extern,extern,COMPLETED,0:0,2026-06-02T22:17:23,2026-06-02T22:17:23,2026-06-02T22:17:39,16,"billing=32,cpu=32,gres/gpu:l40s=4,gres/gpu=4,gres/tmp=1073741824,mem=160G,node=1",,jnfat06,,,20260602_1pattern_rl_cifar100_qwen_a7_s1000_l40s4,false,4
2662639,rl-imgnet-dscoder-a9-l40s-w1r2,FAILED,1:0,2026-06-02T22:17:24,2026-06-02T22:17:26,2026-06-02T22:17:42,16,"billing=32,cpu=32,gres/gpu:l40s=4,gres/gpu=4,gres/tmp=1073741824,mem=160G,node=1","billing=32,cpu=32,gres/gpu=4,gres/tmp=1073741824,mem=160G,node=1",jnfat07,gpu_computervision_long,0,20260602_1pattern_rl_imagenette_dscoder_a9_s1000_l40s4,false,4
2662639.batch,batch,FAILED,1:0,2026-06-02T22:17:26,2026-06-02T22:17:26,2026-06-02T22:17:42,16,"cpu=32,gres/gpu:l40s=4,gres/gpu=4,gres/tmp=1073741824,mem=160G,node=1",,jnfat07,,,20260602_1pattern_rl_imagenette_dscoder_a9_s1000_l40s4,false,4
2662639.extern,extern,COMPLETED,0:0,2026-06-02T22:17:26,2026-06-02T22:17:26,2026-06-02T22:17:42,16,"billing=32,cpu=32,gres/gpu:l40s=4,gres/gpu=4,gres/tmp=1073741824,mem=160G,node=1",,jnfat07,,,20260602_1pattern_rl_imagenette_dscoder_a9_s1000_l40s4,false,4
2662641,rl-imgnet-mistral-a5-l40s-w1r2,FAILED,1:0,2026-06-02T22:17:24,2026-06-02T22:17:26,2026-06-02T22:17:42,16,"billing=32,cpu=32,gres/gpu:l40s=4,gres/gpu=4,gres/tmp=1073741824,mem=160G,node=1","billing=32,cpu=32,gres/gpu=4,gres/tmp=1073741824,mem=160G,node=1",jnfat07,gpu_computervision_long,0,20260602_1pattern_rl_imagenette_mistral_a5_s1000_l40s4,false,4
2662641.batch,batch,FAILED,1:0,2026-06-02T22:17:26,2026-06-02T22:17:26,2026-06-02T22:17:42,16,"cpu=32,gres/gpu:l40s=4,gres/gpu=4,gres/tmp=1073741824,mem=160G,node=1",,jnfat07,,,20260602_1pattern_rl_imagenette_mistral_a5_s1000_l40s4,false,4
2662641.extern,extern,COMPLETED,0:0,2026-06-02T22:17:26,2026-06-02T22:17:26,2026-06-02T22:17:42,16,"billing=32,cpu=32,gres/gpu:l40s=4,gres/gpu=4,gres/tmp=1073741824,mem=160G,node=1",,jnfat07,,,20260602_1pattern_rl_imagenette_mistral_a5_s1000_l40s4,false,4
2662645,rl-c100-dscoder-a9-freshw1,COMPLETED,0:0,2026-06-02T22:21:32,2026-06-02T22:21:32,2026-06-03T09:30:16,40124,"billing=32,cpu=32,gres/gpu:l40s=4,gres/gpu=4,gres/tmp=1073741824,mem=160G,node=1","billing=32,cpu=32,gres/gpu=4,gres/tmp=1073741824,mem=160G,node=1",jnfat04,gpu_computervision_long,0,20260602_1pattern_rl_cifar100_dscoder_a9_s1000_freshw1_l40s4,false,4
2662645.batch,batch,COMPLETED,0:0,2026-06-02T22:21:32,2026-06-02T22:21:32,2026-06-03T09:30:16,40124,"cpu=32,gres/gpu:l40s=4,gres/gpu=4,gres/tmp=1073741824,mem=160G,node=1",,jnfat04,,,20260602_1pattern_rl_cifar100_dscoder_a9_s1000_freshw1_l40s4,false,4
2662645.extern,extern,COMPLETED,0:0,2026-06-02T22:21:32,2026-06-02T22:21:32,2026-06-03T09:30:17,40125,"billing=32,cpu=32,gres/gpu:l40s=4,gres/gpu=4,gres/tmp=1073741824,mem=160G,node=1",,jnfat04,,,20260602_1pattern_rl_cifar100_dscoder_a9_s1000_freshw1_l40s4,false,4
2662647,rl-c100-mistral-a5-freshw1,COMPLETED,0:0,2026-06-02T22:21:32,2026-06-02T22:21:32,2026-06-03T08:24:25,36173,"billing=32,cpu=32,gres/gpu:l40s=4,gres/gpu=4,gres/tmp=1073741824,mem=160G,node=1","billing=32,cpu=32,gres/gpu=4,gres/tmp=1073741824,mem=160G,node=1",jnfat06,gpu_computervision_long,0,20260602_1pattern_rl_cifar100_mistral_a5_s1000_freshw1_l40s4,false,4
2662647.batch,batch,COMPLETED,0:0,2026-06-02T22:21:32,2026-06-02T22:21:32,2026-06-03T08:24:25,36173,"cpu=32,gres/gpu:l40s=4,gres/gpu=4,gres/tmp=1073741824,mem=160G,node=1",,jnfat06,,,20260602_1pattern_rl_cifar100_mistral_a5_s1000_freshw1_l40s4,false,4
2662647.extern,extern,COMPLETED,0:0,2026-06-02T22:21:32,2026-06-02T22:21:32,2026-06-03T08:24:25,36173,"billing=32,cpu=32,gres/gpu:l40s=4,gres/gpu=4,gres/tmp=1073741824,mem=160G,node=1",,jnfat06,,,20260602_1pattern_rl_cifar100_mistral_a5_s1000_freshw1_l40s4,false,4
2662649,rl-c100-qwen-a7-freshw1,COMPLETED,0:0,2026-06-02T22:21:32,2026-06-02T22:21:32,2026-06-03T09:11:39,39007,"billing=32,cpu=32,gres/gpu:l40s=4,gres/gpu=4,gres/tmp=1073741824,mem=160G,node=1","billing=32,cpu=32,gres/gpu=4,gres/tmp=1073741824,mem=160G,node=1",jnfat06,gpu_computervision_long,0,20260602_1pattern_rl_cifar100_qwen_a7_s1000_freshw1_l40s4,false,4
2662649.batch,batch,COMPLETED,0:0,2026-06-02T22:21:32,2026-06-02T22:21:32,2026-06-03T09:11:39,39007,"cpu=32,gres/gpu:l40s=4,gres/gpu=4,gres/tmp=1073741824,mem=160G,node=1",,jnfat06,,,20260602_1pattern_rl_cifar100_qwen_a7_s1000_freshw1_l40s4,false,4
2662649.extern,extern,COMPLETED,0:0,2026-06-02T22:21:32,2026-06-02T22:21:32,2026-06-03T09:11:39,39007,"billing=32,cpu=32,gres/gpu:l40s=4,gres/gpu=4,gres/tmp=1073741824,mem=160G,node=1",,jnfat06,,,20260602_1pattern_rl_cifar100_qwen_a7_s1000_freshw1_l40s4,false,4
2662651,rl-imgnet-dscoder-a9-freshw1,FAILED,1:0,2026-06-02T22:21:32,2026-06-02T22:21:32,2026-06-03T05:02:19,24047,"billing=32,cpu=32,gres/gpu:l40s=4,gres/gpu=4,gres/tmp=1073741824,mem=160G,node=1","billing=32,cpu=32,gres/gpu=4,gres/tmp=1073741824,mem=160G,node=1",jnfat07,gpu_computervision_long,0,20260602_1pattern_rl_imagenette_dscoder_a9_s1000_freshw1_l40s4,false,4
2662651.batch,batch,FAILED,1:0,2026-06-02T22:21:32,2026-06-02T22:21:32,2026-06-03T05:02:19,24047,"cpu=32,gres/gpu:l40s=4,gres/gpu=4,gres/tmp=1073741824,mem=160G,node=1",,jnfat07,,,20260602_1pattern_rl_imagenette_dscoder_a9_s1000_freshw1_l40s4,false,4
2662651.extern,extern,COMPLETED,0:0,2026-06-02T22:21:32,2026-06-02T22:21:32,2026-06-03T05:02:19,24047,"billing=32,cpu=32,gres/gpu:l40s=4,gres/gpu=4,gres/tmp=1073741824,mem=160G,node=1",,jnfat07,,,20260602_1pattern_rl_imagenette_dscoder_a9_s1000_freshw1_l40s4,false,4
2662653,rl-imgnet-mistral-a5-freshw1,COMPLETED,0:0,2026-06-02T22:21:33,2026-06-02T22:21:35,2026-06-03T08:52:13,37838,"billing=32,cpu=32,gres/gpu:l40s=4,gres/gpu=4,gres/tmp=1073741824,mem=160G,node=1","billing=32,cpu=32,gres/gpu=4,gres/tmp=1073741824,mem=160G,node=1",jnfat07,gpu_computervision_long,0,20260602_1pattern_rl_imagenette_mistral_a5_s1000_freshw1_l40s4,false,4
2662653.batch,batch,COMPLETED,0:0,2026-06-02T22:21:35,2026-06-02T22:21:35,2026-06-03T08:52:13,37838,"cpu=32,gres/gpu:l40s=4,gres/gpu=4,gres/tmp=1073741824,mem=160G,node=1",,jnfat07,,,20260602_1pattern_rl_imagenette_mistral_a5_s1000_freshw1_l40s4,false,4
2662653.extern,extern,COMPLETED,0:0,2026-06-02T22:21:35,2026-06-02T22:21:35,2026-06-03T08:52:14,37839,"billing=32,cpu=32,gres/gpu:l40s=4,gres/gpu=4,gres/tmp=1073741824,mem=160G,node=1",,jnfat07,,,20260602_1pattern_rl_imagenette_mistral_a5_s1000_freshw1_l40s4,false,4
2662658,rl-imgnet-qwen-a7-standardg3,COMPLETED,0:0,2026-06-02T22:27:37,2026-06-02T22:27:42,2026-06-03T09:50:25,40963,"billing=32,cpu=32,gres/gpu:l40=3,gres/gpu=3,gres/tmp=1073741824,mem=160G,node=1","billing=32,cpu=32,gres/gpu=3,gres/tmp=1073741824,mem=160G,node=1",jn102,standard,0,20260602_1pattern_rl_imagenette_qwen_a7_s1000_freshw1_standardg3,false,3
2662658.batch,batch,COMPLETED,0:0,2026-06-02T22:27:42,2026-06-02T22:27:42,2026-06-03T09:50:25,40963,"cpu=32,gres/gpu:l40=3,gres/gpu=3,gres/tmp=1073741824,mem=160G,node=1",,jn102,,,20260602_1pattern_rl_imagenette_qwen_a7_s1000_freshw1_standardg3,false,3
2662658.extern,extern,COMPLETED,0:0,2026-06-02T22:27:42,2026-06-02T22:27:42,2026-06-03T09:50:25,40963,"billing=32,cpu=32,gres/gpu:l40=3,gres/gpu=3,gres/tmp=1073741824,mem=160G,node=1",,jn102,,,20260602_1pattern_rl_imagenette_qwen_a7_s1000_freshw1_standardg3,false,3
2663277,rl-imgnet-dscoder-a9-excltrain,CANCELLED by 221940,0:0,2026-06-03T08:54:10,2026-06-03T08:54:10,2026-06-03T08:58:17,247,"billing=32,cpu=32,gres/gpu:l40s=4,gres/gpu=4,gres/tmp=1073741824,mem=160G,node=1","billing=32,cpu=32,gres/gpu=4,gres/tmp=1073741824,mem=160G,node=1",jnfat05,gpu_computervision_long,0,20260603_1pattern_rl_imagenette_dscoder_a9_s1000_freshw1_excltrain_l40s4,false,4
2663277.batch,batch,CANCELLED,0:9,2026-06-03T08:54:10,2026-06-03T08:54:10,2026-06-03T08:58:47,277,"cpu=32,gres/gpu:l40s=4,gres/gpu=4,gres/tmp=1073741824,mem=160G,node=1",,jnfat05,,,20260603_1pattern_rl_imagenette_dscoder_a9_s1000_freshw1_excltrain_l40s4,false,4
2663277.extern,extern,COMPLETED,0:0,2026-06-03T08:54:10,2026-06-03T08:54:10,2026-06-03T08:58:47,277,"billing=32,cpu=32,gres/gpu:l40s=4,gres/gpu=4,gres/tmp=1073741824,mem=160G,node=1",,jnfat05,,,20260603_1pattern_rl_imagenette_dscoder_a9_s1000_freshw1_excltrain_l40s4,false,4
2663291,rl-imgnet-dscoder-a9-h100-excl,COMPLETED,0:0,2026-06-03T08:58:17,2026-06-03T08:58:20,2026-06-03T20:48:34,42614,"billing=32,cpu=32,gres/gpu:h100=4,gres/gpu=4,gres/tmp=1073741824,mem=160G,node=1","billing=32,cpu=32,gres/gpu=4,gres/tmp=1073741824,mem=160G,node=1",jnultra02,h100,0,20260603_1pattern_rl_imagenette_dscoder_a9_s1000_freshw1_excltrain_h100g4,false,4
2663291.batch,batch,COMPLETED,0:0,2026-06-03T08:58:20,2026-06-03T08:58:20,2026-06-03T20:48:34,42614,"cpu=32,gres/gpu:h100=4,gres/gpu=4,gres/tmp=1073741824,mem=160G,node=1",,jnultra02,,,20260603_1pattern_rl_imagenette_dscoder_a9_s1000_freshw1_excltrain_h100g4,false,4
2663291.extern,extern,COMPLETED,0:0,2026-06-03T08:58:20,2026-06-03T08:58:20,2026-06-03T20:48:34,42614,"billing=32,cpu=32,gres/gpu:h100=4,gres/gpu=4,gres/tmp=1073741824,mem=160G,node=1",,jnultra02,,,20260603_1pattern_rl_imagenette_dscoder_a9_s1000_freshw1_excltrain_h100g4,false,4
2664407,rl-c10-qwen-a7-trainvaltest,FAILED,1:0,2026-06-04T00:30:37,2026-06-04T00:30:39,2026-06-04T00:31:13,34,"billing=16,cpu=16,gres/gpu:l40s=4,gres/gpu=4,gres/tmp=1073741824,mem=80G,node=1","billing=16,cpu=16,gres/gpu=4,gres/tmp=1073741824,mem=80G,node=1",jnfat06,gpu_computervision_long,0,20260603_1pattern_rl_cifar10_qwen_a7_s1000_trainvaltest_l40s4,false,4
2664407.batch,batch,FAILED,1:0,2026-06-04T00:30:39,2026-06-04T00:30:39,2026-06-04T00:31:13,34,"cpu=16,gres/gpu:l40s=4,gres/gpu=4,gres/tmp=1073741824,mem=80G,node=1",,jnfat06,,,20260603_1pattern_rl_cifar10_qwen_a7_s1000_trainvaltest_l40s4,false,4
2664407.extern,extern,COMPLETED,0:0,2026-06-04T00:30:39,2026-06-04T00:30:39,2026-06-04T00:31:13,34,"billing=16,cpu=16,gres/gpu:l40s=4,gres/gpu=4,gres/tmp=1073741824,mem=80G,node=1",,jnfat06,,,20260603_1pattern_rl_cifar10_qwen_a7_s1000_trainvaltest_l40s4,false,4
2664409,rl-c100-dscoder-a9-trainvaltest,FAILED,1:0,2026-06-04T00:30:37,2026-06-04T00:30:39,2026-06-04T00:31:13,34,"billing=16,cpu=16,gres/gpu:l40s=4,gres/gpu=4,gres/tmp=1073741824,mem=80G,node=1","billing=16,cpu=16,gres/gpu=4,gres/tmp=1073741824,mem=80G,node=1",jnfat06,gpu_computervision_long,0,20260603_1pattern_rl_cifar100_dscoder_a9_s1000_trainvaltest_l40s4,false,4
2664409.batch,batch,FAILED,1:0,2026-06-04T00:30:39,2026-06-04T00:30:39,2026-06-04T00:31:13,34,"cpu=16,gres/gpu:l40s=4,gres/gpu=4,gres/tmp=1073741824,mem=80G,node=1",,jnfat06,,,20260603_1pattern_rl_cifar100_dscoder_a9_s1000_trainvaltest_l40s4,false,4
2664409.extern,extern,COMPLETED,0:0,2026-06-04T00:30:39,2026-06-04T00:30:39,2026-06-04T00:31:13,34,"billing=16,cpu=16,gres/gpu:l40s=4,gres/gpu=4,gres/tmp=1073741824,mem=80G,node=1",,jnfat06,,,20260603_1pattern_rl_cifar100_dscoder_a9_s1000_trainvaltest_l40s4,false,4
2664411,rl-c100-mistral-a5-trainvaltest,FAILED,1:0,2026-06-04T00:30:37,2026-06-04T00:31:13,2026-06-04T00:31:27,14,"billing=16,cpu=16,gres/gpu:l40s=4,gres/gpu=4,gres/tmp=1073741824,mem=80G,node=1","billing=16,cpu=16,gres/gpu=4,gres/tmp=1073741824,mem=80G,node=1",jnfat06,gpu_computervision_long,0,20260603_1pattern_rl_cifar100_mistral_a5_s1000_trainvaltest_l40s4,false,4
2664411.batch,batch,FAILED,1:0,2026-06-04T00:31:13,2026-06-04T00:31:13,2026-06-04T00:31:27,14,"cpu=16,gres/gpu:l40s=4,gres/gpu=4,gres/tmp=1073741824,mem=80G,node=1",,jnfat06,,,20260603_1pattern_rl_cifar100_mistral_a5_s1000_trainvaltest_l40s4,false,4
2664411.extern,extern,COMPLETED,0:0,2026-06-04T00:31:13,2026-06-04T00:31:13,2026-06-04T00:31:27,14,"billing=16,cpu=16,gres/gpu:l40s=4,gres/gpu=4,gres/tmp=1073741824,mem=80G,node=1",,jnfat06,,,20260603_1pattern_rl_cifar100_mistral_a5_s1000_trainvaltest_l40s4,false,4
2664413,rl-c100-qwen-a7-trainvaltest,FAILED,1:0,2026-06-04T00:30:37,2026-06-04T00:31:13,2026-06-04T00:31:28,15,"billing=16,cpu=16,gres/gpu:l40s=4,gres/gpu=4,gres/tmp=1073741824,mem=80G,node=1","billing=16,cpu=16,gres/gpu=4,gres/tmp=1073741824,mem=80G,node=1",jnfat06,gpu_computervision_long,0,20260603_1pattern_rl_cifar100_qwen_a7_s1000_trainvaltest_l40s4,false,4
2664413.batch,batch,FAILED,1:0,2026-06-04T00:31:13,2026-06-04T00:31:13,2026-06-04T00:31:28,15,"cpu=16,gres/gpu:l40s=4,gres/gpu=4,gres/tmp=1073741824,mem=80G,node=1",,jnfat06,,,20260603_1pattern_rl_cifar100_qwen_a7_s1000_trainvaltest_l40s4,false,4
2664413.extern,extern,COMPLETED,0:0,2026-06-04T00:31:13,2026-06-04T00:31:13,2026-06-04T00:31:28,15,"billing=16,cpu=16,gres/gpu:l40s=4,gres/gpu=4,gres/tmp=1073741824,mem=80G,node=1",,jnfat06,,,20260603_1pattern_rl_cifar100_qwen_a7_s1000_trainvaltest_l40s4,false,4
2664417,rl-imgnet-mistral-a5-trainvaltest,FAILED,1:0,2026-06-04T00:30:38,2026-06-04T00:31:27,2026-06-04T00:31:42,15,"billing=16,cpu=16,gres/gpu:l40s=4,gres/gpu=4,gres/tmp=1073741824,mem=80G,node=1","billing=16,cpu=16,gres/gpu=4,gres/tmp=1073741824,mem=80G,node=1",jnfat06,gpu_computervision_long,0,20260603_1pattern_rl_imagenette_mistral_a5_s1000_trainvaltest_l40s4,false,4
2664417.batch,batch,FAILED,1:0,2026-06-04T00:31:27,2026-06-04T00:31:27,2026-06-04T00:31:42,15,"cpu=16,gres/gpu:l40s=4,gres/gpu=4,gres/tmp=1073741824,mem=80G,node=1",,jnfat06,,,20260603_1pattern_rl_imagenette_mistral_a5_s1000_trainvaltest_l40s4,false,4
2664417.extern,extern,COMPLETED,0:0,2026-06-04T00:31:27,2026-06-04T00:31:27,2026-06-04T00:31:42,15,"billing=16,cpu=16,gres/gpu:l40s=4,gres/gpu=4,gres/tmp=1073741824,mem=80G,node=1",,jnfat06,,,20260603_1pattern_rl_imagenette_mistral_a5_s1000_trainvaltest_l40s4,false,4
2664419,rl-imgnet-qwen-a7-trainvaltest,FAILED,1:0,2026-06-04T00:30:38,2026-06-04T00:30:59,2026-06-04T00:31:44,45,"billing=16,cpu=16,gres/gpu:l40=3,gres/gpu=3,gres/tmp=1073741824,mem=80G,node=1","billing=16,cpu=16,gres/gpu=3,gres/tmp=1073741824,mem=80G,node=1",jn101,standard,0,20260603_1pattern_rl_imagenette_qwen_a7_s1000_trainvaltest_standardg3,false,3
2664419.batch,batch,FAILED,1:0,2026-06-04T00:30:59,2026-06-04T00:30:59,2026-06-04T00:31:44,45,"cpu=16,gres/gpu:l40=3,gres/gpu=3,gres/tmp=1073741824,mem=80G,node=1",,jn101,,,20260603_1pattern_rl_imagenette_qwen_a7_s1000_trainvaltest_standardg3,false,3
2664419.extern,extern,COMPLETED,0:0,2026-06-04T00:30:59,2026-06-04T00:30:59,2026-06-04T00:31:44,45,"billing=16,cpu=16,gres/gpu:l40=3,gres/gpu=3,gres/tmp=1073741824,mem=80G,node=1",,jn101,,,20260603_1pattern_rl_imagenette_qwen_a7_s1000_trainvaltest_standardg3,false,3
2664421,rl-c10-dscoder-a9-l40s4,FAILED,1:0,2026-06-04T00:32:19,2026-06-04T00:32:21,2026-06-04T00:32:36,15,"billing=16,cpu=16,gres/gpu:l40s=4,gres/gpu=4,gres/tmp=1073741824,mem=80G,node=1","billing=16,cpu=16,gres/gpu=4,gres/tmp=1073741824,mem=80G,node=1",jnfat06,gpu_computervision_long,0,20260603_1pattern_rl_cifar10_dscoder_a9_s1000_trainvaltest_l40s4,false,4
2664421.batch,batch,FAILED,1:0,2026-06-04T00:32:21,2026-06-04T00:32:21,2026-06-04T00:32:36,15,"cpu=16,gres/gpu:l40s=4,gres/gpu=4,gres/tmp=1073741824,mem=80G,node=1",,jnfat06,,,20260603_1pattern_rl_cifar10_dscoder_a9_s1000_trainvaltest_l40s4,false,4
2664421.extern,extern,COMPLETED,0:0,2026-06-04T00:32:21,2026-06-04T00:32:21,2026-06-04T00:32:36,15,"billing=16,cpu=16,gres/gpu:l40s=4,gres/gpu=4,gres/tmp=1073741824,mem=80G,node=1",,jnfat06,,,20260603_1pattern_rl_cifar10_dscoder_a9_s1000_trainvaltest_l40s4,false,4
2664423,rl-c10-mistral-a5-l40s4,FAILED,1:0,2026-06-04T00:32:20,2026-06-04T00:32:21,2026-06-04T00:32:35,14,"billing=16,cpu=16,gres/gpu:l40s=4,gres/gpu=4,gres/tmp=1073741824,mem=80G,node=1","billing=16,cpu=16,gres/gpu=4,gres/tmp=1073741824,mem=80G,node=1",jnfat06,gpu_computervision_long,0,20260603_1pattern_rl_cifar10_mistral_a5_s1000_trainvaltest_l40s4,false,4
2664423.batch,batch,FAILED,1:0,2026-06-04T00:32:21,2026-06-04T00:32:21,2026-06-04T00:32:35,14,"cpu=16,gres/gpu:l40s=4,gres/gpu=4,gres/tmp=1073741824,mem=80G,node=1",,jnfat06,,,20260603_1pattern_rl_cifar10_mistral_a5_s1000_trainvaltest_l40s4,false,4
2664423.extern,extern,COMPLETED,0:0,2026-06-04T00:32:21,2026-06-04T00:32:21,2026-06-04T00:32:35,14,"billing=16,cpu=16,gres/gpu:l40s=4,gres/gpu=4,gres/tmp=1073741824,mem=80G,node=1",,jnfat06,,,20260603_1pattern_rl_cifar10_mistral_a5_s1000_trainvaltest_l40s4,false,4
2664425,rl-imgnet-dscoder-a9-l40s4,FAILED,1:0,2026-06-04T00:32:20,2026-06-04T00:32:35,2026-06-04T00:32:49,14,"billing=16,cpu=16,gres/gpu:l40s=4,gres/gpu=4,gres/tmp=1073741824,mem=80G,node=1","billing=16,cpu=16,gres/gpu=4,gres/tmp=1073741824,mem=80G,node=1",jnfat06,gpu_computervision_long,0,20260603_1pattern_rl_imagenette_dscoder_a9_s1000_trainvaltest_l40s4,false,4
2664425.batch,batch,FAILED,1:0,2026-06-04T00:32:35,2026-06-04T00:32:35,2026-06-04T00:32:49,14,"cpu=16,gres/gpu:l40s=4,gres/gpu=4,gres/tmp=1073741824,mem=80G,node=1",,jnfat06,,,20260603_1pattern_rl_imagenette_dscoder_a9_s1000_trainvaltest_l40s4,false,4
2664425.extern,extern,COMPLETED,0:0,2026-06-04T00:32:35,2026-06-04T00:32:35,2026-06-04T00:32:49,14,"billing=16,cpu=16,gres/gpu:l40s=4,gres/gpu=4,gres/tmp=1073741824,mem=80G,node=1",,jnfat06,,,20260603_1pattern_rl_imagenette_dscoder_a9_s1000_trainvaltest_l40s4,false,4
2664428,rl-c10-dscoder-a9-l40s4-tk,FAILED,1:0,2026-06-04T00:36:03,2026-06-04T00:36:03,2026-06-04T01:22:12,2769,"billing=16,cpu=16,gres/gpu:l40s=4,gres/gpu=4,gres/tmp=1073741824,mem=80G,node=1","billing=16,cpu=16,gres/gpu=4,gres/tmp=1073741824,mem=80G,node=1",jnfat06,gpu_computervision_long,0,20260603_1pattern_rl_cifar10_dscoder_a9_s1000_trainvaltest_l40s4_tk,false,4
2664428.batch,batch,FAILED,1:0,2026-06-04T00:36:03,2026-06-04T00:36:03,2026-06-04T01:22:12,2769,"cpu=16,gres/gpu:l40s=4,gres/gpu=4,gres/tmp=1073741824,mem=80G,node=1",,jnfat06,,,20260603_1pattern_rl_cifar10_dscoder_a9_s1000_trainvaltest_l40s4_tk,false,4
2664428.extern,extern,COMPLETED,0:0,2026-06-04T00:36:03,2026-06-04T00:36:03,2026-06-04T01:21:42,2739,"billing=16,cpu=16,gres/gpu:l40s=4,gres/gpu=4,gres/tmp=1073741824,mem=80G,node=1",,jnfat06,,,20260603_1pattern_rl_cifar10_dscoder_a9_s1000_trainvaltest_l40s4_tk,false,4
2664430,rl-c10-mistral-a5-l40s4-tk,CANCELLED by 221940,0:0,2026-06-04T00:36:03,2026-06-04T00:36:03,2026-06-04T01:22:43,2800,"billing=16,cpu=16,gres/gpu:l40s=4,gres/gpu=4,gres/tmp=1073741824,mem=80G,node=1","billing=16,cpu=16,gres/gpu=4,gres/tmp=1073741824,mem=80G,node=1",jnfat06,gpu_computervision_long,0,20260603_1pattern_rl_cifar10_mistral_a5_s1000_trainvaltest_l40s4_tk,false,4
2664430.batch,batch,FAILED,1:0,2026-06-04T00:36:03,2026-06-04T00:36:03,2026-06-04T01:22:48,2805,"cpu=16,gres/gpu:l40s=4,gres/gpu=4,gres/tmp=1073741824,mem=80G,node=1",,jnfat06,,,20260603_1pattern_rl_cifar10_mistral_a5_s1000_trainvaltest_l40s4_tk,false,4
2664430.extern,extern,COMPLETED,0:0,2026-06-04T00:36:03,2026-06-04T00:36:03,2026-06-04T01:21:42,2739,"billing=16,cpu=16,gres/gpu:l40s=4,gres/gpu=4,gres/tmp=1073741824,mem=80G,node=1",,jnfat06,,,20260603_1pattern_rl_cifar10_mistral_a5_s1000_trainvaltest_l40s4_tk,false,4
2664444,rl-imgnet-qwen-a7-standardg3-tk,CANCELLED by 221940,0:0,2026-06-04T00:36:04,2026-06-04T00:36:29,2026-06-04T01:22:44,2775,"billing=16,cpu=16,gres/gpu:l40=3,gres/gpu=3,gres/tmp=1073741824,mem=80G,node=1","billing=16,cpu=16,gres/gpu=3,gres/tmp=1073741824,mem=80G,node=1",jn101,standard,0,20260603_1pattern_rl_imagenette_qwen_a7_s1000_trainvaltest_standardg3_tk,false,3
2664444.batch,batch,FAILED,1:0,2026-06-04T00:36:29,2026-06-04T00:36:29,2026-06-04T01:22:48,2779,"cpu=16,gres/gpu:l40=3,gres/gpu=3,gres/tmp=1073741824,mem=80G,node=1",,jn101,,,20260603_1pattern_rl_imagenette_qwen_a7_s1000_trainvaltest_standardg3_tk,false,3
2664444.extern,extern,COMPLETED,0:0,2026-06-04T00:36:29,2026-06-04T00:36:29,2026-06-04T01:21:42,2713,"billing=16,cpu=16,gres/gpu:l40=3,gres/gpu=3,gres/tmp=1073741824,mem=80G,node=1",,jn101,,,20260603_1pattern_rl_imagenette_qwen_a7_s1000_trainvaltest_standardg3_tk,false,3
2664459,rl-c10-qwen-a7-standardg3-tk,CANCELLED by 221940,0:0,2026-06-04T00:41:03,2026-06-04T00:41:29,2026-06-04T01:22:43,2474,"billing=16,cpu=16,gres/gpu:l40=3,gres/gpu=3,gres/tmp=1073741824,mem=80G,node=1","billing=16,cpu=16,gres/gpu=3,gres/tmp=1073741824,mem=80G,node=1",jn117,standard,0,20260603_1pattern_rl_cifar10_qwen_a7_s1000_trainvaltest_standardg3_tk,false,3
2664459.batch,batch,FAILED,1:0,2026-06-04T00:41:29,2026-06-04T00:41:29,2026-06-04T01:22:49,2480,"cpu=16,gres/gpu:l40=3,gres/gpu=3,gres/tmp=1073741824,mem=80G,node=1",,jn117,,,20260603_1pattern_rl_cifar10_qwen_a7_s1000_trainvaltest_standardg3_tk,false,3
2664459.extern,extern,COMPLETED,0:0,2026-06-04T00:41:29,2026-06-04T00:41:29,2026-06-04T01:21:42,2413,"billing=16,cpu=16,gres/gpu:l40=3,gres/gpu=3,gres/tmp=1073741824,mem=80G,node=1",,jn117,,,20260603_1pattern_rl_cifar10_qwen_a7_s1000_trainvaltest_standardg3_tk,false,3
2664461,rl-c100-dscoder-a9-standardg3-tk,CANCELLED by 221940,0:0,2026-06-04T00:41:03,2026-06-04T00:41:29,2026-06-04T01:22:43,2474,"billing=16,cpu=16,gres/gpu:l40=3,gres/gpu=3,gres/tmp=1073741824,mem=80G,node=1","billing=16,cpu=16,gres/gpu=3,gres/tmp=1073741824,mem=80G,node=1",jn120,standard,0,20260603_1pattern_rl_cifar100_dscoder_a9_s1000_trainvaltest_standardg3_tk,false,3
2664461.batch,batch,FAILED,1:0,2026-06-04T00:41:29,2026-06-04T00:41:29,2026-06-04T01:22:46,2477,"cpu=16,gres/gpu:l40=3,gres/gpu=3,gres/tmp=1073741824,mem=80G,node=1",,jn120,,,20260603_1pattern_rl_cifar100_dscoder_a9_s1000_trainvaltest_standardg3_tk,false,3
2664461.extern,extern,COMPLETED,0:0,2026-06-04T00:41:29,2026-06-04T00:41:29,2026-06-04T01:21:42,2413,"billing=16,cpu=16,gres/gpu:l40=3,gres/gpu=3,gres/tmp=1073741824,mem=80G,node=1",,jn120,,,20260603_1pattern_rl_cifar100_dscoder_a9_s1000_trainvaltest_standardg3_tk,false,3
2664463,rl-c100-mistral-a5-standardg3-tk,FAILED,1:0,2026-06-04T00:41:04,2026-06-04T00:41:29,2026-06-04T01:22:19,2450,"billing=16,cpu=16,gres/gpu:l40=3,gres/gpu=3,gres/tmp=1073741824,mem=80G,node=1","billing=16,cpu=16,gres/gpu=3,gres/tmp=1073741824,mem=80G,node=1",jn113,standard,0,20260603_1pattern_rl_cifar100_mistral_a5_s1000_trainvaltest_standardg3_tk,false,3
2664463.batch,batch,FAILED,1:0,2026-06-04T00:41:29,2026-06-04T00:41:29,2026-06-04T01:22:19,2450,"cpu=16,gres/gpu:l40=3,gres/gpu=3,gres/tmp=1073741824,mem=80G,node=1",,jn113,,,20260603_1pattern_rl_cifar100_mistral_a5_s1000_trainvaltest_standardg3_tk,false,3
2664463.extern,extern,COMPLETED,0:0,2026-06-04T00:41:29,2026-06-04T00:41:29,2026-06-04T01:21:42,2413,"billing=16,cpu=16,gres/gpu:l40=3,gres/gpu=3,gres/tmp=1073741824,mem=80G,node=1",,jn113,,,20260603_1pattern_rl_cifar100_mistral_a5_s1000_trainvaltest_standardg3_tk,false,3
2664465,rl-c100-qwen-a7-standardg3-tk,CANCELLED by 221940,0:0,2026-06-04T00:41:04,2026-06-04T00:41:29,2026-06-04T01:22:43,2474,"billing=16,cpu=16,gres/gpu:l40=3,gres/gpu=3,gres/tmp=1073741824,mem=80G,node=1","billing=16,cpu=16,gres/gpu=3,gres/tmp=1073741824,mem=80G,node=1",jn114,standard,0,20260603_1pattern_rl_cifar100_qwen_a7_s1000_trainvaltest_standardg3_tk,false,3
2664465.batch,batch,FAILED,1:0,2026-06-04T00:41:29,2026-06-04T00:41:29,2026-06-04T01:22:47,2478,"cpu=16,gres/gpu:l40=3,gres/gpu=3,gres/tmp=1073741824,mem=80G,node=1",,jn114,,,20260603_1pattern_rl_cifar100_qwen_a7_s1000_trainvaltest_standardg3_tk,false,3
2664465.extern,extern,COMPLETED,0:0,2026-06-04T00:41:29,2026-06-04T00:41:29,2026-06-04T01:21:42,2413,"billing=16,cpu=16,gres/gpu:l40=3,gres/gpu=3,gres/tmp=1073741824,mem=80G,node=1",,jn114,,,20260603_1pattern_rl_cifar100_qwen_a7_s1000_trainvaltest_standardg3_tk,false,3
2664467,rl-imgnet-dscoder-a9-standardg3-tk,CANCELLED by 221940,0:0,2026-06-04T00:41:04,2026-06-04T00:41:29,2026-06-04T01:22:43,2474,"billing=16,cpu=16,gres/gpu:l40=3,gres/gpu=3,gres/tmp=1073741824,mem=80G,node=1","billing=16,cpu=16,gres/gpu=3,gres/tmp=1073741824,mem=80G,node=1",jn103,standard,0,20260603_1pattern_rl_imagenette_dscoder_a9_s1000_trainvaltest_standardg3_tk,false,3
2664467.batch,batch,FAILED,1:0,2026-06-04T00:41:29,2026-06-04T00:41:29,2026-06-04T01:22:47,2478,"cpu=16,gres/gpu:l40=3,gres/gpu=3,gres/tmp=1073741824,mem=80G,node=1",,jn103,,,20260603_1pattern_rl_imagenette_dscoder_a9_s1000_trainvaltest_standardg3_tk,false,3
2664467.extern,extern,COMPLETED,0:0,2026-06-04T00:41:29,2026-06-04T00:41:29,2026-06-04T01:21:42,2413,"billing=16,cpu=16,gres/gpu:l40=3,gres/gpu=3,gres/tmp=1073741824,mem=80G,node=1",,jn103,,,20260603_1pattern_rl_imagenette_dscoder_a9_s1000_trainvaltest_standardg3_tk,false,3
2664469,rl-imgnet-mistral-a5-standardg3-tk,CANCELLED by 221940,0:0,2026-06-04T00:41:04,2026-06-04T00:41:29,2026-06-04T01:22:44,2475,"billing=16,cpu=16,gres/gpu:l40=3,gres/gpu=3,gres/tmp=1073741824,mem=80G,node=1","billing=16,cpu=16,gres/gpu=3,gres/tmp=1073741824,mem=80G,node=1",jn104,standard,0,20260603_1pattern_rl_imagenette_mistral_a5_s1000_trainvaltest_standardg3_tk,false,3
2664469.batch,batch,FAILED,1:0,2026-06-04T00:41:29,2026-06-04T00:41:29,2026-06-04T01:22:48,2479,"cpu=16,gres/gpu:l40=3,gres/gpu=3,gres/tmp=1073741824,mem=80G,node=1",,jn104,,,20260603_1pattern_rl_imagenette_mistral_a5_s1000_trainvaltest_standardg3_tk,false,3
2664469.extern,extern,COMPLETED,0:0,2026-06-04T00:41:29,2026-06-04T00:41:29,2026-06-04T01:21:42,2413,"billing=16,cpu=16,gres/gpu:l40=3,gres/gpu=3,gres/tmp=1073741824,mem=80G,node=1",,jn104,,,20260603_1pattern_rl_imagenette_mistral_a5_s1000_trainvaltest_standardg3_tk,false,3
2665704,tunerl-rl_dscoder_cifar_10_gcvl,FAILED,1:0,2026-06-04T17:40:21,2026-06-04T17:40:22,2026-06-04T17:57:14,1012,"billing=16,cpu=16,gres/gpu:l40s=4,gres/gpu=4,gres/tmp=1073741824,mem=80G,node=1","billing=16,cpu=16,gres/gpu=4,gres/tmp=1073741824,mem=80G,node=1",jnfat07,gpu_computervision_long,0,20260604_1740_rl_dscoder_cifar_10_gcvl,false,4
2665704.batch,batch,FAILED,1:0,2026-06-04T17:40:22,2026-06-04T17:40:22,2026-06-04T17:57:14,1012,"cpu=16,gres/gpu:l40s=4,gres/gpu=4,gres/tmp=1073741824,mem=80G,node=1",,jnfat07,,,20260604_1740_rl_dscoder_cifar_10_gcvl,false,4
2665704.extern,extern,COMPLETED,0:0,2026-06-04T17:40:22,2026-06-04T17:40:22,2026-06-04T17:57:14,1012,"billing=16,cpu=16,gres/gpu:l40s=4,gres/gpu=4,gres/tmp=1073741824,mem=80G,node=1",,jnfat07,,,20260604_1740_rl_dscoder_cifar_10_gcvl,false,4
2665706,tunerl-rl_dscoder_cifar_100_gcvl,CANCELLED by 221940,0:0,2026-06-04T17:40:22,None,2026-06-04T17:46:42,0,,"billing=16,cpu=16,gres/gpu=4,gres/tmp=1073741824,mem=80G,node=1",None assigned,gpu_computervision_long,0,20260604_1740_rl_dscoder_cifar_100_gcvl,false,
2665708,tunerl-rl_dscoder_imagenette_gcvl,CANCELLED by 221940,0:0,2026-06-04T17:40:22,None,2026-06-04T17:46:41,0,,"billing=16,cpu=16,gres/gpu=4,gres/tmp=1073741824,mem=80G,node=1",None assigned,gpu_computervision_long,0,20260604_1740_rl_dscoder_imagenette_gcvl,false,
2665710,tunerl-rl_mistral_cifar_10_gcvl,CANCELLED by 221940,0:0,2026-06-04T17:40:22,None,2026-06-04T17:48:37,0,,"billing=16,cpu=16,gres/gpu=4,gres/tmp=1073741824,mem=80G,node=1",None assigned,gpu_computervision_long,0,20260604_1740_rl_mistral_cifar_10_gcvl,false,
2665712,tunerl-rl_mistral_cifar_100_gcvl,CANCELLED by 221940,0:0,2026-06-04T17:40:22,None,2026-06-04T17:48:37,0,,"billing=16,cpu=16,gres/gpu=4,gres/tmp=1073741824,mem=80G,node=1",None assigned,gpu_computervision_long,0,20260604_1740_rl_mistral_cifar_100_gcvl,false,
2665714,tunerl-rl_mistral_imagenette_gcvl,CANCELLED by 221940,0:0,2026-06-04T17:40:22,None,2026-06-04T17:48:38,0,,"billing=16,cpu=16,gres/gpu=4,gres/tmp=1073741824,mem=80G,node=1",None assigned,gpu_computervision_long,0,20260604_1740_rl_mistral_imagenette_gcvl,false,
2665716,tunerl-rl_qwen_cifar_10_gcvl,CANCELLED by 221940,0:0,2026-06-04T17:40:22,None,2026-06-04T17:48:38,0,,"billing=16,cpu=16,gres/gpu=4,gres/tmp=1073741824,mem=80G,node=1",None assigned,gpu_computervision_long,0,20260604_1740_rl_qwen_cifar_10_gcvl,false,
2665718,tunerl-rl_qwen_cifar_100_gcvl,CANCELLED by 221940,0:0,2026-06-04T17:40:23,None,2026-06-04T17:48:37,0,,"billing=16,cpu=16,gres/gpu=4,gres/tmp=1073741824,mem=80G,node=1",None assigned,gpu_computervision_long,0,20260604_1740_rl_qwen_cifar_100_gcvl,false,
2665720,tunerl-rl_qwen_imagenette_gcvl,CANCELLED by 221940,0:0,2026-06-04T17:40:23,None,2026-06-04T17:48:37,0,,"billing=16,cpu=16,gres/gpu=4,gres/tmp=1073741824,mem=80G,node=1",None assigned,gpu_computervision_long,0,20260604_1740_rl_qwen_imagenette_gcvl,false,
2665730,tunerl-rl_dscoder_cifar_100_std,FAILED,1:0,2026-06-04T17:46:43,2026-06-04T17:46:44,2026-06-04T18:02:34,950,"billing=16,cpu=16,gres/gpu:l40s=4,gres/gpu=4,gres/tmp=1073741824,mem=80G,node=1","billing=16,cpu=16,gres/gpu=4,gres/tmp=1073741824,mem=80G,node=1",jnfat09,standard,0,20260604_1746_rl_dscoder_cifar_100_std,false,4
2665730.batch,batch,FAILED,1:0,2026-06-04T17:46:44,2026-06-04T17:46:44,2026-06-04T18:02:34,950,"cpu=16,gres/gpu:l40s=4,gres/gpu=4,gres/tmp=1073741824,mem=80G,node=1",,jnfat09,,,20260604_1746_rl_dscoder_cifar_100_std,false,4
2665730.extern,extern,COMPLETED,0:0,2026-06-04T17:46:44,2026-06-04T17:46:44,2026-06-04T18:02:34,950,"billing=16,cpu=16,gres/gpu:l40s=4,gres/gpu=4,gres/tmp=1073741824,mem=80G,node=1",,jnfat09,,,20260604_1746_rl_dscoder_cifar_100_std,false,4
2665732,tunerl-rl_dscoder_imagenette_std,FAILED,1:0,2026-06-04T17:46:43,2026-06-04T17:46:50,2026-06-04T18:09:38,1368,"billing=16,cpu=16,gres/gpu:l40s=4,gres/gpu=4,gres/tmp=1073741824,mem=80G,node=1","billing=16,cpu=16,gres/gpu=4,gres/tmp=1073741824,mem=80G,node=1",jnfat09,standard,0,20260604_1746_rl_dscoder_imagenette_std,false,4
2665732.batch,batch,FAILED,1:0,2026-06-04T17:46:50,2026-06-04T17:46:50,2026-06-04T18:09:38,1368,"cpu=16,gres/gpu:l40s=4,gres/gpu=4,gres/tmp=1073741824,mem=80G,node=1",,jnfat09,,,20260604_1746_rl_dscoder_imagenette_std,false,4
2665732.extern,extern,COMPLETED,0:0,2026-06-04T17:46:50,2026-06-04T17:46:50,2026-06-04T18:09:38,1368,"billing=16,cpu=16,gres/gpu:l40s=4,gres/gpu=4,gres/tmp=1073741824,mem=80G,node=1",,jnfat09,,,20260604_1746_rl_dscoder_imagenette_std,false,4
2665735,tunerl-rl_mistral_cifar_10_std,CANCELLED by 221940,0:0,2026-06-04T17:48:39,2026-06-04T17:48:40,2026-06-04T21:40:21,13901,"billing=16,cpu=16,gres/gpu:l40=3,gres/gpu=3,gres/tmp=1073741824,mem=80G,node=1","billing=16,cpu=16,gres/gpu=3,gres/tmp=1073741824,mem=80G,node=1",jn002,standard,0,20260604_1748_rl_mistral_cifar_10_std,false,3
2665735.batch,batch,FAILED,1:0,2026-06-04T17:48:40,2026-06-04T17:48:40,2026-06-04T21:40:25,13905,"cpu=16,gres/gpu:l40=3,gres/gpu=3,gres/tmp=1073741824,mem=80G,node=1",,jn002,,,20260604_1748_rl_mistral_cifar_10_std,false,3
2665735.extern,extern,COMPLETED,0:0,2026-06-04T17:48:40,2026-06-04T17:48:40,2026-06-04T21:40:25,13905,"billing=16,cpu=16,gres/gpu:l40=3,gres/gpu=3,gres/tmp=1073741824,mem=80G,node=1",,jn002,,,20260604_1748_rl_mistral_cifar_10_std,false,3
2665737,tunerl-rl_mistral_cifar_100_std,CANCELLED by 221940,0:0,2026-06-04T17:48:39,2026-06-04T17:48:40,2026-06-04T21:40:20,13900,"billing=16,cpu=16,gres/gpu:l40=3,gres/gpu=3,gres/tmp=1073741824,mem=80G,node=1","billing=16,cpu=16,gres/gpu=3,gres/tmp=1073741824,mem=80G,node=1",jn004,standard,0,20260604_1748_rl_mistral_cifar_100_std,false,3
2665737.batch,batch,FAILED,1:0,2026-06-04T17:48:40,2026-06-04T17:48:40,2026-06-04T21:40:25,13905,"cpu=16,gres/gpu:l40=3,gres/gpu=3,gres/tmp=1073741824,mem=80G,node=1",,jn004,,,20260604_1748_rl_mistral_cifar_100_std,false,3
2665737.extern,extern,COMPLETED,0:0,2026-06-04T17:48:40,2026-06-04T17:48:40,2026-06-04T21:40:25,13905,"billing=16,cpu=16,gres/gpu:l40=3,gres/gpu=3,gres/tmp=1073741824,mem=80G,node=1",,jn004,,,20260604_1748_rl_mistral_cifar_100_std,false,3
2665739,tunerl-rl_mistral_imagenette_std,CANCELLED by 221940,0:0,2026-06-04T17:48:39,2026-06-04T17:48:40,2026-06-04T21:40:20,13900,"billing=16,cpu=16,gres/gpu:l40=3,gres/gpu=3,gres/tmp=1073741824,mem=80G,node=1","billing=16,cpu=16,gres/gpu=3,gres/tmp=1073741824,mem=80G,node=1",jn011,standard,0,20260604_1748_rl_mistral_imagenette_std,false,3
2665739.batch,batch,FAILED,1:0,2026-06-04T17:48:40,2026-06-04T17:48:40,2026-06-04T21:40:23,13903,"cpu=16,gres/gpu:l40=3,gres/gpu=3,gres/tmp=1073741824,mem=80G,node=1",,jn011,,,20260604_1748_rl_mistral_imagenette_std,false,3
2665739.extern,extern,COMPLETED,0:0,2026-06-04T17:48:40,2026-06-04T17:48:40,2026-06-04T21:40:23,13903,"billing=16,cpu=16,gres/gpu:l40=3,gres/gpu=3,gres/tmp=1073741824,mem=80G,node=1",,jn011,,,20260604_1748_rl_mistral_imagenette_std,false,3
2665741,tunerl-rl_qwen_cifar_10_std,FAILED,1:0,2026-06-04T17:48:39,2026-06-04T17:48:40,2026-06-05T09:37:41,56941,"billing=16,cpu=16,gres/gpu:l40=3,gres/gpu=3,gres/tmp=1073741824,mem=80G,node=1","billing=16,cpu=16,gres/gpu=3,gres/tmp=1073741824,mem=80G,node=1",jn102,standard,0,20260604_1748_rl_qwen_cifar_10_std,false,3
2665741.batch,batch,FAILED,1:0,2026-06-04T17:48:40,2026-06-04T17:48:40,2026-06-05T09:37:41,56941,"cpu=16,gres/gpu:l40=3,gres/gpu=3,gres/tmp=1073741824,mem=80G,node=1",,jn102,,,20260604_1748_rl_qwen_cifar_10_std,false,3
2665741.extern,extern,COMPLETED,0:0,2026-06-04T17:48:40,2026-06-04T17:48:40,2026-06-05T09:37:41,56941,"billing=16,cpu=16,gres/gpu:l40=3,gres/gpu=3,gres/tmp=1073741824,mem=80G,node=1",,jn102,,,20260604_1748_rl_qwen_cifar_10_std,false,3
2665743,tunerl-rl_qwen_cifar_100_std,FAILED,1:0,2026-06-04T17:48:39,2026-06-04T17:48:40,2026-06-05T09:37:42,56942,"billing=16,cpu=16,gres/gpu:l40=3,gres/gpu=3,gres/tmp=1073741824,mem=80G,node=1","billing=16,cpu=16,gres/gpu=3,gres/tmp=1073741824,mem=80G,node=1",jn116,standard,0,20260604_1748_rl_qwen_cifar_100_std,false,3
2665743.batch,batch,FAILED,1:0,2026-06-04T17:48:40,2026-06-04T17:48:40,2026-06-05T09:37:42,56942,"cpu=16,gres/gpu:l40=3,gres/gpu=3,gres/tmp=1073741824,mem=80G,node=1",,jn116,,,20260604_1748_rl_qwen_cifar_100_std,false,3
2665743.extern,extern,COMPLETED,0:0,2026-06-04T17:48:40,2026-06-04T17:48:40,2026-06-05T09:37:42,56942,"billing=16,cpu=16,gres/gpu:l40=3,gres/gpu=3,gres/tmp=1073741824,mem=80G,node=1",,jn116,,,20260604_1748_rl_qwen_cifar_100_std,false,3
2665745,tunerl-rl_qwen_imagenette_std,FAILED,1:0,2026-06-04T17:48:39,2026-06-04T17:48:40,2026-06-05T09:37:47,56947,"billing=16,cpu=16,gres/gpu:l40=3,gres/gpu=3,gres/tmp=1073741824,mem=80G,node=1","billing=16,cpu=16,gres/gpu=3,gres/tmp=1073741824,mem=80G,node=1",jn118,standard,0,20260604_1748_rl_qwen_imagenette_std,false,3
2665745.batch,batch,FAILED,1:0,2026-06-04T17:48:40,2026-06-04T17:48:40,2026-06-05T09:37:47,56947,"cpu=16,gres/gpu:l40=3,gres/gpu=3,gres/tmp=1073741824,mem=80G,node=1",,jn118,,,20260604_1748_rl_qwen_imagenette_std,false,3
2665745.extern,extern,COMPLETED,0:0,2026-06-04T17:48:40,2026-06-04T17:48:40,2026-06-05T09:37:47,56947,"billing=16,cpu=16,gres/gpu:l40=3,gres/gpu=3,gres/tmp=1073741824,mem=80G,node=1",,jn118,,,20260604_1748_rl_qwen_imagenette_std,false,3
2665757,tunerl-rl_dscoder_cifar_10_gcvl,CANCELLED by 221940,0:0,2026-06-04T18:14:18,2026-06-04T18:14:28,2026-06-04T20:57:49,9801,"billing=16,cpu=16,gres/gpu:l40s=4,gres/gpu=4,gres/tmp=1073741824,mem=80G,node=1","billing=16,cpu=16,gres/gpu=4,gres/tmp=1073741824,mem=80G,node=1",jnfat07,gpu_computervision_long,0,20260604_1814_rl_dscoder_cifar_10_gcvl,false,4
2665757.batch,batch,FAILED,1:0,2026-06-04T18:14:28,2026-06-04T18:14:28,2026-06-04T20:57:53,9805,"cpu=16,gres/gpu:l40s=4,gres/gpu=4,gres/tmp=1073741824,mem=80G,node=1",,jnfat07,,,20260604_1814_rl_dscoder_cifar_10_gcvl,false,4
2665757.extern,extern,COMPLETED,0:0,2026-06-04T18:14:28,2026-06-04T18:14:28,2026-06-04T20:57:54,9806,"billing=16,cpu=16,gres/gpu:l40s=4,gres/gpu=4,gres/tmp=1073741824,mem=80G,node=1",,jnfat07,,,20260604_1814_rl_dscoder_cifar_10_gcvl,false,4
2665759,tunerl-rl_dscoder_cifar_100_gcvl,CANCELLED by 221940,0:0,2026-06-04T18:14:18,None,2026-06-04T18:29:10,0,,"billing=16,cpu=16,gres/gpu=4,gres/tmp=1073741824,mem=80G,node=1",None assigned,gpu_computervision_long,0,20260604_1814_rl_dscoder_cifar_100_gcvl,false,
2665761,tunerl-rl_dscoder_imagenette_gcvl,CANCELLED by 221940,0:0,2026-06-04T18:14:18,None,2026-06-04T18:29:09,0,,"billing=16,cpu=16,gres/gpu=4,gres/tmp=1073741824,mem=80G,node=1",None assigned,gpu_computervision_long,0,20260604_1814_rl_dscoder_imagenette_gcvl,false,
2665770,tunerl-rl_dscoder_cifar_100_std,CANCELLED by 221940,0:0,2026-06-04T18:29:11,2026-06-04T18:29:12,2026-06-04T20:57:50,8918,"billing=16,cpu=16,gres/gpu:l40=3,gres/gpu=3,gres/tmp=1073741824,mem=80G,node=1","billing=16,cpu=16,gres/gpu=3,gres/tmp=1073741824,mem=80G,node=1",jn019,standard,0,20260604_1829_rl_dscoder_cifar_100_std,false,3
2665770.batch,batch,FAILED,1:0,2026-06-04T18:29:12,2026-06-04T18:29:12,2026-06-04T20:57:57,8925,"cpu=16,gres/gpu:l40=3,gres/gpu=3,gres/tmp=1073741824,mem=80G,node=1",,jn019,,,20260604_1829_rl_dscoder_cifar_100_std,false,3
2665770.extern,extern,COMPLETED,0:0,2026-06-04T18:29:12,2026-06-04T18:29:12,2026-06-04T20:57:58,8926,"billing=16,cpu=16,gres/gpu:l40=3,gres/gpu=3,gres/tmp=1073741824,mem=80G,node=1",,jn019,,,20260604_1829_rl_dscoder_cifar_100_std,false,3
2665772,tunerl-rl_dscoder_imagenette_std,CANCELLED by 221940,0:0,2026-06-04T18:29:11,2026-06-04T18:29:12,2026-06-04T20:57:49,8917,"billing=16,cpu=16,gres/gpu:l40=3,gres/gpu=3,gres/tmp=1073741824,mem=80G,node=1","billing=16,cpu=16,gres/gpu=3,gres/tmp=1073741824,mem=80G,node=1",jn101,standard,0,20260604_1829_rl_dscoder_imagenette_std,false,3
2665772.batch,batch,FAILED,1:0,2026-06-04T18:29:12,2026-06-04T18:29:12,2026-06-04T20:57:55,8923,"cpu=16,gres/gpu:l40=3,gres/gpu=3,gres/tmp=1073741824,mem=80G,node=1",,jn101,,,20260604_1829_rl_dscoder_imagenette_std,false,3
2665772.extern,extern,COMPLETED,0:0,2026-06-04T18:29:12,2026-06-04T18:29:12,2026-06-04T20:57:56,8924,"billing=16,cpu=16,gres/gpu:l40=3,gres/gpu=3,gres/tmp=1073741824,mem=80G,node=1",,jn101,,,20260604_1829_rl_dscoder_imagenette_std,false,3
2665839,tunerl-rl_dscoder_cifar_10_std,FAILED,1:0,2026-06-04T20:57:51,2026-06-04T20:57:51,2026-06-05T09:37:43,45592,"billing=16,cpu=16,gres/gpu:l40=3,gres/gpu=3,gres/tmp=1073741824,mem=80G,node=1","billing=16,cpu=16,gres/gpu=3,gres/tmp=1073741824,mem=80G,node=1",jn009,standard,0,20260604_2057_rl_dscoder_cifar_10_std,false,3
2665839.batch,batch,FAILED,1:0,2026-06-04T20:57:51,2026-06-04T20:57:51,2026-06-05T09:37:43,45592,"cpu=16,gres/gpu:l40=3,gres/gpu=3,gres/tmp=1073741824,mem=80G,node=1",,jn009,,,20260604_2057_rl_dscoder_cifar_10_std,false,3
2665839.extern,extern,COMPLETED,0:0,2026-06-04T20:57:51,2026-06-04T20:57:51,2026-06-05T09:37:43,45592,"billing=16,cpu=16,gres/gpu:l40=3,gres/gpu=3,gres/tmp=1073741824,mem=80G,node=1",,jn009,,,20260604_2057_rl_dscoder_cifar_10_std,false,3
2665841,tunerl-rl_dscoder_cifar_100_std,FAILED,1:0,2026-06-04T20:57:51,2026-06-04T20:57:51,2026-06-05T09:37:46,45595,"billing=16,cpu=16,gres/gpu:l40=3,gres/gpu=3,gres/tmp=1073741824,mem=80G,node=1","billing=16,cpu=16,gres/gpu=3,gres/tmp=1073741824,mem=80G,node=1",jn117,standard,0,20260604_2057_rl_dscoder_cifar_100_std,false,3
2665841.batch,batch,FAILED,1:0,2026-06-04T20:57:51,2026-06-04T20:57:51,2026-06-05T09:37:46,45595,"cpu=16,gres/gpu:l40=3,gres/gpu=3,gres/tmp=1073741824,mem=80G,node=1",,jn117,,,20260604_2057_rl_dscoder_cifar_100_std,false,3
2665841.extern,extern,COMPLETED,0:0,2026-06-04T20:57:51,2026-06-04T20:57:51,2026-06-05T09:37:46,45595,"billing=16,cpu=16,gres/gpu:l40=3,gres/gpu=3,gres/tmp=1073741824,mem=80G,node=1",,jn117,,,20260604_2057_rl_dscoder_cifar_100_std,false,3
2665843,tunerl-rl_dscoder_imagenette_std,FAILED,1:0,2026-06-04T20:57:51,2026-06-04T20:57:51,2026-06-04T23:39:48,9717,"billing=16,cpu=16,gres/gpu:l40s=3,gres/gpu=3,gres/tmp=1073741824,mem=80G,node=1","billing=16,cpu=16,gres/gpu=3,gres/tmp=1073741824,mem=80G,node=1",jnfat01,standard,0,20260604_2057_rl_dscoder_imagenette_std,false,3
2665843.batch,batch,FAILED,1:0,2026-06-04T20:57:51,2026-06-04T20:57:51,2026-06-04T23:39:48,9717,"cpu=16,gres/gpu:l40s=3,gres/gpu=3,gres/tmp=1073741824,mem=80G,node=1",,jnfat01,,,20260604_2057_rl_dscoder_imagenette_std,false,3
2665843.extern,extern,COMPLETED,0:0,2026-06-04T20:57:51,2026-06-04T20:57:51,2026-06-04T23:39:48,9717,"billing=16,cpu=16,gres/gpu:l40s=3,gres/gpu=3,gres/tmp=1073741824,mem=80G,node=1",,jnfat01,,,20260604_2057_rl_dscoder_imagenette_std,false,3
2665854,tunerl-rl_mistral_a7_cifar_10_std,CANCELLED by 221940,0:0,2026-06-04T21:22:36,2026-06-04T21:22:36,2026-06-04T21:40:20,1064,"billing=16,cpu=16,gres/gpu:l40=3,gres/gpu=3,gres/tmp=1073741824,mem=80G,node=1","billing=16,cpu=16,gres/gpu=3,gres/tmp=1073741824,mem=80G,node=1",jn019,standard,0,20260604_2122_rl_mistral_a7_cifar_10_std,false,3
2665854.batch,batch,FAILED,1:0,2026-06-04T21:22:36,2026-06-04T21:22:36,2026-06-04T21:40:23,1067,"cpu=16,gres/gpu:l40=3,gres/gpu=3,gres/tmp=1073741824,mem=80G,node=1",,jn019,,,20260604_2122_rl_mistral_a7_cifar_10_std,false,3
2665854.extern,extern,COMPLETED,0:0,2026-06-04T21:22:36,2026-06-04T21:22:36,2026-06-04T21:40:24,1068,"billing=16,cpu=16,gres/gpu:l40=3,gres/gpu=3,gres/tmp=1073741824,mem=80G,node=1",,jn019,,,20260604_2122_rl_mistral_a7_cifar_10_std,false,3
2665858,tunerl-rl_mistral_a7_cifar_10_std,CANCELLED by 221940,0:0,2026-06-04T21:40:22,2026-06-04T21:40:23,2026-06-04T23:00:48,4825,"billing=16,cpu=16,gres/gpu:l40=3,gres/gpu=3,gres/tmp=1073741824,mem=80G,node=1","billing=16,cpu=16,gres/gpu=3,gres/tmp=1073741824,mem=80G,node=1",jn101,standard,0,20260604_2140_rl_mistral_a7_cifar_10_std,false,3
2665858.batch,batch,FAILED,1:0,2026-06-04T21:40:23,2026-06-04T21:40:23,2026-06-04T23:00:55,4832,"cpu=16,gres/gpu:l40=3,gres/gpu=3,gres/tmp=1073741824,mem=80G,node=1",,jn101,,,20260604_2140_rl_mistral_a7_cifar_10_std,false,3
2665858.extern,extern,COMPLETED,0:0,2026-06-04T21:40:23,2026-06-04T21:40:23,2026-06-04T23:00:55,4832,"billing=16,cpu=16,gres/gpu:l40=3,gres/gpu=3,gres/tmp=1073741824,mem=80G,node=1",,jn101,,,20260604_2140_rl_mistral_a7_cifar_10_std,false,3
2665860,tunerl-rl_mistral_a7_cifar_100_std,CANCELLED by 221940,0:0,2026-06-04T21:40:22,2026-06-04T21:40:23,2026-06-04T23:00:49,4826,"billing=16,cpu=16,gres/gpu:l40=3,gres/gpu=3,gres/tmp=1073741824,mem=80G,node=1","billing=16,cpu=16,gres/gpu=3,gres/tmp=1073741824,mem=80G,node=1",jn119,standard,0,20260604_2140_rl_mistral_a7_cifar_100_std,false,3
2665860.batch,batch,FAILED,1:0,2026-06-04T21:40:23,2026-06-04T21:40:23,2026-06-04T23:00:53,4830,"cpu=16,gres/gpu:l40=3,gres/gpu=3,gres/tmp=1073741824,mem=80G,node=1",,jn119,,,20260604_2140_rl_mistral_a7_cifar_100_std,false,3
2665860.extern,extern,COMPLETED,0:0,2026-06-04T21:40:23,2026-06-04T21:40:23,2026-06-04T23:00:54,4831,"billing=16,cpu=16,gres/gpu:l40=3,gres/gpu=3,gres/tmp=1073741824,mem=80G,node=1",,jn119,,,20260604_2140_rl_mistral_a7_cifar_100_std,false,3
2665862,tunerl-rl_mistral_a7_imagenette_std,CANCELLED by 221940,0:0,2026-06-04T21:40:22,2026-06-04T21:40:23,2026-06-04T23:00:48,4825,"billing=16,cpu=16,gres/gpu:l40=3,gres/gpu=3,gres/tmp=1073741824,mem=80G,node=1","billing=16,cpu=16,gres/gpu=3,gres/tmp=1073741824,mem=80G,node=1",jn120,standard,0,20260604_2140_rl_mistral_a7_imagenette_std,false,3
2665862.batch,batch,FAILED,1:0,2026-06-04T21:40:23,2026-06-04T21:40:23,2026-06-04T23:00:52,4829,"cpu=16,gres/gpu:l40=3,gres/gpu=3,gres/tmp=1073741824,mem=80G,node=1",,jn120,,,20260604_2140_rl_mistral_a7_imagenette_std,false,3
2665862.extern,extern,COMPLETED,0:0,2026-06-04T21:40:23,2026-06-04T21:40:23,2026-06-04T23:00:53,4830,"billing=16,cpu=16,gres/gpu:l40=3,gres/gpu=3,gres/tmp=1073741824,mem=80G,node=1",,jn120,,,20260604_2140_rl_mistral_a7_imagenette_std,false,3
2665890,tunerl-rl_mistral_a7_cifar_10_std,CANCELLED by 221940,0:0,2026-06-04T23:00:50,2026-06-04T23:00:50,2026-06-04T23:49:34,2924,"billing=16,cpu=16,gres/gpu:l40=3,gres/gpu=3,gres/tmp=1073741824,mem=80G,node=1","billing=16,cpu=16,gres/gpu=3,gres/tmp=1073741824,mem=80G,node=1",jn002,standard,0,20260604_2300_rl_mistral_a7_cifar_10_std,false,3
2665890.batch,batch,FAILED,1:0,2026-06-04T23:00:50,2026-06-04T23:00:50,2026-06-04T23:49:38,2928,"cpu=16,gres/gpu:l40=3,gres/gpu=3,gres/tmp=1073741824,mem=80G,node=1",,jn002,,,20260604_2300_rl_mistral_a7_cifar_10_std,false,3
2665890.extern,extern,COMPLETED,0:0,2026-06-04T23:00:50,2026-06-04T23:00:50,2026-06-04T23:49:38,2928,"billing=16,cpu=16,gres/gpu:l40=3,gres/gpu=3,gres/tmp=1073741824,mem=80G,node=1",,jn002,,,20260604_2300_rl_mistral_a7_cifar_10_std,false,3
2665892,tunerl-rl_mistral_a7_cifar_100_std,CANCELLED by 221940,0:0,2026-06-04T23:00:51,2026-06-04T23:00:53,2026-06-04T23:49:34,2921,"billing=16,cpu=16,gres/gpu:l40=3,gres/gpu=3,gres/tmp=1073741824,mem=80G,node=1","billing=16,cpu=16,gres/gpu=3,gres/tmp=1073741824,mem=80G,node=1",jn011,standard,0,20260604_2300_rl_mistral_a7_cifar_100_std,false,3
2665892.batch,batch,FAILED,1:0,2026-06-04T23:00:53,2026-06-04T23:00:53,2026-06-04T23:49:38,2925,"cpu=16,gres/gpu:l40=3,gres/gpu=3,gres/tmp=1073741824,mem=80G,node=1",,jn011,,,20260604_2300_rl_mistral_a7_cifar_100_std,false,3
2665892.extern,extern,COMPLETED,0:0,2026-06-04T23:00:53,2026-06-04T23:00:53,2026-06-04T23:49:39,2926,"billing=16,cpu=16,gres/gpu:l40=3,gres/gpu=3,gres/tmp=1073741824,mem=80G,node=1",,jn011,,,20260604_2300_rl_mistral_a7_cifar_100_std,false,3
2665894,tunerl-rl_mistral_a7_imagenette_std,CANCELLED by 221940,0:0,2026-06-04T23:00:51,2026-06-04T23:00:53,2026-06-04T23:49:34,2921,"billing=16,cpu=16,gres/gpu:l40=3,gres/gpu=3,gres/tmp=1073741824,mem=80G,node=1","billing=16,cpu=16,gres/gpu=3,gres/tmp=1073741824,mem=80G,node=1",jn019,standard,0,20260604_2300_rl_mistral_a7_imagenette_std,false,3
2665894.batch,batch,FAILED,1:0,2026-06-04T23:00:53,2026-06-04T23:00:53,2026-06-04T23:49:38,2925,"cpu=16,gres/gpu:l40=3,gres/gpu=3,gres/tmp=1073741824,mem=80G,node=1",,jn019,,,20260604_2300_rl_mistral_a7_imagenette_std,false,3
2665894.extern,extern,COMPLETED,0:0,2026-06-04T23:00:53,2026-06-04T23:00:53,2026-06-04T23:49:39,2926,"billing=16,cpu=16,gres/gpu:l40=3,gres/gpu=3,gres/tmp=1073741824,mem=80G,node=1",,jn019,,,20260604_2300_rl_mistral_a7_imagenette_std,false,3
2665917,tunerl-mistral_a7_cifar_10_kl04,FAILED,1:0,2026-06-04T23:49:49,2026-06-04T23:49:49,2026-06-04T23:50:06,17,"billing=16,cpu=16,gres/gpu:l40=3,gres/gpu=3,gres/tmp=1073741824,mem=80G,node=1","billing=16,cpu=16,gres/gpu=3,gres/tmp=1073741824,mem=80G,node=1",jn002,standard,0,20260604_2349_mistral_a7_cifar_10_kl04,false,3
2665917.batch,batch,FAILED,1:0,2026-06-04T23:49:49,2026-06-04T23:49:49,2026-06-04T23:50:06,17,"cpu=16,gres/gpu:l40=3,gres/gpu=3,gres/tmp=1073741824,mem=80G,node=1",,jn002,,,20260604_2349_mistral_a7_cifar_10_kl04,false,3
2665917.extern,extern,COMPLETED,0:0,2026-06-04T23:49:49,2026-06-04T23:49:49,2026-06-04T23:50:06,17,"billing=16,cpu=16,gres/gpu:l40=3,gres/gpu=3,gres/tmp=1073741824,mem=80G,node=1",,jn002,,,20260604_2349_mistral_a7_cifar_10_kl04,false,3
2665919,tunerl-mistral_a7_cifar_100_kl04,FAILED,1:0,2026-06-04T23:49:49,2026-06-04T23:49:49,2026-06-04T23:50:06,17,"billing=16,cpu=16,gres/gpu:l40=3,gres/gpu=3,gres/tmp=1073741824,mem=80G,node=1","billing=16,cpu=16,gres/gpu=3,gres/tmp=1073741824,mem=80G,node=1",jn019,standard,0,20260604_2349_mistral_a7_cifar_100_kl04,false,3
2665919.batch,batch,FAILED,1:0,2026-06-04T23:49:49,2026-06-04T23:49:49,2026-06-04T23:50:06,17,"cpu=16,gres/gpu:l40=3,gres/gpu=3,gres/tmp=1073741824,mem=80G,node=1",,jn019,,,20260604_2349_mistral_a7_cifar_100_kl04,false,3
2665919.extern,extern,COMPLETED,0:0,2026-06-04T23:49:49,2026-06-04T23:49:49,2026-06-04T23:50:06,17,"billing=16,cpu=16,gres/gpu:l40=3,gres/gpu=3,gres/tmp=1073741824,mem=80G,node=1",,jn019,,,20260604_2349_mistral_a7_cifar_100_kl04,false,3
2665921,tunerl-mistral_a7_imagenette_kl04,CANCELLED by 221940,0:0,2026-06-04T23:49:49,2026-06-04T23:49:50,2026-06-05T00:32:48,2578,"billing=16,cpu=16,gres/gpu:l40=3,gres/gpu=3,gres/tmp=1073741824,mem=80G,node=1","billing=16,cpu=16,gres/gpu=3,gres/tmp=1073741824,mem=80G,node=1",jn101,standard,0,20260604_2349_mistral_a7_imagenette_kl04,false,3
2665921.batch,batch,FAILED,1:0,2026-06-04T23:49:50,2026-06-04T23:49:50,2026-06-05T00:32:52,2582,"cpu=16,gres/gpu:l40=3,gres/gpu=3,gres/tmp=1073741824,mem=80G,node=1",,jn101,,,20260604_2349_mistral_a7_imagenette_kl04,false,3
2665921.extern,extern,COMPLETED,0:0,2026-06-04T23:49:50,2026-06-04T23:49:50,2026-06-05T00:32:52,2582,"billing=16,cpu=16,gres/gpu:l40=3,gres/gpu=3,gres/tmp=1073741824,mem=80G,node=1",,jn101,,,20260604_2349_mistral_a7_imagenette_kl04,false,3
2665923,tunerl-dscoder_imagenette_std,OUT_OF_MEMORY,0:125,2026-06-04T23:50:34,2026-06-04T23:50:34,2026-06-05T01:38:14,6460,"billing=16,cpu=16,gres/gpu:l40=3,gres/gpu=3,gres/tmp=1073741824,mem=80G,node=1","billing=16,cpu=16,gres/gpu=3,gres/tmp=1073741824,mem=80G,node=1",jn002,standard,0,20260604_2350_dscoder_imagenette_std,false,3
2665923.batch,batch,OUT_OF_MEMORY,0:125,2026-06-04T23:50:34,2026-06-04T23:50:34,2026-06-05T01:38:14,6460,"cpu=16,gres/gpu:l40=3,gres/gpu=3,gres/tmp=1073741824,mem=80G,node=1",,jn002,,,20260604_2350_dscoder_imagenette_std,false,3
2665923.extern,extern,COMPLETED,0:0,2026-06-04T23:50:34,2026-06-04T23:50:34,2026-06-05T01:38:14,6460,"billing=16,cpu=16,gres/gpu:l40=3,gres/gpu=3,gres/tmp=1073741824,mem=80G,node=1",,jn002,,,20260604_2350_dscoder_imagenette_std,false,3
2665929,tunerl-mistral_a7_cifar_10_kl04,CANCELLED by 221940,0:0,2026-06-04T23:55:38,2026-06-04T23:55:38,2026-06-05T00:32:48,2230,"billing=16,cpu=16,gres/gpu:l40=3,gres/gpu=3,gres/tmp=1073741824,mem=80G,node=1","billing=16,cpu=16,gres/gpu=3,gres/tmp=1073741824,mem=80G,node=1",jn019,standard,0,20260604_2355_mistral_a7_cifar_10_kl04,false,3
2665929.batch,batch,FAILED,1:0,2026-06-04T23:55:38,2026-06-04T23:55:38,2026-06-05T00:32:52,2234,"cpu=16,gres/gpu:l40=3,gres/gpu=3,gres/tmp=1073741824,mem=80G,node=1",,jn019,,,20260604_2355_mistral_a7_cifar_10_kl04,false,3
2665929.extern,extern,COMPLETED,0:0,2026-06-04T23:55:38,2026-06-04T23:55:38,2026-06-05T00:32:52,2234,"billing=16,cpu=16,gres/gpu:l40=3,gres/gpu=3,gres/tmp=1073741824,mem=80G,node=1",,jn019,,,20260604_2355_mistral_a7_cifar_10_kl04,false,3
2665931,tunerl-mistral_a7_cifar_100_kl04,CANCELLED by 221940,0:0,2026-06-04T23:55:38,2026-06-04T23:55:38,2026-06-05T00:32:49,2231,"billing=16,cpu=16,gres/gpu:l40s=3,gres/gpu=3,gres/tmp=1073741824,mem=80G,node=1","billing=16,cpu=16,gres/gpu=3,gres/tmp=1073741824,mem=80G,node=1",jnfat01,standard,0,20260604_2355_mistral_a7_cifar_100_kl04,false,3
2665931.batch,batch,FAILED,1:0,2026-06-04T23:55:38,2026-06-04T23:55:38,2026-06-05T00:32:52,2234,"cpu=16,gres/gpu:l40s=3,gres/gpu=3,gres/tmp=1073741824,mem=80G,node=1",,jnfat01,,,20260604_2355_mistral_a7_cifar_100_kl04,false,3
2665931.extern,extern,COMPLETED,0:0,2026-06-04T23:55:38,2026-06-04T23:55:38,2026-06-05T00:32:52,2234,"billing=16,cpu=16,gres/gpu:l40s=3,gres/gpu=3,gres/tmp=1073741824,mem=80G,node=1",,jnfat01,,,20260604_2355_mistral_a7_cifar_100_kl04,false,3
2665950,tunerl-mistral_a7_cifar_10_kl08,FAILED,1:0,2026-06-05T00:33:41,2026-06-05T00:33:41,2026-06-05T13:35:36,46915,"billing=16,cpu=16,gres/gpu:l40=3,gres/gpu=3,gres/tmp=1073741824,mem=80G,node=1","billing=16,cpu=16,gres/gpu=3,gres/tmp=1073741824,mem=80G,node=1",jn019,standard,0,20260605_0033_mistral_a7_cifar_10_kl08,false,3
2665950.batch,batch,FAILED,1:0,2026-06-05T00:33:41,2026-06-05T00:33:41,2026-06-05T13:35:36,46915,"cpu=16,gres/gpu:l40=3,gres/gpu=3,gres/tmp=1073741824,mem=80G,node=1",,jn019,,,20260605_0033_mistral_a7_cifar_10_kl08,false,3
2665950.extern,extern,COMPLETED,0:0,2026-06-05T00:33:41,2026-06-05T00:33:41,2026-06-05T13:35:36,46915,"billing=16,cpu=16,gres/gpu:l40=3,gres/gpu=3,gres/tmp=1073741824,mem=80G,node=1",,jn019,,,20260605_0033_mistral_a7_cifar_10_kl08,false,3
2665952,tunerl-mistral_a7_cifar_100_kl08,OUT_OF_MEMORY,0:125,2026-06-05T00:33:41,2026-06-05T00:33:41,2026-06-05T07:30:53,25032,"billing=16,cpu=16,gres/gpu:l40=3,gres/gpu=3,gres/tmp=1073741824,mem=80G,node=1","billing=16,cpu=16,gres/gpu=3,gres/tmp=1073741824,mem=80G,node=1",jn101,standard,0,20260605_0033_mistral_a7_cifar_100_kl08,false,3
2665952.batch,batch,OUT_OF_MEMORY,0:125,2026-06-05T00:33:41,2026-06-05T00:33:41,2026-06-05T07:30:53,25032,"cpu=16,gres/gpu:l40=3,gres/gpu=3,gres/tmp=1073741824,mem=80G,node=1",,jn101,,,20260605_0033_mistral_a7_cifar_100_kl08,false,3
2665952.extern,extern,COMPLETED,0:0,2026-06-05T00:33:41,2026-06-05T00:33:41,2026-06-05T07:30:53,25032,"billing=16,cpu=16,gres/gpu:l40=3,gres/gpu=3,gres/tmp=1073741824,mem=80G,node=1",,jn101,,,20260605_0033_mistral_a7_cifar_100_kl08,false,3
2665954,tunerl-mistral_a7_imagenette_kl08,OUT_OF_MEMORY,0:125,2026-06-05T00:33:41,2026-06-05T00:33:41,2026-06-05T08:08:28,27287,"billing=16,cpu=16,gres/gpu:l40s=3,gres/gpu=3,gres/tmp=1073741824,mem=80G,node=1","billing=16,cpu=16,gres/gpu=3,gres/tmp=1073741824,mem=80G,node=1",jnfat01,standard,0,20260605_0033_mistral_a7_imagenette_kl08,false,3
2665954.batch,batch,OUT_OF_MEMORY,0:125,2026-06-05T00:33:41,2026-06-05T00:33:41,2026-06-05T08:08:28,27287,"cpu=16,gres/gpu:l40s=3,gres/gpu=3,gres/tmp=1073741824,mem=80G,node=1",,jnfat01,,,20260605_0033_mistral_a7_imagenette_kl08,false,3
2665954.extern,extern,COMPLETED,0:0,2026-06-05T00:33:41,2026-06-05T00:33:41,2026-06-05T08:08:28,27287,"billing=16,cpu=16,gres/gpu:l40s=3,gres/gpu=3,gres/tmp=1073741824,mem=80G,node=1",,jnfat01,,,20260605_0033_mistral_a7_imagenette_kl08,false,3
2666209,tunerl-dscoder_imagenette_h100,COMPLETED,0:0,2026-06-05T09:25:20,2026-06-05T11:40:26,2026-06-05T17:08:49,19703,"billing=16,cpu=16,gres/gpu:h100=4,gres/gpu=4,gres/tmp=1073741824,mem=80G,node=1","billing=16,cpu=16,gres/gpu=4,gres/tmp=1073741824,mem=80G,node=1",jnultra01,h100,0,20260605_0925_dscoder_imagenette_h100,false,4
2666209.batch,batch,COMPLETED,0:0,2026-06-05T11:40:26,2026-06-05T11:40:26,2026-06-05T17:08:49,19703,"cpu=16,gres/gpu:h100=4,gres/gpu=4,gres/tmp=1073741824,mem=80G,node=1",,jnultra01,,,20260605_0925_dscoder_imagenette_h100,false,4
2666209.extern,extern,COMPLETED,0:0,2026-06-05T11:40:26,2026-06-05T11:40:26,2026-06-05T17:08:49,19703,"billing=16,cpu=16,gres/gpu:h100=4,gres/gpu=4,gres/tmp=1073741824,mem=80G,node=1",,jnultra01,,,20260605_0925_dscoder_imagenette_h100,false,4
2666346,sft10-granite4_1_8b,CANCELLED by 221940,0:0,2026-06-05T13:18:28,2026-06-05T13:28:36,2026-06-05T16:19:18,10242,"billing=32,cpu=32,gres/gpu:l40s=4,gres/gpu=4,gres/tmp=1073741824,mem=160G,node=1","billing=32,cpu=32,gres/gpu=4,gres/tmp=1073741824,mem=160G,node=1",jnfat04,gpu_computervision_long,0,20260605_granite_olympic_1pattern_sft10_granite4_1_8b,false,4
2666346.batch,batch,CANCELLED,0:15,2026-06-05T13:28:36,2026-06-05T13:28:36,2026-06-05T16:19:19,10243,"cpu=32,gres/gpu:l40s=4,gres/gpu=4,gres/tmp=1073741824,mem=160G,node=1",,jnfat04,,,20260605_granite_olympic_1pattern_sft10_granite4_1_8b,false,4
2666346.extern,extern,COMPLETED,0:0,2026-06-05T13:28:36,2026-06-05T13:28:36,2026-06-05T16:19:19,10243,"billing=32,cpu=32,gres/gpu:l40s=4,gres/gpu=4,gres/tmp=1073741824,mem=160G,node=1",,jnfat04,,,20260605_granite_olympic_1pattern_sft10_granite4_1_8b,false,4
2666347,sft10-olympiccoder7b,CANCELLED by 221940,0:0,2026-06-05T13:18:28,2026-06-05T13:24:48,2026-06-05T16:19:19,10471,"billing=32,cpu=32,gres/gpu:l40s=4,gres/gpu=4,gres/tmp=1073741824,mem=160G,node=1","billing=32,cpu=32,gres/gpu=4,gres/tmp=1073741824,mem=160G,node=1",jnfat04,gpu_computervision_long,0,20260605_granite_olympic_1pattern_sft10_olympiccoder7b,false,4
2666347.batch,batch,CANCELLED,0:15,2026-06-05T13:24:48,2026-06-05T13:24:48,2026-06-05T16:19:20,10472,"cpu=32,gres/gpu:l40s=4,gres/gpu=4,gres/tmp=1073741824,mem=160G,node=1",,jnfat04,,,20260605_granite_olympic_1pattern_sft10_olympiccoder7b,false,4
2666347.extern,extern,COMPLETED,0:0,2026-06-05T13:24:48,2026-06-05T13:24:48,2026-06-05T16:19:20,10472,"billing=32,cpu=32,gres/gpu:l40s=4,gres/gpu=4,gres/tmp=1073741824,mem=160G,node=1",,jnfat04,,,20260605_granite_olympic_1pattern_sft10_olympiccoder7b,false,4
2666484,qwen-c10-ckpt130-gen30,COMPLETED,0:0,2026-06-05T15:45:54,2026-06-05T15:45:54,2026-06-05T15:54:22,508,"billing=8,cpu=8,gres/gpu:l40s=1,gres/gpu=1,gres/tmp=1073741824,mem=64G,node=1","billing=8,cpu=8,gres/gpu=1,gres/tmp=1073741824,mem=64G,node=1",jnfat07,gpu_computervision,0,20260605_qwen_cifar10_ckpt130_min32,false,1
2666484.batch,batch,COMPLETED,0:0,2026-06-05T15:45:54,2026-06-05T15:45:54,2026-06-05T15:54:22,508,"cpu=8,gres/gpu:l40s=1,gres/gpu=1,gres/tmp=1073741824,mem=64G,node=1",,jnfat07,,,20260605_qwen_cifar10_ckpt130_min32,false,1
2666484.extern,extern,COMPLETED,0:0,2026-06-05T15:45:54,2026-06-05T15:45:54,2026-06-05T15:54:22,508,"billing=8,cpu=8,gres/gpu:l40s=1,gres/gpu=1,gres/tmp=1073741824,mem=64G,node=1",,jnfat07,,,20260605_qwen_cifar10_ckpt130_min32,false,1
2666583,gen-ds-img-ckpt125,COMPLETED,0:0,2026-06-05T17:39:13,2026-06-05T17:39:13,2026-06-05T17:59:43,1230,"billing=8,cpu=8,gres/gpu:l40s=1,gres/gpu=1,gres/tmp=1073741824,mem=64G,node=1","billing=8,cpu=8,gres/gpu=1,gres/tmp=1073741824,mem=64G,node=1",jnfat05,gpu_computervision,0,20260605_rl_adapter_gen30_snapshot_min32,false,1
2666583.batch,batch,COMPLETED,0:0,2026-06-05T17:39:13,2026-06-05T17:39:13,2026-06-05T17:59:43,1230,"cpu=8,gres/gpu:l40s=1,gres/gpu=1,gres/tmp=1073741824,mem=64G,node=1",,jnfat05,,,20260605_rl_adapter_gen30_snapshot_min32,false,1
2666583.extern,extern,COMPLETED,0:0,2026-06-05T17:39:13,2026-06-05T17:39:13,2026-06-05T17:59:43,1230,"billing=8,cpu=8,gres/gpu:l40s=1,gres/gpu=1,gres/tmp=1073741824,mem=64G,node=1",,jnfat05,,,20260605_rl_adapter_gen30_snapshot_min32,false,1
2666708,sft10-granite-pipe0,FAILED,1:0,2026-06-05T21:04:48,2026-06-05T21:04:48,2026-06-06T02:08:34,18226,"billing=32,cpu=32,gres/gpu:l40s=4,gres/gpu=4,gres/tmp=1073741824,mem=160G,node=1","billing=32,cpu=32,gres/gpu=4,gres/tmp=1073741824,mem=160G,node=1",jnfat04,gpu_computervision_long,0,20260605_granite_1pattern_sft10_pipe0_granite4_1_8b,false,4
2666708.batch,batch,FAILED,1:0,2026-06-05T21:04:48,2026-06-05T21:04:48,2026-06-06T02:08:34,18226,"cpu=32,gres/gpu:l40s=4,gres/gpu=4,gres/tmp=1073741824,mem=160G,node=1",,jnfat04,,,20260605_granite_1pattern_sft10_pipe0_granite4_1_8b,false,4
2666708.extern,extern,COMPLETED,0:0,2026-06-05T21:04:48,2026-06-05T21:04:48,2026-06-06T02:08:34,18226,"billing=32,cpu=32,gres/gpu:l40s=4,gres/gpu=4,gres/tmp=1073741824,mem=160G,node=1",,jnfat04,,,20260605_granite_1pattern_sft10_pipe0_granite4_1_8b,false,4
2666897,sft10-olym-template,FAILED,1:0,2026-06-05T22:14:35,2026-06-05T22:14:35,2026-06-06T02:05:31,13856,"billing=32,cpu=32,gres/gpu:l40s=4,gres/gpu=4,gres/tmp=1073741824,mem=160G,node=1","billing=32,cpu=32,gres/gpu=4,gres/tmp=1073741824,mem=160G,node=1",jnfat05,gpu_computervision_long,0,20260605_olympiccoder_1pattern_sft10_pipe0_no_think_template,false,4
2666897.batch,batch,FAILED,1:0,2026-06-05T22:14:35,2026-06-05T22:14:35,2026-06-06T02:05:31,13856,"cpu=32,gres/gpu:l40s=4,gres/gpu=4,gres/tmp=1073741824,mem=160G,node=1",,jnfat05,,,20260605_olympiccoder_1pattern_sft10_pipe0_no_think_template,false,4
2666897.extern,extern,COMPLETED,0:0,2026-06-05T22:14:35,2026-06-05T22:14:35,2026-06-06T02:05:31,13856,"billing=32,cpu=32,gres/gpu:l40s=4,gres/gpu=4,gres/tmp=1073741824,mem=160G,node=1",,jnfat05,,,20260605_olympiccoder_1pattern_sft10_pipe0_no_think_template,false,4
2666910,tunerl-test_astlive_dscoder_cifar100_300,OUT_OF_MEMORY,0:125,2026-06-05T22:34:08,2026-06-05T22:34:08,2026-06-05T23:50:04,4556,"billing=32,cpu=32,gres/gpu:l40s=4,gres/gpu=4,gres/tmp=1073741824,mem=160G,node=1","billing=32,cpu=32,gres/gpu=4,gres/tmp=1073741824,mem=160G,node=1",jnfat05,gpu_computervision,0,20260605_2234_test_astlive_dscoder_cifar100_300,false,4
2666910.batch,batch,OUT_OF_MEMORY,0:125,2026-06-05T22:34:08,2026-06-05T22:34:08,2026-06-05T23:50:04,4556,"cpu=32,gres/gpu:l40s=4,gres/gpu=4,gres/tmp=1073741824,mem=160G,node=1",,jnfat05,,,20260605_2234_test_astlive_dscoder_cifar100_300,false,4
2666910.extern,extern,COMPLETED,0:0,2026-06-05T22:34:08,2026-06-05T22:34:08,2026-06-05T23:50:04,4556,"billing=32,cpu=32,gres/gpu:l40s=4,gres/gpu=4,gres/tmp=1073741824,mem=160G,node=1",,jnfat05,,,20260605_2234_test_astlive_dscoder_cifar100_300,false,4
2666954,tunerl-test_astlive_dscoder_cifar100_300_l40s_staticw,OUT_OF_MEMORY,0:125,2026-06-06T00:39:36,2026-06-06T00:39:36,2026-06-06T03:41:09,10893,"billing=32,cpu=32,gres/gpu:l40s=4,gres/gpu=4,gres/tmp=1073741824,mem=160G,node=1","billing=32,cpu=32,gres/gpu=4,gres/tmp=1073741824,mem=160G,node=1",jnfat05,gpu_computervision,0,20260606_0039_test_astlive_dscoder_cifar100_300_l40s_staticw,false,4
2666954.batch,batch,OUT_OF_MEMORY,0:125,2026-06-06T00:39:36,2026-06-06T00:39:36,2026-06-06T03:41:09,10893,"cpu=32,gres/gpu:l40s=4,gres/gpu=4,gres/tmp=1073741824,mem=160G,node=1",,jnfat05,,,20260606_0039_test_astlive_dscoder_cifar100_300_l40s_staticw,false,4
2666954.extern,extern,COMPLETED,0:0,2026-06-06T00:39:36,2026-06-06T00:39:36,2026-06-06T03:41:09,10893,"billing=32,cpu=32,gres/gpu:l40s=4,gres/gpu=4,gres/tmp=1073741824,mem=160G,node=1",,jnfat05,,,20260606_0039_test_astlive_dscoder_cifar100_300_l40s_staticw,false,4
2667168,tunerl-test_astlive_granite_cifar100_300_l40s_staticw,CANCELLED by 221940,0:0,2026-06-06T08:09:53,2026-06-06T08:09:53,2026-06-06T08:33:32,1419,"billing=32,cpu=32,gres/gpu:l40s=4,gres/gpu=4,gres/tmp=1073741824,mem=160G,node=1","billing=32,cpu=32,gres/gpu=4,gres/tmp=1073741824,mem=160G,node=1",jnfat04,gpu_computervision,0,20260606_0809_test_astlive_granite_cifar100_300_l40s_staticw,false,4
2667168.batch,batch,FAILED,1:0,2026-06-06T08:09:53,2026-06-06T08:09:53,2026-06-06T08:33:36,1423,"cpu=32,gres/gpu:l40s=4,gres/gpu=4,gres/tmp=1073741824,mem=160G,node=1",,jnfat04,,,20260606_0809_test_astlive_granite_cifar100_300_l40s_staticw,false,4
2667168.extern,extern,COMPLETED,0:0,2026-06-06T08:09:53,2026-06-06T08:09:53,2026-06-06T08:33:36,1423,"billing=32,cpu=32,gres/gpu:l40s=4,gres/gpu=4,gres/tmp=1073741824,mem=160G,node=1",,jnfat04,,,20260606_0809_test_astlive_granite_cifar100_300_l40s_staticw,false,4
2667178,sft10-olympiccoder-g6,CANCELLED by 221940,0:0,2026-06-06T08:23:15,2026-06-06T08:23:15,2026-06-07T01:39:52,62197,"billing=48,cpu=48,gres/gpu:l40s=6,gres/gpu=6,gres/tmp=1073741824,mem=240G,node=1","billing=48,cpu=48,gres/gpu=6,gres/tmp=1073741824,mem=240G,node=1",jnfat06,gpu_computervision,0,20260606_sft_restart_datacache_g6_olympiccoder,false,6
2667178.batch,batch,CANCELLED,0:15,2026-06-06T08:23:15,2026-06-06T08:23:15,2026-06-07T01:39:53,62198,"cpu=48,gres/gpu:l40s=6,gres/gpu=6,gres/tmp=1073741824,mem=240G,node=1",,jnfat06,,,20260606_sft_restart_datacache_g6_olympiccoder,false,6
2667178.extern,extern,COMPLETED,0:0,2026-06-06T08:23:15,2026-06-06T08:23:15,2026-06-07T01:39:54,62199,"billing=48,cpu=48,gres/gpu:l40s=6,gres/gpu=6,gres/tmp=1073741824,mem=240G,node=1",,jnfat06,,,20260606_sft_restart_datacache_g6_olympiccoder,false,6
2667182,tunerl-test_astlive_dscoder_cifar100_300_stablepool,COMPLETED,0:0,2026-06-06T08:35:05,2026-06-06T08:35:05,2026-06-06T12:35:58,14453,"billing=32,cpu=32,gres/gpu:l40s=4,gres/gpu=4,gres/tmp=1073741824,mem=220G,node=1","billing=32,cpu=32,gres/gpu=4,gres/tmp=1073741824,mem=220G,node=1",jnfat04,gpu_computervision,0,20260606_0835_test_astlive_dscoder_cifar100_300_stablepool,false,4
2667182.batch,batch,COMPLETED,0:0,2026-06-06T08:35:05,2026-06-06T08:35:05,2026-06-06T12:35:58,14453,"cpu=32,gres/gpu:l40s=4,gres/gpu=4,gres/tmp=1073741824,mem=220G,node=1",,jnfat04,,,20260606_0835_test_astlive_dscoder_cifar100_300_stablepool,false,4
2667182.extern,extern,COMPLETED,0:0,2026-06-06T08:35:05,2026-06-06T08:35:05,2026-06-06T12:35:58,14453,"billing=32,cpu=32,gres/gpu:l40s=4,gres/gpu=4,gres/tmp=1073741824,mem=220G,node=1",,jnfat04,,,20260606_0835_test_astlive_dscoder_cifar100_300_stablepool,false,4
2667183,tunerl-test_astlive_granite_cifar100_300_stablepool,CANCELLED by 221940,0:0,2026-06-06T08:35:05,2026-06-06T08:35:05,2026-06-06T09:36:59,3714,"billing=32,cpu=32,gres/gpu:l40s=4,gres/gpu=4,gres/tmp=1073741824,mem=220G,node=1","billing=32,cpu=32,gres/gpu=4,gres/tmp=1073741824,mem=220G,node=1",jnfat07,gpu_computervision,0,20260606_0835_test_astlive_granite_cifar100_300_stablepool,false,4
2667183.batch,batch,FAILED,1:0,2026-06-06T08:35:05,2026-06-06T08:35:05,2026-06-06T09:37:03,3718,"cpu=32,gres/gpu:l40s=4,gres/gpu=4,gres/tmp=1073741824,mem=220G,node=1",,jnfat07,,,20260606_0835_test_astlive_granite_cifar100_300_stablepool,false,4
2667183.extern,extern,COMPLETED,0:0,2026-06-06T08:35:05,2026-06-06T08:35:05,2026-06-06T09:37:03,3718,"billing=32,cpu=32,gres/gpu:l40s=4,gres/gpu=4,gres/tmp=1073741824,mem=220G,node=1",,jnfat07,,,20260606_0835_test_astlive_granite_cifar100_300_stablepool,false,4
2667872,sft10-granite-pipe0-g6,CANCELLED by 221940,0:0,2026-06-06T15:21:30,2026-06-06T15:21:30,2026-06-07T11:02:37,70867,"billing=32,cpu=32,gres/gpu:l40s=6,gres/gpu=6,gres/tmp=1073741824,mem=240G,node=1","billing=32,cpu=32,gres/gpu=6,gres/tmp=1073741824,mem=240G,node=1",jnfat04,gpu_computervision_long,0,20260606_sft_retry_pipe0_g6_granite4_1_8b,false,6
2667872.batch,batch,CANCELLED,0:15,2026-06-06T15:21:30,2026-06-06T15:21:30,2026-06-07T11:02:38,70868,"cpu=32,gres/gpu:l40s=6,gres/gpu=6,gres/tmp=1073741824,mem=240G,node=1",,jnfat04,,,20260606_sft_retry_pipe0_g6_granite4_1_8b,false,6
2667872.extern,extern,COMPLETED,0:0,2026-06-06T15:21:30,2026-06-06T15:21:30,2026-06-07T11:02:39,70869,"billing=32,cpu=32,gres/gpu:l40s=6,gres/gpu=6,gres/tmp=1073741824,mem=240G,node=1",,jnfat04,,,20260606_sft_retry_pipe0_g6_granite4_1_8b,false,6
2667942,tunerl-formal100_dscoder_cifar10,COMPLETED,0:0,2026-06-06T16:06:50,2026-06-06T16:06:50,2026-06-06T23:06:46,25196,"billing=32,cpu=32,gres/gpu:h100=4,gres/gpu=4,gres/tmp=1073741824,mem=160G,node=1","billing=32,cpu=32,gres/gpu=4,gres/tmp=1073741824,mem=160G,node=1",jnultra02,h100,0,20260606_1606_formal100_dscoder_cifar10,false,4
2667942.batch,batch,COMPLETED,0:0,2026-06-06T16:06:50,2026-06-06T16:06:50,2026-06-06T23:06:46,25196,"cpu=32,gres/gpu:h100=4,gres/gpu=4,gres/tmp=1073741824,mem=160G,node=1",,jnultra02,,,20260606_1606_formal100_dscoder_cifar10,false,4
2667942.extern,extern,COMPLETED,0:0,2026-06-06T16:06:50,2026-06-06T16:06:50,2026-06-06T23:06:46,25196,"billing=32,cpu=32,gres/gpu:h100=4,gres/gpu=4,gres/tmp=1073741824,mem=160G,node=1",,jnultra02,,,20260606_1606_formal100_dscoder_cifar10,false,4
2667956,tunerl-formal100_dscoder_cifar100_l40s,COMPLETED,0:0,2026-06-06T16:11:23,2026-06-06T16:11:23,2026-06-07T02:39:51,37708,"billing=32,cpu=32,gres/gpu:l40s=4,gres/gpu=4,gres/tmp=1073741824,mem=160G,node=1","billing=32,cpu=32,gres/gpu=4,gres/tmp=1073741824,mem=160G,node=1",jnfat05,gpu_computervision_long,0,20260606_1611_formal100_dscoder_cifar100_l40s,false,4
2667956.batch,batch,COMPLETED,0:0,2026-06-06T16:11:23,2026-06-06T16:11:23,2026-06-07T02:39:51,37708,"cpu=32,gres/gpu:l40s=4,gres/gpu=4,gres/tmp=1073741824,mem=160G,node=1",,jnfat05,,,20260606_1611_formal100_dscoder_cifar100_l40s,false,4
2667956.extern,extern,COMPLETED,0:0,2026-06-06T16:11:23,2026-06-06T16:11:23,2026-06-07T02:39:51,37708,"billing=32,cpu=32,gres/gpu:l40s=4,gres/gpu=4,gres/tmp=1073741824,mem=160G,node=1",,jnfat05,,,20260606_1611_formal100_dscoder_cifar100_l40s,false,4
2667958,tunerl-formal100_dscoder_imagenette_l40s,COMPLETED,0:0,2026-06-06T16:11:23,2026-06-06T16:11:23,2026-06-07T02:55:28,38645,"billing=32,cpu=32,gres/gpu:l40s=4,gres/gpu=4,gres/tmp=1073741824,mem=160G,node=1","billing=32,cpu=32,gres/gpu=4,gres/tmp=1073741824,mem=160G,node=1",jnfat05,gpu_computervision_long,0,20260606_1611_formal100_dscoder_imagenette_l40s,false,4
2667958.batch,batch,COMPLETED,0:0,2026-06-06T16:11:23,2026-06-06T16:11:23,2026-06-07T02:55:28,38645,"cpu=32,gres/gpu:l40s=4,gres/gpu=4,gres/tmp=1073741824,mem=160G,node=1",,jnfat05,,,20260606_1611_formal100_dscoder_imagenette_l40s,false,4
2667958.extern,extern,COMPLETED,0:0,2026-06-06T16:11:23,2026-06-06T16:11:23,2026-06-07T02:55:28,38645,"billing=32,cpu=32,gres/gpu:l40s=4,gres/gpu=4,gres/tmp=1073741824,mem=160G,node=1",,jnfat05,,,20260606_1611_formal100_dscoder_imagenette_l40s,false,4
2667960,tunerl-formal100_qwen_cifar10_l40s,OUT_OF_MEMORY,0:125,2026-06-06T16:11:23,2026-06-06T16:11:24,2026-06-06T18:24:13,7969,"billing=32,cpu=32,gres/gpu:l40s=4,gres/gpu=4,gres/tmp=1073741824,mem=160G,node=1","billing=32,cpu=32,gres/gpu=4,gres/tmp=1073741824,mem=160G,node=1",jnfat07,gpu_computervision_long,0,20260606_1611_formal100_qwen_cifar10_l40s,false,4
2667960.batch,batch,OUT_OF_MEMORY,0:125,2026-06-06T16:11:24,2026-06-06T16:11:24,2026-06-06T18:24:13,7969,"cpu=32,gres/gpu:l40s=4,gres/gpu=4,gres/tmp=1073741824,mem=160G,node=1",,jnfat07,,,20260606_1611_formal100_qwen_cifar10_l40s,false,4
2667960.extern,extern,COMPLETED,0:0,2026-06-06T16:11:24,2026-06-06T16:11:24,2026-06-06T18:24:14,7970,"billing=32,cpu=32,gres/gpu:l40s=4,gres/gpu=4,gres/tmp=1073741824,mem=160G,node=1",,jnfat07,,,20260606_1611_formal100_qwen_cifar10_l40s,false,4
2667967,tunerl-formal100_qwen_cifar100_std3,COMPLETED,0:0,2026-06-06T16:12:28,2026-06-06T16:12:28,2026-06-06T22:17:03,21875,"billing=32,cpu=32,gres/gpu:l40=3,gres/gpu=3,gres/tmp=1073741824,mem=160G,node=1","billing=32,cpu=32,gres/gpu=3,gres/tmp=1073741824,mem=160G,node=1",jn001,standard,0,20260606_1612_formal100_qwen_cifar100_std3,false,3
2667967.batch,batch,COMPLETED,0:0,2026-06-06T16:12:28,2026-06-06T16:12:28,2026-06-06T22:17:03,21875,"cpu=32,gres/gpu:l40=3,gres/gpu=3,gres/tmp=1073741824,mem=160G,node=1",,jn001,,,20260606_1612_formal100_qwen_cifar100_std3,false,3
2667967.extern,extern,COMPLETED,0:0,2026-06-06T16:12:28,2026-06-06T16:12:28,2026-06-06T22:17:03,21875,"billing=32,cpu=32,gres/gpu:l40=3,gres/gpu=3,gres/tmp=1073741824,mem=160G,node=1",,jn001,,,20260606_1612_formal100_qwen_cifar100_std3,false,3
2667969,tunerl-formal100_qwen_imagenette_std3,OUT_OF_MEMORY,0:125,2026-06-06T16:12:28,2026-06-06T16:12:28,2026-06-06T17:11:52,3564,"billing=32,cpu=32,gres/gpu:l40=3,gres/gpu=3,gres/tmp=1073741824,mem=160G,node=1","billing=32,cpu=32,gres/gpu=3,gres/tmp=1073741824,mem=160G,node=1",jn006,standard,0,20260606_1612_formal100_qwen_imagenette_std3,false,3
2667969.batch,batch,OUT_OF_MEMORY,0:125,2026-06-06T16:12:28,2026-06-06T16:12:28,2026-06-06T17:11:52,3564,"cpu=32,gres/gpu:l40=3,gres/gpu=3,gres/tmp=1073741824,mem=160G,node=1",,jn006,,,20260606_1612_formal100_qwen_imagenette_std3,false,3
2667969.extern,extern,COMPLETED,0:0,2026-06-06T16:12:28,2026-06-06T16:12:28,2026-06-06T17:11:52,3564,"billing=32,cpu=32,gres/gpu:l40=3,gres/gpu=3,gres/tmp=1073741824,mem=160G,node=1",,jn006,,,20260606_1612_formal100_qwen_imagenette_std3,false,3
2668872,tunerl-formal100_qwen_cifar10_kl0005_l40s,COMPLETED,0:0,2026-06-07T01:20:26,2026-06-07T01:20:26,2026-06-07T13:04:44,42258,"billing=32,cpu=32,gres/gpu:l40s=4,gres/gpu=4,gres/tmp=1073741824,mem=160G,node=1","billing=32,cpu=32,gres/gpu=4,gres/tmp=1073741824,mem=160G,node=1",jnfat07,gpu_computervision_long,0,20260607_0120_formal100_qwen_cifar10_kl0005_l40s,false,4
2668872.batch,batch,COMPLETED,0:0,2026-06-07T01:20:26,2026-06-07T01:20:26,2026-06-07T13:04:44,42258,"cpu=32,gres/gpu:l40s=4,gres/gpu=4,gres/tmp=1073741824,mem=160G,node=1",,jnfat07,,,20260607_0120_formal100_qwen_cifar10_kl0005_l40s,false,4
2668872.extern,extern,COMPLETED,0:0,2026-06-07T01:20:26,2026-06-07T01:20:26,2026-06-07T13:04:44,42258,"billing=32,cpu=32,gres/gpu:l40s=4,gres/gpu=4,gres/tmp=1073741824,mem=160G,node=1",,jnfat07,,,20260607_0120_formal100_qwen_cifar10_kl0005_l40s,false,4
2668874,tunerl-formal100_qwen_cifar100_kl0005_l40s,COMPLETED,0:0,2026-06-07T01:20:26,2026-06-07T01:20:27,2026-06-07T13:50:22,44995,"billing=32,cpu=32,gres/gpu:l40s=4,gres/gpu=4,gres/tmp=1073741824,mem=160G,node=1","billing=32,cpu=32,gres/gpu=4,gres/tmp=1073741824,mem=160G,node=1",jnfat07,gpu_computervision_long,0,20260607_0120_formal100_qwen_cifar100_kl0005_l40s,false,4
2668874.batch,batch,COMPLETED,0:0,2026-06-07T01:20:27,2026-06-07T01:20:27,2026-06-07T13:50:22,44995,"cpu=32,gres/gpu:l40s=4,gres/gpu=4,gres/tmp=1073741824,mem=160G,node=1",,jnfat07,,,20260607_0120_formal100_qwen_cifar100_kl0005_l40s,false,4
2668874.extern,extern,COMPLETED,0:0,2026-06-07T01:20:27,2026-06-07T01:20:27,2026-06-07T13:50:22,44995,"billing=32,cpu=32,gres/gpu:l40s=4,gres/gpu=4,gres/tmp=1073741824,mem=160G,node=1",,jnfat07,,,20260607_0120_formal100_qwen_cifar100_kl0005_l40s,false,4
2668876,tunerl-formal100_qwen_imagenette_kl0005_h100,COMPLETED,0:0,2026-06-07T01:20:26,2026-06-07T01:20:27,2026-06-07T08:45:13,26686,"billing=32,cpu=32,gres/gpu:h100=4,gres/gpu=4,gres/tmp=1073741824,mem=160G,node=1","billing=32,cpu=32,gres/gpu=4,gres/tmp=1073741824,mem=160G,node=1",jnultra01,h100,0,20260607_0120_formal100_qwen_imagenette_kl0005_h100,false,4
2668876.batch,batch,COMPLETED,0:0,2026-06-07T01:20:27,2026-06-07T01:20:27,2026-06-07T08:45:13,26686,"cpu=32,gres/gpu:h100=4,gres/gpu=4,gres/tmp=1073741824,mem=160G,node=1",,jnultra01,,,20260607_0120_formal100_qwen_imagenette_kl0005_h100,false,4
2668876.extern,extern,COMPLETED,0:0,2026-06-07T01:20:27,2026-06-07T01:20:27,2026-06-07T08:45:13,26686,"billing=32,cpu=32,gres/gpu:h100=4,gres/gpu=4,gres/tmp=1073741824,mem=160G,node=1",,jnultra01,,,20260607_0120_formal100_qwen_imagenette_kl0005_h100,false,4
2668922,tunerl-formal100_olympic_a7_cifar10_kl0005_nothink_l40s,COMPLETED,0:0,2026-06-07T02:01:22,2026-06-07T02:01:22,2026-06-07T09:21:40,26418,"billing=32,cpu=32,gres/gpu:l40s=4,gres/gpu=4,gres/tmp=1073741824,mem=160G,node=1","billing=32,cpu=32,gres/gpu=4,gres/tmp=1073741824,mem=160G,node=1",jnfat06,gpu_computervision_long,0,20260607_0214_formal100_olympic_a7_cifar10_kl0005_nothink_l40s,false,4
2668922.batch,batch,COMPLETED,0:0,2026-06-07T02:01:22,2026-06-07T02:01:22,2026-06-07T09:21:40,26418,"cpu=32,gres/gpu:l40s=4,gres/gpu=4,gres/tmp=1073741824,mem=160G,node=1",,jnfat06,,,20260607_0214_formal100_olympic_a7_cifar10_kl0005_nothink_l40s,false,4
2668922.extern,extern,COMPLETED,0:0,2026-06-07T02:01:22,2026-06-07T02:01:22,2026-06-07T09:21:40,26418,"billing=32,cpu=32,gres/gpu:l40s=4,gres/gpu=4,gres/tmp=1073741824,mem=160G,node=1",,jnfat06,,,20260607_0214_formal100_olympic_a7_cifar10_kl0005_nothink_l40s,false,4
2668924,tunerl-formal100_olympic_a7_cifar100_kl0005_nothink_l40s,COMPLETED,0:0,2026-06-07T02:01:22,2026-06-07T02:01:22,2026-06-07T09:46:37,27915,"billing=32,cpu=32,gres/gpu:l40s=4,gres/gpu=4,gres/tmp=1073741824,mem=160G,node=1","billing=32,cpu=32,gres/gpu=4,gres/tmp=1073741824,mem=160G,node=1",jnfat06,gpu_computervision_long,0,20260607_0214_formal100_olympic_a7_cifar100_kl0005_nothink_l40s,false,4
2668924.batch,batch,COMPLETED,0:0,2026-06-07T02:01:22,2026-06-07T02:01:22,2026-06-07T09:46:37,27915,"cpu=32,gres/gpu:l40s=4,gres/gpu=4,gres/tmp=1073741824,mem=160G,node=1",,jnfat06,,,20260607_0214_formal100_olympic_a7_cifar100_kl0005_nothink_l40s,false,4
2668924.extern,extern,COMPLETED,0:0,2026-06-07T02:01:22,2026-06-07T02:01:22,2026-06-07T09:46:37,27915,"billing=32,cpu=32,gres/gpu:l40s=4,gres/gpu=4,gres/tmp=1073741824,mem=160G,node=1",,jnfat06,,,20260607_0214_formal100_olympic_a7_cifar100_kl0005_nothink_l40s,false,4
2668926,tunerl-formal100_olympic_a7_imagenette_kl0005_nothink_std3,COMPLETED,0:0,2026-06-07T02:01:23,2026-06-07T02:01:24,2026-06-07T11:05:24,32640,"billing=32,cpu=32,gres/gpu:l40=3,gres/gpu=3,gres/tmp=1073741824,mem=160G,node=1","billing=32,cpu=32,gres/gpu=3,gres/tmp=1073741824,mem=160G,node=1",jn001,standard,0,20260607_0214_formal100_olympic_a7_imagenette_kl0005_nothink_std3,false,3
2668926.batch,batch,COMPLETED,0:0,2026-06-07T02:01:24,2026-06-07T02:01:24,2026-06-07T11:05:24,32640,"cpu=32,gres/gpu:l40=3,gres/gpu=3,gres/tmp=1073741824,mem=160G,node=1",,jn001,,,20260607_0214_formal100_olympic_a7_imagenette_kl0005_nothink_std3,false,3
2668926.extern,extern,COMPLETED,0:0,2026-06-07T02:01:24,2026-06-07T02:01:24,2026-06-07T11:05:24,32640,"billing=32,cpu=32,gres/gpu:l40=3,gres/gpu=3,gres/tmp=1073741824,mem=160G,node=1",,jn001,,,20260607_0214_formal100_olympic_a7_imagenette_kl0005_nothink_std3,false,3
2669499,tunerl-formal100_granite_a7_cifar10_kl0005_l40s,CANCELLED by 221940,0:0,2026-06-07T11:12:05,2026-06-07T11:12:05,2026-06-07T13:02:37,6632,"billing=32,cpu=32,gres/gpu:l40s=4,gres/gpu=4,gres/tmp=1073741824,mem=160G,node=1","billing=32,cpu=32,gres/gpu=4,gres/tmp=1073741824,mem=160G,node=1",jnfat04,gpu_computervision_long,0,20260607_1153_formal100_granite_a7_cifar10_kl0005_l40s,false,4
2669499.batch,batch,FAILED,1:0,2026-06-07T11:12:05,2026-06-07T11:12:05,2026-06-07T13:02:43,6638,"cpu=32,gres/gpu:l40s=4,gres/gpu=4,gres/tmp=1073741824,mem=160G,node=1",,jnfat04,,,20260607_1153_formal100_granite_a7_cifar10_kl0005_l40s,false,4
2669499.extern,extern,COMPLETED,0:0,2026-06-07T11:12:05,2026-06-07T11:12:05,2026-06-07T13:02:43,6638,"billing=32,cpu=32,gres/gpu:l40s=4,gres/gpu=4,gres/tmp=1073741824,mem=160G,node=1",,jnfat04,,,20260607_1153_formal100_granite_a7_cifar10_kl0005_l40s,false,4
2669987,tunerl-formal100_granite_a7_cifar10_kl006_l40s,CANCELLED by 221940,0:0,2026-06-07T13:03:12,2026-06-07T13:03:12,2026-06-07T13:36:08,1976,"billing=32,cpu=32,gres/gpu:l40s=4,gres/gpu=4,gres/tmp=1073741824,mem=160G,node=1","billing=32,cpu=32,gres/gpu=4,gres/tmp=1073741824,mem=160G,node=1",jnfat04,gpu_computervision_long,0,20260607_1305_formal100_granite_a7_cifar10_kl006_l40s,false,4
2669987.batch,batch,FAILED,1:0,2026-06-07T13:03:12,2026-06-07T13:03:12,2026-06-07T13:36:13,1981,"cpu=32,gres/gpu:l40s=4,gres/gpu=4,gres/tmp=1073741824,mem=160G,node=1",,jnfat04,,,20260607_1305_formal100_granite_a7_cifar10_kl006_l40s,false,4
2669987.extern,extern,COMPLETED,0:0,2026-06-07T13:03:12,2026-06-07T13:03:12,2026-06-07T13:36:14,1982,"billing=32,cpu=32,gres/gpu:l40s=4,gres/gpu=4,gres/tmp=1073741824,mem=160G,node=1",,jnfat04,,,20260607_1305_formal100_granite_a7_cifar10_kl006_l40s,false,4
2670360,gen30m32-dscoder_cifar10,COMPLETED,0:0,2026-06-07T13:51:58,2026-06-07T13:51:58,2026-06-07T14:10:51,1133,"billing=8,cpu=8,gres/gpu:l40s=1,gres/gpu=1,gres/tmp=1073741824,mem=64G,node=1","billing=8,cpu=8,gres/gpu=1,gres/tmp=1073741824,mem=64G,node=1",jnfat04,gpu_computervision,0,20260607_1455_gen30min32_formal100_dsqwenolympic,true,1
2670360.batch,batch,COMPLETED,0:0,2026-06-07T13:51:58,2026-06-07T13:51:58,2026-06-07T14:10:51,1133,"cpu=8,gres/gpu:l40s=1,gres/gpu=1,gres/tmp=1073741824,mem=64G,node=1",,jnfat04,,,20260607_1455_gen30min32_formal100_dsqwenolympic,true,1
2670360.extern,extern,COMPLETED,0:0,2026-06-07T13:51:58,2026-06-07T13:51:58,2026-06-07T14:10:51,1133,"billing=8,cpu=8,gres/gpu:l40s=1,gres/gpu=1,gres/tmp=1073741824,mem=64G,node=1",,jnfat04,,,20260607_1455_gen30min32_formal100_dsqwenolympic,true,1
2670361,gen30m32-dscoder_cifar100,COMPLETED,0:0,2026-06-07T13:51:58,2026-06-07T13:51:58,2026-06-07T14:11:59,1201,"billing=8,cpu=8,gres/gpu:l40s=1,gres/gpu=1,gres/tmp=1073741824,mem=64G,node=1","billing=8,cpu=8,gres/gpu=1,gres/tmp=1073741824,mem=64G,node=1",jnfat04,gpu_computervision,0,20260607_1455_gen30min32_formal100_dsqwenolympic,true,1
2670361.batch,batch,COMPLETED,0:0,2026-06-07T13:51:58,2026-06-07T13:51:58,2026-06-07T14:11:59,1201,"cpu=8,gres/gpu:l40s=1,gres/gpu=1,gres/tmp=1073741824,mem=64G,node=1",,jnfat04,,,20260607_1455_gen30min32_formal100_dsqwenolympic,true,1
2670361.extern,extern,COMPLETED,0:0,2026-06-07T13:51:58,2026-06-07T13:51:58,2026-06-07T14:11:59,1201,"billing=8,cpu=8,gres/gpu:l40s=1,gres/gpu=1,gres/tmp=1073741824,mem=64G,node=1",,jnfat04,,,20260607_1455_gen30min32_formal100_dsqwenolympic,true,1
2670362,gen30m32-dscoder_imagenette,COMPLETED,0:0,2026-06-07T13:51:58,2026-06-07T13:51:58,2026-06-07T14:18:05,1567,"billing=8,cpu=8,gres/gpu:l40s=1,gres/gpu=1,gres/tmp=1073741824,mem=64G,node=1","billing=8,cpu=8,gres/gpu=1,gres/tmp=1073741824,mem=64G,node=1",jnfat04,gpu_computervision,0,20260607_1455_gen30min32_formal100_dsqwenolympic,true,1
2670362.batch,batch,COMPLETED,0:0,2026-06-07T13:51:58,2026-06-07T13:51:58,2026-06-07T14:18:05,1567,"cpu=8,gres/gpu:l40s=1,gres/gpu=1,gres/tmp=1073741824,mem=64G,node=1",,jnfat04,,,20260607_1455_gen30min32_formal100_dsqwenolympic,true,1
2670362.extern,extern,COMPLETED,0:0,2026-06-07T13:51:58,2026-06-07T13:51:58,2026-06-07T14:18:05,1567,"billing=8,cpu=8,gres/gpu:l40s=1,gres/gpu=1,gres/tmp=1073741824,mem=64G,node=1",,jnfat04,,,20260607_1455_gen30min32_formal100_dsqwenolympic,true,1
2670363,gen30m32-qwen_cifar10,COMPLETED,0:0,2026-06-07T13:51:58,2026-06-07T13:51:58,2026-06-07T14:03:39,701,"billing=8,cpu=8,gres/gpu:l40s=1,gres/gpu=1,gres/tmp=1073741824,mem=64G,node=1","billing=8,cpu=8,gres/gpu=1,gres/tmp=1073741824,mem=64G,node=1",jnfat04,gpu_computervision,0,20260607_1455_gen30min32_formal100_dsqwenolympic,true,1
2670363.batch,batch,COMPLETED,0:0,2026-06-07T13:51:58,2026-06-07T13:51:58,2026-06-07T14:03:39,701,"cpu=8,gres/gpu:l40s=1,gres/gpu=1,gres/tmp=1073741824,mem=64G,node=1",,jnfat04,,,20260607_1455_gen30min32_formal100_dsqwenolympic,true,1
2670363.extern,extern,COMPLETED,0:0,2026-06-07T13:51:58,2026-06-07T13:51:58,2026-06-07T14:03:39,701,"billing=8,cpu=8,gres/gpu:l40s=1,gres/gpu=1,gres/tmp=1073741824,mem=64G,node=1",,jnfat04,,,20260607_1455_gen30min32_formal100_dsqwenolympic,true,1
2670364,gen30m32-qwen_cifar100,COMPLETED,0:0,2026-06-07T13:51:58,2026-06-07T13:51:59,2026-06-07T14:06:11,852,"billing=8,cpu=8,gres/gpu:l40s=1,gres/gpu=1,gres/tmp=1073741824,mem=64G,node=1","billing=8,cpu=8,gres/gpu=1,gres/tmp=1073741824,mem=64G,node=1",jnfat04,gpu_computervision,0,20260607_1455_gen30min32_formal100_dsqwenolympic,true,1
2670364.batch,batch,COMPLETED,0:0,2026-06-07T13:51:59,2026-06-07T13:51:59,2026-06-07T14:06:11,852,"cpu=8,gres/gpu:l40s=1,gres/gpu=1,gres/tmp=1073741824,mem=64G,node=1",,jnfat04,,,20260607_1455_gen30min32_formal100_dsqwenolympic,true,1
2670364.extern,extern,COMPLETED,0:0,2026-06-07T13:51:59,2026-06-07T13:51:59,2026-06-07T14:06:11,852,"billing=8,cpu=8,gres/gpu:l40s=1,gres/gpu=1,gres/tmp=1073741824,mem=64G,node=1",,jnfat04,,,20260607_1455_gen30min32_formal100_dsqwenolympic,true,1
2670365,gen30m32-qwen_imagenette,COMPLETED,0:0,2026-06-07T13:51:58,2026-06-07T13:51:59,2026-06-07T14:04:33,754,"billing=8,cpu=8,gres/gpu:l40s=1,gres/gpu=1,gres/tmp=1073741824,mem=64G,node=1","billing=8,cpu=8,gres/gpu=1,gres/tmp=1073741824,mem=64G,node=1",jnfat04,gpu_computervision,0,20260607_1455_gen30min32_formal100_dsqwenolympic,true,1
2670365.batch,batch,COMPLETED,0:0,2026-06-07T13:51:59,2026-06-07T13:51:59,2026-06-07T14:04:33,754,"cpu=8,gres/gpu:l40s=1,gres/gpu=1,gres/tmp=1073741824,mem=64G,node=1",,jnfat04,,,20260607_1455_gen30min32_formal100_dsqwenolympic,true,1
2670365.extern,extern,COMPLETED,0:0,2026-06-07T13:51:59,2026-06-07T13:51:59,2026-06-07T14:04:33,754,"billing=8,cpu=8,gres/gpu:l40s=1,gres/gpu=1,gres/tmp=1073741824,mem=64G,node=1",,jnfat04,,,20260607_1455_gen30min32_formal100_dsqwenolympic,true,1
2670366,gen30m32-olympic_cifar10,COMPLETED,0:0,2026-06-07T13:51:58,2026-06-07T13:51:59,2026-06-07T14:04:34,755,"billing=8,cpu=8,gres/gpu:l40s=1,gres/gpu=1,gres/tmp=1073741824,mem=64G,node=1","billing=8,cpu=8,gres/gpu=1,gres/tmp=1073741824,mem=64G,node=1",jnfat04,gpu_computervision,0,20260607_1455_gen30min32_formal100_dsqwenolympic,true,1
2670366.batch,batch,COMPLETED,0:0,2026-06-07T13:51:59,2026-06-07T13:51:59,2026-06-07T14:04:34,755,"cpu=8,gres/gpu:l40s=1,gres/gpu=1,gres/tmp=1073741824,mem=64G,node=1",,jnfat04,,,20260607_1455_gen30min32_formal100_dsqwenolympic,true,1
2670366.extern,extern,COMPLETED,0:0,2026-06-07T13:51:59,2026-06-07T13:51:59,2026-06-07T14:04:34,755,"billing=8,cpu=8,gres/gpu:l40s=1,gres/gpu=1,gres/tmp=1073741824,mem=64G,node=1",,jnfat04,,,20260607_1455_gen30min32_formal100_dsqwenolympic,true,1
2670367,gen30m32-olympic_cifar100,COMPLETED,0:0,2026-06-07T13:51:58,2026-06-07T13:51:59,2026-06-07T14:04:12,733,"billing=8,cpu=8,gres/gpu:l40s=1,gres/gpu=1,gres/tmp=1073741824,mem=64G,node=1","billing=8,cpu=8,gres/gpu=1,gres/tmp=1073741824,mem=64G,node=1",jnfat04,gpu_computervision,0,20260607_1455_gen30min32_formal100_dsqwenolympic,true,1
2670367.batch,batch,COMPLETED,0:0,2026-06-07T13:51:59,2026-06-07T13:51:59,2026-06-07T14:04:12,733,"cpu=8,gres/gpu:l40s=1,gres/gpu=1,gres/tmp=1073741824,mem=64G,node=1",,jnfat04,,,20260607_1455_gen30min32_formal100_dsqwenolympic,true,1
2670367.extern,extern,COMPLETED,0:0,2026-06-07T13:51:59,2026-06-07T13:51:59,2026-06-07T14:04:12,733,"billing=8,cpu=8,gres/gpu:l40s=1,gres/gpu=1,gres/tmp=1073741824,mem=64G,node=1",,jnfat04,,,20260607_1455_gen30min32_formal100_dsqwenolympic,true,1
2670368,gen30m32-olympic_imagenette,COMPLETED,0:0,2026-06-07T13:51:58,2026-06-07T13:51:59,2026-06-07T14:08:26,987,"billing=8,cpu=8,gres/gpu:l40s=1,gres/gpu=1,gres/tmp=1073741824,mem=64G,node=1","billing=8,cpu=8,gres/gpu=1,gres/tmp=1073741824,mem=64G,node=1",jnfat05,gpu_computervision,0,20260607_1455_gen30min32_formal100_dsqwenolympic,true,1
2670368.batch,batch,COMPLETED,0:0,2026-06-07T13:51:59,2026-06-07T13:51:59,2026-06-07T14:08:26,987,"cpu=8,gres/gpu:l40s=1,gres/gpu=1,gres/tmp=1073741824,mem=64G,node=1",,jnfat05,,,20260607_1455_gen30min32_formal100_dsqwenolympic,true,1
2670368.extern,extern,COMPLETED,0:0,2026-06-07T13:51:59,2026-06-07T13:51:59,2026-06-07T14:08:26,987,"billing=8,cpu=8,gres/gpu:l40s=1,gres/gpu=1,gres/tmp=1073741824,mem=64G,node=1",,jnfat05,,,20260607_1455_gen30min32_formal100_dsqwenolympic,true,1
2670697,evaltest-cifar10-dsqwenoly,CANCELLED by 221940,0:0,2026-06-07T15:38:24,2026-06-07T15:38:24,2026-06-07T15:39:48,84,"billing=24,cpu=24,gres/gpu:l40s=4,gres/gpu=4,gres/tmp=1073741824,mem=120G,node=1","billing=24,cpu=24,gres/gpu=4,gres/tmp=1073741824,mem=120G,node=1",jnfat05,gpu_computervision,0,20260607_1455_gen30min32_formal100_dsqwenolympic,true,4
2670697.batch,batch,CANCELLED,0:15,2026-06-07T15:38:24,2026-06-07T15:38:24,2026-06-07T15:39:50,86,"cpu=24,gres/gpu:l40s=4,gres/gpu=4,gres/tmp=1073741824,mem=120G,node=1",,jnfat05,,,20260607_1455_gen30min32_formal100_dsqwenolympic,true,4
2670697.extern,extern,COMPLETED,0:0,2026-06-07T15:38:24,2026-06-07T15:38:24,2026-06-07T15:39:50,86,"billing=24,cpu=24,gres/gpu:l40s=4,gres/gpu=4,gres/tmp=1073741824,mem=120G,node=1",,jnfat05,,,20260607_1455_gen30min32_formal100_dsqwenolympic,true,4
2670698,evaltest-cifar100-dsqwenoly,CANCELLED by 221940,0:0,2026-06-07T15:38:24,2026-06-07T15:38:25,2026-06-07T15:39:49,84,"billing=24,cpu=24,gres/gpu:l40s=4,gres/gpu=4,gres/tmp=1073741824,mem=120G,node=1","billing=24,cpu=24,gres/gpu=4,gres/tmp=1073741824,mem=120G,node=1",jnfat06,gpu_computervision,0,20260607_1455_gen30min32_formal100_dsqwenolympic,true,4
2670698.batch,batch,CANCELLED,0:15,2026-06-07T15:38:25,2026-06-07T15:38:25,2026-06-07T15:39:50,85,"cpu=24,gres/gpu:l40s=4,gres/gpu=4,gres/tmp=1073741824,mem=120G,node=1",,jnfat06,,,20260607_1455_gen30min32_formal100_dsqwenolympic,true,4
2670698.extern,extern,COMPLETED,0:0,2026-06-07T15:38:25,2026-06-07T15:38:25,2026-06-07T15:39:51,86,"billing=24,cpu=24,gres/gpu:l40s=4,gres/gpu=4,gres/tmp=1073741824,mem=120G,node=1",,jnfat06,,,20260607_1455_gen30min32_formal100_dsqwenolympic,true,4
2670699,evaltest-imagenette-dsqwenoly,CANCELLED by 221940,0:0,2026-06-07T15:38:24,2026-06-07T15:38:25,2026-06-07T15:39:48,83,"billing=24,cpu=24,gres/gpu:l40s=4,gres/gpu=4,gres/tmp=1073741824,mem=120G,node=1","billing=24,cpu=24,gres/gpu=4,gres/tmp=1073741824,mem=120G,node=1",jnfat06,gpu_computervision,0,20260607_1455_gen30min32_formal100_dsqwenolympic,true,4
2670699.batch,batch,CANCELLED,0:15,2026-06-07T15:38:25,2026-06-07T15:38:25,2026-06-07T15:39:49,84,"cpu=24,gres/gpu:l40s=4,gres/gpu=4,gres/tmp=1073741824,mem=120G,node=1",,jnfat06,,,20260607_1455_gen30min32_formal100_dsqwenolympic,true,4
2670699.extern,extern,COMPLETED,0:0,2026-06-07T15:38:25,2026-06-07T15:38:25,2026-06-07T15:39:50,85,"billing=24,cpu=24,gres/gpu:l40s=4,gres/gpu=4,gres/tmp=1073741824,mem=120G,node=1",,jnfat06,,,20260607_1455_gen30min32_formal100_dsqwenolympic,true,4
2670701,evaltest-cifar10-dsqwenoly,CANCELLED by 221940,0:0,2026-06-07T15:40:26,2026-06-07T15:40:26,2026-06-07T15:47:13,407,"billing=24,cpu=24,gres/gpu:l40s=4,gres/gpu=4,gres/tmp=1073741824,mem=120G,node=1","billing=24,cpu=24,gres/gpu=4,gres/tmp=1073741824,mem=120G,node=1",jnfat05,gpu_computervision,0,20260607_1455_gen30min32_formal100_dsqwenolympic,true,4
2670701.batch,batch,CANCELLED,0:15,2026-06-07T15:40:26,2026-06-07T15:40:26,2026-06-07T15:47:15,409,"cpu=24,gres/gpu:l40s=4,gres/gpu=4,gres/tmp=1073741824,mem=120G,node=1",,jnfat05,,,20260607_1455_gen30min32_formal100_dsqwenolympic,true,4
2670701.extern,extern,COMPLETED,0:0,2026-06-07T15:40:26,2026-06-07T15:40:26,2026-06-07T15:47:15,409,"billing=24,cpu=24,gres/gpu:l40s=4,gres/gpu=4,gres/tmp=1073741824,mem=120G,node=1",,jnfat05,,,20260607_1455_gen30min32_formal100_dsqwenolympic,true,4
2670702,evaltest-cifar100-dsqwenoly,CANCELLED by 221940,0:0,2026-06-07T15:40:26,2026-06-07T15:40:27,2026-06-07T15:47:14,407,"billing=24,cpu=24,gres/gpu:l40s=4,gres/gpu=4,gres/tmp=1073741824,mem=120G,node=1","billing=24,cpu=24,gres/gpu=4,gres/tmp=1073741824,mem=120G,node=1",jnfat05,gpu_computervision,0,20260607_1455_gen30min32_formal100_dsqwenolympic,true,4
2670702.batch,batch,CANCELLED,0:15,2026-06-07T15:40:27,2026-06-07T15:40:27,2026-06-07T15:47:16,409,"cpu=24,gres/gpu:l40s=4,gres/gpu=4,gres/tmp=1073741824,mem=120G,node=1",,jnfat05,,,20260607_1455_gen30min32_formal100_dsqwenolympic,true,4
2670702.extern,extern,COMPLETED,0:0,2026-06-07T15:40:27,2026-06-07T15:40:27,2026-06-07T15:47:16,409,"billing=24,cpu=24,gres/gpu:l40s=4,gres/gpu=4,gres/tmp=1073741824,mem=120G,node=1",,jnfat05,,,20260607_1455_gen30min32_formal100_dsqwenolympic,true,4
2670703,evaltest-imagenette-dsqwenoly,CANCELLED by 221940,0:0,2026-06-07T15:40:26,2026-06-07T15:40:27,2026-06-07T15:47:13,406,"billing=24,cpu=24,gres/gpu:l40s=4,gres/gpu=4,gres/tmp=1073741824,mem=120G,node=1","billing=24,cpu=24,gres/gpu=4,gres/tmp=1073741824,mem=120G,node=1",jnfat06,gpu_computervision,0,20260607_1455_gen30min32_formal100_dsqwenolympic,true,4
2670703.batch,batch,CANCELLED,0:15,2026-06-07T15:40:27,2026-06-07T15:40:27,2026-06-07T15:47:15,408,"cpu=24,gres/gpu:l40s=4,gres/gpu=4,gres/tmp=1073741824,mem=120G,node=1",,jnfat06,,,20260607_1455_gen30min32_formal100_dsqwenolympic,true,4
2670703.extern,extern,COMPLETED,0:0,2026-06-07T15:40:27,2026-06-07T15:40:27,2026-06-07T15:47:15,408,"billing=24,cpu=24,gres/gpu:l40s=4,gres/gpu=4,gres/tmp=1073741824,mem=120G,node=1",,jnfat06,,,20260607_1455_gen30min32_formal100_dsqwenolympic,true,4
2670742,evaltest1-cifar10-dsqwenoly,COMPLETED,0:0,2026-06-07T15:47:36,2026-06-07T15:47:36,2026-06-07T18:46:14,10718,"billing=24,cpu=24,gres/gpu:l40s=4,gres/gpu=4,gres/tmp=1073741824,mem=120G,node=1","billing=24,cpu=24,gres/gpu=4,gres/tmp=1073741824,mem=120G,node=1",jnfat05,gpu_computervision,0,20260607_1455_gen30min32_formal100_dsqwenolympic,true,4
2670742.batch,batch,COMPLETED,0:0,2026-06-07T15:47:36,2026-06-07T15:47:36,2026-06-07T18:46:14,10718,"cpu=24,gres/gpu:l40s=4,gres/gpu=4,gres/tmp=1073741824,mem=120G,node=1",,jnfat05,,,20260607_1455_gen30min32_formal100_dsqwenolympic,true,4
2670742.extern,extern,COMPLETED,0:0,2026-06-07T15:47:36,2026-06-07T15:47:36,2026-06-07T18:46:14,10718,"billing=24,cpu=24,gres/gpu:l40s=4,gres/gpu=4,gres/tmp=1073741824,mem=120G,node=1",,jnfat05,,,20260607_1455_gen30min32_formal100_dsqwenolympic,true,4
2670743,evaltest1-cifar100-dsqwenoly,COMPLETED,0:0,2026-06-07T15:47:36,2026-06-07T15:47:36,2026-06-07T18:46:55,10759,"billing=24,cpu=24,gres/gpu:l40s=4,gres/gpu=4,gres/tmp=1073741824,mem=120G,node=1","billing=24,cpu=24,gres/gpu=4,gres/tmp=1073741824,mem=120G,node=1",jnfat05,gpu_computervision,0,20260607_1455_gen30min32_formal100_dsqwenolympic,true,4
2670743.batch,batch,COMPLETED,0:0,2026-06-07T15:47:36,2026-06-07T15:47:36,2026-06-07T18:46:55,10759,"cpu=24,gres/gpu:l40s=4,gres/gpu=4,gres/tmp=1073741824,mem=120G,node=1",,jnfat05,,,20260607_1455_gen30min32_formal100_dsqwenolympic,true,4
2670743.extern,extern,COMPLETED,0:0,2026-06-07T15:47:36,2026-06-07T15:47:36,2026-06-07T18:46:55,10759,"billing=24,cpu=24,gres/gpu:l40s=4,gres/gpu=4,gres/tmp=1073741824,mem=120G,node=1",,jnfat05,,,20260607_1455_gen30min32_formal100_dsqwenolympic,true,4
2670744,evaltest1-imagenette-dsqwenoly,COMPLETED,0:0,2026-06-07T15:47:36,2026-06-07T15:47:36,2026-06-07T17:15:05,5249,"billing=24,cpu=24,gres/gpu:l40s=4,gres/gpu=4,gres/tmp=1073741824,mem=120G,node=1","billing=24,cpu=24,gres/gpu=4,gres/tmp=1073741824,mem=120G,node=1",jnfat06,gpu_computervision,0,20260607_1455_gen30min32_formal100_dsqwenolympic,true,4
2670744.batch,batch,COMPLETED,0:0,2026-06-07T15:47:36,2026-06-07T15:47:36,2026-06-07T17:15:05,5249,"cpu=24,gres/gpu:l40s=4,gres/gpu=4,gres/tmp=1073741824,mem=120G,node=1",,jnfat06,,,20260607_1455_gen30min32_formal100_dsqwenolympic,true,4
2670744.extern,extern,COMPLETED,0:0,2026-06-07T15:47:36,2026-06-07T15:47:36,2026-06-07T17:15:05,5249,"billing=24,cpu=24,gres/gpu:l40s=4,gres/gpu=4,gres/tmp=1073741824,mem=120G,node=1",,jnfat06,,,20260607_1455_gen30min32_formal100_dsqwenolympic,true,4
2671550,sanity-none-img-top6,COMPLETED,0:0,2026-06-07T23:03:59,2026-06-07T23:03:59,2026-06-07T23:07:45,226,"billing=24,cpu=24,gres/gpu:l40s=4,gres/gpu=4,gres/tmp=1073741824,mem=120G,node=1","billing=24,cpu=24,gres/gpu=4,gres/tmp=1073741824,mem=120G,node=1",jnfat04,gpu_computervision,0,20260607_1455_gen30min32_formal100_dsqwenolympic,true,4
2671550.batch,batch,COMPLETED,0:0,2026-06-07T23:03:59,2026-06-07T23:03:59,2026-06-07T23:07:45,226,"cpu=24,gres/gpu:l40s=4,gres/gpu=4,gres/tmp=1073741824,mem=120G,node=1",,jnfat04,,,20260607_1455_gen30min32_formal100_dsqwenolympic,true,4
2671550.extern,extern,COMPLETED,0:0,2026-06-07T23:03:59,2026-06-07T23:03:59,2026-06-07T23:07:45,226,"billing=24,cpu=24,gres/gpu:l40s=4,gres/gpu=4,gres/tmp=1073741824,mem=120G,node=1",,jnfat04,,,20260607_1455_gen30min32_formal100_dsqwenolympic,true,4
2671655,tunerl-struct1_v2_a18_cifar10_dirty_s42,OUT_OF_MEMORY,0:125,2026-06-08T01:09:45,2026-06-08T01:09:45,2026-06-08T05:33:21,15816,"billing=32,cpu=32,gres/gpu:h100=4,gres/gpu=4,gres/tmp=1073741824,mem=160G,node=1","billing=32,cpu=32,gres/gpu=4,gres/tmp=1073741824,mem=160G,node=1",jnultra01,h100,0,20260608_0109_struct1_v2_a18_cifar10_dirty_seed42,false,4
2671655.batch,batch,OUT_OF_MEMORY,0:125,2026-06-08T01:09:45,2026-06-08T01:09:45,2026-06-08T05:33:21,15816,"cpu=32,gres/gpu:h100=4,gres/gpu=4,gres/tmp=1073741824,mem=160G,node=1",,jnultra01,,,20260608_0109_struct1_v2_a18_cifar10_dirty_seed42,false,4
2671655.extern,extern,COMPLETED,0:0,2026-06-08T01:09:45,2026-06-08T01:09:45,2026-06-08T05:33:22,15817,"billing=32,cpu=32,gres/gpu:h100=4,gres/gpu=4,gres/tmp=1073741824,mem=160G,node=1",,jnultra01,,,20260608_0109_struct1_v2_a18_cifar10_dirty_seed42,false,4
2671657,tunerl-struct1_v2_a18_cifar10_dirty_s123,COMPLETED,0:0,2026-06-08T01:09:45,2026-06-08T01:09:46,2026-06-08T12:19:35,40189,"billing=32,cpu=32,gres/gpu:h100=4,gres/gpu=4,gres/tmp=1073741824,mem=160G,node=1","billing=32,cpu=32,gres/gpu=4,gres/tmp=1073741824,mem=160G,node=1",jnultra02,h100,0,20260608_0109_struct1_v2_a18_cifar10_dirty_seed123,false,4
2671657.batch,batch,COMPLETED,0:0,2026-06-08T01:09:46,2026-06-08T01:09:46,2026-06-08T12:19:35,40189,"cpu=32,gres/gpu:h100=4,gres/gpu=4,gres/tmp=1073741824,mem=160G,node=1",,jnultra02,,,20260608_0109_struct1_v2_a18_cifar10_dirty_seed123,false,4
2671657.extern,extern,COMPLETED,0:0,2026-06-08T01:09:46,2026-06-08T01:09:46,2026-06-08T12:19:35,40189,"billing=32,cpu=32,gres/gpu:h100=4,gres/gpu=4,gres/tmp=1073741824,mem=160G,node=1",,jnultra02,,,20260608_0109_struct1_v2_a18_cifar10_dirty_seed123,false,4
2671659,tunerl-struct1_v2_a18_cifar10_dirty_s777,COMPLETED,0:0,2026-06-08T01:09:45,2026-06-08T01:09:46,2026-06-08T12:37:50,41284,"billing=32,cpu=32,gres/gpu:h100=4,gres/gpu=4,gres/tmp=1073741824,mem=160G,node=1","billing=32,cpu=32,gres/gpu=4,gres/tmp=1073741824,mem=160G,node=1",jnultra02,h100,0,20260608_0109_struct1_v2_a18_cifar10_dirty_seed777,false,4
2671659.batch,batch,COMPLETED,0:0,2026-06-08T01:09:46,2026-06-08T01:09:46,2026-06-08T12:37:50,41284,"cpu=32,gres/gpu:h100=4,gres/gpu=4,gres/tmp=1073741824,mem=160G,node=1",,jnultra02,,,20260608_0109_struct1_v2_a18_cifar10_dirty_seed777,false,4
2671659.extern,extern,COMPLETED,0:0,2026-06-08T01:09:46,2026-06-08T01:09:46,2026-06-08T12:37:50,41284,"billing=32,cpu=32,gres/gpu:h100=4,gres/gpu=4,gres/tmp=1073741824,mem=160G,node=1",,jnultra02,,,20260608_0109_struct1_v2_a18_cifar10_dirty_seed777,false,4
2671907,tunerl-struct1_v2_a18_cifar10_seed42_mem240,CANCELLED by 221940,0:0,2026-06-08T08:25:02,2026-06-08T08:25:02,2026-06-08T08:34:50,588,"billing=32,cpu=32,gres/gpu:h100=4,gres/gpu=4,gres/tmp=1073741824,mem=240G,node=1","billing=32,cpu=32,gres/gpu=4,gres/tmp=1073741824,mem=240G,node=1",jnultra01,h100,0,20260608_0825_struct1_v2_a18_cifar10_seed42_mem240,false,4
2671907.batch,batch,FAILED,1:0,2026-06-08T08:25:02,2026-06-08T08:25:02,2026-06-08T08:34:55,593,"cpu=32,gres/gpu:h100=4,gres/gpu=4,gres/tmp=1073741824,mem=240G,node=1",,jnultra01,,,20260608_0825_struct1_v2_a18_cifar10_seed42_mem240,false,4
2671907.extern,extern,COMPLETED,0:0,2026-06-08T08:25:02,2026-06-08T08:25:02,2026-06-08T08:34:55,593,"billing=32,cpu=32,gres/gpu:h100=4,gres/gpu=4,gres/tmp=1073741824,mem=240G,node=1",,jnultra01,,,20260608_0825_struct1_v2_a18_cifar10_seed42_mem240,false,4
2671917,tunerl-struct1_v2_a18_cifar10_seed42_mem240_loaderfix,COMPLETED,0:0,2026-06-08T08:46:47,2026-06-08T08:46:47,2026-06-08T19:26:45,38398,"billing=32,cpu=32,gres/gpu:h100=4,gres/gpu=4,gres/tmp=1073741824,mem=240G,node=1","billing=32,cpu=32,gres/gpu=4,gres/tmp=1073741824,mem=240G,node=1",jnultra01,h100,0,20260608_0846_struct1_v2_a18_cifar10_seed42_mem240_loaderfix,false,4
2671917.batch,batch,COMPLETED,0:0,2026-06-08T08:46:47,2026-06-08T08:46:47,2026-06-08T19:26:45,38398,"cpu=32,gres/gpu:h100=4,gres/gpu=4,gres/tmp=1073741824,mem=240G,node=1",,jnultra01,,,20260608_0846_struct1_v2_a18_cifar10_seed42_mem240_loaderfix,false,4
2671917.extern,extern,COMPLETED,0:0,2026-06-08T08:46:47,2026-06-08T08:46:47,2026-06-08T19:26:45,38398,"billing=32,cpu=32,gres/gpu:h100=4,gres/gpu=4,gres/tmp=1073741824,mem=240G,node=1",,jnultra01,,,20260608_0846_struct1_v2_a18_cifar10_seed42_mem240_loaderfix,false,4
2674042,tunerl-article_1pattern_dscoder_cifar10_seed42_gcvl,FAILED,1:0,2026-06-08T13:33:25,2026-06-08T13:33:26,2026-06-08T13:47:11,825,"billing=32,cpu=32,gres/gpu:l40s=4,gres/gpu=4,gres/tmp=1073741824,mem=160G,node=1","billing=32,cpu=32,gres/gpu=4,gres/tmp=1073741824,mem=160G,node=1",jnfat06,gpu_computervision_long,0,20260608_1335_article_1pattern_dscoder_cifar10_seed42_gcvl,false,4
2674042.batch,batch,FAILED,1:0,2026-06-08T13:33:26,2026-06-08T13:33:26,2026-06-08T13:47:11,825,"cpu=32,gres/gpu:l40s=4,gres/gpu=4,gres/tmp=1073741824,mem=160G,node=1",,jnfat06,,,20260608_1335_article_1pattern_dscoder_cifar10_seed42_gcvl,false,4
2674042.extern,extern,COMPLETED,0:0,2026-06-08T13:33:26,2026-06-08T13:33:26,2026-06-08T13:47:11,825,"billing=32,cpu=32,gres/gpu:l40s=4,gres/gpu=4,gres/tmp=1073741824,mem=160G,node=1",,jnfat06,,,20260608_1335_article_1pattern_dscoder_cifar10_seed42_gcvl,false,4
2674044,tunerl-article_1pattern_dscoder_cifar10_seed114_gcvl,FAILED,1:0,2026-06-08T13:33:25,2026-06-08T13:33:26,2026-06-08T13:43:24,598,"billing=32,cpu=32,gres/gpu:l40s=4,gres/gpu=4,gres/tmp=1073741824,mem=160G,node=1","billing=32,cpu=32,gres/gpu=4,gres/tmp=1073741824,mem=160G,node=1",jnfat06,gpu_computervision_long,0,20260608_1335_article_1pattern_dscoder_cifar10_seed114_gcvl,false,4
2674044.batch,batch,FAILED,1:0,2026-06-08T13:33:26,2026-06-08T13:33:26,2026-06-08T13:43:24,598,"cpu=32,gres/gpu:l40s=4,gres/gpu=4,gres/tmp=1073741824,mem=160G,node=1",,jnfat06,,,20260608_1335_article_1pattern_dscoder_cifar10_seed114_gcvl,false,4
2674044.extern,extern,COMPLETED,0:0,2026-06-08T13:33:26,2026-06-08T13:33:26,2026-06-08T13:43:24,598,"billing=32,cpu=32,gres/gpu:l40s=4,gres/gpu=4,gres/tmp=1073741824,mem=160G,node=1",,jnfat06,,,20260608_1335_article_1pattern_dscoder_cifar10_seed114_gcvl,false,4
2674046,tunerl-article_1pattern_dscoder_cifar10_seed514_gcvl,FAILED,1:0,2026-06-08T13:33:25,2026-06-08T13:33:28,2026-06-08T13:45:56,748,"billing=32,cpu=32,gres/gpu:l40s=4,gres/gpu=4,gres/tmp=1073741824,mem=160G,node=1","billing=32,cpu=32,gres/gpu=4,gres/tmp=1073741824,mem=160G,node=1",jnfat07,gpu_computervision_long,0,20260608_1335_article_1pattern_dscoder_cifar10_seed514_gcvl,false,4
2674046.batch,batch,FAILED,1:0,2026-06-08T13:33:28,2026-06-08T13:33:28,2026-06-08T13:45:56,748,"cpu=32,gres/gpu:l40s=4,gres/gpu=4,gres/tmp=1073741824,mem=160G,node=1",,jnfat07,,,20260608_1335_article_1pattern_dscoder_cifar10_seed514_gcvl,false,4
2674046.extern,extern,COMPLETED,0:0,2026-06-08T13:33:28,2026-06-08T13:33:28,2026-06-08T13:45:56,748,"billing=32,cpu=32,gres/gpu:l40s=4,gres/gpu=4,gres/tmp=1073741824,mem=160G,node=1",,jnfat07,,,20260608_1335_article_1pattern_dscoder_cifar10_seed514_gcvl,false,4
2674051,article-A-e10,CANCELLED by 221940,0:0,2026-06-08T13:43:23,2026-06-08T13:43:24,2026-06-09T10:17:18,74034,"billing=32,cpu=32,gres/gpu:l40s=4,gres/gpu=4,gres/tmp=1073741824,mem=160G,node=1","billing=32,cpu=32,gres/gpu=4,gres/tmp=1073741824,mem=160G,node=1",jnfat06,gpu_computervision_long,0,20260608_1345_article_A_epoch1_epoch10,true,4
2674051.batch,batch,CANCELLED,0:15,2026-06-08T13:43:24,2026-06-08T13:43:24,2026-06-09T10:17:21,74037,"cpu=32,gres/gpu:l40s=4,gres/gpu=4,gres/tmp=1073741824,mem=160G,node=1",,jnfat06,,,20260608_1345_article_A_epoch1_epoch10,true,4
2674051.extern,extern,COMPLETED,0:0,2026-06-08T13:43:24,2026-06-08T13:43:24,2026-06-09T10:17:22,74038,"billing=32,cpu=32,gres/gpu:l40s=4,gres/gpu=4,gres/tmp=1073741824,mem=160G,node=1",,jnfat06,,,20260608_1345_article_A_epoch1_epoch10,true,4
2674083,tunerl-article_1pattern_dscoder_cifar10_seed42_gcvl_rewgpu,FAILED,1:0,2026-06-08T13:55:25,2026-06-08T13:55:25,2026-06-08T13:56:52,87,"billing=32,cpu=32,gres/gpu:l40s=4,gres/gpu=4,gres/tmp=1073741824,mem=160G,node=1","billing=32,cpu=32,gres/gpu=4,gres/tmp=1073741824,mem=160G,node=1",jnfat06,gpu_computervision_long,0,20260608_1355_article_1pattern_dscoder_cifar10_seed42_gcvl_rewgpu,false,4
2674083.batch,batch,FAILED,1:0,2026-06-08T13:55:25,2026-06-08T13:55:25,2026-06-08T13:56:52,87,"cpu=32,gres/gpu:l40s=4,gres/gpu=4,gres/tmp=1073741824,mem=160G,node=1",,jnfat06,,,20260608_1355_article_1pattern_dscoder_cifar10_seed42_gcvl_rewgpu,false,4
2674083.extern,extern,COMPLETED,0:0,2026-06-08T13:55:25,2026-06-08T13:55:25,2026-06-08T13:56:52,87,"billing=32,cpu=32,gres/gpu:l40s=4,gres/gpu=4,gres/tmp=1073741824,mem=160G,node=1",,jnfat06,,,20260608_1355_article_1pattern_dscoder_cifar10_seed42_gcvl_rewgpu,false,4
2674085,tunerl-article_1pattern_dscoder_cifar10_seed114_gcvl_rewgpu,FAILED,1:0,2026-06-08T13:55:25,2026-06-08T13:55:25,2026-06-08T13:56:53,88,"billing=32,cpu=32,gres/gpu:l40s=4,gres/gpu=4,gres/tmp=1073741824,mem=160G,node=1","billing=32,cpu=32,gres/gpu=4,gres/tmp=1073741824,mem=160G,node=1",jnfat07,gpu_computervision_long,0,20260608_1355_article_1pattern_dscoder_cifar10_seed114_gcvl_rewgpu,false,4
2674085.batch,batch,FAILED,1:0,2026-06-08T13:55:25,2026-06-08T13:55:25,2026-06-08T13:56:53,88,"cpu=32,gres/gpu:l40s=4,gres/gpu=4,gres/tmp=1073741824,mem=160G,node=1",,jnfat07,,,20260608_1355_article_1pattern_dscoder_cifar10_seed114_gcvl_rewgpu,false,4
2674085.extern,extern,COMPLETED,0:0,2026-06-08T13:55:25,2026-06-08T13:55:25,2026-06-08T13:56:53,88,"billing=32,cpu=32,gres/gpu:l40s=4,gres/gpu=4,gres/tmp=1073741824,mem=160G,node=1",,jnfat07,,,20260608_1355_article_1pattern_dscoder_cifar10_seed114_gcvl_rewgpu,false,4
2674087,tunerl-article_1pattern_dscoder_cifar10_seed514_gcvl_rewgpu,FAILED,1:0,2026-06-08T13:55:25,2026-06-08T13:55:28,2026-06-08T13:56:52,84,"billing=32,cpu=32,gres/gpu:l40s=4,gres/gpu=4,gres/tmp=1073741824,mem=160G,node=1","billing=32,cpu=32,gres/gpu=4,gres/tmp=1073741824,mem=160G,node=1",jnfat07,gpu_computervision_long,0,20260608_1355_article_1pattern_dscoder_cifar10_seed514_gcvl_rewgpu,false,4
2674087.batch,batch,FAILED,1:0,2026-06-08T13:55:28,2026-06-08T13:55:28,2026-06-08T13:56:52,84,"cpu=32,gres/gpu:l40s=4,gres/gpu=4,gres/tmp=1073741824,mem=160G,node=1",,jnfat07,,,20260608_1355_article_1pattern_dscoder_cifar10_seed514_gcvl_rewgpu,false,4
2674087.extern,extern,COMPLETED,0:0,2026-06-08T13:55:28,2026-06-08T13:55:28,2026-06-08T13:56:52,84,"billing=32,cpu=32,gres/gpu:l40s=4,gres/gpu=4,gres/tmp=1073741824,mem=160G,node=1",,jnfat07,,,20260608_1355_article_1pattern_dscoder_cifar10_seed514_gcvl_rewgpu,false,4
2674249,tunerl-article_1pattern_dscoder_cifar10_seed42_gcvl_rewgpu2,FAILED,1:0,2026-06-08T14:03:56,2026-06-08T14:03:56,2026-06-08T14:11:40,464,"billing=32,cpu=32,gres/gpu:l40s=4,gres/gpu=4,gres/tmp=1073741824,mem=160G,node=1","billing=32,cpu=32,gres/gpu=4,gres/tmp=1073741824,mem=160G,node=1",jnfat07,gpu_computervision_long,0,20260608_1403_article_1pattern_dscoder_cifar10_seed42_gcvl_rewgpu2,false,4
2674249.batch,batch,FAILED,1:0,2026-06-08T14:03:56,2026-06-08T14:03:56,2026-06-08T14:11:40,464,"cpu=32,gres/gpu:l40s=4,gres/gpu=4,gres/tmp=1073741824,mem=160G,node=1",,jnfat07,,,20260608_1403_article_1pattern_dscoder_cifar10_seed42_gcvl_rewgpu2,false,4
2674249.extern,extern,COMPLETED,0:0,2026-06-08T14:03:56,2026-06-08T14:03:56,2026-06-08T14:11:40,464,"billing=32,cpu=32,gres/gpu:l40s=4,gres/gpu=4,gres/tmp=1073741824,mem=160G,node=1",,jnfat07,,,20260608_1403_article_1pattern_dscoder_cifar10_seed42_gcvl_rewgpu2,false,4
2674251,tunerl-article_1pattern_dscoder_cifar10_seed114_gcvl_rewgpu2,FAILED,1:0,2026-06-08T14:03:56,2026-06-08T14:03:56,2026-06-08T14:08:00,244,"billing=32,cpu=32,gres/gpu:l40s=4,gres/gpu=4,gres/tmp=1073741824,mem=160G,node=1","billing=32,cpu=32,gres/gpu=4,gres/tmp=1073741824,mem=160G,node=1",jnfat07,gpu_computervision_long,0,20260608_1403_article_1pattern_dscoder_cifar10_seed114_gcvl_rewgpu2,false,4
2674251.batch,batch,FAILED,1:0,2026-06-08T14:03:56,2026-06-08T14:03:56,2026-06-08T14:08:00,244,"cpu=32,gres/gpu:l40s=4,gres/gpu=4,gres/tmp=1073741824,mem=160G,node=1",,jnfat07,,,20260608_1403_article_1pattern_dscoder_cifar10_seed114_gcvl_rewgpu2,false,4
2674251.extern,extern,COMPLETED,0:0,2026-06-08T14:03:56,2026-06-08T14:03:56,2026-06-08T14:08:01,245,"billing=32,cpu=32,gres/gpu:l40s=4,gres/gpu=4,gres/tmp=1073741824,mem=160G,node=1",,jnfat07,,,20260608_1403_article_1pattern_dscoder_cifar10_seed114_gcvl_rewgpu2,false,4
2674253,tunerl-article_1pattern_dscoder_cifar10_seed514_gcvl_rewgpu2,FAILED,1:0,2026-06-08T14:03:56,2026-06-08T14:03:59,2026-06-08T14:17:02,783,"billing=32,cpu=32,gres/gpu:l40s=4,gres/gpu=4,gres/tmp=1073741824,mem=160G,node=1","billing=32,cpu=32,gres/gpu=4,gres/tmp=1073741824,mem=160G,node=1",jnfat04,gpu_computervision_long,0,20260608_1403_article_1pattern_dscoder_cifar10_seed514_gcvl_rewgpu2,false,4
2674253.batch,batch,FAILED,1:0,2026-06-08T14:03:59,2026-06-08T14:03:59,2026-06-08T14:17:02,783,"cpu=32,gres/gpu:l40s=4,gres/gpu=4,gres/tmp=1073741824,mem=160G,node=1",,jnfat04,,,20260608_1403_article_1pattern_dscoder_cifar10_seed514_gcvl_rewgpu2,false,4
2674253.extern,extern,COMPLETED,0:0,2026-06-08T14:03:59,2026-06-08T14:03:59,2026-06-08T14:17:02,783,"billing=32,cpu=32,gres/gpu:l40s=4,gres/gpu=4,gres/tmp=1073741824,mem=160G,node=1",,jnfat04,,,20260608_1403_article_1pattern_dscoder_cifar10_seed514_gcvl_rewgpu2,false,4
2674786,article-B-single-e1,COMPLETED,0:0,2026-06-08T14:43:42,2026-06-08T14:43:43,2026-06-08T15:08:41,1498,"billing=24,cpu=24,gres/gpu:l40s=4,gres/gpu=4,gres/tmp=1073741824,mem=120G,node=1","billing=24,cpu=24,gres/gpu=4,gres/tmp=1073741824,mem=120G,node=1",jnfat04,gpu_computervision_long,0,20260608_1345_article_B_single_dual_imagenette,true,4
2674786.batch,batch,COMPLETED,0:0,2026-06-08T14:43:43,2026-06-08T14:43:43,2026-06-08T15:08:41,1498,"cpu=24,gres/gpu:l40s=4,gres/gpu=4,gres/tmp=1073741824,mem=120G,node=1",,jnfat04,,,20260608_1345_article_B_single_dual_imagenette,true,4
2674786.extern,extern,COMPLETED,0:0,2026-06-08T14:43:43,2026-06-08T14:43:43,2026-06-08T15:08:42,1499,"billing=24,cpu=24,gres/gpu:l40s=4,gres/gpu=4,gres/tmp=1073741824,mem=120G,node=1",,jnfat04,,,20260608_1345_article_B_single_dual_imagenette,true,4
2675599,tunerl-article_1pattern_dscoder_cifar10_seed42_gcvl_p3000,CANCELLED by 221940,0:0,2026-06-08T15:26:37,2026-06-08T15:26:38,2026-06-08T15:34:59,501,"billing=32,cpu=32,gres/gpu:l40s=4,gres/gpu=4,gres/tmp=1073741824,mem=160G,node=1","billing=32,cpu=32,gres/gpu=4,gres/tmp=1073741824,mem=160G,node=1",jnfat04,gpu_computervision_long,0,20260608_1526_article_1pattern_dscoder_cifar10_seed42_gcvl_p3000,false,4
2675599.batch,batch,FAILED,1:0,2026-06-08T15:26:38,2026-06-08T15:26:38,2026-06-08T15:35:02,504,"cpu=32,gres/gpu:l40s=4,gres/gpu=4,gres/tmp=1073741824,mem=160G,node=1",,jnfat04,,,20260608_1526_article_1pattern_dscoder_cifar10_seed42_gcvl_p3000,false,4
2675599.extern,extern,COMPLETED,0:0,2026-06-08T15:26:38,2026-06-08T15:26:38,2026-06-08T15:35:03,505,"billing=32,cpu=32,gres/gpu:l40s=4,gres/gpu=4,gres/tmp=1073741824,mem=160G,node=1",,jnfat04,,,20260608_1526_article_1pattern_dscoder_cifar10_seed42_gcvl_p3000,false,4
2675601,tunerl-article_1pattern_dscoder_cifar10_seed114_gcvl_p3000,FAILED,1:0,2026-06-08T15:26:37,2026-06-08T15:26:40,2026-06-08T15:33:34,414,"billing=32,cpu=32,gres/gpu:l40s=4,gres/gpu=4,gres/tmp=1073741824,mem=160G,node=1","billing=32,cpu=32,gres/gpu=4,gres/tmp=1073741824,mem=160G,node=1",jnfat06,gpu_computervision_long,0,20260608_1526_article_1pattern_dscoder_cifar10_seed114_gcvl_p3000,false,4
2675601.batch,batch,FAILED,1:0,2026-06-08T15:26:40,2026-06-08T15:26:40,2026-06-08T15:33:34,414,"cpu=32,gres/gpu:l40s=4,gres/gpu=4,gres/tmp=1073741824,mem=160G,node=1",,jnfat06,,,20260608_1526_article_1pattern_dscoder_cifar10_seed114_gcvl_p3000,false,4
2675601.extern,extern,COMPLETED,0:0,2026-06-08T15:26:40,2026-06-08T15:26:40,2026-06-08T15:33:34,414,"billing=32,cpu=32,gres/gpu:l40s=4,gres/gpu=4,gres/tmp=1073741824,mem=160G,node=1",,jnfat06,,,20260608_1526_article_1pattern_dscoder_cifar10_seed114_gcvl_p3000,false,4
2675683,tunerl-article_1pattern_dscoder_cifar10_seed514_std_p3000,CANCELLED by 221940,0:0,2026-06-08T15:30:54,2026-06-08T15:31:17,2026-06-08T15:34:59,222,"billing=32,cpu=32,gres/gpu:l40=3,gres/gpu=3,gres/tmp=1073741824,mem=160G,node=1","billing=32,cpu=32,gres/gpu=3,gres/tmp=1073741824,mem=160G,node=1",jn105,standard,0,20260608_1530_article_1pattern_dscoder_cifar10_seed514_std_p3000,false,3
2675683.batch,batch,FAILED,1:0,2026-06-08T15:31:17,2026-06-08T15:31:17,2026-06-08T15:35:00,223,"cpu=32,gres/gpu:l40=3,gres/gpu=3,gres/tmp=1073741824,mem=160G,node=1",,jn105,,,20260608_1530_article_1pattern_dscoder_cifar10_seed514_std_p3000,false,3
2675683.extern,extern,COMPLETED,0:0,2026-06-08T15:31:17,2026-06-08T15:31:17,2026-06-08T15:35:01,224,"billing=32,cpu=32,gres/gpu:l40=3,gres/gpu=3,gres/tmp=1073741824,mem=160G,node=1",,jn105,,,20260608_1530_article_1pattern_dscoder_cifar10_seed514_std_p3000,false,3
2675803,abl-full_reward,CANCELLED by 221940,0:0,2026-06-08T15:43:55,2026-06-08T15:43:56,2026-06-08T15:47:01,185,"billing=32,cpu=32,gres/gpu:l40s=4,gres/gpu=4,gres/tmp=1073741824,mem=160G,node=1","billing=32,cpu=32,gres/gpu=4,gres/tmp=1073741824,mem=160G,node=1",jnfat04,gpu_computervision_long,0,20260608_1543_article_reward_ablation_a18_cifar10_gcvl_full_reward,false,4
2675803.batch,batch,FAILED,1:0,2026-06-08T15:43:56,2026-06-08T15:43:56,2026-06-08T15:47:04,188,"cpu=32,gres/gpu:l40s=4,gres/gpu=4,gres/tmp=1073741824,mem=160G,node=1",,jnfat04,,,20260608_1543_article_reward_ablation_a18_cifar10_gcvl_full_reward,false,4
2675803.extern,extern,COMPLETED,0:0,2026-06-08T15:43:56,2026-06-08T15:43:56,2026-06-08T15:47:04,188,"billing=32,cpu=32,gres/gpu:l40s=4,gres/gpu=4,gres/tmp=1073741824,mem=160G,node=1",,jnfat04,,,20260608_1543_article_reward_ablation_a18_cifar10_gcvl_full_reward,false,4
2675804,abl-no_diversity_bonus,CANCELLED by 221940,0:0,2026-06-08T15:43:55,2026-06-08T15:43:56,2026-06-08T15:47:02,186,"billing=32,cpu=32,gres/gpu:l40s=4,gres/gpu=4,gres/tmp=1073741824,mem=160G,node=1","billing=32,cpu=32,gres/gpu=4,gres/tmp=1073741824,mem=160G,node=1",jnfat06,gpu_computervision_long,0,20260608_1543_article_reward_ablation_a18_cifar10_gcvl_no_diversity_bonus,false,4
2675804.batch,batch,FAILED,1:0,2026-06-08T15:43:56,2026-06-08T15:43:56,2026-06-08T15:47:05,189,"cpu=32,gres/gpu:l40s=4,gres/gpu=4,gres/tmp=1073741824,mem=160G,node=1",,jnfat06,,,20260608_1543_article_reward_ablation_a18_cifar10_gcvl_no_diversity_bonus,false,4
2675804.extern,extern,COMPLETED,0:0,2026-06-08T15:43:56,2026-06-08T15:43:56,2026-06-08T15:47:06,190,"billing=32,cpu=32,gres/gpu:l40s=4,gres/gpu=4,gres/tmp=1073741824,mem=160G,node=1",,jnfat06,,,20260608_1543_article_reward_ablation_a18_cifar10_gcvl_no_diversity_bonus,false,4
2675832,abl-e1-full_reward,FAILED,1:0,2026-06-08T15:47:33,2026-06-08T15:47:33,2026-06-08T18:31:00,9807,"billing=32,cpu=32,gres/gpu:l40s=4,gres/gpu=4,gres/tmp=1073741824,mem=160G,node=1","billing=32,cpu=32,gres/gpu=4,gres/tmp=1073741824,mem=160G,node=1",jnfat04,gpu_computervision_long,0,20260608_1547_article_reward_ablation_a18_cifar10_gcvl_e1_full_reward,false,4
2675832.batch,batch,FAILED,1:0,2026-06-08T15:47:33,2026-06-08T15:47:33,2026-06-08T18:31:00,9807,"cpu=32,gres/gpu:l40s=4,gres/gpu=4,gres/tmp=1073741824,mem=160G,node=1",,jnfat04,,,20260608_1547_article_reward_ablation_a18_cifar10_gcvl_e1_full_reward,false,4
2675832.extern,extern,COMPLETED,0:0,2026-06-08T15:47:33,2026-06-08T15:47:33,2026-06-08T18:31:00,9807,"billing=32,cpu=32,gres/gpu:l40s=4,gres/gpu=4,gres/tmp=1073741824,mem=160G,node=1",,jnfat04,,,20260608_1547_article_reward_ablation_a18_cifar10_gcvl_e1_full_reward,false,4
2675833,abl-e1-no_diversity_bonus,CANCELLED by 221940,0:0,2026-06-08T15:47:33,2026-06-08T15:47:33,2026-06-08T19:20:25,12772,"billing=32,cpu=32,gres/gpu:l40s=4,gres/gpu=4,gres/tmp=1073741824,mem=160G,node=1","billing=32,cpu=32,gres/gpu=4,gres/tmp=1073741824,mem=160G,node=1",jnfat06,gpu_computervision_long,0,20260608_1547_article_reward_ablation_a18_cifar10_gcvl_e1_no_diversity_bonus,false,4
2675833.batch,batch,CANCELLED,0:9,2026-06-08T15:47:33,2026-06-08T15:47:33,2026-06-08T19:20:55,12802,"cpu=32,gres/gpu:l40s=4,gres/gpu=4,gres/tmp=1073741824,mem=160G,node=1",,jnfat06,,,20260608_1547_article_reward_ablation_a18_cifar10_gcvl_e1_no_diversity_bonus,false,4
2675833.extern,extern,COMPLETED,0:0,2026-06-08T15:47:33,2026-06-08T15:47:33,2026-06-08T19:20:55,12802,"billing=32,cpu=32,gres/gpu:l40s=4,gres/gpu=4,gres/tmp=1073741824,mem=160G,node=1",,jnfat06,,,20260608_1547_article_reward_ablation_a18_cifar10_gcvl_e1_no_diversity_bonus,false,4
2676023,abl-e1-std-no_repeat_penalty,CANCELLED by 221940,0:0,2026-06-08T16:46:28,2026-06-08T16:46:28,2026-06-08T19:20:26,9238,"billing=32,cpu=32,gres/gpu:l40=3,gres/gpu=3,gres/tmp=1073741824,mem=160G,node=1","billing=32,cpu=32,gres/gpu=3,gres/tmp=1073741824,mem=160G,node=1",jn020,standard,0,20260608_1646_article_reward_ablation_a18_cifar10_std_e1_no_repeat_penalty,false,3
2676023.batch,batch,FAILED,1:0,2026-06-08T16:46:28,2026-06-08T16:46:28,2026-06-08T19:20:30,9242,"cpu=32,gres/gpu:l40=3,gres/gpu=3,gres/tmp=1073741824,mem=160G,node=1",,jn020,,,20260608_1646_article_reward_ablation_a18_cifar10_std_e1_no_repeat_penalty,false,3
2676023.extern,extern,COMPLETED,0:0,2026-06-08T16:46:28,2026-06-08T16:46:28,2026-06-08T19:20:31,9243,"billing=32,cpu=32,gres/gpu:l40=3,gres/gpu=3,gres/tmp=1073741824,mem=160G,node=1",,jn020,,,20260608_1646_article_reward_ablation_a18_cifar10_std_e1_no_repeat_penalty,false,3
2676830,tunerl-article_1pattern_dscoder_cifar10_seed42_std_p3000_sameparams_probe,CANCELLED by 221940,0:0,2026-06-08T18:11:59,2026-06-08T18:12:02,2026-06-08T18:20:16,494,"billing=32,cpu=32,gres/gpu:l40=3,gres/gpu=3,gres/tmp=1073741824,mem=160G,node=1","billing=32,cpu=32,gres/gpu=3,gres/tmp=1073741824,mem=160G,node=1",jn102,standard,0,20260608_1811_article_1pattern_dscoder_cifar10_seed42_std_p3000_sameparams_probe,false,3
2676830.batch,batch,FAILED,1:0,2026-06-08T18:12:02,2026-06-08T18:12:02,2026-06-08T18:20:20,498,"cpu=32,gres/gpu:l40=3,gres/gpu=3,gres/tmp=1073741824,mem=160G,node=1",,jn102,,,20260608_1811_article_1pattern_dscoder_cifar10_seed42_std_p3000_sameparams_probe,false,3
2676830.extern,extern,COMPLETED,0:0,2026-06-08T18:12:02,2026-06-08T18:12:02,2026-06-08T18:20:21,499,"billing=32,cpu=32,gres/gpu:l40=3,gres/gpu=3,gres/tmp=1073741824,mem=160G,node=1",,jn102,,,20260608_1811_article_1pattern_dscoder_cifar10_seed42_std_p3000_sameparams_probe,false,3
2676852,tunerl-article_1pattern_dscoder_cifar10_seed42_std_p3000_adapter_precision_probe,CANCELLED by 221940,0:0,2026-06-08T18:15:22,2026-06-08T18:15:25,2026-06-08T18:20:16,291,"billing=32,cpu=32,gres/gpu:l40=3,gres/gpu=3,gres/tmp=1073741824,mem=160G,node=1","billing=32,cpu=32,gres/gpu=3,gres/tmp=1073741824,mem=160G,node=1",jn117,standard,0,20260608_1815_article_1pattern_dscoder_cifar10_seed42_std_p3000_adapter_precision_probe,false,3
2676852.batch,batch,FAILED,1:0,2026-06-08T18:15:25,2026-06-08T18:15:25,2026-06-08T18:20:19,294,"cpu=32,gres/gpu:l40=3,gres/gpu=3,gres/tmp=1073741824,mem=160G,node=1",,jn117,,,20260608_1815_article_1pattern_dscoder_cifar10_seed42_std_p3000_adapter_precision_probe,false,3
2676852.extern,extern,COMPLETED,0:0,2026-06-08T18:15:25,2026-06-08T18:15:25,2026-06-08T18:20:19,294,"billing=32,cpu=32,gres/gpu:l40=3,gres/gpu=3,gres/tmp=1073741824,mem=160G,node=1",,jn117,,,20260608_1815_article_1pattern_dscoder_cifar10_seed42_std_p3000_adapter_precision_probe,false,3
2677177,tunerl-article_1pattern_dscoder_cifar10_seed42_std_p3000_c1200_probe,FAILED,1:0,2026-06-08T18:20:45,2026-06-08T18:20:45,2026-06-08T18:28:47,482,"billing=32,cpu=32,gres/gpu:l40=3,gres/gpu=3,gres/tmp=1073741824,mem=160G,node=1","billing=32,cpu=32,gres/gpu=3,gres/tmp=1073741824,mem=160G,node=1",jn102,standard,0,20260608_1820_article_1pattern_dscoder_cifar10_seed42_std_p3000_c1200_probe,false,3
2677177.batch,batch,FAILED,1:0,2026-06-08T18:20:45,2026-06-08T18:20:45,2026-06-08T18:28:47,482,"cpu=32,gres/gpu:l40=3,gres/gpu=3,gres/tmp=1073741824,mem=160G,node=1",,jn102,,,20260608_1820_article_1pattern_dscoder_cifar10_seed42_std_p3000_c1200_probe,false,3
2677177.extern,extern,COMPLETED,0:0,2026-06-08T18:20:45,2026-06-08T18:20:45,2026-06-08T18:28:47,482,"billing=32,cpu=32,gres/gpu:l40=3,gres/gpu=3,gres/tmp=1073741824,mem=160G,node=1",,jn102,,,20260608_1820_article_1pattern_dscoder_cifar10_seed42_std_p3000_c1200_probe,false,3
2677210,tunerl-article_1pattern_dscoder_cifar10_seed42_std_p3000_alloc_probe,CANCELLED by 221940,0:0,2026-06-08T18:41:16,2026-06-08T18:41:16,2026-06-08T19:20:25,2349,"billing=32,cpu=32,gres/gpu:l40=3,gres/gpu=3,gres/tmp=1073741824,mem=160G,node=1","billing=32,cpu=32,gres/gpu=3,gres/tmp=1073741824,mem=160G,node=1",jn102,standard,0,20260608_1841_article_1pattern_dscoder_cifar10_seed42_std_p3000_alloc_probe,false,3
2677210.batch,batch,CANCELLED,0:9,2026-06-08T18:41:16,2026-06-08T18:41:16,2026-06-08T19:20:55,2379,"cpu=32,gres/gpu:l40=3,gres/gpu=3,gres/tmp=1073741824,mem=160G,node=1",,jn102,,,20260608_1841_article_1pattern_dscoder_cifar10_seed42_std_p3000_alloc_probe,false,3
2677210.extern,extern,COMPLETED,0:0,2026-06-08T18:41:16,2026-06-08T18:41:16,2026-06-08T19:20:55,2379,"billing=32,cpu=32,gres/gpu:l40=3,gres/gpu=3,gres/tmp=1073741824,mem=160G,node=1",,jn102,,,20260608_1841_article_1pattern_dscoder_cifar10_seed42_std_p3000_alloc_probe,false,3
2677248,abl-full_reward,COMPLETED,0:0,2026-06-08T19:22:02,2026-06-08T19:22:02,2026-06-09T16:59:55,77873,"billing=32,cpu=32,gres/gpu:l40s=4,gres/gpu=4,gres/tmp=1073741824,mem=160G,node=1","billing=32,cpu=32,gres/gpu=4,gres/tmp=1073741824,mem=160G,node=1",jnfat06,gpu_computervision_long,0,20260608_1922_article_reward_ablation_a18_cifar10_gcvl_e1_p3500_c1200_alloc_full_reward,false,4
2677248.batch,batch,COMPLETED,0:0,2026-06-08T19:22:02,2026-06-08T19:22:02,2026-06-09T16:59:55,77873,"cpu=32,gres/gpu:l40s=4,gres/gpu=4,gres/tmp=1073741824,mem=160G,node=1",,jnfat06,,,20260608_1922_article_reward_ablation_a18_cifar10_gcvl_e1_p3500_c1200_alloc_full_reward,false,4
2677248.extern,extern,COMPLETED,0:0,2026-06-08T19:22:02,2026-06-08T19:22:02,2026-06-09T16:59:55,77873,"billing=32,cpu=32,gres/gpu:l40s=4,gres/gpu=4,gres/tmp=1073741824,mem=160G,node=1",,jnfat06,,,20260608_1922_article_reward_ablation_a18_cifar10_gcvl_e1_p3500_c1200_alloc_full_reward,false,4
2677251,tunerl-article_d_a9_cifar10_seed42_p3500_c1200_alloc,COMPLETED,0:0,2026-06-08T19:22:02,2026-06-08T19:22:02,2026-06-09T06:25:28,39806,"billing=32,cpu=32,gres/gpu:l40=3,gres/gpu=3,gres/tmp=1073741824,mem=160G,node=1","billing=32,cpu=32,gres/gpu=3,gres/tmp=1073741824,mem=160G,node=1",jn006,standard,0,20260608_1922_article_D_a9_cifar10_seed42_p3500_c1200_alloc,false,3
2677251.batch,batch,COMPLETED,0:0,2026-06-08T19:22:02,2026-06-08T19:22:02,2026-06-09T06:25:28,39806,"cpu=32,gres/gpu:l40=3,gres/gpu=3,gres/tmp=1073741824,mem=160G,node=1",,jn006,,,20260608_1922_article_D_a9_cifar10_seed42_p3500_c1200_alloc,false,3
2677251.extern,extern,COMPLETED,0:0,2026-06-08T19:22:02,2026-06-08T19:22:02,2026-06-09T06:25:28,39806,"billing=32,cpu=32,gres/gpu:l40=3,gres/gpu=3,gres/tmp=1073741824,mem=160G,node=1",,jn006,,,20260608_1922_article_D_a9_cifar10_seed42_p3500_c1200_alloc,false,3
2677253,tunerl-article_d_a9_cifar10_seed114_p3500_c1200_alloc,COMPLETED,0:0,2026-06-08T19:22:03,2026-06-08T19:22:05,2026-06-09T01:11:30,20965,"billing=32,cpu=32,gres/gpu:l40=3,gres/gpu=3,gres/tmp=1073741824,mem=160G,node=1","billing=32,cpu=32,gres/gpu=3,gres/tmp=1073741824,mem=160G,node=1",jn020,standard,0,20260608_1922_article_D_a9_cifar10_seed114_p3500_c1200_alloc,false,3
2677253.batch,batch,COMPLETED,0:0,2026-06-08T19:22:05,2026-06-08T19:22:05,2026-06-09T01:11:30,20965,"cpu=32,gres/gpu:l40=3,gres/gpu=3,gres/tmp=1073741824,mem=160G,node=1",,jn020,,,20260608_1922_article_D_a9_cifar10_seed114_p3500_c1200_alloc,false,3
2677253.extern,extern,COMPLETED,0:0,2026-06-08T19:22:05,2026-06-08T19:22:05,2026-06-09T01:11:30,20965,"billing=32,cpu=32,gres/gpu:l40=3,gres/gpu=3,gres/tmp=1073741824,mem=160G,node=1",,jn020,,,20260608_1922_article_D_a9_cifar10_seed114_p3500_c1200_alloc,false,3
2677255,tunerl-article_d_a9_cifar10_seed514_p3500_c1200_alloc,OUT_OF_MEMORY,0:125,2026-06-08T19:22:03,2026-06-08T19:22:05,2026-06-08T19:41:23,1158,"billing=32,cpu=32,gres/gpu:l40=3,gres/gpu=3,gres/tmp=1073741824,mem=160G,node=1","billing=32,cpu=32,gres/gpu=3,gres/tmp=1073741824,mem=160G,node=1",jn102,standard,0,20260608_1922_article_D_a9_cifar10_seed514_p3500_c1200_alloc,false,3
2677255.batch,batch,OUT_OF_MEMORY,0:125,2026-06-08T19:22:05,2026-06-08T19:22:05,2026-06-08T19:41:23,1158,"cpu=32,gres/gpu:l40=3,gres/gpu=3,gres/tmp=1073741824,mem=160G,node=1",,jn102,,,20260608_1922_article_D_a9_cifar10_seed514_p3500_c1200_alloc,false,3
2677255.extern,extern,COMPLETED,0:0,2026-06-08T19:22:05,2026-06-08T19:22:05,2026-06-08T19:41:23,1158,"billing=32,cpu=32,gres/gpu:l40=3,gres/gpu=3,gres/tmp=1073741824,mem=160G,node=1",,jn102,,,20260608_1922_article_D_a9_cifar10_seed514_p3500_c1200_alloc,false,3
2677276,abl-no_diversity_bonus,COMPLETED,0:0,2026-06-08T19:28:09,2026-06-08T19:28:09,2026-06-09T16:10:33,74544,"billing=32,cpu=32,gres/gpu:l40s=3,gres/gpu=3,gres/tmp=1073741824,mem=160G,node=1","billing=32,cpu=32,gres/gpu=3,gres/tmp=1073741824,mem=160G,node=1",jnfat08,standard,0,20260608_1928_article_reward_ablation_a18_cifar10_std_e1_p3500_c1200_alloc_no_diversity_bonus,false,3
2677276.batch,batch,COMPLETED,0:0,2026-06-08T19:28:09,2026-06-08T19:28:09,2026-06-09T16:10:33,74544,"cpu=32,gres/gpu:l40s=3,gres/gpu=3,gres/tmp=1073741824,mem=160G,node=1",,jnfat08,,,20260608_1928_article_reward_ablation_a18_cifar10_std_e1_p3500_c1200_alloc_no_diversity_bonus,false,3
2677276.extern,extern,COMPLETED,0:0,2026-06-08T19:28:09,2026-06-08T19:28:09,2026-06-09T16:10:33,74544,"billing=32,cpu=32,gres/gpu:l40s=3,gres/gpu=3,gres/tmp=1073741824,mem=160G,node=1",,jnfat08,,,20260608_1928_article_reward_ablation_a18_cifar10_std_e1_p3500_c1200_alloc_no_diversity_bonus,false,3
2677277,abl-no_repeat_penalty,COMPLETED,0:0,2026-06-08T19:28:09,2026-06-08T19:28:09,2026-06-09T16:11:08,74579,"billing=32,cpu=32,gres/gpu:l40=3,gres/gpu=3,gres/tmp=1073741824,mem=160G,node=1","billing=32,cpu=32,gres/gpu=3,gres/tmp=1073741824,mem=160G,node=1",jn104,standard,0,20260608_1928_article_reward_ablation_a18_cifar10_std_e1_p3500_c1200_alloc_no_repeat_penalty,false,3
2677277.batch,batch,COMPLETED,0:0,2026-06-08T19:28:09,2026-06-08T19:28:09,2026-06-09T16:11:08,74579,"cpu=32,gres/gpu:l40=3,gres/gpu=3,gres/tmp=1073741824,mem=160G,node=1",,jn104,,,20260608_1928_article_reward_ablation_a18_cifar10_std_e1_p3500_c1200_alloc_no_repeat_penalty,false,3
2677277.extern,extern,COMPLETED,0:0,2026-06-08T19:28:09,2026-06-08T19:28:09,2026-06-09T16:11:08,74579,"billing=32,cpu=32,gres/gpu:l40=3,gres/gpu=3,gres/tmp=1073741824,mem=160G,node=1",,jn104,,,20260608_1928_article_reward_ablation_a18_cifar10_std_e1_p3500_c1200_alloc_no_repeat_penalty,false,3
2677284,tunerl-article_d_a9_cifar10_seed514_p3500_c1200_alloc_mem240,OUT_OF_MEMORY,0:125,2026-06-08T19:45:07,2026-06-08T19:45:10,2026-06-08T20:11:53,1603,"billing=32,cpu=32,gres/gpu:l40=3,gres/gpu=3,gres/tmp=1073741824,mem=240G,node=1","billing=32,cpu=32,gres/gpu=3,gres/tmp=1073741824,mem=240G,node=1",jn019,standard,0,20260608_1945_article_D_a9_cifar10_seed514_p3500_c1200_alloc_mem240,false,3
2677284.batch,batch,OUT_OF_MEMORY,0:125,2026-06-08T19:45:10,2026-06-08T19:45:10,2026-06-08T20:11:53,1603,"cpu=32,gres/gpu:l40=3,gres/gpu=3,gres/tmp=1073741824,mem=240G,node=1",,jn019,,,20260608_1945_article_D_a9_cifar10_seed514_p3500_c1200_alloc_mem240,false,3
2677284.extern,extern,COMPLETED,0:0,2026-06-08T19:45:10,2026-06-08T19:45:10,2026-06-08T20:11:53,1603,"billing=32,cpu=32,gres/gpu:l40=3,gres/gpu=3,gres/tmp=1073741824,mem=240G,node=1",,jn019,,,20260608_1945_article_D_a9_cifar10_seed514_p3500_c1200_alloc_mem240,false,3
2677527,diag-watch-2677526,FAILED,2:0,2026-06-08T21:33:24,2026-06-08T21:33:37,2026-06-08T21:33:37,0,"billing=2,cpu=2,gres/tmp=1073741824,mem=4G,node=1","billing=1,cpu=1,gres/tmp=1073741824,mem=2G,node=1",jn011,small_cpu,0,20260608_2132_diag_seed514_ram_oom_b3,false,
2677527.batch,batch,FAILED,2:0,2026-06-08T21:33:37,2026-06-08T21:33:37,2026-06-08T21:33:37,0,"cpu=2,gres/tmp=1073741824,mem=4G,node=1",,jn011,,,20260608_2132_diag_seed514_ram_oom_b3,false,
2677527.extern,extern,COMPLETED,0:0,2026-06-08T21:33:37,2026-06-08T21:33:37,2026-06-08T21:33:37,0,"billing=2,cpu=2,gres/tmp=1073741824,mem=4G,node=1",,jn011,,,20260608_2132_diag_seed514_ram_oom_b3,false,
2677537,diag-seed514-dump-b3,CANCELLED by 221940,0:0,2026-06-08T21:35:41,2026-06-08T21:41:46,2026-06-08T21:47:25,339,"billing=32,cpu=32,gres/gpu:l40s=3,gres/gpu=3,gres/tmp=1073741824,mem=160G,node=1","billing=32,cpu=32,gres/gpu=3,gres/tmp=1073741824,mem=160G,node=1",jnfat02,standard,0,20260608_2135_diag_seed514_dump_b3,false,3
2677537.batch,batch,FAILED,1:0,2026-06-08T21:41:46,2026-06-08T21:41:46,2026-06-08T21:47:50,364,"cpu=32,gres/gpu:l40s=3,gres/gpu=3,gres/tmp=1073741824,mem=160G,node=1",,jnfat02,,,20260608_2135_diag_seed514_dump_b3,false,3
2677537.extern,extern,COMPLETED,0:0,2026-06-08T21:41:46,2026-06-08T21:41:46,2026-06-08T21:47:55,369,"billing=32,cpu=32,gres/gpu:l40s=3,gres/gpu=3,gres/tmp=1073741824,mem=160G,node=1",,jnfat02,,,20260608_2135_diag_seed514_dump_b3,false,3
2677791,tunerl-article_d_a9_cifar10_seed514_p3500_c1200_alloc_meta,OUT_OF_MEMORY,0:125,2026-06-08T22:45:41,2026-06-08T22:46:03,2026-06-09T00:48:11,7328,"billing=32,cpu=32,gres/gpu:l40=3,gres/gpu=3,gres/tmp=1073741824,mem=160G,node=1","billing=32,cpu=32,gres/gpu=3,gres/tmp=1073741824,mem=160G,node=1",jn106,standard,0,20260608_2245_article_d_a9_cifar10_seed514_p3500_c1200_alloc_meta,false,3
2677791.batch,batch,OUT_OF_MEMORY,0:125,2026-06-08T22:46:03,2026-06-08T22:46:03,2026-06-09T00:48:11,7328,"cpu=32,gres/gpu:l40=3,gres/gpu=3,gres/tmp=1073741824,mem=160G,node=1",,jn106,,,20260608_2245_article_d_a9_cifar10_seed514_p3500_c1200_alloc_meta,false,3
2677791.extern,extern,COMPLETED,0:0,2026-06-08T22:46:03,2026-06-08T22:46:03,2026-06-09T00:48:11,7328,"billing=32,cpu=32,gres/gpu:l40=3,gres/gpu=3,gres/tmp=1073741824,mem=160G,node=1",,jn106,,,20260608_2245_article_d_a9_cifar10_seed514_p3500_c1200_alloc_meta,false,3
2680341,tunerl-article_d_a9_cifar10_seed123_gcvl_p3500_c1200_alloc,COMPLETED,0:0,2026-06-09T10:13:34,2026-06-09T10:17:23,2026-06-09T15:57:52,20429,"billing=32,cpu=32,gres/gpu:l40s=4,gres/gpu=4,gres/tmp=1073741824,mem=160G,node=1","billing=32,cpu=32,gres/gpu=4,gres/tmp=1073741824,mem=160G,node=1",jnfat06,gpu_computervision_long,0,20260609_1016_article_D_a9_cifar10_seed123_gcvl_p3500_c1200_alloc,false,4
2680341.batch,batch,COMPLETED,0:0,2026-06-09T10:17:23,2026-06-09T10:17:23,2026-06-09T15:57:52,20429,"cpu=32,gres/gpu:l40s=4,gres/gpu=4,gres/tmp=1073741824,mem=160G,node=1",,jnfat06,,,20260609_1016_article_D_a9_cifar10_seed123_gcvl_p3500_c1200_alloc,false,4
2680341.extern,extern,COMPLETED,0:0,2026-06-09T10:17:23,2026-06-09T10:17:23,2026-06-09T15:57:52,20429,"billing=32,cpu=32,gres/gpu:l40s=4,gres/gpu=4,gres/tmp=1073741824,mem=160G,node=1",,jnfat06,,,20260609_1016_article_D_a9_cifar10_seed123_gcvl_p3500_c1200_alloc,false,4
2680345,tunerl-article_d_a9_cifar10_seed777_std_p3500_c1200_alloc,COMPLETED,0:0,2026-06-09T10:14:45,2026-06-09T10:14:49,2026-06-09T20:58:52,38643,"billing=32,cpu=32,gres/gpu:l40=3,gres/gpu=3,gres/tmp=1073741824,mem=160G,node=1","billing=32,cpu=32,gres/gpu=3,gres/tmp=1073741824,mem=160G,node=1",jn002,standard,0,20260609_1019_article_D_a9_cifar10_seed777_std_p3500_c1200_alloc,false,3
2680345.batch,batch,COMPLETED,0:0,2026-06-09T10:14:49,2026-06-09T10:14:49,2026-06-09T20:58:52,38643,"cpu=32,gres/gpu:l40=3,gres/gpu=3,gres/tmp=1073741824,mem=160G,node=1",,jn002,,,20260609_1019_article_D_a9_cifar10_seed777_std_p3500_c1200_alloc,false,3
2680345.extern,extern,COMPLETED,0:0,2026-06-09T10:14:49,2026-06-09T10:14:49,2026-06-09T20:58:52,38643,"billing=32,cpu=32,gres/gpu:l40=3,gres/gpu=3,gres/tmp=1073741824,mem=160G,node=1",,jn002,,,20260609_1019_article_D_a9_cifar10_seed777_std_p3500_c1200_alloc,false,3
2680441,article-A-e10-rem88,FAILED,1:0,2026-06-09T10:18:26,2026-06-09T10:18:31,2026-06-09T10:18:33,2,"billing=32,cpu=32,gres/gpu:l40s=3,gres/gpu=3,gres/tmp=1073741824,mem=160G,node=1","billing=32,cpu=32,gres/gpu=3,gres/tmp=1073741824,mem=160G,node=1",jnfat02,standard,0,20260609_1020_article_A_epoch1_epoch10_remaining88,true,3
2680441.batch,batch,FAILED,1:0,2026-06-09T10:18:31,2026-06-09T10:18:31,2026-06-09T10:18:33,2,"cpu=32,gres/gpu:l40s=3,gres/gpu=3,gres/tmp=1073741824,mem=160G,node=1",,jnfat02,,,20260609_1020_article_A_epoch1_epoch10_remaining88,true,3
2680441.extern,extern,COMPLETED,0:0,2026-06-09T10:18:31,2026-06-09T10:18:31,2026-06-09T10:18:33,2,"billing=32,cpu=32,gres/gpu:l40s=3,gres/gpu=3,gres/tmp=1073741824,mem=160G,node=1",,jnfat02,,,20260609_1020_article_A_epoch1_epoch10_remaining88,true,3
2680504,article-A-e10-rem88,COMPLETED,0:0,2026-06-09T10:19:09,2026-06-09T10:19:14,2026-06-09T22:58:57,45583,"billing=32,cpu=32,gres/gpu:l40s=3,gres/gpu=3,gres/tmp=1073741824,mem=160G,node=1","billing=32,cpu=32,gres/gpu=3,gres/tmp=1073741824,mem=160G,node=1",jnfat08,standard,0,20260609_1020_article_A_epoch1_epoch10_remaining88,true,3
2680504.batch,batch,COMPLETED,0:0,2026-06-09T10:19:14,2026-06-09T10:19:14,2026-06-09T22:58:57,45583,"cpu=32,gres/gpu:l40s=3,gres/gpu=3,gres/tmp=1073741824,mem=160G,node=1",,jnfat08,,,20260609_1020_article_A_epoch1_epoch10_remaining88,true,3
2680504.extern,extern,COMPLETED,0:0,2026-06-09T10:19:14,2026-06-09T10:19:14,2026-06-09T22:58:57,45583,"billing=32,cpu=32,gres/gpu:l40s=3,gres/gpu=3,gres/tmp=1073741824,mem=160G,node=1",,jnfat08,,,20260609_1020_article_A_epoch1_epoch10_remaining88,true,3
2690381,abl-full_reward-s42,FAILED,1:0,2026-06-10T19:52:13,2026-06-10T19:52:13,2026-06-10T19:52:38,25,"billing=32,cpu=32,gres/gpu:l40s=4,gres/gpu=4,gres/tmp=1073741824,mem=160G,node=1","billing=32,cpu=32,gres/gpu=4,gres/tmp=1073741824,mem=160G,node=1",jnfat04,gpu_computervision_long,0,20260610_1952_4pattern_a18_cifar10_e10_p3500_c1200_gbs4_s100_full_reward_seed42,false,4
2690381.batch,batch,FAILED,1:0,2026-06-10T19:52:13,2026-06-10T19:52:13,2026-06-10T19:52:38,25,"cpu=32,gres/gpu:l40s=4,gres/gpu=4,gres/tmp=1073741824,mem=160G,node=1",,jnfat04,,,20260610_1952_4pattern_a18_cifar10_e10_p3500_c1200_gbs4_s100_full_reward_seed42,false,4
2690381.extern,extern,COMPLETED,0:0,2026-06-10T19:52:13,2026-06-10T19:52:13,2026-06-10T19:52:38,25,"billing=32,cpu=32,gres/gpu:l40s=4,gres/gpu=4,gres/tmp=1073741824,mem=160G,node=1",,jnfat04,,,20260610_1952_4pattern_a18_cifar10_e10_p3500_c1200_gbs4_s100_full_reward_seed42,false,4
2690384,abl-full_reward-s42,FAILED,1:0,2026-06-10T19:54:14,2026-06-10T19:54:14,2026-06-10T22:46:29,10335,"billing=32,cpu=32,gres/gpu:l40s=4,gres/gpu=4,gres/tmp=1073741824,mem=160G,node=1","billing=32,cpu=32,gres/gpu=4,gres/tmp=1073741824,mem=160G,node=1",jnfat04,gpu_computervision_long,0,20260610_4pattern_a18_cifar10_e10_p3500_c1200_s100_full_reward_seed42,false,4
2690384.batch,batch,FAILED,1:0,2026-06-10T19:54:14,2026-06-10T19:54:14,2026-06-10T22:46:29,10335,"cpu=32,gres/gpu:l40s=4,gres/gpu=4,gres/tmp=1073741824,mem=160G,node=1",,jnfat04,,,20260610_4pattern_a18_cifar10_e10_p3500_c1200_s100_full_reward_seed42,false,4
2690384.extern,extern,COMPLETED,0:0,2026-06-10T19:54:14,2026-06-10T19:54:14,2026-06-10T22:46:30,10336,"billing=32,cpu=32,gres/gpu:l40s=4,gres/gpu=4,gres/tmp=1073741824,mem=160G,node=1",,jnfat04,,,20260610_4pattern_a18_cifar10_e10_p3500_c1200_s100_full_reward_seed42,false,4
2690384.0,bash,COMPLETED,0:0,2026-06-10T21:56:20,2026-06-10T21:56:20,2026-06-10T21:56:20,0,"cpu=1,gres/gpu:l40s=4,gres/gpu=4,gres/tmp=1073741824,mem=160G,node=1",,jnfat04,,,20260610_4pattern_a18_cifar10_e10_p3500_c1200_s100_full_reward_seed42,false,4
2697697,abl-full_reward-s42,CANCELLED by 221940,0:0,2026-06-12T11:23:35,2026-06-12T11:23:35,2026-06-12T11:31:01,446,"billing=32,cpu=32,gres/gpu:h100=3,gres/gpu=3,gres/tmp=1073741824,mem=160G,node=1","billing=32,cpu=32,gres/gpu=3,gres/tmp=1073741824,mem=160G,node=1",jnultra01,h100,0,20260612_4pattern_a18_cifar10_e5_p3500_c1200_s100_h100_full_reward_seed42,false,3
2697697.batch,batch,CANCELLED,0:9,2026-06-12T11:23:35,2026-06-12T11:23:35,2026-06-12T11:31:31,476,"cpu=32,gres/gpu:h100=3,gres/gpu=3,gres/tmp=1073741824,mem=160G,node=1",,jnultra01,,,20260612_4pattern_a18_cifar10_e5_p3500_c1200_s100_h100_full_reward_seed42,false,3
2697697.extern,extern,COMPLETED,0:0,2026-06-12T11:23:35,2026-06-12T11:23:35,2026-06-12T11:31:30,475,"billing=32,cpu=32,gres/gpu:h100=3,gres/gpu=3,gres/tmp=1073741824,mem=160G,node=1",,jnultra01,,,20260612_4pattern_a18_cifar10_e5_p3500_c1200_s100_h100_full_reward_seed42,false,3
2697697.0,bash,COMPLETED,0:0,2026-06-12T11:25:42,2026-06-12T11:25:42,2026-06-12T11:25:42,0,"cpu=1,gres/gpu:h100=3,gres/gpu=3,gres/tmp=1073741824,mem=160G,node=1",,jnultra01,,,20260612_4pattern_a18_cifar10_e5_p3500_c1200_s100_h100_full_reward_seed42,false,3
2697701,abl-full_reward-s42,CANCELLED by 221940,0:0,2026-06-12T11:31:38,2026-06-12T11:31:38,2026-06-12T12:55:29,5031,"billing=32,cpu=32,gres/gpu:h100=3,gres/gpu=3,gres/tmp=1073741824,mem=160G,node=1","billing=32,cpu=32,gres/gpu=3,gres/tmp=1073741824,mem=160G,node=1",jnultra01,h100,0,20260612_4pattern_a18_cifar10_e5_p3500_c1200_s100_h100_shared_full_reward_seed42,false,3
2697701.batch,batch,CANCELLED,0:9,2026-06-12T11:31:38,2026-06-12T11:31:38,2026-06-12T12:56:00,5062,"cpu=32,gres/gpu:h100=3,gres/gpu=3,gres/tmp=1073741824,mem=160G,node=1",,jnultra01,,,20260612_4pattern_a18_cifar10_e5_p3500_c1200_s100_h100_shared_full_reward_seed42,false,3
2697701.extern,extern,COMPLETED,0:0,2026-06-12T11:31:38,2026-06-12T11:31:38,2026-06-12T12:55:59,5061,"billing=32,cpu=32,gres/gpu:h100=3,gres/gpu=3,gres/tmp=1073741824,mem=160G,node=1",,jnultra01,,,20260612_4pattern_a18_cifar10_e5_p3500_c1200_s100_h100_shared_full_reward_seed42,false,3
2697701.0,bash,COMPLETED,0:0,2026-06-12T12:33:25,2026-06-12T12:33:25,2026-06-12T12:33:26,1,"cpu=1,gres/gpu:h100=3,gres/gpu=3,gres/tmp=1073741824,mem=160G,node=1",,jnultra01,,,20260612_4pattern_a18_cifar10_e5_p3500_c1200_s100_h100_shared_full_reward_seed42,false,3
2697779,abl-no_diversity_bonus-s42,COMPLETED,0:0,2026-06-12T12:50:50,2026-06-12T12:58:25,2026-06-13T05:56:15,61070,"billing=32,cpu=32,gres/gpu:h100=4,gres/gpu=4,gres/tmp=1073741824,mem=160G,node=1","billing=32,cpu=32,gres/gpu=4,gres/tmp=1073741824,mem=160G,node=1",jnultra02,h100,0,20260612_4pattern_a18_cifar10_e5_p3500_c1200_s100_h100x4_shared_ablation_no_diversity_bonus_seed42,true,4
2697779.batch,batch,COMPLETED,0:0,2026-06-12T12:58:25,2026-06-12T12:58:25,2026-06-13T05:56:15,61070,"cpu=32,gres/gpu:h100=4,gres/gpu=4,gres/tmp=1073741824,mem=160G,node=1",,jnultra02,,,20260612_4pattern_a18_cifar10_e5_p3500_c1200_s100_h100x4_shared_ablation_no_diversity_bonus_seed42,true,4
2697779.extern,extern,COMPLETED,0:0,2026-06-12T12:58:25,2026-06-12T12:58:25,2026-06-13T05:56:15,61070,"billing=32,cpu=32,gres/gpu:h100=4,gres/gpu=4,gres/tmp=1073741824,mem=160G,node=1",,jnultra02,,,20260612_4pattern_a18_cifar10_e5_p3500_c1200_s100_h100x4_shared_ablation_no_diversity_bonus_seed42,true,4
2697785,abl-full_reward-s42,CANCELLED by 221940,0:0,2026-06-12T12:56:01,2026-06-12T12:56:07,2026-06-12T13:19:17,1390,"billing=32,cpu=32,gres/gpu:l40s=4,gres/gpu=4,gres/tmp=1073741824,mem=160G,node=1","billing=32,cpu=32,gres/gpu=4,gres/tmp=1073741824,mem=160G,node=1",jnfat05,gpu_computervision_long,0,20260612_4pattern_a18_cifar10_e5_p3500_c1200_s100_l40s_shared_full_full_reward_seed42,false,4
2697785.batch,batch,CANCELLED,0:9,2026-06-12T12:56:07,2026-06-12T12:56:07,2026-06-12T13:19:48,1421,"cpu=32,gres/gpu:l40s=4,gres/gpu=4,gres/tmp=1073741824,mem=160G,node=1",,jnfat05,,,20260612_4pattern_a18_cifar10_e5_p3500_c1200_s100_l40s_shared_full_full_reward_seed42,false,4
2697785.extern,extern,COMPLETED,0:0,2026-06-12T12:56:07,2026-06-12T12:56:07,2026-06-12T13:19:47,1420,"billing=32,cpu=32,gres/gpu:l40s=4,gres/gpu=4,gres/tmp=1073741824,mem=160G,node=1",,jnfat05,,,20260612_4pattern_a18_cifar10_e5_p3500_c1200_s100_l40s_shared_full_full_reward_seed42,false,4
2697817,abl-full_reward-s42,COMPLETED,0:0,2026-06-12T13:19:51,2026-06-12T13:19:55,2026-06-14T04:27:01,140826,"billing=32,cpu=32,gres/gpu:l40s=4,gres/gpu=4,gres/tmp=1073741824,mem=160G,node=1","billing=32,cpu=32,gres/gpu=4,gres/tmp=1073741824,mem=160G,node=1",jnfat05,gpu_computervision_long,0,20260612_4pattern_a18_cifar10_e5_p3500_c1200_s100_l40s_excl_full_full_reward_seed42,true,4
2697817.batch,batch,COMPLETED,0:0,2026-06-12T13:19:55,2026-06-12T13:19:55,2026-06-14T04:27:01,140826,"cpu=32,gres/gpu:l40s=4,gres/gpu=4,gres/tmp=1073741824,mem=160G,node=1",,jnfat05,,,20260612_4pattern_a18_cifar10_e5_p3500_c1200_s100_l40s_excl_full_full_reward_seed42,true,4
2697817.extern,extern,COMPLETED,0:0,2026-06-12T13:19:55,2026-06-12T13:19:55,2026-06-14T04:27:01,140826,"billing=32,cpu=32,gres/gpu:l40s=4,gres/gpu=4,gres/tmp=1073741824,mem=160G,node=1",,jnfat05,,,20260612_4pattern_a18_cifar10_e5_p3500_c1200_s100_l40s_excl_full_full_reward_seed42,true,4
2697840,abl-full_reward-s123,COMPLETED,0:0,2026-06-12T13:40:12,2026-06-12T18:00:25,2026-06-13T15:43:25,78180,"billing=32,cpu=32,gres/gpu:h100=4,gres/gpu=4,gres/tmp=1073741824,mem=160G,node=1","billing=32,cpu=32,gres/gpu=4,gres/tmp=1073741824,mem=160G,node=1",jnultra01,h100,0,20260612_4pattern_a18_cifar10_e5_p3500_c1200_s100_h100x4_shared_full_full_reward_seed123,true,4
2697840.batch,batch,COMPLETED,0:0,2026-06-12T18:00:25,2026-06-12T18:00:25,2026-06-13T15:43:25,78180,"cpu=32,gres/gpu:h100=4,gres/gpu=4,gres/tmp=1073741824,mem=160G,node=1",,jnultra01,,,20260612_4pattern_a18_cifar10_e5_p3500_c1200_s100_h100x4_shared_full_full_reward_seed123,true,4
2697840.extern,extern,COMPLETED,0:0,2026-06-12T18:00:25,2026-06-12T18:00:25,2026-06-13T15:43:25,78180,"billing=32,cpu=32,gres/gpu:h100=4,gres/gpu=4,gres/tmp=1073741824,mem=160G,node=1",,jnultra01,,,20260612_4pattern_a18_cifar10_e5_p3500_c1200_s100_h100x4_shared_full_full_reward_seed123,true,4
2697842,abl-full_reward-s777,COMPLETED,0:0,2026-06-12T13:40:57,2026-06-12T13:41:04,2026-06-14T15:03:07,177723,"billing=32,cpu=32,gres/gpu:l40s=4,gres/gpu=4,gres/tmp=1073741824,mem=160G,node=1","billing=32,cpu=32,gres/gpu=4,gres/tmp=1073741824,mem=160G,node=1",jnfat06,gpu_computervision_long,0,20260612_4pattern_a18_cifar10_e5_p3500_c1200_s100_l40s_excl_full_full_reward_seed777,true,4
2697842.batch,batch,COMPLETED,0:0,2026-06-12T13:41:04,2026-06-12T13:41:04,2026-06-14T15:03:07,177723,"cpu=32,gres/gpu:l40s=4,gres/gpu=4,gres/tmp=1073741824,mem=160G,node=1",,jnfat06,,,20260612_4pattern_a18_cifar10_e5_p3500_c1200_s100_l40s_excl_full_full_reward_seed777,true,4
2697842.extern,extern,COMPLETED,0:0,2026-06-12T13:41:04,2026-06-12T13:41:04,2026-06-14T15:03:07,177723,"billing=32,cpu=32,gres/gpu:l40s=4,gres/gpu=4,gres/tmp=1073741824,mem=160G,node=1",,jnfat06,,,20260612_4pattern_a18_cifar10_e5_p3500_c1200_s100_l40s_excl_full_full_reward_seed777,true,4
2697849,abl-no_repeat_penalty-s42,COMPLETED,0:0,2026-06-12T13:45:35,2026-06-12T13:45:42,2026-06-13T21:16:48,113466,"billing=32,cpu=32,gres/gpu:l40s=4,gres/gpu=4,gres/tmp=1073741824,mem=160G,node=1","billing=32,cpu=32,gres/gpu=4,gres/tmp=1073741824,mem=160G,node=1",jnfat04,gpu_computervision_long,0,20260612_4pattern_a18_cifar10_e5_p3500_c1200_s100_l40s_excl_ablation_no_repeat_penalty_seed42,true,4
2697849.batch,batch,COMPLETED,0:0,2026-06-12T13:45:42,2026-06-12T13:45:42,2026-06-13T21:16:48,113466,"cpu=32,gres/gpu:l40s=4,gres/gpu=4,gres/tmp=1073741824,mem=160G,node=1",,jnfat04,,,20260612_4pattern_a18_cifar10_e5_p3500_c1200_s100_l40s_excl_ablation_no_repeat_penalty_seed42,true,4
2697849.extern,extern,COMPLETED,0:0,2026-06-12T13:45:42,2026-06-12T13:45:42,2026-06-13T21:16:48,113466,"billing=32,cpu=32,gres/gpu:l40s=4,gres/gpu=4,gres/tmp=1073741824,mem=160G,node=1",,jnfat04,,,20260612_4pattern_a18_cifar10_e5_p3500_c1200_s100_l40s_excl_ablation_no_repeat_penalty_seed42,true,4
2723084,abl-full_reward-s42,COMPLETED,0:0,2026-06-18T06:53:23,2026-06-18T06:53:23,2026-06-18T23:57:44,61461,"billing=32,cpu=32,gres/gpu:h100=4,gres/gpu=4,gres/tmp=1073741824,mem=160G,node=1","billing=32,cpu=32,gres/gpu=4,gres/tmp=1073741824,mem=160G,node=1",jnultra01,h100,0,20260618_1pattern_a9_cifar10_e5_p3500_c1200_s100_h100x4_shared_full_full_reward_seed42,true,4
2723084.batch,batch,COMPLETED,0:0,2026-06-18T06:53:23,2026-06-18T06:53:23,2026-06-18T23:57:44,61461,"cpu=32,gres/gpu:h100=4,gres/gpu=4,gres/tmp=1073741824,mem=160G,node=1",,jnultra01,,,20260618_1pattern_a9_cifar10_e5_p3500_c1200_s100_h100x4_shared_full_full_reward_seed42,true,4
2723084.extern,extern,COMPLETED,0:0,2026-06-18T06:53:23,2026-06-18T06:53:23,2026-06-18T23:57:44,61461,"billing=32,cpu=32,gres/gpu:h100=4,gres/gpu=4,gres/tmp=1073741824,mem=160G,node=1",,jnultra01,,,20260618_1pattern_a9_cifar10_e5_p3500_c1200_s100_h100x4_shared_full_full_reward_seed42,true,4
2723085,abl-full_reward-s123,COMPLETED,0:0,2026-06-18T06:53:23,2026-06-18T06:53:24,2026-06-19T05:59:47,83183,"billing=32,cpu=32,gres/gpu:h100=4,gres/gpu=4,gres/tmp=1073741824,mem=160G,node=1","billing=32,cpu=32,gres/gpu=4,gres/tmp=1073741824,mem=160G,node=1",jnultra02,h100,0,20260618_1pattern_a9_cifar10_e5_p3500_c1200_s100_h100x4_shared_full_full_reward_seed123,true,4
2723085.batch,batch,COMPLETED,0:0,2026-06-18T06:53:24,2026-06-18T06:53:24,2026-06-19T05:59:47,83183,"cpu=32,gres/gpu:h100=4,gres/gpu=4,gres/tmp=1073741824,mem=160G,node=1",,jnultra02,,,20260618_1pattern_a9_cifar10_e5_p3500_c1200_s100_h100x4_shared_full_full_reward_seed123,true,4
2723085.extern,extern,COMPLETED,0:0,2026-06-18T06:53:24,2026-06-18T06:53:24,2026-06-19T05:59:47,83183,"billing=32,cpu=32,gres/gpu:h100=4,gres/gpu=4,gres/tmp=1073741824,mem=160G,node=1",,jnultra02,,,20260618_1pattern_a9_cifar10_e5_p3500_c1200_s100_h100x4_shared_full_full_reward_seed123,true,4
2723086,abl-full_reward-s777,COMPLETED,0:0,2026-06-18T06:53:23,2026-06-18T06:53:24,2026-06-19T00:55:47,64943,"billing=32,cpu=32,gres/gpu:h100=4,gres/gpu=4,gres/tmp=1073741824,mem=160G,node=1","billing=32,cpu=32,gres/gpu=4,gres/tmp=1073741824,mem=160G,node=1",jnultra02,h100,0,20260618_1pattern_a9_cifar10_e5_p3500_c1200_s100_h100x4_shared_full_full_reward_seed777,true,4
2723086.batch,batch,COMPLETED,0:0,2026-06-18T06:53:24,2026-06-18T06:53:24,2026-06-19T00:55:47,64943,"cpu=32,gres/gpu:h100=4,gres/gpu=4,gres/tmp=1073741824,mem=160G,node=1",,jnultra02,,,20260618_1pattern_a9_cifar10_e5_p3500_c1200_s100_h100x4_shared_full_full_reward_seed777,true,4
2723086.extern,extern,COMPLETED,0:0,2026-06-18T06:53:24,2026-06-18T06:53:24,2026-06-19T00:55:47,64943,"billing=32,cpu=32,gres/gpu:h100=4,gres/gpu=4,gres/tmp=1073741824,mem=160G,node=1",,jnultra02,,,20260618_1pattern_a9_cifar10_e5_p3500_c1200_s100_h100x4_shared_full_full_reward_seed777,true,4
2741594,sft1cur-gen100,COMPLETED,0:0,2026-06-21T18:22:15,2026-06-21T18:22:16,2026-06-21T19:31:56,4180,"billing=8,cpu=8,gres/gpu:h100=1,gres/gpu=1,gres/tmp=1073741824,mem=64G,node=1","billing=8,cpu=8,gres/gpu=1,gres/tmp=1073741824,mem=64G,node=1",jnultra01,h100,0,20260622_current_sftonly_baseline100_e1,true,1
2741594.batch,batch,COMPLETED,0:0,2026-06-21T18:22:16,2026-06-21T18:22:16,2026-06-21T19:31:56,4180,"cpu=8,gres/gpu:h100=1,gres/gpu=1,gres/tmp=1073741824,mem=64G,node=1",,jnultra01,,,20260622_current_sftonly_baseline100_e1,true,1
2741594.extern,extern,COMPLETED,0:0,2026-06-21T18:22:16,2026-06-21T18:22:16,2026-06-21T19:31:56,4180,"billing=8,cpu=8,gres/gpu:h100=1,gres/gpu=1,gres/tmp=1073741824,mem=64G,node=1",,jnultra01,,,20260622_current_sftonly_baseline100_e1,true,1
2741595,sft4cur-gen100,COMPLETED,0:0,2026-06-21T18:22:15,2026-06-21T18:22:16,2026-06-21T19:41:40,4764,"billing=8,cpu=8,gres/gpu:h100=1,gres/gpu=1,gres/tmp=1073741824,mem=64G,node=1","billing=8,cpu=8,gres/gpu=1,gres/tmp=1073741824,mem=64G,node=1",jnultra01,h100,0,20260622_current_sftonly_baseline100_e1,true,1
2741595.batch,batch,COMPLETED,0:0,2026-06-21T18:22:16,2026-06-21T18:22:16,2026-06-21T19:41:40,4764,"cpu=8,gres/gpu:h100=1,gres/gpu=1,gres/tmp=1073741824,mem=64G,node=1",,jnultra01,,,20260622_current_sftonly_baseline100_e1,true,1
2741595.extern,extern,COMPLETED,0:0,2026-06-21T18:22:16,2026-06-21T18:22:16,2026-06-21T19:41:40,4764,"billing=8,cpu=8,gres/gpu:h100=1,gres/gpu=1,gres/tmp=1073741824,mem=64G,node=1",,jnultra01,,,20260622_current_sftonly_baseline100_e1,true,1
2741688,rlaf1-gen100,COMPLETED,0:0,2026-06-21T19:02:13,2026-06-21T19:02:13,2026-06-21T20:02:48,3635,"billing=8,cpu=8,gres/gpu:h100=1,gres/gpu=1,gres/tmp=1073741824,mem=64G,node=1","billing=8,cpu=8,gres/gpu=1,gres/tmp=1073741824,mem=64G,node=1",jnultra01,h100,0,20260622_current_rlafter_baseline100_e1_seed42,false,1
2741688.batch,batch,COMPLETED,0:0,2026-06-21T19:02:13,2026-06-21T19:02:13,2026-06-21T20:02:48,3635,"cpu=8,gres/gpu:h100=1,gres/gpu=1,gres/tmp=1073741824,mem=64G,node=1",,jnultra01,,,20260622_current_rlafter_baseline100_e1_seed42,false,1
2741688.extern,extern,COMPLETED,0:0,2026-06-21T19:02:13,2026-06-21T19:02:13,2026-06-21T20:02:49,3636,"billing=8,cpu=8,gres/gpu:h100=1,gres/gpu=1,gres/tmp=1073741824,mem=64G,node=1",,jnultra01,,,20260622_current_rlafter_baseline100_e1_seed42,false,1
2741689,rlaf4-gen100,COMPLETED,0:0,2026-06-21T19:02:13,2026-06-21T19:02:13,2026-06-21T20:17:37,4524,"billing=8,cpu=8,gres/gpu:h100=1,gres/gpu=1,gres/tmp=1073741824,mem=64G,node=1","billing=8,cpu=8,gres/gpu=1,gres/tmp=1073741824,mem=64G,node=1",jnultra01,h100,0,20260622_current_rlafter_baseline100_e1_seed42,false,1
2741689.batch,batch,COMPLETED,0:0,2026-06-21T19:02:13,2026-06-21T19:02:13,2026-06-21T20:17:37,4524,"cpu=8,gres/gpu:h100=1,gres/gpu=1,gres/tmp=1073741824,mem=64G,node=1",,jnultra01,,,20260622_current_rlafter_baseline100_e1_seed42,false,1
2741689.extern,extern,COMPLETED,0:0,2026-06-21T19:02:13,2026-06-21T19:02:13,2026-06-21T20:17:37,4524,"billing=8,cpu=8,gres/gpu:h100=1,gres/gpu=1,gres/tmp=1073741824,mem=64G,node=1",,jnultra01,,,20260622_current_rlafter_baseline100_e1_seed42,false,1
2741724,sft-eval200-l40s,COMPLETED,0:0,2026-06-21T19:12:09,2026-06-21T19:41:40,2026-06-21T21:57:33,8153,"billing=24,cpu=24,gres/gpu:l40s=4,gres/gpu=4,gres/tmp=1073741824,mem=120G,node=1","billing=24,cpu=24,gres/gpu=4,gres/tmp=1073741824,mem=120G,node=1",jnfat04,gpu_computervision_long,0,20260622_current_split_eval200_e1_l40s_seed42,false,4
2741724.batch,batch,COMPLETED,0:0,2026-06-21T19:41:40,2026-06-21T19:41:40,2026-06-21T21:57:33,8153,"cpu=24,gres/gpu:l40s=4,gres/gpu=4,gres/tmp=1073741824,mem=120G,node=1",,jnfat04,,,20260622_current_split_eval200_e1_l40s_seed42,false,4
2741724.extern,extern,COMPLETED,0:0,2026-06-21T19:41:40,2026-06-21T19:41:40,2026-06-21T21:57:33,8153,"billing=24,cpu=24,gres/gpu:l40s=4,gres/gpu=4,gres/tmp=1073741824,mem=120G,node=1",,jnfat04,,,20260622_current_split_eval200_e1_l40s_seed42,false,4
2741725,rlaf-eval200-l40s,COMPLETED,0:0,2026-06-21T19:12:09,2026-06-21T20:17:37,2026-06-21T21:45:33,5276,"billing=24,cpu=24,gres/gpu:l40s=4,gres/gpu=4,gres/tmp=1073741824,mem=120G,node=1","billing=24,cpu=24,gres/gpu=4,gres/tmp=1073741824,mem=120G,node=1",jnfat05,gpu_computervision_long,0,20260622_current_split_eval200_e1_l40s_seed42,false,4
2741725.batch,batch,COMPLETED,0:0,2026-06-21T20:17:37,2026-06-21T20:17:37,2026-06-21T21:45:33,5276,"cpu=24,gres/gpu:l40s=4,gres/gpu=4,gres/tmp=1073741824,mem=120G,node=1",,jnfat05,,,20260622_current_split_eval200_e1_l40s_seed42,false,4
2741725.extern,extern,COMPLETED,0:0,2026-06-21T20:17:37,2026-06-21T20:17:37,2026-06-21T21:45:33,5276,"billing=24,cpu=24,gres/gpu:l40s=4,gres/gpu=4,gres/tmp=1073741824,mem=120G,node=1",,jnfat05,,,20260622_current_split_eval200_e1_l40s_seed42,false,4
2741726,sft-sum-l40s,COMPLETED,0:0,2026-06-21T19:12:09,2026-06-21T21:57:33,2026-06-21T21:57:38,5,"billing=2,cpu=2,gres/tmp=1073741824,mem=8G,node=1","billing=2,cpu=2,gres/tmp=1073741824,mem=8G,node=1",jn008,small_cpu,0,20260622_current_split_eval200_e1_l40s_seed42,false,
2741726.batch,batch,COMPLETED,0:0,2026-06-21T21:57:33,2026-06-21T21:57:33,2026-06-21T21:57:38,5,"cpu=2,gres/tmp=1073741824,mem=8G,node=1",,jn008,,,20260622_current_split_eval200_e1_l40s_seed42,false,
2741726.extern,extern,COMPLETED,0:0,2026-06-21T21:57:33,2026-06-21T21:57:33,2026-06-21T21:57:38,5,"billing=2,cpu=2,gres/tmp=1073741824,mem=8G,node=1",,jn008,,,20260622_current_split_eval200_e1_l40s_seed42,false,
2741727,rlaf-sum-l40s,COMPLETED,0:0,2026-06-21T19:12:09,2026-06-21T21:45:33,2026-06-21T21:45:35,2,"billing=2,cpu=2,gres/tmp=1073741824,mem=8G,node=1","billing=2,cpu=2,gres/tmp=1073741824,mem=8G,node=1",jn008,small_cpu,0,20260622_current_split_eval200_e1_l40s_seed42,false,
2741727.batch,batch,COMPLETED,0:0,2026-06-21T21:45:33,2026-06-21T21:45:33,2026-06-21T21:45:35,2,"cpu=2,gres/tmp=1073741824,mem=8G,node=1",,jn008,,,20260622_current_split_eval200_e1_l40s_seed42,false,
2741727.extern,extern,COMPLETED,0:0,2026-06-21T21:45:33,2026-06-21T21:45:33,2026-06-21T21:45:35,2,"billing=2,cpu=2,gres/tmp=1073741824,mem=8G,node=1",,jn008,,,20260622_current_split_eval200_e1_l40s_seed42,false,
2749718,sft-test-eval200,CANCELLED by 221940,0:0,2026-06-22T18:22:41,2026-06-22T18:22:41,2026-06-22T18:24:34,113,"billing=24,cpu=24,gres/gpu:l40s=4,gres/gpu=4,gres/tmp=1073741824,mem=120G,node=1","billing=24,cpu=24,gres/gpu=4,gres/tmp=1073741824,mem=120G,node=1",jnfat07,gpu_computervision_long,0,20260622_current_split_eval200_e1_l40s_seed42,false,4
2749718.batch,batch,CANCELLED,0:15,2026-06-22T18:22:41,2026-06-22T18:22:41,2026-06-22T18:24:35,114,"cpu=24,gres/gpu:l40s=4,gres/gpu=4,gres/tmp=1073741824,mem=120G,node=1",,jnfat07,,,20260622_current_split_eval200_e1_l40s_seed42,false,4
2749718.extern,extern,COMPLETED,0:0,2026-06-22T18:22:41,2026-06-22T18:22:41,2026-06-22T18:24:36,115,"billing=24,cpu=24,gres/gpu:l40s=4,gres/gpu=4,gres/tmp=1073741824,mem=120G,node=1",,jnfat07,,,20260622_current_split_eval200_e1_l40s_seed42,false,4
2749719,rlaf-test-eval200,CANCELLED by 221940,0:0,2026-06-22T18:22:41,2026-06-22T18:22:42,2026-06-22T18:24:35,113,"billing=24,cpu=24,gres/gpu:l40s=4,gres/gpu=4,gres/tmp=1073741824,mem=120G,node=1","billing=24,cpu=24,gres/gpu=4,gres/tmp=1073741824,mem=120G,node=1",jnfat05,gpu_computervision_long,0,20260622_current_split_eval200_e1_l40s_seed42,false,4
2749719.batch,batch,CANCELLED,0:15,2026-06-22T18:22:42,2026-06-22T18:22:42,2026-06-22T18:24:36,114,"cpu=24,gres/gpu:l40s=4,gres/gpu=4,gres/tmp=1073741824,mem=120G,node=1",,jnfat05,,,20260622_current_split_eval200_e1_l40s_seed42,false,4
2749719.extern,extern,COMPLETED,0:0,2026-06-22T18:22:42,2026-06-22T18:22:42,2026-06-22T18:24:37,115,"billing=24,cpu=24,gres/gpu:l40s=4,gres/gpu=4,gres/tmp=1073741824,mem=120G,node=1",,jnfat05,,,20260622_current_split_eval200_e1_l40s_seed42,false,4
2749751,sft-test-eval200-8g,COMPLETED,0:0,2026-06-22T18:24:38,2026-06-22T18:24:42,2026-06-22T20:06:10,6088,"billing=48,cpu=48,gres/gpu:l40s=8,gres/gpu=8,gres/tmp=1073741824,mem=240G,node=1","billing=48,cpu=48,gres/gpu=8,gres/tmp=1073741824,mem=240G,node=1",jnfat07,gpu_computervision_long,0,20260622_current_split_eval200_e1_l40s_seed42,false,8
2749751.batch,batch,COMPLETED,0:0,2026-06-22T18:24:42,2026-06-22T18:24:42,2026-06-22T20:06:10,6088,"cpu=48,gres/gpu:l40s=8,gres/gpu=8,gres/tmp=1073741824,mem=240G,node=1",,jnfat07,,,20260622_current_split_eval200_e1_l40s_seed42,false,8
2749751.extern,extern,COMPLETED,0:0,2026-06-22T18:24:42,2026-06-22T18:24:42,2026-06-22T20:06:10,6088,"billing=48,cpu=48,gres/gpu:l40s=8,gres/gpu=8,gres/tmp=1073741824,mem=240G,node=1",,jnfat07,,,20260622_current_split_eval200_e1_l40s_seed42,false,8
2749753,sft-test-sum-8g,COMPLETED,0:0,2026-06-22T18:24:38,2026-06-22T20:06:10,2026-06-22T20:06:17,7,"billing=2,cpu=2,gres/tmp=1073741824,mem=4G,node=1","billing=1,cpu=1,gres/tmp=1073741824,mem=2G,node=1",jn008,small_cpu,0,20260622_current_split_eval200_e1_l40s_seed42,false,
2749753.batch,batch,COMPLETED,0:0,2026-06-22T20:06:10,2026-06-22T20:06:10,2026-06-22T20:06:17,7,"cpu=2,gres/tmp=1073741824,mem=4G,node=1",,jn008,,,20260622_current_split_eval200_e1_l40s_seed42,false,
2749753.extern,extern,COMPLETED,0:0,2026-06-22T20:06:10,2026-06-22T20:06:10,2026-06-22T20:06:17,7,"billing=2,cpu=2,gres/tmp=1073741824,mem=4G,node=1",,jn008,,,20260622_current_split_eval200_e1_l40s_seed42,false,
2749875,rlaf-test-eval200-3g,CANCELLED by 221940,0:0,2026-06-22T18:31:33,2026-06-22T18:31:33,2026-06-22T18:32:30,57,"billing=12,cpu=12,gres/gpu:l40s=3,gres/gpu=3,gres/tmp=1073741824,mem=48G,node=1","billing=12,cpu=12,gres/gpu=3,gres/tmp=1073741824,mem=48G,node=1",jnfat04,gpu_computervision_long,0,20260622_current_split_eval200_e1_l40s_seed42,false,3
2749875.batch,batch,CANCELLED,0:15,2026-06-22T18:31:33,2026-06-22T18:31:33,2026-06-22T18:32:31,58,"cpu=12,gres/gpu:l40s=3,gres/gpu=3,gres/tmp=1073741824,mem=48G,node=1",,jnfat04,,,20260622_current_split_eval200_e1_l40s_seed42,false,3
2749875.extern,extern,COMPLETED,0:0,2026-06-22T18:31:33,2026-06-22T18:31:33,2026-06-22T18:32:32,59,"billing=12,cpu=12,gres/gpu:l40s=3,gres/gpu=3,gres/tmp=1073741824,mem=48G,node=1",,jnfat04,,,20260622_current_split_eval200_e1_l40s_seed42,false,3
2749894,rlaf-test-eval200-h100x6,COMPLETED,0:0,2026-06-22T18:32:31,2026-06-22T18:32:31,2026-06-22T19:45:21,4370,"billing=48,cpu=48,gres/gpu:h100=6,gres/gpu=6,gres/tmp=1073741824,mem=384G,node=1","billing=48,cpu=48,gres/gpu=6,gres/tmp=1073741824,mem=384G,node=1",jnultra02,h100,0,20260622_current_split_eval200_e1_l40s_seed42,false,6
2749894.batch,batch,COMPLETED,0:0,2026-06-22T18:32:31,2026-06-22T18:32:31,2026-06-22T19:45:21,4370,"cpu=48,gres/gpu:h100=6,gres/gpu=6,gres/tmp=1073741824,mem=384G,node=1",,jnultra02,,,20260622_current_split_eval200_e1_l40s_seed42,false,6
2749894.extern,extern,COMPLETED,0:0,2026-06-22T18:32:31,2026-06-22T18:32:31,2026-06-22T19:45:21,4370,"billing=48,cpu=48,gres/gpu:h100=6,gres/gpu=6,gres/tmp=1073741824,mem=384G,node=1",,jnultra02,,,20260622_current_split_eval200_e1_l40s_seed42,false,6
2749895,rlaf-test-sum-h100x6,COMPLETED,0:0,2026-06-22T18:32:31,2026-06-22T19:45:21,2026-06-22T19:45:29,8,"billing=2,cpu=2,gres/tmp=1073741824,mem=4G,node=1","billing=1,cpu=1,gres/tmp=1073741824,mem=2G,node=1",jn008,small_cpu,0,20260622_current_split_eval200_e1_l40s_seed42,false,
2749895.batch,batch,COMPLETED,0:0,2026-06-22T19:45:21,2026-06-22T19:45:21,2026-06-22T19:45:29,8,"cpu=2,gres/tmp=1073741824,mem=4G,node=1",,jn008,,,20260622_current_split_eval200_e1_l40s_seed42,false,
2749895.extern,extern,COMPLETED,0:0,2026-06-22T19:45:21,2026-06-22T19:45:21,2026-06-22T19:45:29,8,"billing=2,cpu=2,gres/tmp=1073741824,mem=4G,node=1",,jn008,,,20260622_current_split_eval200_e1_l40s_seed42,false,
2751655,abl-no_diversity_bonus-s123,FAILED,1:0,2026-06-22T19:51:54,2026-06-22T19:51:54,2026-06-23T13:11:58,62404,"billing=32,cpu=32,gres/gpu:h100=4,gres/gpu=4,gres/tmp=1073741824,mem=160G,node=1","billing=32,cpu=32,gres/gpu=4,gres/tmp=1073741824,mem=160G,node=1",jnultra02,h100,0,20260623_4pattern_a18_cifar10_e5_p3500_c1200_s100_h100x4_ablation_extra_no_diversity_bonus_seed123,true,4
2751655.batch,batch,FAILED,1:0,2026-06-22T19:51:54,2026-06-22T19:51:54,2026-06-23T13:11:58,62404,"cpu=32,gres/gpu:h100=4,gres/gpu=4,gres/tmp=1073741824,mem=160G,node=1",,jnultra02,,,20260623_4pattern_a18_cifar10_e5_p3500_c1200_s100_h100x4_ablation_extra_no_diversity_bonus_seed123,true,4
2751655.extern,extern,COMPLETED,0:0,2026-06-22T19:51:54,2026-06-22T19:51:54,2026-06-23T13:11:58,62404,"billing=32,cpu=32,gres/gpu:h100=4,gres/gpu=4,gres/tmp=1073741824,mem=160G,node=1",,jnultra02,,,20260623_4pattern_a18_cifar10_e5_p3500_c1200_s100_h100x4_ablation_extra_no_diversity_bonus_seed123,true,4
2751692,rc-e5-test-8g,COMPLETED,0:0,2026-06-22T19:55:58,2026-06-22T20:06:10,2026-06-23T00:33:24,16034,"billing=32,cpu=32,gres/gpu:l40s=8,gres/gpu=8,gres/tmp=1073741824,mem=160G,node=1","billing=32,cpu=32,gres/gpu=8,gres/tmp=1073741824,mem=160G,node=1",jnfat07,gpu_computervision_long,0,20260623_rc_sampler_cifar10_e5_heldout_test_l40s_reuse100,true,8
2751692.batch,batch,COMPLETED,0:0,2026-06-22T20:06:10,2026-06-22T20:06:10,2026-06-23T00:33:24,16034,"cpu=32,gres/gpu:l40s=8,gres/gpu=8,gres/tmp=1073741824,mem=160G,node=1",,jnfat07,,,20260623_rc_sampler_cifar10_e5_heldout_test_l40s_reuse100,true,8
2751692.extern,extern,COMPLETED,0:0,2026-06-22T20:06:10,2026-06-22T20:06:10,2026-06-23T00:33:25,16035,"billing=32,cpu=32,gres/gpu:l40s=8,gres/gpu=8,gres/tmp=1073741824,mem=160G,node=1",,jnfat07,,,20260623_rc_sampler_cifar10_e5_heldout_test_l40s_reuse100,true,8
2752062,abl-no_repeat_penalty-s123-l40s5,FAILED,1:0,2026-06-22T20:46:15,2026-06-22T20:46:17,2026-06-23T04:21:56,27339,"billing=32,cpu=32,gres/gpu:l40s=5,gres/gpu=5,gres/tmp=1073741824,mem=160G,node=1","billing=32,cpu=32,gres/gpu=5,gres/tmp=1073741824,mem=160G,node=1",jnfat01,standard,0,20260623_4pattern_a18_cifar10_e5_p3500_c1200_s100_l40s5_ablation_extra_no_repeat_penalty_seed123,false,5
2752062.batch,batch,FAILED,1:0,2026-06-22T20:46:17,2026-06-22T20:46:17,2026-06-23T04:21:56,27339,"cpu=32,gres/gpu:l40s=5,gres/gpu=5,gres/tmp=1073741824,mem=160G,node=1",,jnfat01,,,20260623_4pattern_a18_cifar10_e5_p3500_c1200_s100_l40s5_ablation_extra_no_repeat_penalty_seed123,false,5
2752062.extern,extern,COMPLETED,0:0,2026-06-22T20:46:17,2026-06-22T20:46:17,2026-06-23T04:21:57,27340,"billing=32,cpu=32,gres/gpu:l40s=5,gres/gpu=5,gres/tmp=1073741824,mem=160G,node=1",,jnfat01,,,20260623_4pattern_a18_cifar10_e5_p3500_c1200_s100_l40s5_ablation_extra_no_repeat_penalty_seed123,false,5
2752428,rc-e1-test-2g,CANCELLED by 221940,0:0,2026-06-22T21:47:57,2026-06-22T21:47:57,2026-06-22T21:49:54,117,"billing=24,cpu=24,gres/gpu:l40s=2,gres/gpu=2,gres/tmp=1073741824,mem=120G,node=1","billing=24,cpu=24,gres/gpu=2,gres/tmp=1073741824,mem=120G,node=1",jnfat05,gpu_computervision,0,20260623_rc_sampler_cifar10_e1_heldout_test_l40s_reuse100,false,2
2752428.batch,batch,CANCELLED,0:15,2026-06-22T21:47:57,2026-06-22T21:47:57,2026-06-22T21:49:55,118,"cpu=24,gres/gpu:l40s=2,gres/gpu=2,gres/tmp=1073741824,mem=120G,node=1",,jnfat05,,,20260623_rc_sampler_cifar10_e1_heldout_test_l40s_reuse100,false,2
2752428.extern,extern,COMPLETED,0:0,2026-06-22T21:47:57,2026-06-22T21:47:57,2026-06-22T21:49:56,119,"billing=24,cpu=24,gres/gpu:l40s=2,gres/gpu=2,gres/tmp=1073741824,mem=120G,node=1",,jnfat05,,,20260623_rc_sampler_cifar10_e1_heldout_test_l40s_reuse100,false,2
2752444,rc-e1-test-3g,CANCELLED by 221940,0:0,2026-06-22T21:49:54,2026-06-22T21:49:57,2026-06-22T21:51:17,80,"billing=24,cpu=24,gres/gpu:l40s=3,gres/gpu=3,gres/tmp=1073741824,mem=120G,node=1","billing=24,cpu=24,gres/gpu=3,gres/tmp=1073741824,mem=120G,node=1",jnfat04,gpu_computervision,0,20260623_rc_sampler_cifar10_e1_heldout_test_l40s_reuse100,false,3
2752444.batch,batch,CANCELLED,0:15,2026-06-22T21:49:57,2026-06-22T21:49:57,2026-06-22T21:51:18,81,"cpu=24,gres/gpu:l40s=3,gres/gpu=3,gres/tmp=1073741824,mem=120G,node=1",,jnfat04,,,20260623_rc_sampler_cifar10_e1_heldout_test_l40s_reuse100,false,3
2752444.extern,extern,COMPLETED,0:0,2026-06-22T21:49:57,2026-06-22T21:49:57,2026-06-22T21:51:19,82,"billing=24,cpu=24,gres/gpu:l40s=3,gres/gpu=3,gres/tmp=1073741824,mem=120G,node=1",,jnfat04,,,20260623_rc_sampler_cifar10_e1_heldout_test_l40s_reuse100,false,3
2752456,rc-e1-test-6g,CANCELLED by 221940,0:0,2026-06-22T21:51:17,2026-06-22T21:51:17,2026-06-22T21:53:47,150,"billing=48,cpu=48,gres/gpu:l40s=6,gres/gpu=6,gres/tmp=1073741824,mem=240G,node=1","billing=48,cpu=48,gres/gpu=6,gres/tmp=1073741824,mem=240G,node=1",jnfat09,standard,0,20260623_rc_sampler_cifar10_e1_heldout_test_l40s_reuse100,false,6
2752456.batch,batch,CANCELLED,0:15,2026-06-22T21:51:17,2026-06-22T21:51:17,2026-06-22T21:53:49,152,"cpu=48,gres/gpu:l40s=6,gres/gpu=6,gres/tmp=1073741824,mem=240G,node=1",,jnfat09,,,20260623_rc_sampler_cifar10_e1_heldout_test_l40s_reuse100,false,6
2752456.extern,extern,COMPLETED,0:0,2026-06-22T21:51:17,2026-06-22T21:51:17,2026-06-22T21:53:49,152,"billing=48,cpu=48,gres/gpu:l40s=6,gres/gpu=6,gres/tmp=1073741824,mem=240G,node=1",,jnfat09,,,20260623_rc_sampler_cifar10_e1_heldout_test_l40s_reuse100,false,6
2752475,rc-e1-test-h100x3,COMPLETED,0:0,2026-06-22T21:53:47,2026-06-22T21:53:48,2026-06-22T23:22:00,5292,"billing=32,cpu=32,gres/gpu:h100=3,gres/gpu=3,gres/tmp=1073741824,mem=160G,node=1","billing=32,cpu=32,gres/gpu=3,gres/tmp=1073741824,mem=160G,node=1",jnultra02,h100,0,20260623_rc_sampler_cifar10_e1_heldout_test_h100x3_reuse100,true,3
2752475.batch,batch,COMPLETED,0:0,2026-06-22T21:53:48,2026-06-22T21:53:48,2026-06-22T23:22:00,5292,"cpu=32,gres/gpu:h100=3,gres/gpu=3,gres/tmp=1073741824,mem=160G,node=1",,jnultra02,,,20260623_rc_sampler_cifar10_e1_heldout_test_h100x3_reuse100,true,3
2752475.extern,extern,COMPLETED,0:0,2026-06-22T21:53:48,2026-06-22T21:53:48,2026-06-22T23:22:01,5293,"billing=32,cpu=32,gres/gpu:h100=3,gres/gpu=3,gres/tmp=1073741824,mem=160G,node=1",,jnultra02,,,20260623_rc_sampler_cifar10_e1_heldout_test_h100x3_reuse100,true,3
2754538,abl-no_repeat_penalty-s123,CANCELLED by 221940,0:0,2026-06-23T09:45:51,2026-06-23T09:45:51,2026-06-23T09:47:49,118,"billing=32,cpu=32,gres/gpu:h100=3,gres/gpu=3,gres/tmp=1073741824,mem=160G,node=1","billing=32,cpu=32,gres/gpu=3,gres/tmp=1073741824,mem=160G,node=1",jnultra02,h100,0,20260623_4pattern_a18_cifar10_e5_p3500_c1200_s800_h100x3_ablation_extra_no_repeat_penalty_seed123,false,3
2754538.batch,batch,FAILED,1:0,2026-06-23T09:45:51,2026-06-23T09:45:51,2026-06-23T09:47:53,122,"cpu=32,gres/gpu:h100=3,gres/gpu=3,gres/tmp=1073741824,mem=160G,node=1",,jnultra02,,,20260623_4pattern_a18_cifar10_e5_p3500_c1200_s800_h100x3_ablation_extra_no_repeat_penalty_seed123,false,3
2754538.extern,extern,COMPLETED,0:0,2026-06-23T09:45:51,2026-06-23T09:45:51,2026-06-23T09:47:53,122,"billing=32,cpu=32,gres/gpu:h100=3,gres/gpu=3,gres/tmp=1073741824,mem=160G,node=1",,jnultra02,,,20260623_4pattern_a18_cifar10_e5_p3500_c1200_s800_h100x3_ablation_extra_no_repeat_penalty_seed123,false,3
2755237,abl-no_repeat_penalty-s123,COMPLETED,0:0,2026-06-23T13:09:39,2026-06-23T13:29:28,2026-06-24T05:44:30,58502,"billing=32,cpu=32,gres/gpu:h100=4,gres/gpu=4,gres/tmp=1073741824,mem=160G,node=1","billing=32,cpu=32,gres/gpu=4,gres/tmp=1073741824,mem=160G,node=1",jnultra02,h100,0,20260623_4pattern_a18_cifar10_e5_p3500_c1200_s800_h100x4_ablation_extra_no_repeat_penalty_seed123,true,4
2755237.batch,batch,COMPLETED,0:0,2026-06-23T13:29:28,2026-06-23T13:29:28,2026-06-24T05:44:30,58502,"cpu=32,gres/gpu:h100=4,gres/gpu=4,gres/tmp=1073741824,mem=160G,node=1",,jnultra02,,,20260623_4pattern_a18_cifar10_e5_p3500_c1200_s800_h100x4_ablation_extra_no_repeat_penalty_seed123,true,4
2755237.extern,extern,COMPLETED,0:0,2026-06-23T13:29:28,2026-06-23T13:29:28,2026-06-24T05:44:30,58502,"billing=32,cpu=32,gres/gpu:h100=4,gres/gpu=4,gres/tmp=1073741824,mem=160G,node=1",,jnultra02,,,20260623_4pattern_a18_cifar10_e5_p3500_c1200_s800_h100x4_ablation_extra_no_repeat_penalty_seed123,true,4
2759192,abl-no_repeat_penalty-s123,CANCELLED by 221940,0:0,2026-06-24T10:42:35,2026-06-24T10:42:36,2026-06-24T11:22:32,2396,"billing=32,cpu=32,gres/gpu:l40s=5,gres/gpu=5,gres/tmp=1073741824,mem=160G,node=1","billing=32,cpu=32,gres/gpu=5,gres/tmp=1073741824,mem=160G,node=1",jnfat04,gpu_computervision,0,20260624_l40s_oomdiag_alloc_gbs8_no_repeat_penalty_seed123,false,5
2759192.batch,batch,FAILED,1:0,2026-06-24T10:42:36,2026-06-24T10:42:36,2026-06-24T11:22:37,2401,"cpu=32,gres/gpu:l40s=5,gres/gpu=5,gres/tmp=1073741824,mem=160G,node=1",,jnfat04,,,20260624_l40s_oomdiag_alloc_gbs8_no_repeat_penalty_seed123,false,5
2759192.extern,extern,COMPLETED,0:0,2026-06-24T10:42:36,2026-06-24T10:42:36,2026-06-24T11:22:38,2402,"billing=32,cpu=32,gres/gpu:l40s=5,gres/gpu=5,gres/tmp=1073741824,mem=160G,node=1",,jnfat04,,,20260624_l40s_oomdiag_alloc_gbs8_no_repeat_penalty_seed123,false,5
2759372,abl-no_diversity_bonus-s777,CANCELLED by 221940,0:0,2026-06-24T11:17:22,2026-06-24T11:17:27,2026-06-24T17:03:07,20740,"billing=32,cpu=32,gres/gpu:l40s=5,gres/gpu=5,gres/tmp=1073741824,mem=160G,node=1","billing=32,cpu=32,gres/gpu=5,gres/tmp=1073741824,mem=160G,node=1",jnfat01,standard,0,20260624_4pattern_a18_cifar10_e5_p3500_c1200_s800_standard_l40s5_ablation_extra_no_diversity_bonus_seed777,false,5
2759372.batch,batch,CANCELLED,0:9,2026-06-24T11:17:27,2026-06-24T11:17:27,2026-06-24T17:03:37,20770,"cpu=32,gres/gpu:l40s=5,gres/gpu=5,gres/tmp=1073741824,mem=160G,node=1",,jnfat01,,,20260624_4pattern_a18_cifar10_e5_p3500_c1200_s800_standard_l40s5_ablation_extra_no_diversity_bonus_seed777,false,5
2759372.extern,extern,COMPLETED,0:0,2026-06-24T11:17:27,2026-06-24T11:17:27,2026-06-24T17:03:36,20769,"billing=32,cpu=32,gres/gpu:l40s=5,gres/gpu=5,gres/tmp=1073741824,mem=160G,node=1",,jnfat01,,,20260624_4pattern_a18_cifar10_e5_p3500_c1200_s800_standard_l40s5_ablation_extra_no_diversity_bonus_seed777,false,5
2759373,abl-no_repeat_penalty-s777,CANCELLED by 221940,0:0,2026-06-24T11:17:22,2026-06-24T11:18:01,2026-06-24T17:03:08,20707,"billing=32,cpu=32,gres/gpu:l40s=5,gres/gpu=5,gres/tmp=1073741824,mem=160G,node=1","billing=32,cpu=32,gres/gpu=5,gres/tmp=1073741824,mem=160G,node=1",jnfat08,standard,0,20260624_4pattern_a18_cifar10_e5_p3500_c1200_s800_standard_l40s5_ablation_extra_no_repeat_penalty_seed777,false,5
2759373.batch,batch,FAILED,1:0,2026-06-24T11:18:01,2026-06-24T11:18:01,2026-06-24T17:03:13,20712,"cpu=32,gres/gpu:l40s=5,gres/gpu=5,gres/tmp=1073741824,mem=160G,node=1",,jnfat08,,,20260624_4pattern_a18_cifar10_e5_p3500_c1200_s800_standard_l40s5_ablation_extra_no_repeat_penalty_seed777,false,5
2759373.extern,extern,COMPLETED,0:0,2026-06-24T11:18:01,2026-06-24T11:18:01,2026-06-24T17:03:13,20712,"billing=32,cpu=32,gres/gpu:l40s=5,gres/gpu=5,gres/tmp=1073741824,mem=160G,node=1",,jnfat08,,,20260624_4pattern_a18_cifar10_e5_p3500_c1200_s800_standard_l40s5_ablation_extra_no_repeat_penalty_seed777,false,5
2759453,gen3x3-dscoder_cifar10,CANCELLED by 221940,0:0,2026-06-24T11:57:05,2026-06-24T11:57:08,2026-06-24T11:59:41,153,"billing=8,cpu=8,gres/gpu:l40=1,gres/gpu=1,gres/tmp=1073741824,mem=64G,node=1","billing=8,cpu=8,gres/gpu=1,gres/tmp=1073741824,mem=64G,node=1",jn112,standard,0,20260624_3x3_gen100_heldout_test,false,1
2759453.batch,batch,CANCELLED,0:15,2026-06-24T11:57:08,2026-06-24T11:57:08,2026-06-24T11:59:41,153,"cpu=8,gres/gpu:l40=1,gres/gpu=1,gres/tmp=1073741824,mem=64G,node=1",,jn112,,,20260624_3x3_gen100_heldout_test,false,1
2759453.extern,extern,COMPLETED,0:0,2026-06-24T11:57:08,2026-06-24T11:57:08,2026-06-24T11:59:42,154,"billing=8,cpu=8,gres/gpu:l40=1,gres/gpu=1,gres/tmp=1073741824,mem=64G,node=1",,jn112,,,20260624_3x3_gen100_heldout_test,false,1
2759454,gen3x3-dscoder_cifar100,CANCELLED by 221940,0:0,2026-06-24T11:57:05,2026-06-24T11:57:11,2026-06-24T11:59:41,150,"billing=8,cpu=8,gres/gpu:l40=1,gres/gpu=1,gres/tmp=1073741824,mem=64G,node=1","billing=8,cpu=8,gres/gpu=1,gres/tmp=1073741824,mem=64G,node=1",jn103,standard,0,20260624_3x3_gen100_heldout_test,false,1
2759454.batch,batch,CANCELLED,0:15,2026-06-24T11:57:11,2026-06-24T11:57:11,2026-06-24T11:59:41,150,"cpu=8,gres/gpu:l40=1,gres/gpu=1,gres/tmp=1073741824,mem=64G,node=1",,jn103,,,20260624_3x3_gen100_heldout_test,false,1
2759454.extern,extern,COMPLETED,0:0,2026-06-24T11:57:11,2026-06-24T11:57:11,2026-06-24T11:59:42,151,"billing=8,cpu=8,gres/gpu:l40=1,gres/gpu=1,gres/tmp=1073741824,mem=64G,node=1",,jn103,,,20260624_3x3_gen100_heldout_test,false,1
2759455,gen3x3-dscoder_imagenette,CANCELLED by 221940,0:0,2026-06-24T11:57:05,2026-06-24T11:57:14,2026-06-24T11:59:42,148,"billing=8,cpu=8,gres/gpu:l40=1,gres/gpu=1,gres/tmp=1073741824,mem=64G,node=1","billing=8,cpu=8,gres/gpu=1,gres/tmp=1073741824,mem=64G,node=1",jn107,standard,0,20260624_3x3_gen100_heldout_test,false,1
2759455.batch,batch,CANCELLED,0:15,2026-06-24T11:57:14,2026-06-24T11:57:14,2026-06-24T11:59:42,148,"cpu=8,gres/gpu:l40=1,gres/gpu=1,gres/tmp=1073741824,mem=64G,node=1",,jn107,,,20260624_3x3_gen100_heldout_test,false,1
2759455.extern,extern,COMPLETED,0:0,2026-06-24T11:57:14,2026-06-24T11:57:14,2026-06-24T11:59:43,149,"billing=8,cpu=8,gres/gpu:l40=1,gres/gpu=1,gres/tmp=1073741824,mem=64G,node=1",,jn107,,,20260624_3x3_gen100_heldout_test,false,1
2759456,gen3x3-qwen_cifar10,FAILED,1:0,2026-06-24T11:57:05,2026-06-24T11:57:16,2026-06-24T11:57:41,25,"billing=8,cpu=8,gres/gpu:l40=1,gres/gpu=1,gres/tmp=1073741824,mem=64G,node=1","billing=8,cpu=8,gres/gpu=1,gres/tmp=1073741824,mem=64G,node=1",jn016,standard,0,20260624_3x3_gen100_heldout_test,false,1
2759456.batch,batch,FAILED,1:0,2026-06-24T11:57:16,2026-06-24T11:57:16,2026-06-24T11:57:41,25,"cpu=8,gres/gpu:l40=1,gres/gpu=1,gres/tmp=1073741824,mem=64G,node=1",,jn016,,,20260624_3x3_gen100_heldout_test,false,1
2759456.extern,extern,COMPLETED,0:0,2026-06-24T11:57:16,2026-06-24T11:57:16,2026-06-24T11:57:41,25,"billing=8,cpu=8,gres/gpu:l40=1,gres/gpu=1,gres/tmp=1073741824,mem=64G,node=1",,jn016,,,20260624_3x3_gen100_heldout_test,false,1
2759457,gen3x3-qwen_cifar100,FAILED,1:0,2026-06-24T11:57:05,2026-06-24T11:57:19,2026-06-24T11:57:48,29,"billing=8,cpu=8,gres/gpu:l40=1,gres/gpu=1,gres/tmp=1073741824,mem=64G,node=1","billing=8,cpu=8,gres/gpu=1,gres/tmp=1073741824,mem=64G,node=1",jn101,standard,0,20260624_3x3_gen100_heldout_test,false,1
2759457.batch,batch,FAILED,1:0,2026-06-24T11:57:19,2026-06-24T11:57:19,2026-06-24T11:57:48,29,"cpu=8,gres/gpu:l40=1,gres/gpu=1,gres/tmp=1073741824,mem=64G,node=1",,jn101,,,20260624_3x3_gen100_heldout_test,false,1
2759457.extern,extern,COMPLETED,0:0,2026-06-24T11:57:19,2026-06-24T11:57:19,2026-06-24T11:57:48,29,"billing=8,cpu=8,gres/gpu:l40=1,gres/gpu=1,gres/tmp=1073741824,mem=64G,node=1",,jn101,,,20260624_3x3_gen100_heldout_test,false,1
2759458,gen3x3-qwen_imagenette,FAILED,1:0,2026-06-24T11:57:05,2026-06-24T11:57:22,2026-06-24T11:57:48,26,"billing=8,cpu=8,gres/gpu:l40=1,gres/gpu=1,gres/tmp=1073741824,mem=64G,node=1","billing=8,cpu=8,gres/gpu=1,gres/tmp=1073741824,mem=64G,node=1",jn015,standard,0,20260624_3x3_gen100_heldout_test,false,1
2759458.batch,batch,FAILED,1:0,2026-06-24T11:57:22,2026-06-24T11:57:22,2026-06-24T11:57:48,26,"cpu=8,gres/gpu:l40=1,gres/gpu=1,gres/tmp=1073741824,mem=64G,node=1",,jn015,,,20260624_3x3_gen100_heldout_test,false,1
2759458.extern,extern,COMPLETED,0:0,2026-06-24T11:57:22,2026-06-24T11:57:22,2026-06-24T11:57:48,26,"billing=8,cpu=8,gres/gpu:l40=1,gres/gpu=1,gres/tmp=1073741824,mem=64G,node=1",,jn015,,,20260624_3x3_gen100_heldout_test,false,1
2759459,gen3x3-olympic_cifar10,FAILED,1:0,2026-06-24T11:57:05,2026-06-24T11:57:24,2026-06-24T11:57:41,17,"billing=8,cpu=8,gres/gpu:l40=1,gres/gpu=1,gres/tmp=1073741824,mem=64G,node=1","billing=8,cpu=8,gres/gpu=1,gres/tmp=1073741824,mem=64G,node=1",jn016,standard,0,20260624_3x3_gen100_heldout_test,false,1
2759459.batch,batch,FAILED,1:0,2026-06-24T11:57:24,2026-06-24T11:57:24,2026-06-24T11:57:41,17,"cpu=8,gres/gpu:l40=1,gres/gpu=1,gres/tmp=1073741824,mem=64G,node=1",,jn016,,,20260624_3x3_gen100_heldout_test,false,1
2759459.extern,extern,COMPLETED,0:0,2026-06-24T11:57:24,2026-06-24T11:57:24,2026-06-24T11:57:41,17,"billing=8,cpu=8,gres/gpu:l40=1,gres/gpu=1,gres/tmp=1073741824,mem=64G,node=1",,jn016,,,20260624_3x3_gen100_heldout_test,false,1
2759460,gen3x3-olympic_cifar100,FAILED,1:0,2026-06-24T11:57:05,2026-06-24T11:57:26,2026-06-24T11:57:53,27,"billing=8,cpu=8,gres/gpu:l40=1,gres/gpu=1,gres/tmp=1073741824,mem=64G,node=1","billing=8,cpu=8,gres/gpu=1,gres/tmp=1073741824,mem=64G,node=1",jn013,standard,0,20260624_3x3_gen100_heldout_test,false,1
2759460.batch,batch,FAILED,1:0,2026-06-24T11:57:26,2026-06-24T11:57:26,2026-06-24T11:57:53,27,"cpu=8,gres/gpu:l40=1,gres/gpu=1,gres/tmp=1073741824,mem=64G,node=1",,jn013,,,20260624_3x3_gen100_heldout_test,false,1
2759460.extern,extern,COMPLETED,0:0,2026-06-24T11:57:26,2026-06-24T11:57:26,2026-06-24T11:57:53,27,"billing=8,cpu=8,gres/gpu:l40=1,gres/gpu=1,gres/tmp=1073741824,mem=64G,node=1",,jn013,,,20260624_3x3_gen100_heldout_test,false,1
2759461,gen3x3-olympic_imagenette,FAILED,1:0,2026-06-24T11:57:05,2026-06-24T11:57:30,2026-06-24T11:57:58,28,"billing=8,cpu=8,gres/gpu:l40=1,gres/gpu=1,gres/tmp=1073741824,mem=64G,node=1","billing=8,cpu=8,gres/gpu=1,gres/tmp=1073741824,mem=64G,node=1",jn117,standard,0,20260624_3x3_gen100_heldout_test,false,1
2759461.batch,batch,FAILED,1:0,2026-06-24T11:57:30,2026-06-24T11:57:30,2026-06-24T11:57:58,28,"cpu=8,gres/gpu:l40=1,gres/gpu=1,gres/tmp=1073741824,mem=64G,node=1",,jn117,,,20260624_3x3_gen100_heldout_test,false,1
2759461.extern,extern,COMPLETED,0:0,2026-06-24T11:57:30,2026-06-24T11:57:30,2026-06-24T11:57:58,28,"billing=8,cpu=8,gres/gpu:l40=1,gres/gpu=1,gres/tmp=1073741824,mem=64G,node=1",,jn117,,,20260624_3x3_gen100_heldout_test,false,1
2759471,gen3x3-dscoder_cifar10,CANCELLED by 221940,0:0,2026-06-24T12:01:32,2026-06-24T12:01:35,2026-06-24T12:07:00,325,"billing=8,cpu=8,gres/gpu:l40=1,gres/gpu=1,gres/tmp=1073741824,mem=64G,node=1","billing=8,cpu=8,gres/gpu=1,gres/tmp=1073741824,mem=64G,node=1",jn107,standard,0,20260624_3x3_gen100_heldout_test,false,1
2759471.batch,batch,CANCELLED,0:15,2026-06-24T12:01:35,2026-06-24T12:01:35,2026-06-24T12:07:00,325,"cpu=8,gres/gpu:l40=1,gres/gpu=1,gres/tmp=1073741824,mem=64G,node=1",,jn107,,,20260624_3x3_gen100_heldout_test,false,1
2759471.extern,extern,COMPLETED,0:0,2026-06-24T12:01:35,2026-06-24T12:01:35,2026-06-24T12:07:00,325,"billing=8,cpu=8,gres/gpu:l40=1,gres/gpu=1,gres/tmp=1073741824,mem=64G,node=1",,jn107,,,20260624_3x3_gen100_heldout_test,false,1
2759472,gen3x3-dscoder_cifar100,CANCELLED by 221940,0:0,2026-06-24T12:01:32,2026-06-24T12:01:38,2026-06-24T12:07:00,322,"billing=8,cpu=8,gres/gpu:l40=1,gres/gpu=1,gres/tmp=1073741824,mem=64G,node=1","billing=8,cpu=8,gres/gpu=1,gres/tmp=1073741824,mem=64G,node=1",jn112,standard,0,20260624_3x3_gen100_heldout_test,false,1
2759472.batch,batch,CANCELLED,0:15,2026-06-24T12:01:38,2026-06-24T12:01:38,2026-06-24T12:07:00,322,"cpu=8,gres/gpu:l40=1,gres/gpu=1,gres/tmp=1073741824,mem=64G,node=1",,jn112,,,20260624_3x3_gen100_heldout_test,false,1
2759472.extern,extern,COMPLETED,0:0,2026-06-24T12:01:38,2026-06-24T12:01:38,2026-06-24T12:07:00,322,"billing=8,cpu=8,gres/gpu:l40=1,gres/gpu=1,gres/tmp=1073741824,mem=64G,node=1",,jn112,,,20260624_3x3_gen100_heldout_test,false,1
2759473,gen3x3-dscoder_imagenette,CANCELLED by 221940,0:0,2026-06-24T12:01:32,2026-06-24T12:01:41,2026-06-24T12:07:00,319,"billing=8,cpu=8,gres/gpu:l40=1,gres/gpu=1,gres/tmp=1073741824,mem=64G,node=1","billing=8,cpu=8,gres/gpu=1,gres/tmp=1073741824,mem=64G,node=1",jn103,standard,0,20260624_3x3_gen100_heldout_test,false,1
2759473.batch,batch,CANCELLED,0:15,2026-06-24T12:01:41,2026-06-24T12:01:41,2026-06-24T12:07:00,319,"cpu=8,gres/gpu:l40=1,gres/gpu=1,gres/tmp=1073741824,mem=64G,node=1",,jn103,,,20260624_3x3_gen100_heldout_test,false,1
2759473.extern,extern,COMPLETED,0:0,2026-06-24T12:01:41,2026-06-24T12:01:41,2026-06-24T12:07:00,319,"billing=8,cpu=8,gres/gpu:l40=1,gres/gpu=1,gres/tmp=1073741824,mem=64G,node=1",,jn103,,,20260624_3x3_gen100_heldout_test,false,1
2759474,gen3x3-qwen_cifar10,CANCELLED by 221940,0:0,2026-06-24T12:01:32,2026-06-24T12:01:44,2026-06-24T12:07:01,317,"billing=8,cpu=8,gres/gpu:l40=1,gres/gpu=1,gres/tmp=1073741824,mem=64G,node=1","billing=8,cpu=8,gres/gpu=1,gres/tmp=1073741824,mem=64G,node=1",jn106,standard,0,20260624_3x3_gen100_heldout_test,false,1
2759474.batch,batch,CANCELLED,0:15,2026-06-24T12:01:44,2026-06-24T12:01:44,2026-06-24T12:07:01,317,"cpu=8,gres/gpu:l40=1,gres/gpu=1,gres/tmp=1073741824,mem=64G,node=1",,jn106,,,20260624_3x3_gen100_heldout_test,false,1
2759474.extern,extern,COMPLETED,0:0,2026-06-24T12:01:44,2026-06-24T12:01:44,2026-06-24T12:07:01,317,"billing=8,cpu=8,gres/gpu:l40=1,gres/gpu=1,gres/tmp=1073741824,mem=64G,node=1",,jn106,,,20260624_3x3_gen100_heldout_test,false,1
2759475,gen3x3-qwen_cifar100,CANCELLED by 221940,0:0,2026-06-24T12:01:32,2026-06-24T12:01:45,2026-06-24T12:07:00,315,"billing=8,cpu=8,gres/gpu:l40=1,gres/gpu=1,gres/tmp=1073741824,mem=64G,node=1","billing=8,cpu=8,gres/gpu=1,gres/tmp=1073741824,mem=64G,node=1",jn010,standard,0,20260624_3x3_gen100_heldout_test,false,1
2759475.batch,batch,CANCELLED,0:15,2026-06-24T12:01:45,2026-06-24T12:01:45,2026-06-24T12:07:00,315,"cpu=8,gres/gpu:l40=1,gres/gpu=1,gres/tmp=1073741824,mem=64G,node=1",,jn010,,,20260624_3x3_gen100_heldout_test,false,1
2759475.extern,extern,COMPLETED,0:0,2026-06-24T12:01:45,2026-06-24T12:01:45,2026-06-24T12:07:00,315,"billing=8,cpu=8,gres/gpu:l40=1,gres/gpu=1,gres/tmp=1073741824,mem=64G,node=1",,jn010,,,20260624_3x3_gen100_heldout_test,false,1
2759476,gen3x3-qwen_imagenette,CANCELLED by 221940,0:0,2026-06-24T12:01:32,2026-06-24T12:01:45,2026-06-24T12:07:01,316,"billing=8,cpu=8,gres/gpu:l40=1,gres/gpu=1,gres/tmp=1073741824,mem=64G,node=1","billing=8,cpu=8,gres/gpu=1,gres/tmp=1073741824,mem=64G,node=1",jn008,standard,0,20260624_3x3_gen100_heldout_test,false,1
2759476.batch,batch,CANCELLED,0:15,2026-06-24T12:01:45,2026-06-24T12:01:45,2026-06-24T12:07:01,316,"cpu=8,gres/gpu:l40=1,gres/gpu=1,gres/tmp=1073741824,mem=64G,node=1",,jn008,,,20260624_3x3_gen100_heldout_test,false,1
2759476.extern,extern,COMPLETED,0:0,2026-06-24T12:01:45,2026-06-24T12:01:45,2026-06-24T12:07:01,316,"billing=8,cpu=8,gres/gpu:l40=1,gres/gpu=1,gres/tmp=1073741824,mem=64G,node=1",,jn008,,,20260624_3x3_gen100_heldout_test,false,1
2759477,gen3x3-olympic_cifar10,CANCELLED by 221940,0:0,2026-06-24T12:01:32,2026-06-24T12:01:45,2026-06-24T12:07:00,315,"billing=8,cpu=8,gres/gpu:l40=1,gres/gpu=1,gres/tmp=1073741824,mem=64G,node=1","billing=8,cpu=8,gres/gpu=1,gres/tmp=1073741824,mem=64G,node=1",jn013,standard,0,20260624_3x3_gen100_heldout_test,false,1
2759477.batch,batch,CANCELLED,0:15,2026-06-24T12:01:45,2026-06-24T12:01:45,2026-06-24T12:07:00,315,"cpu=8,gres/gpu:l40=1,gres/gpu=1,gres/tmp=1073741824,mem=64G,node=1",,jn013,,,20260624_3x3_gen100_heldout_test,false,1
2759477.extern,extern,COMPLETED,0:0,2026-06-24T12:01:45,2026-06-24T12:01:45,2026-06-24T12:07:00,315,"billing=8,cpu=8,gres/gpu:l40=1,gres/gpu=1,gres/tmp=1073741824,mem=64G,node=1",,jn013,,,20260624_3x3_gen100_heldout_test,false,1
2759478,gen3x3-olympic_cifar100,CANCELLED by 221940,0:0,2026-06-24T12:01:32,2026-06-24T12:01:50,2026-06-24T12:07:00,310,"billing=8,cpu=8,gres/gpu:l40=1,gres/gpu=1,gres/tmp=1073741824,mem=64G,node=1","billing=8,cpu=8,gres/gpu=1,gres/tmp=1073741824,mem=64G,node=1",jn004,standard,0,20260624_3x3_gen100_heldout_test,false,1
2759478.batch,batch,CANCELLED,0:15,2026-06-24T12:01:50,2026-06-24T12:01:50,2026-06-24T12:07:00,310,"cpu=8,gres/gpu:l40=1,gres/gpu=1,gres/tmp=1073741824,mem=64G,node=1",,jn004,,,20260624_3x3_gen100_heldout_test,false,1
2759478.extern,extern,COMPLETED,0:0,2026-06-24T12:01:50,2026-06-24T12:01:50,2026-06-24T12:07:00,310,"billing=8,cpu=8,gres/gpu:l40=1,gres/gpu=1,gres/tmp=1073741824,mem=64G,node=1",,jn004,,,20260624_3x3_gen100_heldout_test,false,1
2759479,gen3x3-olympic_imagenette,CANCELLED by 221940,0:0,2026-06-24T12:01:32,2026-06-24T12:01:50,2026-06-24T12:07:00,310,"billing=8,cpu=8,gres/gpu:l40=1,gres/gpu=1,gres/tmp=1073741824,mem=64G,node=1","billing=8,cpu=8,gres/gpu=1,gres/tmp=1073741824,mem=64G,node=1",jn012,standard,0,20260624_3x3_gen100_heldout_test,false,1
2759479.batch,batch,CANCELLED,0:15,2026-06-24T12:01:50,2026-06-24T12:01:50,2026-06-24T12:07:00,310,"cpu=8,gres/gpu:l40=1,gres/gpu=1,gres/tmp=1073741824,mem=64G,node=1",,jn012,,,20260624_3x3_gen100_heldout_test,false,1
2759479.extern,extern,COMPLETED,0:0,2026-06-24T12:01:50,2026-06-24T12:01:50,2026-06-24T12:07:00,310,"billing=8,cpu=8,gres/gpu:l40=1,gres/gpu=1,gres/tmp=1073741824,mem=64G,node=1",,jn012,,,20260624_3x3_gen100_heldout_test,false,1
2759487,gen3x3-dscoder_cifar10,COMPLETED,0:0,2026-06-24T12:07:59,2026-06-24T12:07:59,2026-06-24T13:43:03,5704,"billing=8,cpu=8,gres/gpu:l40=1,gres/gpu=1,gres/tmp=1073741824,mem=64G,node=1","billing=8,cpu=8,gres/gpu=1,gres/tmp=1073741824,mem=64G,node=1",jn004,standard,0,20260624_3x3_gen100_heldout_test,false,1
2759487.batch,batch,COMPLETED,0:0,2026-06-24T12:07:59,2026-06-24T12:07:59,2026-06-24T13:43:03,5704,"cpu=8,gres/gpu:l40=1,gres/gpu=1,gres/tmp=1073741824,mem=64G,node=1",,jn004,,,20260624_3x3_gen100_heldout_test,false,1
2759487.extern,extern,COMPLETED,0:0,2026-06-24T12:07:59,2026-06-24T12:07:59,2026-06-24T13:43:03,5704,"billing=8,cpu=8,gres/gpu:l40=1,gres/gpu=1,gres/tmp=1073741824,mem=64G,node=1",,jn004,,,20260624_3x3_gen100_heldout_test,false,1
2759488,gen3x3-dscoder_cifar100,COMPLETED,0:0,2026-06-24T12:08:00,2026-06-24T12:08:05,2026-06-24T13:14:11,3966,"billing=8,cpu=8,gres/gpu:l40s=1,gres/gpu=1,gres/tmp=1073741824,mem=64G,node=1","billing=8,cpu=8,gres/gpu=1,gres/tmp=1073741824,mem=64G,node=1",jnfat08,standard,0,20260624_3x3_gen100_heldout_test,false,1
2759488.batch,batch,COMPLETED,0:0,2026-06-24T12:08:05,2026-06-24T12:08:05,2026-06-24T13:14:11,3966,"cpu=8,gres/gpu:l40s=1,gres/gpu=1,gres/tmp=1073741824,mem=64G,node=1",,jnfat08,,,20260624_3x3_gen100_heldout_test,false,1
2759488.extern,extern,COMPLETED,0:0,2026-06-24T12:08:05,2026-06-24T12:08:05,2026-06-24T13:14:11,3966,"billing=8,cpu=8,gres/gpu:l40s=1,gres/gpu=1,gres/tmp=1073741824,mem=64G,node=1",,jnfat08,,,20260624_3x3_gen100_heldout_test,false,1
2759489,gen3x3-dscoder_imagenette,COMPLETED,0:0,2026-06-24T12:08:00,2026-06-24T12:08:08,2026-06-24T14:18:27,7819,"billing=8,cpu=8,gres/gpu:l40=1,gres/gpu=1,gres/tmp=1073741824,mem=64G,node=1","billing=8,cpu=8,gres/gpu=1,gres/tmp=1073741824,mem=64G,node=1",jn013,standard,0,20260624_3x3_gen100_heldout_test,false,1
2759489.batch,batch,COMPLETED,0:0,2026-06-24T12:08:08,2026-06-24T12:08:08,2026-06-24T14:18:27,7819,"cpu=8,gres/gpu:l40=1,gres/gpu=1,gres/tmp=1073741824,mem=64G,node=1",,jn013,,,20260624_3x3_gen100_heldout_test,false,1
2759489.extern,extern,COMPLETED,0:0,2026-06-24T12:08:08,2026-06-24T12:08:08,2026-06-24T14:18:27,7819,"billing=8,cpu=8,gres/gpu:l40=1,gres/gpu=1,gres/tmp=1073741824,mem=64G,node=1",,jn013,,,20260624_3x3_gen100_heldout_test,false,1
2759490,gen3x3-qwen_cifar10,COMPLETED,0:0,2026-06-24T12:08:00,2026-06-24T12:08:11,2026-06-24T13:13:21,3910,"billing=8,cpu=8,gres/gpu:l40=1,gres/gpu=1,gres/tmp=1073741824,mem=64G,node=1","billing=8,cpu=8,gres/gpu=1,gres/tmp=1073741824,mem=64G,node=1",jn103,standard,0,20260624_3x3_gen100_heldout_test,false,1
2759490.batch,batch,COMPLETED,0:0,2026-06-24T12:08:11,2026-06-24T12:08:11,2026-06-24T13:13:21,3910,"cpu=8,gres/gpu:l40=1,gres/gpu=1,gres/tmp=1073741824,mem=64G,node=1",,jn103,,,20260624_3x3_gen100_heldout_test,false,1
2759490.extern,extern,COMPLETED,0:0,2026-06-24T12:08:11,2026-06-24T12:08:11,2026-06-24T13:13:21,3910,"billing=8,cpu=8,gres/gpu:l40=1,gres/gpu=1,gres/tmp=1073741824,mem=64G,node=1",,jn103,,,20260624_3x3_gen100_heldout_test,false,1
2759491,gen3x3-qwen_cifar100,COMPLETED,0:0,2026-06-24T12:08:00,2026-06-24T12:08:13,2026-06-24T13:12:01,3828,"billing=8,cpu=8,gres/gpu:l40=1,gres/gpu=1,gres/tmp=1073741824,mem=64G,node=1","billing=8,cpu=8,gres/gpu=1,gres/tmp=1073741824,mem=64G,node=1",jn008,standard,0,20260624_3x3_gen100_heldout_test,false,1
2759491.batch,batch,COMPLETED,0:0,2026-06-24T12:08:13,2026-06-24T12:08:13,2026-06-24T13:12:01,3828,"cpu=8,gres/gpu:l40=1,gres/gpu=1,gres/tmp=1073741824,mem=64G,node=1",,jn008,,,20260624_3x3_gen100_heldout_test,false,1
2759491.extern,extern,COMPLETED,0:0,2026-06-24T12:08:13,2026-06-24T12:08:13,2026-06-24T13:12:01,3828,"billing=8,cpu=8,gres/gpu:l40=1,gres/gpu=1,gres/tmp=1073741824,mem=64G,node=1",,jn008,,,20260624_3x3_gen100_heldout_test,false,1
2759492,gen3x3-qwen_imagenette,COMPLETED,0:0,2026-06-24T12:08:00,2026-06-24T12:08:16,2026-06-24T13:08:16,3600,"billing=8,cpu=8,gres/gpu:l40=1,gres/gpu=1,gres/tmp=1073741824,mem=64G,node=1","billing=8,cpu=8,gres/gpu=1,gres/tmp=1073741824,mem=64G,node=1",jn010,standard,0,20260624_3x3_gen100_heldout_test,false,1
2759492.batch,batch,COMPLETED,0:0,2026-06-24T12:08:16,2026-06-24T12:08:16,2026-06-24T13:08:16,3600,"cpu=8,gres/gpu:l40=1,gres/gpu=1,gres/tmp=1073741824,mem=64G,node=1",,jn010,,,20260624_3x3_gen100_heldout_test,false,1
2759492.extern,extern,COMPLETED,0:0,2026-06-24T12:08:16,2026-06-24T12:08:16,2026-06-24T13:08:16,3600,"billing=8,cpu=8,gres/gpu:l40=1,gres/gpu=1,gres/tmp=1073741824,mem=64G,node=1",,jn010,,,20260624_3x3_gen100_heldout_test,false,1
2759493,gen3x3-olympic_cifar10,COMPLETED,0:0,2026-06-24T12:08:00,2026-06-24T12:08:21,2026-06-24T13:25:37,4636,"billing=8,cpu=8,gres/gpu:l40=1,gres/gpu=1,gres/tmp=1073741824,mem=64G,node=1","billing=8,cpu=8,gres/gpu=1,gres/tmp=1073741824,mem=64G,node=1",jn110,standard,0,20260624_3x3_gen100_heldout_test,false,1
2759493.batch,batch,COMPLETED,0:0,2026-06-24T12:08:21,2026-06-24T12:08:21,2026-06-24T13:25:37,4636,"cpu=8,gres/gpu:l40=1,gres/gpu=1,gres/tmp=1073741824,mem=64G,node=1",,jn110,,,20260624_3x3_gen100_heldout_test,false,1
2759493.extern,extern,COMPLETED,0:0,2026-06-24T12:08:21,2026-06-24T12:08:21,2026-06-24T13:25:38,4637,"billing=8,cpu=8,gres/gpu:l40=1,gres/gpu=1,gres/tmp=1073741824,mem=64G,node=1",,jn110,,,20260624_3x3_gen100_heldout_test,false,1
2759494,gen3x3-olympic_cifar100,COMPLETED,0:0,2026-06-24T12:08:00,2026-06-24T12:08:25,2026-06-24T13:11:43,3798,"billing=8,cpu=8,gres/gpu:l40=1,gres/gpu=1,gres/tmp=1073741824,mem=64G,node=1","billing=8,cpu=8,gres/gpu=1,gres/tmp=1073741824,mem=64G,node=1",jn015,standard,0,20260624_3x3_gen100_heldout_test,false,1
2759494.batch,batch,COMPLETED,0:0,2026-06-24T12:08:25,2026-06-24T12:08:25,2026-06-24T13:11:43,3798,"cpu=8,gres/gpu:l40=1,gres/gpu=1,gres/tmp=1073741824,mem=64G,node=1",,jn015,,,20260624_3x3_gen100_heldout_test,false,1
2759494.extern,extern,COMPLETED,0:0,2026-06-24T12:08:25,2026-06-24T12:08:25,2026-06-24T13:11:43,3798,"billing=8,cpu=8,gres/gpu:l40=1,gres/gpu=1,gres/tmp=1073741824,mem=64G,node=1",,jn015,,,20260624_3x3_gen100_heldout_test,false,1
2759495,gen3x3-olympic_imagenette,COMPLETED,0:0,2026-06-24T12:08:00,2026-06-24T12:08:25,2026-06-24T13:14:29,3964,"billing=8,cpu=8,gres/gpu:l40=1,gres/gpu=1,gres/tmp=1073741824,mem=64G,node=1","billing=8,cpu=8,gres/gpu=1,gres/tmp=1073741824,mem=64G,node=1",jn015,standard,0,20260624_3x3_gen100_heldout_test,false,1
2759495.batch,batch,COMPLETED,0:0,2026-06-24T12:08:25,2026-06-24T12:08:25,2026-06-24T13:14:29,3964,"cpu=8,gres/gpu:l40=1,gres/gpu=1,gres/tmp=1073741824,mem=64G,node=1",,jn015,,,20260624_3x3_gen100_heldout_test,false,1
2759495.extern,extern,COMPLETED,0:0,2026-06-24T12:08:25,2026-06-24T12:08:25,2026-06-24T13:14:29,3964,"billing=8,cpu=8,gres/gpu:l40=1,gres/gpu=1,gres/tmp=1073741824,mem=64G,node=1",,jn015,,,20260624_3x3_gen100_heldout_test,false,1
2759921,e3x3-dual-c10-u000_014,COMPLETED,0:0,2026-06-24T14:33:17,2026-06-24T14:33:24,2026-06-24T17:13:10,9586,"billing=16,cpu=16,gres/gpu:l40s=2,gres/gpu=2,gres/tmp=1073741824,mem=96G,node=1","billing=16,cpu=16,gres/gpu=2,gres/tmp=1073741824,mem=96G,node=1",jnfat09,standard,0,20260624_3x3_gen100_heldout_test,false,2
2759921.batch,batch,COMPLETED,0:0,2026-06-24T14:33:24,2026-06-24T14:33:24,2026-06-24T17:13:10,9586,"cpu=16,gres/gpu:l40s=2,gres/gpu=2,gres/tmp=1073741824,mem=96G,node=1",,jnfat09,,,20260624_3x3_gen100_heldout_test,false,2
2759921.extern,extern,COMPLETED,0:0,2026-06-24T14:33:24,2026-06-24T14:33:24,2026-06-24T17:13:10,9586,"billing=16,cpu=16,gres/gpu:l40s=2,gres/gpu=2,gres/tmp=1073741824,mem=96G,node=1",,jnfat09,,,20260624_3x3_gen100_heldout_test,false,2
2759922,e3x3-dual-c100-u000_014,COMPLETED,0:0,2026-06-24T14:33:17,2026-06-24T14:33:27,2026-06-24T17:22:40,10153,"billing=16,cpu=16,gres/gpu:l40=2,gres/gpu=2,gres/tmp=1073741824,mem=96G,node=1","billing=16,cpu=16,gres/gpu=2,gres/tmp=1073741824,mem=96G,node=1",jn004,standard,0,20260624_3x3_gen100_heldout_test,false,2
2759922.batch,batch,COMPLETED,0:0,2026-06-24T14:33:27,2026-06-24T14:33:27,2026-06-24T17:22:40,10153,"cpu=16,gres/gpu:l40=2,gres/gpu=2,gres/tmp=1073741824,mem=96G,node=1",,jn004,,,20260624_3x3_gen100_heldout_test,false,2
2759922.extern,extern,COMPLETED,0:0,2026-06-24T14:33:27,2026-06-24T14:33:27,2026-06-24T17:22:40,10153,"billing=16,cpu=16,gres/gpu:l40=2,gres/gpu=2,gres/tmp=1073741824,mem=96G,node=1",,jn004,,,20260624_3x3_gen100_heldout_test,false,2
2759923,e3x3-dual-img-u000_014,COMPLETED,0:0,2026-06-24T14:33:17,2026-06-24T14:33:30,2026-06-24T16:21:48,6498,"billing=16,cpu=16,gres/gpu:l40=2,gres/gpu=2,gres/tmp=1073741824,mem=96G,node=1","billing=16,cpu=16,gres/gpu=2,gres/tmp=1073741824,mem=96G,node=1",jn106,standard,0,20260624_3x3_gen100_heldout_test,false,2
2759923.batch,batch,COMPLETED,0:0,2026-06-24T14:33:30,2026-06-24T14:33:30,2026-06-24T16:21:48,6498,"cpu=16,gres/gpu:l40=2,gres/gpu=2,gres/tmp=1073741824,mem=96G,node=1",,jn106,,,20260624_3x3_gen100_heldout_test,false,2
2759923.extern,extern,COMPLETED,0:0,2026-06-24T14:33:30,2026-06-24T14:33:30,2026-06-24T16:21:48,6498,"billing=16,cpu=16,gres/gpu:l40=2,gres/gpu=2,gres/tmp=1073741824,mem=96G,node=1",,jn106,,,20260624_3x3_gen100_heldout_test,false,2
2759924,e3x3-dual-c10-u015_029,COMPLETED,0:0,2026-06-24T14:33:17,2026-06-24T14:33:32,2026-06-24T17:45:47,11535,"billing=16,cpu=16,gres/gpu:l40=2,gres/gpu=2,gres/tmp=1073741824,mem=96G,node=1","billing=16,cpu=16,gres/gpu=2,gres/tmp=1073741824,mem=96G,node=1",jn014,standard,0,20260624_3x3_gen100_heldout_test,false,2
2759924.batch,batch,COMPLETED,0:0,2026-06-24T14:33:32,2026-06-24T14:33:32,2026-06-24T17:45:47,11535,"cpu=16,gres/gpu:l40=2,gres/gpu=2,gres/tmp=1073741824,mem=96G,node=1",,jn014,,,20260624_3x3_gen100_heldout_test,false,2
2759924.extern,extern,COMPLETED,0:0,2026-06-24T14:33:32,2026-06-24T14:33:32,2026-06-24T17:45:48,11536,"billing=16,cpu=16,gres/gpu:l40=2,gres/gpu=2,gres/tmp=1073741824,mem=96G,node=1",,jn014,,,20260624_3x3_gen100_heldout_test,false,2
2759925,e3x3-dual-c100-u015_029,COMPLETED,0:0,2026-06-24T14:33:17,2026-06-24T14:33:35,2026-06-24T18:07:12,12817,"billing=16,cpu=16,gres/gpu:l40=2,gres/gpu=2,gres/tmp=1073741824,mem=96G,node=1","billing=16,cpu=16,gres/gpu=2,gres/tmp=1073741824,mem=96G,node=1",jn103,standard,0,20260624_3x3_gen100_heldout_test,false,2
2759925.batch,batch,COMPLETED,0:0,2026-06-24T14:33:35,2026-06-24T14:33:35,2026-06-24T18:07:12,12817,"cpu=16,gres/gpu:l40=2,gres/gpu=2,gres/tmp=1073741824,mem=96G,node=1",,jn103,,,20260624_3x3_gen100_heldout_test,false,2
2759925.extern,extern,COMPLETED,0:0,2026-06-24T14:33:35,2026-06-24T14:33:35,2026-06-24T18:07:12,12817,"billing=16,cpu=16,gres/gpu:l40=2,gres/gpu=2,gres/tmp=1073741824,mem=96G,node=1",,jn103,,,20260624_3x3_gen100_heldout_test,false,2
2759936,e3x3-single-c10-u075_077,CANCELLED by 221940,0:0,2026-06-24T14:33:17,2026-06-24T14:33:36,2026-06-24T14:40:03,387,"billing=8,cpu=8,gres/gpu:l40=1,gres/gpu=1,gres/tmp=1073741824,mem=48G,node=1","billing=8,cpu=8,gres/gpu=1,gres/tmp=1073741824,mem=48G,node=1",jn011,standard,0,20260624_3x3_gen100_heldout_test,false,1
2759936.batch,batch,CANCELLED,0:15,2026-06-24T14:33:36,2026-06-24T14:33:36,2026-06-24T14:40:04,388,"cpu=8,gres/gpu:l40=1,gres/gpu=1,gres/tmp=1073741824,mem=48G,node=1",,jn011,,,20260624_3x3_gen100_heldout_test,false,1
2759936.extern,extern,COMPLETED,0:0,2026-06-24T14:33:36,2026-06-24T14:33:36,2026-06-24T14:40:04,388,"billing=8,cpu=8,gres/gpu:l40=1,gres/gpu=1,gres/tmp=1073741824,mem=48G,node=1",,jn011,,,20260624_3x3_gen100_heldout_test,false,1
2759937,e3x3-single-c100-u075_077,CANCELLED by 221940,0:0,2026-06-24T14:33:17,2026-06-24T14:33:36,2026-06-24T14:40:03,387,"billing=8,cpu=8,gres/gpu:l40=1,gres/gpu=1,gres/tmp=1073741824,mem=48G,node=1","billing=8,cpu=8,gres/gpu=1,gres/tmp=1073741824,mem=48G,node=1",jn013,standard,0,20260624_3x3_gen100_heldout_test,false,1
2759937.batch,batch,CANCELLED,0:15,2026-06-24T14:33:36,2026-06-24T14:33:36,2026-06-24T14:40:04,388,"cpu=8,gres/gpu:l40=1,gres/gpu=1,gres/tmp=1073741824,mem=48G,node=1",,jn013,,,20260624_3x3_gen100_heldout_test,false,1
2759937.extern,extern,COMPLETED,0:0,2026-06-24T14:33:36,2026-06-24T14:33:36,2026-06-24T14:40:04,388,"billing=8,cpu=8,gres/gpu:l40=1,gres/gpu=1,gres/tmp=1073741824,mem=48G,node=1",,jn013,,,20260624_3x3_gen100_heldout_test,false,1
2759938,e3x3-single-img-u075_077,CANCELLED by 221940,0:0,2026-06-24T14:33:17,2026-06-24T14:33:36,2026-06-24T14:40:03,387,"billing=8,cpu=8,gres/gpu:l40=1,gres/gpu=1,gres/tmp=1073741824,mem=48G,node=1","billing=8,cpu=8,gres/gpu=1,gres/tmp=1073741824,mem=48G,node=1",jn109,standard,0,20260624_3x3_gen100_heldout_test,false,1
2759938.batch,batch,CANCELLED,0:15,2026-06-24T14:33:36,2026-06-24T14:33:36,2026-06-24T14:40:04,388,"cpu=8,gres/gpu:l40=1,gres/gpu=1,gres/tmp=1073741824,mem=48G,node=1",,jn109,,,20260624_3x3_gen100_heldout_test,false,1
2759938.extern,extern,COMPLETED,0:0,2026-06-24T14:33:36,2026-06-24T14:33:36,2026-06-24T14:40:04,388,"billing=8,cpu=8,gres/gpu:l40=1,gres/gpu=1,gres/tmp=1073741824,mem=48G,node=1",,jn109,,,20260624_3x3_gen100_heldout_test,false,1
2759939,e3x3-single-c10-u078_080,CANCELLED by 221940,0:0,2026-06-24T14:33:17,2026-06-24T14:33:40,2026-06-24T14:40:03,383,"billing=8,cpu=8,gres/gpu:l40s=1,gres/gpu=1,gres/tmp=1073741824,mem=48G,node=1","billing=8,cpu=8,gres/gpu=1,gres/tmp=1073741824,mem=48G,node=1",jnfat08,standard,0,20260624_3x3_gen100_heldout_test,false,1
2759939.batch,batch,CANCELLED,0:15,2026-06-24T14:33:40,2026-06-24T14:33:40,2026-06-24T14:40:04,384,"cpu=8,gres/gpu:l40s=1,gres/gpu=1,gres/tmp=1073741824,mem=48G,node=1",,jnfat08,,,20260624_3x3_gen100_heldout_test,false,1
2759939.extern,extern,COMPLETED,0:0,2026-06-24T14:33:40,2026-06-24T14:33:40,2026-06-24T14:40:04,384,"billing=8,cpu=8,gres/gpu:l40s=1,gres/gpu=1,gres/tmp=1073741824,mem=48G,node=1",,jnfat08,,,20260624_3x3_gen100_heldout_test,false,1
2759940,e3x3-single-c100-u078_080,CANCELLED by 221940,0:0,2026-06-24T14:33:17,2026-06-24T14:33:40,2026-06-24T14:40:03,383,"billing=8,cpu=8,gres/gpu:l40s=1,gres/gpu=1,gres/tmp=1073741824,mem=48G,node=1","billing=8,cpu=8,gres/gpu=1,gres/tmp=1073741824,mem=48G,node=1",jnfat09,standard,0,20260624_3x3_gen100_heldout_test,false,1
2759940.batch,batch,CANCELLED,0:15,2026-06-24T14:33:40,2026-06-24T14:33:40,2026-06-24T14:40:04,384,"cpu=8,gres/gpu:l40s=1,gres/gpu=1,gres/tmp=1073741824,mem=48G,node=1",,jnfat09,,,20260624_3x3_gen100_heldout_test,false,1
2759940.extern,extern,COMPLETED,0:0,2026-06-24T14:33:40,2026-06-24T14:33:40,2026-06-24T14:40:05,385,"billing=8,cpu=8,gres/gpu:l40s=1,gres/gpu=1,gres/tmp=1073741824,mem=48G,node=1",,jnfat09,,,20260624_3x3_gen100_heldout_test,false,1
2759963,e3x3-single-c10-u075_077,COMPLETED,0:0,2026-06-24T14:42:11,2026-06-24T14:42:14,2026-06-24T15:39:27,3433,"billing=8,cpu=8,gres/gpu:l40s=1,gres/gpu=1,gres/tmp=1073741824,mem=48G,node=1","billing=8,cpu=8,gres/gpu=1,gres/tmp=1073741824,mem=48G,node=1",jnfat08,standard,0,20260624_3x3_gen100_heldout_test,false,1
2759963.batch,batch,COMPLETED,0:0,2026-06-24T14:42:14,2026-06-24T14:42:14,2026-06-24T15:39:27,3433,"cpu=8,gres/gpu:l40s=1,gres/gpu=1,gres/tmp=1073741824,mem=48G,node=1",,jnfat08,,,20260624_3x3_gen100_heldout_test,false,1
2759963.extern,extern,COMPLETED,0:0,2026-06-24T14:42:14,2026-06-24T14:42:14,2026-06-24T15:39:27,3433,"billing=8,cpu=8,gres/gpu:l40s=1,gres/gpu=1,gres/tmp=1073741824,mem=48G,node=1",,jnfat08,,,20260624_3x3_gen100_heldout_test,false,1
2759964,e3x3-single-c100-u075_077,COMPLETED,0:0,2026-06-24T14:42:11,2026-06-24T14:42:17,2026-06-24T15:42:49,3632,"billing=8,cpu=8,gres/gpu:l40=1,gres/gpu=1,gres/tmp=1073741824,mem=48G,node=1","billing=8,cpu=8,gres/gpu=1,gres/tmp=1073741824,mem=48G,node=1",jn111,standard,0,20260624_3x3_gen100_heldout_test,false,1
2759964.batch,batch,COMPLETED,0:0,2026-06-24T14:42:17,2026-06-24T14:42:17,2026-06-24T15:42:49,3632,"cpu=8,gres/gpu:l40=1,gres/gpu=1,gres/tmp=1073741824,mem=48G,node=1",,jn111,,,20260624_3x3_gen100_heldout_test,false,1
2759964.extern,extern,COMPLETED,0:0,2026-06-24T14:42:17,2026-06-24T14:42:17,2026-06-24T15:42:49,3632,"billing=8,cpu=8,gres/gpu:l40=1,gres/gpu=1,gres/tmp=1073741824,mem=48G,node=1",,jn111,,,20260624_3x3_gen100_heldout_test,false,1
2759965,e3x3-single-img-u075_077,COMPLETED,0:0,2026-06-24T14:42:11,2026-06-24T14:42:19,2026-06-24T15:14:27,1928,"billing=8,cpu=8,gres/gpu:l40s=1,gres/gpu=1,gres/tmp=1073741824,mem=48G,node=1","billing=8,cpu=8,gres/gpu=1,gres/tmp=1073741824,mem=48G,node=1",jnfat09,standard,0,20260624_3x3_gen100_heldout_test,false,1
2759965.batch,batch,COMPLETED,0:0,2026-06-24T14:42:19,2026-06-24T14:42:19,2026-06-24T15:14:27,1928,"cpu=8,gres/gpu:l40s=1,gres/gpu=1,gres/tmp=1073741824,mem=48G,node=1",,jnfat09,,,20260624_3x3_gen100_heldout_test,false,1
2759965.extern,extern,COMPLETED,0:0,2026-06-24T14:42:19,2026-06-24T14:42:19,2026-06-24T15:14:27,1928,"billing=8,cpu=8,gres/gpu:l40s=1,gres/gpu=1,gres/tmp=1073741824,mem=48G,node=1",,jnfat09,,,20260624_3x3_gen100_heldout_test,false,1
2759966,e3x3-single-c10-u078_080,COMPLETED,0:0,2026-06-24T14:42:11,2026-06-24T14:42:19,2026-06-24T15:42:32,3613,"billing=8,cpu=8,gres/gpu:l40=1,gres/gpu=1,gres/tmp=1073741824,mem=48G,node=1","billing=8,cpu=8,gres/gpu=1,gres/tmp=1073741824,mem=48G,node=1",jn013,standard,0,20260624_3x3_gen100_heldout_test,false,1
2759966.batch,batch,COMPLETED,0:0,2026-06-24T14:42:19,2026-06-24T14:42:19,2026-06-24T15:42:32,3613,"cpu=8,gres/gpu:l40=1,gres/gpu=1,gres/tmp=1073741824,mem=48G,node=1",,jn013,,,20260624_3x3_gen100_heldout_test,false,1
2759966.extern,extern,COMPLETED,0:0,2026-06-24T14:42:19,2026-06-24T14:42:19,2026-06-24T15:42:33,3614,"billing=8,cpu=8,gres/gpu:l40=1,gres/gpu=1,gres/tmp=1073741824,mem=48G,node=1",,jn013,,,20260624_3x3_gen100_heldout_test,false,1
2759967,e3x3-single-c100-u078_080,COMPLETED,0:0,2026-06-24T14:42:11,2026-06-24T14:42:22,2026-06-24T15:47:02,3880,"billing=8,cpu=8,gres/gpu:l40=1,gres/gpu=1,gres/tmp=1073741824,mem=48G,node=1","billing=8,cpu=8,gres/gpu=1,gres/tmp=1073741824,mem=48G,node=1",jn020,standard,0,20260624_3x3_gen100_heldout_test,false,1
2759967.batch,batch,COMPLETED,0:0,2026-06-24T14:42:22,2026-06-24T14:42:22,2026-06-24T15:47:02,3880,"cpu=8,gres/gpu:l40=1,gres/gpu=1,gres/tmp=1073741824,mem=48G,node=1",,jn020,,,20260624_3x3_gen100_heldout_test,false,1
2759967.extern,extern,COMPLETED,0:0,2026-06-24T14:42:22,2026-06-24T14:42:22,2026-06-24T15:47:02,3880,"billing=8,cpu=8,gres/gpu:l40=1,gres/gpu=1,gres/tmp=1073741824,mem=48G,node=1",,jn020,,,20260624_3x3_gen100_heldout_test,false,1
2759968,e3x3-single-img-u078_080,COMPLETED,0:0,2026-06-24T14:42:11,2026-06-24T15:39:46,2026-06-24T16:11:05,1879,"billing=8,cpu=8,gres/gpu:l40s=1,gres/gpu=1,gres/tmp=1073741824,mem=48G,node=1","billing=8,cpu=8,gres/gpu=1,gres/tmp=1073741824,mem=48G,node=1",jnfat08,standard,0,20260624_3x3_gen100_heldout_test,false,1
2759968.batch,batch,COMPLETED,0:0,2026-06-24T15:39:46,2026-06-24T15:39:46,2026-06-24T16:11:05,1879,"cpu=8,gres/gpu:l40s=1,gres/gpu=1,gres/tmp=1073741824,mem=48G,node=1",,jnfat08,,,20260624_3x3_gen100_heldout_test,false,1
2759968.extern,extern,COMPLETED,0:0,2026-06-24T15:39:46,2026-06-24T15:39:46,2026-06-24T16:11:05,1879,"billing=8,cpu=8,gres/gpu:l40s=1,gres/gpu=1,gres/tmp=1073741824,mem=48G,node=1",,jnfat08,,,20260624_3x3_gen100_heldout_test,false,1
2759969,e3x3-single-c10-u081_083,COMPLETED,0:0,2026-06-24T14:42:11,2026-06-24T15:42:53,2026-06-24T16:38:11,3318,"billing=8,cpu=8,gres/gpu:l40=1,gres/gpu=1,gres/tmp=1073741824,mem=48G,node=1","billing=8,cpu=8,gres/gpu=1,gres/tmp=1073741824,mem=48G,node=1",jn013,standard,0,20260624_3x3_gen100_heldout_test,false,1
2759969.batch,batch,COMPLETED,0:0,2026-06-24T15:42:53,2026-06-24T15:42:53,2026-06-24T16:38:11,3318,"cpu=8,gres/gpu:l40=1,gres/gpu=1,gres/tmp=1073741824,mem=48G,node=1",,jn013,,,20260624_3x3_gen100_heldout_test,false,1
2759969.extern,extern,COMPLETED,0:0,2026-06-24T15:42:53,2026-06-24T15:42:53,2026-06-24T16:38:11,3318,"billing=8,cpu=8,gres/gpu:l40=1,gres/gpu=1,gres/tmp=1073741824,mem=48G,node=1",,jn013,,,20260624_3x3_gen100_heldout_test,false,1
2759970,e3x3-single-c100-u081_083,COMPLETED,0:0,2026-06-24T14:42:11,2026-06-24T15:14:35,2026-06-24T16:09:55,3320,"billing=8,cpu=8,gres/gpu:l40s=1,gres/gpu=1,gres/tmp=1073741824,mem=48G,node=1","billing=8,cpu=8,gres/gpu=1,gres/tmp=1073741824,mem=48G,node=1",jnfat09,standard,0,20260624_3x3_gen100_heldout_test,false,1
2759970.batch,batch,COMPLETED,0:0,2026-06-24T15:14:35,2026-06-24T15:14:35,2026-06-24T16:09:55,3320,"cpu=8,gres/gpu:l40s=1,gres/gpu=1,gres/tmp=1073741824,mem=48G,node=1",,jnfat09,,,20260624_3x3_gen100_heldout_test,false,1
2759970.extern,extern,COMPLETED,0:0,2026-06-24T15:14:35,2026-06-24T15:14:35,2026-06-24T16:09:55,3320,"billing=8,cpu=8,gres/gpu:l40s=1,gres/gpu=1,gres/tmp=1073741824,mem=48G,node=1",,jnfat09,,,20260624_3x3_gen100_heldout_test,false,1
2759971,e3x3-single-img-u081_083,COMPLETED,0:0,2026-06-24T14:42:11,2026-06-24T15:42:53,2026-06-24T16:21:00,2287,"billing=8,cpu=8,gres/gpu:l40=1,gres/gpu=1,gres/tmp=1073741824,mem=48G,node=1","billing=8,cpu=8,gres/gpu=1,gres/tmp=1073741824,mem=48G,node=1",jn111,standard,0,20260624_3x3_gen100_heldout_test,false,1
2759971.batch,batch,COMPLETED,0:0,2026-06-24T15:42:53,2026-06-24T15:42:53,2026-06-24T16:21:00,2287,"cpu=8,gres/gpu:l40=1,gres/gpu=1,gres/tmp=1073741824,mem=48G,node=1",,jn111,,,20260624_3x3_gen100_heldout_test,false,1
2759971.extern,extern,COMPLETED,0:0,2026-06-24T15:42:53,2026-06-24T15:42:53,2026-06-24T16:21:00,2287,"billing=8,cpu=8,gres/gpu:l40=1,gres/gpu=1,gres/tmp=1073741824,mem=48G,node=1",,jn111,,,20260624_3x3_gen100_heldout_test,false,1
2759972,e3x3-single-c10-u084_086,COMPLETED,0:0,2026-06-24T14:42:11,2026-06-24T15:47:32,2026-06-24T16:56:10,4118,"billing=8,cpu=8,gres/gpu:l40=1,gres/gpu=1,gres/tmp=1073741824,mem=48G,node=1","billing=8,cpu=8,gres/gpu=1,gres/tmp=1073741824,mem=48G,node=1",jn011,standard,0,20260624_3x3_gen100_heldout_test,false,1
2759972.batch,batch,COMPLETED,0:0,2026-06-24T15:47:32,2026-06-24T15:47:32,2026-06-24T16:56:10,4118,"cpu=8,gres/gpu:l40=1,gres/gpu=1,gres/tmp=1073741824,mem=48G,node=1",,jn011,,,20260624_3x3_gen100_heldout_test,false,1
2759972.extern,extern,COMPLETED,0:0,2026-06-24T15:47:32,2026-06-24T15:47:32,2026-06-24T16:56:10,4118,"billing=8,cpu=8,gres/gpu:l40=1,gres/gpu=1,gres/tmp=1073741824,mem=48G,node=1",,jn011,,,20260624_3x3_gen100_heldout_test,false,1
2759973,e3x3-single-c100-u084_086,COMPLETED,0:0,2026-06-24T14:42:11,2026-06-24T16:11:24,2026-06-24T17:18:51,4047,"billing=8,cpu=8,gres/gpu:l40=1,gres/gpu=1,gres/tmp=1073741824,mem=48G,node=1","billing=8,cpu=8,gres/gpu=1,gres/tmp=1073741824,mem=48G,node=1",jn020,standard,0,20260624_3x3_gen100_heldout_test,false,1
2759973.batch,batch,COMPLETED,0:0,2026-06-24T16:11:24,2026-06-24T16:11:24,2026-06-24T17:18:51,4047,"cpu=8,gres/gpu:l40=1,gres/gpu=1,gres/tmp=1073741824,mem=48G,node=1",,jn020,,,20260624_3x3_gen100_heldout_test,false,1
2759973.extern,extern,COMPLETED,0:0,2026-06-24T16:11:24,2026-06-24T16:11:24,2026-06-24T17:18:51,4047,"billing=8,cpu=8,gres/gpu:l40=1,gres/gpu=1,gres/tmp=1073741824,mem=48G,node=1",,jn020,,,20260624_3x3_gen100_heldout_test,false,1
2759974,e3x3-single-img-u084_086,COMPLETED,0:0,2026-06-24T14:42:11,2026-06-24T16:38:23,2026-06-24T17:13:13,2090,"billing=8,cpu=8,gres/gpu:l40=1,gres/gpu=1,gres/tmp=1073741824,mem=48G,node=1","billing=8,cpu=8,gres/gpu=1,gres/tmp=1073741824,mem=48G,node=1",jn013,standard,0,20260624_3x3_gen100_heldout_test,false,1
2759974.batch,batch,COMPLETED,0:0,2026-06-24T16:38:23,2026-06-24T16:38:23,2026-06-24T17:13:13,2090,"cpu=8,gres/gpu:l40=1,gres/gpu=1,gres/tmp=1073741824,mem=48G,node=1",,jn013,,,20260624_3x3_gen100_heldout_test,false,1
2759974.extern,extern,COMPLETED,0:0,2026-06-24T16:38:23,2026-06-24T16:38:23,2026-06-24T17:13:14,2091,"billing=8,cpu=8,gres/gpu:l40=1,gres/gpu=1,gres/tmp=1073741824,mem=48G,node=1",,jn013,,,20260624_3x3_gen100_heldout_test,false,1
2759975,e3x3-single-c10-u087_089,COMPLETED,0:0,2026-06-24T14:42:11,2026-06-24T16:10:22,2026-06-24T17:09:24,3542,"billing=8,cpu=8,gres/gpu:l40=1,gres/gpu=1,gres/tmp=1073741824,mem=48G,node=1","billing=8,cpu=8,gres/gpu=1,gres/tmp=1073741824,mem=48G,node=1",jn012,standard,0,20260624_3x3_gen100_heldout_test,false,1
2759975.batch,batch,COMPLETED,0:0,2026-06-24T16:10:22,2026-06-24T16:10:22,2026-06-24T17:09:24,3542,"cpu=8,gres/gpu:l40=1,gres/gpu=1,gres/tmp=1073741824,mem=48G,node=1",,jn012,,,20260624_3x3_gen100_heldout_test,false,1
2759975.extern,extern,COMPLETED,0:0,2026-06-24T16:10:22,2026-06-24T16:10:22,2026-06-24T17:09:24,3542,"billing=8,cpu=8,gres/gpu:l40=1,gres/gpu=1,gres/tmp=1073741824,mem=48G,node=1",,jn012,,,20260624_3x3_gen100_heldout_test,false,1
2759976,e3x3-single-c100-u087_089,COMPLETED,0:0,2026-06-24T14:42:11,2026-06-24T16:21:15,2026-06-24T17:20:13,3538,"billing=8,cpu=8,gres/gpu:l40=1,gres/gpu=1,gres/tmp=1073741824,mem=48G,node=1","billing=8,cpu=8,gres/gpu=1,gres/tmp=1073741824,mem=48G,node=1",jn005,standard,0,20260624_3x3_gen100_heldout_test,false,1
2759976.batch,batch,COMPLETED,0:0,2026-06-24T16:21:15,2026-06-24T16:21:15,2026-06-24T17:20:13,3538,"cpu=8,gres/gpu:l40=1,gres/gpu=1,gres/tmp=1073741824,mem=48G,node=1",,jn005,,,20260624_3x3_gen100_heldout_test,false,1
2759976.extern,extern,COMPLETED,0:0,2026-06-24T16:21:15,2026-06-24T16:21:15,2026-06-24T17:20:13,3538,"billing=8,cpu=8,gres/gpu:l40=1,gres/gpu=1,gres/tmp=1073741824,mem=48G,node=1",,jn005,,,20260624_3x3_gen100_heldout_test,false,1
2759977,e3x3-single-img-u087_089,COMPLETED,0:0,2026-06-24T14:42:11,2026-06-24T16:56:32,2026-06-24T17:30:01,2009,"billing=8,cpu=8,gres/gpu:l40=1,gres/gpu=1,gres/tmp=1073741824,mem=48G,node=1","billing=8,cpu=8,gres/gpu=1,gres/tmp=1073741824,mem=48G,node=1",jn011,standard,0,20260624_3x3_gen100_heldout_test,false,1
2759977.batch,batch,COMPLETED,0:0,2026-06-24T16:56:32,2026-06-24T16:56:32,2026-06-24T17:30:01,2009,"cpu=8,gres/gpu:l40=1,gres/gpu=1,gres/tmp=1073741824,mem=48G,node=1",,jn011,,,20260624_3x3_gen100_heldout_test,false,1
2759977.extern,extern,COMPLETED,0:0,2026-06-24T16:56:32,2026-06-24T16:56:32,2026-06-24T17:30:01,2009,"billing=8,cpu=8,gres/gpu:l40=1,gres/gpu=1,gres/tmp=1073741824,mem=48G,node=1",,jn011,,,20260624_3x3_gen100_heldout_test,false,1
2759984,e3x3-single-c10-u060_062,COMPLETED,0:0,2026-06-24T14:46:58,2026-06-24T17:18:51,2026-06-24T18:09:40,3049,"billing=8,cpu=8,gres/gpu:l40=1,gres/gpu=1,gres/tmp=1073741824,mem=48G,node=1","billing=8,cpu=8,gres/gpu=1,gres/tmp=1073741824,mem=48G,node=1",jn005,standard,0,20260624_3x3_gen100_heldout_test,false,1
2759984.batch,batch,COMPLETED,0:0,2026-06-24T17:18:51,2026-06-24T17:18:51,2026-06-24T18:09:40,3049,"cpu=8,gres/gpu:l40=1,gres/gpu=1,gres/tmp=1073741824,mem=48G,node=1",,jn005,,,20260624_3x3_gen100_heldout_test,false,1
2759984.extern,extern,COMPLETED,0:0,2026-06-24T17:18:51,2026-06-24T17:18:51,2026-06-24T18:09:40,3049,"billing=8,cpu=8,gres/gpu:l40=1,gres/gpu=1,gres/tmp=1073741824,mem=48G,node=1",,jn005,,,20260624_3x3_gen100_heldout_test,false,1
2759985,e3x3-single-c100-u060_062,COMPLETED,0:0,2026-06-24T14:46:58,2026-06-24T17:13:14,2026-06-24T18:03:45,3031,"billing=8,cpu=8,gres/gpu:l40=1,gres/gpu=1,gres/tmp=1073741824,mem=48G,node=1","billing=8,cpu=8,gres/gpu=1,gres/tmp=1073741824,mem=48G,node=1",jn005,standard,0,20260624_3x3_gen100_heldout_test,false,1
2759985.batch,batch,COMPLETED,0:0,2026-06-24T17:13:14,2026-06-24T17:13:14,2026-06-24T18:03:45,3031,"cpu=8,gres/gpu:l40=1,gres/gpu=1,gres/tmp=1073741824,mem=48G,node=1",,jn005,,,20260624_3x3_gen100_heldout_test,false,1
2759985.extern,extern,COMPLETED,0:0,2026-06-24T17:13:14,2026-06-24T17:13:14,2026-06-24T18:03:45,3031,"billing=8,cpu=8,gres/gpu:l40=1,gres/gpu=1,gres/tmp=1073741824,mem=48G,node=1",,jn005,,,20260624_3x3_gen100_heldout_test,false,1
2759986,e3x3-single-img-u060_062,COMPLETED,0:0,2026-06-24T14:46:58,2026-06-24T17:09:24,2026-06-24T17:42:47,2003,"billing=8,cpu=8,gres/gpu:l40=1,gres/gpu=1,gres/tmp=1073741824,mem=48G,node=1","billing=8,cpu=8,gres/gpu=1,gres/tmp=1073741824,mem=48G,node=1",jn012,standard,0,20260624_3x3_gen100_heldout_test,false,1
2759986.batch,batch,COMPLETED,0:0,2026-06-24T17:09:24,2026-06-24T17:09:24,2026-06-24T17:42:47,2003,"cpu=8,gres/gpu:l40=1,gres/gpu=1,gres/tmp=1073741824,mem=48G,node=1",,jn012,,,20260624_3x3_gen100_heldout_test,false,1
2759986.extern,extern,COMPLETED,0:0,2026-06-24T17:09:24,2026-06-24T17:09:24,2026-06-24T17:42:47,2003,"billing=8,cpu=8,gres/gpu:l40=1,gres/gpu=1,gres/tmp=1073741824,mem=48G,node=1",,jn012,,,20260624_3x3_gen100_heldout_test,false,1
2759987,e3x3-single-c10-u063_065,COMPLETED,0:0,2026-06-24T14:46:58,2026-06-24T17:20:14,2026-06-24T18:14:01,3227,"billing=8,cpu=8,gres/gpu:l40=1,gres/gpu=1,gres/tmp=1073741824,mem=48G,node=1","billing=8,cpu=8,gres/gpu=1,gres/tmp=1073741824,mem=48G,node=1",jn005,standard,0,20260624_3x3_gen100_heldout_test,false,1
2759987.batch,batch,COMPLETED,0:0,2026-06-24T17:20:14,2026-06-24T17:20:14,2026-06-24T18:14:01,3227,"cpu=8,gres/gpu:l40=1,gres/gpu=1,gres/tmp=1073741824,mem=48G,node=1",,jn005,,,20260624_3x3_gen100_heldout_test,false,1
2759987.extern,extern,COMPLETED,0:0,2026-06-24T17:20:14,2026-06-24T17:20:14,2026-06-24T18:14:01,3227,"billing=8,cpu=8,gres/gpu:l40=1,gres/gpu=1,gres/tmp=1073741824,mem=48G,node=1",,jn005,,,20260624_3x3_gen100_heldout_test,false,1
2759988,e3x3-single-c100-u063_065,CANCELLED by 221940,0:0,2026-06-24T14:46:58,2026-06-24T17:30:01,2026-06-24T17:30:43,42,"billing=8,cpu=8,gres/gpu:l40=1,gres/gpu=1,gres/tmp=1073741824,mem=48G,node=1","billing=8,cpu=8,gres/gpu=1,gres/tmp=1073741824,mem=48G,node=1",jn004,standard,0,20260624_3x3_gen100_heldout_test,false,1
2759988.batch,batch,CANCELLED,0:15,2026-06-24T17:30:01,2026-06-24T17:30:01,2026-06-24T17:30:44,43,"cpu=8,gres/gpu:l40=1,gres/gpu=1,gres/tmp=1073741824,mem=48G,node=1",,jn004,,,20260624_3x3_gen100_heldout_test,false,1
2759988.extern,extern,COMPLETED,0:0,2026-06-24T17:30:01,2026-06-24T17:30:01,2026-06-24T17:30:45,44,"billing=8,cpu=8,gres/gpu:l40=1,gres/gpu=1,gres/tmp=1073741824,mem=48G,node=1",,jn004,,,20260624_3x3_gen100_heldout_test,false,1
2760055,e3x3-single-c100-u045_047,COMPLETED,0:0,2026-06-24T14:59:44,2026-06-24T15:00:44,2026-06-24T15:59:31,3527,"billing=8,cpu=8,gres/gpu:l40=1,gres/gpu=1,gres/tmp=1073741824,mem=48G,node=1","billing=8,cpu=8,gres/gpu=1,gres/tmp=1073741824,mem=48G,node=1",jn004,standard,0,20260624_3x3_gen100_heldout_test,false,1
2760055.batch,batch,COMPLETED,0:0,2026-06-24T15:00:44,2026-06-24T15:00:44,2026-06-24T15:59:31,3527,"cpu=8,gres/gpu:l40=1,gres/gpu=1,gres/tmp=1073741824,mem=48G,node=1",,jn004,,,20260624_3x3_gen100_heldout_test,false,1
2760055.extern,extern,COMPLETED,0:0,2026-06-24T15:00:44,2026-06-24T15:00:44,2026-06-24T15:59:31,3527,"billing=8,cpu=8,gres/gpu:l40=1,gres/gpu=1,gres/tmp=1073741824,mem=48G,node=1",,jn004,,,20260624_3x3_gen100_heldout_test,false,1
2760083,e3x3-single-c100-u048,COMPLETED,0:0,2026-06-24T15:04:06,2026-06-24T15:04:50,2026-06-24T15:21:54,1024,"billing=8,cpu=8,gres/gpu:l40=1,gres/gpu=1,gres/tmp=1073741824,mem=48G,node=1","billing=8,cpu=8,gres/gpu=1,gres/tmp=1073741824,mem=48G,node=1",jn106,standard,0,20260624_3x3_gen100_heldout_test,false,1
2760083.batch,batch,COMPLETED,0:0,2026-06-24T15:04:50,2026-06-24T15:04:50,2026-06-24T15:21:54,1024,"cpu=8,gres/gpu:l40=1,gres/gpu=1,gres/tmp=1073741824,mem=48G,node=1",,jn106,,,20260624_3x3_gen100_heldout_test,false,1
2760083.extern,extern,COMPLETED,0:0,2026-06-24T15:04:50,2026-06-24T15:04:50,2026-06-24T15:21:54,1024,"billing=8,cpu=8,gres/gpu:l40=1,gres/gpu=1,gres/tmp=1073741824,mem=48G,node=1",,jn106,,,20260624_3x3_gen100_heldout_test,false,1
2760084,e3x3-single-c100-u049,COMPLETED,0:0,2026-06-24T15:04:06,2026-06-24T15:04:50,2026-06-24T15:23:19,1109,"billing=8,cpu=8,gres/gpu:l40=1,gres/gpu=1,gres/tmp=1073741824,mem=48G,node=1","billing=8,cpu=8,gres/gpu=1,gres/tmp=1073741824,mem=48G,node=1",jn117,standard,0,20260624_3x3_gen100_heldout_test,false,1
2760084.batch,batch,COMPLETED,0:0,2026-06-24T15:04:50,2026-06-24T15:04:50,2026-06-24T15:23:19,1109,"cpu=8,gres/gpu:l40=1,gres/gpu=1,gres/tmp=1073741824,mem=48G,node=1",,jn117,,,20260624_3x3_gen100_heldout_test,false,1
2760084.extern,extern,COMPLETED,0:0,2026-06-24T15:04:50,2026-06-24T15:04:50,2026-06-24T15:23:20,1110,"billing=8,cpu=8,gres/gpu:l40=1,gres/gpu=1,gres/tmp=1073741824,mem=48G,node=1",,jn117,,,20260624_3x3_gen100_heldout_test,false,1
2760085,e3x3-single-c100-u050,COMPLETED,0:0,2026-06-24T15:04:06,2026-06-24T15:04:50,2026-06-24T15:25:51,1261,"billing=8,cpu=8,gres/gpu:l40s=1,gres/gpu=1,gres/tmp=1073741824,mem=48G,node=1","billing=8,cpu=8,gres/gpu=1,gres/tmp=1073741824,mem=48G,node=1",jnfat09,standard,0,20260624_3x3_gen100_heldout_test,false,1
2760085.batch,batch,COMPLETED,0:0,2026-06-24T15:04:50,2026-06-24T15:04:50,2026-06-24T15:25:51,1261,"cpu=8,gres/gpu:l40s=1,gres/gpu=1,gres/tmp=1073741824,mem=48G,node=1",,jnfat09,,,20260624_3x3_gen100_heldout_test,false,1
2760085.extern,extern,COMPLETED,0:0,2026-06-24T15:04:50,2026-06-24T15:04:50,2026-06-24T15:25:51,1261,"billing=8,cpu=8,gres/gpu:l40s=1,gres/gpu=1,gres/tmp=1073741824,mem=48G,node=1",,jnfat09,,,20260624_3x3_gen100_heldout_test,false,1
2760086,e3x3-single-c100-u051,COMPLETED,0:0,2026-06-24T15:04:06,2026-06-24T15:04:50,2026-06-24T15:26:04,1274,"billing=8,cpu=8,gres/gpu:l40s=1,gres/gpu=1,gres/tmp=1073741824,mem=48G,node=1","billing=8,cpu=8,gres/gpu=1,gres/tmp=1073741824,mem=48G,node=1",jnfat09,standard,0,20260624_3x3_gen100_heldout_test,false,1
2760086.batch,batch,COMPLETED,0:0,2026-06-24T15:04:50,2026-06-24T15:04:50,2026-06-24T15:26:04,1274,"cpu=8,gres/gpu:l40s=1,gres/gpu=1,gres/tmp=1073741824,mem=48G,node=1",,jnfat09,,,20260624_3x3_gen100_heldout_test,false,1
2760086.extern,extern,COMPLETED,0:0,2026-06-24T15:04:50,2026-06-24T15:04:50,2026-06-24T15:26:04,1274,"billing=8,cpu=8,gres/gpu:l40s=1,gres/gpu=1,gres/tmp=1073741824,mem=48G,node=1",,jnfat09,,,20260624_3x3_gen100_heldout_test,false,1
2760087,e3x3-single-c100-u052,COMPLETED,0:0,2026-06-24T15:04:06,2026-06-24T15:04:50,2026-06-24T15:26:50,1320,"billing=8,cpu=8,gres/gpu:l40=1,gres/gpu=1,gres/tmp=1073741824,mem=48G,node=1","billing=8,cpu=8,gres/gpu=1,gres/tmp=1073741824,mem=48G,node=1",jn011,standard,0,20260624_3x3_gen100_heldout_test,false,1
2760087.batch,batch,COMPLETED,0:0,2026-06-24T15:04:50,2026-06-24T15:04:50,2026-06-24T15:26:50,1320,"cpu=8,gres/gpu:l40=1,gres/gpu=1,gres/tmp=1073741824,mem=48G,node=1",,jn011,,,20260624_3x3_gen100_heldout_test,false,1
2760087.extern,extern,COMPLETED,0:0,2026-06-24T15:04:50,2026-06-24T15:04:50,2026-06-24T15:26:50,1320,"billing=8,cpu=8,gres/gpu:l40=1,gres/gpu=1,gres/tmp=1073741824,mem=48G,node=1",,jn011,,,20260624_3x3_gen100_heldout_test,false,1
2760088,e3x3-single-c100-u053,COMPLETED,0:0,2026-06-24T15:04:06,2026-06-24T15:04:50,2026-06-24T15:22:22,1052,"billing=8,cpu=8,gres/gpu:l40=1,gres/gpu=1,gres/tmp=1073741824,mem=48G,node=1","billing=8,cpu=8,gres/gpu=1,gres/tmp=1073741824,mem=48G,node=1",jn012,standard,0,20260624_3x3_gen100_heldout_test,false,1
2760088.batch,batch,COMPLETED,0:0,2026-06-24T15:04:50,2026-06-24T15:04:50,2026-06-24T15:22:22,1052,"cpu=8,gres/gpu:l40=1,gres/gpu=1,gres/tmp=1073741824,mem=48G,node=1",,jn012,,,20260624_3x3_gen100_heldout_test,false,1
2760088.extern,extern,COMPLETED,0:0,2026-06-24T15:04:50,2026-06-24T15:04:50,2026-06-24T15:22:22,1052,"billing=8,cpu=8,gres/gpu:l40=1,gres/gpu=1,gres/tmp=1073741824,mem=48G,node=1",,jn012,,,20260624_3x3_gen100_heldout_test,false,1
2760089,e3x3-single-c100-u054,COMPLETED,0:0,2026-06-24T15:04:06,2026-06-24T15:04:50,2026-06-24T15:20:28,938,"billing=8,cpu=8,gres/gpu:l40=1,gres/gpu=1,gres/tmp=1073741824,mem=48G,node=1","billing=8,cpu=8,gres/gpu=1,gres/tmp=1073741824,mem=48G,node=1",jn013,standard,0,20260624_3x3_gen100_heldout_test,false,1
2760089.batch,batch,COMPLETED,0:0,2026-06-24T15:04:50,2026-06-24T15:04:50,2026-06-24T15:20:28,938,"cpu=8,gres/gpu:l40=1,gres/gpu=1,gres/tmp=1073741824,mem=48G,node=1",,jn013,,,20260624_3x3_gen100_heldout_test,false,1
2760089.extern,extern,COMPLETED,0:0,2026-06-24T15:04:50,2026-06-24T15:04:50,2026-06-24T15:20:28,938,"billing=8,cpu=8,gres/gpu:l40=1,gres/gpu=1,gres/tmp=1073741824,mem=48G,node=1",,jn013,,,20260624_3x3_gen100_heldout_test,false,1
2760090,e3x3-single-c100-u055,COMPLETED,0:0,2026-06-24T15:04:06,2026-06-24T15:05:21,2026-06-24T15:20:49,928,"billing=8,cpu=8,gres/gpu:l40=1,gres/gpu=1,gres/tmp=1073741824,mem=48G,node=1","billing=8,cpu=8,gres/gpu=1,gres/tmp=1073741824,mem=48G,node=1",jn014,standard,0,20260624_3x3_gen100_heldout_test,false,1
2760090.batch,batch,COMPLETED,0:0,2026-06-24T15:05:21,2026-06-24T15:05:21,2026-06-24T15:20:49,928,"cpu=8,gres/gpu:l40=1,gres/gpu=1,gres/tmp=1073741824,mem=48G,node=1",,jn014,,,20260624_3x3_gen100_heldout_test,false,1
2760090.extern,extern,COMPLETED,0:0,2026-06-24T15:05:21,2026-06-24T15:05:21,2026-06-24T15:20:49,928,"billing=8,cpu=8,gres/gpu:l40=1,gres/gpu=1,gres/tmp=1073741824,mem=48G,node=1",,jn014,,,20260624_3x3_gen100_heldout_test,false,1
2760091,e3x3-single-c100-u056,COMPLETED,0:0,2026-06-24T15:04:06,2026-06-24T15:05:21,2026-06-24T15:29:44,1463,"billing=8,cpu=8,gres/gpu:l40=1,gres/gpu=1,gres/tmp=1073741824,mem=48G,node=1","billing=8,cpu=8,gres/gpu=1,gres/tmp=1073741824,mem=48G,node=1",jn016,standard,0,20260624_3x3_gen100_heldout_test,false,1
2760091.batch,batch,COMPLETED,0:0,2026-06-24T15:05:21,2026-06-24T15:05:21,2026-06-24T15:29:44,1463,"cpu=8,gres/gpu:l40=1,gres/gpu=1,gres/tmp=1073741824,mem=48G,node=1",,jn016,,,20260624_3x3_gen100_heldout_test,false,1
2760091.extern,extern,COMPLETED,0:0,2026-06-24T15:05:21,2026-06-24T15:05:21,2026-06-24T15:29:44,1463,"billing=8,cpu=8,gres/gpu:l40=1,gres/gpu=1,gres/tmp=1073741824,mem=48G,node=1",,jn016,,,20260624_3x3_gen100_heldout_test,false,1
2760092,e3x3-single-c100-u057,COMPLETED,0:0,2026-06-24T15:04:06,2026-06-24T15:05:21,2026-06-24T15:30:47,1526,"billing=8,cpu=8,gres/gpu:l40=1,gres/gpu=1,gres/tmp=1073741824,mem=48G,node=1","billing=8,cpu=8,gres/gpu=1,gres/tmp=1073741824,mem=48G,node=1",jn102,standard,0,20260624_3x3_gen100_heldout_test,false,1
2760092.batch,batch,COMPLETED,0:0,2026-06-24T15:05:21,2026-06-24T15:05:21,2026-06-24T15:30:47,1526,"cpu=8,gres/gpu:l40=1,gres/gpu=1,gres/tmp=1073741824,mem=48G,node=1",,jn102,,,20260624_3x3_gen100_heldout_test,false,1
2760092.extern,extern,COMPLETED,0:0,2026-06-24T15:05:21,2026-06-24T15:05:21,2026-06-24T15:30:47,1526,"billing=8,cpu=8,gres/gpu:l40=1,gres/gpu=1,gres/tmp=1073741824,mem=48G,node=1",,jn102,,,20260624_3x3_gen100_heldout_test,false,1
2760093,e3x3-single-c100-u058,COMPLETED,0:0,2026-06-24T15:04:06,2026-06-24T15:05:52,2026-06-24T15:28:21,1349,"billing=8,cpu=8,gres/gpu:l40=1,gres/gpu=1,gres/tmp=1073741824,mem=48G,node=1","billing=8,cpu=8,gres/gpu=1,gres/tmp=1073741824,mem=48G,node=1",jn005,standard,0,20260624_3x3_gen100_heldout_test,false,1
2760093.batch,batch,COMPLETED,0:0,2026-06-24T15:05:52,2026-06-24T15:05:52,2026-06-24T15:28:21,1349,"cpu=8,gres/gpu:l40=1,gres/gpu=1,gres/tmp=1073741824,mem=48G,node=1",,jn005,,,20260624_3x3_gen100_heldout_test,false,1
2760093.extern,extern,COMPLETED,0:0,2026-06-24T15:05:52,2026-06-24T15:05:52,2026-06-24T15:28:21,1349,"billing=8,cpu=8,gres/gpu:l40=1,gres/gpu=1,gres/tmp=1073741824,mem=48G,node=1",,jn005,,,20260624_3x3_gen100_heldout_test,false,1
2760094,e3x3-single-c100-u059,COMPLETED,0:0,2026-06-24T15:04:06,2026-06-24T15:06:23,2026-06-24T15:28:49,1346,"billing=8,cpu=8,gres/gpu:l40=1,gres/gpu=1,gres/tmp=1073741824,mem=48G,node=1","billing=8,cpu=8,gres/gpu=1,gres/tmp=1073741824,mem=48G,node=1",jn016,standard,0,20260624_3x3_gen100_heldout_test,false,1
2760094.batch,batch,COMPLETED,0:0,2026-06-24T15:06:23,2026-06-24T15:06:23,2026-06-24T15:28:49,1346,"cpu=8,gres/gpu:l40=1,gres/gpu=1,gres/tmp=1073741824,mem=48G,node=1",,jn016,,,20260624_3x3_gen100_heldout_test,false,1
2760094.extern,extern,COMPLETED,0:0,2026-06-24T15:06:23,2026-06-24T15:06:23,2026-06-24T15:28:49,1346,"billing=8,cpu=8,gres/gpu:l40=1,gres/gpu=1,gres/tmp=1073741824,mem=48G,node=1",,jn016,,,20260624_3x3_gen100_heldout_test,false,1
2760798,e3x3-single-c100-u030_032,COMPLETED,0:0,2026-06-24T16:18:25,2026-06-24T16:18:40,2026-06-24T17:15:29,3409,"billing=8,cpu=8,gres/gpu:l40=1,gres/gpu=1,gres/tmp=1073741824,mem=48G,node=1","billing=8,cpu=8,gres/gpu=1,gres/tmp=1073741824,mem=48G,node=1",jn106,standard,0,20260624_3x3_gen100_heldout_test,false,1
2760798.batch,batch,COMPLETED,0:0,2026-06-24T16:18:40,2026-06-24T16:18:40,2026-06-24T17:15:29,3409,"cpu=8,gres/gpu:l40=1,gres/gpu=1,gres/tmp=1073741824,mem=48G,node=1",,jn106,,,20260624_3x3_gen100_heldout_test,false,1
2760798.extern,extern,COMPLETED,0:0,2026-06-24T16:18:40,2026-06-24T16:18:40,2026-06-24T17:15:29,3409,"billing=8,cpu=8,gres/gpu:l40=1,gres/gpu=1,gres/tmp=1073741824,mem=48G,node=1",,jn106,,,20260624_3x3_gen100_heldout_test,false,1
2760799,e3x3-single-c100-u033_035,COMPLETED,0:0,2026-06-24T16:18:25,2026-06-24T16:18:40,2026-06-24T17:10:41,3121,"billing=8,cpu=8,gres/gpu:l40=1,gres/gpu=1,gres/tmp=1073741824,mem=48G,node=1","billing=8,cpu=8,gres/gpu=1,gres/tmp=1073741824,mem=48G,node=1",jn004,standard,0,20260624_3x3_gen100_heldout_test,false,1
2760799.batch,batch,COMPLETED,0:0,2026-06-24T16:18:40,2026-06-24T16:18:40,2026-06-24T17:10:41,3121,"cpu=8,gres/gpu:l40=1,gres/gpu=1,gres/tmp=1073741824,mem=48G,node=1",,jn004,,,20260624_3x3_gen100_heldout_test,false,1
2760799.extern,extern,COMPLETED,0:0,2026-06-24T16:18:40,2026-06-24T16:18:40,2026-06-24T17:10:41,3121,"billing=8,cpu=8,gres/gpu:l40=1,gres/gpu=1,gres/tmp=1073741824,mem=48G,node=1",,jn004,,,20260624_3x3_gen100_heldout_test,false,1
2760800,e3x3-single-c100-u036_038,COMPLETED,0:0,2026-06-24T16:18:25,2026-06-24T16:18:40,2026-06-24T17:12:47,3247,"billing=8,cpu=8,gres/gpu:l40=1,gres/gpu=1,gres/tmp=1073741824,mem=48G,node=1","billing=8,cpu=8,gres/gpu=1,gres/tmp=1073741824,mem=48G,node=1",jn005,standard,0,20260624_3x3_gen100_heldout_test,false,1
2760800.batch,batch,COMPLETED,0:0,2026-06-24T16:18:40,2026-06-24T16:18:40,2026-06-24T17:12:47,3247,"cpu=8,gres/gpu:l40=1,gres/gpu=1,gres/tmp=1073741824,mem=48G,node=1",,jn005,,,20260624_3x3_gen100_heldout_test,false,1
2760800.extern,extern,COMPLETED,0:0,2026-06-24T16:18:40,2026-06-24T16:18:40,2026-06-24T17:12:47,3247,"billing=8,cpu=8,gres/gpu:l40=1,gres/gpu=1,gres/tmp=1073741824,mem=48G,node=1",,jn005,,,20260624_3x3_gen100_heldout_test,false,1
2760801,e3x3-single-c100-u039_041,COMPLETED,0:0,2026-06-24T16:18:25,2026-06-24T16:18:40,2026-06-24T17:13:47,3307,"billing=8,cpu=8,gres/gpu:l40=1,gres/gpu=1,gres/tmp=1073741824,mem=48G,node=1","billing=8,cpu=8,gres/gpu=1,gres/tmp=1073741824,mem=48G,node=1",jn005,standard,0,20260624_3x3_gen100_heldout_test,false,1
2760801.batch,batch,COMPLETED,0:0,2026-06-24T16:18:40,2026-06-24T16:18:40,2026-06-24T17:13:47,3307,"cpu=8,gres/gpu:l40=1,gres/gpu=1,gres/tmp=1073741824,mem=48G,node=1",,jn005,,,20260624_3x3_gen100_heldout_test,false,1
2760801.extern,extern,COMPLETED,0:0,2026-06-24T16:18:40,2026-06-24T16:18:40,2026-06-24T17:13:47,3307,"billing=8,cpu=8,gres/gpu:l40=1,gres/gpu=1,gres/tmp=1073741824,mem=48G,node=1",,jn005,,,20260624_3x3_gen100_heldout_test,false,1
2760802,e3x3-single-c100-u042_044,COMPLETED,0:0,2026-06-24T16:18:25,2026-06-24T16:18:40,2026-06-24T17:14:57,3377,"billing=8,cpu=8,gres/gpu:l40=1,gres/gpu=1,gres/tmp=1073741824,mem=48G,node=1","billing=8,cpu=8,gres/gpu=1,gres/tmp=1073741824,mem=48G,node=1",jn110,standard,0,20260624_3x3_gen100_heldout_test,false,1
2760802.batch,batch,COMPLETED,0:0,2026-06-24T16:18:40,2026-06-24T16:18:40,2026-06-24T17:14:57,3377,"cpu=8,gres/gpu:l40=1,gres/gpu=1,gres/tmp=1073741824,mem=48G,node=1",,jn110,,,20260624_3x3_gen100_heldout_test,false,1
2760802.extern,extern,COMPLETED,0:0,2026-06-24T16:18:40,2026-06-24T16:18:40,2026-06-24T17:14:57,3377,"billing=8,cpu=8,gres/gpu:l40=1,gres/gpu=1,gres/tmp=1073741824,mem=48G,node=1",,jn110,,,20260624_3x3_gen100_heldout_test,false,1
2760828,e3x3-7gpu-c10_u030_059,CANCELLED by 221940,0:0,2026-06-24T16:24:55,2026-06-24T16:24:55,2026-06-24T16:53:01,1686,"billing=56,cpu=56,gres/gpu:l40s=7,gres/gpu=7,gres/tmp=1073741824,mem=256G,node=1","billing=56,cpu=56,gres/gpu=7,gres/tmp=1073741824,mem=256G,node=1",jnfat05,gpu_computervision,0,20260624_3x3_gen100_heldout_test,false,7
2760828.batch,batch,CANCELLED,0:15,2026-06-24T16:24:55,2026-06-24T16:24:55,2026-06-24T16:53:02,1687,"cpu=56,gres/gpu:l40s=7,gres/gpu=7,gres/tmp=1073741824,mem=256G,node=1",,jnfat05,,,20260624_3x3_gen100_heldout_test,false,7
2760828.extern,extern,COMPLETED,0:0,2026-06-24T16:24:55,2026-06-24T16:24:55,2026-06-24T16:53:02,1687,"billing=56,cpu=56,gres/gpu:l40s=7,gres/gpu=7,gres/tmp=1073741824,mem=256G,node=1",,jnfat05,,,20260624_3x3_gen100_heldout_test,false,7
2760893,abl-no_repeat_penalty-s777,FAILED,1:0,2026-06-24T17:00:44,2026-06-24T17:00:44,2026-06-25T01:42:53,31329,"billing=32,cpu=32,gres/gpu:l40s=5,gres/gpu=5,gres/tmp=1073741824,mem=160G,node=1","billing=32,cpu=32,gres/gpu=5,gres/tmp=1073741824,mem=160G,node=1",jnfat05,gpu_computervision_long,0,20260624_1700_4pattern_a18_cifar10_e5_p3500_c1200_s800_long_l40s5_ablation_extra_no_repeat_penalty_seed777,false,5
2760893.batch,batch,FAILED,1:0,2026-06-24T17:00:44,2026-06-24T17:00:44,2026-06-25T01:42:53,31329,"cpu=32,gres/gpu:l40s=5,gres/gpu=5,gres/tmp=1073741824,mem=160G,node=1",,jnfat05,,,20260624_1700_4pattern_a18_cifar10_e5_p3500_c1200_s800_long_l40s5_ablation_extra_no_repeat_penalty_seed777,false,5
2760893.extern,extern,COMPLETED,0:0,2026-06-24T17:00:44,2026-06-24T17:00:44,2026-06-25T01:42:53,31329,"billing=32,cpu=32,gres/gpu:l40s=5,gres/gpu=5,gres/tmp=1073741824,mem=160G,node=1",,jnfat05,,,20260624_1700_4pattern_a18_cifar10_e5_p3500_c1200_s800_long_l40s5_ablation_extra_no_repeat_penalty_seed777,false,5
2760894,abl-no_diversity_bonus-s777,CANCELLED by 221940,0:0,2026-06-24T17:00:44,2026-06-24T17:32:31,2026-06-24T17:56:38,1447,"billing=32,cpu=32,gres/gpu:h100=5,gres/gpu=5,gres/tmp=1073741824,mem=160G,node=1","billing=32,cpu=32,gres/gpu=5,gres/tmp=1073741824,mem=160G,node=1",jnultra02,h100,0,20260624_1700_4pattern_a18_cifar10_e5_p3500_c1200_s800_h100x5_ablation_extra_no_diversity_bonus_seed777,false,5
2760894.batch,batch,CANCELLED,0:9,2026-06-24T17:32:31,2026-06-24T17:32:31,2026-06-24T17:57:08,1477,"cpu=32,gres/gpu:h100=5,gres/gpu=5,gres/tmp=1073741824,mem=160G,node=1",,jnultra02,,,20260624_1700_4pattern_a18_cifar10_e5_p3500_c1200_s800_h100x5_ablation_extra_no_diversity_bonus_seed777,false,5
2760894.extern,extern,COMPLETED,0:0,2026-06-24T17:32:31,2026-06-24T17:32:31,2026-06-24T17:57:07,1476,"billing=32,cpu=32,gres/gpu:h100=5,gres/gpu=5,gres/tmp=1073741824,mem=160G,node=1",,jnultra02,,,20260624_1700_4pattern_a18_cifar10_e5_p3500_c1200_s800_h100x5_ablation_extra_no_diversity_bonus_seed777,false,5
2760897,e3x3-catchup-c10_u030_039,COMPLETED,0:0,2026-06-24T17:11:40,2026-06-24T17:11:40,2026-06-24T19:52:37,9657,"billing=8,cpu=8,gres/gpu:l40=1,gres/gpu=1,gres/tmp=1073741824,mem=48G,node=1","billing=8,cpu=8,gres/gpu=1,gres/tmp=1073741824,mem=48G,node=1",jn004,standard,0,20260624_3x3_gen100_heldout_test,false,1
2760897.batch,batch,COMPLETED,0:0,2026-06-24T17:11:40,2026-06-24T17:11:40,2026-06-24T19:52:37,9657,"cpu=8,gres/gpu:l40=1,gres/gpu=1,gres/tmp=1073741824,mem=48G,node=1",,jn004,,,20260624_3x3_gen100_heldout_test,false,1
2760897.extern,extern,COMPLETED,0:0,2026-06-24T17:11:40,2026-06-24T17:11:40,2026-06-24T19:52:37,9657,"billing=8,cpu=8,gres/gpu:l40=1,gres/gpu=1,gres/tmp=1073741824,mem=48G,node=1",,jn004,,,20260624_3x3_gen100_heldout_test,false,1
2760898,e3x3-catchup-c10_u040_049,COMPLETED,0:0,2026-06-24T17:11:40,2026-06-24T17:11:40,2026-06-24T20:13:28,10908,"billing=8,cpu=8,gres/gpu:l40=1,gres/gpu=1,gres/tmp=1073741824,mem=48G,node=1","billing=8,cpu=8,gres/gpu=1,gres/tmp=1073741824,mem=48G,node=1",jn106,standard,0,20260624_3x3_gen100_heldout_test,false,1
2760898.batch,batch,COMPLETED,0:0,2026-06-24T17:11:40,2026-06-24T17:11:40,2026-06-24T20:13:28,10908,"cpu=8,gres/gpu:l40=1,gres/gpu=1,gres/tmp=1073741824,mem=48G,node=1",,jn106,,,20260624_3x3_gen100_heldout_test,false,1
2760898.extern,extern,COMPLETED,0:0,2026-06-24T17:11:40,2026-06-24T17:11:40,2026-06-24T20:13:28,10908,"billing=8,cpu=8,gres/gpu:l40=1,gres/gpu=1,gres/tmp=1073741824,mem=48G,node=1",,jn106,,,20260624_3x3_gen100_heldout_test,false,1
2760899,e3x3-catchup-c10_u050_059,NODE_FAIL,1:0,2026-06-24T17:11:40,2026-06-24T17:11:40,2026-06-24T18:27:52,4572,"billing=8,cpu=8,gres/gpu:l40s=1,gres/gpu=1,gres/tmp=1073741824,mem=48G,node=1","billing=8,cpu=8,gres/gpu=1,gres/tmp=1073741824,mem=48G,node=1",jnfat01,standard,0,20260624_3x3_gen100_heldout_test,false,1
2760899.batch,batch,CANCELLED,,2026-06-24T17:11:40,2026-06-24T17:11:40,2026-06-24T18:27:53,4573,"cpu=8,gres/gpu:l40s=1,gres/gpu=1,gres/tmp=1073741824,mem=48G,node=1",,jnfat01,,,20260624_3x3_gen100_heldout_test,false,1
2760899.extern,extern,CANCELLED,,2026-06-24T17:11:40,2026-06-24T17:11:40,2026-06-24T18:27:53,4573,"billing=8,cpu=8,gres/gpu:l40s=1,gres/gpu=1,gres/tmp=1073741824,mem=48G,node=1",,jnfat01,,,20260624_3x3_gen100_heldout_test,false,1
2760900,e3x3-catchup-img_u015_025,NODE_FAIL,1:0,2026-06-24T17:11:40,2026-06-24T17:11:40,2026-06-24T18:27:52,4572,"billing=8,cpu=8,gres/gpu:l40s=1,gres/gpu=1,gres/tmp=1073741824,mem=48G,node=1","billing=8,cpu=8,gres/gpu=1,gres/tmp=1073741824,mem=48G,node=1",jnfat01,standard,0,20260624_3x3_gen100_heldout_test,false,1
2760900.batch,batch,CANCELLED,,2026-06-24T17:11:40,2026-06-24T17:11:40,2026-06-24T18:27:53,4573,"cpu=8,gres/gpu:l40s=1,gres/gpu=1,gres/tmp=1073741824,mem=48G,node=1",,jnfat01,,,20260624_3x3_gen100_heldout_test,false,1
2760900.extern,extern,CANCELLED,,2026-06-24T17:11:40,2026-06-24T17:11:40,2026-06-24T18:27:53,4573,"billing=8,cpu=8,gres/gpu:l40s=1,gres/gpu=1,gres/tmp=1073741824,mem=48G,node=1",,jnfat01,,,20260624_3x3_gen100_heldout_test,false,1
2760901,e3x3-catchup-img_u026_036,NODE_FAIL,1:0,2026-06-24T17:11:40,2026-06-24T17:11:41,2026-06-24T18:27:52,4571,"billing=8,cpu=8,gres/gpu:l40s=1,gres/gpu=1,gres/tmp=1073741824,mem=48G,node=1","billing=8,cpu=8,gres/gpu=1,gres/tmp=1073741824,mem=48G,node=1",jnfat01,standard,0,20260624_3x3_gen100_heldout_test,false,1
2760901.batch,batch,CANCELLED,,2026-06-24T17:11:41,2026-06-24T17:11:41,2026-06-24T18:27:53,4572,"cpu=8,gres/gpu:l40s=1,gres/gpu=1,gres/tmp=1073741824,mem=48G,node=1",,jnfat01,,,20260624_3x3_gen100_heldout_test,false,1
2760901.extern,extern,CANCELLED,,2026-06-24T17:11:41,2026-06-24T17:11:41,2026-06-24T18:27:53,4572,"billing=8,cpu=8,gres/gpu:l40s=1,gres/gpu=1,gres/tmp=1073741824,mem=48G,node=1",,jnfat01,,,20260624_3x3_gen100_heldout_test,false,1
2760902,e3x3-catchup-img_u037_047,NODE_FAIL,1:0,2026-06-24T17:11:40,2026-06-24T17:11:41,2026-06-24T18:27:52,4571,"billing=8,cpu=8,gres/gpu:l40s=1,gres/gpu=1,gres/tmp=1073741824,mem=48G,node=1","billing=8,cpu=8,gres/gpu=1,gres/tmp=1073741824,mem=48G,node=1",jnfat01,standard,0,20260624_3x3_gen100_heldout_test,false,1
2760902.batch,batch,CANCELLED,,2026-06-24T17:11:41,2026-06-24T17:11:41,2026-06-24T18:27:53,4572,"cpu=8,gres/gpu:l40s=1,gres/gpu=1,gres/tmp=1073741824,mem=48G,node=1",,jnfat01,,,20260624_3x3_gen100_heldout_test,false,1
2760902.extern,extern,CANCELLED,,2026-06-24T17:11:41,2026-06-24T17:11:41,2026-06-24T18:27:53,4572,"billing=8,cpu=8,gres/gpu:l40s=1,gres/gpu=1,gres/tmp=1073741824,mem=48G,node=1",,jnfat01,,,20260624_3x3_gen100_heldout_test,false,1
2760903,e3x3-catchup-img_u048_059,NODE_FAIL,1:0,2026-06-24T17:11:40,2026-06-24T17:11:41,2026-06-24T18:27:52,4571,"billing=8,cpu=8,gres/gpu:l40s=1,gres/gpu=1,gres/tmp=1073741824,mem=48G,node=1","billing=8,cpu=8,gres/gpu=1,gres/tmp=1073741824,mem=48G,node=1",jnfat01,standard,0,20260624_3x3_gen100_heldout_test,false,1
2760903.batch,batch,CANCELLED,,2026-06-24T17:11:41,2026-06-24T17:11:41,2026-06-24T18:27:53,4572,"cpu=8,gres/gpu:l40s=1,gres/gpu=1,gres/tmp=1073741824,mem=48G,node=1",,jnfat01,,,20260624_3x3_gen100_heldout_test,false,1
2760903.extern,extern,CANCELLED,,2026-06-24T17:11:41,2026-06-24T17:11:41,2026-06-24T18:27:53,4572,"billing=8,cpu=8,gres/gpu:l40s=1,gres/gpu=1,gres/tmp=1073741824,mem=48G,node=1",,jnfat01,,,20260624_3x3_gen100_heldout_test,false,1
2760915,e3x3-fast-c10_u066_068,COMPLETED,0:0,2026-06-24T17:30:44,2026-06-24T17:30:44,2026-06-24T18:16:26,2742,"billing=8,cpu=8,gres/gpu:l40=1,gres/gpu=1,gres/tmp=1073741824,mem=48G,node=1","billing=8,cpu=8,gres/gpu=1,gres/tmp=1073741824,mem=48G,node=1",jn106,standard,0,20260624_3x3_gen100_heldout_test,false,1
2760915.batch,batch,COMPLETED,0:0,2026-06-24T17:30:44,2026-06-24T17:30:44,2026-06-24T18:16:26,2742,"cpu=8,gres/gpu:l40=1,gres/gpu=1,gres/tmp=1073741824,mem=48G,node=1",,jn106,,,20260624_3x3_gen100_heldout_test,false,1
2760915.extern,extern,COMPLETED,0:0,2026-06-24T17:30:44,2026-06-24T17:30:44,2026-06-24T18:16:26,2742,"billing=8,cpu=8,gres/gpu:l40=1,gres/gpu=1,gres/tmp=1073741824,mem=48G,node=1",,jn106,,,20260624_3x3_gen100_heldout_test,false,1
2760916,e3x3-fast-c10_u069_071,COMPLETED,0:0,2026-06-24T17:30:44,2026-06-24T17:30:44,2026-06-24T18:22:27,3103,"billing=8,cpu=8,gres/gpu:l40=1,gres/gpu=1,gres/tmp=1073741824,mem=48G,node=1","billing=8,cpu=8,gres/gpu=1,gres/tmp=1073741824,mem=48G,node=1",jn011,standard,0,20260624_3x3_gen100_heldout_test,false,1
2760916.batch,batch,COMPLETED,0:0,2026-06-24T17:30:44,2026-06-24T17:30:44,2026-06-24T18:22:27,3103,"cpu=8,gres/gpu:l40=1,gres/gpu=1,gres/tmp=1073741824,mem=48G,node=1",,jn011,,,20260624_3x3_gen100_heldout_test,false,1
2760916.extern,extern,COMPLETED,0:0,2026-06-24T17:30:44,2026-06-24T17:30:44,2026-06-24T18:22:27,3103,"billing=8,cpu=8,gres/gpu:l40=1,gres/gpu=1,gres/tmp=1073741824,mem=48G,node=1",,jn011,,,20260624_3x3_gen100_heldout_test,false,1
2760917,e3x3-fast-c10_u072_074,COMPLETED,0:0,2026-06-24T17:30:44,2026-06-24T17:30:44,2026-06-24T18:15:34,2690,"billing=8,cpu=8,gres/gpu:l40=1,gres/gpu=1,gres/tmp=1073741824,mem=48G,node=1","billing=8,cpu=8,gres/gpu=1,gres/tmp=1073741824,mem=48G,node=1",jn013,standard,0,20260624_3x3_gen100_heldout_test,false,1
2760917.batch,batch,COMPLETED,0:0,2026-06-24T17:30:44,2026-06-24T17:30:44,2026-06-24T18:15:34,2690,"cpu=8,gres/gpu:l40=1,gres/gpu=1,gres/tmp=1073741824,mem=48G,node=1",,jn013,,,20260624_3x3_gen100_heldout_test,false,1
2760917.extern,extern,COMPLETED,0:0,2026-06-24T17:30:44,2026-06-24T17:30:44,2026-06-24T18:15:34,2690,"billing=8,cpu=8,gres/gpu:l40=1,gres/gpu=1,gres/tmp=1073741824,mem=48G,node=1",,jn013,,,20260624_3x3_gen100_heldout_test,false,1
2760918,e3x3-fast-c100_u063_065,COMPLETED,0:0,2026-06-24T17:30:44,2026-06-24T17:30:44,2026-06-24T18:25:20,3276,"billing=8,cpu=8,gres/gpu:l40=1,gres/gpu=1,gres/tmp=1073741824,mem=48G,node=1","billing=8,cpu=8,gres/gpu=1,gres/tmp=1073741824,mem=48G,node=1",jn020,standard,0,20260624_3x3_gen100_heldout_test,false,1
2760918.batch,batch,COMPLETED,0:0,2026-06-24T17:30:44,2026-06-24T17:30:44,2026-06-24T18:25:20,3276,"cpu=8,gres/gpu:l40=1,gres/gpu=1,gres/tmp=1073741824,mem=48G,node=1",,jn020,,,20260624_3x3_gen100_heldout_test,false,1
2760918.extern,extern,COMPLETED,0:0,2026-06-24T17:30:44,2026-06-24T17:30:44,2026-06-24T18:25:20,3276,"billing=8,cpu=8,gres/gpu:l40=1,gres/gpu=1,gres/tmp=1073741824,mem=48G,node=1",,jn020,,,20260624_3x3_gen100_heldout_test,false,1
2760919,e3x3-fast-c100_u066_068,COMPLETED,0:0,2026-06-24T17:30:44,2026-06-24T17:30:44,2026-06-24T18:22:19,3095,"billing=8,cpu=8,gres/gpu:l40=1,gres/gpu=1,gres/tmp=1073741824,mem=48G,node=1","billing=8,cpu=8,gres/gpu=1,gres/tmp=1073741824,mem=48G,node=1",jn019,standard,0,20260624_3x3_gen100_heldout_test,false,1
2760919.batch,batch,COMPLETED,0:0,2026-06-24T17:30:44,2026-06-24T17:30:44,2026-06-24T18:22:19,3095,"cpu=8,gres/gpu:l40=1,gres/gpu=1,gres/tmp=1073741824,mem=48G,node=1",,jn019,,,20260624_3x3_gen100_heldout_test,false,1
2760919.extern,extern,COMPLETED,0:0,2026-06-24T17:30:44,2026-06-24T17:30:44,2026-06-24T18:22:19,3095,"billing=8,cpu=8,gres/gpu:l40=1,gres/gpu=1,gres/tmp=1073741824,mem=48G,node=1",,jn019,,,20260624_3x3_gen100_heldout_test,false,1
2760920,e3x3-fast-c100_u069_071,COMPLETED,0:0,2026-06-24T17:30:44,2026-06-24T17:30:44,2026-06-24T18:21:20,3036,"billing=8,cpu=8,gres/gpu:l40s=1,gres/gpu=1,gres/tmp=1073741824,mem=48G,node=1","billing=8,cpu=8,gres/gpu=1,gres/tmp=1073741824,mem=48G,node=1",jnfat09,standard,0,20260624_3x3_gen100_heldout_test,false,1
2760920.batch,batch,COMPLETED,0:0,2026-06-24T17:30:44,2026-06-24T17:30:44,2026-06-24T18:21:20,3036,"cpu=8,gres/gpu:l40s=1,gres/gpu=1,gres/tmp=1073741824,mem=48G,node=1",,jnfat09,,,20260624_3x3_gen100_heldout_test,false,1
2760920.extern,extern,COMPLETED,0:0,2026-06-24T17:30:44,2026-06-24T17:30:44,2026-06-24T18:21:20,3036,"billing=8,cpu=8,gres/gpu:l40s=1,gres/gpu=1,gres/tmp=1073741824,mem=48G,node=1",,jnfat09,,,20260624_3x3_gen100_heldout_test,false,1
2760921,e3x3-fast-c100_u072_074,COMPLETED,0:0,2026-06-24T17:30:44,2026-06-24T17:30:44,2026-06-24T18:19:56,2952,"billing=8,cpu=8,gres/gpu:l40s=1,gres/gpu=1,gres/tmp=1073741824,mem=48G,node=1","billing=8,cpu=8,gres/gpu=1,gres/tmp=1073741824,mem=48G,node=1",jnfat09,standard,0,20260624_3x3_gen100_heldout_test,false,1
2760921.batch,batch,COMPLETED,0:0,2026-06-24T17:30:44,2026-06-24T17:30:44,2026-06-24T18:19:56,2952,"cpu=8,gres/gpu:l40s=1,gres/gpu=1,gres/tmp=1073741824,mem=48G,node=1",,jnfat09,,,20260624_3x3_gen100_heldout_test,false,1
2760921.extern,extern,COMPLETED,0:0,2026-06-24T17:30:44,2026-06-24T17:30:44,2026-06-24T18:19:56,2952,"billing=8,cpu=8,gres/gpu:l40s=1,gres/gpu=1,gres/tmp=1073741824,mem=48G,node=1",,jnfat09,,,20260624_3x3_gen100_heldout_test,false,1
2760922,e3x3-fast-img_u063_074,COMPLETED,0:0,2026-06-24T17:30:44,2026-06-24T17:30:44,2026-06-24T19:25:17,6873,"billing=8,cpu=8,gres/gpu:l40s=1,gres/gpu=1,gres/tmp=1073741824,mem=48G,node=1","billing=8,cpu=8,gres/gpu=1,gres/tmp=1073741824,mem=48G,node=1",jnfat09,standard,0,20260624_3x3_gen100_heldout_test,false,1
2760922.batch,batch,COMPLETED,0:0,2026-06-24T17:30:44,2026-06-24T17:30:44,2026-06-24T19:25:17,6873,"cpu=8,gres/gpu:l40s=1,gres/gpu=1,gres/tmp=1073741824,mem=48G,node=1",,jnfat09,,,20260624_3x3_gen100_heldout_test,false,1
2760922.extern,extern,COMPLETED,0:0,2026-06-24T17:30:44,2026-06-24T17:30:44,2026-06-24T19:25:17,6873,"billing=8,cpu=8,gres/gpu:l40s=1,gres/gpu=1,gres/tmp=1073741824,mem=48G,node=1",,jnfat09,,,20260624_3x3_gen100_heldout_test,false,1
2760923,e3x3-merge,COMPLETED,0:0,2026-06-24T17:30:44,2026-06-24T21:24:56,2026-06-24T21:25:33,37,"billing=4,cpu=4,gres/tmp=1073741824,mem=16G,node=1","billing=4,cpu=4,gres/tmp=1073741824,mem=16G,node=1",jn001,small_cpu,0,20260624_3x3_gen100_heldout_test,false,
2760923.batch,batch,COMPLETED,0:0,2026-06-24T21:24:56,2026-06-24T21:24:56,2026-06-24T21:25:33,37,"cpu=4,gres/tmp=1073741824,mem=16G,node=1",,jn001,,,20260624_3x3_gen100_heldout_test,false,
2760923.extern,extern,COMPLETED,0:0,2026-06-24T21:24:56,2026-06-24T21:24:56,2026-06-24T21:25:33,37,"billing=4,cpu=4,gres/tmp=1073741824,mem=16G,node=1",,jn001,,,20260624_3x3_gen100_heldout_test,false,
2760934,abl-no_diversity_bonus-s777,COMPLETED,0:0,2026-06-24T17:56:38,2026-06-24T17:57:09,2026-06-25T13:52:43,71734,"billing=32,cpu=32,gres/gpu:h100=4,gres/gpu=4,gres/tmp=1073741824,mem=160G,node=1","billing=32,cpu=32,gres/gpu=4,gres/tmp=1073741824,mem=160G,node=1",jnultra02,h100,0,20260624_1756_4pattern_a18_cifar10_e5_p3500_c1200_s800_h100x4_ablation_extra_no_diversity_bonus_seed777,true,4
2760934.batch,batch,COMPLETED,0:0,2026-06-24T17:57:09,2026-06-24T17:57:09,2026-06-25T13:52:43,71734,"cpu=32,gres/gpu:h100=4,gres/gpu=4,gres/tmp=1073741824,mem=160G,node=1",,jnultra02,,,20260624_1756_4pattern_a18_cifar10_e5_p3500_c1200_s800_h100x4_ablation_extra_no_diversity_bonus_seed777,true,4
2760934.extern,extern,COMPLETED,0:0,2026-06-24T17:57:09,2026-06-24T17:57:09,2026-06-25T13:52:44,71735,"billing=32,cpu=32,gres/gpu:h100=4,gres/gpu=4,gres/tmp=1073741824,mem=160G,node=1",,jnultra02,,,20260624_1756_4pattern_a18_cifar10_e5_p3500_c1200_s800_h100x4_ablation_extra_no_diversity_bonus_seed777,true,4
2760899,e3x3-catchup-c10_u050_059,COMPLETED,0:0,2026-06-24T18:27:53,2026-06-24T18:29:55,2026-06-24T21:24:56,10501,"billing=8,cpu=8,gres/gpu:l40s=1,gres/gpu=1,gres/tmp=1073741824,mem=48G,node=1","billing=8,cpu=8,gres/gpu=1,gres/tmp=1073741824,mem=48G,node=1",jnfat02,standard,1,20260624_3x3_gen100_heldout_test,false,1
2760899.batch,batch,COMPLETED,0:0,2026-06-24T18:29:55,2026-06-24T18:29:55,2026-06-24T21:24:56,10501,"cpu=8,gres/gpu:l40s=1,gres/gpu=1,gres/tmp=1073741824,mem=48G,node=1",,jnfat02,,,20260624_3x3_gen100_heldout_test,false,1
2760899.extern,extern,COMPLETED,0:0,2026-06-24T18:29:55,2026-06-24T18:29:55,2026-06-24T21:24:56,10501,"billing=8,cpu=8,gres/gpu:l40s=1,gres/gpu=1,gres/tmp=1073741824,mem=48G,node=1",,jnfat02,,,20260624_3x3_gen100_heldout_test,false,1
2760900,e3x3-catchup-img_u015_025,COMPLETED,0:0,2026-06-24T18:27:53,2026-06-24T18:29:55,2026-06-24T20:40:02,7807,"billing=8,cpu=8,gres/gpu:l40=1,gres/gpu=1,gres/tmp=1073741824,mem=48G,node=1","billing=8,cpu=8,gres/gpu=1,gres/tmp=1073741824,mem=48G,node=1",jn106,standard,1,20260624_3x3_gen100_heldout_test,false,1
2760900.batch,batch,COMPLETED,0:0,2026-06-24T18:29:55,2026-06-24T18:29:55,2026-06-24T20:40:02,7807,"cpu=8,gres/gpu:l40=1,gres/gpu=1,gres/tmp=1073741824,mem=48G,node=1",,jn106,,,20260624_3x3_gen100_heldout_test,false,1
2760900.extern,extern,COMPLETED,0:0,2026-06-24T18:29:55,2026-06-24T18:29:55,2026-06-24T20:40:02,7807,"billing=8,cpu=8,gres/gpu:l40=1,gres/gpu=1,gres/tmp=1073741824,mem=48G,node=1",,jn106,,,20260624_3x3_gen100_heldout_test,false,1
2760901,e3x3-catchup-img_u026_036,COMPLETED,0:0,2026-06-24T18:27:53,2026-06-24T18:29:55,2026-06-24T20:21:42,6707,"billing=8,cpu=8,gres/gpu:l40=1,gres/gpu=1,gres/tmp=1073741824,mem=48G,node=1","billing=8,cpu=8,gres/gpu=1,gres/tmp=1073741824,mem=48G,node=1",jn004,standard,1,20260624_3x3_gen100_heldout_test,false,1
2760901.batch,batch,COMPLETED,0:0,2026-06-24T18:29:55,2026-06-24T18:29:55,2026-06-24T20:21:42,6707,"cpu=8,gres/gpu:l40=1,gres/gpu=1,gres/tmp=1073741824,mem=48G,node=1",,jn004,,,20260624_3x3_gen100_heldout_test,false,1
2760901.extern,extern,COMPLETED,0:0,2026-06-24T18:29:55,2026-06-24T18:29:55,2026-06-24T20:21:42,6707,"billing=8,cpu=8,gres/gpu:l40=1,gres/gpu=1,gres/tmp=1073741824,mem=48G,node=1",,jn004,,,20260624_3x3_gen100_heldout_test,false,1
2760902,e3x3-catchup-img_u037_047,COMPLETED,0:0,2026-06-24T18:27:53,2026-06-24T18:29:55,2026-06-24T20:19:57,6602,"billing=8,cpu=8,gres/gpu:l40=1,gres/gpu=1,gres/tmp=1073741824,mem=48G,node=1","billing=8,cpu=8,gres/gpu=1,gres/tmp=1073741824,mem=48G,node=1",jn005,standard,1,20260624_3x3_gen100_heldout_test,false,1
2760902.batch,batch,COMPLETED,0:0,2026-06-24T18:29:55,2026-06-24T18:29:55,2026-06-24T20:19:57,6602,"cpu=8,gres/gpu:l40=1,gres/gpu=1,gres/tmp=1073741824,mem=48G,node=1",,jn005,,,20260624_3x3_gen100_heldout_test,false,1
2760902.extern,extern,COMPLETED,0:0,2026-06-24T18:29:55,2026-06-24T18:29:55,2026-06-24T20:19:57,6602,"billing=8,cpu=8,gres/gpu:l40=1,gres/gpu=1,gres/tmp=1073741824,mem=48G,node=1",,jn005,,,20260624_3x3_gen100_heldout_test,false,1
2760903,e3x3-catchup-img_u048_059,COMPLETED,0:0,2026-06-24T18:27:53,2026-06-24T18:29:55,2026-06-24T20:28:59,7144,"billing=8,cpu=8,gres/gpu:l40=1,gres/gpu=1,gres/tmp=1073741824,mem=48G,node=1","billing=8,cpu=8,gres/gpu=1,gres/tmp=1073741824,mem=48G,node=1",jn020,standard,1,20260624_3x3_gen100_heldout_test,false,1
2760903.batch,batch,COMPLETED,0:0,2026-06-24T18:29:55,2026-06-24T18:29:55,2026-06-24T20:28:59,7144,"cpu=8,gres/gpu:l40=1,gres/gpu=1,gres/tmp=1073741824,mem=48G,node=1",,jn020,,,20260624_3x3_gen100_heldout_test,false,1
2760903.extern,extern,COMPLETED,0:0,2026-06-24T18:29:55,2026-06-24T18:29:55,2026-06-24T20:28:59,7144,"billing=8,cpu=8,gres/gpu:l40=1,gres/gpu=1,gres/tmp=1073741824,mem=48G,node=1",,jn020,,,20260624_3x3_gen100_heldout_test,false,1
2771080,abl-no_repeat_penalty-s777,CANCELLED by 221940,0:0,2026-06-25T14:48:06,2026-06-25T14:48:06,2026-06-25T15:46:22,3496,"billing=32,cpu=32,gres/gpu:h100=4,gres/gpu=4,gres/tmp=1073741824,mem=160G,node=1","billing=32,cpu=32,gres/gpu=4,gres/tmp=1073741824,mem=160G,node=1",jnultra02,h100,0,20260625_1448_4pattern_a18_cifar10_e5_p3500_c1200_s800_h100x4_ablation_extra_no_repeat_penalty_seed777,false,4
2771080.batch,batch,FAILED,1:0,2026-06-25T14:48:06,2026-06-25T14:48:06,2026-06-25T15:46:30,3504,"cpu=32,gres/gpu:h100=4,gres/gpu=4,gres/tmp=1073741824,mem=160G,node=1",,jnultra02,,,20260625_1448_4pattern_a18_cifar10_e5_p3500_c1200_s800_h100x4_ablation_extra_no_repeat_penalty_seed777,false,4
2771080.extern,extern,COMPLETED,0:0,2026-06-25T14:48:06,2026-06-25T14:48:06,2026-06-25T15:46:30,3504,"billing=32,cpu=32,gres/gpu:h100=4,gres/gpu=4,gres/tmp=1073741824,mem=160G,node=1",,jnultra02,,,20260625_1448_4pattern_a18_cifar10_e5_p3500_c1200_s800_h100x4_ablation_extra_no_repeat_penalty_seed777,false,4
2771489,abl-no_repeat_penalty-s777,COMPLETED,0:0,2026-06-25T15:35:28,2026-06-25T15:46:31,2026-06-26T02:29:18,38567,"billing=32,cpu=32,gres/gpu:h100=8,gres/gpu=8,gres/tmp=1073741824,mem=160G,node=1","billing=32,cpu=32,gres/gpu=8,gres/tmp=1073741824,mem=160G,node=1",jnultra02,h100,0,20260625_1535_4pattern_a18_cifar10_e5_p3500_c1200_s800_h100x8_ablation_extra_no_repeat_penalty_seed777,true,8
2771489.batch,batch,COMPLETED,0:0,2026-06-25T15:46:31,2026-06-25T15:46:31,2026-06-26T02:29:18,38567,"cpu=32,gres/gpu:h100=8,gres/gpu=8,gres/tmp=1073741824,mem=160G,node=1",,jnultra02,,,20260625_1535_4pattern_a18_cifar10_e5_p3500_c1200_s800_h100x8_ablation_extra_no_repeat_penalty_seed777,true,8
2771489.extern,extern,COMPLETED,0:0,2026-06-25T15:46:31,2026-06-25T15:46:31,2026-06-26T02:29:18,38567,"billing=32,cpu=32,gres/gpu:h100=8,gres/gpu=8,gres/tmp=1073741824,mem=160G,node=1",,jnultra02,,,20260625_1535_4pattern_a18_cifar10_e5_p3500_c1200_s800_h100x8_ablation_extra_no_repeat_penalty_seed777,true,8
2775189,rc3x3-brute-gen,COMPLETED,0:0,2026-06-26T06:19:58,2026-06-26T06:19:58,2026-06-26T06:20:06,8,"billing=2,cpu=2,gres/tmp=1073741824,mem=4G,node=1","billing=1,cpu=1,gres/tmp=1073741824,mem=2G,node=1",jn005,small_cpu,0,20260626_rc_sampler_3x3_heldout_e1,false,
2775189.batch,batch,COMPLETED,0:0,2026-06-26T06:19:58,2026-06-26T06:19:58,2026-06-26T06:20:06,8,"cpu=2,gres/tmp=1073741824,mem=4G,node=1",,jn005,,,20260626_rc_sampler_3x3_heldout_e1,false,
2775189.extern,extern,COMPLETED,0:0,2026-06-26T06:19:58,2026-06-26T06:19:58,2026-06-26T06:20:06,8,"billing=2,cpu=2,gres/tmp=1073741824,mem=4G,node=1",,jn005,,,20260626_rc_sampler_3x3_heldout_e1,false,
2775190,rc3x3-cifar10,CANCELLED by 221940,0:0,2026-06-26T06:19:58,2026-06-26T06:20:06,2026-06-26T07:04:58,2692,"billing=24,cpu=24,gres/gpu:h100=4,gres/gpu=4,gres/tmp=1073741824,mem=120G,node=1","billing=24,cpu=24,gres/gpu=4,gres/tmp=1073741824,mem=120G,node=1",jnultra02,h100,0,20260626_rc_sampler_3x3_heldout_e1,false,4
2775190.batch,batch,CANCELLED,0:15,2026-06-26T06:20:06,2026-06-26T06:20:06,2026-06-26T07:05:01,2695,"cpu=24,gres/gpu:h100=4,gres/gpu=4,gres/tmp=1073741824,mem=120G,node=1",,jnultra02,,,20260626_rc_sampler_3x3_heldout_e1,false,4
2775190.extern,extern,COMPLETED,0:0,2026-06-26T06:20:06,2026-06-26T06:20:06,2026-06-26T07:05:02,2696,"billing=24,cpu=24,gres/gpu:h100=4,gres/gpu=4,gres/tmp=1073741824,mem=120G,node=1",,jnultra02,,,20260626_rc_sampler_3x3_heldout_e1,false,4
2775191,rc3x3-cifar100,COMPLETED,0:0,2026-06-26T06:19:58,2026-06-26T06:20:06,2026-06-26T07:34:26,4460,"billing=24,cpu=24,gres/gpu:h100=4,gres/gpu=4,gres/tmp=1073741824,mem=120G,node=1","billing=24,cpu=24,gres/gpu=4,gres/tmp=1073741824,mem=120G,node=1",jnultra02,h100,0,20260626_rc_sampler_3x3_heldout_e1,false,4
2775191.batch,batch,COMPLETED,0:0,2026-06-26T06:20:06,2026-06-26T06:20:06,2026-06-26T07:34:26,4460,"cpu=24,gres/gpu:h100=4,gres/gpu=4,gres/tmp=1073741824,mem=120G,node=1",,jnultra02,,,20260626_rc_sampler_3x3_heldout_e1,false,4
2775191.extern,extern,COMPLETED,0:0,2026-06-26T06:20:06,2026-06-26T06:20:06,2026-06-26T07:34:26,4460,"billing=24,cpu=24,gres/gpu:h100=4,gres/gpu=4,gres/tmp=1073741824,mem=120G,node=1",,jnultra02,,,20260626_rc_sampler_3x3_heldout_e1,false,4
2775202,rc3x3-imagenette-l40s,COMPLETED,0:0,2026-06-26T06:24:43,2026-06-26T06:24:43,2026-06-26T07:03:03,2300,"billing=24,cpu=24,gres/gpu:l40s=4,gres/gpu=4,gres/tmp=1073741824,mem=120G,node=1","billing=24,cpu=24,gres/gpu=4,gres/tmp=1073741824,mem=120G,node=1",jnfat07,gpu_computervision_long,0,20260626_rc_sampler_3x3_heldout_e1,false,4
2775202.batch,batch,COMPLETED,0:0,2026-06-26T06:24:43,2026-06-26T06:24:43,2026-06-26T07:03:03,2300,"cpu=24,gres/gpu:l40s=4,gres/gpu=4,gres/tmp=1073741824,mem=120G,node=1",,jnfat07,,,20260626_rc_sampler_3x3_heldout_e1,false,4
2775202.extern,extern,COMPLETED,0:0,2026-06-26T06:24:43,2026-06-26T06:24:43,2026-06-26T07:03:03,2300,"billing=24,cpu=24,gres/gpu:l40s=4,gres/gpu=4,gres/tmp=1073741824,mem=120G,node=1",,jnfat07,,,20260626_rc_sampler_3x3_heldout_e1,false,4
2775247,rc3x3-c10-000_024,COMPLETED,0:0,2026-06-26T07:05:40,2026-06-26T07:05:40,2026-06-26T07:46:59,2479,"billing=8,cpu=8,gres/gpu:h100=1,gres/gpu=1,gres/tmp=1073741824,mem=40G,node=1","billing=8,cpu=8,gres/gpu=1,gres/tmp=1073741824,mem=40G,node=1",jnultra02,h100,0,20260626_rc_sampler_3x3_heldout_e1,false,1
2775247.batch,batch,COMPLETED,0:0,2026-06-26T07:05:40,2026-06-26T07:05:40,2026-06-26T07:46:59,2479,"cpu=8,gres/gpu:h100=1,gres/gpu=1,gres/tmp=1073741824,mem=40G,node=1",,jnultra02,,,20260626_rc_sampler_3x3_heldout_e1,false,1
2775247.extern,extern,COMPLETED,0:0,2026-06-26T07:05:40,2026-06-26T07:05:40,2026-06-26T07:46:59,2479,"billing=8,cpu=8,gres/gpu:h100=1,gres/gpu=1,gres/tmp=1073741824,mem=40G,node=1",,jnultra02,,,20260626_rc_sampler_3x3_heldout_e1,false,1
2775248,rc3x3-c10-025_049,COMPLETED,0:0,2026-06-26T07:05:40,2026-06-26T07:05:40,2026-06-26T07:43:52,2292,"billing=8,cpu=8,gres/gpu:h100=1,gres/gpu=1,gres/tmp=1073741824,mem=40G,node=1","billing=8,cpu=8,gres/gpu=1,gres/tmp=1073741824,mem=40G,node=1",jnultra02,h100,0,20260626_rc_sampler_3x3_heldout_e1,false,1
2775248.batch,batch,COMPLETED,0:0,2026-06-26T07:05:40,2026-06-26T07:05:40,2026-06-26T07:43:52,2292,"cpu=8,gres/gpu:h100=1,gres/gpu=1,gres/tmp=1073741824,mem=40G,node=1",,jnultra02,,,20260626_rc_sampler_3x3_heldout_e1,false,1
2775248.extern,extern,COMPLETED,0:0,2026-06-26T07:05:40,2026-06-26T07:05:40,2026-06-26T07:43:52,2292,"billing=8,cpu=8,gres/gpu:h100=1,gres/gpu=1,gres/tmp=1073741824,mem=40G,node=1",,jnultra02,,,20260626_rc_sampler_3x3_heldout_e1,false,1
2775249,rc3x3-c10-050_074,COMPLETED,0:0,2026-06-26T07:05:40,2026-06-26T07:05:41,2026-06-26T07:43:58,2297,"billing=8,cpu=8,gres/gpu:h100=1,gres/gpu=1,gres/tmp=1073741824,mem=40G,node=1","billing=8,cpu=8,gres/gpu=1,gres/tmp=1073741824,mem=40G,node=1",jnultra02,h100,0,20260626_rc_sampler_3x3_heldout_e1,false,1
2775249.batch,batch,COMPLETED,0:0,2026-06-26T07:05:41,2026-06-26T07:05:41,2026-06-26T07:43:58,2297,"cpu=8,gres/gpu:h100=1,gres/gpu=1,gres/tmp=1073741824,mem=40G,node=1",,jnultra02,,,20260626_rc_sampler_3x3_heldout_e1,false,1
2775249.extern,extern,COMPLETED,0:0,2026-06-26T07:05:41,2026-06-26T07:05:41,2026-06-26T07:43:58,2297,"billing=8,cpu=8,gres/gpu:h100=1,gres/gpu=1,gres/tmp=1073741824,mem=40G,node=1",,jnultra02,,,20260626_rc_sampler_3x3_heldout_e1,false,1
2775250,rc3x3-c10-075_099,COMPLETED,0:0,2026-06-26T07:05:40,2026-06-26T07:05:41,2026-06-26T07:46:40,2459,"billing=8,cpu=8,gres/gpu:h100=1,gres/gpu=1,gres/tmp=1073741824,mem=40G,node=1","billing=8,cpu=8,gres/gpu=1,gres/tmp=1073741824,mem=40G,node=1",jnultra02,h100,0,20260626_rc_sampler_3x3_heldout_e1,false,1
2775250.batch,batch,COMPLETED,0:0,2026-06-26T07:05:41,2026-06-26T07:05:41,2026-06-26T07:46:40,2459,"cpu=8,gres/gpu:h100=1,gres/gpu=1,gres/tmp=1073741824,mem=40G,node=1",,jnultra02,,,20260626_rc_sampler_3x3_heldout_e1,false,1
2775250.extern,extern,COMPLETED,0:0,2026-06-26T07:05:41,2026-06-26T07:05:41,2026-06-26T07:46:40,2459,"billing=8,cpu=8,gres/gpu:h100=1,gres/gpu=1,gres/tmp=1073741824,mem=40G,node=1",,jnultra02,,,20260626_rc_sampler_3x3_heldout_e1,false,1
2776904,abl-full_reward-s114,COMPLETED,0:0,2026-06-26T18:59:46,2026-06-26T18:59:46,2026-06-26T20:56:51,7025,"billing=32,cpu=32,gres/gpu:h100=4,gres/gpu=4,gres/tmp=1073741824,mem=160G,node=1","billing=32,cpu=32,gres/gpu=4,gres/tmp=1073741824,mem=160G,node=1",jnultra01,h100,0,20260627_4pattern_a18_cifar10_e5_p3500_c1200_s100_h100x4_shared_full_full_reward_seed114,true,4
2776904.batch,batch,COMPLETED,0:0,2026-06-26T18:59:46,2026-06-26T18:59:46,2026-06-26T20:56:51,7025,"cpu=32,gres/gpu:h100=4,gres/gpu=4,gres/tmp=1073741824,mem=160G,node=1",,jnultra01,,,20260627_4pattern_a18_cifar10_e5_p3500_c1200_s100_h100x4_shared_full_full_reward_seed114,true,4
2776904.extern,extern,COMPLETED,0:0,2026-06-26T18:59:46,2026-06-26T18:59:46,2026-06-26T20:56:51,7025,"billing=32,cpu=32,gres/gpu:h100=4,gres/gpu=4,gres/tmp=1073741824,mem=160G,node=1",,jnultra01,,,20260627_4pattern_a18_cifar10_e5_p3500_c1200_s100_h100x4_shared_full_full_reward_seed114,true,4
2776906,abl-full_reward-s514,COMPLETED,0:0,2026-06-26T18:59:46,2026-06-26T18:59:47,2026-06-27T06:43:19,42212,"billing=32,cpu=32,gres/gpu:h100=4,gres/gpu=4,gres/tmp=1073741824,mem=160G,node=1","billing=32,cpu=32,gres/gpu=4,gres/tmp=1073741824,mem=160G,node=1",jnultra01,h100,0,20260627_4pattern_a18_cifar10_e5_p3500_c1200_s100_h100x4_shared_full_full_reward_seed514,true,4
2776906.batch,batch,COMPLETED,0:0,2026-06-26T18:59:47,2026-06-26T18:59:47,2026-06-27T06:43:19,42212,"cpu=32,gres/gpu:h100=4,gres/gpu=4,gres/tmp=1073741824,mem=160G,node=1",,jnultra01,,,20260627_4pattern_a18_cifar10_e5_p3500_c1200_s100_h100x4_shared_full_full_reward_seed514,true,4
2776906.extern,extern,COMPLETED,0:0,2026-06-26T18:59:47,2026-06-26T18:59:47,2026-06-27T06:43:19,42212,"billing=32,cpu=32,gres/gpu:h100=4,gres/gpu=4,gres/tmp=1073741824,mem=160G,node=1",,jnultra01,,,20260627_4pattern_a18_cifar10_e5_p3500_c1200_s100_h100x4_shared_full_full_reward_seed514,true,4
2776908,abl-full_reward-s114,COMPLETED,0:0,2026-06-26T19:00:12,2026-06-26T20:56:51,2026-06-27T06:47:45,35454,"billing=32,cpu=32,gres/gpu:h100=4,gres/gpu=4,gres/tmp=1073741824,mem=160G,node=1","billing=32,cpu=32,gres/gpu=4,gres/tmp=1073741824,mem=160G,node=1",jnultra01,h100,0,20260627_1pattern_a9_cifar10_e5_p3500_c1200_s100_h100x4_shared_full_full_reward_seed114,true,4
2776908.batch,batch,COMPLETED,0:0,2026-06-26T20:56:51,2026-06-26T20:56:51,2026-06-27T06:47:45,35454,"cpu=32,gres/gpu:h100=4,gres/gpu=4,gres/tmp=1073741824,mem=160G,node=1",,jnultra01,,,20260627_1pattern_a9_cifar10_e5_p3500_c1200_s100_h100x4_shared_full_full_reward_seed114,true,4
2776908.extern,extern,COMPLETED,0:0,2026-06-26T20:56:51,2026-06-26T20:56:51,2026-06-27T06:47:45,35454,"billing=32,cpu=32,gres/gpu:h100=4,gres/gpu=4,gres/tmp=1073741824,mem=160G,node=1",,jnultra01,,,20260627_1pattern_a9_cifar10_e5_p3500_c1200_s100_h100x4_shared_full_full_reward_seed114,true,4
2776910,abl-full_reward-s514,COMPLETED,0:0,2026-06-26T19:00:13,2026-06-26T23:00:18,2026-06-27T10:07:07,40009,"billing=32,cpu=32,gres/gpu:h100=4,gres/gpu=4,gres/tmp=1073741824,mem=160G,node=1","billing=32,cpu=32,gres/gpu=4,gres/tmp=1073741824,mem=160G,node=1",jnultra02,h100,0,20260627_1pattern_a9_cifar10_e5_p3500_c1200_s100_h100x4_shared_full_full_reward_seed514,true,4
2776910.batch,batch,COMPLETED,0:0,2026-06-26T23:00:18,2026-06-26T23:00:18,2026-06-27T10:07:07,40009,"cpu=32,gres/gpu:h100=4,gres/gpu=4,gres/tmp=1073741824,mem=160G,node=1",,jnultra02,,,20260627_1pattern_a9_cifar10_e5_p3500_c1200_s100_h100x4_shared_full_full_reward_seed514,true,4
2776910.extern,extern,COMPLETED,0:0,2026-06-26T23:00:18,2026-06-26T23:00:18,2026-06-27T10:07:07,40009,"billing=32,cpu=32,gres/gpu:h100=4,gres/gpu=4,gres/tmp=1073741824,mem=160G,node=1",,jnultra02,,,20260627_1pattern_a9_cifar10_e5_p3500_c1200_s100_h100x4_shared_full_full_reward_seed514,true,4
2777817,abl-full_reward-s919,COMPLETED,0:0,2026-06-27T10:51:20,2026-06-27T10:51:20,2026-06-27T20:23:09,34309,"billing=32,cpu=32,gres/gpu:h100=4,gres/gpu=4,gres/tmp=1073741824,mem=160G,node=1","billing=32,cpu=32,gres/gpu=4,gres/tmp=1073741824,mem=160G,node=1",jnultra01,h100,0,20260627_4pattern_a18_cifar10_e5_p3500_c1200_s100_h100x4_shared_full_full_reward_seed919,true,4
2777817.batch,batch,COMPLETED,0:0,2026-06-27T10:51:20,2026-06-27T10:51:20,2026-06-27T20:23:09,34309,"cpu=32,gres/gpu:h100=4,gres/gpu=4,gres/tmp=1073741824,mem=160G,node=1",,jnultra01,,,20260627_4pattern_a18_cifar10_e5_p3500_c1200_s100_h100x4_shared_full_full_reward_seed919,true,4
2777817.extern,extern,COMPLETED,0:0,2026-06-27T10:51:20,2026-06-27T10:51:20,2026-06-27T20:23:10,34310,"billing=32,cpu=32,gres/gpu:h100=4,gres/gpu=4,gres/tmp=1073741824,mem=160G,node=1",,jnultra01,,,20260627_4pattern_a18_cifar10_e5_p3500_c1200_s100_h100x4_shared_full_full_reward_seed919,true,4
2777842,tunerl-1p_full_s919,COMPLETED,0:0,2026-06-27T12:17:48,2026-06-27T12:17:48,2026-06-28T02:37:23,51575,"billing=32,cpu=32,gres/gpu:h100=4,gres/gpu=4,gres/tmp=1073741824,mem=160G,node=1","billing=32,cpu=32,gres/gpu=4,gres/tmp=1073741824,mem=160G,node=1",jnultra01,h100,0,20260627_1pattern_a9_cifar10_e5_p3500_c1200_s100_h100x4_shared_full_full_reward_seed919,true,4
2777842.batch,batch,COMPLETED,0:0,2026-06-27T12:17:48,2026-06-27T12:17:48,2026-06-28T02:37:23,51575,"cpu=32,gres/gpu:h100=4,gres/gpu=4,gres/tmp=1073741824,mem=160G,node=1",,jnultra01,,,20260627_1pattern_a9_cifar10_e5_p3500_c1200_s100_h100x4_shared_full_full_reward_seed919,true,4
2777842.extern,extern,COMPLETED,0:0,2026-06-27T12:17:48,2026-06-27T12:17:48,2026-06-28T02:37:23,51575,"billing=32,cpu=32,gres/gpu:h100=4,gres/gpu=4,gres/tmp=1073741824,mem=160G,node=1",,jnultra01,,,20260627_1pattern_a9_cifar10_e5_p3500_c1200_s100_h100x4_shared_full_full_reward_seed919,true,4
2791416,qwen-c10-e5-s42,FAILED,2:0,2026-07-03T17:59:47,2026-07-03T19:00:04,2026-07-03T19:00:04,0,"billing=32,cpu=32,gres/gpu:h100=4,gres/gpu=4,gres/tmp=1073741824,mem=160G,node=1","billing=32,cpu=32,gres/gpu=4,gres/tmp=1073741824,mem=160G,node=1",jnultra01,h100,0,20260703_qwen_cifar10_e5_seed42,false,4
2791416.batch,batch,FAILED,2:0,2026-07-03T19:00:04,2026-07-03T19:00:04,2026-07-03T19:00:04,0,"cpu=32,gres/gpu:h100=4,gres/gpu=4,gres/tmp=1073741824,mem=160G,node=1",,jnultra01,,,20260703_qwen_cifar10_e5_seed42,false,4
2791416.extern,extern,COMPLETED,0:0,2026-07-03T19:00:04,2026-07-03T19:00:04,2026-07-03T19:00:04,0,"billing=32,cpu=32,gres/gpu:h100=4,gres/gpu=4,gres/tmp=1073741824,mem=160G,node=1",,jnultra01,,,20260703_qwen_cifar10_e5_seed42,false,4
2791417,qwen-c10-e5-s123,FAILED,2:0,2026-07-03T17:59:47,2026-07-03T19:00:04,2026-07-03T19:00:05,1,"billing=32,cpu=32,gres/gpu:h100=4,gres/gpu=4,gres/tmp=1073741824,mem=160G,node=1","billing=32,cpu=32,gres/gpu=4,gres/tmp=1073741824,mem=160G,node=1",jnultra01,h100,0,20260703_qwen_cifar10_e5_seed123,false,4
2791417.batch,batch,FAILED,2:0,2026-07-03T19:00:04,2026-07-03T19:00:04,2026-07-03T19:00:05,1,"cpu=32,gres/gpu:h100=4,gres/gpu=4,gres/tmp=1073741824,mem=160G,node=1",,jnultra01,,,20260703_qwen_cifar10_e5_seed123,false,4
2791417.extern,extern,COMPLETED,0:0,2026-07-03T19:00:04,2026-07-03T19:00:04,2026-07-03T19:00:05,1,"billing=32,cpu=32,gres/gpu:h100=4,gres/gpu=4,gres/tmp=1073741824,mem=160G,node=1",,jnultra01,,,20260703_qwen_cifar10_e5_seed123,false,4
2791418,qwen-c10-e5-s777,FAILED,2:0,2026-07-03T17:59:47,2026-07-03T19:00:05,2026-07-03T19:00:05,0,"billing=32,cpu=32,gres/gpu:h100=4,gres/gpu=4,gres/tmp=1073741824,mem=160G,node=1","billing=32,cpu=32,gres/gpu=4,gres/tmp=1073741824,mem=160G,node=1",jnultra01,h100,0,20260703_qwen_cifar10_e5_seed777,false,4
2791418.batch,batch,FAILED,2:0,2026-07-03T19:00:05,2026-07-03T19:00:05,2026-07-03T19:00:05,0,"cpu=32,gres/gpu:h100=4,gres/gpu=4,gres/tmp=1073741824,mem=160G,node=1",,jnultra01,,,20260703_qwen_cifar10_e5_seed777,false,4
2791418.extern,extern,COMPLETED,0:0,2026-07-03T19:00:05,2026-07-03T19:00:05,2026-07-03T19:00:05,0,"billing=32,cpu=32,gres/gpu:h100=4,gres/gpu=4,gres/tmp=1073741824,mem=160G,node=1",,jnultra01,,,20260703_qwen_cifar10_e5_seed777,false,4
2791927,qwen-c10-e5-s42,COMPLETED,0:0,2026-07-04T04:24:52,2026-07-04T04:24:52,2026-07-04T15:16:57,39125,"billing=32,cpu=32,gres/gpu:h100=4,gres/gpu=4,gres/tmp=1073741824,mem=160G,node=1","billing=32,cpu=32,gres/gpu=4,gres/tmp=1073741824,mem=160G,node=1",jnultra01,h100,0,20260704_qwen_cifar10_e5_seed42,true,4
2791927.batch,batch,COMPLETED,0:0,2026-07-04T04:24:52,2026-07-04T04:24:52,2026-07-04T15:16:57,39125,"cpu=32,gres/gpu:h100=4,gres/gpu=4,gres/tmp=1073741824,mem=160G,node=1",,jnultra01,,,20260704_qwen_cifar10_e5_seed42,true,4
2791927.extern,extern,COMPLETED,0:0,2026-07-04T04:24:52,2026-07-04T04:24:52,2026-07-04T15:16:58,39126,"billing=32,cpu=32,gres/gpu:h100=4,gres/gpu=4,gres/tmp=1073741824,mem=160G,node=1",,jnultra01,,,20260704_qwen_cifar10_e5_seed42,true,4
2791928,qwen-c10-e5-s123,COMPLETED,0:0,2026-07-04T04:24:52,2026-07-04T04:41:11,2026-07-05T03:29:06,82075,"billing=32,cpu=32,gres/gpu:h100=4,gres/gpu=4,gres/tmp=1073741824,mem=160G,node=1","billing=32,cpu=32,gres/gpu=4,gres/tmp=1073741824,mem=160G,node=1",jnultra01,h100,0,20260704_qwen_cifar10_e5_seed123,true,4
2791928.batch,batch,COMPLETED,0:0,2026-07-04T04:41:11,2026-07-04T04:41:11,2026-07-05T03:29:06,82075,"cpu=32,gres/gpu:h100=4,gres/gpu=4,gres/tmp=1073741824,mem=160G,node=1",,jnultra01,,,20260704_qwen_cifar10_e5_seed123,true,4
2791928.extern,extern,COMPLETED,0:0,2026-07-04T04:41:11,2026-07-04T04:41:11,2026-07-05T03:29:06,82075,"billing=32,cpu=32,gres/gpu:h100=4,gres/gpu=4,gres/tmp=1073741824,mem=160G,node=1",,jnultra01,,,20260704_qwen_cifar10_e5_seed123,true,4
2791929,qwen-c10-e5-s777,TIMEOUT,0:0,2026-07-04T04:24:52,2026-07-04T05:13:26,2026-07-05T05:13:55,86429,"billing=32,cpu=32,gres/gpu:h100=4,gres/gpu=4,gres/tmp=1073741824,mem=160G,node=1","billing=32,cpu=32,gres/gpu=4,gres/tmp=1073741824,mem=160G,node=1",jnultra02,h100,0,20260704_qwen_cifar10_e5_seed777;20260704_qwen_cifar10_e5_seed777_backup_before_resume_20260705_1117,true,4
2791929.batch,batch,FAILED,1:0,2026-07-04T05:13:26,2026-07-04T05:13:26,2026-07-05T05:14:06,86440,"cpu=32,gres/gpu:h100=4,gres/gpu=4,gres/tmp=1073741824,mem=160G,node=1",,jnultra02,,,20260704_qwen_cifar10_e5_seed777;20260704_qwen_cifar10_e5_seed777_backup_before_resume_20260705_1117,true,4
2791929.extern,extern,COMPLETED,0:0,2026-07-04T05:13:26,2026-07-04T05:13:26,2026-07-05T05:14:15,86449,"billing=32,cpu=32,gres/gpu:h100=4,gres/gpu=4,gres/tmp=1073741824,mem=160G,node=1",,jnultra02,,,20260704_qwen_cifar10_e5_seed777;20260704_qwen_cifar10_e5_seed777_backup_before_resume_20260705_1117,true,4
2793551,qwen-c10-e5-s777-resume,FAILED,0:15,2026-07-05T11:16:08,2026-07-05T11:16:08,2026-07-05T11:16:51,43,"billing=32,cpu=32,gres/gpu:h100=4,gres/gpu=4,gres/tmp=1073741824,mem=160G,node=1","billing=32,cpu=32,gres/gpu=4,gres/tmp=1073741824,mem=160G,node=1",jnultra02,h100,0,20260704_qwen_cifar10_e5_seed777;20260704_qwen_cifar10_e5_seed777_backup_before_resume_20260705_1117,true,4
2793551.batch,batch,CANCELLED,0:15,2026-07-05T11:16:08,2026-07-05T11:16:08,2026-07-05T11:16:51,43,"cpu=32,gres/gpu:h100=4,gres/gpu=4,gres/tmp=1073741824,mem=160G,node=1",,jnultra02,,,20260704_qwen_cifar10_e5_seed777;20260704_qwen_cifar10_e5_seed777_backup_before_resume_20260705_1117,true,4
2793551.extern,extern,COMPLETED,0:0,2026-07-05T11:16:08,2026-07-05T11:16:08,2026-07-05T11:16:51,43,"billing=32,cpu=32,gres/gpu:h100=4,gres/gpu=4,gres/tmp=1073741824,mem=160G,node=1",,jnultra02,,,20260704_qwen_cifar10_e5_seed777;20260704_qwen_cifar10_e5_seed777_backup_before_resume_20260705_1117,true,4
2793555,qwen-c10-e5-s777-resume,FAILED,1:0,2026-07-05T11:19:43,2026-07-05T11:19:43,2026-07-05T11:21:58,135,"billing=32,cpu=32,gres/gpu:h100=4,gres/gpu=4,gres/tmp=1073741824,mem=160G,node=1","billing=32,cpu=32,gres/gpu=4,gres/tmp=1073741824,mem=160G,node=1",jnultra02,h100,0,20260704_qwen_cifar10_e5_seed777,true,4
2793555.batch,batch,FAILED,1:0,2026-07-05T11:19:43,2026-07-05T11:19:43,2026-07-05T11:21:58,135,"cpu=32,gres/gpu:h100=4,gres/gpu=4,gres/tmp=1073741824,mem=160G,node=1",,jnultra02,,,20260704_qwen_cifar10_e5_seed777,true,4
2793555.extern,extern,COMPLETED,0:0,2026-07-05T11:19:43,2026-07-05T11:19:43,2026-07-05T11:21:58,135,"billing=32,cpu=32,gres/gpu:h100=4,gres/gpu=4,gres/tmp=1073741824,mem=160G,node=1",,jnultra02,,,20260704_qwen_cifar10_e5_seed777,true,4
2793568,qwen-c10-e5-s777-resume,COMPLETED,0:0,2026-07-05T11:30:05,2026-07-05T11:30:05,2026-07-05T12:34:04,3839,"billing=32,cpu=32,gres/gpu:h100=4,gres/gpu=4,gres/tmp=1073741824,mem=160G,node=1","billing=32,cpu=32,gres/gpu=4,gres/tmp=1073741824,mem=160G,node=1",jnultra02,h100,0,20260704_qwen_cifar10_e5_seed777,true,4
2793568.batch,batch,COMPLETED,0:0,2026-07-05T11:30:05,2026-07-05T11:30:05,2026-07-05T12:34:04,3839,"cpu=32,gres/gpu:h100=4,gres/gpu=4,gres/tmp=1073741824,mem=160G,node=1",,jnultra02,,,20260704_qwen_cifar10_e5_seed777,true,4
2793568.extern,extern,COMPLETED,0:0,2026-07-05T11:30:05,2026-07-05T11:30:05,2026-07-05T12:34:04,3839,"billing=32,cpu=32,gres/gpu:h100=4,gres/gpu=4,gres/tmp=1073741824,mem=160G,node=1",,jnultra02,,,20260704_qwen_cifar10_e5_seed777,true,4
2866647,rl-1p-c100-s42,COMPLETED,0:0,2026-07-17T19:07:39,2026-07-17T19:07:39,2026-07-18T13:00:43,64384,"billing=32,cpu=32,gres/gpu:h100=4,gres/gpu=4,gres/tmp=1073741824,mem=160G,node=1","billing=32,cpu=32,gres/gpu=4,gres/tmp=1073741824,mem=160G,node=1",jnultra02,h100,0,20260718_1pattern_a9_cifar100_e5_p3500_c1200_s100_h100x4_shared_full_reward_seed42,true,4
2866647.batch,batch,COMPLETED,0:0,2026-07-17T19:07:39,2026-07-17T19:07:39,2026-07-18T13:00:43,64384,"cpu=32,gres/gpu:h100=4,gres/gpu=4,gres/tmp=1073741824,mem=160G,node=1",,jnultra02,,,20260718_1pattern_a9_cifar100_e5_p3500_c1200_s100_h100x4_shared_full_reward_seed42,true,4
2866647.extern,extern,COMPLETED,0:0,2026-07-17T19:07:39,2026-07-17T19:07:39,2026-07-18T13:00:43,64384,"billing=32,cpu=32,gres/gpu:h100=4,gres/gpu=4,gres/tmp=1073741824,mem=160G,node=1",,jnultra02,,,20260718_1pattern_a9_cifar100_e5_p3500_c1200_s100_h100x4_shared_full_reward_seed42,true,4
2878976,rl-1p-c100-s123,FAILED,1:0,2026-07-20T06:52:56,2026-07-20T06:53:02,2026-07-20T21:43:14,53412,"billing=32,cpu=32,gres/gpu:l40s=4,gres/gpu=4,gres/tmp=1073741824,mem=160G,node=1","billing=32,cpu=32,gres/gpu=4,gres/tmp=1073741824,mem=160G,node=1",jnfat07,gpu_computervision_long,0,20260720_1pattern_a9_cifar100_e5_p3500_c1200_s100_l40sx4_excl_full_reward_seed123,false,4
2878976.batch,batch,FAILED,1:0,2026-07-20T06:53:02,2026-07-20T06:53:02,2026-07-20T21:43:14,53412,"cpu=32,gres/gpu:l40s=4,gres/gpu=4,gres/tmp=1073741824,mem=160G,node=1",,jnfat07,,,20260720_1pattern_a9_cifar100_e5_p3500_c1200_s100_l40sx4_excl_full_reward_seed123,false,4
2878976.extern,extern,COMPLETED,0:0,2026-07-20T06:53:02,2026-07-20T06:53:02,2026-07-20T21:43:14,53412,"billing=32,cpu=32,gres/gpu:l40s=4,gres/gpu=4,gres/tmp=1073741824,mem=160G,node=1",,jnfat07,,,20260720_1pattern_a9_cifar100_e5_p3500_c1200_s100_l40sx4_excl_full_reward_seed123,false,4
2943044,rl-1p-c100-s123-rerun,COMPLETED,0:0,2026-07-23T12:46:14,2026-07-23T12:46:14,2026-07-24T00:55:48,43774,"billing=32,cpu=32,gres/gpu:h100=4,gres/gpu=4,gres/tmp=1073741824,mem=160G,node=1","billing=32,cpu=32,gres/gpu=4,gres/tmp=1073741824,mem=160G,node=1",jnultra02,h100,0,20260723_1pattern_a9_cifar100_e5_p3500_c1200_s100_h100x4_shared_full_reward_seed123_rerun,true,4
2943044.batch,batch,COMPLETED,0:0,2026-07-23T12:46:14,2026-07-23T12:46:14,2026-07-24T00:55:48,43774,"cpu=32,gres/gpu:h100=4,gres/gpu=4,gres/tmp=1073741824,mem=160G,node=1",,jnultra02,,,20260723_1pattern_a9_cifar100_e5_p3500_c1200_s100_h100x4_shared_full_reward_seed123_rerun,true,4
2943044.extern,extern,COMPLETED,0:0,2026-07-23T12:46:14,2026-07-23T12:46:14,2026-07-24T00:55:48,43774,"billing=32,cpu=32,gres/gpu:h100=4,gres/gpu=4,gres/tmp=1073741824,mem=160G,node=1",,jnultra02,,,20260723_1pattern_a9_cifar100_e5_p3500_c1200_s100_h100x4_shared_full_reward_seed123_rerun,true,4
2944149,rl-1p-c100-s777,COMPLETED,0:0,2026-07-23T12:51:06,2026-07-23T12:56:16,2026-07-24T11:34:04,81468,"billing=32,cpu=32,gres/gpu:h100=4,gres/gpu=4,gres/tmp=1073741824,mem=160G,node=1","billing=32,cpu=32,gres/gpu=4,gres/tmp=1073741824,mem=160G,node=1",jnultra02,h100,0,20260723_1pattern_a9_cifar100_e5_p3500_c1200_s100_h100x4_shared_full_reward_seed777,true,4
2944149.batch,batch,COMPLETED,0:0,2026-07-23T12:56:16,2026-07-23T12:56:16,2026-07-24T11:34:04,81468,"cpu=32,gres/gpu:h100=4,gres/gpu=4,gres/tmp=1073741824,mem=160G,node=1",,jnultra02,,,20260723_1pattern_a9_cifar100_e5_p3500_c1200_s100_h100x4_shared_full_reward_seed777,true,4
2944149.extern,extern,COMPLETED,0:0,2026-07-23T12:56:16,2026-07-23T12:56:16,2026-07-24T11:34:04,81468,"billing=32,cpu=32,gres/gpu:h100=4,gres/gpu=4,gres/tmp=1073741824,mem=160G,node=1",,jnultra02,,,20260723_1pattern_a9_cifar100_e5_p3500_c1200_s100_h100x4_shared_full_reward_seed777,true,4
2960907,rl-4p-c100-s42,PREEMPTED,0:0,2026-07-26T05:13:18,2026-07-26T08:19:33,2026-07-26T13:44:35,19502,"billing=32,cpu=32,gres/gpu:h100=4,gres/gpu=4,gres/tmp=1073741824,mem=160G,node=1","billing=32,cpu=32,gres/gpu=4,gres/tmp=1073741824,mem=160G,node=1",jnultra02,h100,0,20260726_4pattern_a18_cifar100_e5_p3500_c1200_s100_h100x4_shared_full_reward_seed42,true,4
2960907.batch,batch,FAILED,1:0,2026-07-26T08:19:33,2026-07-26T08:19:33,2026-07-26T13:44:40,19507,"cpu=32,gres/gpu:h100=4,gres/gpu=4,gres/tmp=1073741824,mem=160G,node=1",,jnultra02,,,20260726_4pattern_a18_cifar100_e5_p3500_c1200_s100_h100x4_shared_full_reward_seed42,true,4
2960907.extern,extern,COMPLETED,0:0,2026-07-26T08:19:33,2026-07-26T08:19:33,2026-07-26T13:29:49,18616,"billing=32,cpu=32,gres/gpu:h100=4,gres/gpu=4,gres/tmp=1073741824,mem=160G,node=1",,jnultra02,,,20260726_4pattern_a18_cifar100_e5_p3500_c1200_s100_h100x4_shared_full_reward_seed42,true,4
2960909,rl-4p-c100-s123,PREEMPTED,0:0,2026-07-26T05:13:18,2026-07-26T09:14:46,2026-07-26T15:59:01,24255,"billing=32,cpu=32,gres/gpu:h100=4,gres/gpu=4,gres/tmp=1073741824,mem=160G,node=1","billing=32,cpu=32,gres/gpu=4,gres/tmp=1073741824,mem=160G,node=1",jnultra01,h100,0,20260726_4pattern_a18_cifar100_e5_p3500_c1200_s100_h100x4_shared_full_reward_seed123,true,4
2960909.batch,batch,FAILED,1:0,2026-07-26T09:14:46,2026-07-26T09:14:46,2026-07-26T15:59:01,24255,"cpu=32,gres/gpu:h100=4,gres/gpu=4,gres/tmp=1073741824,mem=160G,node=1",,jnultra01,,,20260726_4pattern_a18_cifar100_e5_p3500_c1200_s100_h100x4_shared_full_reward_seed123,true,4
2960909.extern,extern,COMPLETED,0:0,2026-07-26T09:14:46,2026-07-26T09:14:46,2026-07-26T15:57:03,24137,"billing=32,cpu=32,gres/gpu:h100=4,gres/gpu=4,gres/tmp=1073741824,mem=160G,node=1",,jnultra01,,,20260726_4pattern_a18_cifar100_e5_p3500_c1200_s100_h100x4_shared_full_reward_seed123,true,4
2960911,rl-4p-c100-s777,PREEMPTED,0:0,2026-07-26T05:13:18,2026-07-26T09:49:39,2026-07-26T16:07:23,22664,"billing=32,cpu=32,gres/gpu:h100=4,gres/gpu=4,gres/tmp=1073741824,mem=160G,node=1","billing=32,cpu=32,gres/gpu=4,gres/tmp=1073741824,mem=160G,node=1",jnultra01,h100,0,20260726_4pattern_a18_cifar100_e5_p3500_c1200_s100_h100x4_shared_full_reward_seed777,true,4
2960911.batch,batch,FAILED,1:0,2026-07-26T09:49:39,2026-07-26T09:49:39,2026-07-26T16:07:23,22664,"cpu=32,gres/gpu:h100=4,gres/gpu=4,gres/tmp=1073741824,mem=160G,node=1",,jnultra01,,,20260726_4pattern_a18_cifar100_e5_p3500_c1200_s100_h100x4_shared_full_reward_seed777,true,4
2960911.extern,extern,COMPLETED,0:0,2026-07-26T09:49:39,2026-07-26T09:49:39,2026-07-26T16:07:08,22649,"billing=32,cpu=32,gres/gpu:h100=4,gres/gpu=4,gres/tmp=1073741824,mem=160G,node=1",,jnultra01,,,20260726_4pattern_a18_cifar100_e5_p3500_c1200_s100_h100x4_shared_full_reward_seed777,true,4
2960907,rl-4p-c100-s42,PREEMPTED,0:0,2026-07-26T13:44:40,2026-07-26T16:13:51,2026-07-26T16:15:25,94,"billing=32,cpu=32,gres/gpu:h100=4,gres/gpu=4,gres/tmp=1073741824,mem=160G,node=1","billing=32,cpu=32,gres/gpu=4,gres/tmp=1073741824,mem=160G,node=1",jnultra01,h100,1,20260726_4pattern_a18_cifar100_e5_p3500_c1200_s100_h100x4_shared_full_reward_seed42,true,4
2960907.batch,batch,FAILED,1:0,2026-07-26T16:13:51,2026-07-26T16:13:51,2026-07-26T16:15:25,94,"cpu=32,gres/gpu:h100=4,gres/gpu=4,gres/tmp=1073741824,mem=160G,node=1",,jnultra01,,,20260726_4pattern_a18_cifar100_e5_p3500_c1200_s100_h100x4_shared_full_reward_seed42,true,4
2960907.extern,extern,COMPLETED,0:0,2026-07-26T16:13:51,2026-07-26T16:13:51,2026-07-26T16:15:25,94,"billing=32,cpu=32,gres/gpu:h100=4,gres/gpu=4,gres/tmp=1073741824,mem=160G,node=1",,jnultra01,,,20260726_4pattern_a18_cifar100_e5_p3500_c1200_s100_h100x4_shared_full_reward_seed42,true,4
2960909,rl-4p-c100-s123,REQUEUED,0:0,2026-07-26T15:59:01,2026-07-26T16:15:25,2026-07-26T16:15:25,0,"billing=32,cpu=32,gres/gpu:h100=4,gres/gpu=4,gres/tmp=1073741824,mem=160G,node=1","billing=32,cpu=32,gres/gpu=4,gres/tmp=1073741824,mem=160G,node=1",jnultra01,h100,1,20260726_4pattern_a18_cifar100_e5_p3500_c1200_s100_h100x4_shared_full_reward_seed123,true,4
2960909.batch,batch,CANCELLED,,2026-07-26T16:15:25,2026-07-26T16:15:25,2026-07-26T16:15:25,0,"cpu=32,gres/gpu:h100=4,gres/gpu=4,gres/tmp=1073741824,mem=160G,node=1",,jnultra01,,,20260726_4pattern_a18_cifar100_e5_p3500_c1200_s100_h100x4_shared_full_reward_seed123,true,4
2960909.extern,extern,CANCELLED,,2026-07-26T16:15:25,2026-07-26T16:15:25,2026-07-26T16:15:25,0,"billing=32,cpu=32,gres/gpu:h100=4,gres/gpu=4,gres/tmp=1073741824,mem=160G,node=1",,jnultra01,,,20260726_4pattern_a18_cifar100_e5_p3500_c1200_s100_h100x4_shared_full_reward_seed123,true,4
2960911,rl-4p-c100-s777,REQUEUED,0:0,2026-07-26T16:07:23,2026-07-26T16:15:25,2026-07-26T16:15:25,0,"billing=32,cpu=32,gres/gpu:h100=4,gres/gpu=4,gres/tmp=1073741824,mem=160G,node=1","billing=32,cpu=32,gres/gpu=4,gres/tmp=1073741824,mem=160G,node=1",jnultra01,h100,1,20260726_4pattern_a18_cifar100_e5_p3500_c1200_s100_h100x4_shared_full_reward_seed777,true,4
2960911.batch,batch,CANCELLED,,2026-07-26T16:15:25,2026-07-26T16:15:25,2026-07-26T16:15:25,0,"cpu=32,gres/gpu:h100=4,gres/gpu=4,gres/tmp=1073741824,mem=160G,node=1",,jnultra01,,,20260726_4pattern_a18_cifar100_e5_p3500_c1200_s100_h100x4_shared_full_reward_seed777,true,4
2960911.extern,extern,CANCELLED,,2026-07-26T16:15:25,2026-07-26T16:15:25,2026-07-26T16:15:25,0,"billing=32,cpu=32,gres/gpu:h100=4,gres/gpu=4,gres/tmp=1073741824,mem=160G,node=1",,jnultra01,,,20260726_4pattern_a18_cifar100_e5_p3500_c1200_s100_h100x4_shared_full_reward_seed777,true,4
2960907,rl-4p-c100-s42,FAILED,1:0,2026-07-26T16:15:25,2026-07-26T16:18:00,2026-07-26T16:18:23,23,"billing=32,cpu=32,gres/gpu:h100=4,gres/gpu=4,gres/tmp=1073741824,mem=160G,node=1","billing=32,cpu=32,gres/gpu=4,gres/tmp=1073741824,mem=160G,node=1",jnultra01,h100,2,20260726_4pattern_a18_cifar100_e5_p3500_c1200_s100_h100x4_shared_full_reward_seed42,true,4
2960907.batch,batch,FAILED,1:0,2026-07-26T16:18:00,2026-07-26T16:18:00,2026-07-26T16:18:23,23,"cpu=32,gres/gpu:h100=4,gres/gpu=4,gres/tmp=1073741824,mem=160G,node=1",,jnultra01,,,20260726_4pattern_a18_cifar100_e5_p3500_c1200_s100_h100x4_shared_full_reward_seed42,true,4
2960907.extern,extern,COMPLETED,0:0,2026-07-26T16:18:00,2026-07-26T16:18:00,2026-07-26T16:18:23,23,"billing=32,cpu=32,gres/gpu:h100=4,gres/gpu=4,gres/tmp=1073741824,mem=160G,node=1",,jnultra01,,,20260726_4pattern_a18_cifar100_e5_p3500_c1200_s100_h100x4_shared_full_reward_seed42,true,4
2960909,rl-4p-c100-s123,CANCELLED by 221940,0:0,2026-07-26T16:15:25,None,2026-07-27T05:04:29,0,,"billing=32,cpu=32,gres/gpu=4,gres/tmp=1073741824,mem=160G,node=1",None assigned,h100,2,20260726_4pattern_a18_cifar100_e5_p3500_c1200_s100_h100x4_shared_full_reward_seed123,true,
2960911,rl-4p-c100-s777,CANCELLED by 221940,0:0,2026-07-26T16:15:25,None,2026-07-27T05:04:29,0,,"billing=32,cpu=32,gres/gpu=4,gres/tmp=1073741824,mem=160G,node=1",None assigned,h100,2,20260726_4pattern_a18_cifar100_e5_p3500_c1200_s100_h100x4_shared_full_reward_seed777,true,
2968439,rl-4p-c100-s42-r,PREEMPTED,0:0,2026-07-27T05:04:29,2026-07-27T06:30:59,2026-07-27T16:32:40,36101,"billing=32,cpu=32,gres/gpu:h100=4,gres/gpu=4,gres/tmp=1073741824,mem=160G,node=1","billing=32,cpu=32,gres/gpu=4,gres/tmp=1073741824,mem=160G,node=1",jnultra01,h100,0,20260726_4pattern_a18_cifar100_e5_p3500_c1200_s100_h100x4_shared_full_reward_seed42,true,4
2968439.batch,batch,FAILED,1:0,2026-07-27T06:30:59,2026-07-27T06:30:59,2026-07-27T16:32:40,36101,"cpu=32,gres/gpu:h100=4,gres/gpu=4,gres/tmp=1073741824,mem=160G,node=1",,jnultra01,,,20260726_4pattern_a18_cifar100_e5_p3500_c1200_s100_h100x4_shared_full_reward_seed42,true,4
2968439.extern,extern,COMPLETED,0:0,2026-07-27T06:30:59,2026-07-27T06:30:59,2026-07-27T16:32:26,36087,"billing=32,cpu=32,gres/gpu:h100=4,gres/gpu=4,gres/tmp=1073741824,mem=160G,node=1",,jnultra01,,,20260726_4pattern_a18_cifar100_e5_p3500_c1200_s100_h100x4_shared_full_reward_seed42,true,4
2968441,rl-4p-c100-s123-r,PREEMPTED,0:0,2026-07-27T05:05:19,2026-07-27T10:04:30,2026-07-27T16:34:02,23372,"billing=32,cpu=32,gres/gpu:h100=4,gres/gpu=4,gres/tmp=1073741824,mem=160G,node=1","billing=32,cpu=32,gres/gpu=4,gres/tmp=1073741824,mem=160G,node=1",jnultra01,h100,0,20260726_4pattern_a18_cifar100_e5_p3500_c1200_s100_h100x4_shared_full_reward_seed123,true,4
2968441.batch,batch,FAILED,1:0,2026-07-27T10:04:30,2026-07-27T10:04:30,2026-07-27T16:34:02,23372,"cpu=32,gres/gpu:h100=4,gres/gpu=4,gres/tmp=1073741824,mem=160G,node=1",,jnultra01,,,20260726_4pattern_a18_cifar100_e5_p3500_c1200_s100_h100x4_shared_full_reward_seed123,true,4
2968441.extern,extern,COMPLETED,0:0,2026-07-27T10:04:30,2026-07-27T10:04:30,2026-07-27T16:33:48,23358,"billing=32,cpu=32,gres/gpu:h100=4,gres/gpu=4,gres/tmp=1073741824,mem=160G,node=1",,jnultra01,,,20260726_4pattern_a18_cifar100_e5_p3500_c1200_s100_h100x4_shared_full_reward_seed123,true,4
2968443,rl-4p-c100-s777-r,PREEMPTED,0:0,2026-07-27T05:05:19,2026-07-27T11:51:50,2026-07-27T16:48:45,17815,"billing=32,cpu=32,gres/gpu:h100=4,gres/gpu=4,gres/tmp=1073741824,mem=160G,node=1","billing=32,cpu=32,gres/gpu=4,gres/tmp=1073741824,mem=160G,node=1",jnultra02,h100,0,20260726_4pattern_a18_cifar100_e5_p3500_c1200_s100_h100x4_shared_full_reward_seed777,true,4
2968443.batch,batch,FAILED,1:0,2026-07-27T11:51:50,2026-07-27T11:51:50,2026-07-27T16:48:50,17820,"cpu=32,gres/gpu:h100=4,gres/gpu=4,gres/tmp=1073741824,mem=160G,node=1",,jnultra02,,,20260726_4pattern_a18_cifar100_e5_p3500_c1200_s100_h100x4_shared_full_reward_seed777,true,4
2968443.extern,extern,COMPLETED,0:0,2026-07-27T11:51:50,2026-07-27T11:51:50,2026-07-27T16:33:54,16924,"billing=32,cpu=32,gres/gpu:h100=4,gres/gpu=4,gres/tmp=1073741824,mem=160G,node=1",,jnultra02,,,20260726_4pattern_a18_cifar100_e5_p3500_c1200_s100_h100x4_shared_full_reward_seed777,true,4
2968439,rl-4p-c100-s42-r,PREEMPTED,0:0,2026-07-27T16:32:40,2026-07-27T16:48:51,2026-07-27T18:35:29,6398,"billing=32,cpu=32,gres/gpu:h100=4,gres/gpu=4,gres/tmp=1073741824,mem=160G,node=1","billing=32,cpu=32,gres/gpu=4,gres/tmp=1073741824,mem=160G,node=1",jnultra02,h100,1,20260726_4pattern_a18_cifar100_e5_p3500_c1200_s100_h100x4_shared_full_reward_seed42,true,4
2968439.batch,batch,FAILED,1:0,2026-07-27T16:48:51,2026-07-27T16:48:51,2026-07-27T18:35:29,6398,"cpu=32,gres/gpu:h100=4,gres/gpu=4,gres/tmp=1073741824,mem=160G,node=1",,jnultra02,,,20260726_4pattern_a18_cifar100_e5_p3500_c1200_s100_h100x4_shared_full_reward_seed42,true,4
2968439.extern,extern,COMPLETED,0:0,2026-07-27T16:48:51,2026-07-27T16:48:51,2026-07-27T18:33:37,6286,"billing=32,cpu=32,gres/gpu:h100=4,gres/gpu=4,gres/tmp=1073741824,mem=160G,node=1",,jnultra02,,,20260726_4pattern_a18_cifar100_e5_p3500_c1200_s100_h100x4_shared_full_reward_seed42,true,4
2968441,rl-4p-c100-s123-r,PREEMPTED,0:0,2026-07-27T16:34:02,2026-07-27T17:30:21,2026-07-27T18:50:46,4825,"billing=32,cpu=32,gres/gpu:h100=4,gres/gpu=4,gres/tmp=1073741824,mem=160G,node=1","billing=32,cpu=32,gres/gpu=4,gres/tmp=1073741824,mem=160G,node=1",jnultra01,h100,1,20260726_4pattern_a18_cifar100_e5_p3500_c1200_s100_h100x4_shared_full_reward_seed123,true,4
2968441.batch,batch,FAILED,1:0,2026-07-27T17:30:21,2026-07-27T17:30:21,2026-07-27T18:50:50,4829,"cpu=32,gres/gpu:h100=4,gres/gpu=4,gres/tmp=1073741824,mem=160G,node=1",,jnultra01,,,20260726_4pattern_a18_cifar100_e5_p3500_c1200_s100_h100x4_shared_full_reward_seed123,true,4
2968441.extern,extern,COMPLETED,0:0,2026-07-27T17:30:21,2026-07-27T17:30:21,2026-07-27T18:35:59,3938,"billing=32,cpu=32,gres/gpu:h100=4,gres/gpu=4,gres/tmp=1073741824,mem=160G,node=1",,jnultra01,,,20260726_4pattern_a18_cifar100_e5_p3500_c1200_s100_h100x4_shared_full_reward_seed123,true,4
2968443,rl-4p-c100-s777-r,PREEMPTED,0:0,2026-07-27T16:48:51,2026-07-27T17:53:32,2026-07-27T18:57:16,3824,"billing=32,cpu=32,gres/gpu:h100=4,gres/gpu=4,gres/tmp=1073741824,mem=160G,node=1","billing=32,cpu=32,gres/gpu=4,gres/tmp=1073741824,mem=160G,node=1",jnultra01,h100,1,20260726_4pattern_a18_cifar100_e5_p3500_c1200_s100_h100x4_shared_full_reward_seed777,true,4
2968443.batch,batch,FAILED,1:0,2026-07-27T17:53:32,2026-07-27T17:53:32,2026-07-27T18:57:16,3824,"cpu=32,gres/gpu:h100=4,gres/gpu=4,gres/tmp=1073741824,mem=160G,node=1",,jnultra01,,,20260726_4pattern_a18_cifar100_e5_p3500_c1200_s100_h100x4_shared_full_reward_seed777,true,4
2968443.extern,extern,COMPLETED,0:0,2026-07-27T17:53:32,2026-07-27T17:53:32,2026-07-27T18:54:33,3661,"billing=32,cpu=32,gres/gpu:h100=4,gres/gpu=4,gres/tmp=1073741824,mem=160G,node=1",,jnultra01,,,20260726_4pattern_a18_cifar100_e5_p3500_c1200_s100_h100x4_shared_full_reward_seed777,true,4
2968439,rl-4p-c100-s42-r,REQUEUED,0:0,2026-07-27T18:35:29,2026-07-28T09:19:44,2026-07-28T09:19:44,0,"billing=32,cpu=32,gres/gpu:h100=4,gres/gpu=4,gres/tmp=1073741824,mem=160G,node=1","billing=32,cpu=32,gres/gpu=4,gres/tmp=1073741824,mem=160G,node=1",jnultra02,h100,2,20260726_4pattern_a18_cifar100_e5_p3500_c1200_s100_h100x4_shared_full_reward_seed42,true,4
2968439.batch,batch,CANCELLED,,2026-07-28T09:19:44,2026-07-28T09:19:44,2026-07-28T09:19:44,0,"cpu=32,gres/gpu:h100=4,gres/gpu=4,gres/tmp=1073741824,mem=160G,node=1",,jnultra02,,,20260726_4pattern_a18_cifar100_e5_p3500_c1200_s100_h100x4_shared_full_reward_seed42,true,4
2968439.extern,extern,CANCELLED,,2026-07-28T09:19:44,2026-07-28T09:19:44,2026-07-28T09:19:44,0,"billing=32,cpu=32,gres/gpu:h100=4,gres/gpu=4,gres/tmp=1073741824,mem=160G,node=1",,jnultra02,,,20260726_4pattern_a18_cifar100_e5_p3500_c1200_s100_h100x4_shared_full_reward_seed42,true,4
2968441,rl-4p-c100-s123-r,PREEMPTED,0:0,2026-07-27T18:50:50,2026-07-28T09:19:44,2026-07-28T09:19:44,0,"billing=32,cpu=32,gres/gpu:h100=4,gres/gpu=4,gres/tmp=1073741824,mem=160G,node=1","billing=32,cpu=32,gres/gpu=4,gres/tmp=1073741824,mem=160G,node=1",jnultra02,h100,2,20260726_4pattern_a18_cifar100_e5_p3500_c1200_s100_h100x4_shared_full_reward_seed123,true,4
2968441.batch,batch,CANCELLED,0:53,2026-07-28T09:19:44,2026-07-28T09:19:44,2026-07-28T09:19:44,0,"cpu=32,gres/gpu:h100=4,gres/gpu=4,gres/tmp=1073741824,mem=160G,node=1",,jnultra02,,,20260726_4pattern_a18_cifar100_e5_p3500_c1200_s100_h100x4_shared_full_reward_seed123,true,4
2968441.extern,extern,COMPLETED,0:0,2026-07-28T09:19:44,2026-07-28T09:19:44,2026-07-28T09:19:44,0,"billing=32,cpu=32,gres/gpu:h100=4,gres/gpu=4,gres/tmp=1073741824,mem=160G,node=1",,jnultra02,,,20260726_4pattern_a18_cifar100_e5_p3500_c1200_s100_h100x4_shared_full_reward_seed123,true,4
2968443,rl-4p-c100-s777-r,REQUEUED,0:0,2026-07-27T18:57:16,2026-07-28T09:19:44,2026-07-28T09:19:44,0,"billing=32,cpu=32,gres/gpu:h100=4,gres/gpu=4,gres/tmp=1073741824,mem=160G,node=1","billing=32,cpu=32,gres/gpu=4,gres/tmp=1073741824,mem=160G,node=1",jnultra01,h100,2,20260726_4pattern_a18_cifar100_e5_p3500_c1200_s100_h100x4_shared_full_reward_seed777,true,4
2968443.batch,batch,CANCELLED,,2026-07-28T09:19:44,2026-07-28T09:19:44,2026-07-28T09:19:44,0,"cpu=32,gres/gpu:h100=4,gres/gpu=4,gres/tmp=1073741824,mem=160G,node=1",,jnultra01,,,20260726_4pattern_a18_cifar100_e5_p3500_c1200_s100_h100x4_shared_full_reward_seed777,true,4
2968443.extern,extern,CANCELLED,,2026-07-28T09:19:44,2026-07-28T09:19:44,2026-07-28T09:19:44,0,"billing=32,cpu=32,gres/gpu:h100=4,gres/gpu=4,gres/tmp=1073741824,mem=160G,node=1",,jnultra01,,,20260726_4pattern_a18_cifar100_e5_p3500_c1200_s100_h100x4_shared_full_reward_seed777,true,4
2968439,rl-4p-c100-s42-r,CANCELLED by 221940,0:0,2026-07-28T09:19:44,None,2026-08-07T09:37:42,0,,"billing=32,cpu=32,gres/gpu=4,gres/tmp=1073741824,mem=160G,node=1",None assigned,h100,3,20260726_4pattern_a18_cifar100_e5_p3500_c1200_s100_h100x4_shared_full_reward_seed42,true,
2968441,rl-4p-c100-s123-r,FAILED,0:53,2026-07-28T09:19:44,2026-07-28T09:21:45,2026-07-28T09:21:47,2,"billing=32,cpu=32,gres/gpu:h100=4,gres/gpu=4,gres/tmp=1073741824,mem=160G,node=1","billing=32,cpu=32,gres/gpu=4,gres/tmp=1073741824,mem=160G,node=1",jnultra01,h100,3,20260726_4pattern_a18_cifar100_e5_p3500_c1200_s100_h100x4_shared_full_reward_seed123,true,4
2968441.batch,batch,CANCELLED,0:53,2026-07-28T09:21:45,2026-07-28T09:21:45,2026-07-28T09:21:47,2,"cpu=32,gres/gpu:h100=4,gres/gpu=4,gres/tmp=1073741824,mem=160G,node=1",,jnultra01,,,20260726_4pattern_a18_cifar100_e5_p3500_c1200_s100_h100x4_shared_full_reward_seed123,true,4
2968441.extern,extern,COMPLETED,0:0,2026-07-28T09:21:45,2026-07-28T09:21:45,2026-07-28T09:21:47,2,"billing=32,cpu=32,gres/gpu:h100=4,gres/gpu=4,gres/tmp=1073741824,mem=160G,node=1",,jnultra01,,,20260726_4pattern_a18_cifar100_e5_p3500_c1200_s100_h100x4_shared_full_reward_seed123,true,4
2968443,rl-4p-c100-s777-r,CANCELLED by 221940,0:0,2026-07-28T09:19:44,None,2026-08-07T09:37:42,0,,"billing=32,cpu=32,gres/gpu=4,gres/tmp=1073741824,mem=160G,node=1",None assigned,h100,3,20260726_4pattern_a18_cifar100_e5_p3500_c1200_s100_h100x4_shared_full_reward_seed777,true,
3043612,sftg-1p42-00,COMPLETED,0:0,2026-08-07T09:33:21,2026-08-07T09:34:39,2026-08-07T11:51:28,8209,"billing=8,cpu=8,gres/gpu:l40=1,gres/gpu=1,gres/tmp=1073741824,mem=64G,node=1","billing=8,cpu=8,gres/gpu=1,gres/tmp=1073741824,mem=64G,node=1",jn110,standard,0,20260728_sftonly_cifar10_e5_1pattern_seed42,true,1
3043612.batch,batch,COMPLETED,0:0,2026-08-07T09:34:39,2026-08-07T09:34:39,2026-08-07T11:51:28,8209,"cpu=8,gres/gpu:l40=1,gres/gpu=1,gres/tmp=1073741824,mem=64G,node=1",,jn110,,,20260728_sftonly_cifar10_e5_1pattern_seed42,true,1
3043612.extern,extern,COMPLETED,0:0,2026-08-07T09:34:39,2026-08-07T09:34:39,2026-08-07T11:51:28,8209,"billing=8,cpu=8,gres/gpu:l40=1,gres/gpu=1,gres/tmp=1073741824,mem=64G,node=1",,jn110,,,20260728_sftonly_cifar10_e5_1pattern_seed42,true,1
3043620,sftg-1p42-01,COMPLETED,0:0,2026-08-07T09:35:03,2026-08-07T09:35:30,2026-08-07T11:45:38,7808,"billing=8,cpu=8,gres/gpu:l40=1,gres/gpu=1,gres/tmp=1073741824,mem=64G,node=1","billing=8,cpu=8,gres/gpu=1,gres/tmp=1073741824,mem=64G,node=1",jn105,standard,0,20260728_sftonly_cifar10_e5_1pattern_seed42,true,1
3043620.batch,batch,COMPLETED,0:0,2026-08-07T09:35:30,2026-08-07T09:35:30,2026-08-07T11:45:38,7808,"cpu=8,gres/gpu:l40=1,gres/gpu=1,gres/tmp=1073741824,mem=64G,node=1",,jn105,,,20260728_sftonly_cifar10_e5_1pattern_seed42,true,1
3043620.extern,extern,COMPLETED,0:0,2026-08-07T09:35:30,2026-08-07T09:35:30,2026-08-07T11:45:38,7808,"billing=8,cpu=8,gres/gpu:l40=1,gres/gpu=1,gres/tmp=1073741824,mem=64G,node=1",,jn105,,,20260728_sftonly_cifar10_e5_1pattern_seed42,true,1
3043621,sftg-1p42-02,COMPLETED,0:0,2026-08-07T09:35:03,2026-08-07T09:35:33,2026-08-07T11:26:52,6679,"billing=8,cpu=8,gres/gpu:l40=1,gres/gpu=1,gres/tmp=1073741824,mem=64G,node=1","billing=8,cpu=8,gres/gpu=1,gres/tmp=1073741824,mem=64G,node=1",jn017,standard,0,20260728_sftonly_cifar10_e5_1pattern_seed42,true,1
3043621.batch,batch,COMPLETED,0:0,2026-08-07T09:35:33,2026-08-07T09:35:33,2026-08-07T11:26:52,6679,"cpu=8,gres/gpu:l40=1,gres/gpu=1,gres/tmp=1073741824,mem=64G,node=1",,jn017,,,20260728_sftonly_cifar10_e5_1pattern_seed42,true,1
3043621.extern,extern,COMPLETED,0:0,2026-08-07T09:35:33,2026-08-07T09:35:33,2026-08-07T11:26:52,6679,"billing=8,cpu=8,gres/gpu:l40=1,gres/gpu=1,gres/tmp=1073741824,mem=64G,node=1",,jn017,,,20260728_sftonly_cifar10_e5_1pattern_seed42,true,1
3043622,sftg-1p42-03,COMPLETED,0:0,2026-08-07T09:35:03,2026-08-07T09:36:00,2026-08-07T11:26:22,6622,"billing=8,cpu=8,gres/gpu:l40=1,gres/gpu=1,gres/tmp=1073741824,mem=64G,node=1","billing=8,cpu=8,gres/gpu=1,gres/tmp=1073741824,mem=64G,node=1",jn002,standard,0,20260728_sftonly_cifar10_e5_1pattern_seed42,true,1
3043622.batch,batch,COMPLETED,0:0,2026-08-07T09:36:00,2026-08-07T09:36:00,2026-08-07T11:26:22,6622,"cpu=8,gres/gpu:l40=1,gres/gpu=1,gres/tmp=1073741824,mem=64G,node=1",,jn002,,,20260728_sftonly_cifar10_e5_1pattern_seed42,true,1
3043622.extern,extern,COMPLETED,0:0,2026-08-07T09:36:00,2026-08-07T09:36:00,2026-08-07T11:26:22,6622,"billing=8,cpu=8,gres/gpu:l40=1,gres/gpu=1,gres/tmp=1073741824,mem=64G,node=1",,jn002,,,20260728_sftonly_cifar10_e5_1pattern_seed42,true,1
3043623,sftg-1p42-04,CANCELLED by 221940,0:0,2026-08-07T09:35:03,2026-08-07T09:36:03,2026-08-07T11:04:50,5327,"billing=8,cpu=8,gres/gpu:l40=1,gres/gpu=1,gres/tmp=1073741824,mem=64G,node=1","billing=8,cpu=8,gres/gpu=1,gres/tmp=1073741824,mem=64G,node=1",jn020,standard,0,20260728_sftonly_cifar10_e5_1pattern_seed42,true,1
3043623.batch,batch,CANCELLED,0:15,2026-08-07T09:36:03,2026-08-07T09:36:03,2026-08-07T11:04:50,5327,"cpu=8,gres/gpu:l40=1,gres/gpu=1,gres/tmp=1073741824,mem=64G,node=1",,jn020,,,20260728_sftonly_cifar10_e5_1pattern_seed42,true,1
3043623.extern,extern,COMPLETED,0:0,2026-08-07T09:36:03,2026-08-07T09:36:03,2026-08-07T11:04:51,5328,"billing=8,cpu=8,gres/gpu:l40=1,gres/gpu=1,gres/tmp=1073741824,mem=64G,node=1",,jn020,,,20260728_sftonly_cifar10_e5_1pattern_seed42,true,1
3043624,sftg-1p42-05,CANCELLED by 221940,0:0,2026-08-07T09:35:03,2026-08-07T09:36:56,2026-08-07T11:04:50,5274,"billing=8,cpu=8,gres/gpu:l40=1,gres/gpu=1,gres/tmp=1073741824,mem=64G,node=1","billing=8,cpu=8,gres/gpu=1,gres/tmp=1073741824,mem=64G,node=1",jn019,standard,0,20260728_sftonly_cifar10_e5_1pattern_seed42,true,1
3043624.batch,batch,CANCELLED,0:15,2026-08-07T09:36:56,2026-08-07T09:36:56,2026-08-07T11:04:50,5274,"cpu=8,gres/gpu:l40=1,gres/gpu=1,gres/tmp=1073741824,mem=64G,node=1",,jn019,,,20260728_sftonly_cifar10_e5_1pattern_seed42,true,1
3043624.extern,extern,COMPLETED,0:0,2026-08-07T09:36:56,2026-08-07T09:36:56,2026-08-07T11:04:51,5275,"billing=8,cpu=8,gres/gpu:l40=1,gres/gpu=1,gres/tmp=1073741824,mem=64G,node=1",,jn019,,,20260728_sftonly_cifar10_e5_1pattern_seed42,true,1
3043625,sftg-1p42-06,CANCELLED by 221940,0:0,2026-08-07T09:35:03,2026-08-07T09:37:08,2026-08-07T10:06:20,1752,"billing=8,cpu=8,gres/gpu:l40=1,gres/gpu=1,gres/tmp=1073741824,mem=64G,node=1","billing=8,cpu=8,gres/gpu=1,gres/tmp=1073741824,mem=64G,node=1",jn110,standard,0,20260728_sftonly_cifar10_e5_1pattern_seed42,true,1
3043625.batch,batch,CANCELLED,0:15,2026-08-07T09:37:08,2026-08-07T09:37:08,2026-08-07T10:06:20,1752,"cpu=8,gres/gpu:l40=1,gres/gpu=1,gres/tmp=1073741824,mem=64G,node=1",,jn110,,,20260728_sftonly_cifar10_e5_1pattern_seed42,true,1
3043625.extern,extern,COMPLETED,0:0,2026-08-07T09:37:08,2026-08-07T09:37:08,2026-08-07T10:06:20,1752,"billing=8,cpu=8,gres/gpu:l40=1,gres/gpu=1,gres/tmp=1073741824,mem=64G,node=1",,jn110,,,20260728_sftonly_cifar10_e5_1pattern_seed42,true,1
3043626,sftg-1p42-07,CANCELLED by 221940,0:0,2026-08-07T09:35:03,2026-08-07T09:38:27,2026-08-07T10:06:20,1673,"billing=8,cpu=8,gres/gpu:l40=1,gres/gpu=1,gres/tmp=1073741824,mem=64G,node=1","billing=8,cpu=8,gres/gpu=1,gres/tmp=1073741824,mem=64G,node=1",jn102,standard,0,20260728_sftonly_cifar10_e5_1pattern_seed42,true,1
3043626.batch,batch,CANCELLED,0:15,2026-08-07T09:38:27,2026-08-07T09:38:27,2026-08-07T10:06:20,1673,"cpu=8,gres/gpu:l40=1,gres/gpu=1,gres/tmp=1073741824,mem=64G,node=1",,jn102,,,20260728_sftonly_cifar10_e5_1pattern_seed42,true,1
3043626.extern,extern,COMPLETED,0:0,2026-08-07T09:38:27,2026-08-07T09:38:27,2026-08-07T10:06:20,1673,"billing=8,cpu=8,gres/gpu:l40=1,gres/gpu=1,gres/tmp=1073741824,mem=64G,node=1",,jn102,,,20260728_sftonly_cifar10_e5_1pattern_seed42,true,1
3043645,sftg-1p777-00,COMPLETED,0:0,2026-08-07T09:35:03,2026-08-07T09:38:49,2026-08-07T11:51:38,7969,"billing=8,cpu=8,gres/gpu:l40=1,gres/gpu=1,gres/tmp=1073741824,mem=64G,node=1","billing=8,cpu=8,gres/gpu=1,gres/tmp=1073741824,mem=64G,node=1",jn107,standard,0,20260728_sftonly_cifar10_e5_1pattern_seed777,true,1
3043645.batch,batch,COMPLETED,0:0,2026-08-07T09:38:49,2026-08-07T09:38:49,2026-08-07T11:51:38,7969,"cpu=8,gres/gpu:l40=1,gres/gpu=1,gres/tmp=1073741824,mem=64G,node=1",,jn107,,,20260728_sftonly_cifar10_e5_1pattern_seed777,true,1
3043645.extern,extern,COMPLETED,0:0,2026-08-07T09:38:49,2026-08-07T09:38:49,2026-08-07T11:51:38,7969,"billing=8,cpu=8,gres/gpu:l40=1,gres/gpu=1,gres/tmp=1073741824,mem=64G,node=1",,jn107,,,20260728_sftonly_cifar10_e5_1pattern_seed777,true,1
3043646,sftg-1p777-01,COMPLETED,0:0,2026-08-07T09:35:03,2026-08-07T09:38:40,2026-08-07T11:52:27,8027,"billing=8,cpu=8,gres/gpu:l40=1,gres/gpu=1,gres/tmp=1073741824,mem=64G,node=1","billing=8,cpu=8,gres/gpu=1,gres/tmp=1073741824,mem=64G,node=1",jn108,standard,0,20260728_sftonly_cifar10_e5_1pattern_seed777,true,1
3043646.batch,batch,COMPLETED,0:0,2026-08-07T09:38:40,2026-08-07T09:38:40,2026-08-07T11:52:27,8027,"cpu=8,gres/gpu:l40=1,gres/gpu=1,gres/tmp=1073741824,mem=64G,node=1",,jn108,,,20260728_sftonly_cifar10_e5_1pattern_seed777,true,1
3043646.extern,extern,COMPLETED,0:0,2026-08-07T09:38:40,2026-08-07T09:38:40,2026-08-07T11:52:27,8027,"billing=8,cpu=8,gres/gpu:l40=1,gres/gpu=1,gres/tmp=1073741824,mem=64G,node=1",,jn108,,,20260728_sftonly_cifar10_e5_1pattern_seed777,true,1
3043647,sftg-1p777-02,COMPLETED,0:0,2026-08-07T09:35:03,2026-08-07T09:40:11,2026-08-07T11:55:50,8139,"billing=8,cpu=8,gres/gpu:l40=1,gres/gpu=1,gres/tmp=1073741824,mem=64G,node=1","billing=8,cpu=8,gres/gpu=1,gres/tmp=1073741824,mem=64G,node=1",jn102,standard,0,20260728_sftonly_cifar10_e5_1pattern_seed777,true,1
3043647.batch,batch,COMPLETED,0:0,2026-08-07T09:40:11,2026-08-07T09:40:11,2026-08-07T11:55:50,8139,"cpu=8,gres/gpu:l40=1,gres/gpu=1,gres/tmp=1073741824,mem=64G,node=1",,jn102,,,20260728_sftonly_cifar10_e5_1pattern_seed777,true,1
3043647.extern,extern,COMPLETED,0:0,2026-08-07T09:40:11,2026-08-07T09:40:11,2026-08-07T11:55:50,8139,"billing=8,cpu=8,gres/gpu:l40=1,gres/gpu=1,gres/tmp=1073741824,mem=64G,node=1",,jn102,,,20260728_sftonly_cifar10_e5_1pattern_seed777,true,1
3043648,sftg-1p777-03,COMPLETED,0:0,2026-08-07T09:35:03,2026-08-07T09:40:48,2026-08-07T11:33:37,6769,"billing=8,cpu=8,gres/gpu:l40=1,gres/gpu=1,gres/tmp=1073741824,mem=64G,node=1","billing=8,cpu=8,gres/gpu=1,gres/tmp=1073741824,mem=64G,node=1",jn013,standard,0,20260728_sftonly_cifar10_e5_1pattern_seed777,true,1
3043648.batch,batch,COMPLETED,0:0,2026-08-07T09:40:48,2026-08-07T09:40:48,2026-08-07T11:33:37,6769,"cpu=8,gres/gpu:l40=1,gres/gpu=1,gres/tmp=1073741824,mem=64G,node=1",,jn013,,,20260728_sftonly_cifar10_e5_1pattern_seed777,true,1
3043648.extern,extern,COMPLETED,0:0,2026-08-07T09:40:48,2026-08-07T09:40:48,2026-08-07T11:33:37,6769,"billing=8,cpu=8,gres/gpu:l40=1,gres/gpu=1,gres/tmp=1073741824,mem=64G,node=1",,jn013,,,20260728_sftonly_cifar10_e5_1pattern_seed777,true,1
3043649,sftg-1p777-04,CANCELLED by 221940,0:0,2026-08-07T09:35:03,2026-08-07T09:40:44,2026-08-07T11:04:50,5046,"billing=8,cpu=8,gres/gpu:l40=1,gres/gpu=1,gres/tmp=1073741824,mem=64G,node=1","billing=8,cpu=8,gres/gpu=1,gres/tmp=1073741824,mem=64G,node=1",jn015,standard,0,20260728_sftonly_cifar10_e5_1pattern_seed777,true,1
3043649.batch,batch,CANCELLED,0:15,2026-08-07T09:40:44,2026-08-07T09:40:44,2026-08-07T11:04:50,5046,"cpu=8,gres/gpu:l40=1,gres/gpu=1,gres/tmp=1073741824,mem=64G,node=1",,jn015,,,20260728_sftonly_cifar10_e5_1pattern_seed777,true,1
3043649.extern,extern,COMPLETED,0:0,2026-08-07T09:40:44,2026-08-07T09:40:44,2026-08-07T11:04:51,5047,"billing=8,cpu=8,gres/gpu:l40=1,gres/gpu=1,gres/tmp=1073741824,mem=64G,node=1",,jn015,,,20260728_sftonly_cifar10_e5_1pattern_seed777,true,1
3043650,sftg-1p777-05,CANCELLED by 221940,0:0,2026-08-07T09:35:03,2026-08-07T09:41:40,2026-08-07T11:04:50,4990,"billing=8,cpu=8,gres/gpu:l40=1,gres/gpu=1,gres/tmp=1073741824,mem=64G,node=1","billing=8,cpu=8,gres/gpu=1,gres/tmp=1073741824,mem=64G,node=1",jn019,standard,0,20260728_sftonly_cifar10_e5_1pattern_seed777,true,1
3043650.batch,batch,CANCELLED,0:15,2026-08-07T09:41:40,2026-08-07T09:41:40,2026-08-07T11:04:50,4990,"cpu=8,gres/gpu:l40=1,gres/gpu=1,gres/tmp=1073741824,mem=64G,node=1",,jn019,,,20260728_sftonly_cifar10_e5_1pattern_seed777,true,1
3043650.extern,extern,COMPLETED,0:0,2026-08-07T09:41:40,2026-08-07T09:41:40,2026-08-07T11:04:51,4991,"billing=8,cpu=8,gres/gpu:l40=1,gres/gpu=1,gres/tmp=1073741824,mem=64G,node=1",,jn019,,,20260728_sftonly_cifar10_e5_1pattern_seed777,true,1
3043651,sftg-1p777-06,CANCELLED by 221940,0:0,2026-08-07T09:35:03,2026-08-07T09:43:17,2026-08-07T10:06:20,1383,"billing=8,cpu=8,gres/gpu:l40=1,gres/gpu=1,gres/tmp=1073741824,mem=64G,node=1","billing=8,cpu=8,gres/gpu=1,gres/tmp=1073741824,mem=64G,node=1",jn109,standard,0,20260728_sftonly_cifar10_e5_1pattern_seed777,true,1
3043651.batch,batch,CANCELLED,0:15,2026-08-07T09:43:17,2026-08-07T09:43:17,2026-08-07T10:06:20,1383,"cpu=8,gres/gpu:l40=1,gres/gpu=1,gres/tmp=1073741824,mem=64G,node=1",,jn109,,,20260728_sftonly_cifar10_e5_1pattern_seed777,true,1
3043651.extern,extern,COMPLETED,0:0,2026-08-07T09:43:17,2026-08-07T09:43:17,2026-08-07T10:06:20,1383,"billing=8,cpu=8,gres/gpu:l40=1,gres/gpu=1,gres/tmp=1073741824,mem=64G,node=1",,jn109,,,20260728_sftonly_cifar10_e5_1pattern_seed777,true,1
3043652,sftg-1p777-07,CANCELLED by 221940,0:0,2026-08-07T09:35:03,2026-08-07T09:43:20,2026-08-07T10:06:20,1380,"billing=8,cpu=8,gres/gpu:l40=1,gres/gpu=1,gres/tmp=1073741824,mem=64G,node=1","billing=8,cpu=8,gres/gpu=1,gres/tmp=1073741824,mem=64G,node=1",jn120,standard,0,20260728_sftonly_cifar10_e5_1pattern_seed777,true,1
3043652.batch,batch,CANCELLED,0:15,2026-08-07T09:43:20,2026-08-07T09:43:20,2026-08-07T10:06:20,1380,"cpu=8,gres/gpu:l40=1,gres/gpu=1,gres/tmp=1073741824,mem=64G,node=1",,jn120,,,20260728_sftonly_cifar10_e5_1pattern_seed777,true,1
3043652.extern,extern,COMPLETED,0:0,2026-08-07T09:43:20,2026-08-07T09:43:20,2026-08-07T10:06:20,1380,"billing=8,cpu=8,gres/gpu:l40=1,gres/gpu=1,gres/tmp=1073741824,mem=64G,node=1",,jn120,,,20260728_sftonly_cifar10_e5_1pattern_seed777,true,1
3043671,sftg-1p919-00,CANCELLED by 221940,0:0,2026-08-07T09:35:03,2026-08-07T09:43:32,2026-08-07T10:59:31,4559,"billing=8,cpu=8,gres/gpu:l40=1,gres/gpu=1,gres/tmp=1073741824,mem=64G,node=1","billing=8,cpu=8,gres/gpu=1,gres/tmp=1073741824,mem=64G,node=1",jn006,standard,0,20260728_sftonly_cifar10_e5_1pattern_seed919,false,1
3043671.batch,batch,CANCELLED,0:15,2026-08-07T09:43:32,2026-08-07T09:43:32,2026-08-07T10:59:31,4559,"cpu=8,gres/gpu:l40=1,gres/gpu=1,gres/tmp=1073741824,mem=64G,node=1",,jn006,,,20260728_sftonly_cifar10_e5_1pattern_seed919,false,1
3043671.extern,extern,COMPLETED,0:0,2026-08-07T09:43:32,2026-08-07T09:43:32,2026-08-07T10:59:31,4559,"billing=8,cpu=8,gres/gpu:l40=1,gres/gpu=1,gres/tmp=1073741824,mem=64G,node=1",,jn006,,,20260728_sftonly_cifar10_e5_1pattern_seed919,false,1
3043672,sftg-1p919-01,CANCELLED by 221940,0:0,2026-08-07T09:35:03,2026-08-07T09:43:51,2026-08-07T10:59:31,4540,"billing=8,cpu=8,gres/gpu:l40=1,gres/gpu=1,gres/tmp=1073741824,mem=64G,node=1","billing=8,cpu=8,gres/gpu=1,gres/tmp=1073741824,mem=64G,node=1",jn119,standard,0,20260728_sftonly_cifar10_e5_1pattern_seed919,false,1
3043672.batch,batch,CANCELLED,0:15,2026-08-07T09:43:51,2026-08-07T09:43:51,2026-08-07T10:59:31,4540,"cpu=8,gres/gpu:l40=1,gres/gpu=1,gres/tmp=1073741824,mem=64G,node=1",,jn119,,,20260728_sftonly_cifar10_e5_1pattern_seed919,false,1
3043672.extern,extern,COMPLETED,0:0,2026-08-07T09:43:51,2026-08-07T09:43:51,2026-08-07T10:59:31,4540,"billing=8,cpu=8,gres/gpu:l40=1,gres/gpu=1,gres/tmp=1073741824,mem=64G,node=1",,jn119,,,20260728_sftonly_cifar10_e5_1pattern_seed919,false,1
3043673,sftg-1p919-02,CANCELLED by 221940,0:0,2026-08-07T09:35:04,2026-08-07T09:43:53,2026-08-07T10:59:31,4538,"billing=8,cpu=8,gres/gpu:l40=1,gres/gpu=1,gres/tmp=1073741824,mem=64G,node=1","billing=8,cpu=8,gres/gpu=1,gres/tmp=1073741824,mem=64G,node=1",jn103,standard,0,20260728_sftonly_cifar10_e5_1pattern_seed919,false,1
3043673.batch,batch,CANCELLED,0:15,2026-08-07T09:43:53,2026-08-07T09:43:53,2026-08-07T10:59:31,4538,"cpu=8,gres/gpu:l40=1,gres/gpu=1,gres/tmp=1073741824,mem=64G,node=1",,jn103,,,20260728_sftonly_cifar10_e5_1pattern_seed919,false,1
3043673.extern,extern,COMPLETED,0:0,2026-08-07T09:43:53,2026-08-07T09:43:53,2026-08-07T10:59:31,4538,"billing=8,cpu=8,gres/gpu:l40=1,gres/gpu=1,gres/tmp=1073741824,mem=64G,node=1",,jn103,,,20260728_sftonly_cifar10_e5_1pattern_seed919,false,1
3043674,sftg-1p919-03,CANCELLED by 221940,0:0,2026-08-07T09:35:04,2026-08-07T09:44:24,2026-08-07T10:59:31,4507,"billing=8,cpu=8,gres/gpu:l40=1,gres/gpu=1,gres/tmp=1073741824,mem=64G,node=1","billing=8,cpu=8,gres/gpu=1,gres/tmp=1073741824,mem=64G,node=1",jn101,standard,0,20260728_sftonly_cifar10_e5_1pattern_seed919,false,1
3043674.batch,batch,CANCELLED,0:15,2026-08-07T09:44:24,2026-08-07T09:44:24,2026-08-07T10:59:31,4507,"cpu=8,gres/gpu:l40=1,gres/gpu=1,gres/tmp=1073741824,mem=64G,node=1",,jn101,,,20260728_sftonly_cifar10_e5_1pattern_seed919,false,1
3043674.extern,extern,COMPLETED,0:0,2026-08-07T09:44:24,2026-08-07T09:44:24,2026-08-07T10:59:31,4507,"billing=8,cpu=8,gres/gpu:l40=1,gres/gpu=1,gres/tmp=1073741824,mem=64G,node=1",,jn101,,,20260728_sftonly_cifar10_e5_1pattern_seed919,false,1
3043675,sftg-1p919-04,CANCELLED by 221940,0:0,2026-08-07T09:35:04,2026-08-07T09:44:17,2026-08-07T10:59:31,4514,"billing=8,cpu=8,gres/gpu:l40=1,gres/gpu=1,gres/tmp=1073741824,mem=64G,node=1","billing=8,cpu=8,gres/gpu=1,gres/tmp=1073741824,mem=64G,node=1",jn113,standard,0,20260728_sftonly_cifar10_e5_1pattern_seed919,false,1
3043675.batch,batch,CANCELLED,0:15,2026-08-07T09:44:17,2026-08-07T09:44:17,2026-08-07T10:59:31,4514,"cpu=8,gres/gpu:l40=1,gres/gpu=1,gres/tmp=1073741824,mem=64G,node=1",,jn113,,,20260728_sftonly_cifar10_e5_1pattern_seed919,false,1
3043675.extern,extern,COMPLETED,0:0,2026-08-07T09:44:17,2026-08-07T09:44:17,2026-08-07T10:59:31,4514,"billing=8,cpu=8,gres/gpu:l40=1,gres/gpu=1,gres/tmp=1073741824,mem=64G,node=1",,jn113,,,20260728_sftonly_cifar10_e5_1pattern_seed919,false,1
3043676,sftg-1p919-05,CANCELLED by 221940,0:0,2026-08-07T09:35:04,2026-08-07T09:45:17,2026-08-07T10:06:20,1263,"billing=8,cpu=8,gres/gpu:l40=1,gres/gpu=1,gres/tmp=1073741824,mem=64G,node=1","billing=8,cpu=8,gres/gpu=1,gres/tmp=1073741824,mem=64G,node=1",jn117,standard,0,20260728_sftonly_cifar10_e5_1pattern_seed919,false,1
3043676.batch,batch,CANCELLED,0:15,2026-08-07T09:45:17,2026-08-07T09:45:17,2026-08-07T10:06:20,1263,"cpu=8,gres/gpu:l40=1,gres/gpu=1,gres/tmp=1073741824,mem=64G,node=1",,jn117,,,20260728_sftonly_cifar10_e5_1pattern_seed919,false,1
3043676.extern,extern,COMPLETED,0:0,2026-08-07T09:45:17,2026-08-07T09:45:17,2026-08-07T10:06:20,1263,"billing=8,cpu=8,gres/gpu:l40=1,gres/gpu=1,gres/tmp=1073741824,mem=64G,node=1",,jn117,,,20260728_sftonly_cifar10_e5_1pattern_seed919,false,1
3043677,sftg-1p919-06,CANCELLED by 221940,0:0,2026-08-07T09:35:04,2026-08-07T09:45:46,2026-08-07T10:06:20,1234,"billing=8,cpu=8,gres/gpu:l40=1,gres/gpu=1,gres/tmp=1073741824,mem=64G,node=1","billing=8,cpu=8,gres/gpu=1,gres/tmp=1073741824,mem=64G,node=1",jn114,standard,0,20260728_sftonly_cifar10_e5_1pattern_seed919,false,1
3043677.batch,batch,CANCELLED,0:15,2026-08-07T09:45:46,2026-08-07T09:45:46,2026-08-07T10:06:20,1234,"cpu=8,gres/gpu:l40=1,gres/gpu=1,gres/tmp=1073741824,mem=64G,node=1",,jn114,,,20260728_sftonly_cifar10_e5_1pattern_seed919,false,1
3043677.extern,extern,COMPLETED,0:0,2026-08-07T09:45:46,2026-08-07T09:45:46,2026-08-07T10:06:20,1234,"billing=8,cpu=8,gres/gpu:l40=1,gres/gpu=1,gres/tmp=1073741824,mem=64G,node=1",,jn114,,,20260728_sftonly_cifar10_e5_1pattern_seed919,false,1
3043678,sftg-1p919-07,CANCELLED by 221940,0:0,2026-08-07T09:35:04,2026-08-07T09:46:50,2026-08-07T10:59:31,4361,"billing=8,cpu=8,gres/gpu:l40=1,gres/gpu=1,gres/tmp=1073741824,mem=64G,node=1","billing=8,cpu=8,gres/gpu=1,gres/tmp=1073741824,mem=64G,node=1",jn020,standard,0,20260728_sftonly_cifar10_e5_1pattern_seed919,false,1
3043678.batch,batch,CANCELLED,0:15,2026-08-07T09:46:50,2026-08-07T09:46:50,2026-08-07T10:59:31,4361,"cpu=8,gres/gpu:l40=1,gres/gpu=1,gres/tmp=1073741824,mem=64G,node=1",,jn020,,,20260728_sftonly_cifar10_e5_1pattern_seed919,false,1
3043678.extern,extern,COMPLETED,0:0,2026-08-07T09:46:50,2026-08-07T09:46:50,2026-08-07T10:59:31,4361,"billing=8,cpu=8,gres/gpu:l40=1,gres/gpu=1,gres/tmp=1073741824,mem=64G,node=1",,jn020,,,20260728_sftonly_cifar10_e5_1pattern_seed919,false,1
3043697,sftg-4p42-00,COMPLETED,0:0,2026-08-07T09:35:04,2026-08-07T09:47:14,2026-08-07T12:18:51,9097,"billing=8,cpu=8,gres/gpu:l40=1,gres/gpu=1,gres/tmp=1073741824,mem=64G,node=1","billing=8,cpu=8,gres/gpu=1,gres/tmp=1073741824,mem=64G,node=1",jn106,standard,0,20260728_sftonly_cifar10_e5_4pattern_seed42,true,1
3043697.batch,batch,COMPLETED,0:0,2026-08-07T09:47:14,2026-08-07T09:47:14,2026-08-07T12:18:51,9097,"cpu=8,gres/gpu:l40=1,gres/gpu=1,gres/tmp=1073741824,mem=64G,node=1",,jn106,,,20260728_sftonly_cifar10_e5_4pattern_seed42,true,1
3043697.extern,extern,COMPLETED,0:0,2026-08-07T09:47:14,2026-08-07T09:47:14,2026-08-07T12:18:52,9098,"billing=8,cpu=8,gres/gpu:l40=1,gres/gpu=1,gres/tmp=1073741824,mem=64G,node=1",,jn106,,,20260728_sftonly_cifar10_e5_4pattern_seed42,true,1
3043698,sftg-4p42-01,COMPLETED,0:0,2026-08-07T09:35:04,2026-08-07T09:47:13,2026-08-07T12:00:01,7968,"billing=8,cpu=8,gres/gpu:l40s=1,gres/gpu=1,gres/tmp=1073741824,mem=64G,node=1","billing=8,cpu=8,gres/gpu=1,gres/tmp=1073741824,mem=64G,node=1",jnfat01,standard,0,20260728_sftonly_cifar10_e5_4pattern_seed42,true,1
3043698.batch,batch,COMPLETED,0:0,2026-08-07T09:47:13,2026-08-07T09:47:13,2026-08-07T12:00:01,7968,"cpu=8,gres/gpu:l40s=1,gres/gpu=1,gres/tmp=1073741824,mem=64G,node=1",,jnfat01,,,20260728_sftonly_cifar10_e5_4pattern_seed42,true,1
3043698.extern,extern,COMPLETED,0:0,2026-08-07T09:47:13,2026-08-07T09:47:13,2026-08-07T12:00:01,7968,"billing=8,cpu=8,gres/gpu:l40s=1,gres/gpu=1,gres/tmp=1073741824,mem=64G,node=1",,jnfat01,,,20260728_sftonly_cifar10_e5_4pattern_seed42,true,1
3043699,sftg-4p42-02,CANCELLED by 221940,0:0,2026-08-07T09:35:04,2026-08-07T09:47:39,2026-08-07T10:06:20,1121,"billing=8,cpu=8,gres/gpu:l40=1,gres/gpu=1,gres/tmp=1073741824,mem=64G,node=1","billing=8,cpu=8,gres/gpu=1,gres/tmp=1073741824,mem=64G,node=1",jn118,standard,0,20260728_sftonly_cifar10_e5_4pattern_seed42,true,1
3043699.batch,batch,CANCELLED,0:15,2026-08-07T09:47:39,2026-08-07T09:47:39,2026-08-07T10:06:20,1121,"cpu=8,gres/gpu:l40=1,gres/gpu=1,gres/tmp=1073741824,mem=64G,node=1",,jn118,,,20260728_sftonly_cifar10_e5_4pattern_seed42,true,1
3043699.extern,extern,COMPLETED,0:0,2026-08-07T09:47:39,2026-08-07T09:47:39,2026-08-07T10:06:21,1122,"billing=8,cpu=8,gres/gpu:l40=1,gres/gpu=1,gres/tmp=1073741824,mem=64G,node=1",,jn118,,,20260728_sftonly_cifar10_e5_4pattern_seed42,true,1
3043700,sftg-4p42-03,CANCELLED by 221940,0:0,2026-08-07T09:35:04,2026-08-07T09:47:42,2026-08-07T10:06:20,1118,"billing=8,cpu=8,gres/gpu:l40=1,gres/gpu=1,gres/tmp=1073741824,mem=64G,node=1","billing=8,cpu=8,gres/gpu=1,gres/tmp=1073741824,mem=64G,node=1",jn104,standard,0,20260728_sftonly_cifar10_e5_4pattern_seed42,true,1
3043700.batch,batch,CANCELLED,0:15,2026-08-07T09:47:42,2026-08-07T09:47:42,2026-08-07T10:06:20,1118,"cpu=8,gres/gpu:l40=1,gres/gpu=1,gres/tmp=1073741824,mem=64G,node=1",,jn104,,,20260728_sftonly_cifar10_e5_4pattern_seed42,true,1
3043700.extern,extern,COMPLETED,0:0,2026-08-07T09:47:42,2026-08-07T09:47:42,2026-08-07T10:06:20,1118,"billing=8,cpu=8,gres/gpu:l40=1,gres/gpu=1,gres/tmp=1073741824,mem=64G,node=1",,jn104,,,20260728_sftonly_cifar10_e5_4pattern_seed42,true,1
3043701,sftg-4p42-04,CANCELLED by 221940,0:0,2026-08-07T09:35:04,2026-08-07T09:47:43,2026-08-07T11:04:50,4627,"billing=8,cpu=8,gres/gpu:h100=1,gres/gpu=1,gres/tmp=1073741824,mem=64G,node=1","billing=8,cpu=8,gres/gpu=1,gres/tmp=1073741824,mem=64G,node=1",jnultra01,h100,0,20260728_sftonly_cifar10_e5_4pattern_seed42,true,1
3043701.batch,batch,CANCELLED,0:15,2026-08-07T09:47:43,2026-08-07T09:47:43,2026-08-07T11:04:50,4627,"cpu=8,gres/gpu:h100=1,gres/gpu=1,gres/tmp=1073741824,mem=64G,node=1",,jnultra01,,,20260728_sftonly_cifar10_e5_4pattern_seed42,true,1
3043701.extern,extern,COMPLETED,0:0,2026-08-07T09:47:43,2026-08-07T09:47:43,2026-08-07T11:04:51,4628,"billing=8,cpu=8,gres/gpu:h100=1,gres/gpu=1,gres/tmp=1073741824,mem=64G,node=1",,jnultra01,,,20260728_sftonly_cifar10_e5_4pattern_seed42,true,1
3043702,sftg-4p42-05,CANCELLED by 221940,0:0,2026-08-07T09:35:04,2026-08-07T09:47:43,2026-08-07T11:04:50,4627,"billing=8,cpu=8,gres/gpu:h100=1,gres/gpu=1,gres/tmp=1073741824,mem=64G,node=1","billing=8,cpu=8,gres/gpu=1,gres/tmp=1073741824,mem=64G,node=1",jnultra01,h100,0,20260728_sftonly_cifar10_e5_4pattern_seed42,true,1
3043702.batch,batch,CANCELLED,0:15,2026-08-07T09:47:43,2026-08-07T09:47:43,2026-08-07T11:04:50,4627,"cpu=8,gres/gpu:h100=1,gres/gpu=1,gres/tmp=1073741824,mem=64G,node=1",,jnultra01,,,20260728_sftonly_cifar10_e5_4pattern_seed42,true,1
3043702.extern,extern,COMPLETED,0:0,2026-08-07T09:47:43,2026-08-07T09:47:43,2026-08-07T11:04:51,4628,"billing=8,cpu=8,gres/gpu:h100=1,gres/gpu=1,gres/tmp=1073741824,mem=64G,node=1",,jnultra01,,,20260728_sftonly_cifar10_e5_4pattern_seed42,true,1
3043703,sftg-4p42-06,CANCELLED by 221940,0:0,2026-08-07T09:35:04,2026-08-07T09:47:43,2026-08-07T11:04:50,4627,"billing=8,cpu=8,gres/gpu:h100=1,gres/gpu=1,gres/tmp=1073741824,mem=64G,node=1","billing=8,cpu=8,gres/gpu=1,gres/tmp=1073741824,mem=64G,node=1",jnultra01,h100,0,20260728_sftonly_cifar10_e5_4pattern_seed42,true,1
3043703.batch,batch,CANCELLED,0:15,2026-08-07T09:47:43,2026-08-07T09:47:43,2026-08-07T11:04:50,4627,"cpu=8,gres/gpu:h100=1,gres/gpu=1,gres/tmp=1073741824,mem=64G,node=1",,jnultra01,,,20260728_sftonly_cifar10_e5_4pattern_seed42,true,1
3043703.extern,extern,COMPLETED,0:0,2026-08-07T09:47:43,2026-08-07T09:47:43,2026-08-07T11:04:51,4628,"billing=8,cpu=8,gres/gpu:h100=1,gres/gpu=1,gres/tmp=1073741824,mem=64G,node=1",,jnultra01,,,20260728_sftonly_cifar10_e5_4pattern_seed42,true,1
3043704,sftg-4p42-07,CANCELLED by 221940,0:0,2026-08-07T09:35:04,2026-08-07T09:47:43,2026-08-07T11:04:50,4627,"billing=8,cpu=8,gres/gpu:h100=1,gres/gpu=1,gres/tmp=1073741824,mem=64G,node=1","billing=8,cpu=8,gres/gpu=1,gres/tmp=1073741824,mem=64G,node=1",jnultra01,h100,0,20260728_sftonly_cifar10_e5_4pattern_seed42,true,1
3043704.batch,batch,CANCELLED,0:15,2026-08-07T09:47:43,2026-08-07T09:47:43,2026-08-07T11:04:50,4627,"cpu=8,gres/gpu:h100=1,gres/gpu=1,gres/tmp=1073741824,mem=64G,node=1",,jnultra01,,,20260728_sftonly_cifar10_e5_4pattern_seed42,true,1
3043704.extern,extern,COMPLETED,0:0,2026-08-07T09:47:43,2026-08-07T09:47:43,2026-08-07T11:04:51,4628,"billing=8,cpu=8,gres/gpu:h100=1,gres/gpu=1,gres/tmp=1073741824,mem=64G,node=1",,jnultra01,,,20260728_sftonly_cifar10_e5_4pattern_seed42,true,1
3043723,sftg-4p514-00,CANCELLED by 221940,0:0,2026-08-07T09:35:04,2026-08-07T09:47:43,2026-08-07T10:59:31,4308,"billing=8,cpu=8,gres/gpu:h100=1,gres/gpu=1,gres/tmp=1073741824,mem=64G,node=1","billing=8,cpu=8,gres/gpu=1,gres/tmp=1073741824,mem=64G,node=1",jnultra01,h100,0,20260728_sftonly_cifar10_e5_4pattern_seed514,false,1
3043723.batch,batch,CANCELLED,0:15,2026-08-07T09:47:43,2026-08-07T09:47:43,2026-08-07T10:59:31,4308,"cpu=8,gres/gpu:h100=1,gres/gpu=1,gres/tmp=1073741824,mem=64G,node=1",,jnultra01,,,20260728_sftonly_cifar10_e5_4pattern_seed514,false,1
3043723.extern,extern,COMPLETED,0:0,2026-08-07T09:47:43,2026-08-07T09:47:43,2026-08-07T10:59:31,4308,"billing=8,cpu=8,gres/gpu:h100=1,gres/gpu=1,gres/tmp=1073741824,mem=64G,node=1",,jnultra01,,,20260728_sftonly_cifar10_e5_4pattern_seed514,false,1
3043724,sftg-4p514-01,CANCELLED by 221940,0:0,2026-08-07T09:35:04,2026-08-07T09:47:43,2026-08-07T10:59:31,4308,"billing=8,cpu=8,gres/gpu:h100=1,gres/gpu=1,gres/tmp=1073741824,mem=64G,node=1","billing=8,cpu=8,gres/gpu=1,gres/tmp=1073741824,mem=64G,node=1",jnultra01,h100,0,20260728_sftonly_cifar10_e5_4pattern_seed514,false,1
3043724.batch,batch,CANCELLED,0:15,2026-08-07T09:47:43,2026-08-07T09:47:43,2026-08-07T10:59:31,4308,"cpu=8,gres/gpu:h100=1,gres/gpu=1,gres/tmp=1073741824,mem=64G,node=1",,jnultra01,,,20260728_sftonly_cifar10_e5_4pattern_seed514,false,1
3043724.extern,extern,COMPLETED,0:0,2026-08-07T09:47:43,2026-08-07T09:47:43,2026-08-07T10:59:31,4308,"billing=8,cpu=8,gres/gpu:h100=1,gres/gpu=1,gres/tmp=1073741824,mem=64G,node=1",,jnultra01,,,20260728_sftonly_cifar10_e5_4pattern_seed514,false,1
3043725,sftg-4p514-02,CANCELLED by 221940,0:0,2026-08-07T09:35:04,2026-08-07T09:47:43,2026-08-07T10:59:31,4308,"billing=8,cpu=8,gres/gpu:h100=1,gres/gpu=1,gres/tmp=1073741824,mem=64G,node=1","billing=8,cpu=8,gres/gpu=1,gres/tmp=1073741824,mem=64G,node=1",jnultra01,h100,0,20260728_sftonly_cifar10_e5_4pattern_seed514,false,1
3043725.batch,batch,CANCELLED,0:15,2026-08-07T09:47:43,2026-08-07T09:47:43,2026-08-07T10:59:31,4308,"cpu=8,gres/gpu:h100=1,gres/gpu=1,gres/tmp=1073741824,mem=64G,node=1",,jnultra01,,,20260728_sftonly_cifar10_e5_4pattern_seed514,false,1
3043725.extern,extern,COMPLETED,0:0,2026-08-07T09:47:43,2026-08-07T09:47:43,2026-08-07T10:59:31,4308,"billing=8,cpu=8,gres/gpu:h100=1,gres/gpu=1,gres/tmp=1073741824,mem=64G,node=1",,jnultra01,,,20260728_sftonly_cifar10_e5_4pattern_seed514,false,1
3043726,sftg-4p514-03,CANCELLED by 221940,0:0,2026-08-07T09:35:04,2026-08-07T09:47:48,2026-08-07T10:59:31,4303,"billing=8,cpu=8,gres/gpu:l40=1,gres/gpu=1,gres/tmp=1073741824,mem=64G,node=1","billing=8,cpu=8,gres/gpu=1,gres/tmp=1073741824,mem=64G,node=1",jn006,standard,0,20260728_sftonly_cifar10_e5_4pattern_seed514,false,1
3043726.batch,batch,CANCELLED,0:15,2026-08-07T09:47:48,2026-08-07T09:47:48,2026-08-07T10:59:31,4303,"cpu=8,gres/gpu:l40=1,gres/gpu=1,gres/tmp=1073741824,mem=64G,node=1",,jn006,,,20260728_sftonly_cifar10_e5_4pattern_seed514,false,1
3043726.extern,extern,COMPLETED,0:0,2026-08-07T09:47:48,2026-08-07T09:47:48,2026-08-07T10:59:32,4304,"billing=8,cpu=8,gres/gpu:l40=1,gres/gpu=1,gres/tmp=1073741824,mem=64G,node=1",,jn006,,,20260728_sftonly_cifar10_e5_4pattern_seed514,false,1
3043728,sftg-4p514-05,CANCELLED by 221940,0:0,2026-08-07T09:35:04,2026-08-07T09:47:59,2026-08-07T10:59:31,4292,"billing=8,cpu=8,gres/gpu:l40=1,gres/gpu=1,gres/tmp=1073741824,mem=64G,node=1","billing=8,cpu=8,gres/gpu=1,gres/tmp=1073741824,mem=64G,node=1",jn005,standard,0,20260728_sftonly_cifar10_e5_4pattern_seed514,false,1
3043728.batch,batch,CANCELLED,0:15,2026-08-07T09:47:59,2026-08-07T09:47:59,2026-08-07T10:59:31,4292,"cpu=8,gres/gpu:l40=1,gres/gpu=1,gres/tmp=1073741824,mem=64G,node=1",,jn005,,,20260728_sftonly_cifar10_e5_4pattern_seed514,false,1
3043728.extern,extern,COMPLETED,0:0,2026-08-07T09:47:59,2026-08-07T09:47:59,2026-08-07T10:59:32,4293,"billing=8,cpu=8,gres/gpu:l40=1,gres/gpu=1,gres/tmp=1073741824,mem=64G,node=1",,jn005,,,20260728_sftonly_cifar10_e5_4pattern_seed514,false,1
3043729,sftg-4p514-06,CANCELLED by 221940,0:0,2026-08-07T09:35:04,2026-08-07T09:50:29,2026-08-07T10:59:31,4142,"billing=8,cpu=8,gres/gpu:l40s=1,gres/gpu=1,gres/tmp=1073741824,mem=64G,node=1","billing=8,cpu=8,gres/gpu=1,gres/tmp=1073741824,mem=64G,node=1",jnfat03,standard,0,20260728_sftonly_cifar10_e5_4pattern_seed514,false,1
3043729.batch,batch,CANCELLED,0:15,2026-08-07T09:50:29,2026-08-07T09:50:29,2026-08-07T10:59:31,4142,"cpu=8,gres/gpu:l40s=1,gres/gpu=1,gres/tmp=1073741824,mem=64G,node=1",,jnfat03,,,20260728_sftonly_cifar10_e5_4pattern_seed514,false,1
3043729.extern,extern,COMPLETED,0:0,2026-08-07T09:50:29,2026-08-07T09:50:29,2026-08-07T10:59:31,4142,"billing=8,cpu=8,gres/gpu:l40s=1,gres/gpu=1,gres/tmp=1073741824,mem=64G,node=1",,jnfat03,,,20260728_sftonly_cifar10_e5_4pattern_seed514,false,1
3043730,sftg-4p514-07,CANCELLED by 221940,0:0,2026-08-07T09:35:04,2026-08-07T09:49:13,2026-08-07T10:59:31,4218,"billing=8,cpu=8,gres/gpu:l40=1,gres/gpu=1,gres/tmp=1073741824,mem=64G,node=1","billing=8,cpu=8,gres/gpu=1,gres/tmp=1073741824,mem=64G,node=1",jn108,standard,0,20260728_sftonly_cifar10_e5_4pattern_seed514,false,1
3043730.batch,batch,CANCELLED,0:15,2026-08-07T09:49:13,2026-08-07T09:49:13,2026-08-07T10:59:31,4218,"cpu=8,gres/gpu:l40=1,gres/gpu=1,gres/tmp=1073741824,mem=64G,node=1",,jn108,,,20260728_sftonly_cifar10_e5_4pattern_seed514,false,1
3043730.extern,extern,COMPLETED,0:0,2026-08-07T09:49:13,2026-08-07T09:49:13,2026-08-07T10:59:31,4218,"billing=8,cpu=8,gres/gpu:l40=1,gres/gpu=1,gres/tmp=1073741824,mem=64G,node=1",,jn108,,,20260728_sftonly_cifar10_e5_4pattern_seed514,false,1
3043774,sfte-4p123-00,COMPLETED,0:0,2026-08-07T09:35:41,2026-08-07T09:50:29,2026-08-07T20:25:56,38127,"billing=8,cpu=8,gres/gpu:l40s=1,gres/gpu=1,gres/tmp=1073741824,mem=96G,node=1","billing=8,cpu=8,gres/gpu=1,gres/tmp=1073741824,mem=96G,node=1",jnfat03,standard,0,20260728_sftonly_cifar10_e5_4pattern_seed123,true,1
3043774.batch,batch,COMPLETED,0:0,2026-08-07T09:50:29,2026-08-07T09:50:29,2026-08-07T20:25:56,38127,"cpu=8,gres/gpu:l40s=1,gres/gpu=1,gres/tmp=1073741824,mem=96G,node=1",,jnfat03,,,20260728_sftonly_cifar10_e5_4pattern_seed123,true,1
3043774.extern,extern,COMPLETED,0:0,2026-08-07T09:50:29,2026-08-07T09:50:29,2026-08-07T20:25:56,38127,"billing=8,cpu=8,gres/gpu:l40s=1,gres/gpu=1,gres/tmp=1073741824,mem=96G,node=1",,jnfat03,,,20260728_sftonly_cifar10_e5_4pattern_seed123,true,1
3043775,sfte-4p123-02,COMPLETED,0:0,2026-08-07T09:35:41,2026-08-07T09:50:29,2026-08-07T19:26:44,34575,"billing=8,cpu=8,gres/gpu:l40s=1,gres/gpu=1,gres/tmp=1073741824,mem=96G,node=1","billing=8,cpu=8,gres/gpu=1,gres/tmp=1073741824,mem=96G,node=1",jnfat03,standard,0,20260728_sftonly_cifar10_e5_4pattern_seed123,true,1
3043775.batch,batch,COMPLETED,0:0,2026-08-07T09:50:29,2026-08-07T09:50:29,2026-08-07T19:26:44,34575,"cpu=8,gres/gpu:l40s=1,gres/gpu=1,gres/tmp=1073741824,mem=96G,node=1",,jnfat03,,,20260728_sftonly_cifar10_e5_4pattern_seed123,true,1
3043775.extern,extern,COMPLETED,0:0,2026-08-07T09:50:29,2026-08-07T09:50:29,2026-08-07T19:26:44,34575,"billing=8,cpu=8,gres/gpu:l40s=1,gres/gpu=1,gres/tmp=1073741824,mem=96G,node=1",,jnfat03,,,20260728_sftonly_cifar10_e5_4pattern_seed123,true,1
3043776,sfte-4p123-03,COMPLETED,0:0,2026-08-07T09:35:41,2026-08-07T09:50:31,2026-08-07T18:27:44,31033,"billing=8,cpu=8,gres/gpu:l40s=1,gres/gpu=1,gres/tmp=1073741824,mem=96G,node=1","billing=8,cpu=8,gres/gpu=1,gres/tmp=1073741824,mem=96G,node=1",jnfat04,gpu_computervision,0,20260728_sftonly_cifar10_e5_4pattern_seed123,true,1
3043776.batch,batch,COMPLETED,0:0,2026-08-07T09:50:31,2026-08-07T09:50:31,2026-08-07T18:27:44,31033,"cpu=8,gres/gpu:l40s=1,gres/gpu=1,gres/tmp=1073741824,mem=96G,node=1",,jnfat04,,,20260728_sftonly_cifar10_e5_4pattern_seed123,true,1
3043776.extern,extern,COMPLETED,0:0,2026-08-07T09:50:31,2026-08-07T09:50:31,2026-08-07T18:27:44,31033,"billing=8,cpu=8,gres/gpu:l40s=1,gres/gpu=1,gres/tmp=1073741824,mem=96G,node=1",,jnfat04,,,20260728_sftonly_cifar10_e5_4pattern_seed123,true,1
3043777,sfte-4p123-04,COMPLETED,0:0,2026-08-07T09:35:41,2026-08-07T09:50:31,2026-08-07T18:11:52,30081,"billing=8,cpu=8,gres/gpu:l40s=1,gres/gpu=1,gres/tmp=1073741824,mem=96G,node=1","billing=8,cpu=8,gres/gpu=1,gres/tmp=1073741824,mem=96G,node=1",jnfat04,gpu_computervision,0,20260728_sftonly_cifar10_e5_4pattern_seed123,true,1
3043777.batch,batch,COMPLETED,0:0,2026-08-07T09:50:31,2026-08-07T09:50:31,2026-08-07T18:11:52,30081,"cpu=8,gres/gpu:l40s=1,gres/gpu=1,gres/tmp=1073741824,mem=96G,node=1",,jnfat04,,,20260728_sftonly_cifar10_e5_4pattern_seed123,true,1
3043777.extern,extern,COMPLETED,0:0,2026-08-07T09:50:31,2026-08-07T09:50:31,2026-08-07T18:11:52,30081,"billing=8,cpu=8,gres/gpu:l40s=1,gres/gpu=1,gres/tmp=1073741824,mem=96G,node=1",,jnfat04,,,20260728_sftonly_cifar10_e5_4pattern_seed123,true,1
3043778,sfte-4p123-05,COMPLETED,0:0,2026-08-07T09:35:41,2026-08-07T09:51:13,2026-08-07T18:58:17,32824,"billing=8,cpu=8,gres/gpu:l40=1,gres/gpu=1,gres/tmp=1073741824,mem=96G,node=1","billing=8,cpu=8,gres/gpu=1,gres/tmp=1073741824,mem=96G,node=1",jn120,standard,0,20260728_sftonly_cifar10_e5_4pattern_seed123,true,1
3043778.batch,batch,COMPLETED,0:0,2026-08-07T09:51:13,2026-08-07T09:51:13,2026-08-07T18:58:17,32824,"cpu=8,gres/gpu:l40=1,gres/gpu=1,gres/tmp=1073741824,mem=96G,node=1",,jn120,,,20260728_sftonly_cifar10_e5_4pattern_seed123,true,1
3043778.extern,extern,COMPLETED,0:0,2026-08-07T09:51:13,2026-08-07T09:51:13,2026-08-07T18:58:17,32824,"billing=8,cpu=8,gres/gpu:l40=1,gres/gpu=1,gres/tmp=1073741824,mem=96G,node=1",,jn120,,,20260728_sftonly_cifar10_e5_4pattern_seed123,true,1
3043779,sfte-4p123-09,CANCELLED by 221940,0:0,2026-08-07T09:35:41,2026-08-07T09:51:19,2026-08-07T11:04:50,4411,"billing=8,cpu=8,gres/gpu:l40=1,gres/gpu=1,gres/tmp=1073741824,mem=96G,node=1","billing=8,cpu=8,gres/gpu=1,gres/tmp=1073741824,mem=96G,node=1",jn008,standard,0,20260728_sftonly_cifar10_e5_4pattern_seed123,true,1
3043779.batch,batch,CANCELLED,0:15,2026-08-07T09:51:19,2026-08-07T09:51:19,2026-08-07T11:04:51,4412,"cpu=8,gres/gpu:l40=1,gres/gpu=1,gres/tmp=1073741824,mem=96G,node=1",,jn008,,,20260728_sftonly_cifar10_e5_4pattern_seed123,true,1
3043779.extern,extern,COMPLETED,0:0,2026-08-07T09:51:19,2026-08-07T09:51:19,2026-08-07T11:04:52,4413,"billing=8,cpu=8,gres/gpu:l40=1,gres/gpu=1,gres/tmp=1073741824,mem=96G,node=1",,jn008,,,20260728_sftonly_cifar10_e5_4pattern_seed123,true,1
3043780,sfte-4p123-11,CANCELLED by 221940,0:0,2026-08-07T09:35:41,2026-08-07T09:51:38,2026-08-07T11:04:50,4392,"billing=8,cpu=8,gres/gpu:l40=1,gres/gpu=1,gres/tmp=1073741824,mem=96G,node=1","billing=8,cpu=8,gres/gpu=1,gres/tmp=1073741824,mem=96G,node=1",jn104,standard,0,20260728_sftonly_cifar10_e5_4pattern_seed123,true,1
3043780.batch,batch,CANCELLED,0:15,2026-08-07T09:51:38,2026-08-07T09:51:38,2026-08-07T11:04:51,4393,"cpu=8,gres/gpu:l40=1,gres/gpu=1,gres/tmp=1073741824,mem=96G,node=1",,jn104,,,20260728_sftonly_cifar10_e5_4pattern_seed123,true,1
3043780.extern,extern,COMPLETED,0:0,2026-08-07T09:51:38,2026-08-07T09:51:38,2026-08-07T11:04:52,4394,"billing=8,cpu=8,gres/gpu:l40=1,gres/gpu=1,gres/tmp=1073741824,mem=96G,node=1",,jn104,,,20260728_sftonly_cifar10_e5_4pattern_seed123,true,1
3043782,sfte-1p123-c06,OUT_OF_MEMORY,0:125,2026-08-07T09:35:41,2026-08-07T10:26:30,2026-08-07T10:37:39,669,"billing=8,cpu=8,gres/gpu:h100=1,gres/gpu=1,gres/tmp=1073741824,mem=512G,node=1","billing=8,cpu=8,gres/gpu=1,gres/tmp=1073741824,mem=512G,node=1",jnultra01,h100,0,20260728_sftonly_cifar10_e5_1pattern_seed123,true,1
3043782.batch,batch,OUT_OF_MEMORY,0:125,2026-08-07T10:26:30,2026-08-07T10:26:30,2026-08-07T10:37:39,669,"cpu=8,gres/gpu:h100=1,gres/gpu=1,gres/tmp=1073741824,mem=512G,node=1",,jnultra01,,,20260728_sftonly_cifar10_e5_1pattern_seed123,true,1
3043782.extern,extern,COMPLETED,0:0,2026-08-07T10:26:30,2026-08-07T10:26:30,2026-08-07T10:37:39,669,"billing=8,cpu=8,gres/gpu:h100=1,gres/gpu=1,gres/tmp=1073741824,mem=512G,node=1",,jnultra01,,,20260728_sftonly_cifar10_e5_1pattern_seed123,true,1
3043789,rl-4p-c100-s42-q,FAILED,1:0,2026-08-07T09:37:42,2026-08-07T11:04:52,2026-08-07T16:29:30,19478,"billing=32,cpu=32,gres/gpu:h100=4,gres/gpu=4,gres/tmp=1073741824,mem=160G,node=1","billing=32,cpu=32,gres/gpu=4,gres/tmp=1073741824,mem=160G,node=1",jnultra01,h100,0,20260726_4pattern_a18_cifar100_e5_p3500_c1200_s100_h100x4_shared_full_reward_seed42,true,4
3043789.batch,batch,FAILED,1:0,2026-08-07T11:04:52,2026-08-07T11:04:52,2026-08-07T16:29:30,19478,"cpu=32,gres/gpu:h100=4,gres/gpu=4,gres/tmp=1073741824,mem=160G,node=1",,jnultra01,,,20260726_4pattern_a18_cifar100_e5_p3500_c1200_s100_h100x4_shared_full_reward_seed42,true,4
3043789.extern,extern,COMPLETED,0:0,2026-08-07T11:04:52,2026-08-07T11:04:52,2026-08-07T16:29:30,19478,"billing=32,cpu=32,gres/gpu:h100=4,gres/gpu=4,gres/tmp=1073741824,mem=160G,node=1",,jnultra01,,,20260726_4pattern_a18_cifar100_e5_p3500_c1200_s100_h100x4_shared_full_reward_seed42,true,4
3043791,rl-4p-c100-s123-q,FAILED,1:0,2026-08-07T09:37:42,2026-08-07T11:29:48,2026-08-07T16:29:29,17981,"billing=32,cpu=32,gres/gpu:h100=4,gres/gpu=4,gres/tmp=1073741824,mem=160G,node=1","billing=32,cpu=32,gres/gpu=4,gres/tmp=1073741824,mem=160G,node=1",jnultra02,h100,0,20260726_4pattern_a18_cifar100_e5_p3500_c1200_s100_h100x4_shared_full_reward_seed123,true,4
3043791.batch,batch,FAILED,1:0,2026-08-07T11:29:48,2026-08-07T11:29:48,2026-08-07T16:29:29,17981,"cpu=32,gres/gpu:h100=4,gres/gpu=4,gres/tmp=1073741824,mem=160G,node=1",,jnultra02,,,20260726_4pattern_a18_cifar100_e5_p3500_c1200_s100_h100x4_shared_full_reward_seed123,true,4
3043791.extern,extern,COMPLETED,0:0,2026-08-07T11:29:48,2026-08-07T11:29:48,2026-08-07T16:29:30,17982,"billing=32,cpu=32,gres/gpu:h100=4,gres/gpu=4,gres/tmp=1073741824,mem=160G,node=1",,jnultra02,,,20260726_4pattern_a18_cifar100_e5_p3500_c1200_s100_h100x4_shared_full_reward_seed123,true,4
3043793,rl-4p-c100-s777-q,FAILED,1:0,2026-08-07T09:37:42,2026-08-07T11:29:49,2026-08-07T17:46:31,22602,"billing=32,cpu=32,gres/gpu:h100=4,gres/gpu=4,gres/tmp=1073741824,mem=160G,node=1","billing=32,cpu=32,gres/gpu=4,gres/tmp=1073741824,mem=160G,node=1",jnultra02,h100,0,20260726_4pattern_a18_cifar100_e5_p3500_c1200_s100_h100x4_shared_full_reward_seed777,true,4
3043793.batch,batch,FAILED,1:0,2026-08-07T11:29:49,2026-08-07T11:29:49,2026-08-07T17:46:31,22602,"cpu=32,gres/gpu:h100=4,gres/gpu=4,gres/tmp=1073741824,mem=160G,node=1",,jnultra02,,,20260726_4pattern_a18_cifar100_e5_p3500_c1200_s100_h100x4_shared_full_reward_seed777,true,4
3043793.extern,extern,COMPLETED,0:0,2026-08-07T11:29:49,2026-08-07T11:29:49,2026-08-07T17:46:31,22602,"billing=32,cpu=32,gres/gpu:h100=4,gres/gpu=4,gres/tmp=1073741824,mem=160G,node=1",,jnultra02,,,20260726_4pattern_a18_cifar100_e5_p3500_c1200_s100_h100x4_shared_full_reward_seed777,true,4
3043853,sftg-4p514-04r,CANCELLED by 221940,0:0,2026-08-07T09:54:46,2026-08-07T09:55:04,2026-08-07T10:59:31,3867,"billing=8,cpu=8,gres/gpu:l40=1,gres/gpu=1,gres/tmp=1073741824,mem=64G,node=1","billing=8,cpu=8,gres/gpu=1,gres/tmp=1073741824,mem=64G,node=1",jn017,standard,0,20260728_sftonly_cifar10_e5_4pattern_seed514,false,1
3043853.batch,batch,CANCELLED,0:15,2026-08-07T09:55:04,2026-08-07T09:55:04,2026-08-07T10:59:31,3867,"cpu=8,gres/gpu:l40=1,gres/gpu=1,gres/tmp=1073741824,mem=64G,node=1",,jn017,,,20260728_sftonly_cifar10_e5_4pattern_seed514,false,1
3043853.extern,extern,COMPLETED,0:0,2026-08-07T09:55:04,2026-08-07T09:55:04,2026-08-07T10:59:31,3867,"billing=8,cpu=8,gres/gpu:l40=1,gres/gpu=1,gres/tmp=1073741824,mem=64G,node=1",,jn017,,,20260728_sftonly_cifar10_e5_4pattern_seed514,false,1
3043943,sftg-4p42-02c,COMPLETED,0:0,2026-08-07T10:06:20,2026-08-07T11:18:39,2026-08-07T13:32:45,8046,"billing=8,cpu=8,gres/gpu:l40=1,gres/gpu=1,gres/tmp=1073741824,mem=64G,node=1","billing=8,cpu=8,gres/gpu=1,gres/tmp=1073741824,mem=64G,node=1",jn009,standard,0,20260728_sftonly_cifar10_e5_4pattern_seed42,true,1
3043943.batch,batch,COMPLETED,0:0,2026-08-07T11:18:39,2026-08-07T11:18:39,2026-08-07T13:32:45,8046,"cpu=8,gres/gpu:l40=1,gres/gpu=1,gres/tmp=1073741824,mem=64G,node=1",,jn009,,,20260728_sftonly_cifar10_e5_4pattern_seed42,true,1
3043943.extern,extern,COMPLETED,0:0,2026-08-07T11:18:39,2026-08-07T11:18:39,2026-08-07T13:32:45,8046,"billing=8,cpu=8,gres/gpu:l40=1,gres/gpu=1,gres/tmp=1073741824,mem=64G,node=1",,jn009,,,20260728_sftonly_cifar10_e5_4pattern_seed42,true,1
3043944,sftg-4p42-03c,COMPLETED,0:0,2026-08-07T10:06:20,2026-08-07T11:17:51,2026-08-07T13:51:06,9195,"billing=8,cpu=8,gres/gpu:l40=1,gres/gpu=1,gres/tmp=1073741824,mem=64G,node=1","billing=8,cpu=8,gres/gpu=1,gres/tmp=1073741824,mem=64G,node=1",jn103,standard,0,20260728_sftonly_cifar10_e5_4pattern_seed42,true,1
3043944.batch,batch,COMPLETED,0:0,2026-08-07T11:17:51,2026-08-07T11:17:51,2026-08-07T13:51:06,9195,"cpu=8,gres/gpu:l40=1,gres/gpu=1,gres/tmp=1073741824,mem=64G,node=1",,jn103,,,20260728_sftonly_cifar10_e5_4pattern_seed42,true,1
3043944.extern,extern,COMPLETED,0:0,2026-08-07T11:17:51,2026-08-07T11:17:51,2026-08-07T13:51:06,9195,"billing=8,cpu=8,gres/gpu:l40=1,gres/gpu=1,gres/tmp=1073741824,mem=64G,node=1",,jn103,,,20260728_sftonly_cifar10_e5_4pattern_seed42,true,1
3044074,sftgm-1p42-400,COMPLETED,0:0,2026-08-07T11:04:50,2026-08-07T11:51:28,2026-08-07T11:51:34,6,"billing=2,cpu=2,gres/tmp=1073741824,mem=4G,node=1","billing=2,cpu=2,gres/tmp=1073741824,mem=4G,node=1",jn010,small_cpu,0,20260728_sftonly_cifar10_e5_1pattern_seed42,true,
3044074.batch,batch,COMPLETED,0:0,2026-08-07T11:51:28,2026-08-07T11:51:28,2026-08-07T11:51:34,6,"cpu=2,gres/tmp=1073741824,mem=4G,node=1",,jn010,,,20260728_sftonly_cifar10_e5_1pattern_seed42,true,
3044074.extern,extern,COMPLETED,0:0,2026-08-07T11:51:28,2026-08-07T11:51:28,2026-08-07T11:51:34,6,"billing=2,cpu=2,gres/tmp=1073741824,mem=4G,node=1",,jn010,,,20260728_sftonly_cifar10_e5_1pattern_seed42,true,
3044075,sfte-1p42-400-0,COMPLETED,0:0,2026-08-07T11:04:50,2026-08-07T11:51:39,2026-08-07T17:44:52,21193,"billing=8,cpu=8,gres/gpu:l40=1,gres/gpu=1,gres/tmp=1073741824,mem=96G,node=1","billing=8,cpu=8,gres/gpu=1,gres/tmp=1073741824,mem=96G,node=1",jn107,standard,0,20260728_sftonly_cifar10_e5_1pattern_seed42,true,1
3044075.batch,batch,COMPLETED,0:0,2026-08-07T11:51:39,2026-08-07T11:51:39,2026-08-07T17:44:52,21193,"cpu=8,gres/gpu:l40=1,gres/gpu=1,gres/tmp=1073741824,mem=96G,node=1",,jn107,,,20260728_sftonly_cifar10_e5_1pattern_seed42,true,1
3044075.extern,extern,COMPLETED,0:0,2026-08-07T11:51:39,2026-08-07T11:51:39,2026-08-07T17:44:52,21193,"billing=8,cpu=8,gres/gpu:l40=1,gres/gpu=1,gres/tmp=1073741824,mem=96G,node=1",,jn107,,,20260728_sftonly_cifar10_e5_1pattern_seed42,true,1
3044076,sfte-1p42-400-1,COMPLETED,0:0,2026-08-07T11:04:50,2026-08-07T11:52:34,2026-08-07T17:06:36,18842,"billing=8,cpu=8,gres/gpu:l40s=1,gres/gpu=1,gres/tmp=1073741824,mem=96G,node=1","billing=8,cpu=8,gres/gpu=1,gres/tmp=1073741824,mem=96G,node=1",jnfat09,standard,0,20260728_sftonly_cifar10_e5_1pattern_seed42,true,1
3044076.batch,batch,COMPLETED,0:0,2026-08-07T11:52:34,2026-08-07T11:52:34,2026-08-07T17:06:36,18842,"cpu=8,gres/gpu:l40s=1,gres/gpu=1,gres/tmp=1073741824,mem=96G,node=1",,jnfat09,,,20260728_sftonly_cifar10_e5_1pattern_seed42,true,1
3044076.extern,extern,COMPLETED,0:0,2026-08-07T11:52:34,2026-08-07T11:52:34,2026-08-07T17:06:36,18842,"billing=8,cpu=8,gres/gpu:l40s=1,gres/gpu=1,gres/tmp=1073741824,mem=96G,node=1",,jnfat09,,,20260728_sftonly_cifar10_e5_1pattern_seed42,true,1
3044077,sfte-1p42-400-2,COMPLETED,0:0,2026-08-07T11:04:50,2026-08-07T11:51:34,2026-08-07T16:42:53,17479,"billing=8,cpu=8,gres/gpu:l40=1,gres/gpu=1,gres/tmp=1073741824,mem=96G,node=1","billing=8,cpu=8,gres/gpu=1,gres/tmp=1073741824,mem=96G,node=1",jn114,standard,0,20260728_sftonly_cifar10_e5_1pattern_seed42,true,1
3044077.batch,batch,COMPLETED,0:0,2026-08-07T11:51:34,2026-08-07T11:51:34,2026-08-07T16:42:53,17479,"cpu=8,gres/gpu:l40=1,gres/gpu=1,gres/tmp=1073741824,mem=96G,node=1",,jn114,,,20260728_sftonly_cifar10_e5_1pattern_seed42,true,1
3044077.extern,extern,COMPLETED,0:0,2026-08-07T11:51:34,2026-08-07T11:51:34,2026-08-07T16:42:53,17479,"billing=8,cpu=8,gres/gpu:l40=1,gres/gpu=1,gres/tmp=1073741824,mem=96G,node=1",,jn114,,,20260728_sftonly_cifar10_e5_1pattern_seed42,true,1
3044078,sfte-1p42-400-3,COMPLETED,0:0,2026-08-07T11:04:50,2026-08-07T11:51:34,2026-08-07T16:40:13,17319,"billing=8,cpu=8,gres/gpu:l40s=1,gres/gpu=1,gres/tmp=1073741824,mem=96G,node=1","billing=8,cpu=8,gres/gpu=1,gres/tmp=1073741824,mem=96G,node=1",jnfat08,standard,0,20260728_sftonly_cifar10_e5_1pattern_seed42,true,1
3044078.batch,batch,COMPLETED,0:0,2026-08-07T11:51:34,2026-08-07T11:51:34,2026-08-07T16:40:13,17319,"cpu=8,gres/gpu:l40s=1,gres/gpu=1,gres/tmp=1073741824,mem=96G,node=1",,jnfat08,,,20260728_sftonly_cifar10_e5_1pattern_seed42,true,1
3044078.extern,extern,COMPLETED,0:0,2026-08-07T11:51:34,2026-08-07T11:51:34,2026-08-07T16:40:13,17319,"billing=8,cpu=8,gres/gpu:l40s=1,gres/gpu=1,gres/tmp=1073741824,mem=96G,node=1",,jnfat08,,,20260728_sftonly_cifar10_e5_1pattern_seed42,true,1
3044079,sfte-1p42-400-4,COMPLETED,0:0,2026-08-07T11:04:50,2026-08-07T11:51:34,2026-08-07T16:59:09,18455,"billing=8,cpu=8,gres/gpu:l40=1,gres/gpu=1,gres/tmp=1073741824,mem=96G,node=1","billing=8,cpu=8,gres/gpu=1,gres/tmp=1073741824,mem=96G,node=1",jn110,standard,0,20260728_sftonly_cifar10_e5_1pattern_seed42,true,1
3044079.batch,batch,COMPLETED,0:0,2026-08-07T11:51:34,2026-08-07T11:51:34,2026-08-07T16:59:09,18455,"cpu=8,gres/gpu:l40=1,gres/gpu=1,gres/tmp=1073741824,mem=96G,node=1",,jn110,,,20260728_sftonly_cifar10_e5_1pattern_seed42,true,1
3044079.extern,extern,COMPLETED,0:0,2026-08-07T11:51:34,2026-08-07T11:51:34,2026-08-07T16:59:09,18455,"billing=8,cpu=8,gres/gpu:l40=1,gres/gpu=1,gres/tmp=1073741824,mem=96G,node=1",,jn110,,,20260728_sftonly_cifar10_e5_1pattern_seed42,true,1
3044080,sfte-1p42-400-5,COMPLETED,0:0,2026-08-07T11:04:50,2026-08-07T11:52:37,2026-08-07T16:21:46,16149,"billing=8,cpu=8,gres/gpu:l40=1,gres/gpu=1,gres/tmp=1073741824,mem=96G,node=1","billing=8,cpu=8,gres/gpu=1,gres/tmp=1073741824,mem=96G,node=1",jn010,standard,0,20260728_sftonly_cifar10_e5_1pattern_seed42,true,1
3044080.batch,batch,COMPLETED,0:0,2026-08-07T11:52:37,2026-08-07T11:52:37,2026-08-07T16:21:46,16149,"cpu=8,gres/gpu:l40=1,gres/gpu=1,gres/tmp=1073741824,mem=96G,node=1",,jn010,,,20260728_sftonly_cifar10_e5_1pattern_seed42,true,1
3044080.extern,extern,COMPLETED,0:0,2026-08-07T11:52:37,2026-08-07T11:52:37,2026-08-07T16:21:46,16149,"billing=8,cpu=8,gres/gpu:l40=1,gres/gpu=1,gres/tmp=1073741824,mem=96G,node=1",,jn010,,,20260728_sftonly_cifar10_e5_1pattern_seed42,true,1
3044081,sfte-1p42-400-6,COMPLETED,0:0,2026-08-07T11:04:50,2026-08-07T11:52:27,2026-08-07T17:03:56,18689,"billing=8,cpu=8,gres/gpu:l40=1,gres/gpu=1,gres/tmp=1073741824,mem=96G,node=1","billing=8,cpu=8,gres/gpu=1,gres/tmp=1073741824,mem=96G,node=1",jn108,standard,0,20260728_sftonly_cifar10_e5_1pattern_seed42,true,1
3044081.batch,batch,COMPLETED,0:0,2026-08-07T11:52:27,2026-08-07T11:52:27,2026-08-07T17:03:56,18689,"cpu=8,gres/gpu:l40=1,gres/gpu=1,gres/tmp=1073741824,mem=96G,node=1",,jn108,,,20260728_sftonly_cifar10_e5_1pattern_seed42,true,1
3044081.extern,extern,COMPLETED,0:0,2026-08-07T11:52:27,2026-08-07T11:52:27,2026-08-07T17:03:56,18689,"billing=8,cpu=8,gres/gpu:l40=1,gres/gpu=1,gres/tmp=1073741824,mem=96G,node=1",,jn108,,,20260728_sftonly_cifar10_e5_1pattern_seed42,true,1
3044082,sfte-1p42-400-7,COMPLETED,0:0,2026-08-07T11:04:50,2026-08-07T11:52:46,2026-08-07T15:54:43,14517,"billing=8,cpu=8,gres/gpu:l40s=1,gres/gpu=1,gres/tmp=1073741824,mem=96G,node=1","billing=8,cpu=8,gres/gpu=1,gres/tmp=1073741824,mem=96G,node=1",jnfat09,standard,0,20260728_sftonly_cifar10_e5_1pattern_seed42,true,1
3044082.batch,batch,COMPLETED,0:0,2026-08-07T11:52:46,2026-08-07T11:52:46,2026-08-07T15:54:43,14517,"cpu=8,gres/gpu:l40s=1,gres/gpu=1,gres/tmp=1073741824,mem=96G,node=1",,jnfat09,,,20260728_sftonly_cifar10_e5_1pattern_seed42,true,1
3044082.extern,extern,COMPLETED,0:0,2026-08-07T11:52:46,2026-08-07T11:52:46,2026-08-07T15:54:43,14517,"billing=8,cpu=8,gres/gpu:l40s=1,gres/gpu=1,gres/tmp=1073741824,mem=96G,node=1",,jnfat09,,,20260728_sftonly_cifar10_e5_1pattern_seed42,true,1
3044083,sftm-1p42-400,COMPLETED,0:0,2026-08-07T11:04:50,2026-08-07T17:44:53,2026-08-07T17:44:57,4,"billing=2,cpu=2,gres/tmp=1073741824,mem=8G,node=1","billing=2,cpu=2,gres/tmp=1073741824,mem=8G,node=1",jn013,small_cpu,0,20260728_sftonly_cifar10_e5_1pattern_seed42,true,
3044083.batch,batch,COMPLETED,0:0,2026-08-07T17:44:53,2026-08-07T17:44:53,2026-08-07T17:44:57,4,"cpu=2,gres/tmp=1073741824,mem=8G,node=1",,jn013,,,20260728_sftonly_cifar10_e5_1pattern_seed42,true,
3044083.extern,extern,COMPLETED,0:0,2026-08-07T17:44:53,2026-08-07T17:44:53,2026-08-07T17:44:57,4,"billing=2,cpu=2,gres/tmp=1073741824,mem=8G,node=1",,jn013,,,20260728_sftonly_cifar10_e5_1pattern_seed42,true,
3044084,sftgm-1p777-400,COMPLETED,0:0,2026-08-07T11:04:50,2026-08-07T11:55:50,2026-08-07T11:55:57,7,"billing=2,cpu=2,gres/tmp=1073741824,mem=4G,node=1","billing=2,cpu=2,gres/tmp=1073741824,mem=4G,node=1",jn007,small_cpu,0,20260728_sftonly_cifar10_e5_1pattern_seed777,true,
3044084.batch,batch,COMPLETED,0:0,2026-08-07T11:55:50,2026-08-07T11:55:50,2026-08-07T11:55:57,7,"cpu=2,gres/tmp=1073741824,mem=4G,node=1",,jn007,,,20260728_sftonly_cifar10_e5_1pattern_seed777,true,
3044084.extern,extern,COMPLETED,0:0,2026-08-07T11:55:50,2026-08-07T11:55:50,2026-08-07T11:55:57,7,"billing=2,cpu=2,gres/tmp=1073741824,mem=4G,node=1",,jn007,,,20260728_sftonly_cifar10_e5_1pattern_seed777,true,
3044085,sfte-1p777-400-0,COMPLETED,0:0,2026-08-07T11:04:50,2026-08-07T20:25:56,2026-08-07T22:58:14,9138,"billing=8,cpu=8,gres/gpu:h100=1,gres/gpu=1,gres/tmp=1073741824,mem=96G,node=1","billing=8,cpu=8,gres/gpu=1,gres/tmp=1073741824,mem=96G,node=1",jnultra01,h100,0,20260728_sftonly_cifar10_e5_1pattern_seed777,true,1
3044085.batch,batch,COMPLETED,0:0,2026-08-07T20:25:56,2026-08-07T20:25:56,2026-08-07T22:58:14,9138,"cpu=8,gres/gpu:h100=1,gres/gpu=1,gres/tmp=1073741824,mem=96G,node=1",,jnultra01,,,20260728_sftonly_cifar10_e5_1pattern_seed777,true,1
3044085.extern,extern,COMPLETED,0:0,2026-08-07T20:25:56,2026-08-07T20:25:56,2026-08-07T22:58:14,9138,"billing=8,cpu=8,gres/gpu:h100=1,gres/gpu=1,gres/tmp=1073741824,mem=96G,node=1",,jnultra01,,,20260728_sftonly_cifar10_e5_1pattern_seed777,true,1
3044086,sfte-1p777-400-1,COMPLETED,0:0,2026-08-07T11:04:50,2026-08-07T19:26:44,2026-08-07T21:54:40,8876,"billing=8,cpu=8,gres/gpu:h100=1,gres/gpu=1,gres/tmp=1073741824,mem=96G,node=1","billing=8,cpu=8,gres/gpu=1,gres/tmp=1073741824,mem=96G,node=1",jnultra01,h100,0,20260728_sftonly_cifar10_e5_1pattern_seed777,true,1
3044086.batch,batch,COMPLETED,0:0,2026-08-07T19:26:44,2026-08-07T19:26:44,2026-08-07T21:54:40,8876,"cpu=8,gres/gpu:h100=1,gres/gpu=1,gres/tmp=1073741824,mem=96G,node=1",,jnultra01,,,20260728_sftonly_cifar10_e5_1pattern_seed777,true,1
3044086.extern,extern,COMPLETED,0:0,2026-08-07T19:26:44,2026-08-07T19:26:44,2026-08-07T21:54:40,8876,"billing=8,cpu=8,gres/gpu:h100=1,gres/gpu=1,gres/tmp=1073741824,mem=96G,node=1",,jnultra01,,,20260728_sftonly_cifar10_e5_1pattern_seed777,true,1
3044087,sfte-1p777-400-2,COMPLETED,0:0,2026-08-07T11:04:50,2026-08-07T18:27:45,2026-08-07T20:51:01,8596,"billing=8,cpu=8,gres/gpu:h100=1,gres/gpu=1,gres/tmp=1073741824,mem=96G,node=1","billing=8,cpu=8,gres/gpu=1,gres/tmp=1073741824,mem=96G,node=1",jnultra01,h100,0,20260728_sftonly_cifar10_e5_1pattern_seed777,true,1
3044087.batch,batch,COMPLETED,0:0,2026-08-07T18:27:45,2026-08-07T18:27:45,2026-08-07T20:51:01,8596,"cpu=8,gres/gpu:h100=1,gres/gpu=1,gres/tmp=1073741824,mem=96G,node=1",,jnultra01,,,20260728_sftonly_cifar10_e5_1pattern_seed777,true,1
3044087.extern,extern,COMPLETED,0:0,2026-08-07T18:27:45,2026-08-07T18:27:45,2026-08-07T20:51:01,8596,"billing=8,cpu=8,gres/gpu:h100=1,gres/gpu=1,gres/tmp=1073741824,mem=96G,node=1",,jnultra01,,,20260728_sftonly_cifar10_e5_1pattern_seed777,true,1
3044088,sfte-1p777-400-3,COMPLETED,0:0,2026-08-07T11:04:50,2026-08-07T18:11:52,2026-08-07T20:39:50,8878,"billing=8,cpu=8,gres/gpu:h100=1,gres/gpu=1,gres/tmp=1073741824,mem=96G,node=1","billing=8,cpu=8,gres/gpu=1,gres/tmp=1073741824,mem=96G,node=1",jnultra01,h100,0,20260728_sftonly_cifar10_e5_1pattern_seed777,true,1
3044088.batch,batch,COMPLETED,0:0,2026-08-07T18:11:52,2026-08-07T18:11:52,2026-08-07T20:39:50,8878,"cpu=8,gres/gpu:h100=1,gres/gpu=1,gres/tmp=1073741824,mem=96G,node=1",,jnultra01,,,20260728_sftonly_cifar10_e5_1pattern_seed777,true,1
3044088.extern,extern,COMPLETED,0:0,2026-08-07T18:11:52,2026-08-07T18:11:52,2026-08-07T20:39:50,8878,"billing=8,cpu=8,gres/gpu:h100=1,gres/gpu=1,gres/tmp=1073741824,mem=96G,node=1",,jnultra01,,,20260728_sftonly_cifar10_e5_1pattern_seed777,true,1
3044089,sfte-1p777-400-4,COMPLETED,0:0,2026-08-07T11:04:50,2026-08-07T18:58:17,2026-08-07T21:30:47,9150,"billing=8,cpu=8,gres/gpu:h100=1,gres/gpu=1,gres/tmp=1073741824,mem=96G,node=1","billing=8,cpu=8,gres/gpu=1,gres/tmp=1073741824,mem=96G,node=1",jnultra01,h100,0,20260728_sftonly_cifar10_e5_1pattern_seed777,true,1
3044089.batch,batch,COMPLETED,0:0,2026-08-07T18:58:17,2026-08-07T18:58:17,2026-08-07T21:30:47,9150,"cpu=8,gres/gpu:h100=1,gres/gpu=1,gres/tmp=1073741824,mem=96G,node=1",,jnultra01,,,20260728_sftonly_cifar10_e5_1pattern_seed777,true,1
3044089.extern,extern,COMPLETED,0:0,2026-08-07T18:58:17,2026-08-07T18:58:17,2026-08-07T21:30:47,9150,"billing=8,cpu=8,gres/gpu:h100=1,gres/gpu=1,gres/tmp=1073741824,mem=96G,node=1",,jnultra01,,,20260728_sftonly_cifar10_e5_1pattern_seed777,true,1
3044090,sfte-1p777-400-5,COMPLETED,0:0,2026-08-07T11:04:50,2026-08-07T11:56:01,2026-08-07T17:01:14,18313,"billing=8,cpu=8,gres/gpu:l40=1,gres/gpu=1,gres/tmp=1073741824,mem=96G,node=1","billing=8,cpu=8,gres/gpu=1,gres/tmp=1073741824,mem=96G,node=1",jn104,standard,0,20260728_sftonly_cifar10_e5_1pattern_seed777,true,1
3044090.batch,batch,COMPLETED,0:0,2026-08-07T11:56:01,2026-08-07T11:56:01,2026-08-07T17:01:14,18313,"cpu=8,gres/gpu:l40=1,gres/gpu=1,gres/tmp=1073741824,mem=96G,node=1",,jn104,,,20260728_sftonly_cifar10_e5_1pattern_seed777,true,1
3044090.extern,extern,COMPLETED,0:0,2026-08-07T11:56:01,2026-08-07T11:56:01,2026-08-07T17:01:14,18313,"billing=8,cpu=8,gres/gpu:l40=1,gres/gpu=1,gres/tmp=1073741824,mem=96G,node=1",,jn104,,,20260728_sftonly_cifar10_e5_1pattern_seed777,true,1
3044091,sfte-1p777-400-6,COMPLETED,0:0,2026-08-07T11:04:50,2026-08-07T11:56:08,2026-08-07T16:33:14,16626,"billing=8,cpu=8,gres/gpu:l40=1,gres/gpu=1,gres/tmp=1073741824,mem=96G,node=1","billing=8,cpu=8,gres/gpu=1,gres/tmp=1073741824,mem=96G,node=1",jn002,standard,0,20260728_sftonly_cifar10_e5_1pattern_seed777,true,1
3044091.batch,batch,COMPLETED,0:0,2026-08-07T11:56:08,2026-08-07T11:56:08,2026-08-07T16:33:14,16626,"cpu=8,gres/gpu:l40=1,gres/gpu=1,gres/tmp=1073741824,mem=96G,node=1",,jn002,,,20260728_sftonly_cifar10_e5_1pattern_seed777,true,1
3044091.extern,extern,COMPLETED,0:0,2026-08-07T11:56:08,2026-08-07T11:56:08,2026-08-07T16:33:14,16626,"billing=8,cpu=8,gres/gpu:l40=1,gres/gpu=1,gres/tmp=1073741824,mem=96G,node=1",,jn002,,,20260728_sftonly_cifar10_e5_1pattern_seed777,true,1
3044092,sfte-1p777-400-7,COMPLETED,0:0,2026-08-07T11:04:50,2026-08-07T11:55:57,2026-08-07T17:05:18,18561,"billing=8,cpu=8,gres/gpu:l40=1,gres/gpu=1,gres/tmp=1073741824,mem=96G,node=1","billing=8,cpu=8,gres/gpu=1,gres/tmp=1073741824,mem=96G,node=1",jn102,standard,0,20260728_sftonly_cifar10_e5_1pattern_seed777,true,1
3044092.batch,batch,COMPLETED,0:0,2026-08-07T11:55:57,2026-08-07T11:55:57,2026-08-07T17:05:18,18561,"cpu=8,gres/gpu:l40=1,gres/gpu=1,gres/tmp=1073741824,mem=96G,node=1",,jn102,,,20260728_sftonly_cifar10_e5_1pattern_seed777,true,1
3044092.extern,extern,COMPLETED,0:0,2026-08-07T11:55:57,2026-08-07T11:55:57,2026-08-07T17:05:18,18561,"billing=8,cpu=8,gres/gpu:l40=1,gres/gpu=1,gres/tmp=1073741824,mem=96G,node=1",,jn102,,,20260728_sftonly_cifar10_e5_1pattern_seed777,true,1
3044093,sftm-1p777-400,COMPLETED,0:0,2026-08-07T11:04:50,2026-08-07T22:58:14,2026-08-07T22:58:18,4,"billing=2,cpu=2,gres/tmp=1073741824,mem=8G,node=1","billing=2,cpu=2,gres/tmp=1073741824,mem=8G,node=1",jn019,small_cpu,0,20260728_sftonly_cifar10_e5_1pattern_seed777,true,
3044093.batch,batch,COMPLETED,0:0,2026-08-07T22:58:14,2026-08-07T22:58:14,2026-08-07T22:58:18,4,"cpu=2,gres/tmp=1073741824,mem=8G,node=1",,jn019,,,20260728_sftonly_cifar10_e5_1pattern_seed777,true,
3044093.extern,extern,COMPLETED,0:0,2026-08-07T22:58:14,2026-08-07T22:58:14,2026-08-07T22:58:18,4,"billing=2,cpu=2,gres/tmp=1073741824,mem=8G,node=1",,jn019,,,20260728_sftonly_cifar10_e5_1pattern_seed777,true,
3044094,sftgm-4p42-400,COMPLETED,0:0,2026-08-07T11:04:50,2026-08-07T13:51:06,2026-08-07T13:51:10,4,"billing=2,cpu=2,gres/tmp=1073741824,mem=4G,node=1","billing=2,cpu=2,gres/tmp=1073741824,mem=4G,node=1",jn004,small_cpu,0,20260728_sftonly_cifar10_e5_4pattern_seed42,true,
3044094.batch,batch,COMPLETED,0:0,2026-08-07T13:51:06,2026-08-07T13:51:06,2026-08-07T13:51:10,4,"cpu=2,gres/tmp=1073741824,mem=4G,node=1",,jn004,,,20260728_sftonly_cifar10_e5_4pattern_seed42,true,
3044094.extern,extern,COMPLETED,0:0,2026-08-07T13:51:06,2026-08-07T13:51:06,2026-08-07T13:51:10,4,"billing=2,cpu=2,gres/tmp=1073741824,mem=4G,node=1",,jn004,,,20260728_sftonly_cifar10_e5_4pattern_seed42,true,
3044095,sfte-4p42-400-0,COMPLETED,0:0,2026-08-07T11:04:50,2026-08-07T13:51:28,2026-08-07T22:06:07,29679,"billing=8,cpu=8,gres/gpu:l40s=1,gres/gpu=1,gres/tmp=1073741824,mem=96G,node=1","billing=8,cpu=8,gres/gpu=1,gres/tmp=1073741824,mem=96G,node=1",jnfat03,standard,0,20260728_sftonly_cifar10_e5_4pattern_seed42,true,1
3044095.batch,batch,COMPLETED,0:0,2026-08-07T13:51:28,2026-08-07T13:51:28,2026-08-07T22:06:07,29679,"cpu=8,gres/gpu:l40s=1,gres/gpu=1,gres/tmp=1073741824,mem=96G,node=1",,jnfat03,,,20260728_sftonly_cifar10_e5_4pattern_seed42,true,1
3044095.extern,extern,COMPLETED,0:0,2026-08-07T13:51:28,2026-08-07T13:51:28,2026-08-07T22:06:07,29679,"billing=8,cpu=8,gres/gpu:l40s=1,gres/gpu=1,gres/tmp=1073741824,mem=96G,node=1",,jnfat03,,,20260728_sftonly_cifar10_e5_4pattern_seed42,true,1
3044096,sfte-4p42-400-1,COMPLETED,0:0,2026-08-07T11:04:50,2026-08-07T13:51:29,2026-08-07T22:08:39,29830,"billing=8,cpu=8,gres/gpu:l40=1,gres/gpu=1,gres/tmp=1073741824,mem=96G,node=1","billing=8,cpu=8,gres/gpu=1,gres/tmp=1073741824,mem=96G,node=1",jn020,standard,0,20260728_sftonly_cifar10_e5_4pattern_seed42,true,1
3044096.batch,batch,COMPLETED,0:0,2026-08-07T13:51:29,2026-08-07T13:51:29,2026-08-07T22:08:39,29830,"cpu=8,gres/gpu:l40=1,gres/gpu=1,gres/tmp=1073741824,mem=96G,node=1",,jn020,,,20260728_sftonly_cifar10_e5_4pattern_seed42,true,1
3044096.extern,extern,COMPLETED,0:0,2026-08-07T13:51:29,2026-08-07T13:51:29,2026-08-07T22:08:39,29830,"billing=8,cpu=8,gres/gpu:l40=1,gres/gpu=1,gres/tmp=1073741824,mem=96G,node=1",,jn020,,,20260728_sftonly_cifar10_e5_4pattern_seed42,true,1
3044097,sfte-4p42-400-2,COMPLETED,0:0,2026-08-07T11:04:50,2026-08-07T13:53:32,2026-08-07T22:47:35,32043,"billing=8,cpu=8,gres/gpu:l40=1,gres/gpu=1,gres/tmp=1073741824,mem=96G,node=1","billing=8,cpu=8,gres/gpu=1,gres/tmp=1073741824,mem=96G,node=1",jn011,standard,0,20260728_sftonly_cifar10_e5_4pattern_seed42,true,1
3044097.batch,batch,COMPLETED,0:0,2026-08-07T13:53:32,2026-08-07T13:53:32,2026-08-07T22:47:35,32043,"cpu=8,gres/gpu:l40=1,gres/gpu=1,gres/tmp=1073741824,mem=96G,node=1",,jn011,,,20260728_sftonly_cifar10_e5_4pattern_seed42,true,1
3044097.extern,extern,COMPLETED,0:0,2026-08-07T13:53:32,2026-08-07T13:53:32,2026-08-07T22:47:36,32044,"billing=8,cpu=8,gres/gpu:l40=1,gres/gpu=1,gres/tmp=1073741824,mem=96G,node=1",,jn011,,,20260728_sftonly_cifar10_e5_4pattern_seed42,true,1
3044098,sfte-4p42-400-3,COMPLETED,0:0,2026-08-07T11:04:50,2026-08-07T13:54:39,2026-08-07T22:06:43,29524,"billing=8,cpu=8,gres/gpu:l40=1,gres/gpu=1,gres/tmp=1073741824,mem=96G,node=1","billing=8,cpu=8,gres/gpu=1,gres/tmp=1073741824,mem=96G,node=1",jn113,standard,0,20260728_sftonly_cifar10_e5_4pattern_seed42,true,1
3044098.batch,batch,COMPLETED,0:0,2026-08-07T13:54:39,2026-08-07T13:54:39,2026-08-07T22:06:43,29524,"cpu=8,gres/gpu:l40=1,gres/gpu=1,gres/tmp=1073741824,mem=96G,node=1",,jn113,,,20260728_sftonly_cifar10_e5_4pattern_seed42,true,1
3044098.extern,extern,COMPLETED,0:0,2026-08-07T13:54:39,2026-08-07T13:54:39,2026-08-07T22:06:43,29524,"billing=8,cpu=8,gres/gpu:l40=1,gres/gpu=1,gres/tmp=1073741824,mem=96G,node=1",,jn113,,,20260728_sftonly_cifar10_e5_4pattern_seed42,true,1
3044099,sfte-4p42-400-4,COMPLETED,0:0,2026-08-07T11:04:50,2026-08-07T17:44:53,2026-08-07T21:40:12,14119,"billing=8,cpu=8,gres/gpu:h100=1,gres/gpu=1,gres/tmp=1073741824,mem=96G,node=1","billing=8,cpu=8,gres/gpu=1,gres/tmp=1073741824,mem=96G,node=1",jnultra02,h100,0,20260728_sftonly_cifar10_e5_4pattern_seed42,true,1
3044099.batch,batch,COMPLETED,0:0,2026-08-07T17:44:53,2026-08-07T17:44:53,2026-08-07T21:40:12,14119,"cpu=8,gres/gpu:h100=1,gres/gpu=1,gres/tmp=1073741824,mem=96G,node=1",,jnultra02,,,20260728_sftonly_cifar10_e5_4pattern_seed42,true,1
3044099.extern,extern,COMPLETED,0:0,2026-08-07T17:44:53,2026-08-07T17:44:53,2026-08-07T21:40:12,14119,"billing=8,cpu=8,gres/gpu:h100=1,gres/gpu=1,gres/tmp=1073741824,mem=96G,node=1",,jnultra02,,,20260728_sftonly_cifar10_e5_4pattern_seed42,true,1
3044100,sfte-4p42-400-5,COMPLETED,0:0,2026-08-07T11:04:50,2026-08-07T17:06:36,2026-08-07T21:44:36,16680,"billing=8,cpu=8,gres/gpu:h100=1,gres/gpu=1,gres/tmp=1073741824,mem=96G,node=1","billing=8,cpu=8,gres/gpu=1,gres/tmp=1073741824,mem=96G,node=1",jnultra02,h100,0,20260728_sftonly_cifar10_e5_4pattern_seed42,true,1
3044100.batch,batch,COMPLETED,0:0,2026-08-07T17:06:36,2026-08-07T17:06:36,2026-08-07T21:44:36,16680,"cpu=8,gres/gpu:h100=1,gres/gpu=1,gres/tmp=1073741824,mem=96G,node=1",,jnultra02,,,20260728_sftonly_cifar10_e5_4pattern_seed42,true,1
3044100.extern,extern,COMPLETED,0:0,2026-08-07T17:06:36,2026-08-07T17:06:36,2026-08-07T21:44:36,16680,"billing=8,cpu=8,gres/gpu:h100=1,gres/gpu=1,gres/tmp=1073741824,mem=96G,node=1",,jnultra02,,,20260728_sftonly_cifar10_e5_4pattern_seed42,true,1
3044101,sfte-4p42-400-6,COMPLETED,0:0,2026-08-07T11:04:50,2026-08-07T16:42:53,2026-08-07T20:50:22,14849,"billing=8,cpu=8,gres/gpu:h100=1,gres/gpu=1,gres/tmp=1073741824,mem=96G,node=1","billing=8,cpu=8,gres/gpu=1,gres/tmp=1073741824,mem=96G,node=1",jnultra01,h100,0,20260728_sftonly_cifar10_e5_4pattern_seed42,true,1
3044101.batch,batch,COMPLETED,0:0,2026-08-07T16:42:53,2026-08-07T16:42:53,2026-08-07T20:50:22,14849,"cpu=8,gres/gpu:h100=1,gres/gpu=1,gres/tmp=1073741824,mem=96G,node=1",,jnultra01,,,20260728_sftonly_cifar10_e5_4pattern_seed42,true,1
3044101.extern,extern,COMPLETED,0:0,2026-08-07T16:42:53,2026-08-07T16:42:53,2026-08-07T20:50:22,14849,"billing=8,cpu=8,gres/gpu:h100=1,gres/gpu=1,gres/tmp=1073741824,mem=96G,node=1",,jnultra01,,,20260728_sftonly_cifar10_e5_4pattern_seed42,true,1
3044102,sfte-4p42-400-7,COMPLETED,0:0,2026-08-07T11:04:50,2026-08-07T16:40:13,2026-08-07T20:47:30,14837,"billing=8,cpu=8,gres/gpu:h100=1,gres/gpu=1,gres/tmp=1073741824,mem=96G,node=1","billing=8,cpu=8,gres/gpu=1,gres/tmp=1073741824,mem=96G,node=1",jnultra01,h100,0,20260728_sftonly_cifar10_e5_4pattern_seed42,true,1
3044102.batch,batch,COMPLETED,0:0,2026-08-07T16:40:13,2026-08-07T16:40:13,2026-08-07T20:47:30,14837,"cpu=8,gres/gpu:h100=1,gres/gpu=1,gres/tmp=1073741824,mem=96G,node=1",,jnultra01,,,20260728_sftonly_cifar10_e5_4pattern_seed42,true,1
3044102.extern,extern,COMPLETED,0:0,2026-08-07T16:40:13,2026-08-07T16:40:13,2026-08-07T20:47:30,14837,"billing=8,cpu=8,gres/gpu:h100=1,gres/gpu=1,gres/tmp=1073741824,mem=96G,node=1",,jnultra01,,,20260728_sftonly_cifar10_e5_4pattern_seed42,true,1
3044103,sftm-4p42-400,COMPLETED,0:0,2026-08-07T11:04:50,2026-08-07T22:47:36,2026-08-07T22:47:41,5,"billing=2,cpu=2,gres/tmp=1073741824,mem=8G,node=1","billing=2,cpu=2,gres/tmp=1073741824,mem=8G,node=1",jn019,small_cpu,0,20260728_sftonly_cifar10_e5_4pattern_seed42,true,
3044103.batch,batch,COMPLETED,0:0,2026-08-07T22:47:36,2026-08-07T22:47:36,2026-08-07T22:47:41,5,"cpu=2,gres/tmp=1073741824,mem=8G,node=1",,jn019,,,20260728_sftonly_cifar10_e5_4pattern_seed42,true,
3044103.extern,extern,COMPLETED,0:0,2026-08-07T22:47:36,2026-08-07T22:47:36,2026-08-07T22:47:41,5,"billing=2,cpu=2,gres/tmp=1073741824,mem=8G,node=1",,jn019,,,20260728_sftonly_cifar10_e5_4pattern_seed42,true,
3044104,sftm-1p123-400,COMPLETED,0:0,2026-08-07T11:04:50,2026-08-07T11:04:50,2026-08-07T11:04:56,6,"billing=2,cpu=2,gres/tmp=1073741824,mem=8G,node=1","billing=2,cpu=2,gres/tmp=1073741824,mem=8G,node=1",jn017,small_cpu,0,20260728_sftonly_cifar10_e5_1pattern_seed123,true,
3044104.batch,batch,COMPLETED,0:0,2026-08-07T11:04:50,2026-08-07T11:04:50,2026-08-07T11:04:56,6,"cpu=2,gres/tmp=1073741824,mem=8G,node=1",,jn017,,,20260728_sftonly_cifar10_e5_1pattern_seed123,true,
3044104.extern,extern,COMPLETED,0:0,2026-08-07T11:04:50,2026-08-07T11:04:50,2026-08-07T11:04:56,6,"billing=2,cpu=2,gres/tmp=1073741824,mem=8G,node=1",,jn017,,,20260728_sftonly_cifar10_e5_1pattern_seed123,true,
3044105,sftm-4p123-400,COMPLETED,0:0,2026-08-07T11:04:50,2026-08-07T20:25:56,2026-08-07T20:26:01,5,"billing=2,cpu=2,gres/tmp=1073741824,mem=8G,node=1","billing=2,cpu=2,gres/tmp=1073741824,mem=8G,node=1",jn017,small_cpu,0,20260728_sftonly_cifar10_e5_4pattern_seed123,true,
3044105.batch,batch,COMPLETED,0:0,2026-08-07T20:25:56,2026-08-07T20:25:56,2026-08-07T20:26:01,5,"cpu=2,gres/tmp=1073741824,mem=8G,node=1",,jn017,,,20260728_sftonly_cifar10_e5_4pattern_seed123,true,
3044105.extern,extern,COMPLETED,0:0,2026-08-07T20:25:56,2026-08-07T20:25:56,2026-08-07T20:26:01,5,"billing=2,cpu=2,gres/tmp=1073741824,mem=8G,node=1",,jn017,,,20260728_sftonly_cifar10_e5_4pattern_seed123,true,
3044106,sftm-4p777-400,COMPLETED,0:0,2026-08-07T11:04:51,2026-08-07T11:04:52,2026-08-07T11:05:00,8,"billing=2,cpu=2,gres/tmp=1073741824,mem=8G,node=1","billing=2,cpu=2,gres/tmp=1073741824,mem=8G,node=1",jn017,small_cpu,0,20260728_sftonly_cifar10_e5_4pattern_seed777,true,
3044106.batch,batch,COMPLETED,0:0,2026-08-07T11:04:52,2026-08-07T11:04:52,2026-08-07T11:05:00,8,"cpu=2,gres/tmp=1073741824,mem=8G,node=1",,jn017,,,20260728_sftonly_cifar10_e5_4pattern_seed777,true,
3044106.extern,extern,COMPLETED,0:0,2026-08-07T11:04:52,2026-08-07T11:04:52,2026-08-07T11:05:00,8,"billing=2,cpu=2,gres/tmp=1073741824,mem=8G,node=1",,jn017,,,20260728_sftonly_cifar10_e5_4pattern_seed777,true,
3045381,rl-stop-s777-800,COMPLETED,0:0,2026-08-07T16:34:16,2026-08-07T16:34:16,2026-08-07T17:46:27,4331,"billing=2,cpu=2,gres/tmp=1073741824,mem=1G,node=1","billing=1,cpu=1,gres/tmp=1073741824,mem=1G,node=1",jn013,small_cpu,0,20260726_4pattern_a18_cifar100_e5_p3500_c1200_s100_h100x4_shared_full_reward_seed777,true,
3045381.batch,batch,COMPLETED,0:0,2026-08-07T16:34:16,2026-08-07T16:34:16,2026-08-07T17:46:27,4331,"cpu=2,gres/tmp=1073741824,mem=1G,node=1",,jn013,,,20260726_4pattern_a18_cifar100_e5_p3500_c1200_s100_h100x4_shared_full_reward_seed777,true,
3045381.extern,extern,COMPLETED,0:0,2026-08-07T16:34:16,2026-08-07T16:34:16,2026-08-07T17:46:27,4331,"billing=2,cpu=2,gres/tmp=1073741824,mem=1G,node=1",,jn013,,,20260726_4pattern_a18_cifar100_e5_p3500_c1200_s100_h100x4_shared_full_reward_seed777,true,
