{
  "nn_gpt": {
    "remotes": [
      "julia2\tssh://s471802@julia2.hpc.uni-wuerzburg.de/home/s471802/nn-gpt (fetch)",
      "julia2\tssh://s471802@julia2.hpc.uni-wuerzburg.de/home/s471802/nn-gpt (push)",
      "origin\thttps://github.com/CSXizhang/nn-gpt.git (fetch) [blob:none]",
      "origin\thttps://github.com/CSXizhang/nn-gpt.git (push)",
      "upstream\thttps://github.com/ABrain-One/nn-gpt.git (fetch) [blob:none]",
      "upstream\thttps://github.com/ABrain-One/nn-gpt.git (push)"
    ],
    "fixed_commit": "c91714dbe7dad1d02a9080243945bbf8e8ec9300",
    "cat_file_type": "commit",
    "commit_metadata": [
      "c91714dbe7dad1d02a9080243945bbf8e8ec9300",
      "dd7ebb5d0ee2070a1d8b4d52d43c1c624650a842",
      "2026-06-08T22:39:18+02:00",
      "Simplify reward memory preflight"
    ],
    "branches_containing_commit": [
      "experiment/four-pattern-reward-ablation-821f",
      "  remotes/julia2/experiment/four-pattern-reward-ablation-821f",
      "  remotes/origin/experiment/four-pattern-reward-ablation-821f"
    ],
    "head": "6e7ea0949584e77448c47a66fd5fe98808d0b751",
    "fixed_commit_is_ancestor_of_head": false,
    "semantic_split_fix_is_ancestor_of_fixed_commit": true,
    "smoke_prevalidation_fix_is_ancestor_of_fixed_commit": true
  },
  "nn_dataset": {
    "remotes": [
      "fork\thttps://github.com/CSXizhang/nn-dataset.git (fetch)",
      "fork\thttps://github.com/CSXizhang/nn-dataset.git (push)",
      "origin\thttps://github.com/ABrain-One/nn-dataset.git (fetch) [blob:none]",
      "origin\thttps://github.com/ABrain-One/nn-dataset.git (push)"
    ],
    "current_head_only": "62135c0ce2117cbb57328002ac2146643c127b8f",
    "experiment_commit": null
  },
  "four_pattern_sft_5epoch_concentration": [
    {
      "run": "4pattern_seed123",
      "attempted_n": 400,
      "formal_success_n": 397,
      "family_hash": {
        "covered_n": 397,
        "top1_count": 122,
        "top1_share": 0.30730478589420657
      },
      "cnn_signature": {
        "covered_n": 397,
        "top1_count": 122,
        "top1_share": 0.30730478589420657
      },
      "actual_structure_signature": {
        "covered_n": 397,
        "top1_count": 9,
        "top1_share": 0.022670025188916875
      },
      "sha256": "21b2fe89df002e560790da815396de809ab65584c7be1b4afba0356a5fee3326"
    },
    {
      "run": "4pattern_seed42",
      "attempted_n": 400,
      "formal_success_n": 398,
      "family_hash": {
        "covered_n": 398,
        "top1_count": 120,
        "top1_share": 0.3015075376884422
      },
      "cnn_signature": {
        "covered_n": 398,
        "top1_count": 120,
        "top1_share": 0.3015075376884422
      },
      "actual_structure_signature": {
        "covered_n": 398,
        "top1_count": 6,
        "top1_share": 0.01507537688442211
      },
      "sha256": "6f8a1c9ce30dd8d3cc75f5f1e03905def516424ab83fb42f174e6396aff35346"
    },
    {
      "run": "4pattern_seed777",
      "attempted_n": 400,
      "formal_success_n": 399,
      "family_hash": {
        "covered_n": 399,
        "top1_count": 119,
        "top1_share": 0.2982456140350877
      },
      "cnn_signature": {
        "covered_n": 399,
        "top1_count": 119,
        "top1_share": 0.2982456140350877
      },
      "actual_structure_signature": {
        "covered_n": 399,
        "top1_count": 5,
        "top1_share": 0.012531328320802004
      },
      "sha256": "bb511a135e340c1b7c2dc1c1c55f5ec35cfc846ea4e74a4e1175567062546aa5"
    }
  ],
  "six_seed_derived_provenance_rows": [
    {
      "condition": "1-pattern",
      "seed": "42",
      "reported_run_id": "20260618_1pattern_a9_cifar10_e5_p3500_c1200_s100_h100x4_shared_full_full_reward_seed42",
      "archive_commit": "c91714dbe7dad1d02a9080243945bbf8e8ec9300",
      "config_commit": "c91714dbe7dad1d02a9080243945bbf8e8ec9300",
      "config_commit_dirty": "True",
      "commit_evidence": "run_archive_index.md; run_config.json where populated"
    },
    {
      "condition": "1-pattern",
      "seed": "123",
      "reported_run_id": "20260618_1pattern_a9_cifar10_e5_p3500_c1200_s100_h100x4_shared_full_full_reward_seed123",
      "archive_commit": "c91714dbe7dad1d02a9080243945bbf8e8ec9300",
      "config_commit": "c91714dbe7dad1d02a9080243945bbf8e8ec9300",
      "config_commit_dirty": "True",
      "commit_evidence": "run_archive_index.md; run_config.json where populated"
    },
    {
      "condition": "1-pattern",
      "seed": "777",
      "reported_run_id": "20260618_1pattern_a9_cifar10_e5_p3500_c1200_s100_h100x4_shared_full_full_reward_seed777",
      "archive_commit": "c91714dbe7dad1d02a9080243945bbf8e8ec9300",
      "config_commit": "c91714dbe7dad1d02a9080243945bbf8e8ec9300",
      "config_commit_dirty": "True",
      "commit_evidence": "run_archive_index.md; run_config.json where populated"
    },
    {
      "condition": "1-pattern",
      "seed": "114",
      "reported_run_id": "20260627_1pattern_a9_cifar10_e5_p3500_c1200_s100_h100x4_shared_full_full_reward_seed114",
      "archive_commit": "c91714dbe7dad1d02a9080243945bbf8e8ec9300",
      "config_commit": "",
      "config_commit_dirty": "False",
      "commit_evidence": "run_archive_index.md; run_config.json where populated"
    },
    {
      "condition": "1-pattern",
      "seed": "514",
      "reported_run_id": "20260627_1pattern_a9_cifar10_e5_p3500_c1200_s100_h100x4_shared_full_full_reward_seed514",
      "archive_commit": "c91714dbe7dad1d02a9080243945bbf8e8ec9300",
      "config_commit": "",
      "config_commit_dirty": "False",
      "commit_evidence": "run_archive_index.md; run_config.json where populated"
    },
    {
      "condition": "1-pattern",
      "seed": "919",
      "reported_run_id": "20260627_1pattern_a9_cifar10_e5_p3500_c1200_s100_h100x4_shared_full_full_reward_seed919",
      "archive_commit": "c91714dbe7dad1d02a9080243945bbf8e8ec9300",
      "config_commit": "",
      "config_commit_dirty": "False",
      "commit_evidence": "run_archive_index.md; run_config.json where populated"
    },
    {
      "condition": "4-pattern",
      "seed": "42",
      "reported_run_id": "20260612_4pattern_a18_cifar10_e5_p3500_c1200_s100_l40s_excl_full_full_reward_seed42",
      "archive_commit": "c91714dbe7dad1d02a9080243945bbf8e8ec9300",
      "config_commit": "c91714dbe7dad1d02a9080243945bbf8e8ec9300",
      "config_commit_dirty": "True",
      "commit_evidence": "run_archive_index.md; run_config.json where populated"
    },
    {
      "condition": "4-pattern",
      "seed": "123",
      "reported_run_id": "20260612_4pattern_a18_cifar10_e5_p3500_c1200_s100_h100x4_shared_full_full_reward_seed123",
      "archive_commit": "c91714dbe7dad1d02a9080243945bbf8e8ec9300",
      "config_commit": "c91714dbe7dad1d02a9080243945bbf8e8ec9300",
      "config_commit_dirty": "True",
      "commit_evidence": "run_archive_index.md; run_config.json where populated"
    },
    {
      "condition": "4-pattern",
      "seed": "777",
      "reported_run_id": "20260612_4pattern_a18_cifar10_e5_p3500_c1200_s100_l40s_excl_full_full_reward_seed777",
      "archive_commit": "c91714dbe7dad1d02a9080243945bbf8e8ec9300",
      "config_commit": "c91714dbe7dad1d02a9080243945bbf8e8ec9300",
      "config_commit_dirty": "True",
      "commit_evidence": "run_archive_index.md; run_config.json where populated"
    },
    {
      "condition": "4-pattern",
      "seed": "114",
      "reported_run_id": "20260627_4pattern_a18_cifar10_e5_p3500_c1200_s100_h100x4_shared_full_full_reward_seed114",
      "archive_commit": "c91714dbe7dad1d02a9080243945bbf8e8ec9300",
      "config_commit": "",
      "config_commit_dirty": "False",
      "commit_evidence": "run_archive_index.md; run_config.json where populated"
    },
    {
      "condition": "4-pattern",
      "seed": "514",
      "reported_run_id": "20260627_4pattern_a18_cifar10_e5_p3500_c1200_s100_h100x4_shared_full_full_reward_seed514",
      "archive_commit": "c91714dbe7dad1d02a9080243945bbf8e8ec9300",
      "config_commit": "",
      "config_commit_dirty": "False",
      "commit_evidence": "run_archive_index.md; run_config.json where populated"
    },
    {
      "condition": "4-pattern",
      "seed": "919",
      "reported_run_id": "20260627_4pattern_a18_cifar10_e5_p3500_c1200_s100_h100x4_shared_full_full_reward_seed919",
      "archive_commit": "c91714dbe7dad1d02a9080243945bbf8e8ec9300",
      "config_commit": "",
      "config_commit_dirty": "False",
      "commit_evidence": "run_archive_index.md; run_config.json where populated"
    }
  ],
  "six_seed_raw_zip_configs": [
    {
      "member": "article_raw_data_archive_20260704/01_six_seed_robustness/1pattern_seed114/run_config.json",
      "git_commit": "",
      "git_dirty": false,
      "branch": "",
      "reward_variant": "full_reward",
      "formal_epochs": "5",
      "resume_stage": "stage2_formal_explore"
    },
    {
      "member": "article_raw_data_archive_20260704/01_six_seed_robustness/1pattern_seed123/run_config.json",
      "git_commit": "c91714dbe7dad1d02a9080243945bbf8e8ec9300",
      "git_dirty": true,
      "branch": "experiment/four-pattern-reward-ablation-821f",
      "reward_variant": "full_reward",
      "formal_epochs": "5",
      "resume_stage": "stage2_formal_explore"
    },
    {
      "member": "article_raw_data_archive_20260704/01_six_seed_robustness/1pattern_seed42/run_config.json",
      "git_commit": "c91714dbe7dad1d02a9080243945bbf8e8ec9300",
      "git_dirty": true,
      "branch": "experiment/four-pattern-reward-ablation-821f",
      "reward_variant": "full_reward",
      "formal_epochs": "5",
      "resume_stage": "stage2_formal_explore"
    },
    {
      "member": "article_raw_data_archive_20260704/01_six_seed_robustness/1pattern_seed514/run_config.json",
      "git_commit": "",
      "git_dirty": false,
      "branch": "",
      "reward_variant": "full_reward",
      "formal_epochs": "5",
      "resume_stage": "stage2_formal_explore"
    },
    {
      "member": "article_raw_data_archive_20260704/01_six_seed_robustness/1pattern_seed777/run_config.json",
      "git_commit": "c91714dbe7dad1d02a9080243945bbf8e8ec9300",
      "git_dirty": true,
      "branch": "experiment/four-pattern-reward-ablation-821f",
      "reward_variant": "full_reward",
      "formal_epochs": "5",
      "resume_stage": "stage2_formal_explore"
    },
    {
      "member": "article_raw_data_archive_20260704/01_six_seed_robustness/1pattern_seed919/run_config.json",
      "git_commit": "",
      "git_dirty": false,
      "branch": "",
      "reward_variant": "full_reward",
      "formal_epochs": "5",
      "resume_stage": "stage2_formal_explore"
    },
    {
      "member": "article_raw_data_archive_20260704/01_six_seed_robustness/4pattern_seed114/run_config.json",
      "git_commit": "",
      "git_dirty": false,
      "branch": "",
      "reward_variant": "full_reward",
      "formal_epochs": "5",
      "resume_stage": "stage2_formal_explore"
    },
    {
      "member": "article_raw_data_archive_20260704/01_six_seed_robustness/4pattern_seed123/run_config.json",
      "git_commit": "c91714dbe7dad1d02a9080243945bbf8e8ec9300",
      "git_dirty": true,
      "branch": "experiment/four-pattern-reward-ablation-821f",
      "reward_variant": "full_reward",
      "formal_epochs": "5",
      "resume_stage": "stage2_formal_explore"
    },
    {
      "member": "article_raw_data_archive_20260704/01_six_seed_robustness/4pattern_seed42/run_config.json",
      "git_commit": "c91714dbe7dad1d02a9080243945bbf8e8ec9300",
      "git_dirty": true,
      "branch": "experiment/four-pattern-reward-ablation-821f",
      "reward_variant": "full_reward",
      "formal_epochs": "5",
      "resume_stage": "stage2_formal_explore"
    },
    {
      "member": "article_raw_data_archive_20260704/01_six_seed_robustness/4pattern_seed514/run_config.json",
      "git_commit": "",
      "git_dirty": false,
      "branch": "",
      "reward_variant": "full_reward",
      "formal_epochs": "5",
      "resume_stage": "stage2_formal_explore"
    },
    {
      "member": "article_raw_data_archive_20260704/01_six_seed_robustness/4pattern_seed777/run_config.json",
      "git_commit": "c91714dbe7dad1d02a9080243945bbf8e8ec9300",
      "git_dirty": true,
      "branch": "experiment/four-pattern-reward-ablation-821f",
      "reward_variant": "full_reward",
      "formal_epochs": "5",
      "resume_stage": "stage2_formal_explore"
    },
    {
      "member": "article_raw_data_archive_20260704/01_six_seed_robustness/4pattern_seed919/run_config.json",
      "git_commit": "",
      "git_dirty": false,
      "branch": "",
      "reward_variant": "full_reward",
      "formal_epochs": "5",
      "resume_stage": "stage2_formal_explore"
    }
  ],
  "independent_generation_audit_recompute": {
    "raw_member": "article_raw_data_archive_20260704/03_independent_generation_audit/sft_only_heldout_test/generation_samples.jsonl",
    "raw_member_sha256": "73d03261218132a94e4eb3bb1bdd9b79d3b77d706767d5d29b7bdab0eeb49209",
    "raw_setting_filter": "setting == sft_only_fourpattern_current",
    "formal_success_filter": "api_result.formal_success_candidate is True",
    "baseline_table_member": "article_raw_data_archive_20260704/03_independent_generation_audit/sft_only_heldout_test/baseline_table.md",
    "baseline_table_header_line": 1,
    "baseline_table_row_line": 3,
    "baseline_table_row_label": "sft_only_fourpattern_current",
    "baseline_table_column_label": "CNN top-1 share",
    "structural_summary_member": "article_raw_data_archive_20260704/03_independent_generation_audit/sft_only_heldout_test/structural_diversity_summary.json",
    "structural_summary_json_path": "sft_only_fourpattern_current.cnn.top1_share",
    "attempted_n": 100,
    "formal_success_n": 99,
    "cnn_signature": {
      "covered_n": 99,
      "top1_count": 30,
      "top1_share": 0.30303030303030304
    },
    "family_hash": {
      "covered_n": 99,
      "top1_count": 30,
      "top1_share": 0.30303030303030304
    },
    "actual_structure_signature": {
      "covered_n": 99,
      "top1_count": 2,
      "top1_share": 0.020202020202020204
    },
    "graph_hash": {
      "covered_n": 99,
      "top1_count": 3,
      "top1_share": 0.030303030303030304
    }
  },
  "search_scope": {
    "roots": [
      "/Users/zhangxi/code/RL",
      "/Users/zhangxi/Desktop/example-cvpr"
    ],
    "zip_archives_opened": [
      "/Users/zhangxi/code/RL/data_20260726.zip",
      "/Users/zhangxi/code/RL/delivery_20260727 2.zip",
      "/Users/zhangxi/code/RL/delivery_20260727.zip",
      "/Users/zhangxi/code/RL/faraz_delivery_20260726/article_raw_data_archive_20260718_resend_20260726.zip",
      "/Users/zhangxi/code/RL/faraz_delivery_20260726/cifar100_onepattern_raw_provenance_20260726.zip",
      "/Users/zhangxi/code/RL/followup_delivery_20260808.zip"
    ],
    "zip_member_content_limit_bytes": 20000000,
    "zip_member_content_extensions": [
      ".py",
      ".json",
      ".csv",
      ".md",
      ".tex",
      ".txt"
    ],
    "jsonl_content_searched": false
  },
  "threshold_artifact_hits": [],
  "threshold_manuscript_hits": [],
  "threshold_zip_member_hits": [],
  "thirty_point_thirty_file_hits": [
    "/Users/zhangxi/code/RL/delivery_20260727/04_proxy_validation/results/01_4pattern_seed777_13.json",
    "/Users/zhangxi/code/RL/delivery_20260727/04_proxy_validation/results/14_4pattern_seed123_9.json",
    "/Users/zhangxi/code/RL/faraz_followup_delivery_20260808/FINAL_RESULTS.md",
    "/Users/zhangxi/code/RL/faraz_followup_delivery_20260808/scripts/recompute_final_summaries.py",
    "/Users/zhangxi/code/RL/mail_drafts/faraz_final_experiment_update_20260808.txt",
    "/Users/zhangxi/code/RL/nn-dataset/ab/nn/stat/nn/alt-2a30edef192db20437c48fc1e6d098c7.json",
    "/Users/zhangxi/code/RL/nn-dataset/ab/nn/stat/nn/alt-43aebc16236ccc18e0997ee0218ab9fa.json",
    "/Users/zhangxi/code/RL/nn-dataset/ab/nn/stat/nn/alt-nn1-5a414fb71c131ea152d0b24bd6336e12.json",
    "/Users/zhangxi/code/RL/nn-dataset/ab/nn/stat/nn/alt-nn1-7a0ee91b4176220a6fb876c9889171c8.json",
    "/Users/zhangxi/code/RL/nn-dataset/ab/nn/stat/nn/alt-nn1-7c555000616ce9501bba72de92242319.json",
    "/Users/zhangxi/code/RL/nn-dataset/ab/nn/stat/nn/alt-nn1-8e7040dd0485fcbabbcc9967155529f6.json",
    "/Users/zhangxi/code/RL/nn-dataset/ab/nn/stat/nn/alt-nn1-92180d32158dca140c89f9b587bdfba6.json",
    "/Users/zhangxi/code/RL/nn-dataset/ab/nn/stat/nn/alt-nn1-d76db2797b98484a79e882cfb803249e.json",
    "/Users/zhangxi/code/RL/nn-dataset/ab/nn/stat/nn/ast-dimension-AlexNet-329aabc023dc4d5246af070034d4348c.json",
    "/Users/zhangxi/code/RL/nn-dataset/ab/nn/stat/nn/ga-782.json",
    "/Users/zhangxi/code/RL/nn-dataset/ab/nn/stat/nn/ga-mut-2333.json",
    "/Users/zhangxi/code/RL/nn-dataset/ab/nn/stat/nn/ga-mut-2472.json",
    "/Users/zhangxi/code/RL/nn-dataset/ab/nn/stat/nn/ga-mut-2689.json",
    "/Users/zhangxi/code/RL/nn-dataset/ab/nn/stat/nn/ga-mut-832.json",
    "/Users/zhangxi/code/RL/nn-dataset/ab/nn/stat/nn/rag-7011575e1d2fb09ed3c9fcd68710d316.json",
    "/Users/zhangxi/code/RL/nn-dataset/ab/nn/stat/nn/rl-back-init-0b0d0b7728c47eb6cc9fe040ebb9d239.json",
    "/Users/zhangxi/code/RL/nn-dataset/ab/nn/stat/nn/rl-back-init-0beb46254d080a66d13ac9a47a336b9a.json",
    "/Users/zhangxi/code/RL/nn-dataset/ab/nn/stat/nn/rl-back-init-4ae42b48e25f174dbea5974fe6b891a7.json",
    "/Users/zhangxi/code/RL/nn-dataset/ab/nn/stat/nn/rl-back-init-588575be0f891b71864dca138dcbca98.json",
    "/Users/zhangxi/code/RL/nn-dataset/ab/nn/stat/nn/rl-back-init-8d8a17927511386092e208da5d39bbe5.json",
    "/Users/zhangxi/code/RL/nn-dataset/ab/nn/stat/nn/rl-back-init-8dbdcf43f601051a29f7d13318ee9ccf.json",
    "/Users/zhangxi/code/RL/nn-dataset/ab/nn/stat/nn/rl-back-init-99988eb424d696786574898fa37a97dc.json",
    "/Users/zhangxi/code/RL/nn-dataset/ab/nn/stat/nn/rl-back-init-c6deb4d5d39589b5aef7ff1595ef6d28.json",
    "/Users/zhangxi/code/RL/nn-dataset/ab/nn/stat/nn/rl-bb-init-2415108ee7c98b464235a71e2fc2e9d6.json",
    "/Users/zhangxi/code/RL/nn-dataset/ab/nn/stat/nn/rl-bb-init-3b3d927e557538fba439dd26ceb0836b.json",
    "/Users/zhangxi/code/RL/nn-dataset/ab/nn/stat/nn/rl-bb-init-5585db342c06d12d7cf83bd1835a424e.json",
    "/Users/zhangxi/code/RL/nn-dataset/ab/nn/stat/nn/rl-bb-init-de837f8d2d3ffe00ca796ce3cd2cd3ab.json",
    "/Users/zhangxi/code/RL/nn-dataset/ab/nn/stat/nn/rl-bb-init-f5109209afe452d0a48a184bdeb8dc4c.json",
    "/Users/zhangxi/code/RL/nn-dataset/ab/nn/stat/nn/rl-bb-test1-4c3053b643c4cce5ee81c60e11a328db.json",
    "/Users/zhangxi/code/RL/nn-dataset/ab/nn/stat/run/tflite/fp32/all_models.json",
    "/Users/zhangxi/code/RL/nn-dataset/ab/nn/stat/run/tflite/fp32/img-classification_cifar-10_acc_unq-06b0926a4863c658982eedee7619a2de/android_Redmi_Note_9_Pro.json",
    "/Users/zhangxi/code/RL/nn-dataset/ab/nn/stat/run/tflite/mixed/img-classification_cifar-10_acc_rag-63acde8da355c70027362c99bdf839ac/android_24040RN64Y.json",
    "/Users/zhangxi/code/RL/nn-dataset/ab/nn/stat/train/img-captioning_coco_bleu4_ConvNeXtTransformer/1.json",
    "/Users/zhangxi/code/RL/nn-dataset/ab/nn/stat/train/img-captioning_coco_bleu4_ConvNeXtTransformer/10.json",
    "/Users/zhangxi/code/RL/nn-dataset/ab/nn/stat/train/img-captioning_coco_bleu4_ConvNeXtTransformer/11.json",
    "/Users/zhangxi/code/RL/nn-dataset/ab/nn/stat/train/img-captioning_coco_bleu4_ConvNeXtTransformer/12.json",
    "/Users/zhangxi/code/RL/nn-dataset/ab/nn/stat/train/img-captioning_coco_bleu4_ConvNeXtTransformer/13.json",
    "/Users/zhangxi/code/RL/nn-dataset/ab/nn/stat/train/img-captioning_coco_bleu4_ConvNeXtTransformer/14.json",
    "/Users/zhangxi/code/RL/nn-dataset/ab/nn/stat/train/img-captioning_coco_bleu4_ConvNeXtTransformer/15.json",
    "/Users/zhangxi/code/RL/nn-dataset/ab/nn/stat/train/img-captioning_coco_bleu4_ConvNeXtTransformer/16.json",
    "/Users/zhangxi/code/RL/nn-dataset/ab/nn/stat/train/img-captioning_coco_bleu4_ConvNeXtTransformer/17.json",
    "/Users/zhangxi/code/RL/nn-dataset/ab/nn/stat/train/img-captioning_coco_bleu4_ConvNeXtTransformer/18.json",
    "/Users/zhangxi/code/RL/nn-dataset/ab/nn/stat/train/img-captioning_coco_bleu4_ConvNeXtTransformer/19.json",
    "/Users/zhangxi/code/RL/nn-dataset/ab/nn/stat/train/img-captioning_coco_bleu4_ConvNeXtTransformer/2.json",
    "/Users/zhangxi/code/RL/nn-dataset/ab/nn/stat/train/img-captioning_coco_bleu4_ConvNeXtTransformer/20.json",
    "/Users/zhangxi/code/RL/nn-dataset/ab/nn/stat/train/img-captioning_coco_bleu4_ConvNeXtTransformer/21.json",
    "/Users/zhangxi/code/RL/nn-dataset/ab/nn/stat/train/img-captioning_coco_bleu4_ConvNeXtTransformer/22.json",
    "/Users/zhangxi/code/RL/nn-dataset/ab/nn/stat/train/img-captioning_coco_bleu4_ConvNeXtTransformer/23.json",
    "/Users/zhangxi/code/RL/nn-dataset/ab/nn/stat/train/img-captioning_coco_bleu4_ConvNeXtTransformer/24.json",
    "/Users/zhangxi/code/RL/nn-dataset/ab/nn/stat/train/img-captioning_coco_bleu4_ConvNeXtTransformer/25.json",
    "/Users/zhangxi/code/RL/nn-dataset/ab/nn/stat/train/img-captioning_coco_bleu4_ConvNeXtTransformer/26.json",
    "/Users/zhangxi/code/RL/nn-dataset/ab/nn/stat/train/img-captioning_coco_bleu4_ConvNeXtTransformer/27.json",
    "/Users/zhangxi/code/RL/nn-dataset/ab/nn/stat/train/img-captioning_coco_bleu4_ConvNeXtTransformer/28.json",
    "/Users/zhangxi/code/RL/nn-dataset/ab/nn/stat/train/img-captioning_coco_bleu4_ConvNeXtTransformer/29.json",
    "/Users/zhangxi/code/RL/nn-dataset/ab/nn/stat/train/img-captioning_coco_bleu4_ConvNeXtTransformer/3.json",
    "/Users/zhangxi/code/RL/nn-dataset/ab/nn/stat/train/img-captioning_coco_bleu4_ConvNeXtTransformer/30.json",
    "/Users/zhangxi/code/RL/nn-dataset/ab/nn/stat/train/img-captioning_coco_bleu4_ConvNeXtTransformer/31.json",
    "/Users/zhangxi/code/RL/nn-dataset/ab/nn/stat/train/img-captioning_coco_bleu4_ConvNeXtTransformer/32.json",
    "/Users/zhangxi/code/RL/nn-dataset/ab/nn/stat/train/img-captioning_coco_bleu4_ConvNeXtTransformer/33.json",
    "/Users/zhangxi/code/RL/nn-dataset/ab/nn/stat/train/img-captioning_coco_bleu4_ConvNeXtTransformer/34.json",
    "/Users/zhangxi/code/RL/nn-dataset/ab/nn/stat/train/img-captioning_coco_bleu4_ConvNeXtTransformer/35.json",
    "/Users/zhangxi/code/RL/nn-dataset/ab/nn/stat/train/img-captioning_coco_bleu4_ConvNeXtTransformer/36.json",
    "/Users/zhangxi/code/RL/nn-dataset/ab/nn/stat/train/img-captioning_coco_bleu4_ConvNeXtTransformer/37.json",
    "/Users/zhangxi/code/RL/nn-dataset/ab/nn/stat/train/img-captioning_coco_bleu4_ConvNeXtTransformer/38.json",
    "/Users/zhangxi/code/RL/nn-dataset/ab/nn/stat/train/img-captioning_coco_bleu4_ConvNeXtTransformer/39.json",
    "/Users/zhangxi/code/RL/nn-dataset/ab/nn/stat/train/img-captioning_coco_bleu4_ConvNeXtTransformer/4.json",
    "/Users/zhangxi/code/RL/nn-dataset/ab/nn/stat/train/img-captioning_coco_bleu4_ConvNeXtTransformer/40.json",
    "/Users/zhangxi/code/RL/nn-dataset/ab/nn/stat/train/img-captioning_coco_bleu4_ConvNeXtTransformer/41.json",
    "/Users/zhangxi/code/RL/nn-dataset/ab/nn/stat/train/img-captioning_coco_bleu4_ConvNeXtTransformer/42.json",
    "/Users/zhangxi/code/RL/nn-dataset/ab/nn/stat/train/img-captioning_coco_bleu4_ConvNeXtTransformer/43.json",
    "/Users/zhangxi/code/RL/nn-dataset/ab/nn/stat/train/img-captioning_coco_bleu4_ConvNeXtTransformer/44.json",
    "/Users/zhangxi/code/RL/nn-dataset/ab/nn/stat/train/img-captioning_coco_bleu4_ConvNeXtTransformer/45.json",
    "/Users/zhangxi/code/RL/nn-dataset/ab/nn/stat/train/img-captioning_coco_bleu4_ConvNeXtTransformer/46.json",
    "/Users/zhangxi/code/RL/nn-dataset/ab/nn/stat/train/img-captioning_coco_bleu4_ConvNeXtTransformer/47.json",
    "/Users/zhangxi/code/RL/nn-dataset/ab/nn/stat/train/img-captioning_coco_bleu4_ConvNeXtTransformer/48.json",
    "/Users/zhangxi/code/RL/nn-dataset/ab/nn/stat/train/img-captioning_coco_bleu4_ConvNeXtTransformer/49.json",
    "/Users/zhangxi/code/RL/nn-dataset/ab/nn/stat/train/img-captioning_coco_bleu4_ConvNeXtTransformer/5.json",
    "/Users/zhangxi/code/RL/nn-dataset/ab/nn/stat/train/img-captioning_coco_bleu4_ConvNeXtTransformer/50.json",
    "/Users/zhangxi/code/RL/nn-dataset/ab/nn/stat/train/img-captioning_coco_bleu4_ConvNeXtTransformer/6.json",
    "/Users/zhangxi/code/RL/nn-dataset/ab/nn/stat/train/img-captioning_coco_bleu4_ConvNeXtTransformer/7.json",
    "/Users/zhangxi/code/RL/nn-dataset/ab/nn/stat/train/img-captioning_coco_bleu4_ConvNeXtTransformer/8.json",
    "/Users/zhangxi/code/RL/nn-dataset/ab/nn/stat/train/img-captioning_coco_bleu4_ConvNeXtTransformer/9.json",
    "/Users/zhangxi/code/RL/nn-dataset/ab/nn/stat/train/img-captioning_coco_bleu4_RESNETLSTM/12.json",
    "/Users/zhangxi/code/RL/nn-dataset/ab/nn/stat/train/img-captioning_coco_bleu4_RESNETLSTM/13.json",
    "/Users/zhangxi/code/RL/nn-dataset/ab/nn/stat/train/img-captioning_coco_bleu4_RESNETLSTM/15.json",
    "/Users/zhangxi/code/RL/nn-dataset/ab/nn/stat/train/img-captioning_coco_bleu4_RESNETLSTM/19.json",
    "/Users/zhangxi/code/RL/nn-dataset/ab/nn/stat/train/img-captioning_coco_bleu4_RESNETLSTM/20.json",
    "/Users/zhangxi/code/RL/nn-dataset/ab/nn/stat/train/img-captioning_coco_bleu4_RESNETLSTM/23.json",
    "/Users/zhangxi/code/RL/nn-dataset/ab/nn/stat/train/img-captioning_coco_bleu4_RESNETLSTM/25.json",
    "/Users/zhangxi/code/RL/nn-dataset/ab/nn/stat/train/img-captioning_coco_bleu4_RESNETLSTM/26.json",
    "/Users/zhangxi/code/RL/nn-dataset/ab/nn/stat/train/img-captioning_coco_bleu4_RESNETLSTM/30.json",
    "/Users/zhangxi/code/RL/nn-dataset/ab/nn/stat/train/img-captioning_coco_bleu4_RESNETLSTM/32.json",
    "/Users/zhangxi/code/RL/nn-dataset/ab/nn/stat/train/img-captioning_coco_bleu4_RESNETLSTM/34.json",
    "/Users/zhangxi/code/RL/nn-dataset/ab/nn/stat/train/img-captioning_coco_bleu4_RESNETLSTM/48.json",
    "/Users/zhangxi/code/RL/nn-dataset/ab/nn/stat/train/img-captioning_coco_bleu4_RESNETLSTM/7.json",
    "/Users/zhangxi/code/RL/nn-dataset/ab/nn/stat/train/img-captioning_coco_bleu_Blip2Fast/5.json",
    "/Users/zhangxi/code/RL/nn-dataset/ab/nn/stat/train/img-classification_celeba-gender_acc_AlexNet-69c52339-4eac-45f1-bbfe-2c51949701f1/1.json",
    "/Users/zhangxi/code/RL/nn-dataset/ab/nn/stat/train/img-classification_celeba-gender_acc_AlexNet-69c52339-4eac-45f1-bbfe-2c51949701f1/2.json",
    "/Users/zhangxi/code/RL/nn-dataset/ab/nn/stat/train/img-classification_celeba-gender_acc_AlexNet-69c52339-4eac-45f1-bbfe-2c51949701f1/3.json",
    "/Users/zhangxi/code/RL/nn-dataset/ab/nn/stat/train/img-classification_celeba-gender_acc_AlexNet-69c52339-4eac-45f1-bbfe-2c51949701f1/4.json",
    "/Users/zhangxi/code/RL/nn-dataset/ab/nn/stat/train/img-classification_celeba-gender_acc_AlexNet-69c52339-4eac-45f1-bbfe-2c51949701f1/5.json",
    "/Users/zhangxi/code/RL/nn-dataset/ab/nn/stat/train/img-classification_celeba-gender_acc_AlexNet-bb84fa5d-5dd8-4cc0-8a30-5c41958bcd94/1.json",
    "/Users/zhangxi/code/RL/nn-dataset/ab/nn/stat/train/img-classification_celeba-gender_acc_AlexNet-bb84fa5d-5dd8-4cc0-8a30-5c41958bcd94/2.json",
    "/Users/zhangxi/code/RL/nn-dataset/ab/nn/stat/train/img-classification_celeba-gender_acc_AlexNet-bb84fa5d-5dd8-4cc0-8a30-5c41958bcd94/3.json",
    "/Users/zhangxi/code/RL/nn-dataset/ab/nn/stat/train/img-classification_celeba-gender_acc_AlexNet-bb84fa5d-5dd8-4cc0-8a30-5c41958bcd94/4.json",
    "/Users/zhangxi/code/RL/nn-dataset/ab/nn/stat/train/img-classification_celeba-gender_acc_AlexNet-bb84fa5d-5dd8-4cc0-8a30-5c41958bcd94/5.json",
    "/Users/zhangxi/code/RL/nn-dataset/ab/nn/stat/train/img-classification_celeba-gender_acc_BayesianNet-3/1.json",
    "/Users/zhangxi/code/RL/nn-dataset/ab/nn/stat/train/img-classification_celeba-gender_acc_BayesianNet-3/2.json",
    "/Users/zhangxi/code/RL/nn-dataset/ab/nn/stat/train/img-classification_celeba-gender_acc_BayesianNet-3/3.json",
    "/Users/zhangxi/code/RL/nn-dataset/ab/nn/stat/train/img-classification_celeba-gender_acc_BayesianNet-3/4.json",
    "/Users/zhangxi/code/RL/nn-dataset/ab/nn/stat/train/img-classification_celeba-gender_acc_BayesianNet-3/5.json",
    "/Users/zhangxi/code/RL/nn-dataset/ab/nn/stat/train/img-classification_celeba-gender_acc_DarkNet-51277b91-c3a1-4669-9fb5-849ea97bd1b4/1.json",
    "/Users/zhangxi/code/RL/nn-dataset/ab/nn/stat/train/img-classification_celeba-gender_acc_DarkNet-51277b91-c3a1-4669-9fb5-849ea97bd1b4/2.json",
    "/Users/zhangxi/code/RL/nn-dataset/ab/nn/stat/train/img-classification_celeba-gender_acc_DarkNet-51277b91-c3a1-4669-9fb5-849ea97bd1b4/3.json",
    "/Users/zhangxi/code/RL/nn-dataset/ab/nn/stat/train/img-classification_celeba-gender_acc_DarkNet-51277b91-c3a1-4669-9fb5-849ea97bd1b4/4.json",
    "/Users/zhangxi/code/RL/nn-dataset/ab/nn/stat/train/img-classification_celeba-gender_acc_DarkNet-51277b91-c3a1-4669-9fb5-849ea97bd1b4/5.json",
    "/Users/zhangxi/code/RL/nn-dataset/ab/nn/stat/train/img-classification_celeba-gender_acc_EfficientNet/1.json",
    "/Users/zhangxi/code/RL/nn-dataset/ab/nn/stat/train/img-classification_celeba-gender_acc_EfficientNet/2.json",
    "/Users/zhangxi/code/RL/nn-dataset/ab/nn/stat/train/img-classification_celeba-gender_acc_EfficientNet/3.json",
    "/Users/zhangxi/code/RL/nn-dataset/ab/nn/stat/train/img-classification_celeba-gender_acc_EfficientNet/4.json",
    "/Users/zhangxi/code/RL/nn-dataset/ab/nn/stat/train/img-classification_celeba-gender_acc_EfficientNet/5.json",
    "/Users/zhangxi/code/RL/nn-dataset/ab/nn/stat/train/img-classification_celeba-gender_acc_ICNet-8020fbd0-7472-4779-afe4-7882c7fc330c/1.json",
    "/Users/zhangxi/code/RL/nn-dataset/ab/nn/stat/train/img-classification_celeba-gender_acc_ICNet-8020fbd0-7472-4779-afe4-7882c7fc330c/2.json",
    "/Users/zhangxi/code/RL/nn-dataset/ab/nn/stat/train/img-classification_celeba-gender_acc_ICNet-8020fbd0-7472-4779-afe4-7882c7fc330c/3.json",
    "/Users/zhangxi/code/RL/nn-dataset/ab/nn/stat/train/img-classification_celeba-gender_acc_ICNet-8020fbd0-7472-4779-afe4-7882c7fc330c/4.json",
    "/Users/zhangxi/code/RL/nn-dataset/ab/nn/stat/train/img-classification_celeba-gender_acc_ICNet-8020fbd0-7472-4779-afe4-7882c7fc330c/5.json",
    "/Users/zhangxi/code/RL/nn-dataset/ab/nn/stat/train/img-classification_celeba-gender_acc_UNet2D-a6461439-c898-49c1-9686-3653deca028e/1.json",
    "/Users/zhangxi/code/RL/nn-dataset/ab/nn/stat/train/img-classification_celeba-gender_acc_UNet2D-a6461439-c898-49c1-9686-3653deca028e/2.json",
    "/Users/zhangxi/code/RL/nn-dataset/ab/nn/stat/train/img-classification_celeba-gender_acc_UNet2D-a6461439-c898-49c1-9686-3653deca028e/3.json",
    "/Users/zhangxi/code/RL/nn-dataset/ab/nn/stat/train/img-classification_celeba-gender_acc_UNet2D-a6461439-c898-49c1-9686-3653deca028e/4.json",
    "/Users/zhangxi/code/RL/nn-dataset/ab/nn/stat/train/img-classification_celeba-gender_acc_UNet2D-a6461439-c898-49c1-9686-3653deca028e/5.json",
    "/Users/zhangxi/code/RL/nn-dataset/ab/nn/stat/train/img-classification_celeba-gender_acc_alt-2a30edef192db20437c48fc1e6d098c7/1.json",
    "/Users/zhangxi/code/RL/nn-dataset/ab/nn/stat/train/img-classification_celeba-gender_acc_alt-43aebc16236ccc18e0997ee0218ab9fa/1.json",
    "/Users/zhangxi/code/RL/nn-dataset/ab/nn/stat/train/img-classification_celeba-gender_acc_alt-674e8bfefb2268e3607a193a35457526/1.json",
    "/Users/zhangxi/code/RL/nn-dataset/ab/nn/stat/train/img-classification_celeba-gender_acc_alt-674e8bfefb2268e3607a193a35457526/2.json",
    "/Users/zhangxi/code/RL/nn-dataset/ab/nn/stat/train/img-classification_celeba-gender_acc_alt-674e8bfefb2268e3607a193a35457526/3.json",
    "/Users/zhangxi/code/RL/nn-dataset/ab/nn/stat/train/img-classification_celeba-gender_acc_alt-674e8bfefb2268e3607a193a35457526/4.json",
    "/Users/zhangxi/code/RL/nn-dataset/ab/nn/stat/train/img-classification_celeba-gender_acc_alt-674e8bfefb2268e3607a193a35457526/5.json",
    "/Users/zhangxi/code/RL/nn-dataset/ab/nn/stat/train/img-classification_celeba-gender_acc_alt-6f379c9a2924b9ddf473d54f9370bb6b/1.json",
    "/Users/zhangxi/code/RL/nn-dataset/ab/nn/stat/train/img-classification_celeba-gender_acc_alt-9c3af9959ef61518aeb2ec79f780e06f/3.json",
    "/Users/zhangxi/code/RL/nn-dataset/ab/nn/stat/train/img-classification_celeba-gender_acc_alt-9ea268c5a52bec49c0063b514f4c03c1/5.json",
    "/Users/zhangxi/code/RL/nn-dataset/ab/nn/stat/train/img-classification_celeba-gender_acc_alt-c418c00f2fc4f3bb0bdda0f7f512fce1/1.json",
    "/Users/zhangxi/code/RL/nn-dataset/ab/nn/stat/train/img-classification_celeba-gender_acc_alt-c418c00f2fc4f3bb0bdda0f7f512fce1/2.json",
    "/Users/zhangxi/code/RL/nn-dataset/ab/nn/stat/train/img-classification_celeba-gender_acc_alt-c418c00f2fc4f3bb0bdda0f7f512fce1/3.json",
    "/Users/zhangxi/code/RL/nn-dataset/ab/nn/stat/train/img-classification_celeba-gender_acc_alt-c418c00f2fc4f3bb0bdda0f7f512fce1/4.json",
    "/Users/zhangxi/code/RL/nn-dataset/ab/nn/stat/train/img-classification_celeba-gender_acc_alt-c418c00f2fc4f3bb0bdda0f7f512fce1/5.json",
    "/Users/zhangxi/code/RL/nn-dataset/ab/nn/stat/train/img-classification_celeba-gender_acc_alt-nn1-1ead2ad858c505b89b323d29edb72acc/1.json",
    "/Users/zhangxi/code/RL/nn-dataset/ab/nn/stat/train/img-classification_celeba-gender_acc_alt-nn1-2b40bfd8bbadb22cfbb12dd8d817693e/4.json",
    "/Users/zhangxi/code/RL/nn-dataset/ab/nn/stat/train/img-classification_celeba-gender_acc_alt-nn1-5a414fb71c131ea152d0b24bd6336e12/1.json",
    "/Users/zhangxi/code/RL/nn-dataset/ab/nn/stat/train/img-classification_celeba-gender_acc_alt-nn1-7a0ee91b4176220a6fb876c9889171c8/1.json",
    "/Users/zhangxi/code/RL/nn-dataset/ab/nn/stat/train/img-classification_celeba-gender_acc_alt-nn1-a1fbcf46676a20ce5c10462bb09c2990/1.json",
    "/Users/zhangxi/code/RL/nn-dataset/ab/nn/stat/train/img-classification_celeba-gender_acc_alt-nn1-a1fbcf46676a20ce5c10462bb09c2990/2.json",
    "/Users/zhangxi/code/RL/nn-dataset/ab/nn/stat/train/img-classification_celeba-gender_acc_alt-nn1-a1fbcf46676a20ce5c10462bb09c2990/3.json",
    "/Users/zhangxi/code/RL/nn-dataset/ab/nn/stat/train/img-classification_celeba-gender_acc_alt-nn1-a1fbcf46676a20ce5c10462bb09c2990/4.json",
    "/Users/zhangxi/code/RL/nn-dataset/ab/nn/stat/train/img-classification_celeba-gender_acc_alt-nn1-a1fbcf46676a20ce5c10462bb09c2990/5.json",
    "/Users/zhangxi/code/RL/nn-dataset/ab/nn/stat/train/img-classification_celeba-gender_acc_alt-nn1-c7c894c5c0cae810ca9c2d3e7e5b7082/4.json",
    "/Users/zhangxi/code/RL/nn-dataset/ab/nn/stat/train/img-classification_celeba-gender_acc_alt-nn1-d31720afa68e80d36eb1afa457e40f0d/1.json",
    "/Users/zhangxi/code/RL/nn-dataset/ab/nn/stat/train/img-classification_celeba-gender_acc_alt-nn1-f971d85cf7983dc302d95dac7e2c24a9/1.json",
    "/Users/zhangxi/code/RL/nn-dataset/ab/nn/stat/train/img-classification_celeba-gender_acc_alt-nn2-41b196db87d01a684f07cfc141dc70ee/1.json",
    "/Users/zhangxi/code/RL/nn-dataset/ab/nn/stat/train/img-classification_celeba-gender_acc_alt-nn5-dbc9fe694d3781f789e03d4ca3af52f9/1.json",
    "/Users/zhangxi/code/RL/nn-dataset/ab/nn/stat/train/img-classification_celeba-gender_acc_alt-nn5-dbc9fe694d3781f789e03d4ca3af52f9/2.json",
    "/Users/zhangxi/code/RL/nn-dataset/ab/nn/stat/train/img-classification_celeba-gender_acc_alt-nn5-dbc9fe694d3781f789e03d4ca3af52f9/3.json",
    "/Users/zhangxi/code/RL/nn-dataset/ab/nn/stat/train/img-classification_celeba-gender_acc_alt-nn5-dbc9fe694d3781f789e03d4ca3af52f9/4.json",
    "/Users/zhangxi/code/RL/nn-dataset/ab/nn/stat/train/img-classification_celeba-gender_acc_alt-nn5-dbc9fe694d3781f789e03d4ca3af52f9/5.json",
    "/Users/zhangxi/code/RL/nn-dataset/ab/nn/stat/train/img-classification_celeba-gender_acc_ast-dimension-AlexNet-2b386c5ff85a033fe28500a0191bbae4/1.json",
    "/Users/zhangxi/code/RL/nn-dataset/ab/nn/stat/train/img-classification_celeba-gender_acc_ast-dimension-AlexNet-2b386c5ff85a033fe28500a0191bbae4/2.json",
    "/Users/zhangxi/code/RL/nn-dataset/ab/nn/stat/train/img-classification_celeba-gender_acc_ast-dimension-AlexNet-2b386c5ff85a033fe28500a0191bbae4/3.json",
    "/Users/zhangxi/code/RL/nn-dataset/ab/nn/stat/train/img-classification_celeba-gender_acc_ast-dimension-AlexNet-2b386c5ff85a033fe28500a0191bbae4/4.json",
    "/Users/zhangxi/code/RL/nn-dataset/ab/nn/stat/train/img-classification_celeba-gender_acc_ast-dimension-AlexNet-2b386c5ff85a033fe28500a0191bbae4/5.json",
    "/Users/zhangxi/code/RL/nn-dataset/ab/nn/stat/train/img-classification_celeba-gender_acc_ast-dimension-AlexNet-2bd7f0970ead6a0cf4167eebab01d095/1.json",
    "/Users/zhangxi/code/RL/nn-dataset/ab/nn/stat/train/img-classification_celeba-gender_acc_ast-dimension-AlexNet-2bd7f0970ead6a0cf4167eebab01d095/2.json",
    "/Users/zhangxi/code/RL/nn-dataset/ab/nn/stat/train/img-classification_celeba-gender_acc_ast-dimension-AlexNet-2bd7f0970ead6a0cf4167eebab01d095/3.json",
    "/Users/zhangxi/code/RL/nn-dataset/ab/nn/stat/train/img-classification_celeba-gender_acc_ast-dimension-AlexNet-2bd7f0970ead6a0cf4167eebab01d095/4.json",
    "/Users/zhangxi/code/RL/nn-dataset/ab/nn/stat/train/img-classification_celeba-gender_acc_ast-dimension-AlexNet-2bd7f0970ead6a0cf4167eebab01d095/5.json",
    "/Users/zhangxi/code/RL/nn-dataset/ab/nn/stat/train/img-classification_celeba-gender_acc_ast-dimension-AlexNet-329aabc023dc4d5246af070034d4348c/1.json",
    "/Users/zhangxi/code/RL/nn-dataset/ab/nn/stat/train/img-classification_celeba-gender_acc_ast-dimension-AlexNet-3bd1c24bdc38400b68562c1603f8b965/3.json",
    "/Users/zhangxi/code/RL/nn-dataset/ab/nn/stat/train/img-classification_celeba-gender_acc_ast-dimension-AlexNet-87440f0254a5e28d1bfd83b0415a2c55/1.json",
    "/Users/zhangxi/code/RL/nn-dataset/ab/nn/stat/train/img-classification_celeba-gender_acc_ast-dimension-AlexNet-87440f0254a5e28d1bfd83b0415a2c55/2.json",
    "/Users/zhangxi/code/RL/nn-dataset/ab/nn/stat/train/img-classification_celeba-gender_acc_ast-dimension-AlexNet-87440f0254a5e28d1bfd83b0415a2c55/3.json",
    "/Users/zhangxi/code/RL/nn-dataset/ab/nn/stat/train/img-classification_celeba-gender_acc_ast-dimension-AlexNet-87440f0254a5e28d1bfd83b0415a2c55/4.json",
    "/Users/zhangxi/code/RL/nn-dataset/ab/nn/stat/train/img-classification_celeba-gender_acc_ast-dimension-AlexNet-87440f0254a5e28d1bfd83b0415a2c55/5.json",
    "/Users/zhangxi/code/RL/nn-dataset/ab/nn/stat/train/img-classification_celeba-gender_acc_ast-dimension-AlexNet-927a3d2c7ee286f149043455a01769d4/1.json",
    "/Users/zhangxi/code/RL/nn-dataset/ab/nn/stat/train/img-classification_celeba-gender_acc_ast-dimension-AlexNet-927a3d2c7ee286f149043455a01769d4/2.json",
    "/Users/zhangxi/code/RL/nn-dataset/ab/nn/stat/train/img-classification_celeba-gender_acc_ast-dimension-AlexNet-927a3d2c7ee286f149043455a01769d4/3.json",
    "/Users/zhangxi/code/RL/nn-dataset/ab/nn/stat/train/img-classification_celeba-gender_acc_ast-dimension-AlexNet-927a3d2c7ee286f149043455a01769d4/4.json",
    "/Users/zhangxi/code/RL/nn-dataset/ab/nn/stat/train/img-classification_celeba-gender_acc_ast-dimension-AlexNet-927a3d2c7ee286f149043455a01769d4/5.json",
    "/Users/zhangxi/code/RL/nn-dataset/ab/nn/stat/train/img-classification_celeba-gender_acc_ast-dimension-AlexNet-aa8089b2c81e3068fdf8b245a7ab8697/1.json",
    "/Users/zhangxi/code/RL/nn-dataset/ab/nn/stat/train/img-classification_celeba-gender_acc_ast-dimension-AlexNet-aa8089b2c81e3068fdf8b245a7ab8697/2.json",
    "/Users/zhangxi/code/RL/nn-dataset/ab/nn/stat/train/img-classification_celeba-gender_acc_ast-dimension-AlexNet-aa8089b2c81e3068fdf8b245a7ab8697/3.json",
    "/Users/zhangxi/code/RL/nn-dataset/ab/nn/stat/train/img-classification_celeba-gender_acc_ast-dimension-AlexNet-aa8089b2c81e3068fdf8b245a7ab8697/4.json",
    "/Users/zhangxi/code/RL/nn-dataset/ab/nn/stat/train/img-classification_celeba-gender_acc_ast-dimension-AlexNet-aa8089b2c81e3068fdf8b245a7ab8697/5.json",
    "/Users/zhangxi/code/RL/nn-dataset/ab/nn/stat/train/img-classification_celeba-gender_acc_ast-dimension-AlexNet-ac0ba3c367e90fae5609f7ddfea003a2/1.json",
    "/Users/zhangxi/code/RL/nn-dataset/ab/nn/stat/train/img-classification_celeba-gender_acc_ast-dimension-AlexNet-ac0ba3c367e90fae5609f7ddfea003a2/2.json",
    "/Users/zhangxi/code/RL/nn-dataset/ab/nn/stat/train/img-classification_celeba-gender_acc_ast-dimension-AlexNet-ac0ba3c367e90fae5609f7ddfea003a2/3.json",
    "/Users/zhangxi/code/RL/nn-dataset/ab/nn/stat/train/img-classification_celeba-gender_acc_ast-dimension-AlexNet-ac0ba3c367e90fae5609f7ddfea003a2/4.json",
    "/Users/zhangxi/code/RL/nn-dataset/ab/nn/stat/train/img-classification_celeba-gender_acc_ast-dimension-AlexNet-ac0ba3c367e90fae5609f7ddfea003a2/5.json",
    "/Users/zhangxi/code/RL/nn-dataset/ab/nn/stat/train/img-classification_celeba-gender_acc_ga-202/1.json",
    "/Users/zhangxi/code/RL/nn-dataset/ab/nn/stat/train/img-classification_celeba-gender_acc_ga-202/2.json",
    "/Users/zhangxi/code/RL/nn-dataset/ab/nn/stat/train/img-classification_celeba-gender_acc_ga-202/3.json",
    "/Users/zhangxi/code/RL/nn-dataset/ab/nn/stat/train/img-classification_celeba-gender_acc_ga-202/4.json",
    "/Users/zhangxi/code/RL/nn-dataset/ab/nn/stat/train/img-classification_celeba-gender_acc_ga-202/5.json",
    "/Users/zhangxi/code/RL/nn-dataset/ab/nn/stat/train/img-classification_celeba-gender_acc_ga-212/1.json",
    "/Users/zhangxi/code/RL/nn-dataset/ab/nn/stat/train/img-classification_celeba-gender_acc_ga-281/1.json",
    "/Users/zhangxi/code/RL/nn-dataset/ab/nn/stat/train/img-classification_celeba-gender_acc_ga-281/2.json",
    "/Users/zhangxi/code/RL/nn-dataset/ab/nn/stat/train/img-classification_celeba-gender_acc_ga-281/3.json",
    "/Users/zhangxi/code/RL/nn-dataset/ab/nn/stat/train/img-classification_celeba-gender_acc_ga-281/4.json",
    "/Users/zhangxi/code/RL/nn-dataset/ab/nn/stat/train/img-classification_celeba-gender_acc_ga-281/5.json",
    "/Users/zhangxi/code/RL/nn-dataset/ab/nn/stat/train/img-classification_celeba-gender_acc_ga-332/1.json",
    "/Users/zhangxi/code/RL/nn-dataset/ab/nn/stat/train/img-classification_celeba-gender_acc_ga-332/10.json",
    "/Users/zhangxi/code/RL/nn-dataset/ab/nn/stat/train/img-classification_celeba-gender_acc_ga-332/11.json",
    "/Users/zhangxi/code/RL/nn-dataset/ab/nn/stat/train/img-classification_celeba-gender_acc_ga-332/12.json",
    "/Users/zhangxi/code/RL/nn-dataset/ab/nn/stat/train/img-classification_celeba-gender_acc_ga-332/13.json",
    "/Users/zhangxi/code/RL/nn-dataset/ab/nn/stat/train/img-classification_celeba-gender_acc_ga-332/14.json",
    "/Users/zhangxi/code/RL/nn-dataset/ab/nn/stat/train/img-classification_celeba-gender_acc_ga-332/15.json",
    "/Users/zhangxi/code/RL/nn-dataset/ab/nn/stat/train/img-classification_celeba-gender_acc_ga-332/16.json",
    "/Users/zhangxi/code/RL/nn-dataset/ab/nn/stat/train/img-classification_celeba-gender_acc_ga-332/17.json",
    "/Users/zhangxi/code/RL/nn-dataset/ab/nn/stat/train/img-classification_celeba-gender_acc_ga-332/18.json",
    "/Users/zhangxi/code/RL/nn-dataset/ab/nn/stat/train/img-classification_celeba-gender_acc_ga-332/19.json",
    "/Users/zhangxi/code/RL/nn-dataset/ab/nn/stat/train/img-classification_celeba-gender_acc_ga-332/2.json",
    "/Users/zhangxi/code/RL/nn-dataset/ab/nn/stat/train/img-classification_celeba-gender_acc_ga-332/20.json",
    "/Users/zhangxi/code/RL/nn-dataset/ab/nn/stat/train/img-classification_celeba-gender_acc_ga-332/21.json",
    "/Users/zhangxi/code/RL/nn-dataset/ab/nn/stat/train/img-classification_celeba-gender_acc_ga-332/22.json",
    "/Users/zhangxi/code/RL/nn-dataset/ab/nn/stat/train/img-classification_celeba-gender_acc_ga-332/23.json",
    "/Users/zhangxi/code/RL/nn-dataset/ab/nn/stat/train/img-classification_celeba-gender_acc_ga-332/24.json",
    "/Users/zhangxi/code/RL/nn-dataset/ab/nn/stat/train/img-classification_celeba-gender_acc_ga-332/25.json",
    "/Users/zhangxi/code/RL/nn-dataset/ab/nn/stat/train/img-classification_celeba-gender_acc_ga-332/26.json",
    "/Users/zhangxi/code/RL/nn-dataset/ab/nn/stat/train/img-classification_celeba-gender_acc_ga-332/27.json",
    "/Users/zhangxi/code/RL/nn-dataset/ab/nn/stat/train/img-classification_celeba-gender_acc_ga-332/28.json",
    "/Users/zhangxi/code/RL/nn-dataset/ab/nn/stat/train/img-classification_celeba-gender_acc_ga-332/29.json",
    "/Users/zhangxi/code/RL/nn-dataset/ab/nn/stat/train/img-classification_celeba-gender_acc_ga-332/3.json",
    "/Users/zhangxi/code/RL/nn-dataset/ab/nn/stat/train/img-classification_celeba-gender_acc_ga-332/30.json",
    "/Users/zhangxi/code/RL/nn-dataset/ab/nn/stat/train/img-classification_celeba-gender_acc_ga-332/31.json",
    "/Users/zhangxi/code/RL/nn-dataset/ab/nn/stat/train/img-classification_celeba-gender_acc_ga-332/32.json",
    "/Users/zhangxi/code/RL/nn-dataset/ab/nn/stat/train/img-classification_celeba-gender_acc_ga-332/33.json",
    "/Users/zhangxi/code/RL/nn-dataset/ab/nn/stat/train/img-classification_celeba-gender_acc_ga-332/34.json",
    "/Users/zhangxi/code/RL/nn-dataset/ab/nn/stat/train/img-classification_celeba-gender_acc_ga-332/35.json",
    "/Users/zhangxi/code/RL/nn-dataset/ab/nn/stat/train/img-classification_celeba-gender_acc_ga-332/36.json",
    "/Users/zhangxi/code/RL/nn-dataset/ab/nn/stat/train/img-classification_celeba-gender_acc_ga-332/37.json",
    "/Users/zhangxi/code/RL/nn-dataset/ab/nn/stat/train/img-classification_celeba-gender_acc_ga-332/38.json",
    "/Users/zhangxi/code/RL/nn-dataset/ab/nn/stat/train/img-classification_celeba-gender_acc_ga-332/39.json",
    "/Users/zhangxi/code/RL/nn-dataset/ab/nn/stat/train/img-classification_celeba-gender_acc_ga-332/4.json",
    "/Users/zhangxi/code/RL/nn-dataset/ab/nn/stat/train/img-classification_celeba-gender_acc_ga-332/40.json",
    "/Users/zhangxi/code/RL/nn-dataset/ab/nn/stat/train/img-classification_celeba-gender_acc_ga-332/41.json",
    "/Users/zhangxi/code/RL/nn-dataset/ab/nn/stat/train/img-classification_celeba-gender_acc_ga-332/42.json",
    "/Users/zhangxi/code/RL/nn-dataset/ab/nn/stat/train/img-classification_celeba-gender_acc_ga-332/43.json",
    "/Users/zhangxi/code/RL/nn-dataset/ab/nn/stat/train/img-classification_celeba-gender_acc_ga-332/44.json",
    "/Users/zhangxi/code/RL/nn-dataset/ab/nn/stat/train/img-classification_celeba-gender_acc_ga-332/45.json",
    "/Users/zhangxi/code/RL/nn-dataset/ab/nn/stat/train/img-classification_celeba-gender_acc_ga-332/46.json",
    "/Users/zhangxi/code/RL/nn-dataset/ab/nn/stat/train/img-classification_celeba-gender_acc_ga-332/47.json",
    "/Users/zhangxi/code/RL/nn-dataset/ab/nn/stat/train/img-classification_celeba-gender_acc_ga-332/48.json",
    "/Users/zhangxi/code/RL/nn-dataset/ab/nn/stat/train/img-classification_celeba-gender_acc_ga-332/49.json",
    "/Users/zhangxi/code/RL/nn-dataset/ab/nn/stat/train/img-classification_celeba-gender_acc_ga-332/5.json",
    "/Users/zhangxi/code/RL/nn-dataset/ab/nn/stat/train/img-classification_celeba-gender_acc_ga-332/50.json",
    "/Users/zhangxi/code/RL/nn-dataset/ab/nn/stat/train/img-classification_celeba-gender_acc_ga-332/6.json",
    "/Users/zhangxi/code/RL/nn-dataset/ab/nn/stat/train/img-classification_celeba-gender_acc_ga-332/7.json",
    "/Users/zhangxi/code/RL/nn-dataset/ab/nn/stat/train/img-classification_celeba-gender_acc_ga-332/8.json",
    "/Users/zhangxi/code/RL/nn-dataset/ab/nn/stat/train/img-classification_celeba-gender_acc_ga-332/9.json",
    "/Users/zhangxi/code/RL/nn-dataset/ab/nn/stat/train/img-classification_celeba-gender_acc_ga-348/1.json",
    "/Users/zhangxi/code/RL/nn-dataset/ab/nn/stat/train/img-classification_celeba-gender_acc_ga-348/2.json",
    "/Users/zhangxi/code/RL/nn-dataset/ab/nn/stat/train/img-classification_celeba-gender_acc_ga-348/3.json",
    "/Users/zhangxi/code/RL/nn-dataset/ab/nn/stat/train/img-classification_celeba-gender_acc_ga-348/4.json",
    "/Users/zhangxi/code/RL/nn-dataset/ab/nn/stat/train/img-classification_celeba-gender_acc_ga-348/5.json",
    "/Users/zhangxi/code/RL/nn-dataset/ab/nn/stat/train/img-classification_celeba-gender_acc_ga-447/1.json",
    "/Users/zhangxi/code/RL/nn-dataset/ab/nn/stat/train/img-classification_celeba-gender_acc_ga-447/2.json",
    "/Users/zhangxi/code/RL/nn-dataset/ab/nn/stat/train/img-classification_celeba-gender_acc_ga-447/3.json",
    "/Users/zhangxi/code/RL/nn-dataset/ab/nn/stat/train/img-classification_celeba-gender_acc_ga-447/4.json",
    "/Users/zhangxi/code/RL/nn-dataset/ab/nn/stat/train/img-classification_celeba-gender_acc_ga-447/5.json",
    "/Users/zhangxi/code/RL/nn-dataset/ab/nn/stat/train/img-classification_celeba-gender_acc_ga-5/1.json",
    "/Users/zhangxi/code/RL/nn-dataset/ab/nn/stat/train/img-classification_celeba-gender_acc_ga-5/2.json",
    "/Users/zhangxi/code/RL/nn-dataset/ab/nn/stat/train/img-classification_celeba-gender_acc_ga-5/3.json",
    "/Users/zhangxi/code/RL/nn-dataset/ab/nn/stat/train/img-classification_celeba-gender_acc_ga-5/4.json",
    "/Users/zhangxi/code/RL/nn-dataset/ab/nn/stat/train/img-classification_celeba-gender_acc_ga-5/5.json",
    "/Users/zhangxi/code/RL/nn-dataset/ab/nn/stat/train/img-classification_celeba-gender_acc_ga-500/1.json",
    "/Users/zhangxi/code/RL/nn-dataset/ab/nn/stat/train/img-classification_celeba-gender_acc_ga-500/2.json",
    "/Users/zhangxi/code/RL/nn-dataset/ab/nn/stat/train/img-classification_celeba-gender_acc_ga-500/3.json",
    "/Users/zhangxi/code/RL/nn-dataset/ab/nn/stat/train/img-classification_celeba-gender_acc_ga-500/4.json",
    "/Users/zhangxi/code/RL/nn-dataset/ab/nn/stat/train/img-classification_celeba-gender_acc_ga-500/5.json",
    "/Users/zhangxi/code/RL/nn-dataset/ab/nn/stat/train/img-classification_celeba-gender_acc_ga-59/1.json",
    "/Users/zhangxi/code/RL/nn-dataset/ab/nn/stat/train/img-classification_celeba-gender_acc_ga-59/2.json",
    "/Users/zhangxi/code/RL/nn-dataset/ab/nn/stat/train/img-classification_celeba-gender_acc_ga-59/3.json",
    "/Users/zhangxi/code/RL/nn-dataset/ab/nn/stat/train/img-classification_celeba-gender_acc_ga-59/4.json",
    "/Users/zhangxi/code/RL/nn-dataset/ab/nn/stat/train/img-classification_celeba-gender_acc_ga-59/5.json",
    "/Users/zhangxi/code/RL/nn-dataset/ab/nn/stat/train/img-classification_celeba-gender_acc_ga-782/1.json",
    "/Users/zhangxi/code/RL/nn-dataset/ab/nn/stat/train/img-classification_celeba-gender_acc_ga-782/2.json",
    "/Users/zhangxi/code/RL/nn-dataset/ab/nn/stat/train/img-classification_celeba-gender_acc_ga-782/3.json",
    "/Users/zhangxi/code/RL/nn-dataset/ab/nn/stat/train/img-classification_celeba-gender_acc_ga-782/4.json",
    "/Users/zhangxi/code/RL/nn-dataset/ab/nn/stat/train/img-classification_celeba-gender_acc_ga-782/5.json",
    "/Users/zhangxi/code/RL/nn-dataset/ab/nn/stat/train/img-classification_celeba-gender_acc_ga-8/1.json",
    "/Users/zhangxi/code/RL/nn-dataset/ab/nn/stat/train/img-classification_celeba-gender_acc_ga-810/1.json",
    "/Users/zhangxi/code/RL/nn-dataset/ab/nn/stat/train/img-classification_celeba-gender_acc_ga-810/2.json",
    "/Users/zhangxi/code/RL/nn-dataset/ab/nn/stat/train/img-classification_celeba-gender_acc_ga-810/3.json",
    "/Users/zhangxi/code/RL/nn-dataset/ab/nn/stat/train/img-classification_celeba-gender_acc_ga-810/4.json",
    "/Users/zhangxi/code/RL/nn-dataset/ab/nn/stat/train/img-classification_celeba-gender_acc_ga-810/5.json",
    "/Users/zhangxi/code/RL/nn-dataset/ab/nn/stat/train/img-classification_celeba-gender_acc_ga-833/1.json",
    "/Users/zhangxi/code/RL/nn-dataset/ab/nn/stat/train/img-classification_celeba-gender_acc_ga-833/2.json",
    "/Users/zhangxi/code/RL/nn-dataset/ab/nn/stat/train/img-classification_celeba-gender_acc_ga-833/3.json",
    "/Users/zhangxi/code/RL/nn-dataset/ab/nn/stat/train/img-classification_celeba-gender_acc_ga-833/4.json",
    "/Users/zhangxi/code/RL/nn-dataset/ab/nn/stat/train/img-classification_celeba-gender_acc_ga-833/5.json",
    "/Users/zhangxi/code/RL/nn-dataset/ab/nn/stat/train/img-classification_celeba-gender_acc_ga-927/1.json",
    "/Users/zhangxi/code/RL/nn-dataset/ab/nn/stat/train/img-classification_celeba-gender_acc_ga-927/2.json",
    "/Users/zhangxi/code/RL/nn-dataset/ab/nn/stat/train/img-classification_celeba-gender_acc_ga-927/3.json",
    "/Users/zhangxi/code/RL/nn-dataset/ab/nn/stat/train/img-classification_celeba-gender_acc_ga-927/4.json",
    "/Users/zhangxi/code/RL/nn-dataset/ab/nn/stat/train/img-classification_celeba-gender_acc_ga-927/5.json",
    "/Users/zhangxi/code/RL/nn-dataset/ab/nn/stat/train/img-classification_celeba-gender_acc_ga-961/1.json",
    "/Users/zhangxi/code/RL/nn-dataset/ab/nn/stat/train/img-classification_celeba-gender_acc_ga-mut-1291/3.json",
    "/Users/zhangxi/code/RL/nn-dataset/ab/nn/stat/train/img-classification_celeba-gender_acc_ga-mut-1300/5.json",
    "/Users/zhangxi/code/RL/nn-dataset/ab/nn/stat/train/img-classification_celeba-gender_acc_rag-4239f57ab8735febbebd94eac9323512/1.json",
    "/Users/zhangxi/code/RL/nn-dataset/ab/nn/stat/train/img-classification_celeba-gender_acc_rag-4239f57ab8735febbebd94eac9323512/2.json",
    "/Users/zhangxi/code/RL/nn-dataset/ab/nn/stat/train/img-classification_celeba-gender_acc_rag-4239f57ab8735febbebd94eac9323512/3.json",
    "/Users/zhangxi/code/RL/nn-dataset/ab/nn/stat/train/img-classification_celeba-gender_acc_rag-4239f57ab8735febbebd94eac9323512/4.json",
    "/Users/zhangxi/code/RL/nn-dataset/ab/nn/stat/train/img-classification_celeba-gender_acc_rag-5184e02c79251b45feb4b4ebac0fe6df/3.json",
    "/Users/zhangxi/code/RL/nn-dataset/ab/nn/stat/train/img-classification_celeba-gender_acc_rag-9dc0d1e7b98b53e1b63eb1e06e1fff0e/1.json",
    "/Users/zhangxi/code/RL/nn-dataset/ab/nn/stat/train/img-classification_celeba-gender_acc_rag-9dc0d1e7b98b53e1b63eb1e06e1fff0e/2.json",
    "/Users/zhangxi/code/RL/nn-dataset/ab/nn/stat/train/img-classification_celeba-gender_acc_rag-9dc0d1e7b98b53e1b63eb1e06e1fff0e/3.json",
    "/Users/zhangxi/code/RL/nn-dataset/ab/nn/stat/train/img-classification_celeba-gender_acc_rag-9dc0d1e7b98b53e1b63eb1e06e1fff0e/4.json",
    "/Users/zhangxi/code/RL/nn-dataset/ab/nn/stat/train/img-classification_celeba-gender_acc_rag-9dc0d1e7b98b53e1b63eb1e06e1fff0e/5.json",
    "/Users/zhangxi/code/RL/nn-dataset/ab/nn/stat/train/img-classification_celeba-gender_acc_rag-b28d7694200612c5d52195ed2cf077e0/1.json",
    "/Users/zhangxi/code/RL/nn-dataset/ab/nn/stat/train/img-classification_celeba-gender_acc_rl-bb-init-63f87d7bfcb664eb9984cdafe98684a6/1.json",
    "/Users/zhangxi/code/RL/nn-dataset/ab/nn/stat/train/img-classification_celeba-gender_acc_rl-init-e4f752845b9d73f0675f5ab03566b9a5/1.json",
    "/Users/zhangxi/code/RL/nn-dataset/ab/nn/stat/train/img-classification_celeba-gender_acc_unq-02699491b9674d1f5225791fb5fb89ad/2.json",
    "/Users/zhangxi/code/RL/nn-dataset/ab/nn/stat/train/img-classification_celeba-gender_acc_unq-1940119934ef862bd61c00dc2e7f1622/3.json",
    "/Users/zhangxi/code/RL/nn-dataset/ab/nn/stat/train/img-classification_celeba-gender_acc_unq-21134f83a3c0fd31e866bd4d694032dc/2.json",
    "/Users/zhangxi/code/RL/nn-dataset/ab/nn/stat/train/img-classification_celeba-gender_acc_unq-4cbb28c5637b7743a2f8c2cd4d267950/5.json",
    "/Users/zhangxi/code/RL/nn-dataset/ab/nn/stat/train/img-classification_celeba-gender_acc_unq-58475886db369453e91264c2cbbc21d7/4.json",
    "/Users/zhangxi/code/RL/nn-dataset/ab/nn/stat/train/img-classification_celeba-gender_acc_unq-9feec55a774f6260b8baa665d57758b6/4.json",
    "/Users/zhangxi/code/RL/nn-dataset/ab/nn/stat/train/img-classification_celeba-gender_acc_unq-ab2a67a5bbb682b395d9459a3238934b/1.json",
    "/Users/zhangxi/code/RL/nn-dataset/ab/nn/stat/train/img-classification_celeba-gender_acc_unq-bf9507ffd94cfcdc01ebc1e68757a98a/1.json",
    "/Users/zhangxi/code/RL/nn-dataset/ab/nn/stat/train/img-classification_celeba-gender_acc_unq-c7d0dcf5728ab4e3f3f2e73c536a708d/1.json",
    "/Users/zhangxi/code/RL/nn-dataset/ab/nn/stat/train/img-classification_celeba-gender_acc_unq-d63f1db03c7afce5e8dbb7636294c51c/1.json",
    "/Users/zhangxi/code/RL/nn-dataset/ab/nn/stat/train/img-classification_celeba-gender_acc_unq-da85806bb92bbb81fb7a204660ca049b/2.json",
    "/Users/zhangxi/code/RL/nn-dataset/ab/nn/stat/train/img-classification_cifar-100_acc_AlexNet/1.json",
    "/Users/zhangxi/code/RL/nn-dataset/ab/nn/stat/train/img-classification_cifar-100_acc_AlexNet/2.json",
    "/Users/zhangxi/code/RL/nn-dataset/ab/nn/stat/train/img-classification_cifar-100_acc_AlexNet/3.json",
    "/Users/zhangxi/code/RL/nn-dataset/ab/nn/stat/train/img-classification_cifar-100_acc_AlexNet/4.json",
    "/Users/zhangxi/code/RL/nn-dataset/ab/nn/stat/train/img-classification_cifar-100_acc_AlexNet/45.json",
    "/Users/zhangxi/code/RL/nn-dataset/ab/nn/stat/train/img-classification_cifar-100_acc_AlexNet/5.json",
    "/Users/zhangxi/code/RL/nn-dataset/ab/nn/stat/train/img-classification_cifar-100_acc_BagNet-560341b5-15a8-4829-a8ac-ea4c7391a950/1.json",
    "/Users/zhangxi/code/RL/nn-dataset/ab/nn/stat/train/img-classification_cifar-100_acc_BagNet-560341b5-15a8-4829-a8ac-ea4c7391a950/2.json",
    "/Users/zhangxi/code/RL/nn-dataset/ab/nn/stat/train/img-classification_cifar-100_acc_BagNet-560341b5-15a8-4829-a8ac-ea4c7391a950/3.json",
    "/Users/zhangxi/code/RL/nn-dataset/ab/nn/stat/train/img-classification_cifar-100_acc_BagNet-560341b5-15a8-4829-a8ac-ea4c7391a950/4.json",
    "/Users/zhangxi/code/RL/nn-dataset/ab/nn/stat/train/img-classification_cifar-100_acc_BagNet-560341b5-15a8-4829-a8ac-ea4c7391a950/5.json",
    "/Users/zhangxi/code/RL/nn-dataset/ab/nn/stat/train/img-classification_cifar-100_acc_BagNet/6.json",
    "/Users/zhangxi/code/RL/nn-dataset/ab/nn/stat/train/img-classification_cifar-100_acc_BayesianNet-1/12.json",
    "/Users/zhangxi/code/RL/nn-dataset/ab/nn/stat/train/img-classification_cifar-100_acc_BayesianNet-1/13.json",
    "/Users/zhangxi/code/RL/nn-dataset/ab/nn/stat/train/img-classification_cifar-100_acc_BayesianNet-1/17.json",
    "/Users/zhangxi/code/RL/nn-dataset/ab/nn/stat/train/img-classification_cifar-100_acc_BayesianNet-1/18.json",
    "/Users/zhangxi/code/RL/nn-dataset/ab/nn/stat/train/img-classification_cifar-100_acc_BayesianNet-2/41.json",
    "/Users/zhangxi/code/RL/nn-dataset/ab/nn/stat/train/img-classification_cifar-100_acc_BayesianNet-3/45.json",
    "/Users/zhangxi/code/RL/nn-dataset/ab/nn/stat/train/img-classification_cifar-100_acc_BayesianNet-4f11c8da-cfe1-46ba-b5d0-b5d899929a2e/35.json",
    "/Users/zhangxi/code/RL/nn-dataset/ab/nn/stat/train/img-classification_cifar-100_acc_BayesianNet-588ebe09-571f-4b23-a4ce-685b7ccb302d/34.json",
    "/Users/zhangxi/code/RL/nn-dataset/ab/nn/stat/train/img-classification_cifar-100_acc_BayesianNet-588ebe09-571f-4b23-a4ce-685b7ccb302d/37.json",
    "/Users/zhangxi/code/RL/nn-dataset/ab/nn/stat/train/img-classification_cifar-100_acc_ComplexNet/18.json",
    "/Users/zhangxi/code/RL/nn-dataset/ab/nn/stat/train/img-classification_cifar-100_acc_ComplexNet/27.json",
    "/Users/zhangxi/code/RL/nn-dataset/ab/nn/stat/train/img-classification_cifar-100_acc_ComplexNet/32.json",
    "/Users/zhangxi/code/RL/nn-dataset/ab/nn/stat/train/img-classification_cifar-100_acc_ComplexNet/41.json",
    "/Users/zhangxi/code/RL/nn-dataset/ab/nn/stat/train/img-classification_cifar-100_acc_ComplexNet/44.json",
    "/Users/zhangxi/code/RL/nn-dataset/ab/nn/stat/train/img-classification_cifar-100_acc_ComplexNet/46.json",
    "/Users/zhangxi/code/RL/nn-dataset/ab/nn/stat/train/img-classification_cifar-100_acc_DPN107/12.json",
    "/Users/zhangxi/code/RL/nn-dataset/ab/nn/stat/train/img-classification_cifar-100_acc_DPN107/13.json",
    "/Users/zhangxi/code/RL/nn-dataset/ab/nn/stat/train/img-classification_cifar-100_acc_DPN68-9693aa0b-80bf-4393-a9e0-dd985a5ab128/27.json",
    "/Users/zhangxi/code/RL/nn-dataset/ab/nn/stat/train/img-classification_cifar-100_acc_DarkNet/3.json",
    "/Users/zhangxi/code/RL/nn-dataset/ab/nn/stat/train/img-classification_cifar-100_acc_DenseNet-8dbe9c05-5dc8-4965-b194-dcc6fc7d8e67/21.json",
    "/Users/zhangxi/code/RL/nn-dataset/ab/nn/stat/train/img-classification_cifar-100_acc_EfficientNet/16.json",
    "/Users/zhangxi/code/RL/nn-dataset/ab/nn/stat/train/img-classification_cifar-100_acc_GoogLeNet/40.json",
    "/Users/zhangxi/code/RL/nn-dataset/ab/nn/stat/train/img-classification_cifar-100_acc_ICNet-67ac663e-9a9a-461b-8977-52dd50c7e3b2/1.json",
    "/Users/zhangxi/code/RL/nn-dataset/ab/nn/stat/train/img-classification_cifar-100_acc_ICNet-67ac663e-9a9a-461b-8977-52dd50c7e3b2/10.json",
    "/Users/zhangxi/code/RL/nn-dataset/ab/nn/stat/train/img-classification_cifar-100_acc_ICNet-67ac663e-9a9a-461b-8977-52dd50c7e3b2/11.json",
    "/Users/zhangxi/code/RL/nn-dataset/ab/nn/stat/train/img-classification_cifar-100_acc_ICNet-67ac663e-9a9a-461b-8977-52dd50c7e3b2/12.json",
    "/Users/zhangxi/code/RL/nn-dataset/ab/nn/stat/train/img-classification_cifar-100_acc_ICNet-67ac663e-9a9a-461b-8977-52dd50c7e3b2/13.json",
    "/Users/zhangxi/code/RL/nn-dataset/ab/nn/stat/train/img-classification_cifar-100_acc_ICNet-67ac663e-9a9a-461b-8977-52dd50c7e3b2/14.json",
    "/Users/zhangxi/code/RL/nn-dataset/ab/nn/stat/train/img-classification_cifar-100_acc_ICNet-67ac663e-9a9a-461b-8977-52dd50c7e3b2/15.json",
    "/Users/zhangxi/code/RL/nn-dataset/ab/nn/stat/train/img-classification_cifar-100_acc_ICNet-67ac663e-9a9a-461b-8977-52dd50c7e3b2/16.json",
    "/Users/zhangxi/code/RL/nn-dataset/ab/nn/stat/train/img-classification_cifar-100_acc_ICNet-67ac663e-9a9a-461b-8977-52dd50c7e3b2/17.json",
    "/Users/zhangxi/code/RL/nn-dataset/ab/nn/stat/train/img-classification_cifar-100_acc_ICNet-67ac663e-9a9a-461b-8977-52dd50c7e3b2/18.json",
    "/Users/zhangxi/code/RL/nn-dataset/ab/nn/stat/train/img-classification_cifar-100_acc_ICNet-67ac663e-9a9a-461b-8977-52dd50c7e3b2/19.json",
    "/Users/zhangxi/code/RL/nn-dataset/ab/nn/stat/train/img-classification_cifar-100_acc_ICNet-67ac663e-9a9a-461b-8977-52dd50c7e3b2/2.json",
    "/Users/zhangxi/code/RL/nn-dataset/ab/nn/stat/train/img-classification_cifar-100_acc_ICNet-67ac663e-9a9a-461b-8977-52dd50c7e3b2/20.json",
    "/Users/zhangxi/code/RL/nn-dataset/ab/nn/stat/train/img-classification_cifar-100_acc_ICNet-67ac663e-9a9a-461b-8977-52dd50c7e3b2/21.json",
    "/Users/zhangxi/code/RL/nn-dataset/ab/nn/stat/train/img-classification_cifar-100_acc_ICNet-67ac663e-9a9a-461b-8977-52dd50c7e3b2/22.json",
    "/Users/zhangxi/code/RL/nn-dataset/ab/nn/stat/train/img-classification_cifar-100_acc_ICNet-67ac663e-9a9a-461b-8977-52dd50c7e3b2/23.json",
    "/Users/zhangxi/code/RL/nn-dataset/ab/nn/stat/train/img-classification_cifar-100_acc_ICNet-67ac663e-9a9a-461b-8977-52dd50c7e3b2/24.json",
    "/Users/zhangxi/code/RL/nn-dataset/ab/nn/stat/train/img-classification_cifar-100_acc_ICNet-67ac663e-9a9a-461b-8977-52dd50c7e3b2/25.json",
    "/Users/zhangxi/code/RL/nn-dataset/ab/nn/stat/train/img-classification_cifar-100_acc_ICNet-67ac663e-9a9a-461b-8977-52dd50c7e3b2/26.json",
    "/Users/zhangxi/code/RL/nn-dataset/ab/nn/stat/train/img-classification_cifar-100_acc_ICNet-67ac663e-9a9a-461b-8977-52dd50c7e3b2/27.json",
    "/Users/zhangxi/code/RL/nn-dataset/ab/nn/stat/train/img-classification_cifar-100_acc_ICNet-67ac663e-9a9a-461b-8977-52dd50c7e3b2/28.json",
    "/Users/zhangxi/code/RL/nn-dataset/ab/nn/stat/train/img-classification_cifar-100_acc_ICNet-67ac663e-9a9a-461b-8977-52dd50c7e3b2/29.json",
    "/Users/zhangxi/code/RL/nn-dataset/ab/nn/stat/train/img-classification_cifar-100_acc_ICNet-67ac663e-9a9a-461b-8977-52dd50c7e3b2/3.json",
    "/Users/zhangxi/code/RL/nn-dataset/ab/nn/stat/train/img-classification_cifar-100_acc_ICNet-67ac663e-9a9a-461b-8977-52dd50c7e3b2/30.json",
    "/Users/zhangxi/code/RL/nn-dataset/ab/nn/stat/train/img-classification_cifar-100_acc_ICNet-67ac663e-9a9a-461b-8977-52dd50c7e3b2/31.json",
    "/Users/zhangxi/code/RL/nn-dataset/ab/nn/stat/train/img-classification_cifar-100_acc_ICNet-67ac663e-9a9a-461b-8977-52dd50c7e3b2/32.json",
    "/Users/zhangxi/code/RL/nn-dataset/ab/nn/stat/train/img-classification_cifar-100_acc_ICNet-67ac663e-9a9a-461b-8977-52dd50c7e3b2/33.json",
    "/Users/zhangxi/code/RL/nn-dataset/ab/nn/stat/train/img-classification_cifar-100_acc_ICNet-67ac663e-9a9a-461b-8977-52dd50c7e3b2/34.json",
    "/Users/zhangxi/code/RL/nn-dataset/ab/nn/stat/train/img-classification_cifar-100_acc_ICNet-67ac663e-9a9a-461b-8977-52dd50c7e3b2/35.json",
    "/Users/zhangxi/code/RL/nn-dataset/ab/nn/stat/train/img-classification_cifar-100_acc_ICNet-67ac663e-9a9a-461b-8977-52dd50c7e3b2/36.json",
    "/Users/zhangxi/code/RL/nn-dataset/ab/nn/stat/train/img-classification_cifar-100_acc_ICNet-67ac663e-9a9a-461b-8977-52dd50c7e3b2/37.json",
    "/Users/zhangxi/code/RL/nn-dataset/ab/nn/stat/train/img-classification_cifar-100_acc_ICNet-67ac663e-9a9a-461b-8977-52dd50c7e3b2/38.json",
    "/Users/zhangxi/code/RL/nn-dataset/ab/nn/stat/train/img-classification_cifar-100_acc_ICNet-67ac663e-9a9a-461b-8977-52dd50c7e3b2/39.json",
    "/Users/zhangxi/code/RL/nn-dataset/ab/nn/stat/train/img-classification_cifar-100_acc_ICNet-67ac663e-9a9a-461b-8977-52dd50c7e3b2/4.json",
    "/Users/zhangxi/code/RL/nn-dataset/ab/nn/stat/train/img-classification_cifar-100_acc_ICNet-67ac663e-9a9a-461b-8977-52dd50c7e3b2/40.json",
    "/Users/zhangxi/code/RL/nn-dataset/ab/nn/stat/train/img-classification_cifar-100_acc_ICNet-67ac663e-9a9a-461b-8977-52dd50c7e3b2/41.json",
    "/Users/zhangxi/code/RL/nn-dataset/ab/nn/stat/train/img-classification_cifar-100_acc_ICNet-67ac663e-9a9a-461b-8977-52dd50c7e3b2/42.json",
    "/Users/zhangxi/code/RL/nn-dataset/ab/nn/stat/train/img-classification_cifar-100_acc_ICNet-67ac663e-9a9a-461b-8977-52dd50c7e3b2/43.json",
    "/Users/zhangxi/code/RL/nn-dataset/ab/nn/stat/train/img-classification_cifar-100_acc_ICNet-67ac663e-9a9a-461b-8977-52dd50c7e3b2/44.json",
    "/Users/zhangxi/code/RL/nn-dataset/ab/nn/stat/train/img-classification_cifar-100_acc_ICNet-67ac663e-9a9a-461b-8977-52dd50c7e3b2/45.json",
    "/Users/zhangxi/code/RL/nn-dataset/ab/nn/stat/train/img-classification_cifar-100_acc_ICNet-67ac663e-9a9a-461b-8977-52dd50c7e3b2/46.json",
    "/Users/zhangxi/code/RL/nn-dataset/ab/nn/stat/train/img-classification_cifar-100_acc_ICNet-67ac663e-9a9a-461b-8977-52dd50c7e3b2/47.json",
    "/Users/zhangxi/code/RL/nn-dataset/ab/nn/stat/train/img-classification_cifar-100_acc_ICNet-67ac663e-9a9a-461b-8977-52dd50c7e3b2/48.json",
    "/Users/zhangxi/code/RL/nn-dataset/ab/nn/stat/train/img-classification_cifar-100_acc_ICNet-67ac663e-9a9a-461b-8977-52dd50c7e3b2/49.json",
    "/Users/zhangxi/code/RL/nn-dataset/ab/nn/stat/train/img-classification_cifar-100_acc_ICNet-67ac663e-9a9a-461b-8977-52dd50c7e3b2/5.json",
    "/Users/zhangxi/code/RL/nn-dataset/ab/nn/stat/train/img-classification_cifar-100_acc_ICNet-67ac663e-9a9a-461b-8977-52dd50c7e3b2/50.json",
    "/Users/zhangxi/code/RL/nn-dataset/ab/nn/stat/train/img-classification_cifar-100_acc_ICNet-67ac663e-9a9a-461b-8977-52dd50c7e3b2/6.json",
    "/Users/zhangxi/code/RL/nn-dataset/ab/nn/stat/train/img-classification_cifar-100_acc_ICNet-67ac663e-9a9a-461b-8977-52dd50c7e3b2/7.json",
    "/Users/zhangxi/code/RL/nn-dataset/ab/nn/stat/train/img-classification_cifar-100_acc_ICNet-67ac663e-9a9a-461b-8977-52dd50c7e3b2/8.json",
    "/Users/zhangxi/code/RL/nn-dataset/ab/nn/stat/train/img-classification_cifar-100_acc_ICNet-67ac663e-9a9a-461b-8977-52dd50c7e3b2/9.json",
    "/Users/zhangxi/code/RL/nn-dataset/ab/nn/stat/train/img-classification_cifar-100_acc_MoE-hetero4-Alex-Dense-Air-Bag/3.json",
    "/Users/zhangxi/code/RL/nn-dataset/ab/nn/stat/train/img-classification_cifar-100_acc_RegNet/4.json",
    "/Users/zhangxi/code/RL/nn-dataset/ab/nn/stat/train/img-classification_cifar-100_acc_ResNet-708bfd82-401b-4b36-bcdb-53b97dc6f07e/34.json",
    "/Users/zhangxi/code/RL/nn-dataset/ab/nn/stat/train/img-classification_cifar-100_acc_ResNet-708bfd82-401b-4b36-bcdb-53b97dc6f07e/44.json",
    "/Users/zhangxi/code/RL/nn-dataset/ab/nn/stat/train/img-classification_cifar-100_acc_ResNet/1.json",
    "/Users/zhangxi/code/RL/nn-dataset/ab/nn/stat/train/img-classification_cifar-100_acc_ResNet/10.json",
    "/Users/zhangxi/code/RL/nn-dataset/ab/nn/stat/train/img-classification_cifar-100_acc_ResNet/11.json",
    "/Users/zhangxi/code/RL/nn-dataset/ab/nn/stat/train/img-classification_cifar-100_acc_ResNet/12.json",
    "/Users/zhangxi/code/RL/nn-dataset/ab/nn/stat/train/img-classification_cifar-100_acc_ResNet/13.json",
    "/Users/zhangxi/code/RL/nn-dataset/ab/nn/stat/train/img-classification_cifar-100_acc_ResNet/14.json",
    "/Users/zhangxi/code/RL/nn-dataset/ab/nn/stat/train/img-classification_cifar-100_acc_ResNet/15.json",
    "/Users/zhangxi/code/RL/nn-dataset/ab/nn/stat/train/img-classification_cifar-100_acc_ResNet/16.json",
    "/Users/zhangxi/code/RL/nn-dataset/ab/nn/stat/train/img-classification_cifar-100_acc_ResNet/17.json",
    "/Users/zhangxi/code/RL/nn-dataset/ab/nn/stat/train/img-classification_cifar-100_acc_ResNet/18.json",
    "/Users/zhangxi/code/RL/nn-dataset/ab/nn/stat/train/img-classification_cifar-100_acc_ResNet/19.json",
    "/Users/zhangxi/code/RL/nn-dataset/ab/nn/stat/train/img-classification_cifar-100_acc_ResNet/2.json",
    "/Users/zhangxi/code/RL/nn-dataset/ab/nn/stat/train/img-classification_cifar-100_acc_ResNet/20.json",
    "/Users/zhangxi/code/RL/nn-dataset/ab/nn/stat/train/img-classification_cifar-100_acc_ResNet/21.json",
    "/Users/zhangxi/code/RL/nn-dataset/ab/nn/stat/train/img-classification_cifar-100_acc_ResNet/22.json",
    "/Users/zhangxi/code/RL/nn-dataset/ab/nn/stat/train/img-classification_cifar-100_acc_ResNet/23.json",
    "/Users/zhangxi/code/RL/nn-dataset/ab/nn/stat/train/img-classification_cifar-100_acc_ResNet/24.json",
    "/Users/zhangxi/code/RL/nn-dataset/ab/nn/stat/train/img-classification_cifar-100_acc_ResNet/25.json",
    "/Users/zhangxi/code/RL/nn-dataset/ab/nn/stat/train/img-classification_cifar-100_acc_ResNet/26.json",
    "/Users/zhangxi/code/RL/nn-dataset/ab/nn/stat/train/img-classification_cifar-100_acc_ResNet/27.json",
    "/Users/zhangxi/code/RL/nn-dataset/ab/nn/stat/train/img-classification_cifar-100_acc_ResNet/28.json",
    "/Users/zhangxi/code/RL/nn-dataset/ab/nn/stat/train/img-classification_cifar-100_acc_ResNet/29.json",
    "/Users/zhangxi/code/RL/nn-dataset/ab/nn/stat/train/img-classification_cifar-100_acc_ResNet/3.json",
    "/Users/zhangxi/code/RL/nn-dataset/ab/nn/stat/train/img-classification_cifar-100_acc_ResNet/30.json",
    "/Users/zhangxi/code/RL/nn-dataset/ab/nn/stat/train/img-classification_cifar-100_acc_ResNet/31.json",
    "/Users/zhangxi/code/RL/nn-dataset/ab/nn/stat/train/img-classification_cifar-100_acc_ResNet/32.json",
    "/Users/zhangxi/code/RL/nn-dataset/ab/nn/stat/train/img-classification_cifar-100_acc_ResNet/33.json",
    "/Users/zhangxi/code/RL/nn-dataset/ab/nn/stat/train/img-classification_cifar-100_acc_ResNet/34.json",
    "/Users/zhangxi/code/RL/nn-dataset/ab/nn/stat/train/img-classification_cifar-100_acc_ResNet/35.json",
    "/Users/zhangxi/code/RL/nn-dataset/ab/nn/stat/train/img-classification_cifar-100_acc_ResNet/36.json",
    "/Users/zhangxi/code/RL/nn-dataset/ab/nn/stat/train/img-classification_cifar-100_acc_ResNet/37.json",
    "/Users/zhangxi/code/RL/nn-dataset/ab/nn/stat/train/img-classification_cifar-100_acc_ResNet/38.json",
    "/Users/zhangxi/code/RL/nn-dataset/ab/nn/stat/train/img-classification_cifar-100_acc_ResNet/39.json",
    "/Users/zhangxi/code/RL/nn-dataset/ab/nn/stat/train/img-classification_cifar-100_acc_ResNet/4.json",
    "/Users/zhangxi/code/RL/nn-dataset/ab/nn/stat/train/img-classification_cifar-100_acc_ResNet/40.json",
    "/Users/zhangxi/code/RL/nn-dataset/ab/nn/stat/train/img-classification_cifar-100_acc_ResNet/41.json",
    "/Users/zhangxi/code/RL/nn-dataset/ab/nn/stat/train/img-classification_cifar-100_acc_ResNet/42.json",
    "/Users/zhangxi/code/RL/nn-dataset/ab/nn/stat/train/img-classification_cifar-100_acc_ResNet/43.json",
    "/Users/zhangxi/code/RL/nn-dataset/ab/nn/stat/train/img-classification_cifar-100_acc_ResNet/44.json",
    "/Users/zhangxi/code/RL/nn-dataset/ab/nn/stat/train/img-classification_cifar-100_acc_ResNet/45.json",
    "/Users/zhangxi/code/RL/nn-dataset/ab/nn/stat/train/img-classification_cifar-100_acc_ResNet/46.json",
    "/Users/zhangxi/code/RL/nn-dataset/ab/nn/stat/train/img-classification_cifar-100_acc_ResNet/47.json",
    "/Users/zhangxi/code/RL/nn-dataset/ab/nn/stat/train/img-classification_cifar-100_acc_ResNet/48.json",
    "/Users/zhangxi/code/RL/nn-dataset/ab/nn/stat/train/img-classification_cifar-100_acc_ResNet/49.json",
    "/Users/zhangxi/code/RL/nn-dataset/ab/nn/stat/train/img-classification_cifar-100_acc_ResNet/5.json",
    "/Users/zhangxi/code/RL/nn-dataset/ab/nn/stat/train/img-classification_cifar-100_acc_ResNet/50.json",
    "/Users/zhangxi/code/RL/nn-dataset/ab/nn/stat/train/img-classification_cifar-100_acc_ResNet/6.json",
    "/Users/zhangxi/code/RL/nn-dataset/ab/nn/stat/train/img-classification_cifar-100_acc_ResNet/7.json",
    "/Users/zhangxi/code/RL/nn-dataset/ab/nn/stat/train/img-classification_cifar-100_acc_ResNet/8.json",
    "/Users/zhangxi/code/RL/nn-dataset/ab/nn/stat/train/img-classification_cifar-100_acc_ResNet/9.json",
    "/Users/zhangxi/code/RL/nn-dataset/ab/nn/stat/train/img-classification_cifar-100_acc_ShuffleNet/13.json",
    "/Users/zhangxi/code/RL/nn-dataset/ab/nn/stat/train/img-classification_cifar-100_acc_UNet2D/50.json",
    "/Users/zhangxi/code/RL/nn-dataset/ab/nn/stat/train/img-classification_cifar-100_acc_VGG-485c0cc2-a9da-4340-9872-e0140cb51d9d/19.json",
    "/Users/zhangxi/code/RL/nn-dataset/ab/nn/stat/train/img-classification_cifar-100_acc_VGG-485c0cc2-a9da-4340-9872-e0140cb51d9d/21.json",
    "/Users/zhangxi/code/RL/nn-dataset/ab/nn/stat/train/img-classification_cifar-100_acc_alt-02949d78f5c8ed9abef334c7e49f4bd9/5.json",
    "/Users/zhangxi/code/RL/nn-dataset/ab/nn/stat/train/img-classification_cifar-100_acc_alt-336627cd6a44b7880b71d29947e2c819/3.json",
    "/Users/zhangxi/code/RL/nn-dataset/ab/nn/stat/train/img-classification_cifar-100_acc_alt-336627cd6a44b7880b71d29947e2c819/5.json",
    "/Users/zhangxi/code/RL/nn-dataset/ab/nn/stat/train/img-classification_cifar-100_acc_alt-434ba61a7a9225d3a8bff0f091777300/4.json",
    "/Users/zhangxi/code/RL/nn-dataset/ab/nn/stat/train/img-classification_cifar-100_acc_alt-434ba61a7a9225d3a8bff0f091777300/5.json",
    "/Users/zhangxi/code/RL/nn-dataset/ab/nn/stat/train/img-classification_cifar-100_acc_alt-6b35e315ab2dc2aa73cf839e920b90b1/1.json",
    "/Users/zhangxi/code/RL/nn-dataset/ab/nn/stat/train/img-classification_cifar-100_acc_alt-6b35e315ab2dc2aa73cf839e920b90b1/2.json",
    "/Users/zhangxi/code/RL/nn-dataset/ab/nn/stat/train/img-classification_cifar-100_acc_alt-6b35e315ab2dc2aa73cf839e920b90b1/3.json",
    "/Users/zhangxi/code/RL/nn-dataset/ab/nn/stat/train/img-classification_cifar-100_acc_alt-6b35e315ab2dc2aa73cf839e920b90b1/4.json",
    "/Users/zhangxi/code/RL/nn-dataset/ab/nn/stat/train/img-classification_cifar-100_acc_alt-6b35e315ab2dc2aa73cf839e920b90b1/5.json",
    "/Users/zhangxi/code/RL/nn-dataset/ab/nn/stat/train/img-classification_cifar-100_acc_alt-6e0f2bfd4ba6049a097fdf6f0ccd0993/4.json",
    "/Users/zhangxi/code/RL/nn-dataset/ab/nn/stat/train/img-classification_cifar-100_acc_alt-6e2f9be46ab153f283af7d0479d9d88d/1.json",
    "/Users/zhangxi/code/RL/nn-dataset/ab/nn/stat/train/img-classification_cifar-100_acc_alt-6e2f9be46ab153f283af7d0479d9d88d/2.json",
    "/Users/zhangxi/code/RL/nn-dataset/ab/nn/stat/train/img-classification_cifar-100_acc_alt-a9c5b0899e965a5aedbc3d0b4771d346/4.json",
    "/Users/zhangxi/code/RL/nn-dataset/ab/nn/stat/train/img-classification_cifar-100_acc_alt-ae29b05ff63159f256407b098271f735/5.json",
    "/Users/zhangxi/code/RL/nn-dataset/ab/nn/stat/train/img-classification_cifar-100_acc_alt-b4dd3cfe3a62056681b11f848ec3a390/3.json",
    "/Users/zhangxi/code/RL/nn-dataset/ab/nn/stat/train/img-classification_cifar-100_acc_alt-d4f79c01a6fa7819f807179c27fc7413/1.json",
    "/Users/zhangxi/code/RL/nn-dataset/ab/nn/stat/train/img-classification_cifar-100_acc_alt-d4f79c01a6fa7819f807179c27fc7413/2.json",
    "/Users/zhangxi/code/RL/nn-dataset/ab/nn/stat/train/img-classification_cifar-100_acc_alt-d4f79c01a6fa7819f807179c27fc7413/3.json",
    "/Users/zhangxi/code/RL/nn-dataset/ab/nn/stat/train/img-classification_cifar-100_acc_alt-d4f79c01a6fa7819f807179c27fc7413/4.json",
    "/Users/zhangxi/code/RL/nn-dataset/ab/nn/stat/train/img-classification_cifar-100_acc_alt-d4f79c01a6fa7819f807179c27fc7413/5.json",
    "/Users/zhangxi/code/RL/nn-dataset/ab/nn/stat/train/img-classification_cifar-100_acc_alt-e0a90a8ada38cfef51a136cdbc34e295/1.json",
    "/Users/zhangxi/code/RL/nn-dataset/ab/nn/stat/train/img-classification_cifar-100_acc_alt-e0a90a8ada38cfef51a136cdbc34e295/2.json",
    "/Users/zhangxi/code/RL/nn-dataset/ab/nn/stat/train/img-classification_cifar-100_acc_alt-e0a90a8ada38cfef51a136cdbc34e295/3.json",
    "/Users/zhangxi/code/RL/nn-dataset/ab/nn/stat/train/img-classification_cifar-100_acc_alt-e0a90a8ada38cfef51a136cdbc34e295/4.json",
    "/Users/zhangxi/code/RL/nn-dataset/ab/nn/stat/train/img-classification_cifar-100_acc_alt-e0a90a8ada38cfef51a136cdbc34e295/5.json",
    "/Users/zhangxi/code/RL/nn-dataset/ab/nn/stat/train/img-classification_cifar-100_acc_alt-e620a406f8784f96ee476abe4b5d0197/5.json",
    "/Users/zhangxi/code/RL/nn-dataset/ab/nn/stat/train/img-classification_cifar-100_acc_alt-f1d8cc5dd1ca698dea8320122cb81ce8/4.json",
    "/Users/zhangxi/code/RL/nn-dataset/ab/nn/stat/train/img-classification_cifar-100_acc_alt-nn1-0436b0281f322f58569609994f14e0fa/4.json",
    "/Users/zhangxi/code/RL/nn-dataset/ab/nn/stat/train/img-classification_cifar-100_acc_alt-nn1-074601b6c7507e88ca978c761092d911/1.json",
    "/Users/zhangxi/code/RL/nn-dataset/ab/nn/stat/train/img-classification_cifar-100_acc_alt-nn1-074601b6c7507e88ca978c761092d911/2.json",
    "/Users/zhangxi/code/RL/nn-dataset/ab/nn/stat/train/img-classification_cifar-100_acc_alt-nn1-074601b6c7507e88ca978c761092d911/3.json",
    "/Users/zhangxi/code/RL/nn-dataset/ab/nn/stat/train/img-classification_cifar-100_acc_alt-nn1-074601b6c7507e88ca978c761092d911/4.json",
    "/Users/zhangxi/code/RL/nn-dataset/ab/nn/stat/train/img-classification_cifar-100_acc_alt-nn1-074601b6c7507e88ca978c761092d911/5.json",
    "/Users/zhangxi/code/RL/nn-dataset/ab/nn/stat/train/img-classification_cifar-100_acc_alt-nn1-35e5683d4a058a32a177fc5bcc5437b6/1.json",
    "/Users/zhangxi/code/RL/nn-dataset/ab/nn/stat/train/img-classification_cifar-100_acc_alt-nn1-35e5683d4a058a32a177fc5bcc5437b6/2.json",
    "/Users/zhangxi/code/RL/nn-dataset/ab/nn/stat/train/img-classification_cifar-100_acc_alt-nn1-35e5683d4a058a32a177fc5bcc5437b6/3.json",
    "/Users/zhangxi/code/RL/nn-dataset/ab/nn/stat/train/img-classification_cifar-100_acc_alt-nn1-35e5683d4a058a32a177fc5bcc5437b6/4.json",
    "/Users/zhangxi/code/RL/nn-dataset/ab/nn/stat/train/img-classification_cifar-100_acc_alt-nn1-35e5683d4a058a32a177fc5bcc5437b6/5.json",
    "/Users/zhangxi/code/RL/nn-dataset/ab/nn/stat/train/img-classification_cifar-100_acc_alt-nn1-3a7eb75c50ad14b63b99ca8e50d89813/5.json",
    "/Users/zhangxi/code/RL/nn-dataset/ab/nn/stat/train/img-classification_cifar-100_acc_alt-nn1-403a2e19c40b0fe3f763fc220fb54514/3.json",
    "/Users/zhangxi/code/RL/nn-dataset/ab/nn/stat/train/img-classification_cifar-100_acc_alt-nn1-ab3696164e5efc5ad807c1eb50372ab3/3.json",
    "/Users/zhangxi/code/RL/nn-dataset/ab/nn/stat/train/img-classification_cifar-100_acc_alt-nn1-d179df333b4ec25181a010194c0f9f61/5.json",
    "/Users/zhangxi/code/RL/nn-dataset/ab/nn/stat/train/img-classification_cifar-100_acc_alt-nn2-ae588ab5313b8835f98cd981bcbf28b1/3.json",
    "/Users/zhangxi/code/RL/nn-dataset/ab/nn/stat/train/img-classification_cifar-100_acc_alt-nn2-cc475c37e03f3ef0a2d5450732aa0e79/3.json",
    "/Users/zhangxi/code/RL/nn-dataset/ab/nn/stat/train/img-classification_cifar-100_acc_alt-nn2-eb245890f04e0bdfaf78a128f12d7848/5.json",
    "/Users/zhangxi/code/RL/nn-dataset/ab/nn/stat/train/img-classification_cifar-100_acc_alt-nn2-f66d3c886f91783ee1ef76e5baf1bc8f/1.json",
    "/Users/zhangxi/code/RL/nn-dataset/ab/nn/stat/train/img-classification_cifar-100_acc_alt-nn2-f66d3c886f91783ee1ef76e5baf1bc8f/2.json",
    "/Users/zhangxi/code/RL/nn-dataset/ab/nn/stat/train/img-classification_cifar-100_acc_alt-nn2-f66d3c886f91783ee1ef76e5baf1bc8f/3.json",
    "/Users/zhangxi/code/RL/nn-dataset/ab/nn/stat/train/img-classification_cifar-100_acc_alt-nn2-f66d3c886f91783ee1ef76e5baf1bc8f/4.json",
    "/Users/zhangxi/code/RL/nn-dataset/ab/nn/stat/train/img-classification_cifar-100_acc_alt-nn2-f66d3c886f91783ee1ef76e5baf1bc8f/5.json",
    "/Users/zhangxi/code/RL/nn-dataset/ab/nn/stat/train/img-classification_cifar-100_acc_alt-nn5-3b46416a9c2cd6da72821aff18590875/3.json",
    "/Users/zhangxi/code/RL/nn-dataset/ab/nn/stat/train/img-classification_cifar-100_acc_alt-nn5-f2b1b43847db8ca18d3de839803829ef/2.json",
    "/Users/zhangxi/code/RL/nn-dataset/ab/nn/stat/train/img-classification_cifar-100_acc_ast-activation-AlexNet-5b1adbb63f77278824271f698fe7cf2f/1.json",
    "/Users/zhangxi/code/RL/nn-dataset/ab/nn/stat/train/img-classification_cifar-100_acc_ast-activation-AlexNet-8e71a17ab56b985971bff990f9025fc5/1.json",
    "/Users/zhangxi/code/RL/nn-dataset/ab/nn/stat/train/img-classification_cifar-100_acc_ast-activation-AlexNet-8e71a17ab56b985971bff990f9025fc5/2.json",
    "/Users/zhangxi/code/RL/nn-dataset/ab/nn/stat/train/img-classification_cifar-100_acc_ast-activation-AlexNet-8e71a17ab56b985971bff990f9025fc5/3.json",
    "/Users/zhangxi/code/RL/nn-dataset/ab/nn/stat/train/img-classification_cifar-100_acc_ast-activation-AlexNet-8e71a17ab56b985971bff990f9025fc5/4.json",
    "/Users/zhangxi/code/RL/nn-dataset/ab/nn/stat/train/img-classification_cifar-100_acc_ast-activation-AlexNet-8e71a17ab56b985971bff990f9025fc5/5.json",
    "/Users/zhangxi/code/RL/nn-dataset/ab/nn/stat/train/img-classification_cifar-100_acc_ast-activation-AlexNet-f2de69d44708ecbca8670c32a0163065/1.json",
    "/Users/zhangxi/code/RL/nn-dataset/ab/nn/stat/train/img-classification_cifar-100_acc_ast-dimension-AlexNet-04920476cc3725ddf809994dc2528b90/5.json",
    "/Users/zhangxi/code/RL/nn-dataset/ab/nn/stat/train/img-classification_cifar-100_acc_ast-dimension-AlexNet-0947897a79a7830eaa0e07bcaa52594d/1.json",
    "/Users/zhangxi/code/RL/nn-dataset/ab/nn/stat/train/img-classification_cifar-100_acc_ast-dimension-AlexNet-0947897a79a7830eaa0e07bcaa52594d/2.json",
    "/Users/zhangxi/code/RL/nn-dataset/ab/nn/stat/train/img-classification_cifar-100_acc_ast-dimension-AlexNet-0947897a79a7830eaa0e07bcaa52594d/3.json",
    "/Users/zhangxi/code/RL/nn-dataset/ab/nn/stat/train/img-classification_cifar-100_acc_ast-dimension-AlexNet-0947897a79a7830eaa0e07bcaa52594d/4.json",
    "/Users/zhangxi/code/RL/nn-dataset/ab/nn/stat/train/img-classification_cifar-100_acc_ast-dimension-AlexNet-0947897a79a7830eaa0e07bcaa52594d/5.json",
    "/Users/zhangxi/code/RL/nn-dataset/ab/nn/stat/train/img-classification_cifar-100_acc_ast-dimension-AlexNet-3f2a2df53c6bb0d6a831a48a68d255a1/5.json",
    "/Users/zhangxi/code/RL/nn-dataset/ab/nn/stat/train/img-classification_cifar-100_acc_ast-dimension-AlexNet-3f82a67a975b3b172896704e819dc848/1.json",
    "/Users/zhangxi/code/RL/nn-dataset/ab/nn/stat/train/img-classification_cifar-100_acc_ast-dimension-AlexNet-40d144162bcde3d6e49d9355705a6faa/3.json",
    "/Users/zhangxi/code/RL/nn-dataset/ab/nn/stat/train/img-classification_cifar-100_acc_ast-dimension-AlexNet-829d91c883eb38702ecec34b4227ffb6/5.json",
    "/Users/zhangxi/code/RL/nn-dataset/ab/nn/stat/train/img-classification_cifar-100_acc_ast-dimension-AlexNet-8d7555e3273c42e0ab6baec3e0be4728/5.json",
    "/Users/zhangxi/code/RL/nn-dataset/ab/nn/stat/train/img-classification_cifar-100_acc_ast-dimension-AlexNet-909aedad63e8f9cdabfedc2938ae72d4/5.json",
    "/Users/zhangxi/code/RL/nn-dataset/ab/nn/stat/train/img-classification_cifar-100_acc_ast-dimension-AlexNet-9b1b2fbde7fe2b2f1284c511a736e2b9/3.json",
    "/Users/zhangxi/code/RL/nn-dataset/ab/nn/stat/train/img-classification_cifar-100_acc_ast-dimension-AlexNet-9b34492c8e0a500402e6e48cfe5606a8/3.json",
    "/Users/zhangxi/code/RL/nn-dataset/ab/nn/stat/train/img-classification_cifar-100_acc_ast-dimension-AlexNet-9b34492c8e0a500402e6e48cfe5606a8/5.json",
    "/Users/zhangxi/code/RL/nn-dataset/ab/nn/stat/train/img-classification_cifar-100_acc_ast-dimension-AlexNet-a398d8d0d4ec89ecd9257d4fa56b0a68/1.json",
    "/Users/zhangxi/code/RL/nn-dataset/ab/nn/stat/train/img-classification_cifar-100_acc_ast-dimension-AlexNet-a3a5bfd150804882d8102cc73e566844/4.json",
    "/Users/zhangxi/code/RL/nn-dataset/ab/nn/stat/train/img-classification_cifar-100_acc_ast-dimension-AlexNet-ab2d190d2039eec0d7610dd999c61cf9/1.json",
    "/Users/zhangxi/code/RL/nn-dataset/ab/nn/stat/train/img-classification_cifar-100_acc_ast-dimension-AlexNet-ab2d190d2039eec0d7610dd999c61cf9/2.json",
    "/Users/zhangxi/code/RL/nn-dataset/ab/nn/stat/train/img-classification_cifar-100_acc_ast-dimension-AlexNet-ab2d190d2039eec0d7610dd999c61cf9/3.json",
    "/Users/zhangxi/code/RL/nn-dataset/ab/nn/stat/train/img-classification_cifar-100_acc_ast-dimension-AlexNet-ab2d190d2039eec0d7610dd999c61cf9/4.json",
    "/Users/zhangxi/code/RL/nn-dataset/ab/nn/stat/train/img-classification_cifar-100_acc_ast-dimension-AlexNet-ab2d190d2039eec0d7610dd999c61cf9/5.json",
    "/Users/zhangxi/code/RL/nn-dataset/ab/nn/stat/train/img-classification_cifar-100_acc_ast-dimension-AlexNet-b06f0478cd0d3cd879006ba3c1c19d1d/1.json",
    "/Users/zhangxi/code/RL/nn-dataset/ab/nn/stat/train/img-classification_cifar-100_acc_ast-dimension-AlexNet-b06f0478cd0d3cd879006ba3c1c19d1d/2.json",
    "/Users/zhangxi/code/RL/nn-dataset/ab/nn/stat/train/img-classification_cifar-100_acc_ast-dimension-AlexNet-b06f0478cd0d3cd879006ba3c1c19d1d/3.json",
    "/Users/zhangxi/code/RL/nn-dataset/ab/nn/stat/train/img-classification_cifar-100_acc_ast-dimension-AlexNet-b06f0478cd0d3cd879006ba3c1c19d1d/4.json",
    "/Users/zhangxi/code/RL/nn-dataset/ab/nn/stat/train/img-classification_cifar-100_acc_ast-dimension-AlexNet-b06f0478cd0d3cd879006ba3c1c19d1d/5.json",
    "/Users/zhangxi/code/RL/nn-dataset/ab/nn/stat/train/img-classification_cifar-100_acc_ast-dimension-AlexNet-c7075cc733cd998952afdcb422856710/4.json",
    "/Users/zhangxi/code/RL/nn-dataset/ab/nn/stat/train/img-classification_cifar-100_acc_ast-dimension-AlexNet-e2fd9d272c37f5baddd7ded04a51e1e9/1.json",
    "/Users/zhangxi/code/RL/nn-dataset/ab/nn/stat/train/img-classification_cifar-100_acc_ast-dimension-AlexNet-e2fd9d272c37f5baddd7ded04a51e1e9/2.json",
    "/Users/zhangxi/code/RL/nn-dataset/ab/nn/stat/train/img-classification_cifar-100_acc_ast-dimension-AlexNet-e2fd9d272c37f5baddd7ded04a51e1e9/3.json",
    "/Users/zhangxi/code/RL/nn-dataset/ab/nn/stat/train/img-classification_cifar-100_acc_ast-dimension-AlexNet-e2fd9d272c37f5baddd7ded04a51e1e9/4.json",
    "/Users/zhangxi/code/RL/nn-dataset/ab/nn/stat/train/img-classification_cifar-100_acc_ast-dimension-AlexNet-e2fd9d272c37f5baddd7ded04a51e1e9/5.json",
    "/Users/zhangxi/code/RL/nn-dataset/ab/nn/stat/train/img-classification_cifar-100_acc_del-6031d777b62a6019c29db3b237cadfd2/5.json",
    "/Users/zhangxi/code/RL/nn-dataset/ab/nn/stat/train/img-classification_cifar-100_acc_ga-1007/1.json",
    "/Users/zhangxi/code/RL/nn-dataset/ab/nn/stat/train/img-classification_cifar-100_acc_ga-1007/2.json",
    "/Users/zhangxi/code/RL/nn-dataset/ab/nn/stat/train/img-classification_cifar-100_acc_ga-120/4.json",
    "/Users/zhangxi/code/RL/nn-dataset/ab/nn/stat/train/img-classification_cifar-100_acc_ga-140/1.json",
    "/Users/zhangxi/code/RL/nn-dataset/ab/nn/stat/train/img-classification_cifar-100_acc_ga-140/2.json",
    "/Users/zhangxi/code/RL/nn-dataset/ab/nn/stat/train/img-classification_cifar-100_acc_ga-140/3.json",
    "/Users/zhangxi/code/RL/nn-dataset/ab/nn/stat/train/img-classification_cifar-100_acc_ga-140/4.json",
    "/Users/zhangxi/code/RL/nn-dataset/ab/nn/stat/train/img-classification_cifar-100_acc_ga-140/5.json",
    "/Users/zhangxi/code/RL/nn-dataset/ab/nn/stat/train/img-classification_cifar-100_acc_ga-141/5.json",
    "/Users/zhangxi/code/RL/nn-dataset/ab/nn/stat/train/img-classification_cifar-100_acc_ga-151/1.json",
    "/Users/zhangxi/code/RL/nn-dataset/ab/nn/stat/train/img-classification_cifar-100_acc_ga-151/2.json",
    "/Users/zhangxi/code/RL/nn-dataset/ab/nn/stat/train/img-classification_cifar-100_acc_ga-151/3.json",
    "/Users/zhangxi/code/RL/nn-dataset/ab/nn/stat/train/img-classification_cifar-100_acc_ga-151/4.json",
    "/Users/zhangxi/code/RL/nn-dataset/ab/nn/stat/train/img-classification_cifar-100_acc_ga-151/5.json",
    "/Users/zhangxi/code/RL/nn-dataset/ab/nn/stat/train/img-classification_cifar-100_acc_ga-154/1.json",
    "/Users/zhangxi/code/RL/nn-dataset/ab/nn/stat/train/img-classification_cifar-100_acc_ga-154/2.json",
    "/Users/zhangxi/code/RL/nn-dataset/ab/nn/stat/train/img-classification_cifar-100_acc_ga-154/3.json",
    "/Users/zhangxi/code/RL/nn-dataset/ab/nn/stat/train/img-classification_cifar-100_acc_ga-154/4.json",
    "/Users/zhangxi/code/RL/nn-dataset/ab/nn/stat/train/img-classification_cifar-100_acc_ga-154/5.json",
    "/Users/zhangxi/code/RL/nn-dataset/ab/nn/stat/train/img-classification_cifar-100_acc_ga-173/4.json",
    "/Users/zhangxi/code/RL/nn-dataset/ab/nn/stat/train/img-classification_cifar-100_acc_ga-180/1.json",
    "/Users/zhangxi/code/RL/nn-dataset/ab/nn/stat/train/img-classification_cifar-100_acc_ga-180/2.json",
    "/Users/zhangxi/code/RL/nn-dataset/ab/nn/stat/train/img-classification_cifar-100_acc_ga-187/5.json",
    "/Users/zhangxi/code/RL/nn-dataset/ab/nn/stat/train/img-classification_cifar-100_acc_ga-202/1.json",
    "/Users/zhangxi/code/RL/nn-dataset/ab/nn/stat/train/img-classification_cifar-100_acc_ga-202/2.json",
    "/Users/zhangxi/code/RL/nn-dataset/ab/nn/stat/train/img-classification_cifar-100_acc_ga-202/3.json",
    "/Users/zhangxi/code/RL/nn-dataset/ab/nn/stat/train/img-classification_cifar-100_acc_ga-202/4.json",
    "/Users/zhangxi/code/RL/nn-dataset/ab/nn/stat/train/img-classification_cifar-100_acc_ga-202/5.json",
    "/Users/zhangxi/code/RL/nn-dataset/ab/nn/stat/train/img-classification_cifar-100_acc_ga-207/1.json",
    "/Users/zhangxi/code/RL/nn-dataset/ab/nn/stat/train/img-classification_cifar-100_acc_ga-207/2.json",
    "/Users/zhangxi/code/RL/nn-dataset/ab/nn/stat/train/img-classification_cifar-100_acc_ga-207/3.json",
    "/Users/zhangxi/code/RL/nn-dataset/ab/nn/stat/train/img-classification_cifar-100_acc_ga-207/4.json",
    "/Users/zhangxi/code/RL/nn-dataset/ab/nn/stat/train/img-classification_cifar-100_acc_ga-207/5.json",
    "/Users/zhangxi/code/RL/nn-dataset/ab/nn/stat/train/img-classification_cifar-100_acc_ga-210/1.json",
    "/Users/zhangxi/code/RL/nn-dataset/ab/nn/stat/train/img-classification_cifar-100_acc_ga-210/2.json",
    "/Users/zhangxi/code/RL/nn-dataset/ab/nn/stat/train/img-classification_cifar-100_acc_ga-210/3.json",
    "/Users/zhangxi/code/RL/nn-dataset/ab/nn/stat/train/img-classification_cifar-100_acc_ga-210/4.json",
    "/Users/zhangxi/code/RL/nn-dataset/ab/nn/stat/train/img-classification_cifar-100_acc_ga-210/5.json",
    "/Users/zhangxi/code/RL/nn-dataset/ab/nn/stat/train/img-classification_cifar-100_acc_ga-213/4.json",
    "/Users/zhangxi/code/RL/nn-dataset/ab/nn/stat/train/img-classification_cifar-100_acc_ga-243/5.json",
    "/Users/zhangxi/code/RL/nn-dataset/ab/nn/stat/train/img-classification_cifar-100_acc_ga-251/4.json",
    "/Users/zhangxi/code/RL/nn-dataset/ab/nn/stat/train/img-classification_cifar-100_acc_ga-251/5.json",
    "/Users/zhangxi/code/RL/nn-dataset/ab/nn/stat/train/img-classification_cifar-100_acc_ga-252/1.json",
    "/Users/zhangxi/code/RL/nn-dataset/ab/nn/stat/train/img-classification_cifar-100_acc_ga-252/2.json",
    "/Users/zhangxi/code/RL/nn-dataset/ab/nn/stat/train/img-classification_cifar-100_acc_ga-253/3.json",
    "/Users/zhangxi/code/RL/nn-dataset/ab/nn/stat/train/img-classification_cifar-100_acc_ga-282/1.json",
    "/Users/zhangxi/code/RL/nn-dataset/ab/nn/stat/train/img-classification_cifar-100_acc_ga-282/2.json",
    "/Users/zhangxi/code/RL/nn-dataset/ab/nn/stat/train/img-classification_cifar-100_acc_ga-282/3.json",
    "/Users/zhangxi/code/RL/nn-dataset/ab/nn/stat/train/img-classification_cifar-100_acc_ga-282/4.json",
    "/Users/zhangxi/code/RL/nn-dataset/ab/nn/stat/train/img-classification_cifar-100_acc_ga-282/5.json",
    "/Users/zhangxi/code/RL/nn-dataset/ab/nn/stat/train/img-classification_cifar-100_acc_ga-294/1.json",
    "/Users/zhangxi/code/RL/nn-dataset/ab/nn/stat/train/img-classification_cifar-100_acc_ga-294/2.json",
    "/Users/zhangxi/code/RL/nn-dataset/ab/nn/stat/train/img-classification_cifar-100_acc_ga-294/3.json",
    "/Users/zhangxi/code/RL/nn-dataset/ab/nn/stat/train/img-classification_cifar-100_acc_ga-294/4.json",
    "/Users/zhangxi/code/RL/nn-dataset/ab/nn/stat/train/img-classification_cifar-100_acc_ga-294/5.json",
    "/Users/zhangxi/code/RL/nn-dataset/ab/nn/stat/train/img-classification_cifar-100_acc_ga-365/4.json",
    "/Users/zhangxi/code/RL/nn-dataset/ab/nn/stat/train/img-classification_cifar-100_acc_ga-376/1.json",
    "/Users/zhangxi/code/RL/nn-dataset/ab/nn/stat/train/img-classification_cifar-100_acc_ga-376/2.json",
    "/Users/zhangxi/code/RL/nn-dataset/ab/nn/stat/train/img-classification_cifar-100_acc_ga-376/3.json",
    "/Users/zhangxi/code/RL/nn-dataset/ab/nn/stat/train/img-classification_cifar-100_acc_ga-376/4.json",
    "/Users/zhangxi/code/RL/nn-dataset/ab/nn/stat/train/img-classification_cifar-100_acc_ga-408/1.json",
    "/Users/zhangxi/code/RL/nn-dataset/ab/nn/stat/train/img-classification_cifar-100_acc_ga-408/2.json",
    "/Users/zhangxi/code/RL/nn-dataset/ab/nn/stat/train/img-classification_cifar-100_acc_ga-408/3.json",
    "/Users/zhangxi/code/RL/nn-dataset/ab/nn/stat/train/img-classification_cifar-100_acc_ga-408/4.json",
    "/Users/zhangxi/code/RL/nn-dataset/ab/nn/stat/train/img-classification_cifar-100_acc_ga-408/5.json",
    "/Users/zhangxi/code/RL/nn-dataset/ab/nn/stat/train/img-classification_cifar-100_acc_ga-426/1.json",
    "/Users/zhangxi/code/RL/nn-dataset/ab/nn/stat/train/img-classification_cifar-100_acc_ga-426/2.json",
    "/Users/zhangxi/code/RL/nn-dataset/ab/nn/stat/train/img-classification_cifar-100_acc_ga-426/3.json",
    "/Users/zhangxi/code/RL/nn-dataset/ab/nn/stat/train/img-classification_cifar-100_acc_ga-426/4.json",
    "/Users/zhangxi/code/RL/nn-dataset/ab/nn/stat/train/img-classification_cifar-100_acc_ga-426/5.json",
    "/Users/zhangxi/code/RL/nn-dataset/ab/nn/stat/train/img-classification_cifar-100_acc_ga-444/5.json",
    "/Users/zhangxi/code/RL/nn-dataset/ab/nn/stat/train/img-classification_cifar-100_acc_ga-456/1.json",
    "/Users/zhangxi/code/RL/nn-dataset/ab/nn/stat/train/img-classification_cifar-100_acc_ga-456/2.json",
    "/Users/zhangxi/code/RL/nn-dataset/ab/nn/stat/train/img-classification_cifar-100_acc_ga-456/3.json",
    "/Users/zhangxi/code/RL/nn-dataset/ab/nn/stat/train/img-classification_cifar-100_acc_ga-456/4.json",
    "/Users/zhangxi/code/RL/nn-dataset/ab/nn/stat/train/img-classification_cifar-100_acc_ga-456/5.json",
    "/Users/zhangxi/code/RL/nn-dataset/ab/nn/stat/train/img-classification_cifar-100_acc_ga-461/3.json",
    "/Users/zhangxi/code/RL/nn-dataset/ab/nn/stat/train/img-classification_cifar-100_acc_ga-473/1.json",
    "/Users/zhangxi/code/RL/nn-dataset/ab/nn/stat/train/img-classification_cifar-100_acc_ga-473/2.json",
    "/Users/zhangxi/code/RL/nn-dataset/ab/nn/stat/train/img-classification_cifar-100_acc_ga-473/3.json",
    "/Users/zhangxi/code/RL/nn-dataset/ab/nn/stat/train/img-classification_cifar-100_acc_ga-473/4.json",
    "/Users/zhangxi/code/RL/nn-dataset/ab/nn/stat/train/img-classification_cifar-100_acc_ga-473/5.json",
    "/Users/zhangxi/code/RL/nn-dataset/ab/nn/stat/train/img-classification_cifar-100_acc_ga-476/1.json",
    "/Users/zhangxi/code/RL/nn-dataset/ab/nn/stat/train/img-classification_cifar-100_acc_ga-476/2.json",
    "/Users/zhangxi/code/RL/nn-dataset/ab/nn/stat/train/img-classification_cifar-100_acc_ga-476/3.json",
    "/Users/zhangxi/code/RL/nn-dataset/ab/nn/stat/train/img-classification_cifar-100_acc_ga-476/4.json",
    "/Users/zhangxi/code/RL/nn-dataset/ab/nn/stat/train/img-classification_cifar-100_acc_ga-476/5.json",
    "/Users/zhangxi/code/RL/nn-dataset/ab/nn/stat/train/img-classification_cifar-100_acc_ga-48/1.json",
    "/Users/zhangxi/code/RL/nn-dataset/ab/nn/stat/train/img-classification_cifar-100_acc_ga-48/2.json",
    "/Users/zhangxi/code/RL/nn-dataset/ab/nn/stat/train/img-classification_cifar-100_acc_ga-48/3.json",
    "/Users/zhangxi/code/RL/nn-dataset/ab/nn/stat/train/img-classification_cifar-100_acc_ga-48/4.json",
    "/Users/zhangxi/code/RL/nn-dataset/ab/nn/stat/train/img-classification_cifar-100_acc_ga-48/5.json",
    "/Users/zhangxi/code/RL/nn-dataset/ab/nn/stat/train/img-classification_cifar-100_acc_ga-481/3.json",
    "/Users/zhangxi/code/RL/nn-dataset/ab/nn/stat/train/img-classification_cifar-100_acc_ga-503/1.json",
    "/Users/zhangxi/code/RL/nn-dataset/ab/nn/stat/train/img-classification_cifar-100_acc_ga-503/2.json",
    "/Users/zhangxi/code/RL/nn-dataset/ab/nn/stat/train/img-classification_cifar-100_acc_ga-503/3.json",
    "/Users/zhangxi/code/RL/nn-dataset/ab/nn/stat/train/img-classification_cifar-100_acc_ga-503/4.json",
    "/Users/zhangxi/code/RL/nn-dataset/ab/nn/stat/train/img-classification_cifar-100_acc_ga-503/5.json",
    "/Users/zhangxi/code/RL/nn-dataset/ab/nn/stat/train/img-classification_cifar-100_acc_ga-508/1.json",
    "/Users/zhangxi/code/RL/nn-dataset/ab/nn/stat/train/img-classification_cifar-100_acc_ga-508/2.json",
    "/Users/zhangxi/code/RL/nn-dataset/ab/nn/stat/train/img-classification_cifar-100_acc_ga-508/3.json",
    "/Users/zhangxi/code/RL/nn-dataset/ab/nn/stat/train/img-classification_cifar-100_acc_ga-508/4.json",
    "/Users/zhangxi/code/RL/nn-dataset/ab/nn/stat/train/img-classification_cifar-100_acc_ga-508/5.json",
    "/Users/zhangxi/code/RL/nn-dataset/ab/nn/stat/train/img-classification_cifar-100_acc_ga-58/1.json",
    "/Users/zhangxi/code/RL/nn-dataset/ab/nn/stat/train/img-classification_cifar-100_acc_ga-58/2.json",
    "/Users/zhangxi/code/RL/nn-dataset/ab/nn/stat/train/img-classification_cifar-100_acc_ga-58/3.json",
    "/Users/zhangxi/code/RL/nn-dataset/ab/nn/stat/train/img-classification_cifar-100_acc_ga-58/4.json",
    "/Users/zhangxi/code/RL/nn-dataset/ab/nn/stat/train/img-classification_cifar-100_acc_ga-58/5.json",
    "/Users/zhangxi/code/RL/nn-dataset/ab/nn/stat/train/img-classification_cifar-100_acc_ga-61/1.json",
    "/Users/zhangxi/code/RL/nn-dataset/ab/nn/stat/train/img-classification_cifar-100_acc_ga-642/3.json",
    "/Users/zhangxi/code/RL/nn-dataset/ab/nn/stat/train/img-classification_cifar-100_acc_ga-665/5.json",
    "/Users/zhangxi/code/RL/nn-dataset/ab/nn/stat/train/img-classification_cifar-100_acc_ga-668/3.json",
    "/Users/zhangxi/code/RL/nn-dataset/ab/nn/stat/train/img-classification_cifar-100_acc_ga-670/1.json",
    "/Users/zhangxi/code/RL/nn-dataset/ab/nn/stat/train/img-classification_cifar-100_acc_ga-670/2.json",
    "/Users/zhangxi/code/RL/nn-dataset/ab/nn/stat/train/img-classification_cifar-100_acc_ga-670/3.json",
    "/Users/zhangxi/code/RL/nn-dataset/ab/nn/stat/train/img-classification_cifar-100_acc_ga-670/4.json",
    "/Users/zhangxi/code/RL/nn-dataset/ab/nn/stat/train/img-classification_cifar-100_acc_ga-670/5.json",
    "/Users/zhangxi/code/RL/nn-dataset/ab/nn/stat/train/img-classification_cifar-100_acc_ga-677/1.json",
    "/Users/zhangxi/code/RL/nn-dataset/ab/nn/stat/train/img-classification_cifar-100_acc_ga-677/2.json",
    "/Users/zhangxi/code/RL/nn-dataset/ab/nn/stat/train/img-classification_cifar-100_acc_ga-677/3.json",
    "/Users/zhangxi/code/RL/nn-dataset/ab/nn/stat/train/img-classification_cifar-100_acc_ga-677/4.json",
    "/Users/zhangxi/code/RL/nn-dataset/ab/nn/stat/train/img-classification_cifar-100_acc_ga-677/5.json",
    "/Users/zhangxi/code/RL/nn-dataset/ab/nn/stat/train/img-classification_cifar-100_acc_ga-686/1.json",
    "/Users/zhangxi/code/RL/nn-dataset/ab/nn/stat/train/img-classification_cifar-100_acc_ga-686/2.json",
    "/Users/zhangxi/code/RL/nn-dataset/ab/nn/stat/train/img-classification_cifar-100_acc_ga-686/3.json",
    "/Users/zhangxi/code/RL/nn-dataset/ab/nn/stat/train/img-classification_cifar-100_acc_ga-686/4.json",
    "/Users/zhangxi/code/RL/nn-dataset/ab/nn/stat/train/img-classification_cifar-100_acc_ga-686/5.json",
    "/Users/zhangxi/code/RL/nn-dataset/ab/nn/stat/train/img-classification_cifar-100_acc_ga-695/1.json",
    "/Users/zhangxi/code/RL/nn-dataset/ab/nn/stat/train/img-classification_cifar-100_acc_ga-695/2.json",
    "/Users/zhangxi/code/RL/nn-dataset/ab/nn/stat/train/img-classification_cifar-100_acc_ga-695/3.json",
    "/Users/zhangxi/code/RL/nn-dataset/ab/nn/stat/train/img-classification_cifar-100_acc_ga-695/4.json",
    "/Users/zhangxi/code/RL/nn-dataset/ab/nn/stat/train/img-classification_cifar-100_acc_ga-695/5.json",
    "/Users/zhangxi/code/RL/nn-dataset/ab/nn/stat/train/img-classification_cifar-100_acc_ga-715/1.json",
    "/Users/zhangxi/code/RL/nn-dataset/ab/nn/stat/train/img-classification_cifar-100_acc_ga-715/2.json",
    "/Users/zhangxi/code/RL/nn-dataset/ab/nn/stat/train/img-classification_cifar-100_acc_ga-715/3.json",
    "/Users/zhangxi/code/RL/nn-dataset/ab/nn/stat/train/img-classification_cifar-100_acc_ga-715/4.json",
    "/Users/zhangxi/code/RL/nn-dataset/ab/nn/stat/train/img-classification_cifar-100_acc_ga-715/5.json",
    "/Users/zhangxi/code/RL/nn-dataset/ab/nn/stat/train/img-classification_cifar-100_acc_ga-734/1.json",
    "/Users/zhangxi/code/RL/nn-dataset/ab/nn/stat/train/img-classification_cifar-100_acc_ga-785/5.json",
    "/Users/zhangxi/code/RL/nn-dataset/ab/nn/stat/train/img-classification_cifar-100_acc_ga-796/1.json",
    "/Users/zhangxi/code/RL/nn-dataset/ab/nn/stat/train/img-classification_cifar-100_acc_ga-796/2.json",
    "/Users/zhangxi/code/RL/nn-dataset/ab/nn/stat/train/img-classification_cifar-100_acc_ga-796/3.json",
    "/Users/zhangxi/code/RL/nn-dataset/ab/nn/stat/train/img-classification_cifar-100_acc_ga-796/4.json",
    "/Users/zhangxi/code/RL/nn-dataset/ab/nn/stat/train/img-classification_cifar-100_acc_ga-796/5.json",
    "/Users/zhangxi/code/RL/nn-dataset/ab/nn/stat/train/img-classification_cifar-100_acc_ga-821/4.json",
    "/Users/zhangxi/code/RL/nn-dataset/ab/nn/stat/train/img-classification_cifar-100_acc_ga-835/1.json",
    "/Users/zhangxi/code/RL/nn-dataset/ab/nn/stat/train/img-classification_cifar-100_acc_ga-835/2.json",
    "/Users/zhangxi/code/RL/nn-dataset/ab/nn/stat/train/img-classification_cifar-100_acc_ga-835/3.json",
    "/Users/zhangxi/code/RL/nn-dataset/ab/nn/stat/train/img-classification_cifar-100_acc_ga-835/4.json",
    "/Users/zhangxi/code/RL/nn-dataset/ab/nn/stat/train/img-classification_cifar-100_acc_ga-835/5.json",
    "/Users/zhangxi/code/RL/nn-dataset/ab/nn/stat/train/img-classification_cifar-100_acc_ga-843/3.json",
    "/Users/zhangxi/code/RL/nn-dataset/ab/nn/stat/train/img-classification_cifar-100_acc_ga-846/1.json",
    "/Users/zhangxi/code/RL/nn-dataset/ab/nn/stat/train/img-classification_cifar-100_acc_ga-846/2.json",
    "/Users/zhangxi/code/RL/nn-dataset/ab/nn/stat/train/img-classification_cifar-100_acc_ga-846/3.json",
    "/Users/zhangxi/code/RL/nn-dataset/ab/nn/stat/train/img-classification_cifar-100_acc_ga-846/4.json",
    "/Users/zhangxi/code/RL/nn-dataset/ab/nn/stat/train/img-classification_cifar-100_acc_ga-846/5.json",
    "/Users/zhangxi/code/RL/nn-dataset/ab/nn/stat/train/img-classification_cifar-100_acc_ga-863/5.json",
    "/Users/zhangxi/code/RL/nn-dataset/ab/nn/stat/train/img-classification_cifar-100_acc_ga-869/5.json",
    "/Users/zhangxi/code/RL/nn-dataset/ab/nn/stat/train/img-classification_cifar-100_acc_ga-878/1.json",
    "/Users/zhangxi/code/RL/nn-dataset/ab/nn/stat/train/img-classification_cifar-100_acc_ga-878/2.json",
    "/Users/zhangxi/code/RL/nn-dataset/ab/nn/stat/train/img-classification_cifar-100_acc_ga-878/3.json",
    "/Users/zhangxi/code/RL/nn-dataset/ab/nn/stat/train/img-classification_cifar-100_acc_ga-878/4.json",
    "/Users/zhangxi/code/RL/nn-dataset/ab/nn/stat/train/img-classification_cifar-100_acc_ga-878/5.json",
    "/Users/zhangxi/code/RL/nn-dataset/ab/nn/stat/train/img-classification_cifar-100_acc_ga-942/1.json",
    "/Users/zhangxi/code/RL/nn-dataset/ab/nn/stat/train/img-classification_cifar-100_acc_ga-942/2.json",
    "/Users/zhangxi/code/RL/nn-dataset/ab/nn/stat/train/img-classification_cifar-100_acc_ga-942/3.json",
    "/Users/zhangxi/code/RL/nn-dataset/ab/nn/stat/train/img-classification_cifar-100_acc_ga-942/4.json",
    "/Users/zhangxi/code/RL/nn-dataset/ab/nn/stat/train/img-classification_cifar-100_acc_ga-942/5.json",
    "/Users/zhangxi/code/RL/nn-dataset/ab/nn/stat/train/img-classification_cifar-100_acc_ga-964/4.json",
    "/Users/zhangxi/code/RL/nn-dataset/ab/nn/stat/train/img-classification_cifar-100_acc_ga-981/5.json",
    "/Users/zhangxi/code/RL/nn-dataset/ab/nn/stat/train/img-classification_cifar-100_acc_ga-988/1.json",
    "/Users/zhangxi/code/RL/nn-dataset/ab/nn/stat/train/img-classification_cifar-100_acc_ga-988/2.json",
    "/Users/zhangxi/code/RL/nn-dataset/ab/nn/stat/train/img-classification_cifar-100_acc_ga-997/1.json",
    "/Users/zhangxi/code/RL/nn-dataset/ab/nn/stat/train/img-classification_cifar-100_acc_ga-997/2.json",
    "/Users/zhangxi/code/RL/nn-dataset/ab/nn/stat/train/img-classification_cifar-100_acc_ga-999/4.json",
    "/Users/zhangxi/code/RL/nn-dataset/ab/nn/stat/train/img-classification_cifar-100_acc_ga-mut-1219/5.json",
    "/Users/zhangxi/code/RL/nn-dataset/ab/nn/stat/train/img-classification_cifar-100_acc_ga-mut-581/1.json",
    "/Users/zhangxi/code/RL/nn-dataset/ab/nn/stat/train/img-classification_cifar-100_acc_ga-mut-581/2.json",
    "/Users/zhangxi/code/RL/nn-dataset/ab/nn/stat/train/img-classification_cifar-100_acc_ga-mut-581/3.json",
    "/Users/zhangxi/code/RL/nn-dataset/ab/nn/stat/train/img-classification_cifar-100_acc_ga-mut-581/4.json",
    "/Users/zhangxi/code/RL/nn-dataset/ab/nn/stat/train/img-classification_cifar-100_acc_ga-mut-581/5.json",
    "/Users/zhangxi/code/RL/nn-dataset/ab/nn/stat/train/img-classification_cifar-100_acc_ga-mut-76/1.json",
    "/Users/zhangxi/code/RL/nn-dataset/ab/nn/stat/train/img-classification_cifar-100_acc_ga-mut-76/2.json",
    "/Users/zhangxi/code/RL/nn-dataset/ab/nn/stat/train/img-classification_cifar-100_acc_ga-mut-76/3.json",
    "/Users/zhangxi/code/RL/nn-dataset/ab/nn/stat/train/img-classification_cifar-100_acc_ga-mut-76/4.json",
    "/Users/zhangxi/code/RL/nn-dataset/ab/nn/stat/train/img-classification_cifar-100_acc_ga-mut-76/5.json",
    "/Users/zhangxi/code/RL/nn-dataset/ab/nn/stat/train/img-classification_cifar-100_acc_ga-mut-905/5.json",
    "/Users/zhangxi/code/RL/nn-dataset/ab/nn/stat/train/img-classification_cifar-100_acc_rag-4703fde7c8e148743fb1a9e5988bafe0/3.json",
    "/Users/zhangxi/code/RL/nn-dataset/ab/nn/stat/train/img-classification_cifar-100_acc_rag-56c57107422f8d2f60c6694a6681ceec/1.json",
    "/Users/zhangxi/code/RL/nn-dataset/ab/nn/stat/train/img-classification_cifar-100_acc_rag-56c57107422f8d2f60c6694a6681ceec/2.json",
    "/Users/zhangxi/code/RL/nn-dataset/ab/nn/stat/train/img-classification_cifar-100_acc_rag-56c57107422f8d2f60c6694a6681ceec/3.json",
    "/Users/zhangxi/code/RL/nn-dataset/ab/nn/stat/train/img-classification_cifar-100_acc_rag-56c57107422f8d2f60c6694a6681ceec/4.json",
    "/Users/zhangxi/code/RL/nn-dataset/ab/nn/stat/train/img-classification_cifar-100_acc_rag-56c57107422f8d2f60c6694a6681ceec/5.json",
    "/Users/zhangxi/code/RL/nn-dataset/ab/nn/stat/train/img-classification_cifar-100_acc_rag-77a8b65267f3fda9a803ccf2b0635ec5/1.json",
    "/Users/zhangxi/code/RL/nn-dataset/ab/nn/stat/train/img-classification_cifar-100_acc_rag-77a8b65267f3fda9a803ccf2b0635ec5/2.json",
    "/Users/zhangxi/code/RL/nn-dataset/ab/nn/stat/train/img-classification_cifar-100_acc_rag-77a8b65267f3fda9a803ccf2b0635ec5/3.json",
    "/Users/zhangxi/code/RL/nn-dataset/ab/nn/stat/train/img-classification_cifar-100_acc_rag-77a8b65267f3fda9a803ccf2b0635ec5/4.json",
    "/Users/zhangxi/code/RL/nn-dataset/ab/nn/stat/train/img-classification_cifar-100_acc_rag-77a8b65267f3fda9a803ccf2b0635ec5/5.json",
    "/Users/zhangxi/code/RL/nn-dataset/ab/nn/stat/train/img-classification_cifar-100_acc_rag-90f96ebed4aaaf5c2ba64c8242689c20/4.json",
    "/Users/zhangxi/code/RL/nn-dataset/ab/nn/stat/train/img-classification_cifar-100_acc_rl-bb-test1-2e0ddfce1afccc9506f723f57ed2d222/1.json",
    "/Users/zhangxi/code/RL/nn-dataset/ab/nn/stat/train/img-classification_cifar-100_acc_rl-bb-test1-2e0ddfce1afccc9506f723f57ed2d222/2.json",
    "/Users/zhangxi/code/RL/nn-dataset/ab/nn/stat/train/img-classification_cifar-100_acc_rl-bb-test1-2e0ddfce1afccc9506f723f57ed2d222/3.json",
    "/Users/zhangxi/code/RL/nn-dataset/ab/nn/stat/train/img-classification_cifar-100_acc_rl-bb-test1-2e0ddfce1afccc9506f723f57ed2d222/4.json",
    "/Users/zhangxi/code/RL/nn-dataset/ab/nn/stat/train/img-classification_cifar-100_acc_rl-bb-test1-2e0ddfce1afccc9506f723f57ed2d222/5.json",
    "/Users/zhangxi/code/RL/nn-dataset/ab/nn/stat/train/img-classification_cifar-100_acc_rl-init-4a0a7ed3b0234679046bc6ac2846baa4/1.json",
    "/Users/zhangxi/code/RL/nn-dataset/ab/nn/stat/train/img-classification_cifar-100_acc_rl-init-4a0a7ed3b0234679046bc6ac2846baa4/2.json",
    "/Users/zhangxi/code/RL/nn-dataset/ab/nn/stat/train/img-classification_cifar-100_acc_rl-init-4a0a7ed3b0234679046bc6ac2846baa4/3.json",
    "/Users/zhangxi/code/RL/nn-dataset/ab/nn/stat/train/img-classification_cifar-100_acc_rl-init-4a0a7ed3b0234679046bc6ac2846baa4/4.json",
    "/Users/zhangxi/code/RL/nn-dataset/ab/nn/stat/train/img-classification_cifar-100_acc_rl-init-4a0a7ed3b0234679046bc6ac2846baa4/5.json",
    "/Users/zhangxi/code/RL/nn-dataset/ab/nn/stat/train/img-classification_cifar-100_acc_rl-init-4d53d83aec70bdbda5f321ff1145807b/3.json",
    "/Users/zhangxi/code/RL/nn-dataset/ab/nn/stat/train/img-classification_cifar-100_acc_rl-init-abcd11e500d6cd8dbf141b5f3ba44f07/2.json",
    "/Users/zhangxi/code/RL/nn-dataset/ab/nn/stat/train/img-classification_cifar-100_acc_rl-init-c41adc22927a4f1a1042657851e6336c/3.json",
    "/Users/zhangxi/code/RL/nn-dataset/ab/nn/stat/train/img-classification_cifar-100_acc_rl-init-e9aa2c945497a29fc7e13c2fa9b3b1b4/1.json",
    "/Users/zhangxi/code/RL/nn-dataset/ab/nn/stat/train/img-classification_cifar-100_acc_rl-init-e9aa2c945497a29fc7e13c2fa9b3b1b4/2.json",
    "/Users/zhangxi/code/RL/nn-dataset/ab/nn/stat/train/img-classification_cifar-100_acc_rl-init-e9aa2c945497a29fc7e13c2fa9b3b1b4/3.json",
    "/Users/zhangxi/code/RL/nn-dataset/ab/nn/stat/train/img-classification_cifar-100_acc_rl-init-e9aa2c945497a29fc7e13c2fa9b3b1b4/4.json",
    "/Users/zhangxi/code/RL/nn-dataset/ab/nn/stat/train/img-classification_cifar-100_acc_rl-init-e9aa2c945497a29fc7e13c2fa9b3b1b4/5.json",
    "/Users/zhangxi/code/RL/nn-dataset/ab/nn/stat/train/img-classification_cifar-100_acc_unq-0815045b43d8c5fcf287f4e1f203e6ed/4.json",
    "/Users/zhangxi/code/RL/nn-dataset/ab/nn/stat/train/img-classification_cifar-100_acc_unq-1670b99de6ba4653c7d0110e05ffda19/4.json",
    "/Users/zhangxi/code/RL/nn-dataset/ab/nn/stat/train/img-classification_cifar-100_acc_unq-1eff450b0f28f31275bf49bee90cdaa9/2.json",
    "/Users/zhangxi/code/RL/nn-dataset/ab/nn/stat/train/img-classification_cifar-100_acc_unq-24fee28c14cb8424e68990f9ee1b006c/5.json",
    "/Users/zhangxi/code/RL/nn-dataset/ab/nn/stat/train/img-classification_cifar-100_acc_unq-25bbf90ed8e9fe9692bc62bf7ae5585d/4.json",
    "/Users/zhangxi/code/RL/nn-dataset/ab/nn/stat/train/img-classification_cifar-100_acc_unq-3835b263502c52cb3fce72f6c1255dfe/5.json",
    "/Users/zhangxi/code/RL/nn-dataset/ab/nn/stat/train/img-classification_cifar-100_acc_unq-452c27718c78010a541c809facfcd85c/2.json",
    "/Users/zhangxi/code/RL/nn-dataset/ab/nn/stat/train/img-classification_cifar-100_acc_unq-4b9ff10e4fad189bbd4acb954c43009f/4.json",
    "/Users/zhangxi/code/RL/nn-dataset/ab/nn/stat/train/img-classification_cifar-100_acc_unq-4fb3b51abee89f2da1e63631a5bd4e29/2.json",
    "/Users/zhangxi/code/RL/nn-dataset/ab/nn/stat/train/img-classification_cifar-100_acc_unq-563e508829502f1bf5dfe4425db6c0b1/5.json",
    "/Users/zhangxi/code/RL/nn-dataset/ab/nn/stat/train/img-classification_cifar-100_acc_unq-578a61ccda528a3189f8814a287704d0/3.json",
    "/Users/zhangxi/code/RL/nn-dataset/ab/nn/stat/train/img-classification_cifar-100_acc_unq-5bb7e9ec511e9bf361bb9f52df1f4821/3.json",
    "/Users/zhangxi/code/RL/nn-dataset/ab/nn/stat/train/img-classification_cifar-100_acc_unq-5cb9ce5262c3a3b5bd45aa4fe85b8c55/3.json",
    "/Users/zhangxi/code/RL/nn-dataset/ab/nn/stat/train/img-classification_cifar-100_acc_unq-615066b89ec73032257e6bccca80aa16/3.json",
    "/Users/zhangxi/code/RL/nn-dataset/ab/nn/stat/train/img-classification_cifar-100_acc_unq-63bb470aa4c4e2af1a6f515ca69936ac/1.json",
    "/Users/zhangxi/code/RL/nn-dataset/ab/nn/stat/train/img-classification_cifar-100_acc_unq-654e3b60f1506594dc207a76d504e927/2.json",
    "/Users/zhangxi/code/RL/nn-dataset/ab/nn/stat/train/img-classification_cifar-100_acc_unq-6cd59eb05b7058e120733570c95e2461/2.json",
    "/Users/zhangxi/code/RL/nn-dataset/ab/nn/stat/train/img-classification_cifar-100_acc_unq-6dc44d60eb1c03fb8b688cc2d4e657d4/3.json",
    "/Users/zhangxi/code/RL/nn-dataset/ab/nn/stat/train/img-classification_cifar-100_acc_unq-7147688969f415377654488a79fdbcc5/3.json",
    "/Users/zhangxi/code/RL/nn-dataset/ab/nn/stat/train/img-classification_cifar-100_acc_unq-7983e9d83f37a4b3d608b40b6f249e2b/2.json",
    "/Users/zhangxi/code/RL/nn-dataset/ab/nn/stat/train/img-classification_cifar-100_acc_unq-7b7c31a5b2e947650f1b31c130fc1f13/3.json",
    "/Users/zhangxi/code/RL/nn-dataset/ab/nn/stat/train/img-classification_cifar-100_acc_unq-7bafe90ce225493a95cee9cadfc67bec/3.json",
    "/Users/zhangxi/code/RL/nn-dataset/ab/nn/stat/train/img-classification_cifar-100_acc_unq-85088c07e50597ec294f5fab7f11d6cc/5.json",
    "/Users/zhangxi/code/RL/nn-dataset/ab/nn/stat/train/img-classification_cifar-100_acc_unq-8561fda5923e03107084c7da577b5da1/1.json",
    "/Users/zhangxi/code/RL/nn-dataset/ab/nn/stat/train/img-classification_cifar-100_acc_unq-86bec9e6774c164e2d8c11353962e2f3/3.json",
    "/Users/zhangxi/code/RL/nn-dataset/ab/nn/stat/train/img-classification_cifar-100_acc_unq-8e3045d522e554694e56bce9f5e84eb2/3.json",
    "/Users/zhangxi/code/RL/nn-dataset/ab/nn/stat/train/img-classification_cifar-100_acc_unq-a1020d532ef21fbab96afd31a74bcc32/2.json",
    "/Users/zhangxi/code/RL/nn-dataset/ab/nn/stat/train/img-classification_cifar-100_acc_unq-a26f9306cc62277cf5e4de04b99af119/1.json",
    "/Users/zhangxi/code/RL/nn-dataset/ab/nn/stat/train/img-classification_cifar-100_acc_unq-a6609b82466727c09a1e3e263631d593/2.json",
    "/Users/zhangxi/code/RL/nn-dataset/ab/nn/stat/train/img-classification_cifar-100_acc_unq-b91f88852d3824c4a45471306a1e412f/4.json",
    "/Users/zhangxi/code/RL/nn-dataset/ab/nn/stat/train/img-classification_cifar-100_acc_unq-b9c386cce3d1071fb0edff538fe7aaa1/3.json",
    "/Users/zhangxi/code/RL/nn-dataset/ab/nn/stat/train/img-classification_cifar-100_acc_unq-b9d4df23ed35fb895532d7a583682aa2/1.json",
    "/Users/zhangxi/code/RL/nn-dataset/ab/nn/stat/train/img-classification_cifar-100_acc_unq-b9d4df23ed35fb895532d7a583682aa2/2.json",
    "/Users/zhangxi/code/RL/nn-dataset/ab/nn/stat/train/img-classification_cifar-100_acc_unq-b9d4df23ed35fb895532d7a583682aa2/3.json",
    "/Users/zhangxi/code/RL/nn-dataset/ab/nn/stat/train/img-classification_cifar-100_acc_unq-b9d4df23ed35fb895532d7a583682aa2/4.json",
    "/Users/zhangxi/code/RL/nn-dataset/ab/nn/stat/train/img-classification_cifar-100_acc_unq-b9d4df23ed35fb895532d7a583682aa2/5.json",
    "/Users/zhangxi/code/RL/nn-dataset/ab/nn/stat/train/img-classification_cifar-100_acc_unq-bb371007d68734c7ca897074b2a3eecb/5.json",
    "/Users/zhangxi/code/RL/nn-dataset/ab/nn/stat/train/img-classification_cifar-100_acc_unq-bcd533ad877c52690e7e000806dd05f2/3.json",
    "/Users/zhangxi/code/RL/nn-dataset/ab/nn/stat/train/img-classification_cifar-100_acc_unq-bf33175875cf5a2e19696eedeaf51d11/2.json",
    "/Users/zhangxi/code/RL/nn-dataset/ab/nn/stat/train/img-classification_cifar-100_acc_unq-c8f625ed0d372554bff07ce19f29947c/5.json",
    "/Users/zhangxi/code/RL/nn-dataset/ab/nn/stat/train/img-classification_cifar-100_acc_unq-d94e34aa7b11703cd64797f5630e96b3/2.json",
    "/Users/zhangxi/code/RL/nn-dataset/ab/nn/stat/train/img-classification_cifar-100_acc_unq-e48d0591ef09fcec6a45fc75dc4602eb/2.json",
    "/Users/zhangxi/code/RL/nn-dataset/ab/nn/stat/train/img-classification_cifar-100_acc_unq-e7340789203eba1edd0f9638e8e16ab8/3.json",
    "/Users/zhangxi/code/RL/nn-dataset/ab/nn/stat/train/img-classification_cifar-100_acc_unq-e975770f249cbc3d97b2a54eec9ee2b6/3.json",
    "/Users/zhangxi/code/RL/nn-dataset/ab/nn/stat/train/img-classification_cifar-100_acc_unq-e9fecd5d808ceed2dbcc66099c0e8274/5.json",
    "/Users/zhangxi/code/RL/nn-dataset/ab/nn/stat/train/img-classification_cifar-100_acc_unq-f5a8112773022570df4028231c36c9c3/2.json",
    "/Users/zhangxi/code/RL/nn-dataset/ab/nn/stat/train/img-classification_cifar-100_acc_unq-f795ef69dec88052ea807748129d6fcd/2.json",
    "/Users/zhangxi/code/RL/nn-dataset/ab/nn/stat/train/img-classification_cifar-100_acc_unq-fe8ad07330501cb0748370b7fc3a7501/4.json",
    "/Users/zhangxi/code/RL/nn-dataset/ab/nn/stat/train/img-classification_cifar-10_acc_AlexNet-ad69700d-0e12-458f-afad-93f03988a4e7/2.json",
    "/Users/zhangxi/code/RL/nn-dataset/ab/nn/stat/train/img-classification_cifar-10_acc_BagNet-001bf3e2-17c2-4fdf-948e-493677e58a3b/1.json",
    "/Users/zhangxi/code/RL/nn-dataset/ab/nn/stat/train/img-classification_cifar-10_acc_BagNet/12.json",
    "/Users/zhangxi/code/RL/nn-dataset/ab/nn/stat/train/img-classification_cifar-10_acc_BagNet/4.json",
    "/Users/zhangxi/code/RL/nn-dataset/ab/nn/stat/train/img-classification_cifar-10_acc_BayesianNet-3/38.json",
    "/Users/zhangxi/code/RL/nn-dataset/ab/nn/stat/train/img-classification_cifar-10_acc_DPN131-8e6e495b-85cb-4a71-8b91-6d89372e0a0c/6.json",
    "/Users/zhangxi/code/RL/nn-dataset/ab/nn/stat/train/img-classification_cifar-10_acc_DPN131-c53a40b8-b874-4c8b-999b-0944a1173a46/10.json",
    "/Users/zhangxi/code/RL/nn-dataset/ab/nn/stat/train/img-classification_cifar-10_acc_DPN68-bfa699a3-2845-44bd-be8a-04fec8008932/19.json",
    "/Users/zhangxi/code/RL/nn-dataset/ab/nn/stat/train/img-classification_cifar-10_acc_DPN68-c9cdb196-7596-4368-974a-56edf8b10381/3.json",
    "/Users/zhangxi/code/RL/nn-dataset/ab/nn/stat/train/img-classification_cifar-10_acc_DPN68/6.json",
    "/Users/zhangxi/code/RL/nn-dataset/ab/nn/stat/train/img-classification_cifar-10_acc_DenseNet-8dbe9c05-5dc8-4965-b194-dcc6fc7d8e67/1.json",
    "/Users/zhangxi/code/RL/nn-dataset/ab/nn/stat/train/img-classification_cifar-10_acc_DenseNet-8dbe9c05-5dc8-4965-b194-dcc6fc7d8e67/10.json",
    "/Users/zhangxi/code/RL/nn-dataset/ab/nn/stat/train/img-classification_cifar-10_acc_DenseNet-8dbe9c05-5dc8-4965-b194-dcc6fc7d8e67/11.json",
    "/Users/zhangxi/code/RL/nn-dataset/ab/nn/stat/train/img-classification_cifar-10_acc_DenseNet-8dbe9c05-5dc8-4965-b194-dcc6fc7d8e67/12.json",
    "/Users/zhangxi/code/RL/nn-dataset/ab/nn/stat/train/img-classification_cifar-10_acc_DenseNet-8dbe9c05-5dc8-4965-b194-dcc6fc7d8e67/13.json",
    "/Users/zhangxi/code/RL/nn-dataset/ab/nn/stat/train/img-classification_cifar-10_acc_DenseNet-8dbe9c05-5dc8-4965-b194-dcc6fc7d8e67/14.json",
    "/Users/zhangxi/code/RL/nn-dataset/ab/nn/stat/train/img-classification_cifar-10_acc_DenseNet-8dbe9c05-5dc8-4965-b194-dcc6fc7d8e67/15.json",
    "/Users/zhangxi/code/RL/nn-dataset/ab/nn/stat/train/img-classification_cifar-10_acc_DenseNet-8dbe9c05-5dc8-4965-b194-dcc6fc7d8e67/16.json",
    "/Users/zhangxi/code/RL/nn-dataset/ab/nn/stat/train/img-classification_cifar-10_acc_DenseNet-8dbe9c05-5dc8-4965-b194-dcc6fc7d8e67/17.json",
    "/Users/zhangxi/code/RL/nn-dataset/ab/nn/stat/train/img-classification_cifar-10_acc_DenseNet-8dbe9c05-5dc8-4965-b194-dcc6fc7d8e67/18.json",
    "/Users/zhangxi/code/RL/nn-dataset/ab/nn/stat/train/img-classification_cifar-10_acc_DenseNet-8dbe9c05-5dc8-4965-b194-dcc6fc7d8e67/19.json",
    "/Users/zhangxi/code/RL/nn-dataset/ab/nn/stat/train/img-classification_cifar-10_acc_DenseNet-8dbe9c05-5dc8-4965-b194-dcc6fc7d8e67/2.json",
    "/Users/zhangxi/code/RL/nn-dataset/ab/nn/stat/train/img-classification_cifar-10_acc_DenseNet-8dbe9c05-5dc8-4965-b194-dcc6fc7d8e67/20.json",
    "/Users/zhangxi/code/RL/nn-dataset/ab/nn/stat/train/img-classification_cifar-10_acc_DenseNet-8dbe9c05-5dc8-4965-b194-dcc6fc7d8e67/21.json",
    "/Users/zhangxi/code/RL/nn-dataset/ab/nn/stat/train/img-classification_cifar-10_acc_DenseNet-8dbe9c05-5dc8-4965-b194-dcc6fc7d8e67/22.json",
    "/Users/zhangxi/code/RL/nn-dataset/ab/nn/stat/train/img-classification_cifar-10_acc_DenseNet-8dbe9c05-5dc8-4965-b194-dcc6fc7d8e67/23.json",
    "/Users/zhangxi/code/RL/nn-dataset/ab/nn/stat/train/img-classification_cifar-10_acc_DenseNet-8dbe9c05-5dc8-4965-b194-dcc6fc7d8e67/24.json",
    "/Users/zhangxi/code/RL/nn-dataset/ab/nn/stat/train/img-classification_cifar-10_acc_DenseNet-8dbe9c05-5dc8-4965-b194-dcc6fc7d8e67/25.json",
    "/Users/zhangxi/code/RL/nn-dataset/ab/nn/stat/train/img-classification_cifar-10_acc_DenseNet-8dbe9c05-5dc8-4965-b194-dcc6fc7d8e67/26.json",
    "/Users/zhangxi/code/RL/nn-dataset/ab/nn/stat/train/img-classification_cifar-10_acc_DenseNet-8dbe9c05-5dc8-4965-b194-dcc6fc7d8e67/27.json",
    "/Users/zhangxi/code/RL/nn-dataset/ab/nn/stat/train/img-classification_cifar-10_acc_DenseNet-8dbe9c05-5dc8-4965-b194-dcc6fc7d8e67/28.json",
    "/Users/zhangxi/code/RL/nn-dataset/ab/nn/stat/train/img-classification_cifar-10_acc_DenseNet-8dbe9c05-5dc8-4965-b194-dcc6fc7d8e67/29.json",
    "/Users/zhangxi/code/RL/nn-dataset/ab/nn/stat/train/img-classification_cifar-10_acc_DenseNet-8dbe9c05-5dc8-4965-b194-dcc6fc7d8e67/3.json",
    "/Users/zhangxi/code/RL/nn-dataset/ab/nn/stat/train/img-classification_cifar-10_acc_DenseNet-8dbe9c05-5dc8-4965-b194-dcc6fc7d8e67/30.json",
    "/Users/zhangxi/code/RL/nn-dataset/ab/nn/stat/train/img-classification_cifar-10_acc_DenseNet-8dbe9c05-5dc8-4965-b194-dcc6fc7d8e67/31.json",
    "/Users/zhangxi/code/RL/nn-dataset/ab/nn/stat/train/img-classification_cifar-10_acc_DenseNet-8dbe9c05-5dc8-4965-b194-dcc6fc7d8e67/32.json",
    "/Users/zhangxi/code/RL/nn-dataset/ab/nn/stat/train/img-classification_cifar-10_acc_DenseNet-8dbe9c05-5dc8-4965-b194-dcc6fc7d8e67/33.json",
    "/Users/zhangxi/code/RL/nn-dataset/ab/nn/stat/train/img-classification_cifar-10_acc_DenseNet-8dbe9c05-5dc8-4965-b194-dcc6fc7d8e67/34.json",
    "/Users/zhangxi/code/RL/nn-dataset/ab/nn/stat/train/img-classification_cifar-10_acc_DenseNet-8dbe9c05-5dc8-4965-b194-dcc6fc7d8e67/35.json",
    "/Users/zhangxi/code/RL/nn-dataset/ab/nn/stat/train/img-classification_cifar-10_acc_DenseNet-8dbe9c05-5dc8-4965-b194-dcc6fc7d8e67/36.json",
    "/Users/zhangxi/code/RL/nn-dataset/ab/nn/stat/train/img-classification_cifar-10_acc_DenseNet-8dbe9c05-5dc8-4965-b194-dcc6fc7d8e67/37.json",
    "/Users/zhangxi/code/RL/nn-dataset/ab/nn/stat/train/img-classification_cifar-10_acc_DenseNet-8dbe9c05-5dc8-4965-b194-dcc6fc7d8e67/38.json",
    "/Users/zhangxi/code/RL/nn-dataset/ab/nn/stat/train/img-classification_cifar-10_acc_DenseNet-8dbe9c05-5dc8-4965-b194-dcc6fc7d8e67/39.json",
    "/Users/zhangxi/code/RL/nn-dataset/ab/nn/stat/train/img-classification_cifar-10_acc_DenseNet-8dbe9c05-5dc8-4965-b194-dcc6fc7d8e67/4.json",
    "/Users/zhangxi/code/RL/nn-dataset/ab/nn/stat/train/img-classification_cifar-10_acc_DenseNet-8dbe9c05-5dc8-4965-b194-dcc6fc7d8e67/40.json",
    "/Users/zhangxi/code/RL/nn-dataset/ab/nn/stat/train/img-classification_cifar-10_acc_DenseNet-8dbe9c05-5dc8-4965-b194-dcc6fc7d8e67/41.json",
    "/Users/zhangxi/code/RL/nn-dataset/ab/nn/stat/train/img-classification_cifar-10_acc_DenseNet-8dbe9c05-5dc8-4965-b194-dcc6fc7d8e67/42.json",
    "/Users/zhangxi/code/RL/nn-dataset/ab/nn/stat/train/img-classification_cifar-10_acc_DenseNet-8dbe9c05-5dc8-4965-b194-dcc6fc7d8e67/43.json",
    "/Users/zhangxi/code/RL/nn-dataset/ab/nn/stat/train/img-classification_cifar-10_acc_DenseNet-8dbe9c05-5dc8-4965-b194-dcc6fc7d8e67/44.json",
    "/Users/zhangxi/code/RL/nn-dataset/ab/nn/stat/train/img-classification_cifar-10_acc_DenseNet-8dbe9c05-5dc8-4965-b194-dcc6fc7d8e67/45.json",
    "/Users/zhangxi/code/RL/nn-dataset/ab/nn/stat/train/img-classification_cifar-10_acc_DenseNet-8dbe9c05-5dc8-4965-b194-dcc6fc7d8e67/46.json",
    "/Users/zhangxi/code/RL/nn-dataset/ab/nn/stat/train/img-classification_cifar-10_acc_DenseNet-8dbe9c05-5dc8-4965-b194-dcc6fc7d8e67/47.json",
    "/Users/zhangxi/code/RL/nn-dataset/ab/nn/stat/train/img-classification_cifar-10_acc_DenseNet-8dbe9c05-5dc8-4965-b194-dcc6fc7d8e67/48.json",
    "/Users/zhangxi/code/RL/nn-dataset/ab/nn/stat/train/img-classification_cifar-10_acc_DenseNet-8dbe9c05-5dc8-4965-b194-dcc6fc7d8e67/49.json",
    "/Users/zhangxi/code/RL/nn-dataset/ab/nn/stat/train/img-classification_cifar-10_acc_DenseNet-8dbe9c05-5dc8-4965-b194-dcc6fc7d8e67/5.json",
    "/Users/zhangxi/code/RL/nn-dataset/ab/nn/stat/train/img-classification_cifar-10_acc_DenseNet-8dbe9c05-5dc8-4965-b194-dcc6fc7d8e67/50.json",
    "/Users/zhangxi/code/RL/nn-dataset/ab/nn/stat/train/img-classification_cifar-10_acc_DenseNet-8dbe9c05-5dc8-4965-b194-dcc6fc7d8e67/6.json",
    "/Users/zhangxi/code/RL/nn-dataset/ab/nn/stat/train/img-classification_cifar-10_acc_DenseNet-8dbe9c05-5dc8-4965-b194-dcc6fc7d8e67/7.json",
    "/Users/zhangxi/code/RL/nn-dataset/ab/nn/stat/train/img-classification_cifar-10_acc_DenseNet-8dbe9c05-5dc8-4965-b194-dcc6fc7d8e67/8.json",
    "/Users/zhangxi/code/RL/nn-dataset/ab/nn/stat/train/img-classification_cifar-10_acc_DenseNet-8dbe9c05-5dc8-4965-b194-dcc6fc7d8e67/9.json",
    "/Users/zhangxi/code/RL/nn-dataset/ab/nn/stat/train/img-classification_cifar-10_acc_DenseNet/1.json",
    "/Users/zhangxi/code/RL/nn-dataset/ab/nn/stat/train/img-classification_cifar-10_acc_DenseNet/6.json",
    "/Users/zhangxi/code/RL/nn-dataset/ab/nn/stat/train/img-classification_cifar-10_acc_Diffuser/50.json",
    "/Users/zhangxi/code/RL/nn-dataset/ab/nn/stat/train/img-classification_cifar-10_acc_EfficientNet/2.json",
    "/Users/zhangxi/code/RL/nn-dataset/ab/nn/stat/train/img-classification_cifar-10_acc_GenFractalNet-0633fb7c998e86e2bee1191f0d07a0d6/1.json",
    "/Users/zhangxi/code/RL/nn-dataset/ab/nn/stat/train/img-classification_cifar-10_acc_GenFractalNet-0ee766f6aa3b39f596d083b8de741c6c/1.json",
    "/Users/zhangxi/code/RL/nn-dataset/ab/nn/stat/train/img-classification_cifar-10_acc_GenFractalNet-2fb2c1b35742a9f899658173ca1e08ba/1.json",
    "/Users/zhangxi/code/RL/nn-dataset/ab/nn/stat/train/img-classification_cifar-10_acc_GenFractalNet-38ef7a0a4d3c0f4e65948a3f656956c7/1.json",
    "/Users/zhangxi/code/RL/nn-dataset/ab/nn/stat/train/img-classification_cifar-10_acc_GenFractalNet-54d3019578e82dda0931c3c03b9aff5c/1.json",
    "/Users/zhangxi/code/RL/nn-dataset/ab/nn/stat/train/img-classification_cifar-10_acc_GenFractalNet-750e2d919fe8fae8387971f77959aac3/1.json",
    "/Users/zhangxi/code/RL/nn-dataset/ab/nn/stat/train/img-classification_cifar-10_acc_GenFractalNet-7b21eb9f6a6e54c52008d316d618ba3d/1.json",
    "/Users/zhangxi/code/RL/nn-dataset/ab/nn/stat/train/img-classification_cifar-10_acc_GenFractalNet-86776726ea825006816553a9b959dafe/1.json",
    "/Users/zhangxi/code/RL/nn-dataset/ab/nn/stat/train/img-classification_cifar-10_acc_GenFractalNet-8d2a82cb7be691f1a2d7b010e77c969f/1.json",
    "/Users/zhangxi/code/RL/nn-dataset/ab/nn/stat/train/img-classification_cifar-10_acc_GenFractalNet-929a9961cb7cc2e6c0db22943aee14bb/1.json",
    "/Users/zhangxi/code/RL/nn-dataset/ab/nn/stat/train/img-classification_cifar-10_acc_GenFractalNet-997fba87cc3260447b6be54493256883/1.json",
    "/Users/zhangxi/code/RL/nn-dataset/ab/nn/stat/train/img-classification_cifar-10_acc_GenFractalNet-9c15ed797e8301f0d688457d554b50c5/1.json",
    "/Users/zhangxi/code/RL/nn-dataset/ab/nn/stat/train/img-classification_cifar-10_acc_GenFractalNet-c07545d0077695788ec43a6da2c6f454/1.json",
    "/Users/zhangxi/code/RL/nn-dataset/ab/nn/stat/train/img-classification_cifar-10_acc_GenFractalNet-c5e010fda35a6dc937ef56724f5f53be/1.json",
    "/Users/zhangxi/code/RL/nn-dataset/ab/nn/stat/train/img-classification_cifar-10_acc_GenFractalNet-d1458ddbe358de4d1e8f137fc6856915/1.json",
    "/Users/zhangxi/code/RL/nn-dataset/ab/nn/stat/train/img-classification_cifar-10_acc_GenFractalNet-d2fbf9b5046fca4f112efcda38d51f29/1.json",
    "/Users/zhangxi/code/RL/nn-dataset/ab/nn/stat/train/img-classification_cifar-10_acc_GenFractalNet-d3908ba13087939e0cfa3c4465891c2e/1.json",
    "/Users/zhangxi/code/RL/nn-dataset/ab/nn/stat/train/img-classification_cifar-10_acc_GenFractalNet-e6b5cfe2bb7af9d073f9701548567a93/1.json",
    "/Users/zhangxi/code/RL/nn-dataset/ab/nn/stat/train/img-classification_cifar-10_acc_GoogLeNet/1.json",
    "/Users/zhangxi/code/RL/nn-dataset/ab/nn/stat/train/img-classification_cifar-10_acc_GoogLeNet/34.json",
    "/Users/zhangxi/code/RL/nn-dataset/ab/nn/stat/train/img-classification_cifar-10_acc_ICNet/4.json",
    "/Users/zhangxi/code/RL/nn-dataset/ab/nn/stat/train/img-classification_cifar-10_acc_InceptionV3-2/1.json",
    "/Users/zhangxi/code/RL/nn-dataset/ab/nn/stat/train/img-classification_cifar-10_acc_MaxVit/6.json",
    "/Users/zhangxi/code/RL/nn-dataset/ab/nn/stat/train/img-classification_cifar-10_acc_MoE-0707-1707-BagNet/1.json",
    "/Users/zhangxi/code/RL/nn-dataset/ab/nn/stat/train/img-classification_cifar-10_acc_MoE-0707-1707-BagNet/10.json",
    "/Users/zhangxi/code/RL/nn-dataset/ab/nn/stat/train/img-classification_cifar-10_acc_MoE-0707-1707-BagNet/11.json",
    "/Users/zhangxi/code/RL/nn-dataset/ab/nn/stat/train/img-classification_cifar-10_acc_MoE-0707-1707-BagNet/12.json",
    "/Users/zhangxi/code/RL/nn-dataset/ab/nn/stat/train/img-classification_cifar-10_acc_MoE-0707-1707-BagNet/13.json",
    "/Users/zhangxi/code/RL/nn-dataset/ab/nn/stat/train/img-classification_cifar-10_acc_MoE-0707-1707-BagNet/14.json",
    "/Users/zhangxi/code/RL/nn-dataset/ab/nn/stat/train/img-classification_cifar-10_acc_MoE-0707-1707-BagNet/15.json",
    "/Users/zhangxi/code/RL/nn-dataset/ab/nn/stat/train/img-classification_cifar-10_acc_MoE-0707-1707-BagNet/16.json",
    "/Users/zhangxi/code/RL/nn-dataset/ab/nn/stat/train/img-classification_cifar-10_acc_MoE-0707-1707-BagNet/17.json",
    "/Users/zhangxi/code/RL/nn-dataset/ab/nn/stat/train/img-classification_cifar-10_acc_MoE-0707-1707-BagNet/18.json",
    "/Users/zhangxi/code/RL/nn-dataset/ab/nn/stat/train/img-classification_cifar-10_acc_MoE-0707-1707-BagNet/19.json",
    "/Users/zhangxi/code/RL/nn-dataset/ab/nn/stat/train/img-classification_cifar-10_acc_MoE-0707-1707-BagNet/2.json",
    "/Users/zhangxi/code/RL/nn-dataset/ab/nn/stat/train/img-classification_cifar-10_acc_MoE-0707-1707-BagNet/20.json",
    "/Users/zhangxi/code/RL/nn-dataset/ab/nn/stat/train/img-classification_cifar-10_acc_MoE-0707-1707-BagNet/21.json",
    "/Users/zhangxi/code/RL/nn-dataset/ab/nn/stat/train/img-classification_cifar-10_acc_MoE-0707-1707-BagNet/22.json",
    "/Users/zhangxi/code/RL/nn-dataset/ab/nn/stat/train/img-classification_cifar-10_acc_MoE-0707-1707-BagNet/23.json",
    "/Users/zhangxi/code/RL/nn-dataset/ab/nn/stat/train/img-classification_cifar-10_acc_MoE-0707-1707-BagNet/24.json",
    "/Users/zhangxi/code/RL/nn-dataset/ab/nn/stat/train/img-classification_cifar-10_acc_MoE-0707-1707-BagNet/25.json",
    "/Users/zhangxi/code/RL/nn-dataset/ab/nn/stat/train/img-classification_cifar-10_acc_MoE-0707-1707-BagNet/26.json",
    "/Users/zhangxi/code/RL/nn-dataset/ab/nn/stat/train/img-classification_cifar-10_acc_MoE-0707-1707-BagNet/27.json",
    "/Users/zhangxi/code/RL/nn-dataset/ab/nn/stat/train/img-classification_cifar-10_acc_MoE-0707-1707-BagNet/28.json",
    "/Users/zhangxi/code/RL/nn-dataset/ab/nn/stat/train/img-classification_cifar-10_acc_MoE-0707-1707-BagNet/29.json",
    "/Users/zhangxi/code/RL/nn-dataset/ab/nn/stat/train/img-classification_cifar-10_acc_MoE-0707-1707-BagNet/3.json",
    "/Users/zhangxi/code/RL/nn-dataset/ab/nn/stat/train/img-classification_cifar-10_acc_MoE-0707-1707-BagNet/30.json",
    "/Users/zhangxi/code/RL/nn-dataset/ab/nn/stat/train/img-classification_cifar-10_acc_MoE-0707-1707-BagNet/31.json",
    "/Users/zhangxi/code/RL/nn-dataset/ab/nn/stat/train/img-classification_cifar-10_acc_MoE-0707-1707-BagNet/32.json",
    "/Users/zhangxi/code/RL/nn-dataset/ab/nn/stat/train/img-classification_cifar-10_acc_MoE-0707-1707-BagNet/33.json",
    "/Users/zhangxi/code/RL/nn-dataset/ab/nn/stat/train/img-classification_cifar-10_acc_MoE-0707-1707-BagNet/34.json",
    "/Users/zhangxi/code/RL/nn-dataset/ab/nn/stat/train/img-classification_cifar-10_acc_MoE-0707-1707-BagNet/35.json",
    "/Users/zhangxi/code/RL/nn-dataset/ab/nn/stat/train/img-classification_cifar-10_acc_MoE-0707-1707-BagNet/36.json",
    "/Users/zhangxi/code/RL/nn-dataset/ab/nn/stat/train/img-classification_cifar-10_acc_MoE-0707-1707-BagNet/37.json",
    "/Users/zhangxi/code/RL/nn-dataset/ab/nn/stat/train/img-classification_cifar-10_acc_MoE-0707-1707-BagNet/38.json",
    "/Users/zhangxi/code/RL/nn-dataset/ab/nn/stat/train/img-classification_cifar-10_acc_MoE-0707-1707-BagNet/39.json",
    "/Users/zhangxi/code/RL/nn-dataset/ab/nn/stat/train/img-classification_cifar-10_acc_MoE-0707-1707-BagNet/4.json",
    "/Users/zhangxi/code/RL/nn-dataset/ab/nn/stat/train/img-classification_cifar-10_acc_MoE-0707-1707-BagNet/40.json",
    "/Users/zhangxi/code/RL/nn-dataset/ab/nn/stat/train/img-classification_cifar-10_acc_MoE-0707-1707-BagNet/41.json",
    "/Users/zhangxi/code/RL/nn-dataset/ab/nn/stat/train/img-classification_cifar-10_acc_MoE-0707-1707-BagNet/42.json",
    "/Users/zhangxi/code/RL/nn-dataset/ab/nn/stat/train/img-classification_cifar-10_acc_MoE-0707-1707-BagNet/43.json",
    "/Users/zhangxi/code/RL/nn-dataset/ab/nn/stat/train/img-classification_cifar-10_acc_MoE-0707-1707-BagNet/44.json",
    "/Users/zhangxi/code/RL/nn-dataset/ab/nn/stat/train/img-classification_cifar-10_acc_MoE-0707-1707-BagNet/45.json",
    "/Users/zhangxi/code/RL/nn-dataset/ab/nn/stat/train/img-classification_cifar-10_acc_MoE-0707-1707-BagNet/46.json",
    "/Users/zhangxi/code/RL/nn-dataset/ab/nn/stat/train/img-classification_cifar-10_acc_MoE-0707-1707-BagNet/47.json",
    "/Users/zhangxi/code/RL/nn-dataset/ab/nn/stat/train/img-classification_cifar-10_acc_MoE-0707-1707-BagNet/48.json",
    "/Users/zhangxi/code/RL/nn-dataset/ab/nn/stat/train/img-classification_cifar-10_acc_MoE-0707-1707-BagNet/49.json",
    "/Users/zhangxi/code/RL/nn-dataset/ab/nn/stat/train/img-classification_cifar-10_acc_MoE-0707-1707-BagNet/5.json",
    "/Users/zhangxi/code/RL/nn-dataset/ab/nn/stat/train/img-classification_cifar-10_acc_MoE-0707-1707-BagNet/50.json",
    "/Users/zhangxi/code/RL/nn-dataset/ab/nn/stat/train/img-classification_cifar-10_acc_MoE-0707-1707-BagNet/6.json",
    "/Users/zhangxi/code/RL/nn-dataset/ab/nn/stat/train/img-classification_cifar-10_acc_MoE-0707-1707-BagNet/7.json",
    "/Users/zhangxi/code/RL/nn-dataset/ab/nn/stat/train/img-classification_cifar-10_acc_MoE-0707-1707-BagNet/8.json",
    "/Users/zhangxi/code/RL/nn-dataset/ab/nn/stat/train/img-classification_cifar-10_acc_MoE-0707-1707-BagNet/9.json",
    "/Users/zhangxi/code/RL/nn-dataset/ab/nn/stat/train/img-classification_cifar-10_acc_MoE-0707-AirNext/9.json",
    "/Users/zhangxi/code/RL/nn-dataset/ab/nn/stat/train/img-classification_cifar-10_acc_MoE-0707/34.json",
    "/Users/zhangxi/code/RL/nn-dataset/ab/nn/stat/train/img-classification_cifar-10_acc_MoE-0707/49.json",
    "/Users/zhangxi/code/RL/nn-dataset/ab/nn/stat/train/img-classification_cifar-10_acc_MoE-0707/50.json",
    "/Users/zhangxi/code/RL/nn-dataset/ab/nn/stat/train/img-classification_cifar-10_acc_MoE4Own-batch-00007-20260324-172205-303112dbc13fee8d05e9ff26c58e606d/3.json",
    "/Users/zhangxi/code/RL/nn-dataset/ab/nn/stat/train/img-classification_cifar-10_acc_MoE4Own-batch-00047-20260406-154832-59841733a731d282168d1afa772f058f/1.json",
    "/Users/zhangxi/code/RL/nn-dataset/ab/nn/stat/train/img-classification_cifar-10_acc_MoE4Own-batch-00047-20260406-154832-59841733a731d282168d1afa772f058f/2.json",
    "/Users/zhangxi/code/RL/nn-dataset/ab/nn/stat/train/img-classification_cifar-10_acc_MoE4Own-batch-00163-20260413-080611-79774dfb5a22c58036b2f7dd33b4eb77/5.json",
    "/Users/zhangxi/code/RL/nn-dataset/ab/nn/stat/train/img-classification_cifar-10_acc_MoE4Own-batch-00168-20260416-091433-36288a0c5645bca7a7ccd9f79e5289f9/1.json",
    "/Users/zhangxi/code/RL/nn-dataset/ab/nn/stat/train/img-classification_cifar-10_acc_MoEv4/11.json",
    "/Users/zhangxi/code/RL/nn-dataset/ab/nn/stat/train/img-classification_cifar-10_acc_MoEv5/1.json",
    "/Users/zhangxi/code/RL/nn-dataset/ab/nn/stat/train/img-classification_cifar-10_acc_MoEv8/1.json",
    "/Users/zhangxi/code/RL/nn-dataset/ab/nn/stat/train/img-classification_cifar-10_acc_MobileNetV2/10.json",
    "/Users/zhangxi/code/RL/nn-dataset/ab/nn/stat/train/img-classification_cifar-10_acc_ResNet/4.json",
    "/Users/zhangxi/code/RL/nn-dataset/ab/nn/stat/train/img-classification_cifar-10_acc_ShuffleNet/10.json",
    "/Users/zhangxi/code/RL/nn-dataset/ab/nn/stat/train/img-classification_cifar-10_acc_UNet2D-5c9cad65-7bf0-4170-b2ea-c9b74dbf2dcb/1.json",
    "/Users/zhangxi/code/RL/nn-dataset/ab/nn/stat/train/img-classification_cifar-10_acc_UNet2D-5c9cad65-7bf0-4170-b2ea-c9b74dbf2dcb/10.json",
    "/Users/zhangxi/code/RL/nn-dataset/ab/nn/stat/train/img-classification_cifar-10_acc_UNet2D-5c9cad65-7bf0-4170-b2ea-c9b74dbf2dcb/11.json",
    "/Users/zhangxi/code/RL/nn-dataset/ab/nn/stat/train/img-classification_cifar-10_acc_UNet2D-5c9cad65-7bf0-4170-b2ea-c9b74dbf2dcb/12.json",
    "/Users/zhangxi/code/RL/nn-dataset/ab/nn/stat/train/img-classification_cifar-10_acc_UNet2D-5c9cad65-7bf0-4170-b2ea-c9b74dbf2dcb/13.json",
    "/Users/zhangxi/code/RL/nn-dataset/ab/nn/stat/train/img-classification_cifar-10_acc_UNet2D-5c9cad65-7bf0-4170-b2ea-c9b74dbf2dcb/14.json",
    "/Users/zhangxi/code/RL/nn-dataset/ab/nn/stat/train/img-classification_cifar-10_acc_UNet2D-5c9cad65-7bf0-4170-b2ea-c9b74dbf2dcb/15.json",
    "/Users/zhangxi/code/RL/nn-dataset/ab/nn/stat/train/img-classification_cifar-10_acc_UNet2D-5c9cad65-7bf0-4170-b2ea-c9b74dbf2dcb/16.json",
    "/Users/zhangxi/code/RL/nn-dataset/ab/nn/stat/train/img-classification_cifar-10_acc_UNet2D-5c9cad65-7bf0-4170-b2ea-c9b74dbf2dcb/17.json",
    "/Users/zhangxi/code/RL/nn-dataset/ab/nn/stat/train/img-classification_cifar-10_acc_UNet2D-5c9cad65-7bf0-4170-b2ea-c9b74dbf2dcb/18.json",
    "/Users/zhangxi/code/RL/nn-dataset/ab/nn/stat/train/img-classification_cifar-10_acc_UNet2D-5c9cad65-7bf0-4170-b2ea-c9b74dbf2dcb/19.json",
    "/Users/zhangxi/code/RL/nn-dataset/ab/nn/stat/train/img-classification_cifar-10_acc_UNet2D-5c9cad65-7bf0-4170-b2ea-c9b74dbf2dcb/2.json",
    "/Users/zhangxi/code/RL/nn-dataset/ab/nn/stat/train/img-classification_cifar-10_acc_UNet2D-5c9cad65-7bf0-4170-b2ea-c9b74dbf2dcb/20.json",
    "/Users/zhangxi/code/RL/nn-dataset/ab/nn/stat/train/img-classification_cifar-10_acc_UNet2D-5c9cad65-7bf0-4170-b2ea-c9b74dbf2dcb/21.json",
    "/Users/zhangxi/code/RL/nn-dataset/ab/nn/stat/train/img-classification_cifar-10_acc_UNet2D-5c9cad65-7bf0-4170-b2ea-c9b74dbf2dcb/22.json",
    "/Users/zhangxi/code/RL/nn-dataset/ab/nn/stat/train/img-classification_cifar-10_acc_UNet2D-5c9cad65-7bf0-4170-b2ea-c9b74dbf2dcb/23.json",
    "/Users/zhangxi/code/RL/nn-dataset/ab/nn/stat/train/img-classification_cifar-10_acc_UNet2D-5c9cad65-7bf0-4170-b2ea-c9b74dbf2dcb/24.json",
    "/Users/zhangxi/code/RL/nn-dataset/ab/nn/stat/train/img-classification_cifar-10_acc_UNet2D-5c9cad65-7bf0-4170-b2ea-c9b74dbf2dcb/25.json",
    "/Users/zhangxi/code/RL/nn-dataset/ab/nn/stat/train/img-classification_cifar-10_acc_UNet2D-5c9cad65-7bf0-4170-b2ea-c9b74dbf2dcb/26.json",
    "/Users/zhangxi/code/RL/nn-dataset/ab/nn/stat/train/img-classification_cifar-10_acc_UNet2D-5c9cad65-7bf0-4170-b2ea-c9b74dbf2dcb/27.json",
    "/Users/zhangxi/code/RL/nn-dataset/ab/nn/stat/train/img-classification_cifar-10_acc_UNet2D-5c9cad65-7bf0-4170-b2ea-c9b74dbf2dcb/28.json",
    "/Users/zhangxi/code/RL/nn-dataset/ab/nn/stat/train/img-classification_cifar-10_acc_UNet2D-5c9cad65-7bf0-4170-b2ea-c9b74dbf2dcb/29.json",
    "/Users/zhangxi/code/RL/nn-dataset/ab/nn/stat/train/img-classification_cifar-10_acc_UNet2D-5c9cad65-7bf0-4170-b2ea-c9b74dbf2dcb/3.json",
    "/Users/zhangxi/code/RL/nn-dataset/ab/nn/stat/train/img-classification_cifar-10_acc_UNet2D-5c9cad65-7bf0-4170-b2ea-c9b74dbf2dcb/30.json",
    "/Users/zhangxi/code/RL/nn-dataset/ab/nn/stat/train/img-classification_cifar-10_acc_UNet2D-5c9cad65-7bf0-4170-b2ea-c9b74dbf2dcb/31.json",
    "/Users/zhangxi/code/RL/nn-dataset/ab/nn/stat/train/img-classification_cifar-10_acc_UNet2D-5c9cad65-7bf0-4170-b2ea-c9b74dbf2dcb/32.json",
    "/Users/zhangxi/code/RL/nn-dataset/ab/nn/stat/train/img-classification_cifar-10_acc_UNet2D-5c9cad65-7bf0-4170-b2ea-c9b74dbf2dcb/33.json",
    "/Users/zhangxi/code/RL/nn-dataset/ab/nn/stat/train/img-classification_cifar-10_acc_UNet2D-5c9cad65-7bf0-4170-b2ea-c9b74dbf2dcb/34.json",
    "/Users/zhangxi/code/RL/nn-dataset/ab/nn/stat/train/img-classification_cifar-10_acc_UNet2D-5c9cad65-7bf0-4170-b2ea-c9b74dbf2dcb/35.json",
    "/Users/zhangxi/code/RL/nn-dataset/ab/nn/stat/train/img-classification_cifar-10_acc_UNet2D-5c9cad65-7bf0-4170-b2ea-c9b74dbf2dcb/36.json",
    "/Users/zhangxi/code/RL/nn-dataset/ab/nn/stat/train/img-classification_cifar-10_acc_UNet2D-5c9cad65-7bf0-4170-b2ea-c9b74dbf2dcb/37.json",
    "/Users/zhangxi/code/RL/nn-dataset/ab/nn/stat/train/img-classification_cifar-10_acc_UNet2D-5c9cad65-7bf0-4170-b2ea-c9b74dbf2dcb/38.json",
    "/Users/zhangxi/code/RL/nn-dataset/ab/nn/stat/train/img-classification_cifar-10_acc_UNet2D-5c9cad65-7bf0-4170-b2ea-c9b74dbf2dcb/39.json",
    "/Users/zhangxi/code/RL/nn-dataset/ab/nn/stat/train/img-classification_cifar-10_acc_UNet2D-5c9cad65-7bf0-4170-b2ea-c9b74dbf2dcb/4.json",
    "/Users/zhangxi/code/RL/nn-dataset/ab/nn/stat/train/img-classification_cifar-10_acc_UNet2D-5c9cad65-7bf0-4170-b2ea-c9b74dbf2dcb/40.json",
    "/Users/zhangxi/code/RL/nn-dataset/ab/nn/stat/train/img-classification_cifar-10_acc_UNet2D-5c9cad65-7bf0-4170-b2ea-c9b74dbf2dcb/41.json",
    "/Users/zhangxi/code/RL/nn-dataset/ab/nn/stat/train/img-classification_cifar-10_acc_UNet2D-5c9cad65-7bf0-4170-b2ea-c9b74dbf2dcb/42.json",
    "/Users/zhangxi/code/RL/nn-dataset/ab/nn/stat/train/img-classification_cifar-10_acc_UNet2D-5c9cad65-7bf0-4170-b2ea-c9b74dbf2dcb/43.json",
    "/Users/zhangxi/code/RL/nn-dataset/ab/nn/stat/train/img-classification_cifar-10_acc_UNet2D-5c9cad65-7bf0-4170-b2ea-c9b74dbf2dcb/44.json",
    "/Users/zhangxi/code/RL/nn-dataset/ab/nn/stat/train/img-classification_cifar-10_acc_UNet2D-5c9cad65-7bf0-4170-b2ea-c9b74dbf2dcb/45.json",
    "/Users/zhangxi/code/RL/nn-dataset/ab/nn/stat/train/img-classification_cifar-10_acc_UNet2D-5c9cad65-7bf0-4170-b2ea-c9b74dbf2dcb/46.json",
    "/Users/zhangxi/code/RL/nn-dataset/ab/nn/stat/train/img-classification_cifar-10_acc_UNet2D-5c9cad65-7bf0-4170-b2ea-c9b74dbf2dcb/47.json",
    "/Users/zhangxi/code/RL/nn-dataset/ab/nn/stat/train/img-classification_cifar-10_acc_UNet2D-5c9cad65-7bf0-4170-b2ea-c9b74dbf2dcb/48.json",
    "/Users/zhangxi/code/RL/nn-dataset/ab/nn/stat/train/img-classification_cifar-10_acc_UNet2D-5c9cad65-7bf0-4170-b2ea-c9b74dbf2dcb/49.json",
    "/Users/zhangxi/code/RL/nn-dataset/ab/nn/stat/train/img-classification_cifar-10_acc_UNet2D-5c9cad65-7bf0-4170-b2ea-c9b74dbf2dcb/5.json",
    "/Users/zhangxi/code/RL/nn-dataset/ab/nn/stat/train/img-classification_cifar-10_acc_UNet2D-5c9cad65-7bf0-4170-b2ea-c9b74dbf2dcb/50.json",
    "/Users/zhangxi/code/RL/nn-dataset/ab/nn/stat/train/img-classification_cifar-10_acc_UNet2D-5c9cad65-7bf0-4170-b2ea-c9b74dbf2dcb/6.json",
    "/Users/zhangxi/code/RL/nn-dataset/ab/nn/stat/train/img-classification_cifar-10_acc_UNet2D-5c9cad65-7bf0-4170-b2ea-c9b74dbf2dcb/7.json",
    "/Users/zhangxi/code/RL/nn-dataset/ab/nn/stat/train/img-classification_cifar-10_acc_UNet2D-5c9cad65-7bf0-4170-b2ea-c9b74dbf2dcb/8.json",
    "/Users/zhangxi/code/RL/nn-dataset/ab/nn/stat/train/img-classification_cifar-10_acc_UNet2D-5c9cad65-7bf0-4170-b2ea-c9b74dbf2dcb/9.json",
    "/Users/zhangxi/code/RL/nn-dataset/ab/nn/stat/train/img-classification_cifar-10_acc_alt-125cca7a3785c8afdb140550661e03e5/1.json",
    "/Users/zhangxi/code/RL/nn-dataset/ab/nn/stat/train/img-classification_cifar-10_acc_alt-5c55448ecc4f9b5587a48a345f6d65f2/3.json",
    "/Users/zhangxi/code/RL/nn-dataset/ab/nn/stat/train/img-classification_cifar-10_acc_alt-65a068f9f73886b2a5cf010d8d2eff70/1.json",
    "/Users/zhangxi/code/RL/nn-dataset/ab/nn/stat/train/img-classification_cifar-10_acc_alt-69ad6528846c732de01170a3e00d8948/2.json",
    "/Users/zhangxi/code/RL/nn-dataset/ab/nn/stat/train/img-classification_cifar-10_acc_alt-7dc0137995cf75c0cf0b818eec6f9c09/1.json",
    "/Users/zhangxi/code/RL/nn-dataset/ab/nn/stat/train/img-classification_cifar-10_acc_alt-7dc0137995cf75c0cf0b818eec6f9c09/2.json",
    "/Users/zhangxi/code/RL/nn-dataset/ab/nn/stat/train/img-classification_cifar-10_acc_alt-7dc0137995cf75c0cf0b818eec6f9c09/3.json",
    "/Users/zhangxi/code/RL/nn-dataset/ab/nn/stat/train/img-classification_cifar-10_acc_alt-7dc0137995cf75c0cf0b818eec6f9c09/4.json",
    "/Users/zhangxi/code/RL/nn-dataset/ab/nn/stat/train/img-classification_cifar-10_acc_alt-7dc0137995cf75c0cf0b818eec6f9c09/5.json",
    "/Users/zhangxi/code/RL/nn-dataset/ab/nn/stat/train/img-classification_cifar-10_acc_alt-af40236abc0d7f24eb9a65fd5c07cd6b/1.json",
    "/Users/zhangxi/code/RL/nn-dataset/ab/nn/stat/train/img-classification_cifar-10_acc_alt-cb107cc689dd1889024a33056a4b5709/1.json",
    "/Users/zhangxi/code/RL/nn-dataset/ab/nn/stat/train/img-classification_cifar-10_acc_alt-cb107cc689dd1889024a33056a4b5709/2.json",
    "/Users/zhangxi/code/RL/nn-dataset/ab/nn/stat/train/img-classification_cifar-10_acc_alt-cb107cc689dd1889024a33056a4b5709/3.json",
    "/Users/zhangxi/code/RL/nn-dataset/ab/nn/stat/train/img-classification_cifar-10_acc_alt-cb107cc689dd1889024a33056a4b5709/4.json",
    "/Users/zhangxi/code/RL/nn-dataset/ab/nn/stat/train/img-classification_cifar-10_acc_alt-cb107cc689dd1889024a33056a4b5709/5.json",
    "/Users/zhangxi/code/RL/nn-dataset/ab/nn/stat/train/img-classification_cifar-10_acc_alt-cddfb3c0fa3305ebcba84697160f4df3/1.json",
    "/Users/zhangxi/code/RL/nn-dataset/ab/nn/stat/train/img-classification_cifar-10_acc_alt-ec45b210ab77932c4c6415092301790b/2.json",
    "/Users/zhangxi/code/RL/nn-dataset/ab/nn/stat/train/img-classification_cifar-10_acc_alt-f14cb9735744edfd0d1b6c0c2277c6c2/1.json",
    "/Users/zhangxi/code/RL/nn-dataset/ab/nn/stat/train/img-classification_cifar-10_acc_alt-f3d5f7c84744cdd0e6d62f5d4d954887/1.json",
    "/Users/zhangxi/code/RL/nn-dataset/ab/nn/stat/train/img-classification_cifar-10_acc_alt-nn1-2fba25f75ee6a62601c12477c939e5b6/1.json",
    "/Users/zhangxi/code/RL/nn-dataset/ab/nn/stat/train/img-classification_cifar-10_acc_alt-nn1-4a9d0c966a1bd6f4460744bfff987b4b/1.json",
    "/Users/zhangxi/code/RL/nn-dataset/ab/nn/stat/train/img-classification_cifar-10_acc_alt-nn1-51e6875c4d3cdc8aebac0d15f013854c/5.json",
    "/Users/zhangxi/code/RL/nn-dataset/ab/nn/stat/train/img-classification_cifar-10_acc_alt-nn1-61cd06462273c6be1df00f3d737aada8/1.json",
    "/Users/zhangxi/code/RL/nn-dataset/ab/nn/stat/train/img-classification_cifar-10_acc_alt-nn1-731c4d7b5242f0fe82ce9fb343842d39/1.json",
    "/Users/zhangxi/code/RL/nn-dataset/ab/nn/stat/train/img-classification_cifar-10_acc_alt-nn1-e73ab2c1c2021fe7ce9a7a09fdbda0be/3.json",
    "/Users/zhangxi/code/RL/nn-dataset/ab/nn/stat/train/img-classification_cifar-10_acc_alt-nn1-ffcdf6f736a72bce3de3537424e0e6be/4.json",
    "/Users/zhangxi/code/RL/nn-dataset/ab/nn/stat/train/img-classification_cifar-10_acc_alt-nn2-0f7b21a12205bba088f5fcf89534bca8/1.json",
    "/Users/zhangxi/code/RL/nn-dataset/ab/nn/stat/train/img-classification_cifar-10_acc_alt-nn2-697f0002249163c092e0f8a02bc1693b/1.json",
    "/Users/zhangxi/code/RL/nn-dataset/ab/nn/stat/train/img-classification_cifar-10_acc_alt-nn4-126353d9a7ed8e0841df1fdb73484508/1.json",
    "/Users/zhangxi/code/RL/nn-dataset/ab/nn/stat/train/img-classification_cifar-10_acc_alt-nn4-6607159a12b5f00ad7e70c996d3eb05f/1.json",
    "/Users/zhangxi/code/RL/nn-dataset/ab/nn/stat/train/img-classification_cifar-10_acc_alt-nn4-6607159a12b5f00ad7e70c996d3eb05f/2.json",
    "/Users/zhangxi/code/RL/nn-dataset/ab/nn/stat/train/img-classification_cifar-10_acc_alt-nn4-6607159a12b5f00ad7e70c996d3eb05f/3.json",
    "/Users/zhangxi/code/RL/nn-dataset/ab/nn/stat/train/img-classification_cifar-10_acc_alt-nn4-6607159a12b5f00ad7e70c996d3eb05f/4.json",
    "/Users/zhangxi/code/RL/nn-dataset/ab/nn/stat/train/img-classification_cifar-10_acc_alt-nn4-6607159a12b5f00ad7e70c996d3eb05f/5.json",
    "/Users/zhangxi/code/RL/nn-dataset/ab/nn/stat/train/img-classification_cifar-10_acc_alt-nn4-9574bb5289e34c0c0c70e5d34dfa3211/1.json",
    "/Users/zhangxi/code/RL/nn-dataset/ab/nn/stat/train/img-classification_cifar-10_acc_alt-nn4-9574bb5289e34c0c0c70e5d34dfa3211/2.json",
    "/Users/zhangxi/code/RL/nn-dataset/ab/nn/stat/train/img-classification_cifar-10_acc_alt-nn4-9574bb5289e34c0c0c70e5d34dfa3211/3.json",
    "/Users/zhangxi/code/RL/nn-dataset/ab/nn/stat/train/img-classification_cifar-10_acc_alt-nn4-9574bb5289e34c0c0c70e5d34dfa3211/4.json",
    "/Users/zhangxi/code/RL/nn-dataset/ab/nn/stat/train/img-classification_cifar-10_acc_alt-nn4-9574bb5289e34c0c0c70e5d34dfa3211/5.json",
    "/Users/zhangxi/code/RL/nn-dataset/ab/nn/stat/train/img-classification_cifar-10_acc_alt-nn5-07f07d5b724c94cd4770838fec0c0407/1.json",
    "/Users/zhangxi/code/RL/nn-dataset/ab/nn/stat/train/img-classification_cifar-10_acc_alt-nn5-07f07d5b724c94cd4770838fec0c0407/2.json",
    "/Users/zhangxi/code/RL/nn-dataset/ab/nn/stat/train/img-classification_cifar-10_acc_alt-nn5-07f07d5b724c94cd4770838fec0c0407/3.json",
    "/Users/zhangxi/code/RL/nn-dataset/ab/nn/stat/train/img-classification_cifar-10_acc_alt-nn5-07f07d5b724c94cd4770838fec0c0407/4.json",
    "/Users/zhangxi/code/RL/nn-dataset/ab/nn/stat/train/img-classification_cifar-10_acc_alt-nn5-07f07d5b724c94cd4770838fec0c0407/5.json",
    "/Users/zhangxi/code/RL/nn-dataset/ab/nn/stat/train/img-classification_cifar-10_acc_alt-nn5-d4a7874d49c6f814ad6352b27ad32dea/1.json",
    "/Users/zhangxi/code/RL/nn-dataset/ab/nn/stat/train/img-classification_cifar-10_acc_alt-nn5-d4a7874d49c6f814ad6352b27ad32dea/2.json",
    "/Users/zhangxi/code/RL/nn-dataset/ab/nn/stat/train/img-classification_cifar-10_acc_alt-nn5-d4a7874d49c6f814ad6352b27ad32dea/3.json",
    "/Users/zhangxi/code/RL/nn-dataset/ab/nn/stat/train/img-classification_cifar-10_acc_alt-nn5-d4a7874d49c6f814ad6352b27ad32dea/4.json",
    "/Users/zhangxi/code/RL/nn-dataset/ab/nn/stat/train/img-classification_cifar-10_acc_alt-nn5-d4a7874d49c6f814ad6352b27ad32dea/5.json",
    "/Users/zhangxi/code/RL/nn-dataset/ab/nn/stat/train/img-classification_cifar-10_acc_ast-activation-AlexNet-262ae49c2531e4efcd6ace20f5e1fb51/1.json",
    "/Users/zhangxi/code/RL/nn-dataset/ab/nn/stat/train/img-classification_cifar-10_acc_ast-activation-AlexNet-262ae49c2531e4efcd6ace20f5e1fb51/2.json",
    "/Users/zhangxi/code/RL/nn-dataset/ab/nn/stat/train/img-classification_cifar-10_acc_ast-activation-AlexNet-262ae49c2531e4efcd6ace20f5e1fb51/3.json",
    "/Users/zhangxi/code/RL/nn-dataset/ab/nn/stat/train/img-classification_cifar-10_acc_ast-activation-AlexNet-262ae49c2531e4efcd6ace20f5e1fb51/4.json",
    "/Users/zhangxi/code/RL/nn-dataset/ab/nn/stat/train/img-classification_cifar-10_acc_ast-activation-AlexNet-262ae49c2531e4efcd6ace20f5e1fb51/5.json",
    "/Users/zhangxi/code/RL/nn-dataset/ab/nn/stat/train/img-classification_cifar-10_acc_ast-dimension-AlexNet-00e3022272731eecdd9feb94c6b9a4e3/1.json",
    "/Users/zhangxi/code/RL/nn-dataset/ab/nn/stat/train/img-classification_cifar-10_acc_ast-dimension-AlexNet-0610687c960f4677456a9273a649859a/1.json",
    "/Users/zhangxi/code/RL/nn-dataset/ab/nn/stat/train/img-classification_cifar-10_acc_ast-dimension-AlexNet-184ad39ef4384de6788c62d58edc13a9/1.json",
    "/Users/zhangxi/code/RL/nn-dataset/ab/nn/stat/train/img-classification_cifar-10_acc_ast-dimension-AlexNet-18c11d989e4d8f6bf1fa14d69f232784/1.json",
    "/Users/zhangxi/code/RL/nn-dataset/ab/nn/stat/train/img-classification_cifar-10_acc_ast-dimension-AlexNet-1a23bf5c2555e7e77d44642750c671ab/1.json",
    "/Users/zhangxi/code/RL/nn-dataset/ab/nn/stat/train/img-classification_cifar-10_acc_ast-dimension-AlexNet-1d5f8f53fbd77d4a381259db0c273989/1.json",
    "/Users/zhangxi/code/RL/nn-dataset/ab/nn/stat/train/img-classification_cifar-10_acc_ast-dimension-AlexNet-1e0c4eb05b8e0fdc5daf947561e182ce/1.json",
    "/Users/zhangxi/code/RL/nn-dataset/ab/nn/stat/train/img-classification_cifar-10_acc_ast-dimension-AlexNet-23c87617b501b3716f80dd4691fc274a/1.json",
    "/Users/zhangxi/code/RL/nn-dataset/ab/nn/stat/train/img-classification_cifar-10_acc_ast-dimension-AlexNet-2cbe858ce42ba138c48dc7ef3003f5ab/1.json",
    "/Users/zhangxi/code/RL/nn-dataset/ab/nn/stat/train/img-classification_cifar-10_acc_ast-dimension-AlexNet-2cbe858ce42ba138c48dc7ef3003f5ab/2.json",
    "/Users/zhangxi/code/RL/nn-dataset/ab/nn/stat/train/img-classification_cifar-10_acc_ast-dimension-AlexNet-2f9402fff20595f4838fad6e93dda7ca/1.json",
    "/Users/zhangxi/code/RL/nn-dataset/ab/nn/stat/train/img-classification_cifar-10_acc_ast-dimension-AlexNet-2f9402fff20595f4838fad6e93dda7ca/2.json",
    "/Users/zhangxi/code/RL/nn-dataset/ab/nn/stat/train/img-classification_cifar-10_acc_ast-dimension-AlexNet-2f9402fff20595f4838fad6e93dda7ca/3.json",
    "/Users/zhangxi/code/RL/nn-dataset/ab/nn/stat/train/img-classification_cifar-10_acc_ast-dimension-AlexNet-2f9402fff20595f4838fad6e93dda7ca/4.json",
    "/Users/zhangxi/code/RL/nn-dataset/ab/nn/stat/train/img-classification_cifar-10_acc_ast-dimension-AlexNet-2f9402fff20595f4838fad6e93dda7ca/5.json",
    "/Users/zhangxi/code/RL/nn-dataset/ab/nn/stat/train/img-classification_cifar-10_acc_ast-dimension-AlexNet-32bfa8bae4b3c74be79fd859c908560d/1.json",
    "/Users/zhangxi/code/RL/nn-dataset/ab/nn/stat/train/img-classification_cifar-10_acc_ast-dimension-AlexNet-36cc274b69bfb380c0b546fce3360691/1.json",
    "/Users/zhangxi/code/RL/nn-dataset/ab/nn/stat/train/img-classification_cifar-10_acc_ast-dimension-AlexNet-37b7049ef2c0e4ce53e136b407b68caf/1.json",
    "/Users/zhangxi/code/RL/nn-dataset/ab/nn/stat/train/img-classification_cifar-10_acc_ast-dimension-AlexNet-39d9180817dfd11a2826db1bafdc87f7/1.json",
    "/Users/zhangxi/code/RL/nn-dataset/ab/nn/stat/train/img-classification_cifar-10_acc_ast-dimension-AlexNet-3fc7d1558a7bb2370247079adbce21c5/1.json",
    "/Users/zhangxi/code/RL/nn-dataset/ab/nn/stat/train/img-classification_cifar-10_acc_ast-dimension-AlexNet-533f8eca1ae8c1cdfa80b6876ae1ac1e/2.json",
    "/Users/zhangxi/code/RL/nn-dataset/ab/nn/stat/train/img-classification_cifar-10_acc_ast-dimension-AlexNet-5882ef2bed55868493ab7555668c58c5/1.json",
    "/Users/zhangxi/code/RL/nn-dataset/ab/nn/stat/train/img-classification_cifar-10_acc_ast-dimension-AlexNet-5882ef2bed55868493ab7555668c58c5/2.json",
    "/Users/zhangxi/code/RL/nn-dataset/ab/nn/stat/train/img-classification_cifar-10_acc_ast-dimension-AlexNet-5882ef2bed55868493ab7555668c58c5/3.json",
    "/Users/zhangxi/code/RL/nn-dataset/ab/nn/stat/train/img-classification_cifar-10_acc_ast-dimension-AlexNet-5882ef2bed55868493ab7555668c58c5/4.json",
    "/Users/zhangxi/code/RL/nn-dataset/ab/nn/stat/train/img-classification_cifar-10_acc_ast-dimension-AlexNet-5882ef2bed55868493ab7555668c58c5/5.json",
    "/Users/zhangxi/code/RL/nn-dataset/ab/nn/stat/train/img-classification_cifar-10_acc_ast-dimension-AlexNet-5a9116035a8ec652ec7c84a459ac8cb3/1.json",
    "/Users/zhangxi/code/RL/nn-dataset/ab/nn/stat/train/img-classification_cifar-10_acc_ast-dimension-AlexNet-5a9116035a8ec652ec7c84a459ac8cb3/2.json",
    "/Users/zhangxi/code/RL/nn-dataset/ab/nn/stat/train/img-classification_cifar-10_acc_ast-dimension-AlexNet-5a9116035a8ec652ec7c84a459ac8cb3/3.json",
    "/Users/zhangxi/code/RL/nn-dataset/ab/nn/stat/train/img-classification_cifar-10_acc_ast-dimension-AlexNet-5a9116035a8ec652ec7c84a459ac8cb3/4.json",
    "/Users/zhangxi/code/RL/nn-dataset/ab/nn/stat/train/img-classification_cifar-10_acc_ast-dimension-AlexNet-5a9116035a8ec652ec7c84a459ac8cb3/5.json",
    "/Users/zhangxi/code/RL/nn-dataset/ab/nn/stat/train/img-classification_cifar-10_acc_ast-dimension-AlexNet-5e0a750e35dbf5ff88fa389a612d8e62/1.json",
    "/Users/zhangxi/code/RL/nn-dataset/ab/nn/stat/train/img-classification_cifar-10_acc_ast-dimension-AlexNet-5e0a750e35dbf5ff88fa389a612d8e62/2.json",
    "/Users/zhangxi/code/RL/nn-dataset/ab/nn/stat/train/img-classification_cifar-10_acc_ast-dimension-AlexNet-5e0a750e35dbf5ff88fa389a612d8e62/3.json",
    "/Users/zhangxi/code/RL/nn-dataset/ab/nn/stat/train/img-classification_cifar-10_acc_ast-dimension-AlexNet-5e0a750e35dbf5ff88fa389a612d8e62/4.json",
    "/Users/zhangxi/code/RL/nn-dataset/ab/nn/stat/train/img-classification_cifar-10_acc_ast-dimension-AlexNet-5e0a750e35dbf5ff88fa389a612d8e62/5.json",
    "/Users/zhangxi/code/RL/nn-dataset/ab/nn/stat/train/img-classification_cifar-10_acc_ast-dimension-AlexNet-60761a2ad5df3e01fef837b4b61fc458/1.json",
    "/Users/zhangxi/code/RL/nn-dataset/ab/nn/stat/train/img-classification_cifar-10_acc_ast-dimension-AlexNet-69c9f473dab5bb58bd970f378757615d/1.json",
    "/Users/zhangxi/code/RL/nn-dataset/ab/nn/stat/train/img-classification_cifar-10_acc_ast-dimension-AlexNet-7cc9e7df7cbfb8fd727b27935034c8af/1.json",
    "/Users/zhangxi/code/RL/nn-dataset/ab/nn/stat/train/img-classification_cifar-10_acc_ast-dimension-AlexNet-7cc9e7df7cbfb8fd727b27935034c8af/2.json",
    "/Users/zhangxi/code/RL/nn-dataset/ab/nn/stat/train/img-classification_cifar-10_acc_ast-dimension-AlexNet-7cc9e7df7cbfb8fd727b27935034c8af/3.json",
    "/Users/zhangxi/code/RL/nn-dataset/ab/nn/stat/train/img-classification_cifar-10_acc_ast-dimension-AlexNet-7cc9e7df7cbfb8fd727b27935034c8af/4.json",
    "/Users/zhangxi/code/RL/nn-dataset/ab/nn/stat/train/img-classification_cifar-10_acc_ast-dimension-AlexNet-7cc9e7df7cbfb8fd727b27935034c8af/5.json",
    "/Users/zhangxi/code/RL/nn-dataset/ab/nn/stat/train/img-classification_cifar-10_acc_ast-dimension-AlexNet-7ea45fc8ae7b334769d39b3107761631/5.json",
    "/Users/zhangxi/code/RL/nn-dataset/ab/nn/stat/train/img-classification_cifar-10_acc_ast-dimension-AlexNet-812ffd338e6fbce79f3e7891ab473a70/3.json",
    "/Users/zhangxi/code/RL/nn-dataset/ab/nn/stat/train/img-classification_cifar-10_acc_ast-dimension-AlexNet-86a6917ea220c9e1f6f87861fb1343bb/1.json",
    "/Users/zhangxi/code/RL/nn-dataset/ab/nn/stat/train/img-classification_cifar-10_acc_ast-dimension-AlexNet-96b743af3d4d5c0694ab9999dee47c63/1.json",
    "/Users/zhangxi/code/RL/nn-dataset/ab/nn/stat/train/img-classification_cifar-10_acc_ast-dimension-AlexNet-96f75d3103f2beb4c22c0a4bdc4a0356/1.json",
    "/Users/zhangxi/code/RL/nn-dataset/ab/nn/stat/train/img-classification_cifar-10_acc_ast-dimension-AlexNet-9ef908ac7258220281f9b33b01863e8e/3.json",
    "/Users/zhangxi/code/RL/nn-dataset/ab/nn/stat/train/img-classification_cifar-10_acc_ast-dimension-AlexNet-b5e84738aa490401f949ccb84b8f61e8/1.json",
    "/Users/zhangxi/code/RL/nn-dataset/ab/nn/stat/train/img-classification_cifar-10_acc_ast-dimension-AlexNet-d05c8177182472f06dce863d91a7a4d8/1.json",
    "/Users/zhangxi/code/RL/nn-dataset/ab/nn/stat/train/img-classification_cifar-10_acc_ast-dimension-AlexNet-d05c8177182472f06dce863d91a7a4d8/2.json",
    "/Users/zhangxi/code/RL/nn-dataset/ab/nn/stat/train/img-classification_cifar-10_acc_ast-dimension-AlexNet-d05c8177182472f06dce863d91a7a4d8/3.json",
    "/Users/zhangxi/code/RL/nn-dataset/ab/nn/stat/train/img-classification_cifar-10_acc_ast-dimension-AlexNet-d05c8177182472f06dce863d91a7a4d8/4.json",
    "/Users/zhangxi/code/RL/nn-dataset/ab/nn/stat/train/img-classification_cifar-10_acc_ast-dimension-AlexNet-d05c8177182472f06dce863d91a7a4d8/5.json",
    "/Users/zhangxi/code/RL/nn-dataset/ab/nn/stat/train/img-classification_cifar-10_acc_ast-dimension-AlexNet-d382db0b0046f2e5e51095f1a75cb9c2/1.json",
    "/Users/zhangxi/code/RL/nn-dataset/ab/nn/stat/train/img-classification_cifar-10_acc_ast-dimension-AlexNet-d812ac57027f7b83b6bcc00bc6920fa0/1.json",
    "/Users/zhangxi/code/RL/nn-dataset/ab/nn/stat/train/img-classification_cifar-10_acc_ast-dimension-AlexNet-dfd68637eceb623914a4c044216f0268/1.json",
    "/Users/zhangxi/code/RL/nn-dataset/ab/nn/stat/train/img-classification_cifar-10_acc_ast-dimension-AlexNet-e0ce3c4d376fcda9fb3bc1c338f71247/4.json",
    "/Users/zhangxi/code/RL/nn-dataset/ab/nn/stat/train/img-classification_cifar-10_acc_ast-dimension-AlexNet-ec9fdf6fda694d4c7baf6a0aad073267/3.json",
    "/Users/zhangxi/code/RL/nn-dataset/ab/nn/stat/train/img-classification_cifar-10_acc_ast-dimension-AlexNet-ed91928098572dcb804fb5962852fb08/3.json",
    "/Users/zhangxi/code/RL/nn-dataset/ab/nn/stat/train/img-classification_cifar-10_acc_ast-dimension-AlexNet-edef9466619e871f49a3bef74d065b1e/1.json",
    "/Users/zhangxi/code/RL/nn-dataset/ab/nn/stat/train/img-classification_cifar-10_acc_ast-dimension-AlexNet-ee3caffde18d8b317d9086fa7d490f11/1.json",
    "/Users/zhangxi/code/RL/nn-dataset/ab/nn/stat/train/img-classification_cifar-10_acc_ast-dimension-AlexNet-f01360d46a6a96477a115f8976b39303/4.json",
    "/Users/zhangxi/code/RL/nn-dataset/ab/nn/stat/train/img-classification_cifar-10_acc_ast-dimension-AlexNet-f2c6e94b36ef0336a1c9891fa4703dfd/5.json",
    "/Users/zhangxi/code/RL/nn-dataset/ab/nn/stat/train/img-classification_cifar-10_acc_ast-dimension-AlexNet-f437460dbf7d395a463e757a53499cab/3.json",
    "/Users/zhangxi/code/RL/nn-dataset/ab/nn/stat/train/img-classification_cifar-10_acc_ast-dimension-AlexNet-fb07d219a8e9a84abc6d0b536811b16e/2.json",
    "/Users/zhangxi/code/RL/nn-dataset/ab/nn/stat/train/img-classification_cifar-10_acc_ga-1004/5.json",
    "/Users/zhangxi/code/RL/nn-dataset/ab/nn/stat/train/img-classification_cifar-10_acc_ga-1009/1.json",
    "/Users/zhangxi/code/RL/nn-dataset/ab/nn/stat/train/img-classification_cifar-10_acc_ga-1009/2.json",
    "/Users/zhangxi/code/RL/nn-dataset/ab/nn/stat/train/img-classification_cifar-10_acc_ga-1009/3.json",
    "/Users/zhangxi/code/RL/nn-dataset/ab/nn/stat/train/img-classification_cifar-10_acc_ga-1009/4.json",
    "/Users/zhangxi/code/RL/nn-dataset/ab/nn/stat/train/img-classification_cifar-10_acc_ga-1009/5.json",
    "/Users/zhangxi/code/RL/nn-dataset/ab/nn/stat/train/img-classification_cifar-10_acc_ga-103/1.json",
    "/Users/zhangxi/code/RL/nn-dataset/ab/nn/stat/train/img-classification_cifar-10_acc_ga-103/2.json",
    "/Users/zhangxi/code/RL/nn-dataset/ab/nn/stat/train/img-classification_cifar-10_acc_ga-103/3.json",
    "/Users/zhangxi/code/RL/nn-dataset/ab/nn/stat/train/img-classification_cifar-10_acc_ga-103/4.json",
    "/Users/zhangxi/code/RL/nn-dataset/ab/nn/stat/train/img-classification_cifar-10_acc_ga-103/5.json",
    "/Users/zhangxi/code/RL/nn-dataset/ab/nn/stat/train/img-classification_cifar-10_acc_ga-107/2.json",
    "/Users/zhangxi/code/RL/nn-dataset/ab/nn/stat/train/img-classification_cifar-10_acc_ga-145/3.json",
    "/Users/zhangxi/code/RL/nn-dataset/ab/nn/stat/train/img-classification_cifar-10_acc_ga-152/4.json",
    "/Users/zhangxi/code/RL/nn-dataset/ab/nn/stat/train/img-classification_cifar-10_acc_ga-168/1.json",
    "/Users/zhangxi/code/RL/nn-dataset/ab/nn/stat/train/img-classification_cifar-10_acc_ga-203/1.json",
    "/Users/zhangxi/code/RL/nn-dataset/ab/nn/stat/train/img-classification_cifar-10_acc_ga-215/1.json",
    "/Users/zhangxi/code/RL/nn-dataset/ab/nn/stat/train/img-classification_cifar-10_acc_ga-231/1.json",
    "/Users/zhangxi/code/RL/nn-dataset/ab/nn/stat/train/img-classification_cifar-10_acc_ga-231/2.json",
    "/Users/zhangxi/code/RL/nn-dataset/ab/nn/stat/train/img-classification_cifar-10_acc_ga-231/3.json",
    "/Users/zhangxi/code/RL/nn-dataset/ab/nn/stat/train/img-classification_cifar-10_acc_ga-231/4.json",
    "/Users/zhangxi/code/RL/nn-dataset/ab/nn/stat/train/img-classification_cifar-10_acc_ga-231/5.json",
    "/Users/zhangxi/code/RL/nn-dataset/ab/nn/stat/train/img-classification_cifar-10_acc_ga-286/5.json",
    "/Users/zhangxi/code/RL/nn-dataset/ab/nn/stat/train/img-classification_cifar-10_acc_ga-314/1.json",
    "/Users/zhangxi/code/RL/nn-dataset/ab/nn/stat/train/img-classification_cifar-10_acc_ga-356/4.json",
    "/Users/zhangxi/code/RL/nn-dataset/ab/nn/stat/train/img-classification_cifar-10_acc_ga-358/3.json",
    "/Users/zhangxi/code/RL/nn-dataset/ab/nn/stat/train/img-classification_cifar-10_acc_ga-373/1.json",
    "/Users/zhangxi/code/RL/nn-dataset/ab/nn/stat/train/img-classification_cifar-10_acc_ga-38/5.json",
    "/Users/zhangxi/code/RL/nn-dataset/ab/nn/stat/train/img-classification_cifar-10_acc_ga-382/1.json",
    "/Users/zhangxi/code/RL/nn-dataset/ab/nn/stat/train/img-classification_cifar-10_acc_ga-382/2.json",
    "/Users/zhangxi/code/RL/nn-dataset/ab/nn/stat/train/img-classification_cifar-10_acc_ga-382/3.json",
    "/Users/zhangxi/code/RL/nn-dataset/ab/nn/stat/train/img-classification_cifar-10_acc_ga-382/4.json",
    "/Users/zhangxi/code/RL/nn-dataset/ab/nn/stat/train/img-classification_cifar-10_acc_ga-382/5.json",
    "/Users/zhangxi/code/RL/nn-dataset/ab/nn/stat/train/img-classification_cifar-10_acc_ga-398/1.json",
    "/Users/zhangxi/code/RL/nn-dataset/ab/nn/stat/train/img-classification_cifar-10_acc_ga-398/5.json",
    "/Users/zhangxi/code/RL/nn-dataset/ab/nn/stat/train/img-classification_cifar-10_acc_ga-416/3.json",
    "/Users/zhangxi/code/RL/nn-dataset/ab/nn/stat/train/img-classification_cifar-10_acc_ga-439/1.json",
    "/Users/zhangxi/code/RL/nn-dataset/ab/nn/stat/train/img-classification_cifar-10_acc_ga-461/1.json",
    "/Users/zhangxi/code/RL/nn-dataset/ab/nn/stat/train/img-classification_cifar-10_acc_ga-465/3.json",
    "/Users/zhangxi/code/RL/nn-dataset/ab/nn/stat/train/img-classification_cifar-10_acc_ga-479/5.json",
    "/Users/zhangxi/code/RL/nn-dataset/ab/nn/stat/train/img-classification_cifar-10_acc_ga-48/2.json",
    "/Users/zhangxi/code/RL/nn-dataset/ab/nn/stat/train/img-classification_cifar-10_acc_ga-484/3.json",
    "/Users/zhangxi/code/RL/nn-dataset/ab/nn/stat/train/img-classification_cifar-10_acc_ga-501/3.json",
    "/Users/zhangxi/code/RL/nn-dataset/ab/nn/stat/train/img-classification_cifar-10_acc_ga-543/1.json",
    "/Users/zhangxi/code/RL/nn-dataset/ab/nn/stat/train/img-classification_cifar-10_acc_ga-543/2.json",
    "/Users/zhangxi/code/RL/nn-dataset/ab/nn/stat/train/img-classification_cifar-10_acc_ga-543/3.json",
    "/Users/zhangxi/code/RL/nn-dataset/ab/nn/stat/train/img-classification_cifar-10_acc_ga-543/4.json",
    "/Users/zhangxi/code/RL/nn-dataset/ab/nn/stat/train/img-classification_cifar-10_acc_ga-543/5.json",
    "/Users/zhangxi/code/RL/nn-dataset/ab/nn/stat/train/img-classification_cifar-10_acc_ga-554/1.json",
    "/Users/zhangxi/code/RL/nn-dataset/ab/nn/stat/train/img-classification_cifar-10_acc_ga-554/2.json",
    "/Users/zhangxi/code/RL/nn-dataset/ab/nn/stat/train/img-classification_cifar-10_acc_ga-554/3.json",
    "/Users/zhangxi/code/RL/nn-dataset/ab/nn/stat/train/img-classification_cifar-10_acc_ga-554/4.json",
    "/Users/zhangxi/code/RL/nn-dataset/ab/nn/stat/train/img-classification_cifar-10_acc_ga-554/5.json",
    "/Users/zhangxi/code/RL/nn-dataset/ab/nn/stat/train/img-classification_cifar-10_acc_ga-559/3.json",
    "/Users/zhangxi/code/RL/nn-dataset/ab/nn/stat/train/img-classification_cifar-10_acc_ga-562/5.json",
    "/Users/zhangxi/code/RL/nn-dataset/ab/nn/stat/train/img-classification_cifar-10_acc_ga-579/2.json",
    "/Users/zhangxi/code/RL/nn-dataset/ab/nn/stat/train/img-classification_cifar-10_acc_ga-585/1.json",
    "/Users/zhangxi/code/RL/nn-dataset/ab/nn/stat/train/img-classification_cifar-10_acc_ga-585/2.json",
    "/Users/zhangxi/code/RL/nn-dataset/ab/nn/stat/train/img-classification_cifar-10_acc_ga-585/3.json",
    "/Users/zhangxi/code/RL/nn-dataset/ab/nn/stat/train/img-classification_cifar-10_acc_ga-585/4.json",
    "/Users/zhangxi/code/RL/nn-dataset/ab/nn/stat/train/img-classification_cifar-10_acc_ga-585/5.json",
    "/Users/zhangxi/code/RL/nn-dataset/ab/nn/stat/train/img-classification_cifar-10_acc_ga-617/3.json",
    "/Users/zhangxi/code/RL/nn-dataset/ab/nn/stat/train/img-classification_cifar-10_acc_ga-627/2.json",
    "/Users/zhangxi/code/RL/nn-dataset/ab/nn/stat/train/img-classification_cifar-10_acc_ga-632/1.json",
    "/Users/zhangxi/code/RL/nn-dataset/ab/nn/stat/train/img-classification_cifar-10_acc_ga-637/1.json",
    "/Users/zhangxi/code/RL/nn-dataset/ab/nn/stat/train/img-classification_cifar-10_acc_ga-637/2.json",
    "/Users/zhangxi/code/RL/nn-dataset/ab/nn/stat/train/img-classification_cifar-10_acc_ga-637/3.json",
    "/Users/zhangxi/code/RL/nn-dataset/ab/nn/stat/train/img-classification_cifar-10_acc_ga-637/4.json",
    "/Users/zhangxi/code/RL/nn-dataset/ab/nn/stat/train/img-classification_cifar-10_acc_ga-637/5.json",
    "/Users/zhangxi/code/RL/nn-dataset/ab/nn/stat/train/img-classification_cifar-10_acc_ga-640/1.json",
    "/Users/zhangxi/code/RL/nn-dataset/ab/nn/stat/train/img-classification_cifar-10_acc_ga-640/2.json",
    "/Users/zhangxi/code/RL/nn-dataset/ab/nn/stat/train/img-classification_cifar-10_acc_ga-640/3.json",
    "/Users/zhangxi/code/RL/nn-dataset/ab/nn/stat/train/img-classification_cifar-10_acc_ga-640/4.json",
    "/Users/zhangxi/code/RL/nn-dataset/ab/nn/stat/train/img-classification_cifar-10_acc_ga-640/5.json",
    "/Users/zhangxi/code/RL/nn-dataset/ab/nn/stat/train/img-classification_cifar-10_acc_ga-652/3.json",
    "/Users/zhangxi/code/RL/nn-dataset/ab/nn/stat/train/img-classification_cifar-10_acc_ga-652/4.json",
    "/Users/zhangxi/code/RL/nn-dataset/ab/nn/stat/train/img-classification_cifar-10_acc_ga-673/1.json",
    "/Users/zhangxi/code/RL/nn-dataset/ab/nn/stat/train/img-classification_cifar-10_acc_ga-7/2.json",
    "/Users/zhangxi/code/RL/nn-dataset/ab/nn/stat/train/img-classification_cifar-10_acc_ga-708/1.json",
    "/Users/zhangxi/code/RL/nn-dataset/ab/nn/stat/train/img-classification_cifar-10_acc_ga-722/5.json",
    "/Users/zhangxi/code/RL/nn-dataset/ab/nn/stat/train/img-classification_cifar-10_acc_ga-777/1.json",
    "/Users/zhangxi/code/RL/nn-dataset/ab/nn/stat/train/img-classification_cifar-10_acc_ga-777/2.json",
    "/Users/zhangxi/code/RL/nn-dataset/ab/nn/stat/train/img-classification_cifar-10_acc_ga-777/3.json",
    "/Users/zhangxi/code/RL/nn-dataset/ab/nn/stat/train/img-classification_cifar-10_acc_ga-777/4.json",
    "/Users/zhangxi/code/RL/nn-dataset/ab/nn/stat/train/img-classification_cifar-10_acc_ga-777/5.json",
    "/Users/zhangxi/code/RL/nn-dataset/ab/nn/stat/train/img-classification_cifar-10_acc_ga-778/1.json",
    "/Users/zhangxi/code/RL/nn-dataset/ab/nn/stat/train/img-classification_cifar-10_acc_ga-778/2.json",
    "/Users/zhangxi/code/RL/nn-dataset/ab/nn/stat/train/img-classification_cifar-10_acc_ga-778/3.json",
    "/Users/zhangxi/code/RL/nn-dataset/ab/nn/stat/train/img-classification_cifar-10_acc_ga-778/4.json",
    "/Users/zhangxi/code/RL/nn-dataset/ab/nn/stat/train/img-classification_cifar-10_acc_ga-778/5.json",
    "/Users/zhangxi/code/RL/nn-dataset/ab/nn/stat/train/img-classification_cifar-10_acc_ga-787/2.json",
    "/Users/zhangxi/code/RL/nn-dataset/ab/nn/stat/train/img-classification_cifar-10_acc_ga-815/3.json",
    "/Users/zhangxi/code/RL/nn-dataset/ab/nn/stat/train/img-classification_cifar-10_acc_ga-816/1.json",
    "/Users/zhangxi/code/RL/nn-dataset/ab/nn/stat/train/img-classification_cifar-10_acc_ga-819/1.json",
    "/Users/zhangxi/code/RL/nn-dataset/ab/nn/stat/train/img-classification_cifar-10_acc_ga-819/2.json",
    "/Users/zhangxi/code/RL/nn-dataset/ab/nn/stat/train/img-classification_cifar-10_acc_ga-819/3.json",
    "/Users/zhangxi/code/RL/nn-dataset/ab/nn/stat/train/img-classification_cifar-10_acc_ga-819/4.json",
    "/Users/zhangxi/code/RL/nn-dataset/ab/nn/stat/train/img-classification_cifar-10_acc_ga-819/5.json",
    "/Users/zhangxi/code/RL/nn-dataset/ab/nn/stat/train/img-classification_cifar-10_acc_ga-824/2.json",
    "/Users/zhangxi/code/RL/nn-dataset/ab/nn/stat/train/img-classification_cifar-10_acc_ga-836/1.json",
    "/Users/zhangxi/code/RL/nn-dataset/ab/nn/stat/train/img-classification_cifar-10_acc_ga-836/2.json",
    "/Users/zhangxi/code/RL/nn-dataset/ab/nn/stat/train/img-classification_cifar-10_acc_ga-836/3.json",
    "/Users/zhangxi/code/RL/nn-dataset/ab/nn/stat/train/img-classification_cifar-10_acc_ga-836/4.json",
    "/Users/zhangxi/code/RL/nn-dataset/ab/nn/stat/train/img-classification_cifar-10_acc_ga-836/5.json",
    "/Users/zhangxi/code/RL/nn-dataset/ab/nn/stat/train/img-classification_cifar-10_acc_ga-837/3.json",
    "/Users/zhangxi/code/RL/nn-dataset/ab/nn/stat/train/img-classification_cifar-10_acc_ga-845/1.json",
    "/Users/zhangxi/code/RL/nn-dataset/ab/nn/stat/train/img-classification_cifar-10_acc_ga-845/2.json",
    "/Users/zhangxi/code/RL/nn-dataset/ab/nn/stat/train/img-classification_cifar-10_acc_ga-845/3.json",
    "/Users/zhangxi/code/RL/nn-dataset/ab/nn/stat/train/img-classification_cifar-10_acc_ga-845/4.json",
    "/Users/zhangxi/code/RL/nn-dataset/ab/nn/stat/train/img-classification_cifar-10_acc_ga-845/5.json",
    "/Users/zhangxi/code/RL/nn-dataset/ab/nn/stat/train/img-classification_cifar-10_acc_ga-918/2.json",
    "/Users/zhangxi/code/RL/nn-dataset/ab/nn/stat/train/img-classification_cifar-10_acc_ga-92/1.json",
    "/Users/zhangxi/code/RL/nn-dataset/ab/nn/stat/train/img-classification_cifar-10_acc_ga-92/2.json",
    "/Users/zhangxi/code/RL/nn-dataset/ab/nn/stat/train/img-classification_cifar-10_acc_ga-92/3.json",
    "/Users/zhangxi/code/RL/nn-dataset/ab/nn/stat/train/img-classification_cifar-10_acc_ga-92/4.json",
    "/Users/zhangxi/code/RL/nn-dataset/ab/nn/stat/train/img-classification_cifar-10_acc_ga-92/5.json",
    "/Users/zhangxi/code/RL/nn-dataset/ab/nn/stat/train/img-classification_cifar-10_acc_ga-928/3.json",
    "/Users/zhangxi/code/RL/nn-dataset/ab/nn/stat/train/img-classification_cifar-10_acc_ga-94/5.json",
    "/Users/zhangxi/code/RL/nn-dataset/ab/nn/stat/train/img-classification_cifar-10_acc_ga-940/1.json",
    "/Users/zhangxi/code/RL/nn-dataset/ab/nn/stat/train/img-classification_cifar-10_acc_ga-940/2.json",
    "/Users/zhangxi/code/RL/nn-dataset/ab/nn/stat/train/img-classification_cifar-10_acc_ga-940/3.json",
    "/Users/zhangxi/code/RL/nn-dataset/ab/nn/stat/train/img-classification_cifar-10_acc_ga-940/4.json",
    "/Users/zhangxi/code/RL/nn-dataset/ab/nn/stat/train/img-classification_cifar-10_acc_ga-940/5.json",
    "/Users/zhangxi/code/RL/nn-dataset/ab/nn/stat/train/img-classification_cifar-10_acc_ga-961/1.json",
    "/Users/zhangxi/code/RL/nn-dataset/ab/nn/stat/train/img-classification_cifar-10_acc_ga-961/2.json",
    "/Users/zhangxi/code/RL/nn-dataset/ab/nn/stat/train/img-classification_cifar-10_acc_ga-961/3.json",
    "/Users/zhangxi/code/RL/nn-dataset/ab/nn/stat/train/img-classification_cifar-10_acc_ga-961/4.json",
    "/Users/zhangxi/code/RL/nn-dataset/ab/nn/stat/train/img-classification_cifar-10_acc_ga-961/5.json",
    "/Users/zhangxi/code/RL/nn-dataset/ab/nn/stat/train/img-classification_cifar-10_acc_ga-970/1.json",
    "/Users/zhangxi/code/RL/nn-dataset/ab/nn/stat/train/img-classification_cifar-10_acc_ga-970/2.json",
    "/Users/zhangxi/code/RL/nn-dataset/ab/nn/stat/train/img-classification_cifar-10_acc_ga-970/3.json",
    "/Users/zhangxi/code/RL/nn-dataset/ab/nn/stat/train/img-classification_cifar-10_acc_ga-970/4.json",
    "/Users/zhangxi/code/RL/nn-dataset/ab/nn/stat/train/img-classification_cifar-10_acc_ga-970/5.json",
    "/Users/zhangxi/code/RL/nn-dataset/ab/nn/stat/train/img-classification_cifar-10_acc_ga-978/3.json",
    "/Users/zhangxi/code/RL/nn-dataset/ab/nn/stat/train/img-classification_cifar-10_acc_ga-986/5.json",
    "/Users/zhangxi/code/RL/nn-dataset/ab/nn/stat/train/img-classification_cifar-10_acc_ga-mut-1164/2.json",
    "/Users/zhangxi/code/RL/nn-dataset/ab/nn/stat/train/img-classification_cifar-10_acc_ga-mut-1202/1.json",
    "/Users/zhangxi/code/RL/nn-dataset/ab/nn/stat/train/img-classification_cifar-10_acc_ga-mut-1492/2.json",
    "/Users/zhangxi/code/RL/nn-dataset/ab/nn/stat/train/img-classification_cifar-10_acc_ga-mut-1633/4.json",
    "/Users/zhangxi/code/RL/nn-dataset/ab/nn/stat/train/img-classification_cifar-10_acc_ga-mut-1823/2.json",
    "/Users/zhangxi/code/RL/nn-dataset/ab/nn/stat/train/img-classification_cifar-10_acc_ga-mut-1941/1.json",
    "/Users/zhangxi/code/RL/nn-dataset/ab/nn/stat/train/img-classification_cifar-10_acc_ga-mut-1941/2.json",
    "/Users/zhangxi/code/RL/nn-dataset/ab/nn/stat/train/img-classification_cifar-10_acc_ga-mut-1941/3.json",
    "/Users/zhangxi/code/RL/nn-dataset/ab/nn/stat/train/img-classification_cifar-10_acc_ga-mut-1941/4.json",
    "/Users/zhangxi/code/RL/nn-dataset/ab/nn/stat/train/img-classification_cifar-10_acc_ga-mut-1941/5.json",
    "/Users/zhangxi/code/RL/nn-dataset/ab/nn/stat/train/img-classification_cifar-10_acc_ga-mut-2292/4.json",
    "/Users/zhangxi/code/RL/nn-dataset/ab/nn/stat/train/img-classification_cifar-10_acc_ga-mut-2292/5.json",
    "/Users/zhangxi/code/RL/nn-dataset/ab/nn/stat/train/img-classification_cifar-10_acc_ga-mut-2333/1.json",
    "/Users/zhangxi/code/RL/nn-dataset/ab/nn/stat/train/img-classification_cifar-10_acc_ga-mut-2472/1.json",
    "/Users/zhangxi/code/RL/nn-dataset/ab/nn/stat/train/img-classification_cifar-10_acc_ga-mut-2678/1.json",
    "/Users/zhangxi/code/RL/nn-dataset/ab/nn/stat/train/img-classification_cifar-10_acc_ga-mut-2689/1.json",
    "/Users/zhangxi/code/RL/nn-dataset/ab/nn/stat/train/img-classification_cifar-10_acc_ga-mut-2697/3.json",
    "/Users/zhangxi/code/RL/nn-dataset/ab/nn/stat/train/img-classification_cifar-10_acc_ga-mut-341/2.json",
    "/Users/zhangxi/code/RL/nn-dataset/ab/nn/stat/train/img-classification_cifar-10_acc_ga-mut-341/3.json",
    "/Users/zhangxi/code/RL/nn-dataset/ab/nn/stat/train/img-classification_cifar-10_acc_ga-mut-832/1.json",
    "/Users/zhangxi/code/RL/nn-dataset/ab/nn/stat/train/img-classification_cifar-10_acc_ga-mut-848/5.json",
    "/Users/zhangxi/code/RL/nn-dataset/ab/nn/stat/train/img-classification_cifar-10_acc_llr-6d45178c6e7bdce2186e2a49e9026262/1.json",
    "/Users/zhangxi/code/RL/nn-dataset/ab/nn/stat/train/img-classification_cifar-10_acc_llr3-58e697deefc649b5d90d39336ac3bca5/1.json",
    "/Users/zhangxi/code/RL/nn-dataset/ab/nn/stat/train/img-classification_cifar-10_acc_rag-0109aae887a10ddc1a82ce5432910a0d/5.json",
    "/Users/zhangxi/code/RL/nn-dataset/ab/nn/stat/train/img-classification_cifar-10_acc_rag-09cd138ea3cb5213e0200198107d1aec/1.json",
    "/Users/zhangxi/code/RL/nn-dataset/ab/nn/stat/train/img-classification_cifar-10_acc_rag-0aa119a1b6453ea8fbdbef0979711cc6/1.json",
    "/Users/zhangxi/code/RL/nn-dataset/ab/nn/stat/train/img-classification_cifar-10_acc_rag-0aa119a1b6453ea8fbdbef0979711cc6/3.json",
    "/Users/zhangxi/code/RL/nn-dataset/ab/nn/stat/train/img-classification_cifar-10_acc_rag-0b03a3e41068833ecfd976a75df46cc9/1.json",
    "/Users/zhangxi/code/RL/nn-dataset/ab/nn/stat/train/img-classification_cifar-10_acc_rag-0b216d5428d31b6a12afe846edad1ff3/19.json",
    "/Users/zhangxi/code/RL/nn-dataset/ab/nn/stat/train/img-classification_cifar-10_acc_rag-0b216d5428d31b6a12afe846edad1ff3/20.json",
    "/Users/zhangxi/code/RL/nn-dataset/ab/nn/stat/train/img-classification_cifar-10_acc_rag-0b216d5428d31b6a12afe846edad1ff3/4.json",
    "/Users/zhangxi/code/RL/nn-dataset/ab/nn/stat/train/img-classification_cifar-10_acc_rag-0b216d5428d31b6a12afe846edad1ff3/47.json",
    "/Users/zhangxi/code/RL/nn-dataset/ab/nn/stat/train/img-classification_cifar-10_acc_rag-0bcfa6df39b08927564cb72edd35d9b8/2.json",
    "/Users/zhangxi/code/RL/nn-dataset/ab/nn/stat/train/img-classification_cifar-10_acc_rag-0fa798251b6d462a89b322dee7c40767/6.json",
    "/Users/zhangxi/code/RL/nn-dataset/ab/nn/stat/train/img-classification_cifar-10_acc_rag-0fb248332fc2b60eb7c0d12d235c6030/7.json",
    "/Users/zhangxi/code/RL/nn-dataset/ab/nn/stat/train/img-classification_cifar-10_acc_rag-10fd50bc1d189403d5268ad5895741fc/2.json",
    "/Users/zhangxi/code/RL/nn-dataset/ab/nn/stat/train/img-classification_cifar-10_acc_rag-130955a09a925de3345d9989e284ff8c/1.json",
    "/Users/zhangxi/code/RL/nn-dataset/ab/nn/stat/train/img-classification_cifar-10_acc_rag-1367694fe00d88f158d58fba412739a0/3.json",
    "/Users/zhangxi/code/RL/nn-dataset/ab/nn/stat/train/img-classification_cifar-10_acc_rag-165e0229b4a4d8efd92af998d1608396/3.json",
    "/Users/zhangxi/code/RL/nn-dataset/ab/nn/stat/train/img-classification_cifar-10_acc_rag-17344510848717d2fb16b1776af59310/3.json",
    "/Users/zhangxi/code/RL/nn-dataset/ab/nn/stat/train/img-classification_cifar-10_acc_rag-17344510848717d2fb16b1776af59310/34.json",
    "/Users/zhangxi/code/RL/nn-dataset/ab/nn/stat/train/img-classification_cifar-10_acc_rag-1854a4feeb6d50cec0a739dcbb730261/1.json",
    "/Users/zhangxi/code/RL/nn-dataset/ab/nn/stat/train/img-classification_cifar-10_acc_rag-1854a4feeb6d50cec0a739dcbb730261/3.json",
    "/Users/zhangxi/code/RL/nn-dataset/ab/nn/stat/train/img-classification_cifar-10_acc_rag-197efa32da8ecec44d919465d4ccf2d6/29.json",
    "/Users/zhangxi/code/RL/nn-dataset/ab/nn/stat/train/img-classification_cifar-10_acc_rag-197efa32da8ecec44d919465d4ccf2d6/33.json",
    "/Users/zhangxi/code/RL/nn-dataset/ab/nn/stat/train/img-classification_cifar-10_acc_rag-197efa32da8ecec44d919465d4ccf2d6/35.json",
    "/Users/zhangxi/code/RL/nn-dataset/ab/nn/stat/train/img-classification_cifar-10_acc_rag-1a3d3abd0ca09ae9ee40b1402cdc000d/1.json",
    "/Users/zhangxi/code/RL/nn-dataset/ab/nn/stat/train/img-classification_cifar-10_acc_rag-1c04aace730c09ec28224f57b65ad9b7/44.json",
    "/Users/zhangxi/code/RL/nn-dataset/ab/nn/stat/train/img-classification_cifar-10_acc_rag-1c04aace730c09ec28224f57b65ad9b7/45.json",
    "/Users/zhangxi/code/RL/nn-dataset/ab/nn/stat/train/img-classification_cifar-10_acc_rag-1c04aace730c09ec28224f57b65ad9b7/46.json",
    "/Users/zhangxi/code/RL/nn-dataset/ab/nn/stat/train/img-classification_cifar-10_acc_rag-1c04aace730c09ec28224f57b65ad9b7/47.json",
    "/Users/zhangxi/code/RL/nn-dataset/ab/nn/stat/train/img-classification_cifar-10_acc_rag-1c04aace730c09ec28224f57b65ad9b7/48.json",
    "/Users/zhangxi/code/RL/nn-dataset/ab/nn/stat/train/img-classification_cifar-10_acc_rag-1c04aace730c09ec28224f57b65ad9b7/49.json",
    "/Users/zhangxi/code/RL/nn-dataset/ab/nn/stat/train/img-classification_cifar-10_acc_rag-1c04aace730c09ec28224f57b65ad9b7/50.json",
    "/Users/zhangxi/code/RL/nn-dataset/ab/nn/stat/train/img-classification_cifar-10_acc_rag-1ca7d2a03ab9d7a18c948dbbcb45928d/27.json",
    "/Users/zhangxi/code/RL/nn-dataset/ab/nn/stat/train/img-classification_cifar-10_acc_rag-1e9b13d13db48f60e419aabb92cbe737/2.json",
    "/Users/zhangxi/code/RL/nn-dataset/ab/nn/stat/train/img-classification_cifar-10_acc_rag-1f94461a20c68be2836128b166dcbaf4/5.json",
    "/Users/zhangxi/code/RL/nn-dataset/ab/nn/stat/train/img-classification_cifar-10_acc_rag-25cf515758fc30e9a35afec54261e576/3.json",
    "/Users/zhangxi/code/RL/nn-dataset/ab/nn/stat/train/img-classification_cifar-10_acc_rag-27af89ef6601fc07a1a112a6f18ce74c/3.json",
    "/Users/zhangxi/code/RL/nn-dataset/ab/nn/stat/train/img-classification_cifar-10_acc_rag-27bb8ca8745578889348d1d0851d9a7e/47.json",
    "/Users/zhangxi/code/RL/nn-dataset/ab/nn/stat/train/img-classification_cifar-10_acc_rag-293d877de95c73df5ddb284a4f8feaf6/2.json",
    "/Users/zhangxi/code/RL/nn-dataset/ab/nn/stat/train/img-classification_cifar-10_acc_rag-293d877de95c73df5ddb284a4f8feaf6/3.json",
    "/Users/zhangxi/code/RL/nn-dataset/ab/nn/stat/train/img-classification_cifar-10_acc_rag-2c1a7d9cd805e1a17f10def36f0fc449/8.json",
    "/Users/zhangxi/code/RL/nn-dataset/ab/nn/stat/train/img-classification_cifar-10_acc_rag-2c727068ea4a5f04febf2b6944d32ec7/2.json",
    "/Users/zhangxi/code/RL/nn-dataset/ab/nn/stat/train/img-classification_cifar-10_acc_rag-2fcb67051fce5e624050fdd921d180a2/19.json",
    "/Users/zhangxi/code/RL/nn-dataset/ab/nn/stat/train/img-classification_cifar-10_acc_rag-31de22c98c647fab360df0805c099233/36.json",
    "/Users/zhangxi/code/RL/nn-dataset/ab/nn/stat/train/img-classification_cifar-10_acc_rag-31de22c98c647fab360df0805c099233/39.json",
    "/Users/zhangxi/code/RL/nn-dataset/ab/nn/stat/train/img-classification_cifar-10_acc_rag-31de22c98c647fab360df0805c099233/4.json",
    "/Users/zhangxi/code/RL/nn-dataset/ab/nn/stat/train/img-classification_cifar-10_acc_rag-31de22c98c647fab360df0805c099233/5.json",
    "/Users/zhangxi/code/RL/nn-dataset/ab/nn/stat/train/img-classification_cifar-10_acc_rag-31de22c98c647fab360df0805c099233/6.json",
    "/Users/zhangxi/code/RL/nn-dataset/ab/nn/stat/train/img-classification_cifar-10_acc_rag-3411222df0cf341786d3ec98c2a64ebe/3.json",
    "/Users/zhangxi/code/RL/nn-dataset/ab/nn/stat/train/img-classification_cifar-10_acc_rag-3633f58fff070e151d2a74ca2c113925/5.json",
    "/Users/zhangxi/code/RL/nn-dataset/ab/nn/stat/train/img-classification_cifar-10_acc_rag-3698399dbb702c582e7c256aea3d7aef/17.json",
    "/Users/zhangxi/code/RL/nn-dataset/ab/nn/stat/train/img-classification_cifar-10_acc_rag-36b13adc77779ffbdef4c9310976dfa2/45.json",
    "/Users/zhangxi/code/RL/nn-dataset/ab/nn/stat/train/img-classification_cifar-10_acc_rag-36cfd9a1b7a801a5e67c2537e93ea138/5.json",
    "/Users/zhangxi/code/RL/nn-dataset/ab/nn/stat/train/img-classification_cifar-10_acc_rag-37ddbb10b92d56c440527e73198342a0/6.json",
    "/Users/zhangxi/code/RL/nn-dataset/ab/nn/stat/train/img-classification_cifar-10_acc_rag-38a8abada35d1af61546d91ee88de111/2.json",
    "/Users/zhangxi/code/RL/nn-dataset/ab/nn/stat/train/img-classification_cifar-10_acc_rag-38a8abada35d1af61546d91ee88de111/4.json",
    "/Users/zhangxi/code/RL/nn-dataset/ab/nn/stat/train/img-classification_cifar-10_acc_rag-3a4a96232c359a2396539b1944b29d42/7.json",
    "/Users/zhangxi/code/RL/nn-dataset/ab/nn/stat/train/img-classification_cifar-10_acc_rag-3c8dacf15a1dc18b6557b998ed0669a9/24.json",
    "/Users/zhangxi/code/RL/nn-dataset/ab/nn/stat/train/img-classification_cifar-10_acc_rag-3c8dacf15a1dc18b6557b998ed0669a9/37.json",
    "/Users/zhangxi/code/RL/nn-dataset/ab/nn/stat/train/img-classification_cifar-10_acc_rag-3e1116af67575eb975cf8e627d48b22f/38.json",
    "/Users/zhangxi/code/RL/nn-dataset/ab/nn/stat/train/img-classification_cifar-10_acc_rag-3e1116af67575eb975cf8e627d48b22f/48.json",
    "/Users/zhangxi/code/RL/nn-dataset/ab/nn/stat/train/img-classification_cifar-10_acc_rag-414c3872a45e60d6b1d84e9551728044/8.json",
    "/Users/zhangxi/code/RL/nn-dataset/ab/nn/stat/train/img-classification_cifar-10_acc_rag-4239f57ab8735febbebd94eac9323512/1.json",
    "/Users/zhangxi/code/RL/nn-dataset/ab/nn/stat/train/img-classification_cifar-10_acc_rag-4239f57ab8735febbebd94eac9323512/50.json",
    "/Users/zhangxi/code/RL/nn-dataset/ab/nn/stat/train/img-classification_cifar-10_acc_rag-456668f4a339d5efeb06c3bff5560422/5.json",
    "/Users/zhangxi/code/RL/nn-dataset/ab/nn/stat/train/img-classification_cifar-10_acc_rag-459c5f1633100aa739036b19af5d6d98/5.json",
    "/Users/zhangxi/code/RL/nn-dataset/ab/nn/stat/train/img-classification_cifar-10_acc_rag-476bc5026019772aefc876225cebaf20/5.json",
    "/Users/zhangxi/code/RL/nn-dataset/ab/nn/stat/train/img-classification_cifar-10_acc_rag-4c125212ffaf94bc9d28107e50da5592/2.json",
    "/Users/zhangxi/code/RL/nn-dataset/ab/nn/stat/train/img-classification_cifar-10_acc_rag-4c125212ffaf94bc9d28107e50da5592/38.json",
    "/Users/zhangxi/code/RL/nn-dataset/ab/nn/stat/train/img-classification_cifar-10_acc_rag-4cfa17368764175b4b83248594488de3/26.json",
    "/Users/zhangxi/code/RL/nn-dataset/ab/nn/stat/train/img-classification_cifar-10_acc_rag-4e983f3e5f326cf6dc6e02af1eb9d21f/9.json",
    "/Users/zhangxi/code/RL/nn-dataset/ab/nn/stat/train/img-classification_cifar-10_acc_rag-50306cf7def09b304a3a6b8aeb412f16/1.json",
    "/Users/zhangxi/code/RL/nn-dataset/ab/nn/stat/train/img-classification_cifar-10_acc_rag-50306cf7def09b304a3a6b8aeb412f16/26.json",
    "/Users/zhangxi/code/RL/nn-dataset/ab/nn/stat/train/img-classification_cifar-10_acc_rag-5053c7de97043671856665356eb9f608/2.json",
    "/Users/zhangxi/code/RL/nn-dataset/ab/nn/stat/train/img-classification_cifar-10_acc_rag-525c718e3424695f0de37b5a7af54326/3.json",
    "/Users/zhangxi/code/RL/nn-dataset/ab/nn/stat/train/img-classification_cifar-10_acc_rag-52eb5014fdc5ec909229c1fce0f8b8b2/3.json",
    "/Users/zhangxi/code/RL/nn-dataset/ab/nn/stat/train/img-classification_cifar-10_acc_rag-53ed64bafa7f961fe7e7ea5eb323c233/4.json",
    "/Users/zhangxi/code/RL/nn-dataset/ab/nn/stat/train/img-classification_cifar-10_acc_rag-55e768fd5cdc6a8903649306485c35fb/3.json",
    "/Users/zhangxi/code/RL/nn-dataset/ab/nn/stat/train/img-classification_cifar-10_acc_rag-5a0ddde6bc0da2ddc57bc0195be20158/1.json",
    "/Users/zhangxi/code/RL/nn-dataset/ab/nn/stat/train/img-classification_cifar-10_acc_rag-5b51f8ba048032f225b7795a2256c4ae/3.json",
    "/Users/zhangxi/code/RL/nn-dataset/ab/nn/stat/train/img-classification_cifar-10_acc_rag-5c4118e9ee969824a9b7824fc0fe79ae/25.json",
    "/Users/zhangxi/code/RL/nn-dataset/ab/nn/stat/train/img-classification_cifar-10_acc_rag-5c4118e9ee969824a9b7824fc0fe79ae/27.json",
    "/Users/zhangxi/code/RL/nn-dataset/ab/nn/stat/train/img-classification_cifar-10_acc_rag-5d603e0d9175dc07447745b0a6804203/14.json",
    "/Users/zhangxi/code/RL/nn-dataset/ab/nn/stat/train/img-classification_cifar-10_acc_rag-5fefb44b1a0e1f3ad34754a5a35a4727/1.json",
    "/Users/zhangxi/code/RL/nn-dataset/ab/nn/stat/train/img-classification_cifar-10_acc_rag-60a5348e715b7a8522f3252852e5a484/5.json",
    "/Users/zhangxi/code/RL/nn-dataset/ab/nn/stat/train/img-classification_cifar-10_acc_rag-613f63d395e7d9bac7a1f321ec478664/1.json",
    "/Users/zhangxi/code/RL/nn-dataset/ab/nn/stat/train/img-classification_cifar-10_acc_rag-61eedc1db9cda2658f9423e5644d0cce/6.json",
    "/Users/zhangxi/code/RL/nn-dataset/ab/nn/stat/train/img-classification_cifar-10_acc_rag-66f1c5feac4bdee3d5c370fe8d6a916d/21.json",
    "/Users/zhangxi/code/RL/nn-dataset/ab/nn/stat/train/img-classification_cifar-10_acc_rag-66f1c5feac4bdee3d5c370fe8d6a916d/22.json",
    "/Users/zhangxi/code/RL/nn-dataset/ab/nn/stat/train/img-classification_cifar-10_acc_rag-6751605914731380b8c7d133c9152ce1/17.json",
    "/Users/zhangxi/code/RL/nn-dataset/ab/nn/stat/train/img-classification_cifar-10_acc_rag-6b199ada89fa605b14065e87c396f249/12.json",
    "/Users/zhangxi/code/RL/nn-dataset/ab/nn/stat/train/img-classification_cifar-10_acc_rag-6b32b00acc407522fa3f03dc36d0337e/1.json",
    "/Users/zhangxi/code/RL/nn-dataset/ab/nn/stat/train/img-classification_cifar-10_acc_rag-6cf617f6aad2e9dec52accb3f008ed55/11.json",
    "/Users/zhangxi/code/RL/nn-dataset/ab/nn/stat/train/img-classification_cifar-10_acc_rag-6e3455caa4d5e169408ad0849e5b1a3a/3.json",
    "/Users/zhangxi/code/RL/nn-dataset/ab/nn/stat/train/img-classification_cifar-10_acc_rag-6e5be3b22e97b6555217298a54a3d77d/21.json",
    "/Users/zhangxi/code/RL/nn-dataset/ab/nn/stat/train/img-classification_cifar-10_acc_rag-6eaf2d23647095e6fbc13fdff588f519/1.json",
    "/Users/zhangxi/code/RL/nn-dataset/ab/nn/stat/train/img-classification_cifar-10_acc_rag-6eaf2d23647095e6fbc13fdff588f519/3.json",
    "/Users/zhangxi/code/RL/nn-dataset/ab/nn/stat/train/img-classification_cifar-10_acc_rag-714ba0c6f0bfc3d7ad76dbf93d0168a3/20.json",
    "/Users/zhangxi/code/RL/nn-dataset/ab/nn/stat/train/img-classification_cifar-10_acc_rag-714ba0c6f0bfc3d7ad76dbf93d0168a3/4.json",
    "/Users/zhangxi/code/RL/nn-dataset/ab/nn/stat/train/img-classification_cifar-10_acc_rag-714ba0c6f0bfc3d7ad76dbf93d0168a3/41.json",
    "/Users/zhangxi/code/RL/nn-dataset/ab/nn/stat/train/img-classification_cifar-10_acc_rag-714ba0c6f0bfc3d7ad76dbf93d0168a3/5.json",
    "/Users/zhangxi/code/RL/nn-dataset/ab/nn/stat/train/img-classification_cifar-10_acc_rag-721695853899d90507487e604152375e/1.json",
    "/Users/zhangxi/code/RL/nn-dataset/ab/nn/stat/train/img-classification_cifar-10_acc_rag-721695853899d90507487e604152375e/12.json",
    "/Users/zhangxi/code/RL/nn-dataset/ab/nn/stat/train/img-classification_cifar-10_acc_rag-72e6feed7221fd393bfb7940f96f3d26/3.json",
    "/Users/zhangxi/code/RL/nn-dataset/ab/nn/stat/train/img-classification_cifar-10_acc_rag-745c9b7083406f917b9395774b966fd6/1.json",
    "/Users/zhangxi/code/RL/nn-dataset/ab/nn/stat/train/img-classification_cifar-10_acc_rag-77e10c0faee60e19e09577fb1d58b03d/13.json",
    "/Users/zhangxi/code/RL/nn-dataset/ab/nn/stat/train/img-classification_cifar-10_acc_rag-79da21a836bd6b4d0af37a77c32ab65c/21.json",
    "/Users/zhangxi/code/RL/nn-dataset/ab/nn/stat/train/img-classification_cifar-10_acc_rag-79da21a836bd6b4d0af37a77c32ab65c/24.json",
    "/Users/zhangxi/code/RL/nn-dataset/ab/nn/stat/train/img-classification_cifar-10_acc_rag-7ad7376460c10d4fea21830e69ea3427/4.json",
    "/Users/zhangxi/code/RL/nn-dataset/ab/nn/stat/train/img-classification_cifar-10_acc_rag-7b07891a723d4a69e120fb9c52a3622a/1.json",
    "/Users/zhangxi/code/RL/nn-dataset/ab/nn/stat/train/img-classification_cifar-10_acc_rag-7e1d8fe9e76c87a931e17e4dee44b1b6/30.json",
    "/Users/zhangxi/code/RL/nn-dataset/ab/nn/stat/train/img-classification_cifar-10_acc_rag-7e1d8fe9e76c87a931e17e4dee44b1b6/31.json",
    "/Users/zhangxi/code/RL/nn-dataset/ab/nn/stat/train/img-classification_cifar-10_acc_rag-7e1d8fe9e76c87a931e17e4dee44b1b6/32.json",
    "/Users/zhangxi/code/RL/nn-dataset/ab/nn/stat/train/img-classification_cifar-10_acc_rag-7e1d8fe9e76c87a931e17e4dee44b1b6/33.json",
    "/Users/zhangxi/code/RL/nn-dataset/ab/nn/stat/train/img-classification_cifar-10_acc_rag-7e1d8fe9e76c87a931e17e4dee44b1b6/41.json",
    "/Users/zhangxi/code/RL/nn-dataset/ab/nn/stat/train/img-classification_cifar-10_acc_rag-7e1d8fe9e76c87a931e17e4dee44b1b6/43.json",
    "/Users/zhangxi/code/RL/nn-dataset/ab/nn/stat/train/img-classification_cifar-10_acc_rag-7e2f7d1527ed5515e71e73d958cd5ca2/1.json",
    "/Users/zhangxi/code/RL/nn-dataset/ab/nn/stat/train/img-classification_cifar-10_acc_rag-7e4a5f1ed881e533aab3652357045367/33.json",
    "/Users/zhangxi/code/RL/nn-dataset/ab/nn/stat/train/img-classification_cifar-10_acc_rag-7e4a5f1ed881e533aab3652357045367/38.json",
    "/Users/zhangxi/code/RL/nn-dataset/ab/nn/stat/train/img-classification_cifar-10_acc_rag-7e4a5f1ed881e533aab3652357045367/5.json",
    "/Users/zhangxi/code/RL/nn-dataset/ab/nn/stat/train/img-classification_cifar-10_acc_rag-7fbe0ceb371ff555c9851aa1df371040/6.json",
    "/Users/zhangxi/code/RL/nn-dataset/ab/nn/stat/train/img-classification_cifar-10_acc_rag-7fd56f6646b263266154508b2e43daea/3.json",
    "/Users/zhangxi/code/RL/nn-dataset/ab/nn/stat/train/img-classification_cifar-10_acc_rag-7fd56f6646b263266154508b2e43daea/4.json",
    "/Users/zhangxi/code/RL/nn-dataset/ab/nn/stat/train/img-classification_cifar-10_acc_rag-7fd56f6646b263266154508b2e43daea/5.json",
    "/Users/zhangxi/code/RL/nn-dataset/ab/nn/stat/train/img-classification_cifar-10_acc_rag-81dd8acfb5b816a216c232a683ccd0cb/3.json",
    "/Users/zhangxi/code/RL/nn-dataset/ab/nn/stat/train/img-classification_cifar-10_acc_rag-81dd8acfb5b816a216c232a683ccd0cb/4.json",
    "/Users/zhangxi/code/RL/nn-dataset/ab/nn/stat/train/img-classification_cifar-10_acc_rag-81dd8acfb5b816a216c232a683ccd0cb/5.json",
    "/Users/zhangxi/code/RL/nn-dataset/ab/nn/stat/train/img-classification_cifar-10_acc_rag-845049a1167f386eda0de41320a91b13/4.json",
    "/Users/zhangxi/code/RL/nn-dataset/ab/nn/stat/train/img-classification_cifar-10_acc_rag-8a1aa521aa51336365a5a3057eff39c4/3.json",
    "/Users/zhangxi/code/RL/nn-dataset/ab/nn/stat/train/img-classification_cifar-10_acc_rag-8a1aa521aa51336365a5a3057eff39c4/4.json",
    "/Users/zhangxi/code/RL/nn-dataset/ab/nn/stat/train/img-classification_cifar-10_acc_rag-8aaca66648c0031a08881ef780084bf5/1.json",
    "/Users/zhangxi/code/RL/nn-dataset/ab/nn/stat/train/img-classification_cifar-10_acc_rag-8aaca66648c0031a08881ef780084bf5/2.json",
    "/Users/zhangxi/code/RL/nn-dataset/ab/nn/stat/train/img-classification_cifar-10_acc_rag-8aaca66648c0031a08881ef780084bf5/3.json",
    "/Users/zhangxi/code/RL/nn-dataset/ab/nn/stat/train/img-classification_cifar-10_acc_rag-8aaca66648c0031a08881ef780084bf5/4.json",
    "/Users/zhangxi/code/RL/nn-dataset/ab/nn/stat/train/img-classification_cifar-10_acc_rag-8aaca66648c0031a08881ef780084bf5/5.json",
    "/Users/zhangxi/code/RL/nn-dataset/ab/nn/stat/train/img-classification_cifar-10_acc_rag-8d3e0bf611589f589427305769d0f757/3.json",
    "/Users/zhangxi/code/RL/nn-dataset/ab/nn/stat/train/img-classification_cifar-10_acc_rag-8f76e61e38874e5eb8fb652b8a8c537f/8.json",
    "/Users/zhangxi/code/RL/nn-dataset/ab/nn/stat/train/img-classification_cifar-10_acc_rag-9011968cbaa41bda6b78f3a12a5a7632/3.json",
    "/Users/zhangxi/code/RL/nn-dataset/ab/nn/stat/train/img-classification_cifar-10_acc_rag-9011968cbaa41bda6b78f3a12a5a7632/4.json",
    "/Users/zhangxi/code/RL/nn-dataset/ab/nn/stat/train/img-classification_cifar-10_acc_rag-926fbabdcdddb5427c9db62bb4e5d182/5.json",
    "/Users/zhangxi/code/RL/nn-dataset/ab/nn/stat/train/img-classification_cifar-10_acc_rag-928f4737f6ba405195c45e17e7840e49/29.json",
    "/Users/zhangxi/code/RL/nn-dataset/ab/nn/stat/train/img-classification_cifar-10_acc_rag-95a55d401795e598fbfd3de2fbdb1dbb/1.json",
    "/Users/zhangxi/code/RL/nn-dataset/ab/nn/stat/train/img-classification_cifar-10_acc_rag-96f78e82c0f8e769e0245698e03c40aa/2.json",
    "/Users/zhangxi/code/RL/nn-dataset/ab/nn/stat/train/img-classification_cifar-10_acc_rag-98654b67580dae3a104433591c5e070e/5.json",
    "/Users/zhangxi/code/RL/nn-dataset/ab/nn/stat/train/img-classification_cifar-10_acc_rag-9883b04cbc0c98a4bf22a40703e5dc64/39.json",
    "/Users/zhangxi/code/RL/nn-dataset/ab/nn/stat/train/img-classification_cifar-10_acc_rag-991473baee39d81b1752b93f3df5af50/6.json",
    "/Users/zhangxi/code/RL/nn-dataset/ab/nn/stat/train/img-classification_cifar-10_acc_rag-9c436c110865f13fe9270b37c01c05f8/11.json",
    "/Users/zhangxi/code/RL/nn-dataset/ab/nn/stat/train/img-classification_cifar-10_acc_rag-9c436c110865f13fe9270b37c01c05f8/12.json",
    "/Users/zhangxi/code/RL/nn-dataset/ab/nn/stat/train/img-classification_cifar-10_acc_rag-9c436c110865f13fe9270b37c01c05f8/13.json",
    "/Users/zhangxi/code/RL/nn-dataset/ab/nn/stat/train/img-classification_cifar-10_acc_rag-9c436c110865f13fe9270b37c01c05f8/14.json",
    "/Users/zhangxi/code/RL/nn-dataset/ab/nn/stat/train/img-classification_cifar-10_acc_rag-9dc0d1e7b98b53e1b63eb1e06e1fff0e/1.json",
    "/Users/zhangxi/code/RL/nn-dataset/ab/nn/stat/train/img-classification_cifar-10_acc_rag-9f3af7c5bf053995d7160747a30f366e/37.json",
    "/Users/zhangxi/code/RL/nn-dataset/ab/nn/stat/train/img-classification_cifar-10_acc_rag-a0f2f7167ee42518970dfed69d37f9f4/1.json",
    "/Users/zhangxi/code/RL/nn-dataset/ab/nn/stat/train/img-classification_cifar-10_acc_rag-a88bed94d60c50a7e183391f01f91f0a/18.json",
    "/Users/zhangxi/code/RL/nn-dataset/ab/nn/stat/train/img-classification_cifar-10_acc_rag-a88f84541c855afdd24e6c51aefec190/2.json",
    "/Users/zhangxi/code/RL/nn-dataset/ab/nn/stat/train/img-classification_cifar-10_acc_rag-a9cc7266f2e980a993c3a1c1e0fea3fc/4.json",
    "/Users/zhangxi/code/RL/nn-dataset/ab/nn/stat/train/img-classification_cifar-10_acc_rag-a9cc7266f2e980a993c3a1c1e0fea3fc/5.json",
    "/Users/zhangxi/code/RL/nn-dataset/ab/nn/stat/train/img-classification_cifar-10_acc_rag-b2292d0e6d76c29fd13bc35fe8cf2389/5.json",
    "/Users/zhangxi/code/RL/nn-dataset/ab/nn/stat/train/img-classification_cifar-10_acc_rag-b4afc0b594eb3b7cec256e9228283120/1.json",
    "/Users/zhangxi/code/RL/nn-dataset/ab/nn/stat/train/img-classification_cifar-10_acc_rag-b4b5e1cc9d020bee2c2abead52414b5c/28.json",
    "/Users/zhangxi/code/RL/nn-dataset/ab/nn/stat/train/img-classification_cifar-10_acc_rag-b50e2edbcac095dff38e7c8ee6c6554a/3.json",
    "/Users/zhangxi/code/RL/nn-dataset/ab/nn/stat/train/img-classification_cifar-10_acc_rag-b60aa37144b51d36a4450b97fcbd0f98/2.json",
    "/Users/zhangxi/code/RL/nn-dataset/ab/nn/stat/train/img-classification_cifar-10_acc_rag-b72600d804c6b99ce36a9e47e06f655d/31.json",
    "/Users/zhangxi/code/RL/nn-dataset/ab/nn/stat/train/img-classification_cifar-10_acc_rag-b72600d804c6b99ce36a9e47e06f655d/32.json",
    "/Users/zhangxi/code/RL/nn-dataset/ab/nn/stat/train/img-classification_cifar-10_acc_rag-b72600d804c6b99ce36a9e47e06f655d/33.json",
    "/Users/zhangxi/code/RL/nn-dataset/ab/nn/stat/train/img-classification_cifar-10_acc_rag-b840d5524471c5b85a727e21f79cedc5/33.json",
    "/Users/zhangxi/code/RL/nn-dataset/ab/nn/stat/train/img-classification_cifar-10_acc_rag-b840d5524471c5b85a727e21f79cedc5/4.json",
    "/Users/zhangxi/code/RL/nn-dataset/ab/nn/stat/train/img-classification_cifar-10_acc_rag-b8cd133bd7f662ce3fa7306ff70d6dfc/14.json",
    "/Users/zhangxi/code/RL/nn-dataset/ab/nn/stat/train/img-classification_cifar-10_acc_rag-b8cd133bd7f662ce3fa7306ff70d6dfc/15.json",
    "/Users/zhangxi/code/RL/nn-dataset/ab/nn/stat/train/img-classification_cifar-10_acc_rag-b8cd133bd7f662ce3fa7306ff70d6dfc/16.json",
    "/Users/zhangxi/code/RL/nn-dataset/ab/nn/stat/train/img-classification_cifar-10_acc_rag-b8cd133bd7f662ce3fa7306ff70d6dfc/17.json",
    "/Users/zhangxi/code/RL/nn-dataset/ab/nn/stat/train/img-classification_cifar-10_acc_rag-b8cd133bd7f662ce3fa7306ff70d6dfc/18.json",
    "/Users/zhangxi/code/RL/nn-dataset/ab/nn/stat/train/img-classification_cifar-10_acc_rag-b939228a029384c562af54691892a7fb/5.json",
    "/Users/zhangxi/code/RL/nn-dataset/ab/nn/stat/train/img-classification_cifar-10_acc_rag-b9f908375d96fcb7eb960197751d0426/3.json",
    "/Users/zhangxi/code/RL/nn-dataset/ab/nn/stat/train/img-classification_cifar-10_acc_rag-b9f908375d96fcb7eb960197751d0426/4.json",
    "/Users/zhangxi/code/RL/nn-dataset/ab/nn/stat/train/img-classification_cifar-10_acc_rag-b9f908375d96fcb7eb960197751d0426/6.json",
    "/Users/zhangxi/code/RL/nn-dataset/ab/nn/stat/train/img-classification_cifar-10_acc_rag-bd05dc4db2a1369461a4d79d85cf2848/4.json",
    "/Users/zhangxi/code/RL/nn-dataset/ab/nn/stat/train/img-classification_cifar-10_acc_rag-bd2bac918a69b969e5cc24cee409e799/27.json",
    "/Users/zhangxi/code/RL/nn-dataset/ab/nn/stat/train/img-classification_cifar-10_acc_rag-bd2bac918a69b969e5cc24cee409e799/47.json",
    "/Users/zhangxi/code/RL/nn-dataset/ab/nn/stat/train/img-classification_cifar-10_acc_rag-c091e9c7847761b4ba9931e5b425ac8a/13.json",
    "/Users/zhangxi/code/RL/nn-dataset/ab/nn/stat/train/img-classification_cifar-10_acc_rag-c0bb651eee70d375cfbd1d8189e5bc42/47.json",
    "/Users/zhangxi/code/RL/nn-dataset/ab/nn/stat/train/img-classification_cifar-10_acc_rag-c14d30c1de95780b955d979d5f8feebc/29.json",
    "/Users/zhangxi/code/RL/nn-dataset/ab/nn/stat/train/img-classification_cifar-10_acc_rag-c303260c2d056780d353134ceb225106/25.json",
    "/Users/zhangxi/code/RL/nn-dataset/ab/nn/stat/train/img-classification_cifar-10_acc_rag-c6c53a0acb42e91dffb1e279ac152a62/1.json",
    "/Users/zhangxi/code/RL/nn-dataset/ab/nn/stat/train/img-classification_cifar-10_acc_rag-c6dfc159cccec9adbf57ec27b622fc76/2.json",
    "/Users/zhangxi/code/RL/nn-dataset/ab/nn/stat/train/img-classification_cifar-10_acc_rag-c74690312f4292c94991bd127bfb483c/2.json",
    "/Users/zhangxi/code/RL/nn-dataset/ab/nn/stat/train/img-classification_cifar-10_acc_rag-c74690312f4292c94991bd127bfb483c/30.json",
    "/Users/zhangxi/code/RL/nn-dataset/ab/nn/stat/train/img-classification_cifar-10_acc_rag-c7bc3f6948feb51248207be09958c994/14.json",
    "/Users/zhangxi/code/RL/nn-dataset/ab/nn/stat/train/img-classification_cifar-10_acc_rag-c7bc3f6948feb51248207be09958c994/36.json",
    "/Users/zhangxi/code/RL/nn-dataset/ab/nn/stat/train/img-classification_cifar-10_acc_rag-c9f86121f85ba410b43fa059234f4ee9/40.json",
    "/Users/zhangxi/code/RL/nn-dataset/ab/nn/stat/train/img-classification_cifar-10_acc_rag-cb27c5733ca45bd7a9b97628343cb900/6.json",
    "/Users/zhangxi/code/RL/nn-dataset/ab/nn/stat/train/img-classification_cifar-10_acc_rag-cb27c5733ca45bd7a9b97628343cb900/7.json",
    "/Users/zhangxi/code/RL/nn-dataset/ab/nn/stat/train/img-classification_cifar-10_acc_rag-cb552922a069c97b4d310e09909b750a/3.json",
    "/Users/zhangxi/code/RL/nn-dataset/ab/nn/stat/train/img-classification_cifar-10_acc_rag-cd6f3ff21e61e43ed9c06975d3279c49/2.json",
    "/Users/zhangxi/code/RL/nn-dataset/ab/nn/stat/train/img-classification_cifar-10_acc_rag-cee82651790e868b2c2aeb76d1daff2f/2.json",
    "/Users/zhangxi/code/RL/nn-dataset/ab/nn/stat/train/img-classification_cifar-10_acc_rag-d0d73ada35c8462493db1eef683cccf4/3.json",
    "/Users/zhangxi/code/RL/nn-dataset/ab/nn/stat/train/img-classification_cifar-10_acc_rag-d246cbc2e4daeced19bac583381d20af/1.json",
    "/Users/zhangxi/code/RL/nn-dataset/ab/nn/stat/train/img-classification_cifar-10_acc_rag-d3d862d6063b941ee6455d4ea3dfe67c/11.json",
    "/Users/zhangxi/code/RL/nn-dataset/ab/nn/stat/train/img-classification_cifar-10_acc_rag-d7a68bcfab794a816519353cdbcdeb14/2.json",
    "/Users/zhangxi/code/RL/nn-dataset/ab/nn/stat/train/img-classification_cifar-10_acc_rag-d8ecdf9ade56852afdb964dc0399c4b4/28.json",
    "/Users/zhangxi/code/RL/nn-dataset/ab/nn/stat/train/img-classification_cifar-10_acc_rag-d8ecdf9ade56852afdb964dc0399c4b4/44.json",
    "/Users/zhangxi/code/RL/nn-dataset/ab/nn/stat/train/img-classification_cifar-10_acc_rag-d9895ec68c21fb652be16765dc11c029/11.json",
    "/Users/zhangxi/code/RL/nn-dataset/ab/nn/stat/train/img-classification_cifar-10_acc_rag-dd6ffac00b67347c50e04c5426e21526/1.json",
    "/Users/zhangxi/code/RL/nn-dataset/ab/nn/stat/train/img-classification_cifar-10_acc_rag-e313a35c3fa028c5bba37b34f44fe80a/29.json",
    "/Users/zhangxi/code/RL/nn-dataset/ab/nn/stat/train/img-classification_cifar-10_acc_rag-e313a35c3fa028c5bba37b34f44fe80a/3.json",
    "/Users/zhangxi/code/RL/nn-dataset/ab/nn/stat/train/img-classification_cifar-10_acc_rag-e313a35c3fa028c5bba37b34f44fe80a/36.json",
    "/Users/zhangxi/code/RL/nn-dataset/ab/nn/stat/train/img-classification_cifar-10_acc_rag-e313a35c3fa028c5bba37b34f44fe80a/5.json",
    "/Users/zhangxi/code/RL/nn-dataset/ab/nn/stat/train/img-classification_cifar-10_acc_rag-e313a35c3fa028c5bba37b34f44fe80a/9.json",
    "/Users/zhangxi/code/RL/nn-dataset/ab/nn/stat/train/img-classification_cifar-10_acc_rag-e46ec9bd8f38c479ee67507c5ed15ed9/16.json",
    "/Users/zhangxi/code/RL/nn-dataset/ab/nn/stat/train/img-classification_cifar-10_acc_rag-e7cfe3469378ffc243fe4a1cc9219af1/26.json",
    "/Users/zhangxi/code/RL/nn-dataset/ab/nn/stat/train/img-classification_cifar-10_acc_rag-e8f5469e4e6afb0fda4ff5ad55b29254/5.json",
    "/Users/zhangxi/code/RL/nn-dataset/ab/nn/stat/train/img-classification_cifar-10_acc_rag-eaf9869ee00396490ba2f94d5cbb7b06/4.json",
    "/Users/zhangxi/code/RL/nn-dataset/ab/nn/stat/train/img-classification_cifar-10_acc_rag-eaf9869ee00396490ba2f94d5cbb7b06/5.json",
    "/Users/zhangxi/code/RL/nn-dataset/ab/nn/stat/train/img-classification_cifar-10_acc_rag-eb6be41dc165a22e3f0091473bfc7f16/5.json",
    "/Users/zhangxi/code/RL/nn-dataset/ab/nn/stat/train/img-classification_cifar-10_acc_rag-ebb154504fdb437d698696525fe15d6f/2.json",
    "/Users/zhangxi/code/RL/nn-dataset/ab/nn/stat/train/img-classification_cifar-10_acc_rag-efe17582d1fac5e5fd981e01ff7222c6/4.json",
    "/Users/zhangxi/code/RL/nn-dataset/ab/nn/stat/train/img-classification_cifar-10_acc_rag-f17e2399a58870a770c0fa8b2132fcab/29.json",
    "/Users/zhangxi/code/RL/nn-dataset/ab/nn/stat/train/img-classification_cifar-10_acc_rag-f30183ea1e2bde77e132fe7ad112a463/17.json",
    "/Users/zhangxi/code/RL/nn-dataset/ab/nn/stat/train/img-classification_cifar-10_acc_rag-f56f5154694e8562a7e86b3cb5097d7b/2.json",
    "/Users/zhangxi/code/RL/nn-dataset/ab/nn/stat/train/img-classification_cifar-10_acc_rag-f62f28b3564fcb389fe640a51fca62fd/1.json",
    "/Users/zhangxi/code/RL/nn-dataset/ab/nn/stat/train/img-classification_cifar-10_acc_rag-f62f28b3564fcb389fe640a51fca62fd/10.json",
    "/Users/zhangxi/code/RL/nn-dataset/ab/nn/stat/train/img-classification_cifar-10_acc_rag-f62f28b3564fcb389fe640a51fca62fd/11.json",
    "/Users/zhangxi/code/RL/nn-dataset/ab/nn/stat/train/img-classification_cifar-10_acc_rag-f62f28b3564fcb389fe640a51fca62fd/12.json",
    "/Users/zhangxi/code/RL/nn-dataset/ab/nn/stat/train/img-classification_cifar-10_acc_rag-f62f28b3564fcb389fe640a51fca62fd/13.json",
    "/Users/zhangxi/code/RL/nn-dataset/ab/nn/stat/train/img-classification_cifar-10_acc_rag-f62f28b3564fcb389fe640a51fca62fd/14.json",
    "/Users/zhangxi/code/RL/nn-dataset/ab/nn/stat/train/img-classification_cifar-10_acc_rag-f62f28b3564fcb389fe640a51fca62fd/15.json",
    "/Users/zhangxi/code/RL/nn-dataset/ab/nn/stat/train/img-classification_cifar-10_acc_rag-f62f28b3564fcb389fe640a51fca62fd/16.json",
    "/Users/zhangxi/code/RL/nn-dataset/ab/nn/stat/train/img-classification_cifar-10_acc_rag-f62f28b3564fcb389fe640a51fca62fd/17.json",
    "/Users/zhangxi/code/RL/nn-dataset/ab/nn/stat/train/img-classification_cifar-10_acc_rag-f62f28b3564fcb389fe640a51fca62fd/18.json",
    "/Users/zhangxi/code/RL/nn-dataset/ab/nn/stat/train/img-classification_cifar-10_acc_rag-f62f28b3564fcb389fe640a51fca62fd/19.json",
    "/Users/zhangxi/code/RL/nn-dataset/ab/nn/stat/train/img-classification_cifar-10_acc_rag-f62f28b3564fcb389fe640a51fca62fd/2.json",
    "/Users/zhangxi/code/RL/nn-dataset/ab/nn/stat/train/img-classification_cifar-10_acc_rag-f62f28b3564fcb389fe640a51fca62fd/20.json",
    "/Users/zhangxi/code/RL/nn-dataset/ab/nn/stat/train/img-classification_cifar-10_acc_rag-f62f28b3564fcb389fe640a51fca62fd/21.json",
    "/Users/zhangxi/code/RL/nn-dataset/ab/nn/stat/train/img-classification_cifar-10_acc_rag-f62f28b3564fcb389fe640a51fca62fd/22.json",
    "/Users/zhangxi/code/RL/nn-dataset/ab/nn/stat/train/img-classification_cifar-10_acc_rag-f62f28b3564fcb389fe640a51fca62fd/23.json",
    "/Users/zhangxi/code/RL/nn-dataset/ab/nn/stat/train/img-classification_cifar-10_acc_rag-f62f28b3564fcb389fe640a51fca62fd/24.json",
    "/Users/zhangxi/code/RL/nn-dataset/ab/nn/stat/train/img-classification_cifar-10_acc_rag-f62f28b3564fcb389fe640a51fca62fd/25.json",
    "/Users/zhangxi/code/RL/nn-dataset/ab/nn/stat/train/img-classification_cifar-10_acc_rag-f62f28b3564fcb389fe640a51fca62fd/26.json",
    "/Users/zhangxi/code/RL/nn-dataset/ab/nn/stat/train/img-classification_cifar-10_acc_rag-f62f28b3564fcb389fe640a51fca62fd/27.json",
    "/Users/zhangxi/code/RL/nn-dataset/ab/nn/stat/train/img-classification_cifar-10_acc_rag-f62f28b3564fcb389fe640a51fca62fd/28.json",
    "/Users/zhangxi/code/RL/nn-dataset/ab/nn/stat/train/img-classification_cifar-10_acc_rag-f62f28b3564fcb389fe640a51fca62fd/29.json",
    "/Users/zhangxi/code/RL/nn-dataset/ab/nn/stat/train/img-classification_cifar-10_acc_rag-f62f28b3564fcb389fe640a51fca62fd/3.json",
    "/Users/zhangxi/code/RL/nn-dataset/ab/nn/stat/train/img-classification_cifar-10_acc_rag-f62f28b3564fcb389fe640a51fca62fd/30.json",
    "/Users/zhangxi/code/RL/nn-dataset/ab/nn/stat/train/img-classification_cifar-10_acc_rag-f62f28b3564fcb389fe640a51fca62fd/31.json",
    "/Users/zhangxi/code/RL/nn-dataset/ab/nn/stat/train/img-classification_cifar-10_acc_rag-f62f28b3564fcb389fe640a51fca62fd/32.json",
    "/Users/zhangxi/code/RL/nn-dataset/ab/nn/stat/train/img-classification_cifar-10_acc_rag-f62f28b3564fcb389fe640a51fca62fd/33.json",
    "/Users/zhangxi/code/RL/nn-dataset/ab/nn/stat/train/img-classification_cifar-10_acc_rag-f62f28b3564fcb389fe640a51fca62fd/34.json",
    "/Users/zhangxi/code/RL/nn-dataset/ab/nn/stat/train/img-classification_cifar-10_acc_rag-f62f28b3564fcb389fe640a51fca62fd/35.json",
    "/Users/zhangxi/code/RL/nn-dataset/ab/nn/stat/train/img-classification_cifar-10_acc_rag-f62f28b3564fcb389fe640a51fca62fd/36.json",
    "/Users/zhangxi/code/RL/nn-dataset/ab/nn/stat/train/img-classification_cifar-10_acc_rag-f62f28b3564fcb389fe640a51fca62fd/37.json",
    "/Users/zhangxi/code/RL/nn-dataset/ab/nn/stat/train/img-classification_cifar-10_acc_rag-f62f28b3564fcb389fe640a51fca62fd/38.json",
    "/Users/zhangxi/code/RL/nn-dataset/ab/nn/stat/train/img-classification_cifar-10_acc_rag-f62f28b3564fcb389fe640a51fca62fd/39.json",
    "/Users/zhangxi/code/RL/nn-dataset/ab/nn/stat/train/img-classification_cifar-10_acc_rag-f62f28b3564fcb389fe640a51fca62fd/4.json",
    "/Users/zhangxi/code/RL/nn-dataset/ab/nn/stat/train/img-classification_cifar-10_acc_rag-f62f28b3564fcb389fe640a51fca62fd/40.json",
    "/Users/zhangxi/code/RL/nn-dataset/ab/nn/stat/train/img-classification_cifar-10_acc_rag-f62f28b3564fcb389fe640a51fca62fd/41.json",
    "/Users/zhangxi/code/RL/nn-dataset/ab/nn/stat/train/img-classification_cifar-10_acc_rag-f62f28b3564fcb389fe640a51fca62fd/42.json",
    "/Users/zhangxi/code/RL/nn-dataset/ab/nn/stat/train/img-classification_cifar-10_acc_rag-f62f28b3564fcb389fe640a51fca62fd/43.json",
    "/Users/zhangxi/code/RL/nn-dataset/ab/nn/stat/train/img-classification_cifar-10_acc_rag-f62f28b3564fcb389fe640a51fca62fd/44.json",
    "/Users/zhangxi/code/RL/nn-dataset/ab/nn/stat/train/img-classification_cifar-10_acc_rag-f62f28b3564fcb389fe640a51fca62fd/45.json",
    "/Users/zhangxi/code/RL/nn-dataset/ab/nn/stat/train/img-classification_cifar-10_acc_rag-f62f28b3564fcb389fe640a51fca62fd/46.json",
    "/Users/zhangxi/code/RL/nn-dataset/ab/nn/stat/train/img-classification_cifar-10_acc_rag-f62f28b3564fcb389fe640a51fca62fd/47.json",
    "/Users/zhangxi/code/RL/nn-dataset/ab/nn/stat/train/img-classification_cifar-10_acc_rag-f62f28b3564fcb389fe640a51fca62fd/48.json",
    "/Users/zhangxi/code/RL/nn-dataset/ab/nn/stat/train/img-classification_cifar-10_acc_rag-f62f28b3564fcb389fe640a51fca62fd/49.json",
    "/Users/zhangxi/code/RL/nn-dataset/ab/nn/stat/train/img-classification_cifar-10_acc_rag-f62f28b3564fcb389fe640a51fca62fd/5.json",
    "/Users/zhangxi/code/RL/nn-dataset/ab/nn/stat/train/img-classification_cifar-10_acc_rag-f62f28b3564fcb389fe640a51fca62fd/50.json",
    "/Users/zhangxi/code/RL/nn-dataset/ab/nn/stat/train/img-classification_cifar-10_acc_rag-f62f28b3564fcb389fe640a51fca62fd/6.json",
    "/Users/zhangxi/code/RL/nn-dataset/ab/nn/stat/train/img-classification_cifar-10_acc_rag-f62f28b3564fcb389fe640a51fca62fd/7.json",
    "/Users/zhangxi/code/RL/nn-dataset/ab/nn/stat/train/img-classification_cifar-10_acc_rag-f62f28b3564fcb389fe640a51fca62fd/8.json",
    "/Users/zhangxi/code/RL/nn-dataset/ab/nn/stat/train/img-classification_cifar-10_acc_rag-f62f28b3564fcb389fe640a51fca62fd/9.json",
    "/Users/zhangxi/code/RL/nn-dataset/ab/nn/stat/train/img-classification_cifar-10_acc_rag-fd76228481b970dd227df6834bc8e384/2.json",
    "/Users/zhangxi/code/RL/nn-dataset/ab/nn/stat/train/img-classification_cifar-10_acc_rl-back-init-8bac56f361ddf7897e47a8a9176c6e6b/4.json",
    "/Users/zhangxi/code/RL/nn-dataset/ab/nn/stat/train/img-classification_cifar-10_acc_rl-bb-init-07064dc1e583b8fe11e3d2b81b7ca9e7/2.json",
    "/Users/zhangxi/code/RL/nn-dataset/ab/nn/stat/train/img-classification_cifar-10_acc_rl-bb-init-da31bb88f81b769fc594d5bd6e42731c/1.json",
    "/Users/zhangxi/code/RL/nn-dataset/ab/nn/stat/train/img-classification_cifar-10_acc_rl-bb-init-fe575373e6eb1703bf56c0fc6491e9ee/2.json",
    "/Users/zhangxi/code/RL/nn-dataset/ab/nn/stat/train/img-classification_cifar-10_acc_rl-bb-struct1-1946902062afe6ca4ad5a736137a13fa/1.json",
    "/Users/zhangxi/code/RL/nn-dataset/ab/nn/stat/train/img-classification_cifar-10_acc_rl-bb-struct1-308e386df2140e9f3d8331f66029b90e/3.json",
    "/Users/zhangxi/code/RL/nn-dataset/ab/nn/stat/train/img-classification_cifar-10_acc_rl-bb-struct1-77b9b87597e6e1235879d14c5efc65e2/2.json",
    "/Users/zhangxi/code/RL/nn-dataset/ab/nn/stat/train/img-classification_cifar-10_acc_rl-bb-struct1-v2-79594334af4e5f3ea0aaa65d17105fc6/1.json",
    "/Users/zhangxi/code/RL/nn-dataset/ab/nn/stat/train/img-classification_cifar-10_acc_rl-bb-struct1-v2-a306ead54f7851c30b7b2b42f8a7b527/1.json",
    "/Users/zhangxi/code/RL/nn-dataset/ab/nn/stat/train/img-classification_cifar-10_acc_rl-bb-test1-1f90505720a6d24703813bd1ebc892cf/1.json",
    "/Users/zhangxi/code/RL/nn-dataset/ab/nn/stat/train/img-classification_cifar-10_acc_rl-bb-test1-91703548bca263485766b46a5616f93e/2.json",
    "/Users/zhangxi/code/RL/nn-dataset/ab/nn/stat/train/img-classification_cifar-10_acc_rl-bb-test1-b83a903cf834930ed40ed6dfc28c131f/3.json",
    "/Users/zhangxi/code/RL/nn-dataset/ab/nn/stat/train/img-classification_cifar-10_acc_rl-bb-test1-e40ca48efc3ba95b27b003eacd5b4a70/1.json",
    "/Users/zhangxi/code/RL/nn-dataset/ab/nn/stat/train/img-classification_cifar-10_acc_rl-init-2a44b82bd55bc4bb9787225ac8875838/1.json",
    "/Users/zhangxi/code/RL/nn-dataset/ab/nn/stat/train/img-classification_cifar-10_acc_rl-init-2a44b82bd55bc4bb9787225ac8875838/2.json",
    "/Users/zhangxi/code/RL/nn-dataset/ab/nn/stat/train/img-classification_cifar-10_acc_rl-init-2a44b82bd55bc4bb9787225ac8875838/3.json",
    "/Users/zhangxi/code/RL/nn-dataset/ab/nn/stat/train/img-classification_cifar-10_acc_rl-init-2a44b82bd55bc4bb9787225ac8875838/4.json",
    "/Users/zhangxi/code/RL/nn-dataset/ab/nn/stat/train/img-classification_cifar-10_acc_rl-init-2a44b82bd55bc4bb9787225ac8875838/5.json",
    "/Users/zhangxi/code/RL/nn-dataset/ab/nn/stat/train/img-classification_cifar-10_acc_rl-init-463893fbff05f66fd3b36d6403829aba/5.json",
    "/Users/zhangxi/code/RL/nn-dataset/ab/nn/stat/train/img-classification_cifar-10_acc_rl-init-64a2d3c653b63340428133027f7de08f/5.json",
    "/Users/zhangxi/code/RL/nn-dataset/ab/nn/stat/train/img-classification_cifar-10_acc_rl-init-b89c264e6462f081465faf828d8c4c52/5.json",
    "/Users/zhangxi/code/RL/nn-dataset/ab/nn/stat/train/img-classification_cifar-10_acc_rl-init-d0ae3fdea6e477b6a4d54c64ce41c495/3.json",
    "/Users/zhangxi/code/RL/nn-dataset/ab/nn/stat/train/img-classification_cifar-10_acc_rl-init-d74a0cc04a0c4bbff91f9ba84dfd3102/4.json",
    "/Users/zhangxi/code/RL/nn-dataset/ab/nn/stat/train/img-classification_cifar-10_acc_rl-init1-2ca044d24430f7b4c4c4b57d6f678e02/1.json",
    "/Users/zhangxi/code/RL/nn-dataset/ab/nn/stat/train/img-classification_cifar-10_acc_unq-037902c8e66af628612e369c046cf9fa/36.json",
    "/Users/zhangxi/code/RL/nn-dataset/ab/nn/stat/train/img-classification_cifar-10_acc_unq-037902c8e66af628612e369c046cf9fa/45.json",
    "/Users/zhangxi/code/RL/nn-dataset/ab/nn/stat/train/img-classification_cifar-10_acc_unq-051d83a59318bb9f5caa19103cf69a08/41.json",
    "/Users/zhangxi/code/RL/nn-dataset/ab/nn/stat/train/img-classification_cifar-10_acc_unq-09407fd6fcc1a6c6438a2ed6edabf794/15.json",
    "/Users/zhangxi/code/RL/nn-dataset/ab/nn/stat/train/img-classification_cifar-10_acc_unq-09ccfbc8e19df0caa9175c04f65cda22/45.json",
    "/Users/zhangxi/code/RL/nn-dataset/ab/nn/stat/train/img-classification_cifar-10_acc_unq-09eceea20333827e530d729de289364a/3.json",
    "/Users/zhangxi/code/RL/nn-dataset/ab/nn/stat/train/img-classification_cifar-10_acc_unq-1027d446ab8ed9d24fb71637c7d4d3a7/2.json",
    "/Users/zhangxi/code/RL/nn-dataset/ab/nn/stat/train/img-classification_cifar-10_acc_unq-13e77287ea22f448adaab5bff54740e2/35.json",
    "/Users/zhangxi/code/RL/nn-dataset/ab/nn/stat/train/img-classification_cifar-10_acc_unq-151a18bfa7a03566d2d59a9fd4dd22e0/10.json",
    "/Users/zhangxi/code/RL/nn-dataset/ab/nn/stat/train/img-classification_cifar-10_acc_unq-181120193bd2af9bc87260b3d9060ac2/5.json",
    "/Users/zhangxi/code/RL/nn-dataset/ab/nn/stat/train/img-classification_cifar-10_acc_unq-1940119934ef862bd61c00dc2e7f1622/1.json",
    "/Users/zhangxi/code/RL/nn-dataset/ab/nn/stat/train/img-classification_cifar-10_acc_unq-1a3403d16b1e72905540bcbfee282783/1.json",
    "/Users/zhangxi/code/RL/nn-dataset/ab/nn/stat/train/img-classification_cifar-10_acc_unq-1ca8ff166d5b9d9b9c81dcfc3b5ee231/1.json",
    "/Users/zhangxi/code/RL/nn-dataset/ab/nn/stat/train/img-classification_cifar-10_acc_unq-1ea04919b28e5e756fa0cca58c197eb4/1.json",
    "/Users/zhangxi/code/RL/nn-dataset/ab/nn/stat/train/img-classification_cifar-10_acc_unq-21111a3a0404e4bddaf0bbe5919ff289/10.json",
    "/Users/zhangxi/code/RL/nn-dataset/ab/nn/stat/train/img-classification_cifar-10_acc_unq-2234b5feadac1d9ec93cc15d04459587/5.json",
    "/Users/zhangxi/code/RL/nn-dataset/ab/nn/stat/train/img-classification_cifar-10_acc_unq-242a49ca24666ee6ef77427489c53933/10.json",
    "/Users/zhangxi/code/RL/nn-dataset/ab/nn/stat/train/img-classification_cifar-10_acc_unq-2531bc44cb218b42a83eb8017a28033f/1.json",
    "/Users/zhangxi/code/RL/nn-dataset/ab/nn/stat/train/img-classification_cifar-10_acc_unq-2623029b0aff712acd7153c0cf826888/6.json",
    "/Users/zhangxi/code/RL/nn-dataset/ab/nn/stat/train/img-classification_cifar-10_acc_unq-27810d4c7dd7ea7f139439c93831638f/4.json",
    "/Users/zhangxi/code/RL/nn-dataset/ab/nn/stat/train/img-classification_cifar-10_acc_unq-28ece3e9e26d8b6c9b037c74bb6e3a34/3.json",
    "/Users/zhangxi/code/RL/nn-dataset/ab/nn/stat/train/img-classification_cifar-10_acc_unq-2924735eaf3b86a8c751280ca3a917cb/3.json",
    "/Users/zhangxi/code/RL/nn-dataset/ab/nn/stat/train/img-classification_cifar-10_acc_unq-2d5df74133c917084964ec060666e8bf/2.json",
    "/Users/zhangxi/code/RL/nn-dataset/ab/nn/stat/train/img-classification_cifar-10_acc_unq-2f7971ffc1195327a556c00969cfa355/17.json",
    "/Users/zhangxi/code/RL/nn-dataset/ab/nn/stat/train/img-classification_cifar-10_acc_unq-31487d89b54977166ef41a32af80b81f/1.json",
    "/Users/zhangxi/code/RL/nn-dataset/ab/nn/stat/train/img-classification_cifar-10_acc_unq-31487d89b54977166ef41a32af80b81f/2.json",
    "/Users/zhangxi/code/RL/nn-dataset/ab/nn/stat/train/img-classification_cifar-10_acc_unq-31487d89b54977166ef41a32af80b81f/24.json",
    "/Users/zhangxi/code/RL/nn-dataset/ab/nn/stat/train/img-classification_cifar-10_acc_unq-31487d89b54977166ef41a32af80b81f/3.json",
    "/Users/zhangxi/code/RL/nn-dataset/ab/nn/stat/train/img-classification_cifar-10_acc_unq-31487d89b54977166ef41a32af80b81f/4.json",
    "/Users/zhangxi/code/RL/nn-dataset/ab/nn/stat/train/img-classification_cifar-10_acc_unq-31487d89b54977166ef41a32af80b81f/5.json",
    "/Users/zhangxi/code/RL/nn-dataset/ab/nn/stat/train/img-classification_cifar-10_acc_unq-3371cdac424d20b30da60520a1dc084f/1.json",
    "/Users/zhangxi/code/RL/nn-dataset/ab/nn/stat/train/img-classification_cifar-10_acc_unq-345f0efff4ce4290020d2ea6d03e82a1/1.json",
    "/Users/zhangxi/code/RL/nn-dataset/ab/nn/stat/train/img-classification_cifar-10_acc_unq-34ca01ddf8018cee6c7b88e029120c16/1.json",
    "/Users/zhangxi/code/RL/nn-dataset/ab/nn/stat/train/img-classification_cifar-10_acc_unq-34ca01ddf8018cee6c7b88e029120c16/10.json",
    "/Users/zhangxi/code/RL/nn-dataset/ab/nn/stat/train/img-classification_cifar-10_acc_unq-34ca01ddf8018cee6c7b88e029120c16/11.json",
    "/Users/zhangxi/code/RL/nn-dataset/ab/nn/stat/train/img-classification_cifar-10_acc_unq-34ca01ddf8018cee6c7b88e029120c16/12.json",
    "/Users/zhangxi/code/RL/nn-dataset/ab/nn/stat/train/img-classification_cifar-10_acc_unq-34ca01ddf8018cee6c7b88e029120c16/13.json",
    "/Users/zhangxi/code/RL/nn-dataset/ab/nn/stat/train/img-classification_cifar-10_acc_unq-34ca01ddf8018cee6c7b88e029120c16/14.json",
    "/Users/zhangxi/code/RL/nn-dataset/ab/nn/stat/train/img-classification_cifar-10_acc_unq-34ca01ddf8018cee6c7b88e029120c16/15.json",
    "/Users/zhangxi/code/RL/nn-dataset/ab/nn/stat/train/img-classification_cifar-10_acc_unq-34ca01ddf8018cee6c7b88e029120c16/16.json",
    "/Users/zhangxi/code/RL/nn-dataset/ab/nn/stat/train/img-classification_cifar-10_acc_unq-34ca01ddf8018cee6c7b88e029120c16/17.json",
    "/Users/zhangxi/code/RL/nn-dataset/ab/nn/stat/train/img-classification_cifar-10_acc_unq-34ca01ddf8018cee6c7b88e029120c16/18.json",
    "/Users/zhangxi/code/RL/nn-dataset/ab/nn/stat/train/img-classification_cifar-10_acc_unq-34ca01ddf8018cee6c7b88e029120c16/19.json",
    "/Users/zhangxi/code/RL/nn-dataset/ab/nn/stat/train/img-classification_cifar-10_acc_unq-34ca01ddf8018cee6c7b88e029120c16/2.json",
    "/Users/zhangxi/code/RL/nn-dataset/ab/nn/stat/train/img-classification_cifar-10_acc_unq-34ca01ddf8018cee6c7b88e029120c16/20.json",
    "/Users/zhangxi/code/RL/nn-dataset/ab/nn/stat/train/img-classification_cifar-10_acc_unq-34ca01ddf8018cee6c7b88e029120c16/21.json",
    "/Users/zhangxi/code/RL/nn-dataset/ab/nn/stat/train/img-classification_cifar-10_acc_unq-34ca01ddf8018cee6c7b88e029120c16/22.json",
    "/Users/zhangxi/code/RL/nn-dataset/ab/nn/stat/train/img-classification_cifar-10_acc_unq-34ca01ddf8018cee6c7b88e029120c16/23.json",
    "/Users/zhangxi/code/RL/nn-dataset/ab/nn/stat/train/img-classification_cifar-10_acc_unq-34ca01ddf8018cee6c7b88e029120c16/24.json",
    "/Users/zhangxi/code/RL/nn-dataset/ab/nn/stat/train/img-classification_cifar-10_acc_unq-34ca01ddf8018cee6c7b88e029120c16/25.json",
    "/Users/zhangxi/code/RL/nn-dataset/ab/nn/stat/train/img-classification_cifar-10_acc_unq-34ca01ddf8018cee6c7b88e029120c16/26.json",
    "/Users/zhangxi/code/RL/nn-dataset/ab/nn/stat/train/img-classification_cifar-10_acc_unq-34ca01ddf8018cee6c7b88e029120c16/27.json",
    "/Users/zhangxi/code/RL/nn-dataset/ab/nn/stat/train/img-classification_cifar-10_acc_unq-34ca01ddf8018cee6c7b88e029120c16/28.json",
    "/Users/zhangxi/code/RL/nn-dataset/ab/nn/stat/train/img-classification_cifar-10_acc_unq-34ca01ddf8018cee6c7b88e029120c16/29.json",
    "/Users/zhangxi/code/RL/nn-dataset/ab/nn/stat/train/img-classification_cifar-10_acc_unq-34ca01ddf8018cee6c7b88e029120c16/3.json",
    "/Users/zhangxi/code/RL/nn-dataset/ab/nn/stat/train/img-classification_cifar-10_acc_unq-34ca01ddf8018cee6c7b88e029120c16/30.json",
    "/Users/zhangxi/code/RL/nn-dataset/ab/nn/stat/train/img-classification_cifar-10_acc_unq-34ca01ddf8018cee6c7b88e029120c16/31.json",
    "/Users/zhangxi/code/RL/nn-dataset/ab/nn/stat/train/img-classification_cifar-10_acc_unq-34ca01ddf8018cee6c7b88e029120c16/32.json",
    "/Users/zhangxi/code/RL/nn-dataset/ab/nn/stat/train/img-classification_cifar-10_acc_unq-34ca01ddf8018cee6c7b88e029120c16/33.json",
    "/Users/zhangxi/code/RL/nn-dataset/ab/nn/stat/train/img-classification_cifar-10_acc_unq-34ca01ddf8018cee6c7b88e029120c16/34.json",
    "/Users/zhangxi/code/RL/nn-dataset/ab/nn/stat/train/img-classification_cifar-10_acc_unq-34ca01ddf8018cee6c7b88e029120c16/35.json",
    "/Users/zhangxi/code/RL/nn-dataset/ab/nn/stat/train/img-classification_cifar-10_acc_unq-34ca01ddf8018cee6c7b88e029120c16/36.json",
    "/Users/zhangxi/code/RL/nn-dataset/ab/nn/stat/train/img-classification_cifar-10_acc_unq-34ca01ddf8018cee6c7b88e029120c16/37.json",
    "/Users/zhangxi/code/RL/nn-dataset/ab/nn/stat/train/img-classification_cifar-10_acc_unq-34ca01ddf8018cee6c7b88e029120c16/38.json",
    "/Users/zhangxi/code/RL/nn-dataset/ab/nn/stat/train/img-classification_cifar-10_acc_unq-34ca01ddf8018cee6c7b88e029120c16/39.json",
    "/Users/zhangxi/code/RL/nn-dataset/ab/nn/stat/train/img-classification_cifar-10_acc_unq-34ca01ddf8018cee6c7b88e029120c16/4.json",
    "/Users/zhangxi/code/RL/nn-dataset/ab/nn/stat/train/img-classification_cifar-10_acc_unq-34ca01ddf8018cee6c7b88e029120c16/40.json",
    "/Users/zhangxi/code/RL/nn-dataset/ab/nn/stat/train/img-classification_cifar-10_acc_unq-34ca01ddf8018cee6c7b88e029120c16/41.json",
    "/Users/zhangxi/code/RL/nn-dataset/ab/nn/stat/train/img-classification_cifar-10_acc_unq-34ca01ddf8018cee6c7b88e029120c16/42.json",
    "/Users/zhangxi/code/RL/nn-dataset/ab/nn/stat/train/img-classification_cifar-10_acc_unq-34ca01ddf8018cee6c7b88e029120c16/43.json",
    "/Users/zhangxi/code/RL/nn-dataset/ab/nn/stat/train/img-classification_cifar-10_acc_unq-34ca01ddf8018cee6c7b88e029120c16/44.json",
    "/Users/zhangxi/code/RL/nn-dataset/ab/nn/stat/train/img-classification_cifar-10_acc_unq-34ca01ddf8018cee6c7b88e029120c16/45.json",
    "/Users/zhangxi/code/RL/nn-dataset/ab/nn/stat/train/img-classification_cifar-10_acc_unq-34ca01ddf8018cee6c7b88e029120c16/46.json",
    "/Users/zhangxi/code/RL/nn-dataset/ab/nn/stat/train/img-classification_cifar-10_acc_unq-34ca01ddf8018cee6c7b88e029120c16/47.json",
    "/Users/zhangxi/code/RL/nn-dataset/ab/nn/stat/train/img-classification_cifar-10_acc_unq-34ca01ddf8018cee6c7b88e029120c16/48.json",
    "/Users/zhangxi/code/RL/nn-dataset/ab/nn/stat/train/img-classification_cifar-10_acc_unq-34ca01ddf8018cee6c7b88e029120c16/49.json",
    "/Users/zhangxi/code/RL/nn-dataset/ab/nn/stat/train/img-classification_cifar-10_acc_unq-34ca01ddf8018cee6c7b88e029120c16/5.json",
    "/Users/zhangxi/code/RL/nn-dataset/ab/nn/stat/train/img-classification_cifar-10_acc_unq-34ca01ddf8018cee6c7b88e029120c16/50.json",
    "/Users/zhangxi/code/RL/nn-dataset/ab/nn/stat/train/img-classification_cifar-10_acc_unq-34ca01ddf8018cee6c7b88e029120c16/6.json",
    "/Users/zhangxi/code/RL/nn-dataset/ab/nn/stat/train/img-classification_cifar-10_acc_unq-34ca01ddf8018cee6c7b88e029120c16/7.json",
    "/Users/zhangxi/code/RL/nn-dataset/ab/nn/stat/train/img-classification_cifar-10_acc_unq-34ca01ddf8018cee6c7b88e029120c16/8.json",
    "/Users/zhangxi/code/RL/nn-dataset/ab/nn/stat/train/img-classification_cifar-10_acc_unq-34ca01ddf8018cee6c7b88e029120c16/9.json",
    "/Users/zhangxi/code/RL/nn-dataset/ab/nn/stat/train/img-classification_cifar-10_acc_unq-35f4568a6032f028b86cf62301dfab62/2.json",
    "/Users/zhangxi/code/RL/nn-dataset/ab/nn/stat/train/img-classification_cifar-10_acc_unq-36b3362bdd7edc3468378613f41e2837/21.json",
    "/Users/zhangxi/code/RL/nn-dataset/ab/nn/stat/train/img-classification_cifar-10_acc_unq-38783aaf731c2428d1097be9d9ee0ecf/6.json",
    "/Users/zhangxi/code/RL/nn-dataset/ab/nn/stat/train/img-classification_cifar-10_acc_unq-3bdf1aa9f47571f818c6406744c4e636/22.json",
    "/Users/zhangxi/code/RL/nn-dataset/ab/nn/stat/train/img-classification_cifar-10_acc_unq-3ca595c6c8e962d6f1642b6ae1fca8fe/19.json",
    "/Users/zhangxi/code/RL/nn-dataset/ab/nn/stat/train/img-classification_cifar-10_acc_unq-3ca595c6c8e962d6f1642b6ae1fca8fe/29.json",
    "/Users/zhangxi/code/RL/nn-dataset/ab/nn/stat/train/img-classification_cifar-10_acc_unq-3ca595c6c8e962d6f1642b6ae1fca8fe/8.json",
    "/Users/zhangxi/code/RL/nn-dataset/ab/nn/stat/train/img-classification_cifar-10_acc_unq-3ddab12ac8a3544b0fba0b937c667340/5.json",
    "/Users/zhangxi/code/RL/nn-dataset/ab/nn/stat/train/img-classification_cifar-10_acc_unq-3e88a743b230a979be194897a13eeeb3/32.json",
    "/Users/zhangxi/code/RL/nn-dataset/ab/nn/stat/train/img-classification_cifar-10_acc_unq-42f7d6191385273a5fc5918ebf720f5c/9.json",
    "/Users/zhangxi/code/RL/nn-dataset/ab/nn/stat/train/img-classification_cifar-10_acc_unq-436aa32860b14eab711392fa23bd7d01/22.json",
    "/Users/zhangxi/code/RL/nn-dataset/ab/nn/stat/train/img-classification_cifar-10_acc_unq-4433192e90db416e6399d5c8d1da12e6/45.json",
    "/Users/zhangxi/code/RL/nn-dataset/ab/nn/stat/train/img-classification_cifar-10_acc_unq-453497ddf2195e8205616b1dec888a8f/5.json",
    "/Users/zhangxi/code/RL/nn-dataset/ab/nn/stat/train/img-classification_cifar-10_acc_unq-45c4ed9a7bd5a138b4b162542382f0f1/4.json",
    "/Users/zhangxi/code/RL/nn-dataset/ab/nn/stat/train/img-classification_cifar-10_acc_unq-4b0c660a97b31bbbc58d4b5cd1ce0ec6/1.json",
    "/Users/zhangxi/code/RL/nn-dataset/ab/nn/stat/train/img-classification_cifar-10_acc_unq-4badbecb1162067a9d0d3834a5277056/18.json",
    "/Users/zhangxi/code/RL/nn-dataset/ab/nn/stat/train/img-classification_cifar-10_acc_unq-4c8280d3f700fbe796a41d81886d6525/36.json",
    "/Users/zhangxi/code/RL/nn-dataset/ab/nn/stat/train/img-classification_cifar-10_acc_unq-4caa8e762b8122f7b2be189d3a3c8adc/3.json",
    "/Users/zhangxi/code/RL/nn-dataset/ab/nn/stat/train/img-classification_cifar-10_acc_unq-4ed888425733bb48362d2fbb5818962c/13.json",
    "/Users/zhangxi/code/RL/nn-dataset/ab/nn/stat/train/img-classification_cifar-10_acc_unq-525164b7003c99b1f5632de51522eaf7/2.json",
    "/Users/zhangxi/code/RL/nn-dataset/ab/nn/stat/train/img-classification_cifar-10_acc_unq-54974a93eb461dd3a108d572e2029633/3.json",
    "/Users/zhangxi/code/RL/nn-dataset/ab/nn/stat/train/img-classification_cifar-10_acc_unq-5518ab36c8d48b992ee60dc8f6bc3651/1.json",
    "/Users/zhangxi/code/RL/nn-dataset/ab/nn/stat/train/img-classification_cifar-10_acc_unq-569c6954e44f7004e9d85f967dcf70d7/17.json",
    "/Users/zhangxi/code/RL/nn-dataset/ab/nn/stat/train/img-classification_cifar-10_acc_unq-569c6954e44f7004e9d85f967dcf70d7/18.json",
    "/Users/zhangxi/code/RL/nn-dataset/ab/nn/stat/train/img-classification_cifar-10_acc_unq-56cf4a36472bae137ba1d9c05bbb920a/1.json",
    "/Users/zhangxi/code/RL/nn-dataset/ab/nn/stat/train/img-classification_cifar-10_acc_unq-5b5f1ba0d363e99ac38c52692295431d/37.json",
    "/Users/zhangxi/code/RL/nn-dataset/ab/nn/stat/train/img-classification_cifar-10_acc_unq-5c313adafbc65191b15d3876956fa100/7.json",
    "/Users/zhangxi/code/RL/nn-dataset/ab/nn/stat/train/img-classification_cifar-10_acc_unq-60f4702f2085bd27eda5c09168cdbeba/2.json",
    "/Users/zhangxi/code/RL/nn-dataset/ab/nn/stat/train/img-classification_cifar-10_acc_unq-616776cfcdfa3aeb6888aafed9b9f765/4.json",
    "/Users/zhangxi/code/RL/nn-dataset/ab/nn/stat/train/img-classification_cifar-10_acc_unq-6c3941062638752fcdfe3943e75f007a/5.json",
    "/Users/zhangxi/code/RL/nn-dataset/ab/nn/stat/train/img-classification_cifar-10_acc_unq-6d95522981b9886aa3b51583ae41fd08/1.json",
    "/Users/zhangxi/code/RL/nn-dataset/ab/nn/stat/train/img-classification_cifar-10_acc_unq-6fce35a8d32b95721493ba3b01038ab6/21.json",
    "/Users/zhangxi/code/RL/nn-dataset/ab/nn/stat/train/img-classification_cifar-10_acc_unq-70c19cc909c76412ffd99b52a34ba6cb/1.json",
    "/Users/zhangxi/code/RL/nn-dataset/ab/nn/stat/train/img-classification_cifar-10_acc_unq-70c19cc909c76412ffd99b52a34ba6cb/2.json",
    "/Users/zhangxi/code/RL/nn-dataset/ab/nn/stat/train/img-classification_cifar-10_acc_unq-70c19cc909c76412ffd99b52a34ba6cb/3.json",
    "/Users/zhangxi/code/RL/nn-dataset/ab/nn/stat/train/img-classification_cifar-10_acc_unq-70c19cc909c76412ffd99b52a34ba6cb/4.json",
    "/Users/zhangxi/code/RL/nn-dataset/ab/nn/stat/train/img-classification_cifar-10_acc_unq-70c19cc909c76412ffd99b52a34ba6cb/5.json",
    "/Users/zhangxi/code/RL/nn-dataset/ab/nn/stat/train/img-classification_cifar-10_acc_unq-71e9a8bd785e6a2957ed462b28ec8a72/2.json",
    "/Users/zhangxi/code/RL/nn-dataset/ab/nn/stat/train/img-classification_cifar-10_acc_unq-75c960e46879ae0ac8e031f7ddcdbaa9/2.json",
    "/Users/zhangxi/code/RL/nn-dataset/ab/nn/stat/train/img-classification_cifar-10_acc_unq-7983e9d83f37a4b3d608b40b6f249e2b/19.json",
    "/Users/zhangxi/code/RL/nn-dataset/ab/nn/stat/train/img-classification_cifar-10_acc_unq-7a4bce153e112d0db125d75ac4b399e3/46.json",
    "/Users/zhangxi/code/RL/nn-dataset/ab/nn/stat/train/img-classification_cifar-10_acc_unq-7bc6ceb6a7d7ac93fd997ce8aa04db2c/21.json",
    "/Users/zhangxi/code/RL/nn-dataset/ab/nn/stat/train/img-classification_cifar-10_acc_unq-7c04622b1fddaa7080d59148ff9adb3f/1.json",
    "/Users/zhangxi/code/RL/nn-dataset/ab/nn/stat/train/img-classification_cifar-10_acc_unq-7c04622b1fddaa7080d59148ff9adb3f/10.json",
    "/Users/zhangxi/code/RL/nn-dataset/ab/nn/stat/train/img-classification_cifar-10_acc_unq-7c04622b1fddaa7080d59148ff9adb3f/11.json",
    "/Users/zhangxi/code/RL/nn-dataset/ab/nn/stat/train/img-classification_cifar-10_acc_unq-7c04622b1fddaa7080d59148ff9adb3f/12.json",
    "/Users/zhangxi/code/RL/nn-dataset/ab/nn/stat/train/img-classification_cifar-10_acc_unq-7c04622b1fddaa7080d59148ff9adb3f/13.json",
    "/Users/zhangxi/code/RL/nn-dataset/ab/nn/stat/train/img-classification_cifar-10_acc_unq-7c04622b1fddaa7080d59148ff9adb3f/14.json",
    "/Users/zhangxi/code/RL/nn-dataset/ab/nn/stat/train/img-classification_cifar-10_acc_unq-7c04622b1fddaa7080d59148ff9adb3f/15.json",
    "/Users/zhangxi/code/RL/nn-dataset/ab/nn/stat/train/img-classification_cifar-10_acc_unq-7c04622b1fddaa7080d59148ff9adb3f/16.json",
    "/Users/zhangxi/code/RL/nn-dataset/ab/nn/stat/train/img-classification_cifar-10_acc_unq-7c04622b1fddaa7080d59148ff9adb3f/17.json",
    "/Users/zhangxi/code/RL/nn-dataset/ab/nn/stat/train/img-classification_cifar-10_acc_unq-7c04622b1fddaa7080d59148ff9adb3f/18.json",
    "/Users/zhangxi/code/RL/nn-dataset/ab/nn/stat/train/img-classification_cifar-10_acc_unq-7c04622b1fddaa7080d59148ff9adb3f/19.json",
    "/Users/zhangxi/code/RL/nn-dataset/ab/nn/stat/train/img-classification_cifar-10_acc_unq-7c04622b1fddaa7080d59148ff9adb3f/2.json",
    "/Users/zhangxi/code/RL/nn-dataset/ab/nn/stat/train/img-classification_cifar-10_acc_unq-7c04622b1fddaa7080d59148ff9adb3f/20.json",
    "/Users/zhangxi/code/RL/nn-dataset/ab/nn/stat/train/img-classification_cifar-10_acc_unq-7c04622b1fddaa7080d59148ff9adb3f/21.json",
    "/Users/zhangxi/code/RL/nn-dataset/ab/nn/stat/train/img-classification_cifar-10_acc_unq-7c04622b1fddaa7080d59148ff9adb3f/22.json",
    "/Users/zhangxi/code/RL/nn-dataset/ab/nn/stat/train/img-classification_cifar-10_acc_unq-7c04622b1fddaa7080d59148ff9adb3f/23.json",
    "/Users/zhangxi/code/RL/nn-dataset/ab/nn/stat/train/img-classification_cifar-10_acc_unq-7c04622b1fddaa7080d59148ff9adb3f/24.json",
    "/Users/zhangxi/code/RL/nn-dataset/ab/nn/stat/train/img-classification_cifar-10_acc_unq-7c04622b1fddaa7080d59148ff9adb3f/25.json",
    "/Users/zhangxi/code/RL/nn-dataset/ab/nn/stat/train/img-classification_cifar-10_acc_unq-7c04622b1fddaa7080d59148ff9adb3f/26.json",
    "/Users/zhangxi/code/RL/nn-dataset/ab/nn/stat/train/img-classification_cifar-10_acc_unq-7c04622b1fddaa7080d59148ff9adb3f/27.json",
    "/Users/zhangxi/code/RL/nn-dataset/ab/nn/stat/train/img-classification_cifar-10_acc_unq-7c04622b1fddaa7080d59148ff9adb3f/28.json",
    "/Users/zhangxi/code/RL/nn-dataset/ab/nn/stat/train/img-classification_cifar-10_acc_unq-7c04622b1fddaa7080d59148ff9adb3f/29.json",
    "/Users/zhangxi/code/RL/nn-dataset/ab/nn/stat/train/img-classification_cifar-10_acc_unq-7c04622b1fddaa7080d59148ff9adb3f/3.json",
    "/Users/zhangxi/code/RL/nn-dataset/ab/nn/stat/train/img-classification_cifar-10_acc_unq-7c04622b1fddaa7080d59148ff9adb3f/30.json",
    "/Users/zhangxi/code/RL/nn-dataset/ab/nn/stat/train/img-classification_cifar-10_acc_unq-7c04622b1fddaa7080d59148ff9adb3f/31.json",
    "/Users/zhangxi/code/RL/nn-dataset/ab/nn/stat/train/img-classification_cifar-10_acc_unq-7c04622b1fddaa7080d59148ff9adb3f/32.json",
    "/Users/zhangxi/code/RL/nn-dataset/ab/nn/stat/train/img-classification_cifar-10_acc_unq-7c04622b1fddaa7080d59148ff9adb3f/33.json",
    "/Users/zhangxi/code/RL/nn-dataset/ab/nn/stat/train/img-classification_cifar-10_acc_unq-7c04622b1fddaa7080d59148ff9adb3f/34.json",
    "/Users/zhangxi/code/RL/nn-dataset/ab/nn/stat/train/img-classification_cifar-10_acc_unq-7c04622b1fddaa7080d59148ff9adb3f/35.json",
    "/Users/zhangxi/code/RL/nn-dataset/ab/nn/stat/train/img-classification_cifar-10_acc_unq-7c04622b1fddaa7080d59148ff9adb3f/36.json",
    "/Users/zhangxi/code/RL/nn-dataset/ab/nn/stat/train/img-classification_cifar-10_acc_unq-7c04622b1fddaa7080d59148ff9adb3f/37.json",
    "/Users/zhangxi/code/RL/nn-dataset/ab/nn/stat/train/img-classification_cifar-10_acc_unq-7c04622b1fddaa7080d59148ff9adb3f/38.json",
    "/Users/zhangxi/code/RL/nn-dataset/ab/nn/stat/train/img-classification_cifar-10_acc_unq-7c04622b1fddaa7080d59148ff9adb3f/39.json",
    "/Users/zhangxi/code/RL/nn-dataset/ab/nn/stat/train/img-classification_cifar-10_acc_unq-7c04622b1fddaa7080d59148ff9adb3f/4.json",
    "/Users/zhangxi/code/RL/nn-dataset/ab/nn/stat/train/img-classification_cifar-10_acc_unq-7c04622b1fddaa7080d59148ff9adb3f/40.json",
    "/Users/zhangxi/code/RL/nn-dataset/ab/nn/stat/train/img-classification_cifar-10_acc_unq-7c04622b1fddaa7080d59148ff9adb3f/41.json",
    "/Users/zhangxi/code/RL/nn-dataset/ab/nn/stat/train/img-classification_cifar-10_acc_unq-7c04622b1fddaa7080d59148ff9adb3f/42.json",
    "/Users/zhangxi/code/RL/nn-dataset/ab/nn/stat/train/img-classification_cifar-10_acc_unq-7c04622b1fddaa7080d59148ff9adb3f/43.json",
    "/Users/zhangxi/code/RL/nn-dataset/ab/nn/stat/train/img-classification_cifar-10_acc_unq-7c04622b1fddaa7080d59148ff9adb3f/44.json",
    "/Users/zhangxi/code/RL/nn-dataset/ab/nn/stat/train/img-classification_cifar-10_acc_unq-7c04622b1fddaa7080d59148ff9adb3f/45.json",
    "/Users/zhangxi/code/RL/nn-dataset/ab/nn/stat/train/img-classification_cifar-10_acc_unq-7c04622b1fddaa7080d59148ff9adb3f/46.json",
    "/Users/zhangxi/code/RL/nn-dataset/ab/nn/stat/train/img-classification_cifar-10_acc_unq-7c04622b1fddaa7080d59148ff9adb3f/47.json",
    "/Users/zhangxi/code/RL/nn-dataset/ab/nn/stat/train/img-classification_cifar-10_acc_unq-7c04622b1fddaa7080d59148ff9adb3f/48.json",
    "/Users/zhangxi/code/RL/nn-dataset/ab/nn/stat/train/img-classification_cifar-10_acc_unq-7c04622b1fddaa7080d59148ff9adb3f/49.json",
    "/Users/zhangxi/code/RL/nn-dataset/ab/nn/stat/train/img-classification_cifar-10_acc_unq-7c04622b1fddaa7080d59148ff9adb3f/5.json",
    "/Users/zhangxi/code/RL/nn-dataset/ab/nn/stat/train/img-classification_cifar-10_acc_unq-7c04622b1fddaa7080d59148ff9adb3f/50.json",
    "/Users/zhangxi/code/RL/nn-dataset/ab/nn/stat/train/img-classification_cifar-10_acc_unq-7c04622b1fddaa7080d59148ff9adb3f/6.json",
    "/Users/zhangxi/code/RL/nn-dataset/ab/nn/stat/train/img-classification_cifar-10_acc_unq-7c04622b1fddaa7080d59148ff9adb3f/7.json",
    "/Users/zhangxi/code/RL/nn-dataset/ab/nn/stat/train/img-classification_cifar-10_acc_unq-7c04622b1fddaa7080d59148ff9adb3f/8.json",
    "/Users/zhangxi/code/RL/nn-dataset/ab/nn/stat/train/img-classification_cifar-10_acc_unq-7c04622b1fddaa7080d59148ff9adb3f/9.json",
    "/Users/zhangxi/code/RL/nn-dataset/ab/nn/stat/train/img-classification_cifar-10_acc_unq-7c2998105eb8f45d71a38d8fac803142/28.json",
    "/Users/zhangxi/code/RL/nn-dataset/ab/nn/stat/train/img-classification_cifar-10_acc_unq-7c3c3fb0317ad8c68e1327d844aaf550/8.json",
    "/Users/zhangxi/code/RL/nn-dataset/ab/nn/stat/train/img-classification_cifar-10_acc_unq-7c4c4a4e0fb39ab1ff121b12eafb0b68/32.json",
    "/Users/zhangxi/code/RL/nn-dataset/ab/nn/stat/train/img-classification_cifar-10_acc_unq-7c4c4a4e0fb39ab1ff121b12eafb0b68/4.json",
    "/Users/zhangxi/code/RL/nn-dataset/ab/nn/stat/train/img-classification_cifar-10_acc_unq-7d632eda91cbbd3a9e6eb976b600084e/4.json",
    "/Users/zhangxi/code/RL/nn-dataset/ab/nn/stat/train/img-classification_cifar-10_acc_unq-7daa8e8d0ad21e168a86b4f105d36f34/15.json",
    "/Users/zhangxi/code/RL/nn-dataset/ab/nn/stat/train/img-classification_cifar-10_acc_unq-7f2d946b92f73bf3c14c8445ee2f5c6b/25.json",
    "/Users/zhangxi/code/RL/nn-dataset/ab/nn/stat/train/img-classification_cifar-10_acc_unq-7f7bc297c2903f02b6bed2a43c8527f5/1.json",
    "/Users/zhangxi/code/RL/nn-dataset/ab/nn/stat/train/img-classification_cifar-10_acc_unq-803164beef82450f367e6cd42fdf873d/20.json",
    "/Users/zhangxi/code/RL/nn-dataset/ab/nn/stat/train/img-classification_cifar-10_acc_unq-80c7b032af2d103e1b8ecb86577a9c17/1.json",
    "/Users/zhangxi/code/RL/nn-dataset/ab/nn/stat/train/img-classification_cifar-10_acc_unq-80c7b032af2d103e1b8ecb86577a9c17/2.json",
    "/Users/zhangxi/code/RL/nn-dataset/ab/nn/stat/train/img-classification_cifar-10_acc_unq-80c7b032af2d103e1b8ecb86577a9c17/3.json",
    "/Users/zhangxi/code/RL/nn-dataset/ab/nn/stat/train/img-classification_cifar-10_acc_unq-80c7b032af2d103e1b8ecb86577a9c17/4.json",
    "/Users/zhangxi/code/RL/nn-dataset/ab/nn/stat/train/img-classification_cifar-10_acc_unq-80c7b032af2d103e1b8ecb86577a9c17/5.json",
    "/Users/zhangxi/code/RL/nn-dataset/ab/nn/stat/train/img-classification_cifar-10_acc_unq-854d37cdff6a8f1c62bf2928ec6b7f60/29.json",
    "/Users/zhangxi/code/RL/nn-dataset/ab/nn/stat/train/img-classification_cifar-10_acc_unq-854d37cdff6a8f1c62bf2928ec6b7f60/31.json",
    "/Users/zhangxi/code/RL/nn-dataset/ab/nn/stat/train/img-classification_cifar-10_acc_unq-86b052d3b5ea54500259b6394795a31b/1.json",
    "/Users/zhangxi/code/RL/nn-dataset/ab/nn/stat/train/img-classification_cifar-10_acc_unq-86bec9e6774c164e2d8c11353962e2f3/31.json",
    "/Users/zhangxi/code/RL/nn-dataset/ab/nn/stat/train/img-classification_cifar-10_acc_unq-8778d19519ed3708e4fc49316f411345/1.json",
    "/Users/zhangxi/code/RL/nn-dataset/ab/nn/stat/train/img-classification_cifar-10_acc_unq-87902484cbab6eac379f58d1896047d8/1.json",
    "/Users/zhangxi/code/RL/nn-dataset/ab/nn/stat/train/img-classification_cifar-10_acc_unq-88a7350291defa66b88324e87ae55240/1.json",
    "/Users/zhangxi/code/RL/nn-dataset/ab/nn/stat/train/img-classification_cifar-10_acc_unq-898e9a117ddfed2be6359c0bf904502e/2.json",
    "/Users/zhangxi/code/RL/nn-dataset/ab/nn/stat/train/img-classification_cifar-10_acc_unq-8a0ec8546b13668fa738fc85911cee59/4.json",
    "/Users/zhangxi/code/RL/nn-dataset/ab/nn/stat/train/img-classification_cifar-10_acc_unq-8a5e1b87f2a1f1bdae8e06462f4f00ee/13.json",
    "/Users/zhangxi/code/RL/nn-dataset/ab/nn/stat/train/img-classification_cifar-10_acc_unq-8b619ee5d1d78987548be04c53661bd2/2.json",
    "/Users/zhangxi/code/RL/nn-dataset/ab/nn/stat/train/img-classification_cifar-10_acc_unq-8e56df92e758f3b8a87f9276dee3142a/16.json",
    "/Users/zhangxi/code/RL/nn-dataset/ab/nn/stat/train/img-classification_cifar-10_acc_unq-8ede216b185d29bd2b6609bcd840ec24/7.json",
    "/Users/zhangxi/code/RL/nn-dataset/ab/nn/stat/train/img-classification_cifar-10_acc_unq-8fc972d9e139e741a3e0eeb8d314abb2/4.json",
    "/Users/zhangxi/code/RL/nn-dataset/ab/nn/stat/train/img-classification_cifar-10_acc_unq-92b404928b5205602eef6547d1fd7eb3/1.json",
    "/Users/zhangxi/code/RL/nn-dataset/ab/nn/stat/train/img-classification_cifar-10_acc_unq-92b404928b5205602eef6547d1fd7eb3/2.json",
    "/Users/zhangxi/code/RL/nn-dataset/ab/nn/stat/train/img-classification_cifar-10_acc_unq-92b404928b5205602eef6547d1fd7eb3/3.json",
    "/Users/zhangxi/code/RL/nn-dataset/ab/nn/stat/train/img-classification_cifar-10_acc_unq-92b404928b5205602eef6547d1fd7eb3/4.json",
    "/Users/zhangxi/code/RL/nn-dataset/ab/nn/stat/train/img-classification_cifar-10_acc_unq-92b404928b5205602eef6547d1fd7eb3/5.json",
    "/Users/zhangxi/code/RL/nn-dataset/ab/nn/stat/train/img-classification_cifar-10_acc_unq-9333aa7cbf278cbac684fa53f87c55fc/42.json",
    "/Users/zhangxi/code/RL/nn-dataset/ab/nn/stat/train/img-classification_cifar-10_acc_unq-9ae56f773976ef0614835344399f1418/5.json",
    "/Users/zhangxi/code/RL/nn-dataset/ab/nn/stat/train/img-classification_cifar-10_acc_unq-9b2ea643b0365991ea113c248ea56d85/6.json",
    "/Users/zhangxi/code/RL/nn-dataset/ab/nn/stat/train/img-classification_cifar-10_acc_unq-9df8ea791eed54bc3916444463504680/5.json",
    "/Users/zhangxi/code/RL/nn-dataset/ab/nn/stat/train/img-classification_cifar-10_acc_unq-9e3c6e35ca631e51b736400c561c6dc8/1.json",
    "/Users/zhangxi/code/RL/nn-dataset/ab/nn/stat/train/img-classification_cifar-10_acc_unq-9e85ea4ba6b941881f17a6778eba244f/3.json",
    "/Users/zhangxi/code/RL/nn-dataset/ab/nn/stat/train/img-classification_cifar-10_acc_unq-9fd701268bbac93d2081bb1eb8a6c3a8/44.json",
    "/Users/zhangxi/code/RL/nn-dataset/ab/nn/stat/train/img-classification_cifar-10_acc_unq-9fd701268bbac93d2081bb1eb8a6c3a8/8.json",
    "/Users/zhangxi/code/RL/nn-dataset/ab/nn/stat/train/img-classification_cifar-10_acc_unq-a17f9ca31e90f1dfad9033770d5ed30d/47.json",
    "/Users/zhangxi/code/RL/nn-dataset/ab/nn/stat/train/img-classification_cifar-10_acc_unq-a453dc35bf1e6a5024fb752ce3d58cf7/1.json",
    "/Users/zhangxi/code/RL/nn-dataset/ab/nn/stat/train/img-classification_cifar-10_acc_unq-a6dafe8769f6e848bac5d05351741d37/2.json",
    "/Users/zhangxi/code/RL/nn-dataset/ab/nn/stat/train/img-classification_cifar-10_acc_unq-a78e326f202eb5efb0c2ab5ada3920de/11.json",
    "/Users/zhangxi/code/RL/nn-dataset/ab/nn/stat/train/img-classification_cifar-10_acc_unq-a78e326f202eb5efb0c2ab5ada3920de/12.json",
    "/Users/zhangxi/code/RL/nn-dataset/ab/nn/stat/train/img-classification_cifar-10_acc_unq-aa2e03efb8953e4d4441987292eb557b/2.json",
    "/Users/zhangxi/code/RL/nn-dataset/ab/nn/stat/train/img-classification_cifar-10_acc_unq-ab2a67a5bbb682b395d9459a3238934b/5.json",
    "/Users/zhangxi/code/RL/nn-dataset/ab/nn/stat/train/img-classification_cifar-10_acc_unq-ad5bc509ab8fd94c435908767756e432/24.json",
    "/Users/zhangxi/code/RL/nn-dataset/ab/nn/stat/train/img-classification_cifar-10_acc_unq-ae983db6f9bf356a1345c0dee5db54bd/3.json",
    "/Users/zhangxi/code/RL/nn-dataset/ab/nn/stat/train/img-classification_cifar-10_acc_unq-b0e39f1dcec4788260d155cde6ba3bfd/4.json",
    "/Users/zhangxi/code/RL/nn-dataset/ab/nn/stat/train/img-classification_cifar-10_acc_unq-b0fed2e81322d0f710b0912740687641/5.json",
    "/Users/zhangxi/code/RL/nn-dataset/ab/nn/stat/train/img-classification_cifar-10_acc_unq-b26f3bad818f81992c755f1cefbdbd83/18.json",
    "/Users/zhangxi/code/RL/nn-dataset/ab/nn/stat/train/img-classification_cifar-10_acc_unq-b29fcdf1da3b5dad3644134ecd16865e/38.json",
    "/Users/zhangxi/code/RL/nn-dataset/ab/nn/stat/train/img-classification_cifar-10_acc_unq-b2a3d98c1ac141877c57f4c8dbb9712c/1.json",
    "/Users/zhangxi/code/RL/nn-dataset/ab/nn/stat/train/img-classification_cifar-10_acc_unq-b3cc057a2464dd26782432b52ca18763/3.json",
    "/Users/zhangxi/code/RL/nn-dataset/ab/nn/stat/train/img-classification_cifar-10_acc_unq-b70a673e8a8d81e6640a3f2355fb449d/4.json",
    "/Users/zhangxi/code/RL/nn-dataset/ab/nn/stat/train/img-classification_cifar-10_acc_unq-bb4862b6285c7eedf55a691a8a1e040b/2.json",
    "/Users/zhangxi/code/RL/nn-dataset/ab/nn/stat/train/img-classification_cifar-10_acc_unq-bc2de796daf71c2d0aef13489110c84a/42.json",
    "/Users/zhangxi/code/RL/nn-dataset/ab/nn/stat/train/img-classification_cifar-10_acc_unq-bcc953202cf755ecb2d584c743c59d86/3.json",
    "/Users/zhangxi/code/RL/nn-dataset/ab/nn/stat/train/img-classification_cifar-10_acc_unq-bccdb91f6fdffe682a0a78a9e079ce0d/3.json",
    "/Users/zhangxi/code/RL/nn-dataset/ab/nn/stat/train/img-classification_cifar-10_acc_unq-be564a0207f2e13eb5cf54f6456ed52b/38.json",
    "/Users/zhangxi/code/RL/nn-dataset/ab/nn/stat/train/img-classification_cifar-10_acc_unq-c04a0aec3dd58e1b96bc2f2b11ec932f/4.json",
    "/Users/zhangxi/code/RL/nn-dataset/ab/nn/stat/train/img-classification_cifar-10_acc_unq-c061ed3cb6fe69c11e868806ea11ae0c/1.json",
    "/Users/zhangxi/code/RL/nn-dataset/ab/nn/stat/train/img-classification_cifar-10_acc_unq-c061ed3cb6fe69c11e868806ea11ae0c/2.json",
    "/Users/zhangxi/code/RL/nn-dataset/ab/nn/stat/train/img-classification_cifar-10_acc_unq-c061ed3cb6fe69c11e868806ea11ae0c/3.json",
    "/Users/zhangxi/code/RL/nn-dataset/ab/nn/stat/train/img-classification_cifar-10_acc_unq-c061ed3cb6fe69c11e868806ea11ae0c/4.json",
    "/Users/zhangxi/code/RL/nn-dataset/ab/nn/stat/train/img-classification_cifar-10_acc_unq-c061ed3cb6fe69c11e868806ea11ae0c/5.json",
    "/Users/zhangxi/code/RL/nn-dataset/ab/nn/stat/train/img-classification_cifar-10_acc_unq-c46f838b9e78c96a73a0ced7dc27c98b/38.json",
    "/Users/zhangxi/code/RL/nn-dataset/ab/nn/stat/train/img-classification_cifar-10_acc_unq-c705f4b111208a926989b8a8e6e2b81a/1.json",
    "/Users/zhangxi/code/RL/nn-dataset/ab/nn/stat/train/img-classification_cifar-10_acc_unq-ceff6f88df9da3feb522d92d0931611d/2.json",
    "/Users/zhangxi/code/RL/nn-dataset/ab/nn/stat/train/img-classification_cifar-10_acc_unq-ceff6f88df9da3feb522d92d0931611d/44.json",
    "/Users/zhangxi/code/RL/nn-dataset/ab/nn/stat/train/img-classification_cifar-10_acc_unq-d0269d53e5568cfabc2455dcaeeae6eb/24.json",
    "/Users/zhangxi/code/RL/nn-dataset/ab/nn/stat/train/img-classification_cifar-10_acc_unq-d2abe330f1e25cb4db8ff6dca60ec52d/2.json",
    "/Users/zhangxi/code/RL/nn-dataset/ab/nn/stat/train/img-classification_cifar-10_acc_unq-d449045d73f5e8ec5697814538118ee3/20.json",
    "/Users/zhangxi/code/RL/nn-dataset/ab/nn/stat/train/img-classification_cifar-10_acc_unq-d54c775b8b4d804b47f80f970750f00e/1.json",
    "/Users/zhangxi/code/RL/nn-dataset/ab/nn/stat/train/img-classification_cifar-10_acc_unq-d59bcdce1964c8009f4a86fbfd667a05/5.json",
    "/Users/zhangxi/code/RL/nn-dataset/ab/nn/stat/train/img-classification_cifar-10_acc_unq-d82c4d2c0867624da6db3073d4b2c19b/1.json",
    "/Users/zhangxi/code/RL/nn-dataset/ab/nn/stat/train/img-classification_cifar-10_acc_unq-db968d294516e3ceaaa0c081f4c3575b/1.json",
    "/Users/zhangxi/code/RL/nn-dataset/ab/nn/stat/train/img-classification_cifar-10_acc_unq-dfadeae7bdcb54f4812e5d8f53c41cb0/1.json",
    "/Users/zhangxi/code/RL/nn-dataset/ab/nn/stat/train/img-classification_cifar-10_acc_unq-dffa4106377ff27e78ddc54c08ea1c60/4.json",
    "/Users/zhangxi/code/RL/nn-dataset/ab/nn/stat/train/img-classification_cifar-10_acc_unq-e00b6f903d173114d57dd56c4e4b4fd6/18.json",
    "/Users/zhangxi/code/RL/nn-dataset/ab/nn/stat/train/img-classification_cifar-10_acc_unq-e0952467fa496c33a651eb2384878995/12.json",
    "/Users/zhangxi/code/RL/nn-dataset/ab/nn/stat/train/img-classification_cifar-10_acc_unq-e0952467fa496c33a651eb2384878995/2.json",
    "/Users/zhangxi/code/RL/nn-dataset/ab/nn/stat/train/img-classification_cifar-10_acc_unq-e3fbebacee71560dedd5007ca6a38c49/1.json",
    "/Users/zhangxi/code/RL/nn-dataset/ab/nn/stat/train/img-classification_cifar-10_acc_unq-e44cb7a653488f81e2ae6af25c16231e/16.json",
    "/Users/zhangxi/code/RL/nn-dataset/ab/nn/stat/train/img-classification_cifar-10_acc_unq-e48d0591ef09fcec6a45fc75dc4602eb/22.json",
    "/Users/zhangxi/code/RL/nn-dataset/ab/nn/stat/train/img-classification_cifar-10_acc_unq-e83ee30c390dfcfda890939f05cc9a90/3.json",
    "/Users/zhangxi/code/RL/nn-dataset/ab/nn/stat/train/img-classification_cifar-10_acc_unq-e9b1c5af6f7807e04fd24d72f51a08d3/1.json",
    "/Users/zhangxi/code/RL/nn-dataset/ab/nn/stat/train/img-classification_cifar-10_acc_unq-e9b1c5af6f7807e04fd24d72f51a08d3/2.json",
    "/Users/zhangxi/code/RL/nn-dataset/ab/nn/stat/train/img-classification_cifar-10_acc_unq-e9b1c5af6f7807e04fd24d72f51a08d3/3.json",
    "/Users/zhangxi/code/RL/nn-dataset/ab/nn/stat/train/img-classification_cifar-10_acc_unq-e9b1c5af6f7807e04fd24d72f51a08d3/4.json",
    "/Users/zhangxi/code/RL/nn-dataset/ab/nn/stat/train/img-classification_cifar-10_acc_unq-e9b1c5af6f7807e04fd24d72f51a08d3/5.json",
    "/Users/zhangxi/code/RL/nn-dataset/ab/nn/stat/train/img-classification_cifar-10_acc_unq-eb408fd6b981920de909c380a73a34a1/17.json",
    "/Users/zhangxi/code/RL/nn-dataset/ab/nn/stat/train/img-classification_cifar-10_acc_unq-ecc8548dee08ffb1ab8cc7bb73ff2e89/14.json",
    "/Users/zhangxi/code/RL/nn-dataset/ab/nn/stat/train/img-classification_cifar-10_acc_unq-ecc8548dee08ffb1ab8cc7bb73ff2e89/4.json",
    "/Users/zhangxi/code/RL/nn-dataset/ab/nn/stat/train/img-classification_cifar-10_acc_unq-edced2e6ae4180793e94ff9acd09443c/1.json",
    "/Users/zhangxi/code/RL/nn-dataset/ab/nn/stat/train/img-classification_cifar-10_acc_unq-edced2e6ae4180793e94ff9acd09443c/10.json",
    "/Users/zhangxi/code/RL/nn-dataset/ab/nn/stat/train/img-classification_cifar-10_acc_unq-edced2e6ae4180793e94ff9acd09443c/11.json",
    "/Users/zhangxi/code/RL/nn-dataset/ab/nn/stat/train/img-classification_cifar-10_acc_unq-edced2e6ae4180793e94ff9acd09443c/12.json",
    "/Users/zhangxi/code/RL/nn-dataset/ab/nn/stat/train/img-classification_cifar-10_acc_unq-edced2e6ae4180793e94ff9acd09443c/13.json",
    "/Users/zhangxi/code/RL/nn-dataset/ab/nn/stat/train/img-classification_cifar-10_acc_unq-edced2e6ae4180793e94ff9acd09443c/14.json",
    "/Users/zhangxi/code/RL/nn-dataset/ab/nn/stat/train/img-classification_cifar-10_acc_unq-edced2e6ae4180793e94ff9acd09443c/15.json",
    "/Users/zhangxi/code/RL/nn-dataset/ab/nn/stat/train/img-classification_cifar-10_acc_unq-edced2e6ae4180793e94ff9acd09443c/16.json",
    "/Users/zhangxi/code/RL/nn-dataset/ab/nn/stat/train/img-classification_cifar-10_acc_unq-edced2e6ae4180793e94ff9acd09443c/17.json",
    "/Users/zhangxi/code/RL/nn-dataset/ab/nn/stat/train/img-classification_cifar-10_acc_unq-edced2e6ae4180793e94ff9acd09443c/18.json",
    "/Users/zhangxi/code/RL/nn-dataset/ab/nn/stat/train/img-classification_cifar-10_acc_unq-edced2e6ae4180793e94ff9acd09443c/19.json",
    "/Users/zhangxi/code/RL/nn-dataset/ab/nn/stat/train/img-classification_cifar-10_acc_unq-edced2e6ae4180793e94ff9acd09443c/2.json",
    "/Users/zhangxi/code/RL/nn-dataset/ab/nn/stat/train/img-classification_cifar-10_acc_unq-edced2e6ae4180793e94ff9acd09443c/20.json",
    "/Users/zhangxi/code/RL/nn-dataset/ab/nn/stat/train/img-classification_cifar-10_acc_unq-edced2e6ae4180793e94ff9acd09443c/21.json",
    "/Users/zhangxi/code/RL/nn-dataset/ab/nn/stat/train/img-classification_cifar-10_acc_unq-edced2e6ae4180793e94ff9acd09443c/22.json",
    "/Users/zhangxi/code/RL/nn-dataset/ab/nn/stat/train/img-classification_cifar-10_acc_unq-edced2e6ae4180793e94ff9acd09443c/23.json",
    "/Users/zhangxi/code/RL/nn-dataset/ab/nn/stat/train/img-classification_cifar-10_acc_unq-edced2e6ae4180793e94ff9acd09443c/24.json",
    "/Users/zhangxi/code/RL/nn-dataset/ab/nn/stat/train/img-classification_cifar-10_acc_unq-edced2e6ae4180793e94ff9acd09443c/25.json",
    "/Users/zhangxi/code/RL/nn-dataset/ab/nn/stat/train/img-classification_cifar-10_acc_unq-edced2e6ae4180793e94ff9acd09443c/26.json",
    "/Users/zhangxi/code/RL/nn-dataset/ab/nn/stat/train/img-classification_cifar-10_acc_unq-edced2e6ae4180793e94ff9acd09443c/27.json",
    "/Users/zhangxi/code/RL/nn-dataset/ab/nn/stat/train/img-classification_cifar-10_acc_unq-edced2e6ae4180793e94ff9acd09443c/28.json",
    "/Users/zhangxi/code/RL/nn-dataset/ab/nn/stat/train/img-classification_cifar-10_acc_unq-edced2e6ae4180793e94ff9acd09443c/29.json",
    "/Users/zhangxi/code/RL/nn-dataset/ab/nn/stat/train/img-classification_cifar-10_acc_unq-edced2e6ae4180793e94ff9acd09443c/3.json",
    "/Users/zhangxi/code/RL/nn-dataset/ab/nn/stat/train/img-classification_cifar-10_acc_unq-edced2e6ae4180793e94ff9acd09443c/30.json",
    "/Users/zhangxi/code/RL/nn-dataset/ab/nn/stat/train/img-classification_cifar-10_acc_unq-edced2e6ae4180793e94ff9acd09443c/31.json",
    "/Users/zhangxi/code/RL/nn-dataset/ab/nn/stat/train/img-classification_cifar-10_acc_unq-edced2e6ae4180793e94ff9acd09443c/32.json",
    "/Users/zhangxi/code/RL/nn-dataset/ab/nn/stat/train/img-classification_cifar-10_acc_unq-edced2e6ae4180793e94ff9acd09443c/33.json",
    "/Users/zhangxi/code/RL/nn-dataset/ab/nn/stat/train/img-classification_cifar-10_acc_unq-edced2e6ae4180793e94ff9acd09443c/34.json",
    "/Users/zhangxi/code/RL/nn-dataset/ab/nn/stat/train/img-classification_cifar-10_acc_unq-edced2e6ae4180793e94ff9acd09443c/35.json",
    "/Users/zhangxi/code/RL/nn-dataset/ab/nn/stat/train/img-classification_cifar-10_acc_unq-edced2e6ae4180793e94ff9acd09443c/36.json",
    "/Users/zhangxi/code/RL/nn-dataset/ab/nn/stat/train/img-classification_cifar-10_acc_unq-edced2e6ae4180793e94ff9acd09443c/37.json",
    "/Users/zhangxi/code/RL/nn-dataset/ab/nn/stat/train/img-classification_cifar-10_acc_unq-edced2e6ae4180793e94ff9acd09443c/38.json",
    "/Users/zhangxi/code/RL/nn-dataset/ab/nn/stat/train/img-classification_cifar-10_acc_unq-edced2e6ae4180793e94ff9acd09443c/39.json",
    "/Users/zhangxi/code/RL/nn-dataset/ab/nn/stat/train/img-classification_cifar-10_acc_unq-edced2e6ae4180793e94ff9acd09443c/4.json",
    "/Users/zhangxi/code/RL/nn-dataset/ab/nn/stat/train/img-classification_cifar-10_acc_unq-edced2e6ae4180793e94ff9acd09443c/40.json",
    "/Users/zhangxi/code/RL/nn-dataset/ab/nn/stat/train/img-classification_cifar-10_acc_unq-edced2e6ae4180793e94ff9acd09443c/41.json",
    "/Users/zhangxi/code/RL/nn-dataset/ab/nn/stat/train/img-classification_cifar-10_acc_unq-edced2e6ae4180793e94ff9acd09443c/42.json",
    "/Users/zhangxi/code/RL/nn-dataset/ab/nn/stat/train/img-classification_cifar-10_acc_unq-edced2e6ae4180793e94ff9acd09443c/43.json",
    "/Users/zhangxi/code/RL/nn-dataset/ab/nn/stat/train/img-classification_cifar-10_acc_unq-edced2e6ae4180793e94ff9acd09443c/44.json",
    "/Users/zhangxi/code/RL/nn-dataset/ab/nn/stat/train/img-classification_cifar-10_acc_unq-edced2e6ae4180793e94ff9acd09443c/45.json",
    "/Users/zhangxi/code/RL/nn-dataset/ab/nn/stat/train/img-classification_cifar-10_acc_unq-edced2e6ae4180793e94ff9acd09443c/46.json",
    "/Users/zhangxi/code/RL/nn-dataset/ab/nn/stat/train/img-classification_cifar-10_acc_unq-edced2e6ae4180793e94ff9acd09443c/47.json",
    "/Users/zhangxi/code/RL/nn-dataset/ab/nn/stat/train/img-classification_cifar-10_acc_unq-edced2e6ae4180793e94ff9acd09443c/48.json",
    "/Users/zhangxi/code/RL/nn-dataset/ab/nn/stat/train/img-classification_cifar-10_acc_unq-edced2e6ae4180793e94ff9acd09443c/49.json",
    "/Users/zhangxi/code/RL/nn-dataset/ab/nn/stat/train/img-classification_cifar-10_acc_unq-edced2e6ae4180793e94ff9acd09443c/5.json",
    "/Users/zhangxi/code/RL/nn-dataset/ab/nn/stat/train/img-classification_cifar-10_acc_unq-edced2e6ae4180793e94ff9acd09443c/50.json",
    "/Users/zhangxi/code/RL/nn-dataset/ab/nn/stat/train/img-classification_cifar-10_acc_unq-edced2e6ae4180793e94ff9acd09443c/6.json",
    "/Users/zhangxi/code/RL/nn-dataset/ab/nn/stat/train/img-classification_cifar-10_acc_unq-edced2e6ae4180793e94ff9acd09443c/7.json",
    "/Users/zhangxi/code/RL/nn-dataset/ab/nn/stat/train/img-classification_cifar-10_acc_unq-edced2e6ae4180793e94ff9acd09443c/8.json",
    "/Users/zhangxi/code/RL/nn-dataset/ab/nn/stat/train/img-classification_cifar-10_acc_unq-edced2e6ae4180793e94ff9acd09443c/9.json",
    "/Users/zhangxi/code/RL/nn-dataset/ab/nn/stat/train/img-classification_cifar-10_acc_unq-f0bcf2c2b20353097810fac6c42cd8b2/1.json",
    "/Users/zhangxi/code/RL/nn-dataset/ab/nn/stat/train/img-classification_cifar-10_acc_unq-f0c7e5d15e02b2985bdc5c5868af9c12/31.json",
    "/Users/zhangxi/code/RL/nn-dataset/ab/nn/stat/train/img-classification_cifar-10_acc_unq-f18ee05bf0bfa1a7fb5f3c01098681b4/16.json",
    "/Users/zhangxi/code/RL/nn-dataset/ab/nn/stat/train/img-classification_cifar-10_acc_unq-f1d1d54174a9ff7a6091e16029d9b9f7/3.json",
    "/Users/zhangxi/code/RL/nn-dataset/ab/nn/stat/train/img-classification_cifar-10_acc_unq-f1d1d54174a9ff7a6091e16029d9b9f7/4.json",
    "/Users/zhangxi/code/RL/nn-dataset/ab/nn/stat/train/img-classification_cifar-10_acc_unq-f337281e22f2daa270ccf7461e84e5d9/4.json",
    "/Users/zhangxi/code/RL/nn-dataset/ab/nn/stat/train/img-classification_cifar-10_acc_unq-f43e4283ac7a2e6af0e440d26a052507/18.json",
    "/Users/zhangxi/code/RL/nn-dataset/ab/nn/stat/train/img-classification_cifar-10_acc_unq-f81037bd3ba945ba5693d455a6d49cb7/5.json",
    "/Users/zhangxi/code/RL/nn-dataset/ab/nn/stat/train/img-classification_cifar-10_acc_unq-faded238442b848c6c30360a9d183d1b/1.json",
    "/Users/zhangxi/code/RL/nn-dataset/ab/nn/stat/train/img-classification_cifar-10_acc_unq-faded238442b848c6c30360a9d183d1b/2.json",
    "/Users/zhangxi/code/RL/nn-dataset/ab/nn/stat/train/img-classification_cifar-10_acc_unq-faded238442b848c6c30360a9d183d1b/3.json",
    "/Users/zhangxi/code/RL/nn-dataset/ab/nn/stat/train/img-classification_cifar-10_acc_unq-faded238442b848c6c30360a9d183d1b/4.json",
    "/Users/zhangxi/code/RL/nn-dataset/ab/nn/stat/train/img-classification_cifar-10_acc_unq-faded238442b848c6c30360a9d183d1b/5.json",
    "/Users/zhangxi/code/RL/nn-dataset/ab/nn/stat/train/img-classification_cifar-10_acc_unq-fe25703c4f1e3aff1d94f8798e0c84db/1.json",
    "/Users/zhangxi/code/RL/nn-dataset/ab/nn/stat/train/img-classification_cifar-10_acc_unq-ff57c7ef1ed868d8f49197817adebf47/1.json",
    "/Users/zhangxi/code/RL/nn-dataset/ab/nn/stat/train/img-classification_cifar-10_acc_unq-ffe795028bb876fe644e733e137cc048/20.json",
    "/Users/zhangxi/code/RL/nn-dataset/ab/nn/stat/train/img-classification_cifar-10_acc_unq-ffe795028bb876fe644e733e137cc048/5.json",
    "/Users/zhangxi/code/RL/nn-dataset/ab/nn/stat/train/img-classification_imagenette_acc_AirNet/44.json",
    "/Users/zhangxi/code/RL/nn-dataset/ab/nn/stat/train/img-classification_imagenette_acc_AirNet/47.json",
    "/Users/zhangxi/code/RL/nn-dataset/ab/nn/stat/train/img-classification_imagenette_acc_BagNet/1.json",
    "/Users/zhangxi/code/RL/nn-dataset/ab/nn/stat/train/img-classification_imagenette_acc_BagNet/10.json",
    "/Users/zhangxi/code/RL/nn-dataset/ab/nn/stat/train/img-classification_imagenette_acc_BagNet/11.json",
    "/Users/zhangxi/code/RL/nn-dataset/ab/nn/stat/train/img-classification_imagenette_acc_BagNet/12.json",
    "/Users/zhangxi/code/RL/nn-dataset/ab/nn/stat/train/img-classification_imagenette_acc_BagNet/13.json",
    "/Users/zhangxi/code/RL/nn-dataset/ab/nn/stat/train/img-classification_imagenette_acc_BagNet/14.json",
    "/Users/zhangxi/code/RL/nn-dataset/ab/nn/stat/train/img-classification_imagenette_acc_BagNet/15.json",
    "/Users/zhangxi/code/RL/nn-dataset/ab/nn/stat/train/img-classification_imagenette_acc_BagNet/16.json",
    "/Users/zhangxi/code/RL/nn-dataset/ab/nn/stat/train/img-classification_imagenette_acc_BagNet/17.json",
    "/Users/zhangxi/code/RL/nn-dataset/ab/nn/stat/train/img-classification_imagenette_acc_BagNet/18.json",
    "/Users/zhangxi/code/RL/nn-dataset/ab/nn/stat/train/img-classification_imagenette_acc_BagNet/19.json",
    "/Users/zhangxi/code/RL/nn-dataset/ab/nn/stat/train/img-classification_imagenette_acc_BagNet/2.json",
    "/Users/zhangxi/code/RL/nn-dataset/ab/nn/stat/train/img-classification_imagenette_acc_BagNet/20.json",
    "/Users/zhangxi/code/RL/nn-dataset/ab/nn/stat/train/img-classification_imagenette_acc_BagNet/21.json",
    "/Users/zhangxi/code/RL/nn-dataset/ab/nn/stat/train/img-classification_imagenette_acc_BagNet/22.json",
    "/Users/zhangxi/code/RL/nn-dataset/ab/nn/stat/train/img-classification_imagenette_acc_BagNet/23.json",
    "/Users/zhangxi/code/RL/nn-dataset/ab/nn/stat/train/img-classification_imagenette_acc_BagNet/24.json",
    "/Users/zhangxi/code/RL/nn-dataset/ab/nn/stat/train/img-classification_imagenette_acc_BagNet/25.json",
    "/Users/zhangxi/code/RL/nn-dataset/ab/nn/stat/train/img-classification_imagenette_acc_BagNet/26.json",
    "/Users/zhangxi/code/RL/nn-dataset/ab/nn/stat/train/img-classification_imagenette_acc_BagNet/27.json",
    "/Users/zhangxi/code/RL/nn-dataset/ab/nn/stat/train/img-classification_imagenette_acc_BagNet/28.json",
    "/Users/zhangxi/code/RL/nn-dataset/ab/nn/stat/train/img-classification_imagenette_acc_BagNet/29.json",
    "/Users/zhangxi/code/RL/nn-dataset/ab/nn/stat/train/img-classification_imagenette_acc_BagNet/3.json",
    "/Users/zhangxi/code/RL/nn-dataset/ab/nn/stat/train/img-classification_imagenette_acc_BagNet/30.json",
    "/Users/zhangxi/code/RL/nn-dataset/ab/nn/stat/train/img-classification_imagenette_acc_BagNet/31.json",
    "/Users/zhangxi/code/RL/nn-dataset/ab/nn/stat/train/img-classification_imagenette_acc_BagNet/32.json",
    "/Users/zhangxi/code/RL/nn-dataset/ab/nn/stat/train/img-classification_imagenette_acc_BagNet/33.json",
    "/Users/zhangxi/code/RL/nn-dataset/ab/nn/stat/train/img-classification_imagenette_acc_BagNet/34.json",
    "/Users/zhangxi/code/RL/nn-dataset/ab/nn/stat/train/img-classification_imagenette_acc_BagNet/35.json",
    "/Users/zhangxi/code/RL/nn-dataset/ab/nn/stat/train/img-classification_imagenette_acc_BagNet/36.json",
    "/Users/zhangxi/code/RL/nn-dataset/ab/nn/stat/train/img-classification_imagenette_acc_BagNet/37.json",
    "/Users/zhangxi/code/RL/nn-dataset/ab/nn/stat/train/img-classification_imagenette_acc_BagNet/38.json",
    "/Users/zhangxi/code/RL/nn-dataset/ab/nn/stat/train/img-classification_imagenette_acc_BagNet/39.json",
    "/Users/zhangxi/code/RL/nn-dataset/ab/nn/stat/train/img-classification_imagenette_acc_BagNet/4.json",
    "/Users/zhangxi/code/RL/nn-dataset/ab/nn/stat/train/img-classification_imagenette_acc_BagNet/40.json",
    "/Users/zhangxi/code/RL/nn-dataset/ab/nn/stat/train/img-classification_imagenette_acc_BagNet/41.json",
    "/Users/zhangxi/code/RL/nn-dataset/ab/nn/stat/train/img-classification_imagenette_acc_BagNet/42.json",
    "/Users/zhangxi/code/RL/nn-dataset/ab/nn/stat/train/img-classification_imagenette_acc_BagNet/43.json",
    "/Users/zhangxi/code/RL/nn-dataset/ab/nn/stat/train/img-classification_imagenette_acc_BagNet/44.json",
    "/Users/zhangxi/code/RL/nn-dataset/ab/nn/stat/train/img-classification_imagenette_acc_BagNet/45.json",
    "/Users/zhangxi/code/RL/nn-dataset/ab/nn/stat/train/img-classification_imagenette_acc_BagNet/46.json",
    "/Users/zhangxi/code/RL/nn-dataset/ab/nn/stat/train/img-classification_imagenette_acc_BagNet/47.json",
    "/Users/zhangxi/code/RL/nn-dataset/ab/nn/stat/train/img-classification_imagenette_acc_BagNet/48.json",
    "/Users/zhangxi/code/RL/nn-dataset/ab/nn/stat/train/img-classification_imagenette_acc_BagNet/49.json",
    "/Users/zhangxi/code/RL/nn-dataset/ab/nn/stat/train/img-classification_imagenette_acc_BagNet/5.json",
    "/Users/zhangxi/code/RL/nn-dataset/ab/nn/stat/train/img-classification_imagenette_acc_BagNet/50.json",
    "/Users/zhangxi/code/RL/nn-dataset/ab/nn/stat/train/img-classification_imagenette_acc_BagNet/6.json",
    "/Users/zhangxi/code/RL/nn-dataset/ab/nn/stat/train/img-classification_imagenette_acc_BagNet/7.json",
    "/Users/zhangxi/code/RL/nn-dataset/ab/nn/stat/train/img-classification_imagenette_acc_BagNet/8.json",
    "/Users/zhangxi/code/RL/nn-dataset/ab/nn/stat/train/img-classification_imagenette_acc_BagNet/9.json",
    "/Users/zhangxi/code/RL/nn-dataset/ab/nn/stat/train/img-classification_imagenette_acc_BayesianNet-2/27.json",
    "/Users/zhangxi/code/RL/nn-dataset/ab/nn/stat/train/img-classification_imagenette_acc_BayesianNet-2/39.json",
    "/Users/zhangxi/code/RL/nn-dataset/ab/nn/stat/train/img-classification_imagenette_acc_BayesianNet-2/41.json",
    "/Users/zhangxi/code/RL/nn-dataset/ab/nn/stat/train/img-classification_imagenette_acc_BayesianNet-2/45.json",
    "/Users/zhangxi/code/RL/nn-dataset/ab/nn/stat/train/img-classification_imagenette_acc_ConvNeXt-dda5bf19-9ac1-460b-9bfd-735eec2f4904/43.json",
    "/Users/zhangxi/code/RL/nn-dataset/ab/nn/stat/train/img-classification_imagenette_acc_ConvNeXt-dda5bf19-9ac1-460b-9bfd-735eec2f4904/44.json",
    "/Users/zhangxi/code/RL/nn-dataset/ab/nn/stat/train/img-classification_imagenette_acc_ConvNeXt-dda5bf19-9ac1-460b-9bfd-735eec2f4904/47.json",
    "/Users/zhangxi/code/RL/nn-dataset/ab/nn/stat/train/img-classification_imagenette_acc_ConvNeXt/15.json",
    "/Users/zhangxi/code/RL/nn-dataset/ab/nn/stat/train/img-classification_imagenette_acc_ConvNeXt/2.json",
    "/Users/zhangxi/code/RL/nn-dataset/ab/nn/stat/train/img-classification_imagenette_acc_ConvNeXt/5.json",
    "/Users/zhangxi/code/RL/nn-dataset/ab/nn/stat/train/img-classification_imagenette_acc_DPN107-5b2b51fe-7507-449a-ab79-daa4aa6a0d5b/13.json",
    "/Users/zhangxi/code/RL/nn-dataset/ab/nn/stat/train/img-classification_imagenette_acc_DPN107-5b2b51fe-7507-449a-ab79-daa4aa6a0d5b/35.json",
    "/Users/zhangxi/code/RL/nn-dataset/ab/nn/stat/train/img-classification_imagenette_acc_DPN107-5b2b51fe-7507-449a-ab79-daa4aa6a0d5b/4.json",
    "/Users/zhangxi/code/RL/nn-dataset/ab/nn/stat/train/img-classification_imagenette_acc_DPN107/1.json",
    "/Users/zhangxi/code/RL/nn-dataset/ab/nn/stat/train/img-classification_imagenette_acc_DPN131-42be581b-a213-4e2d-8c64-51a614272cfa/1.json",
    "/Users/zhangxi/code/RL/nn-dataset/ab/nn/stat/train/img-classification_imagenette_acc_DPN131-c53a40b8-b874-4c8b-999b-0944a1173a46/3.json",
    "/Users/zhangxi/code/RL/nn-dataset/ab/nn/stat/train/img-classification_imagenette_acc_DPN131/2.json",
    "/Users/zhangxi/code/RL/nn-dataset/ab/nn/stat/train/img-classification_imagenette_acc_DPN131/9.json",
    "/Users/zhangxi/code/RL/nn-dataset/ab/nn/stat/train/img-classification_imagenette_acc_DPN68-9693aa0b-80bf-4393-a9e0-dd985a5ab128/1.json",
    "/Users/zhangxi/code/RL/nn-dataset/ab/nn/stat/train/img-classification_imagenette_acc_DPN68-a29dbe56-909e-4543-8028-d0cec31d92fb/13.json",
    "/Users/zhangxi/code/RL/nn-dataset/ab/nn/stat/train/img-classification_imagenette_acc_DarkNet-d434ba1c-25ea-4160-a41d-4c477dba7bc0/2.json",
    "/Users/zhangxi/code/RL/nn-dataset/ab/nn/stat/train/img-classification_imagenette_acc_DarkNet/1.json",
    "/Users/zhangxi/code/RL/nn-dataset/ab/nn/stat/train/img-classification_imagenette_acc_DarkNet/2.json",
    "/Users/zhangxi/code/RL/nn-dataset/ab/nn/stat/train/img-classification_imagenette_acc_DarkNet/3.json",
    "/Users/zhangxi/code/RL/nn-dataset/ab/nn/stat/train/img-classification_imagenette_acc_DarkNet/4.json",
    "/Users/zhangxi/code/RL/nn-dataset/ab/nn/stat/train/img-classification_imagenette_acc_DarkNet/5.json",
    "/Users/zhangxi/code/RL/nn-dataset/ab/nn/stat/train/img-classification_imagenette_acc_Diffuser/3.json",
    "/Users/zhangxi/code/RL/nn-dataset/ab/nn/stat/train/img-classification_imagenette_acc_GoogLeNet/6.json",
    "/Users/zhangxi/code/RL/nn-dataset/ab/nn/stat/train/img-classification_imagenette_acc_InceptionV3-1/15.json",
    "/Users/zhangxi/code/RL/nn-dataset/ab/nn/stat/train/img-classification_imagenette_acc_InceptionV3-2/4.json",
    "/Users/zhangxi/code/RL/nn-dataset/ab/nn/stat/train/img-classification_imagenette_acc_MaxVit/37.json",
    "/Users/zhangxi/code/RL/nn-dataset/ab/nn/stat/train/img-classification_imagenette_acc_MobileNetV3/2.json",
    "/Users/zhangxi/code/RL/nn-dataset/ab/nn/stat/train/img-classification_imagenette_acc_ResNet-708bfd82-401b-4b36-bcdb-53b97dc6f07e/1.json",
    "/Users/zhangxi/code/RL/nn-dataset/ab/nn/stat/train/img-classification_imagenette_acc_ShuffleNet-41ecc90b-02ab-4ea7-a4d3-fb07d562df54/23.json",
    "/Users/zhangxi/code/RL/nn-dataset/ab/nn/stat/train/img-classification_imagenette_acc_SqueezeNet-1/2.json",
    "/Users/zhangxi/code/RL/nn-dataset/ab/nn/stat/train/img-classification_imagenette_acc_SwinTransformer/47.json",
    "/Users/zhangxi/code/RL/nn-dataset/ab/nn/stat/train/img-classification_imagenette_acc_UNet2D-5c9cad65-7bf0-4170-b2ea-c9b74dbf2dcb/15.json",
    "/Users/zhangxi/code/RL/nn-dataset/ab/nn/stat/train/img-classification_imagenette_acc_VisionTransformer-d602c220-f5f5-40e5-b422-48379133c3ef/40.json",
    "/Users/zhangxi/code/RL/nn-dataset/ab/nn/stat/train/img-classification_imagenette_acc_VisionTransformer-d602c220-f5f5-40e5-b422-48379133c3ef/45.json",
    "/Users/zhangxi/code/RL/nn-dataset/ab/nn/stat/train/img-classification_imagenette_acc_VisionTransformer-d602c220-f5f5-40e5-b422-48379133c3ef/46.json",
    "/Users/zhangxi/code/RL/nn-dataset/ab/nn/stat/train/img-classification_imagenette_acc_VisionTransformer-d602c220-f5f5-40e5-b422-48379133c3ef/47.json",
    "/Users/zhangxi/code/RL/nn-dataset/ab/nn/stat/train/img-classification_imagenette_acc_VisionTransformer/7.json",
    "/Users/zhangxi/code/RL/nn-dataset/ab/nn/stat/train/img-classification_imagenette_acc_alt-16fc7db6a60ccd494eb88507064f3210/1.json",
    "/Users/zhangxi/code/RL/nn-dataset/ab/nn/stat/train/img-classification_imagenette_acc_alt-1bee6f30448375c90265e96ed32d0728/1.json",
    "/Users/zhangxi/code/RL/nn-dataset/ab/nn/stat/train/img-classification_imagenette_acc_alt-1bee6f30448375c90265e96ed32d0728/2.json",
    "/Users/zhangxi/code/RL/nn-dataset/ab/nn/stat/train/img-classification_imagenette_acc_alt-1bee6f30448375c90265e96ed32d0728/3.json",
    "/Users/zhangxi/code/RL/nn-dataset/ab/nn/stat/train/img-classification_imagenette_acc_alt-1bee6f30448375c90265e96ed32d0728/4.json",
    "/Users/zhangxi/code/RL/nn-dataset/ab/nn/stat/train/img-classification_imagenette_acc_alt-1bee6f30448375c90265e96ed32d0728/5.json",
    "/Users/zhangxi/code/RL/nn-dataset/ab/nn/stat/train/img-classification_imagenette_acc_alt-2d2dd8f18c9d1f0b4a26b01e497a1d85/50.json",
    "/Users/zhangxi/code/RL/nn-dataset/ab/nn/stat/train/img-classification_imagenette_acc_alt-3173ada4826a5234069875e41cd0ab54/3.json",
    "/Users/zhangxi/code/RL/nn-dataset/ab/nn/stat/train/img-classification_imagenette_acc_alt-3d8047d5e93d0b8d9a6baaf2430007b9/2.json",
    "/Users/zhangxi/code/RL/nn-dataset/ab/nn/stat/train/img-classification_imagenette_acc_alt-3da36836f75dd1d022b0bb485f0540fc/2.json",
    "/Users/zhangxi/code/RL/nn-dataset/ab/nn/stat/train/img-classification_imagenette_acc_alt-4d2925320f55d3dd88793a5395baad11/4.json",
    "/Users/zhangxi/code/RL/nn-dataset/ab/nn/stat/train/img-classification_imagenette_acc_alt-6293d4bbb3a20f2914b06db8fe229c64/2.json",
    "/Users/zhangxi/code/RL/nn-dataset/ab/nn/stat/train/img-classification_imagenette_acc_alt-67e4e31f670b7f53754ee59ae1321f4f/1.json",
    "/Users/zhangxi/code/RL/nn-dataset/ab/nn/stat/train/img-classification_imagenette_acc_alt-67e4e31f670b7f53754ee59ae1321f4f/2.json",
    "/Users/zhangxi/code/RL/nn-dataset/ab/nn/stat/train/img-classification_imagenette_acc_alt-68ff3162bbbbe03e0af196f887ce0255/3.json",
    "/Users/zhangxi/code/RL/nn-dataset/ab/nn/stat/train/img-classification_imagenette_acc_alt-6a81d03d0daa67e6981e5722cbba086d/2.json",
    "/Users/zhangxi/code/RL/nn-dataset/ab/nn/stat/train/img-classification_imagenette_acc_alt-7721611a8f13ccd5e5b1f9a3a523e59c/1.json",
    "/Users/zhangxi/code/RL/nn-dataset/ab/nn/stat/train/img-classification_imagenette_acc_alt-7721611a8f13ccd5e5b1f9a3a523e59c/2.json",
    "/Users/zhangxi/code/RL/nn-dataset/ab/nn/stat/train/img-classification_imagenette_acc_alt-7721611a8f13ccd5e5b1f9a3a523e59c/3.json",
    "/Users/zhangxi/code/RL/nn-dataset/ab/nn/stat/train/img-classification_imagenette_acc_alt-7721611a8f13ccd5e5b1f9a3a523e59c/4.json",
    "/Users/zhangxi/code/RL/nn-dataset/ab/nn/stat/train/img-classification_imagenette_acc_alt-7721611a8f13ccd5e5b1f9a3a523e59c/5.json",
    "/Users/zhangxi/code/RL/nn-dataset/ab/nn/stat/train/img-classification_imagenette_acc_alt-7899990a367ff60e74ddd78d4905a903/1.json",
    "/Users/zhangxi/code/RL/nn-dataset/ab/nn/stat/train/img-classification_imagenette_acc_alt-9953783b45f6f67a8b70c5593e9d9226/3.json",
    "/Users/zhangxi/code/RL/nn-dataset/ab/nn/stat/train/img-classification_imagenette_acc_alt-a1f13ae317d07751ee51dedc4b6b3d11/5.json",
    "/Users/zhangxi/code/RL/nn-dataset/ab/nn/stat/train/img-classification_imagenette_acc_alt-a3d629a8efb4c8828d59d68b9c22e8c0/2.json",
    "/Users/zhangxi/code/RL/nn-dataset/ab/nn/stat/train/img-classification_imagenette_acc_alt-a8004305649813ff308cb4218da93db8/5.json",
    "/Users/zhangxi/code/RL/nn-dataset/ab/nn/stat/train/img-classification_imagenette_acc_alt-ab09d9d2205d3dd5caffce5b9f43deaa/2.json",
    "/Users/zhangxi/code/RL/nn-dataset/ab/nn/stat/train/img-classification_imagenette_acc_alt-ab09d9d2205d3dd5caffce5b9f43deaa/4.json",
    "/Users/zhangxi/code/RL/nn-dataset/ab/nn/stat/train/img-classification_imagenette_acc_alt-afa0669db59b82eb3e4b41c9d447ccf6/2.json",
    "/Users/zhangxi/code/RL/nn-dataset/ab/nn/stat/train/img-classification_imagenette_acc_alt-beaf0074ec7647390d207ebb03b9bc61/5.json",
    "/Users/zhangxi/code/RL/nn-dataset/ab/nn/stat/train/img-classification_imagenette_acc_alt-cb533ebd9c87dab30bb3d17051046c1f/5.json",
    "/Users/zhangxi/code/RL/nn-dataset/ab/nn/stat/train/img-classification_imagenette_acc_alt-cd98f2cdb97a262004ec1218331171d7/4.json",
    "/Users/zhangxi/code/RL/nn-dataset/ab/nn/stat/train/img-classification_imagenette_acc_alt-ce4b1f2df8882df1ad9178ee18cde909/2.json",
    "/Users/zhangxi/code/RL/nn-dataset/ab/nn/stat/train/img-classification_imagenette_acc_alt-d5a6b35dbec9907af2e0637b79f8ab94/1.json",
    "/Users/zhangxi/code/RL/nn-dataset/ab/nn/stat/train/img-classification_imagenette_acc_alt-e6dccc9d338554570df88fb4adbfc096/4.json",
    "/Users/zhangxi/code/RL/nn-dataset/ab/nn/stat/train/img-classification_imagenette_acc_alt-f15d2d40e309d0206ed7b5507bb30767/1.json",
    "/Users/zhangxi/code/RL/nn-dataset/ab/nn/stat/train/img-classification_imagenette_acc_alt-f6d5a4327d622cdcb37e27eff273e591/2.json",
    "/Users/zhangxi/code/RL/nn-dataset/ab/nn/stat/train/img-classification_imagenette_acc_alt-fd99c2ebe0da3718408133cea9f0edd8/1.json",
    "/Users/zhangxi/code/RL/nn-dataset/ab/nn/stat/train/img-classification_imagenette_acc_alt-fe2f97fe3c0e3f97471fa8335f75d72e/5.json",
    "/Users/zhangxi/code/RL/nn-dataset/ab/nn/stat/train/img-classification_imagenette_acc_alt-fecf695d64f8038edd66254f9bd02704/2.json",
    "/Users/zhangxi/code/RL/nn-dataset/ab/nn/stat/train/img-classification_imagenette_acc_alt-ffd2f0d89fa0b4890bef2e14ebe129a0/3.json",
    "/Users/zhangxi/code/RL/nn-dataset/ab/nn/stat/train/img-classification_imagenette_acc_alt-nn1-0436b0281f322f58569609994f14e0fa/49.json",
    "/Users/zhangxi/code/RL/nn-dataset/ab/nn/stat/train/img-classification_imagenette_acc_alt-nn1-1885d9cd146451d6cfa794c97ba77820/1.json",
    "/Users/zhangxi/code/RL/nn-dataset/ab/nn/stat/train/img-classification_imagenette_acc_alt-nn1-1885d9cd146451d6cfa794c97ba77820/2.json",
    "/Users/zhangxi/code/RL/nn-dataset/ab/nn/stat/train/img-classification_imagenette_acc_alt-nn1-1885d9cd146451d6cfa794c97ba77820/3.json",
    "/Users/zhangxi/code/RL/nn-dataset/ab/nn/stat/train/img-classification_imagenette_acc_alt-nn1-1885d9cd146451d6cfa794c97ba77820/4.json",
    "/Users/zhangxi/code/RL/nn-dataset/ab/nn/stat/train/img-classification_imagenette_acc_alt-nn1-1885d9cd146451d6cfa794c97ba77820/5.json",
    "/Users/zhangxi/code/RL/nn-dataset/ab/nn/stat/train/img-classification_imagenette_acc_alt-nn1-26de99a76bcebe6a2791162e818a5666/1.json",
    "/Users/zhangxi/code/RL/nn-dataset/ab/nn/stat/train/img-classification_imagenette_acc_alt-nn1-26de99a76bcebe6a2791162e818a5666/2.json",
    "/Users/zhangxi/code/RL/nn-dataset/ab/nn/stat/train/img-classification_imagenette_acc_alt-nn1-2bb08a38c7e9abc0c0df892672052088/4.json",
    "/Users/zhangxi/code/RL/nn-dataset/ab/nn/stat/train/img-classification_imagenette_acc_alt-nn1-2f01650b99649fa8ecae5db02a4fbceb/3.json",
    "/Users/zhangxi/code/RL/nn-dataset/ab/nn/stat/train/img-classification_imagenette_acc_alt-nn1-3373884aff9535dc3eb1fad397e0528f/5.json",
    "/Users/zhangxi/code/RL/nn-dataset/ab/nn/stat/train/img-classification_imagenette_acc_alt-nn1-45ea2178c7e4898e9d458df7daf024fe/1.json",
    "/Users/zhangxi/code/RL/nn-dataset/ab/nn/stat/train/img-classification_imagenette_acc_alt-nn1-5dc7824bdfac452f5257a588e7738be9/1.json",
    "/Users/zhangxi/code/RL/nn-dataset/ab/nn/stat/train/img-classification_imagenette_acc_alt-nn1-5dc7824bdfac452f5257a588e7738be9/2.json",
    "/Users/zhangxi/code/RL/nn-dataset/ab/nn/stat/train/img-classification_imagenette_acc_alt-nn1-5dc7824bdfac452f5257a588e7738be9/3.json",
    "/Users/zhangxi/code/RL/nn-dataset/ab/nn/stat/train/img-classification_imagenette_acc_alt-nn1-5dc7824bdfac452f5257a588e7738be9/4.json",
    "/Users/zhangxi/code/RL/nn-dataset/ab/nn/stat/train/img-classification_imagenette_acc_alt-nn1-5dc7824bdfac452f5257a588e7738be9/5.json",
    "/Users/zhangxi/code/RL/nn-dataset/ab/nn/stat/train/img-classification_imagenette_acc_alt-nn1-84959ebc9090e642dfef642348ce38ce/1.json",
    "/Users/zhangxi/code/RL/nn-dataset/ab/nn/stat/train/img-classification_imagenette_acc_alt-nn1-8765b34ee81f1de309a0518791363483/1.json",
    "/Users/zhangxi/code/RL/nn-dataset/ab/nn/stat/train/img-classification_imagenette_acc_alt-nn1-8765b34ee81f1de309a0518791363483/2.json",
    "/Users/zhangxi/code/RL/nn-dataset/ab/nn/stat/train/img-classification_imagenette_acc_alt-nn1-8765b34ee81f1de309a0518791363483/3.json",
    "/Users/zhangxi/code/RL/nn-dataset/ab/nn/stat/train/img-classification_imagenette_acc_alt-nn1-8765b34ee81f1de309a0518791363483/4.json",
    "/Users/zhangxi/code/RL/nn-dataset/ab/nn/stat/train/img-classification_imagenette_acc_alt-nn1-8765b34ee81f1de309a0518791363483/5.json",
    "/Users/zhangxi/code/RL/nn-dataset/ab/nn/stat/train/img-classification_imagenette_acc_alt-nn1-92180d32158dca140c89f9b587bdfba6/1.json",
    "/Users/zhangxi/code/RL/nn-dataset/ab/nn/stat/train/img-classification_imagenette_acc_alt-nn1-92180d32158dca140c89f9b587bdfba6/2.json",
    "/Users/zhangxi/code/RL/nn-dataset/ab/nn/stat/train/img-classification_imagenette_acc_alt-nn1-92180d32158dca140c89f9b587bdfba6/3.json",
    "/Users/zhangxi/code/RL/nn-dataset/ab/nn/stat/train/img-classification_imagenette_acc_alt-nn1-92180d32158dca140c89f9b587bdfba6/4.json",
    "/Users/zhangxi/code/RL/nn-dataset/ab/nn/stat/train/img-classification_imagenette_acc_alt-nn1-92180d32158dca140c89f9b587bdfba6/5.json",
    "/Users/zhangxi/code/RL/nn-dataset/ab/nn/stat/train/img-classification_imagenette_acc_alt-nn1-95482983d66d969d3f7ebd4bdd0d6e79/1.json",
    "/Users/zhangxi/code/RL/nn-dataset/ab/nn/stat/train/img-classification_imagenette_acc_alt-nn1-96b3bf02c7e751da326e638fd19a98bd/1.json",
    "/Users/zhangxi/code/RL/nn-dataset/ab/nn/stat/train/img-classification_imagenette_acc_alt-nn1-9d327561c70fe2087f3d7827b21d1c33/5.json",
    "/Users/zhangxi/code/RL/nn-dataset/ab/nn/stat/train/img-classification_imagenette_acc_alt-nn1-acbfd41dc080c2251772d6ad81835102/4.json",
    "/Users/zhangxi/code/RL/nn-dataset/ab/nn/stat/train/img-classification_imagenette_acc_alt-nn1-ad1d751ebb0cb08f6bae83fc02e56d04/4.json",
    "/Users/zhangxi/code/RL/nn-dataset/ab/nn/stat/train/img-classification_imagenette_acc_alt-nn1-e55cd56600d61ea50413c2dc5ce3a6b3/3.json",
    "/Users/zhangxi/code/RL/nn-dataset/ab/nn/stat/train/img-classification_imagenette_acc_alt-nn2-47146c6ac8c2c84d4ff0de00c7068511/3.json",
    "/Users/zhangxi/code/RL/nn-dataset/ab/nn/stat/train/img-classification_imagenette_acc_alt-nn2-7102c9d3dc0762669a8c86af290ac124/1.json",
    "/Users/zhangxi/code/RL/nn-dataset/ab/nn/stat/train/img-classification_imagenette_acc_alt-nn2-755ecc8f785aa869ea476f6c98c461da/1.json",
    "/Users/zhangxi/code/RL/nn-dataset/ab/nn/stat/train/img-classification_imagenette_acc_alt-nn3-6ac96a6751b0e44a94babfd580094d6b/4.json",
    "/Users/zhangxi/code/RL/nn-dataset/ab/nn/stat/train/img-classification_imagenette_acc_alt-nn4-1c7d84e5b6984e98cb1558b319676392/5.json",
    "/Users/zhangxi/code/RL/nn-dataset/ab/nn/stat/train/img-classification_imagenette_acc_alt-nn4-78b665b7d465a0d0e2662a3f2df8ec89/1.json",
    "/Users/zhangxi/code/RL/nn-dataset/ab/nn/stat/train/img-classification_imagenette_acc_alt-nn5-73eeceade0afc82edc0ba1a965f89187/5.json",
    "/Users/zhangxi/code/RL/nn-dataset/ab/nn/stat/train/img-classification_imagenette_acc_ast-dimension-AlexNet-14f118bfc35757e34cb96abf9880fb3a/2.json",
    "/Users/zhangxi/code/RL/nn-dataset/ab/nn/stat/train/img-classification_imagenette_acc_ast-dimension-AlexNet-1c5c5b0bdb35fac0686ac831c1db433f/1.json",
    "/Users/zhangxi/code/RL/nn-dataset/ab/nn/stat/train/img-classification_imagenette_acc_ast-dimension-AlexNet-5c6c7a473cd0833634655a453589f28c/1.json",
    "/Users/zhangxi/code/RL/nn-dataset/ab/nn/stat/train/img-classification_imagenette_acc_ast-dimension-AlexNet-7ee1accbceb878156f11618c6a7d6e7c/1.json",
    "/Users/zhangxi/code/RL/nn-dataset/ab/nn/stat/train/img-classification_imagenette_acc_ast-dimension-AlexNet-92c62c611b11678ad6b39c7093691ab0/1.json",
    "/Users/zhangxi/code/RL/nn-dataset/ab/nn/stat/train/img-classification_imagenette_acc_ast-dimension-AlexNet-92c62c611b11678ad6b39c7093691ab0/2.json",
    "/Users/zhangxi/code/RL/nn-dataset/ab/nn/stat/train/img-classification_imagenette_acc_ast-dimension-AlexNet-92c62c611b11678ad6b39c7093691ab0/3.json",
    "/Users/zhangxi/code/RL/nn-dataset/ab/nn/stat/train/img-classification_imagenette_acc_ast-dimension-AlexNet-92c62c611b11678ad6b39c7093691ab0/4.json",
    "/Users/zhangxi/code/RL/nn-dataset/ab/nn/stat/train/img-classification_imagenette_acc_ast-dimension-AlexNet-bd6dc12f23a6acfb685d92b75e207e4f/1.json",
    "/Users/zhangxi/code/RL/nn-dataset/ab/nn/stat/train/img-classification_imagenette_acc_ast-dimension-AlexNet-be4f701364a946b67ced5689e16ae634/1.json",
    "/Users/zhangxi/code/RL/nn-dataset/ab/nn/stat/train/img-classification_imagenette_acc_ast-dimension-AlexNet-be4f701364a946b67ced5689e16ae634/2.json",
    "/Users/zhangxi/code/RL/nn-dataset/ab/nn/stat/train/img-classification_imagenette_acc_ast-dimension-AlexNet-d02d48b267cb5be2c48f7b13e3f0f36e/1.json",
    "/Users/zhangxi/code/RL/nn-dataset/ab/nn/stat/train/img-classification_imagenette_acc_ast-dimension-AlexNet-f9e441de6ef673925a1f78ea9a463d9e/1.json",
    "/Users/zhangxi/code/RL/nn-dataset/ab/nn/stat/train/img-classification_imagenette_acc_ast-dimension-AlexNet-f9e441de6ef673925a1f78ea9a463d9e/2.json",
    "/Users/zhangxi/code/RL/nn-dataset/ab/nn/stat/train/img-classification_imagenette_acc_ast-dimension-AlexNet-f9e441de6ef673925a1f78ea9a463d9e/3.json",
    "/Users/zhangxi/code/RL/nn-dataset/ab/nn/stat/train/img-classification_imagenette_acc_ast-dimension-AlexNet-f9e441de6ef673925a1f78ea9a463d9e/4.json",
    "/Users/zhangxi/code/RL/nn-dataset/ab/nn/stat/train/img-classification_imagenette_acc_ast-dimension-AlexNet-f9e441de6ef673925a1f78ea9a463d9e/5.json",
    "/Users/zhangxi/code/RL/nn-dataset/ab/nn/stat/train/img-classification_imagenette_acc_ast-dimension-AlexNet-fececc74746372df5650d8a65b35560f/1.json",
    "/Users/zhangxi/code/RL/nn-dataset/ab/nn/stat/train/img-classification_imagenette_acc_del-5324d525ee6dd77d45a64800d2cb3087/4.json",
    "/Users/zhangxi/code/RL/nn-dataset/ab/nn/stat/train/img-classification_imagenette_acc_del-f46d7fd9312fa0e3e0ee254ba1d40d43/4.json",
    "/Users/zhangxi/code/RL/nn-dataset/ab/nn/stat/train/img-classification_imagenette_acc_del-fc94b9aa3edc20d3d2ae74abf10898c0/5.json",
    "/Users/zhangxi/code/RL/nn-dataset/ab/nn/stat/train/img-classification_imagenette_acc_ga-100/1.json",
    "/Users/zhangxi/code/RL/nn-dataset/ab/nn/stat/train/img-classification_imagenette_acc_ga-100/2.json",
    "/Users/zhangxi/code/RL/nn-dataset/ab/nn/stat/train/img-classification_imagenette_acc_ga-100/3.json",
    "/Users/zhangxi/code/RL/nn-dataset/ab/nn/stat/train/img-classification_imagenette_acc_ga-100/4.json",
    "/Users/zhangxi/code/RL/nn-dataset/ab/nn/stat/train/img-classification_imagenette_acc_ga-100/5.json",
    "/Users/zhangxi/code/RL/nn-dataset/ab/nn/stat/train/img-classification_imagenette_acc_ga-109/2.json",
    "/Users/zhangxi/code/RL/nn-dataset/ab/nn/stat/train/img-classification_imagenette_acc_ga-114/4.json",
    "/Users/zhangxi/code/RL/nn-dataset/ab/nn/stat/train/img-classification_imagenette_acc_ga-123/2.json",
    "/Users/zhangxi/code/RL/nn-dataset/ab/nn/stat/train/img-classification_imagenette_acc_ga-124/5.json",
    "/Users/zhangxi/code/RL/nn-dataset/ab/nn/stat/train/img-classification_imagenette_acc_ga-135/1.json",
    "/Users/zhangxi/code/RL/nn-dataset/ab/nn/stat/train/img-classification_imagenette_acc_ga-144/3.json",
    "/Users/zhangxi/code/RL/nn-dataset/ab/nn/stat/train/img-classification_imagenette_acc_ga-164/2.json",
    "/Users/zhangxi/code/RL/nn-dataset/ab/nn/stat/train/img-classification_imagenette_acc_ga-165/3.json",
    "/Users/zhangxi/code/RL/nn-dataset/ab/nn/stat/train/img-classification_imagenette_acc_ga-192/3.json",
    "/Users/zhangxi/code/RL/nn-dataset/ab/nn/stat/train/img-classification_imagenette_acc_ga-20/2.json",
    "/Users/zhangxi/code/RL/nn-dataset/ab/nn/stat/train/img-classification_imagenette_acc_ga-201/1.json",
    "/Users/zhangxi/code/RL/nn-dataset/ab/nn/stat/train/img-classification_imagenette_acc_ga-201/2.json",
    "/Users/zhangxi/code/RL/nn-dataset/ab/nn/stat/train/img-classification_imagenette_acc_ga-201/3.json",
    "/Users/zhangxi/code/RL/nn-dataset/ab/nn/stat/train/img-classification_imagenette_acc_ga-201/4.json",
    "/Users/zhangxi/code/RL/nn-dataset/ab/nn/stat/train/img-classification_imagenette_acc_ga-201/5.json",
    "/Users/zhangxi/code/RL/nn-dataset/ab/nn/stat/train/img-classification_imagenette_acc_ga-208/1.json",
    "/Users/zhangxi/code/RL/nn-dataset/ab/nn/stat/train/img-classification_imagenette_acc_ga-212/2.json",
    "/Users/zhangxi/code/RL/nn-dataset/ab/nn/stat/train/img-classification_imagenette_acc_ga-221/1.json",
    "/Users/zhangxi/code/RL/nn-dataset/ab/nn/stat/train/img-classification_imagenette_acc_ga-252/2.json",
    "/Users/zhangxi/code/RL/nn-dataset/ab/nn/stat/train/img-classification_imagenette_acc_ga-291/1.json",
    "/Users/zhangxi/code/RL/nn-dataset/ab/nn/stat/train/img-classification_imagenette_acc_ga-291/2.json",
    "/Users/zhangxi/code/RL/nn-dataset/ab/nn/stat/train/img-classification_imagenette_acc_ga-291/3.json",
    "/Users/zhangxi/code/RL/nn-dataset/ab/nn/stat/train/img-classification_imagenette_acc_ga-291/4.json",
    "/Users/zhangxi/code/RL/nn-dataset/ab/nn/stat/train/img-classification_imagenette_acc_ga-291/5.json",
    "/Users/zhangxi/code/RL/nn-dataset/ab/nn/stat/train/img-classification_imagenette_acc_ga-310/2.json",
    "/Users/zhangxi/code/RL/nn-dataset/ab/nn/stat/train/img-classification_imagenette_acc_ga-311/3.json",
    "/Users/zhangxi/code/RL/nn-dataset/ab/nn/stat/train/img-classification_imagenette_acc_ga-313/1.json",
    "/Users/zhangxi/code/RL/nn-dataset/ab/nn/stat/train/img-classification_imagenette_acc_ga-313/2.json",
    "/Users/zhangxi/code/RL/nn-dataset/ab/nn/stat/train/img-classification_imagenette_acc_ga-313/3.json",
    "/Users/zhangxi/code/RL/nn-dataset/ab/nn/stat/train/img-classification_imagenette_acc_ga-313/4.json",
    "/Users/zhangxi/code/RL/nn-dataset/ab/nn/stat/train/img-classification_imagenette_acc_ga-313/5.json",
    "/Users/zhangxi/code/RL/nn-dataset/ab/nn/stat/train/img-classification_imagenette_acc_ga-324/1.json",
    "/Users/zhangxi/code/RL/nn-dataset/ab/nn/stat/train/img-classification_imagenette_acc_ga-343/3.json",
    "/Users/zhangxi/code/RL/nn-dataset/ab/nn/stat/train/img-classification_imagenette_acc_ga-347/2.json",
    "/Users/zhangxi/code/RL/nn-dataset/ab/nn/stat/train/img-classification_imagenette_acc_ga-350/4.json",
    "/Users/zhangxi/code/RL/nn-dataset/ab/nn/stat/train/img-classification_imagenette_acc_ga-362/4.json",
    "/Users/zhangxi/code/RL/nn-dataset/ab/nn/stat/train/img-classification_imagenette_acc_ga-370/3.json",
    "/Users/zhangxi/code/RL/nn-dataset/ab/nn/stat/train/img-classification_imagenette_acc_ga-373/1.json",
    "/Users/zhangxi/code/RL/nn-dataset/ab/nn/stat/train/img-classification_imagenette_acc_ga-373/2.json",
    "/Users/zhangxi/code/RL/nn-dataset/ab/nn/stat/train/img-classification_imagenette_acc_ga-373/3.json",
    "/Users/zhangxi/code/RL/nn-dataset/ab/nn/stat/train/img-classification_imagenette_acc_ga-373/4.json",
    "/Users/zhangxi/code/RL/nn-dataset/ab/nn/stat/train/img-classification_imagenette_acc_ga-373/5.json",
    "/Users/zhangxi/code/RL/nn-dataset/ab/nn/stat/train/img-classification_imagenette_acc_ga-382/4.json",
    "/Users/zhangxi/code/RL/nn-dataset/ab/nn/stat/train/img-classification_imagenette_acc_ga-388/1.json",
    "/Users/zhangxi/code/RL/nn-dataset/ab/nn/stat/train/img-classification_imagenette_acc_ga-391/3.json",
    "/Users/zhangxi/code/RL/nn-dataset/ab/nn/stat/train/img-classification_imagenette_acc_ga-407/1.json",
    "/Users/zhangxi/code/RL/nn-dataset/ab/nn/stat/train/img-classification_imagenette_acc_ga-412/1.json",
    "/Users/zhangxi/code/RL/nn-dataset/ab/nn/stat/train/img-classification_imagenette_acc_ga-413/1.json",
    "/Users/zhangxi/code/RL/nn-dataset/ab/nn/stat/train/img-classification_imagenette_acc_ga-42/5.json",
    "/Users/zhangxi/code/RL/nn-dataset/ab/nn/stat/train/img-classification_imagenette_acc_ga-44/3.json",
    "/Users/zhangxi/code/RL/nn-dataset/ab/nn/stat/train/img-classification_imagenette_acc_ga-45/1.json",
    "/Users/zhangxi/code/RL/nn-dataset/ab/nn/stat/train/img-classification_imagenette_acc_ga-453/2.json",
    "/Users/zhangxi/code/RL/nn-dataset/ab/nn/stat/train/img-classification_imagenette_acc_ga-454/1.json",
    "/Users/zhangxi/code/RL/nn-dataset/ab/nn/stat/train/img-classification_imagenette_acc_ga-459/4.json",
    "/Users/zhangxi/code/RL/nn-dataset/ab/nn/stat/train/img-classification_imagenette_acc_ga-46/3.json",
    "/Users/zhangxi/code/RL/nn-dataset/ab/nn/stat/train/img-classification_imagenette_acc_ga-471/7.json",
    "/Users/zhangxi/code/RL/nn-dataset/ab/nn/stat/train/img-classification_imagenette_acc_ga-492/3.json",
    "/Users/zhangxi/code/RL/nn-dataset/ab/nn/stat/train/img-classification_imagenette_acc_ga-505/2.json",
    "/Users/zhangxi/code/RL/nn-dataset/ab/nn/stat/train/img-classification_imagenette_acc_ga-505/4.json",
    "/Users/zhangxi/code/RL/nn-dataset/ab/nn/stat/train/img-classification_imagenette_acc_ga-51/3.json",
    "/Users/zhangxi/code/RL/nn-dataset/ab/nn/stat/train/img-classification_imagenette_acc_ga-524/2.json",
    "/Users/zhangxi/code/RL/nn-dataset/ab/nn/stat/train/img-classification_imagenette_acc_ga-540/3.json",
    "/Users/zhangxi/code/RL/nn-dataset/ab/nn/stat/train/img-classification_imagenette_acc_ga-558/1.json",
    "/Users/zhangxi/code/RL/nn-dataset/ab/nn/stat/train/img-classification_imagenette_acc_ga-558/3.json",
    "/Users/zhangxi/code/RL/nn-dataset/ab/nn/stat/train/img-classification_imagenette_acc_ga-561/1.json",
    "/Users/zhangxi/code/RL/nn-dataset/ab/nn/stat/train/img-classification_imagenette_acc_ga-561/2.json",
    "/Users/zhangxi/code/RL/nn-dataset/ab/nn/stat/train/img-classification_imagenette_acc_ga-561/3.json",
    "/Users/zhangxi/code/RL/nn-dataset/ab/nn/stat/train/img-classification_imagenette_acc_ga-561/4.json",
    "/Users/zhangxi/code/RL/nn-dataset/ab/nn/stat/train/img-classification_imagenette_acc_ga-561/5.json",
    "/Users/zhangxi/code/RL/nn-dataset/ab/nn/stat/train/img-classification_imagenette_acc_ga-58/3.json",
    "/Users/zhangxi/code/RL/nn-dataset/ab/nn/stat/train/img-classification_imagenette_acc_ga-59/5.json",
    "/Users/zhangxi/code/RL/nn-dataset/ab/nn/stat/train/img-classification_imagenette_acc_ga-595/1.json",
    "/Users/zhangxi/code/RL/nn-dataset/ab/nn/stat/train/img-classification_imagenette_acc_ga-595/2.json",
    "/Users/zhangxi/code/RL/nn-dataset/ab/nn/stat/train/img-classification_imagenette_acc_ga-595/3.json",
    "/Users/zhangxi/code/RL/nn-dataset/ab/nn/stat/train/img-classification_imagenette_acc_ga-595/4.json",
    "/Users/zhangxi/code/RL/nn-dataset/ab/nn/stat/train/img-classification_imagenette_acc_ga-595/5.json",
    "/Users/zhangxi/code/RL/nn-dataset/ab/nn/stat/train/img-classification_imagenette_acc_ga-603/1.json",
    "/Users/zhangxi/code/RL/nn-dataset/ab/nn/stat/train/img-classification_imagenette_acc_ga-603/2.json",
    "/Users/zhangxi/code/RL/nn-dataset/ab/nn/stat/train/img-classification_imagenette_acc_ga-603/3.json",
    "/Users/zhangxi/code/RL/nn-dataset/ab/nn/stat/train/img-classification_imagenette_acc_ga-603/4.json",
    "/Users/zhangxi/code/RL/nn-dataset/ab/nn/stat/train/img-classification_imagenette_acc_ga-603/5.json",
    "/Users/zhangxi/code/RL/nn-dataset/ab/nn/stat/train/img-classification_imagenette_acc_ga-605/3.json",
    "/Users/zhangxi/code/RL/nn-dataset/ab/nn/stat/train/img-classification_imagenette_acc_ga-614/1.json",
    "/Users/zhangxi/code/RL/nn-dataset/ab/nn/stat/train/img-classification_imagenette_acc_ga-618/1.json",
    "/Users/zhangxi/code/RL/nn-dataset/ab/nn/stat/train/img-classification_imagenette_acc_ga-618/2.json",
    "/Users/zhangxi/code/RL/nn-dataset/ab/nn/stat/train/img-classification_imagenette_acc_ga-618/3.json",
    "/Users/zhangxi/code/RL/nn-dataset/ab/nn/stat/train/img-classification_imagenette_acc_ga-618/4.json",
    "/Users/zhangxi/code/RL/nn-dataset/ab/nn/stat/train/img-classification_imagenette_acc_ga-618/5.json",
    "/Users/zhangxi/code/RL/nn-dataset/ab/nn/stat/train/img-classification_imagenette_acc_ga-62/2.json",
    "/Users/zhangxi/code/RL/nn-dataset/ab/nn/stat/train/img-classification_imagenette_acc_ga-624/1.json",
    "/Users/zhangxi/code/RL/nn-dataset/ab/nn/stat/train/img-classification_imagenette_acc_ga-625/2.json",
    "/Users/zhangxi/code/RL/nn-dataset/ab/nn/stat/train/img-classification_imagenette_acc_ga-665/2.json",
    "/Users/zhangxi/code/RL/nn-dataset/ab/nn/stat/train/img-classification_imagenette_acc_ga-667/1.json",
    "/Users/zhangxi/code/RL/nn-dataset/ab/nn/stat/train/img-classification_imagenette_acc_ga-667/2.json",
    "/Users/zhangxi/code/RL/nn-dataset/ab/nn/stat/train/img-classification_imagenette_acc_ga-667/3.json",
    "/Users/zhangxi/code/RL/nn-dataset/ab/nn/stat/train/img-classification_imagenette_acc_ga-667/4.json",
    "/Users/zhangxi/code/RL/nn-dataset/ab/nn/stat/train/img-classification_imagenette_acc_ga-667/5.json",
    "/Users/zhangxi/code/RL/nn-dataset/ab/nn/stat/train/img-classification_imagenette_acc_ga-691/1.json",
    "/Users/zhangxi/code/RL/nn-dataset/ab/nn/stat/train/img-classification_imagenette_acc_ga-691/2.json",
    "/Users/zhangxi/code/RL/nn-dataset/ab/nn/stat/train/img-classification_imagenette_acc_ga-691/3.json",
    "/Users/zhangxi/code/RL/nn-dataset/ab/nn/stat/train/img-classification_imagenette_acc_ga-691/4.json",
    "/Users/zhangxi/code/RL/nn-dataset/ab/nn/stat/train/img-classification_imagenette_acc_ga-691/5.json",
    "/Users/zhangxi/code/RL/nn-dataset/ab/nn/stat/train/img-classification_imagenette_acc_ga-730/2.json",
    "/Users/zhangxi/code/RL/nn-dataset/ab/nn/stat/train/img-classification_imagenette_acc_ga-749/5.json",
    "/Users/zhangxi/code/RL/nn-dataset/ab/nn/stat/train/img-classification_imagenette_acc_ga-750/5.json",
    "/Users/zhangxi/code/RL/nn-dataset/ab/nn/stat/train/img-classification_imagenette_acc_ga-793/1.json",
    "/Users/zhangxi/code/RL/nn-dataset/ab/nn/stat/train/img-classification_imagenette_acc_ga-793/2.json",
    "/Users/zhangxi/code/RL/nn-dataset/ab/nn/stat/train/img-classification_imagenette_acc_ga-793/3.json",
    "/Users/zhangxi/code/RL/nn-dataset/ab/nn/stat/train/img-classification_imagenette_acc_ga-793/4.json",
    "/Users/zhangxi/code/RL/nn-dataset/ab/nn/stat/train/img-classification_imagenette_acc_ga-793/5.json",
    "/Users/zhangxi/code/RL/nn-dataset/ab/nn/stat/train/img-classification_imagenette_acc_ga-796/2.json",
    "/Users/zhangxi/code/RL/nn-dataset/ab/nn/stat/train/img-classification_imagenette_acc_ga-797/2.json",
    "/Users/zhangxi/code/RL/nn-dataset/ab/nn/stat/train/img-classification_imagenette_acc_ga-809/2.json",
    "/Users/zhangxi/code/RL/nn-dataset/ab/nn/stat/train/img-classification_imagenette_acc_ga-821/1.json",
    "/Users/zhangxi/code/RL/nn-dataset/ab/nn/stat/train/img-classification_imagenette_acc_ga-83/1.json",
    "/Users/zhangxi/code/RL/nn-dataset/ab/nn/stat/train/img-classification_imagenette_acc_ga-832/4.json",
    "/Users/zhangxi/code/RL/nn-dataset/ab/nn/stat/train/img-classification_imagenette_acc_ga-842/3.json",
    "/Users/zhangxi/code/RL/nn-dataset/ab/nn/stat/train/img-classification_imagenette_acc_ga-855/2.json",
    "/Users/zhangxi/code/RL/nn-dataset/ab/nn/stat/train/img-classification_imagenette_acc_ga-86/42.json",
    "/Users/zhangxi/code/RL/nn-dataset/ab/nn/stat/train/img-classification_imagenette_acc_ga-86/46.json",
    "/Users/zhangxi/code/RL/nn-dataset/ab/nn/stat/train/img-classification_imagenette_acc_ga-86/50.json",
    "/Users/zhangxi/code/RL/nn-dataset/ab/nn/stat/train/img-classification_imagenette_acc_ga-869/2.json",
    "/Users/zhangxi/code/RL/nn-dataset/ab/nn/stat/train/img-classification_imagenette_acc_ga-878/2.json",
    "/Users/zhangxi/code/RL/nn-dataset/ab/nn/stat/train/img-classification_imagenette_acc_ga-902/2.json",
    "/Users/zhangxi/code/RL/nn-dataset/ab/nn/stat/train/img-classification_imagenette_acc_ga-918/37.json",
    "/Users/zhangxi/code/RL/nn-dataset/ab/nn/stat/train/img-classification_imagenette_acc_ga-918/49.json",
    "/Users/zhangxi/code/RL/nn-dataset/ab/nn/stat/train/img-classification_imagenette_acc_ga-925/6.json",
    "/Users/zhangxi/code/RL/nn-dataset/ab/nn/stat/train/img-classification_imagenette_acc_ga-944/2.json",
    "/Users/zhangxi/code/RL/nn-dataset/ab/nn/stat/train/img-classification_imagenette_acc_ga-949/1.json",
    "/Users/zhangxi/code/RL/nn-dataset/ab/nn/stat/train/img-classification_imagenette_acc_ga-961/5.json",
    "/Users/zhangxi/code/RL/nn-dataset/ab/nn/stat/train/img-classification_imagenette_acc_ga-972/1.json",
    "/Users/zhangxi/code/RL/nn-dataset/ab/nn/stat/train/img-classification_imagenette_acc_ga-98/1.json",
    "/Users/zhangxi/code/RL/nn-dataset/ab/nn/stat/train/img-classification_imagenette_acc_ga-98/2.json",
    "/Users/zhangxi/code/RL/nn-dataset/ab/nn/stat/train/img-classification_imagenette_acc_ga-98/3.json",
    "/Users/zhangxi/code/RL/nn-dataset/ab/nn/stat/train/img-classification_imagenette_acc_ga-98/4.json",
    "/Users/zhangxi/code/RL/nn-dataset/ab/nn/stat/train/img-classification_imagenette_acc_ga-98/5.json",
    "/Users/zhangxi/code/RL/nn-dataset/ab/nn/stat/train/img-classification_imagenette_acc_ga-988/2.json",
    "/Users/zhangxi/code/RL/nn-dataset/ab/nn/stat/train/img-classification_imagenette_acc_ga-998/3.json",
    "/Users/zhangxi/code/RL/nn-dataset/ab/nn/stat/train/img-classification_imagenette_acc_ga-mut-1011/2.json",
    "/Users/zhangxi/code/RL/nn-dataset/ab/nn/stat/train/img-classification_imagenette_acc_ga-mut-1012/1.json",
    "/Users/zhangxi/code/RL/nn-dataset/ab/nn/stat/train/img-classification_imagenette_acc_ga-mut-1012/2.json",
    "/Users/zhangxi/code/RL/nn-dataset/ab/nn/stat/train/img-classification_imagenette_acc_ga-mut-1012/3.json",
    "/Users/zhangxi/code/RL/nn-dataset/ab/nn/stat/train/img-classification_imagenette_acc_ga-mut-1012/4.json",
    "/Users/zhangxi/code/RL/nn-dataset/ab/nn/stat/train/img-classification_imagenette_acc_ga-mut-1012/5.json",
    "/Users/zhangxi/code/RL/nn-dataset/ab/nn/stat/train/img-classification_imagenette_acc_ga-mut-107/5.json",
    "/Users/zhangxi/code/RL/nn-dataset/ab/nn/stat/train/img-classification_imagenette_acc_ga-mut-1348/1.json",
    "/Users/zhangxi/code/RL/nn-dataset/ab/nn/stat/train/img-classification_imagenette_acc_ga-mut-1507/4.json",
    "/Users/zhangxi/code/RL/nn-dataset/ab/nn/stat/train/img-classification_imagenette_acc_ga-mut-1578/3.json",
    "/Users/zhangxi/code/RL/nn-dataset/ab/nn/stat/train/img-classification_imagenette_acc_ga-mut-2016/1.json",
    "/Users/zhangxi/code/RL/nn-dataset/ab/nn/stat/train/img-classification_imagenette_acc_ga-mut-2016/2.json",
    "/Users/zhangxi/code/RL/nn-dataset/ab/nn/stat/train/img-classification_imagenette_acc_ga-mut-2016/3.json",
    "/Users/zhangxi/code/RL/nn-dataset/ab/nn/stat/train/img-classification_imagenette_acc_ga-mut-2016/4.json",
    "/Users/zhangxi/code/RL/nn-dataset/ab/nn/stat/train/img-classification_imagenette_acc_ga-mut-2016/5.json",
    "/Users/zhangxi/code/RL/nn-dataset/ab/nn/stat/train/img-classification_imagenette_acc_ga-mut-2099/2.json",
    "/Users/zhangxi/code/RL/nn-dataset/ab/nn/stat/train/img-classification_imagenette_acc_ga-mut-2102/2.json",
    "/Users/zhangxi/code/RL/nn-dataset/ab/nn/stat/train/img-classification_imagenette_acc_ga-mut-2238/2.json",
    "/Users/zhangxi/code/RL/nn-dataset/ab/nn/stat/train/img-classification_imagenette_acc_ga-mut-955/3.json",
    "/Users/zhangxi/code/RL/nn-dataset/ab/nn/stat/train/img-classification_imagenette_acc_llr-a952119c392f2d3e72627787084ebacb/1.json",
    "/Users/zhangxi/code/RL/nn-dataset/ab/nn/stat/train/img-classification_imagenette_acc_llr2-19f9fe8eacffa1abc27299e2a877814a/1.json",
    "/Users/zhangxi/code/RL/nn-dataset/ab/nn/stat/train/img-classification_imagenette_acc_llr2-23cf404262b8287772f420ce8fa5be7e/4.json",
    "/Users/zhangxi/code/RL/nn-dataset/ab/nn/stat/train/img-classification_imagenette_acc_llr2-2d4f4c8cb89419d5b86f99ecda984a21/1.json",
    "/Users/zhangxi/code/RL/nn-dataset/ab/nn/stat/train/img-classification_imagenette_acc_llr2-4684a7df5ac6ed25b5d53747be8bdfc3/1.json",
    "/Users/zhangxi/code/RL/nn-dataset/ab/nn/stat/train/img-classification_imagenette_acc_llr2-59050af341a4446be40855acc65a3d39/1.json",
    "/Users/zhangxi/code/RL/nn-dataset/ab/nn/stat/train/img-classification_imagenette_acc_llr2-598c994cfe907bb61c3bf9e6def0feeb/1.json",
    "/Users/zhangxi/code/RL/nn-dataset/ab/nn/stat/train/img-classification_imagenette_acc_llr2-6b6e56c301004b0364dd8b28c2cff095/5.json",
    "/Users/zhangxi/code/RL/nn-dataset/ab/nn/stat/train/img-classification_imagenette_acc_llr2-6ca6cd87ecfc7749cc092ea4c1c45c8a/5.json",
    "/Users/zhangxi/code/RL/nn-dataset/ab/nn/stat/train/img-classification_imagenette_acc_llr2-6d026655d48bd49fea74f8c17a77ca91/1.json",
    "/Users/zhangxi/code/RL/nn-dataset/ab/nn/stat/train/img-classification_imagenette_acc_llr2-7f85f4b383b9e1d0f16b1953c771b0ac/2.json",
    "/Users/zhangxi/code/RL/nn-dataset/ab/nn/stat/train/img-classification_imagenette_acc_llr2-8d94a7f64e216c40a73d5160f9de9aed/4.json",
    "/Users/zhangxi/code/RL/nn-dataset/ab/nn/stat/train/img-classification_imagenette_acc_llr2-a54411b8261b5595b3d755e038b84e49/2.json",
    "/Users/zhangxi/code/RL/nn-dataset/ab/nn/stat/train/img-classification_imagenette_acc_llr2-b93baf8ee8b0092ae9d172ffae2394ba/1.json",
    "/Users/zhangxi/code/RL/nn-dataset/ab/nn/stat/train/img-classification_imagenette_acc_llr2-c3dd5885130bac2f580852f32f72eb7c/3.json",
    "/Users/zhangxi/code/RL/nn-dataset/ab/nn/stat/train/img-classification_imagenette_acc_llr2-e529c79f6a6ac4febdc4a0855df7f5d3/5.json",
    "/Users/zhangxi/code/RL/nn-dataset/ab/nn/stat/train/img-classification_imagenette_acc_llr3-a06a9df732f3c7b70066cf56b19d933d/1.json",
    "/Users/zhangxi/code/RL/nn-dataset/ab/nn/stat/train/img-classification_imagenette_acc_rag-00b59653488b5c497a057dcabac390e3/4.json",
    "/Users/zhangxi/code/RL/nn-dataset/ab/nn/stat/train/img-classification_imagenette_acc_rag-025a5985b401fad9e946c5655d65691d/4.json",
    "/Users/zhangxi/code/RL/nn-dataset/ab/nn/stat/train/img-classification_imagenette_acc_rag-03e28fa1a081c83e30e2657c373c0699/3.json",
    "/Users/zhangxi/code/RL/nn-dataset/ab/nn/stat/train/img-classification_imagenette_acc_rag-047a7b9f2cfae62c7917bc2d9f7505b3/28.json",
    "/Users/zhangxi/code/RL/nn-dataset/ab/nn/stat/train/img-classification_imagenette_acc_rag-08cb5545fe28658f0c301e97db032312/3.json",
    "/Users/zhangxi/code/RL/nn-dataset/ab/nn/stat/train/img-classification_imagenette_acc_rag-0be2ef22f5807bd1d73eac5909f0026c/2.json",
    "/Users/zhangxi/code/RL/nn-dataset/ab/nn/stat/train/img-classification_imagenette_acc_rag-1001e519c699ab43f40f9f4f53f29b22/2.json",
    "/Users/zhangxi/code/RL/nn-dataset/ab/nn/stat/train/img-classification_imagenette_acc_rag-18af7fe81cf52a66cc51d103740357cb/2.json",
    "/Users/zhangxi/code/RL/nn-dataset/ab/nn/stat/train/img-classification_imagenette_acc_rag-1f09b9b6cc984c47bb2baeb237fdd0d2/9.json",
    "/Users/zhangxi/code/RL/nn-dataset/ab/nn/stat/train/img-classification_imagenette_acc_rag-2181ca04a46b028c010c593f6e9a4a99/1.json",
    "/Users/zhangxi/code/RL/nn-dataset/ab/nn/stat/train/img-classification_imagenette_acc_rag-26ca9fcb95d219686bdffb0e27085595/5.json",
    "/Users/zhangxi/code/RL/nn-dataset/ab/nn/stat/train/img-classification_imagenette_acc_rag-27bb8ca8745578889348d1d0851d9a7e/8.json",
    "/Users/zhangxi/code/RL/nn-dataset/ab/nn/stat/train/img-classification_imagenette_acc_rag-29ad21d4ab2970311a9132eb81533374/24.json",
    "/Users/zhangxi/code/RL/nn-dataset/ab/nn/stat/train/img-classification_imagenette_acc_rag-2a59c0e364866759310d7be7308df97a/5.json",
    "/Users/zhangxi/code/RL/nn-dataset/ab/nn/stat/train/img-classification_imagenette_acc_rag-2c727068ea4a5f04febf2b6944d32ec7/21.json",
    "/Users/zhangxi/code/RL/nn-dataset/ab/nn/stat/train/img-classification_imagenette_acc_rag-2c727068ea4a5f04febf2b6944d32ec7/6.json",
    "/Users/zhangxi/code/RL/nn-dataset/ab/nn/stat/train/img-classification_imagenette_acc_rag-324a7f2434fec24482381431e60f1187/4.json",
    "/Users/zhangxi/code/RL/nn-dataset/ab/nn/stat/train/img-classification_imagenette_acc_rag-4468192fa3995fbe02092c2517e55d5c/2.json",
    "/Users/zhangxi/code/RL/nn-dataset/ab/nn/stat/train/img-classification_imagenette_acc_rag-4470c0019144bb22e8387c66cefff073/28.json",
    "/Users/zhangxi/code/RL/nn-dataset/ab/nn/stat/train/img-classification_imagenette_acc_rag-4470c0019144bb22e8387c66cefff073/46.json",
    "/Users/zhangxi/code/RL/nn-dataset/ab/nn/stat/train/img-classification_imagenette_acc_rag-49574076ae0e39c976bd7bb79867ed4b/4.json",
    "/Users/zhangxi/code/RL/nn-dataset/ab/nn/stat/train/img-classification_imagenette_acc_rag-499289cdc6582194eeb73ecc4743980b/2.json",
    "/Users/zhangxi/code/RL/nn-dataset/ab/nn/stat/train/img-classification_imagenette_acc_rag-499289cdc6582194eeb73ecc4743980b/3.json",
    "/Users/zhangxi/code/RL/nn-dataset/ab/nn/stat/train/img-classification_imagenette_acc_rag-4cfa17368764175b4b83248594488de3/3.json",
    "/Users/zhangxi/code/RL/nn-dataset/ab/nn/stat/train/img-classification_imagenette_acc_rag-50aef213a97853cbba84a0f78b73a574/2.json",
    "/Users/zhangxi/code/RL/nn-dataset/ab/nn/stat/train/img-classification_imagenette_acc_rag-591f10d33a89c12b716d6dbe84d780ca/5.json",
    "/Users/zhangxi/code/RL/nn-dataset/ab/nn/stat/train/img-classification_imagenette_acc_rag-60ad7080309ed82e24cdfb9e7c2adbf3/1.json",
    "/Users/zhangxi/code/RL/nn-dataset/ab/nn/stat/train/img-classification_imagenette_acc_rag-62ad57c81326ee8c86c87ffb31fa18e7/3.json",
    "/Users/zhangxi/code/RL/nn-dataset/ab/nn/stat/train/img-classification_imagenette_acc_rag-6b83ee5f847a32b2bb11754492daa59e/2.json",
    "/Users/zhangxi/code/RL/nn-dataset/ab/nn/stat/train/img-classification_imagenette_acc_rag-6c55a8eb0e7b09dc643679527f25baaa/5.json",
    "/Users/zhangxi/code/RL/nn-dataset/ab/nn/stat/train/img-classification_imagenette_acc_rag-7200bc2e7d18555c4d18e7d718a06cfe/1.json",
    "/Users/zhangxi/code/RL/nn-dataset/ab/nn/stat/train/img-classification_imagenette_acc_rag-75be72e63dc9a6bab345e15978a0db59/29.json",
    "/Users/zhangxi/code/RL/nn-dataset/ab/nn/stat/train/img-classification_imagenette_acc_rag-75be72e63dc9a6bab345e15978a0db59/9.json",
    "/Users/zhangxi/code/RL/nn-dataset/ab/nn/stat/train/img-classification_imagenette_acc_rag-8cb86d3e09e747e778247634168468d8/5.json",
    "/Users/zhangxi/code/RL/nn-dataset/ab/nn/stat/train/img-classification_imagenette_acc_rag-95a55d401795e598fbfd3de2fbdb1dbb/2.json",
    "/Users/zhangxi/code/RL/nn-dataset/ab/nn/stat/train/img-classification_imagenette_acc_rag-95a55d401795e598fbfd3de2fbdb1dbb/4.json",
    "/Users/zhangxi/code/RL/nn-dataset/ab/nn/stat/train/img-classification_imagenette_acc_rag-a016cb3b200b62734fa7a6693136d23d/5.json",
    "/Users/zhangxi/code/RL/nn-dataset/ab/nn/stat/train/img-classification_imagenette_acc_rag-a88f84541c855afdd24e6c51aefec190/4.json",
    "/Users/zhangxi/code/RL/nn-dataset/ab/nn/stat/train/img-classification_imagenette_acc_rag-b03df0c372eeb06c275b70708b40870a/4.json",
    "/Users/zhangxi/code/RL/nn-dataset/ab/nn/stat/train/img-classification_imagenette_acc_rag-b03df0c372eeb06c275b70708b40870a/5.json",
    "/Users/zhangxi/code/RL/nn-dataset/ab/nn/stat/train/img-classification_imagenette_acc_rag-b59f20d6b4285b1a93b22b32594bdad7/30.json",
    "/Users/zhangxi/code/RL/nn-dataset/ab/nn/stat/train/img-classification_imagenette_acc_rag-b59f20d6b4285b1a93b22b32594bdad7/40.json",
    "/Users/zhangxi/code/RL/nn-dataset/ab/nn/stat/train/img-classification_imagenette_acc_rag-b59f20d6b4285b1a93b22b32594bdad7/42.json",
    "/Users/zhangxi/code/RL/nn-dataset/ab/nn/stat/train/img-classification_imagenette_acc_rag-b7b22c486f5627a413edaf34b987ffe0/5.json",
    "/Users/zhangxi/code/RL/nn-dataset/ab/nn/stat/train/img-classification_imagenette_acc_rag-c14d30c1de95780b955d979d5f8feebc/2.json",
    "/Users/zhangxi/code/RL/nn-dataset/ab/nn/stat/train/img-classification_imagenette_acc_rag-c2942759f522540ce7e689f8cf1ebe51/43.json",
    "/Users/zhangxi/code/RL/nn-dataset/ab/nn/stat/train/img-classification_imagenette_acc_rag-ca577b69c1692bc859fc6c02a2a53961/5.json",
    "/Users/zhangxi/code/RL/nn-dataset/ab/nn/stat/train/img-classification_imagenette_acc_rag-d5c91c3c923115a99880a1fa15c305f8/4.json",
    "/Users/zhangxi/code/RL/nn-dataset/ab/nn/stat/train/img-classification_imagenette_acc_rag-d9895ec68c21fb652be16765dc11c029/5.json",
    "/Users/zhangxi/code/RL/nn-dataset/ab/nn/stat/train/img-classification_imagenette_acc_rag-efe17582d1fac5e5fd981e01ff7222c6/2.json",
    "/Users/zhangxi/code/RL/nn-dataset/ab/nn/stat/train/img-classification_imagenette_acc_rag-efe17582d1fac5e5fd981e01ff7222c6/3.json",
    "/Users/zhangxi/code/RL/nn-dataset/ab/nn/stat/train/img-classification_imagenette_acc_rag-f1f6a8f5f17433bae5b7b95d225d4f93/15.json",
    "/Users/zhangxi/code/RL/nn-dataset/ab/nn/stat/train/img-classification_imagenette_acc_rl-bb-test1-6972a0c0d34871f80fecff9100c3bcdf/5.json",
    "/Users/zhangxi/code/RL/nn-dataset/ab/nn/stat/train/img-classification_imagenette_acc_rl-init-4fcc67520fe9004093165e1821e9d8eb/5.json",
    "/Users/zhangxi/code/RL/nn-dataset/ab/nn/stat/train/img-classification_imagenette_acc_rl-init-80a2af5225e26a537ff36f36a91b8192/1.json",
    "/Users/zhangxi/code/RL/nn-dataset/ab/nn/stat/train/img-classification_imagenette_acc_rl-init-9d71f6dc033955dd14a33db2b858577a/4.json",
    "/Users/zhangxi/code/RL/nn-dataset/ab/nn/stat/train/img-classification_imagenette_acc_unq-003bf2f66744ea2843d336be1cfeb347/2.json",
    "/Users/zhangxi/code/RL/nn-dataset/ab/nn/stat/train/img-classification_imagenette_acc_unq-003bf2f66744ea2843d336be1cfeb347/4.json",
    "/Users/zhangxi/code/RL/nn-dataset/ab/nn/stat/train/img-classification_imagenette_acc_unq-02a2991a13fa635e3c83d4795726d93a/4.json",
    "/Users/zhangxi/code/RL/nn-dataset/ab/nn/stat/train/img-classification_imagenette_acc_unq-09df9ddf39916edf22866172b64f4d3f/2.json",
    "/Users/zhangxi/code/RL/nn-dataset/ab/nn/stat/train/img-classification_imagenette_acc_unq-0ad6471560df38bb456b1e16c43a44fa/2.json",
    "/Users/zhangxi/code/RL/nn-dataset/ab/nn/stat/train/img-classification_imagenette_acc_unq-12072e12812b8734ee3745607696dd95/1.json",
    "/Users/zhangxi/code/RL/nn-dataset/ab/nn/stat/train/img-classification_imagenette_acc_unq-15185c14ebb74d035e5c1dd66ba30655/1.json",
    "/Users/zhangxi/code/RL/nn-dataset/ab/nn/stat/train/img-classification_imagenette_acc_unq-15185c14ebb74d035e5c1dd66ba30655/2.json",
    "/Users/zhangxi/code/RL/nn-dataset/ab/nn/stat/train/img-classification_imagenette_acc_unq-15185c14ebb74d035e5c1dd66ba30655/3.json",
    "/Users/zhangxi/code/RL/nn-dataset/ab/nn/stat/train/img-classification_imagenette_acc_unq-15185c14ebb74d035e5c1dd66ba30655/4.json",
    "/Users/zhangxi/code/RL/nn-dataset/ab/nn/stat/train/img-classification_imagenette_acc_unq-15185c14ebb74d035e5c1dd66ba30655/5.json",
    "/Users/zhangxi/code/RL/nn-dataset/ab/nn/stat/train/img-classification_imagenette_acc_unq-164a55c5eff88cd391eef6adef61b36a/1.json",
    "/Users/zhangxi/code/RL/nn-dataset/ab/nn/stat/train/img-classification_imagenette_acc_unq-164a55c5eff88cd391eef6adef61b36a/2.json",
    "/Users/zhangxi/code/RL/nn-dataset/ab/nn/stat/train/img-classification_imagenette_acc_unq-164a55c5eff88cd391eef6adef61b36a/3.json",
    "/Users/zhangxi/code/RL/nn-dataset/ab/nn/stat/train/img-classification_imagenette_acc_unq-164a55c5eff88cd391eef6adef61b36a/4.json",
    "/Users/zhangxi/code/RL/nn-dataset/ab/nn/stat/train/img-classification_imagenette_acc_unq-164a55c5eff88cd391eef6adef61b36a/5.json",
    "/Users/zhangxi/code/RL/nn-dataset/ab/nn/stat/train/img-classification_imagenette_acc_unq-1940119934ef862bd61c00dc2e7f1622/1.json",
    "/Users/zhangxi/code/RL/nn-dataset/ab/nn/stat/train/img-classification_imagenette_acc_unq-22cb9ce0312f13ef28d86d5aeba022f5/2.json",
    "/Users/zhangxi/code/RL/nn-dataset/ab/nn/stat/train/img-classification_imagenette_acc_unq-23dadac4e364ae0ef93ba53327693087/1.json",
    "/Users/zhangxi/code/RL/nn-dataset/ab/nn/stat/train/img-classification_imagenette_acc_unq-2af84dd7503011c23ba222ad9259736b/2.json",
    "/Users/zhangxi/code/RL/nn-dataset/ab/nn/stat/train/img-classification_imagenette_acc_unq-2ca894e39a4b7a9dd7f850ad8ad2d561/5.json",
    "/Users/zhangxi/code/RL/nn-dataset/ab/nn/stat/train/img-classification_imagenette_acc_unq-2ee96ff973b36593c1ed8e28d6d586be/2.json",
    "/Users/zhangxi/code/RL/nn-dataset/ab/nn/stat/train/img-classification_imagenette_acc_unq-305d9cae740b2ca25f23ebdd54318786/3.json",
    "/Users/zhangxi/code/RL/nn-dataset/ab/nn/stat/train/img-classification_imagenette_acc_unq-331fa4196e403e23104bd63d5dd0d938/5.json",
    "/Users/zhangxi/code/RL/nn-dataset/ab/nn/stat/train/img-classification_imagenette_acc_unq-38cfb2d9b1fc28b847d9a58bdf7306ee/3.json",
    "/Users/zhangxi/code/RL/nn-dataset/ab/nn/stat/train/img-classification_imagenette_acc_unq-39430025b57b71fd2bcb1e8fb6331ea8/3.json",
    "/Users/zhangxi/code/RL/nn-dataset/ab/nn/stat/train/img-classification_imagenette_acc_unq-3a20b23759f6d4cd69fc83a604492f9e/2.json",
    "/Users/zhangxi/code/RL/nn-dataset/ab/nn/stat/train/img-classification_imagenette_acc_unq-3a8b4b61339679c782bad1c9124f398f/2.json",
    "/Users/zhangxi/code/RL/nn-dataset/ab/nn/stat/train/img-classification_imagenette_acc_unq-3c71a303bcad98056dc195880da5daef/3.json",
    "/Users/zhangxi/code/RL/nn-dataset/ab/nn/stat/train/img-classification_imagenette_acc_unq-3e8c8e5c2904d5d7f830df171efabafb/5.json",
    "/Users/zhangxi/code/RL/nn-dataset/ab/nn/stat/train/img-classification_imagenette_acc_unq-41424f8154fbf38bca370c5729155744/3.json",
    "/Users/zhangxi/code/RL/nn-dataset/ab/nn/stat/train/img-classification_imagenette_acc_unq-4268a057d7b6134d49f409c2e2747572/3.json",
    "/Users/zhangxi/code/RL/nn-dataset/ab/nn/stat/train/img-classification_imagenette_acc_unq-4268a057d7b6134d49f409c2e2747572/5.json",
    "/Users/zhangxi/code/RL/nn-dataset/ab/nn/stat/train/img-classification_imagenette_acc_unq-43c43eda88fc91b2d4a3ac62f76545a2/5.json",
    "/Users/zhangxi/code/RL/nn-dataset/ab/nn/stat/train/img-classification_imagenette_acc_unq-488aba5d18bfe62eecfa635b08b8e8d6/5.json",
    "/Users/zhangxi/code/RL/nn-dataset/ab/nn/stat/train/img-classification_imagenette_acc_unq-4bfabd2c9df36f3e43181f248e55fbe9/1.json",
    "/Users/zhangxi/code/RL/nn-dataset/ab/nn/stat/train/img-classification_imagenette_acc_unq-4ccaee1e31052ae5fde83ca131b2601a/3.json",
    "/Users/zhangxi/code/RL/nn-dataset/ab/nn/stat/train/img-classification_imagenette_acc_unq-5acc8fe97abf8db4607d01e848f7e971/2.json",
    "/Users/zhangxi/code/RL/nn-dataset/ab/nn/stat/train/img-classification_imagenette_acc_unq-5c670c04120cb7c9d013ddc75ea902f6/2.json",
    "/Users/zhangxi/code/RL/nn-dataset/ab/nn/stat/train/img-classification_imagenette_acc_unq-5c9847d4e66fb34b08122bd3fc871d6d/3.json",
    "/Users/zhangxi/code/RL/nn-dataset/ab/nn/stat/train/img-classification_imagenette_acc_unq-6063f644351754ffba09b45b44ffd1f8/3.json",
    "/Users/zhangxi/code/RL/nn-dataset/ab/nn/stat/train/img-classification_imagenette_acc_unq-68cb56c508c5a064a8e7983415fff60e/1.json",
    "/Users/zhangxi/code/RL/nn-dataset/ab/nn/stat/train/img-classification_imagenette_acc_unq-6a2e4be939e71744ee4cc98e22faabf1/1.json",
    "/Users/zhangxi/code/RL/nn-dataset/ab/nn/stat/train/img-classification_imagenette_acc_unq-7147688969f415377654488a79fdbcc5/2.json",
    "/Users/zhangxi/code/RL/nn-dataset/ab/nn/stat/train/img-classification_imagenette_acc_unq-775cd11e5c5e38b8351bde9d756b7ca6/1.json",
    "/Users/zhangxi/code/RL/nn-dataset/ab/nn/stat/train/img-classification_imagenette_acc_unq-775cd11e5c5e38b8351bde9d756b7ca6/2.json",
    "/Users/zhangxi/code/RL/nn-dataset/ab/nn/stat/train/img-classification_imagenette_acc_unq-775cd11e5c5e38b8351bde9d756b7ca6/3.json",
    "/Users/zhangxi/code/RL/nn-dataset/ab/nn/stat/train/img-classification_imagenette_acc_unq-775cd11e5c5e38b8351bde9d756b7ca6/4.json",
    "/Users/zhangxi/code/RL/nn-dataset/ab/nn/stat/train/img-classification_imagenette_acc_unq-775cd11e5c5e38b8351bde9d756b7ca6/5.json",
    "/Users/zhangxi/code/RL/nn-dataset/ab/nn/stat/train/img-classification_imagenette_acc_unq-7763fab0672c60937a40a8e9c6ca31f3/4.json",
    "/Users/zhangxi/code/RL/nn-dataset/ab/nn/stat/train/img-classification_imagenette_acc_unq-7e97410d7aa223a838ce4879c948f88c/1.json",
    "/Users/zhangxi/code/RL/nn-dataset/ab/nn/stat/train/img-classification_imagenette_acc_unq-7e97410d7aa223a838ce4879c948f88c/2.json",
    "/Users/zhangxi/code/RL/nn-dataset/ab/nn/stat/train/img-classification_imagenette_acc_unq-7e97410d7aa223a838ce4879c948f88c/3.json",
    "/Users/zhangxi/code/RL/nn-dataset/ab/nn/stat/train/img-classification_imagenette_acc_unq-7e97410d7aa223a838ce4879c948f88c/4.json",
    "/Users/zhangxi/code/RL/nn-dataset/ab/nn/stat/train/img-classification_imagenette_acc_unq-7e97410d7aa223a838ce4879c948f88c/5.json",
    "/Users/zhangxi/code/RL/nn-dataset/ab/nn/stat/train/img-classification_imagenette_acc_unq-7f758495230edc21948867dafe5d50b4/2.json",
    "/Users/zhangxi/code/RL/nn-dataset/ab/nn/stat/train/img-classification_imagenette_acc_unq-806cea146fad6816ed32c5a7b97e7c4a/3.json",
    "/Users/zhangxi/code/RL/nn-dataset/ab/nn/stat/train/img-classification_imagenette_acc_unq-84ba1bba7742c57bb1f962799e05eb13/1.json",
    "/Users/zhangxi/code/RL/nn-dataset/ab/nn/stat/train/img-classification_imagenette_acc_unq-8dc81fa5d750a54286707a92fc770b2b/2.json",
    "/Users/zhangxi/code/RL/nn-dataset/ab/nn/stat/train/img-classification_imagenette_acc_unq-904fc0c89e590db01af4225b2f6ea87d/4.json",
    "/Users/zhangxi/code/RL/nn-dataset/ab/nn/stat/train/img-classification_imagenette_acc_unq-904fc0c89e590db01af4225b2f6ea87d/5.json",
    "/Users/zhangxi/code/RL/nn-dataset/ab/nn/stat/train/img-classification_imagenette_acc_unq-907efb602e0377f2313989ca87305549/3.json",
    "/Users/zhangxi/code/RL/nn-dataset/ab/nn/stat/train/img-classification_imagenette_acc_unq-933ded7b0be044632941b219b5f5d5b1/4.json",
    "/Users/zhangxi/code/RL/nn-dataset/ab/nn/stat/train/img-classification_imagenette_acc_unq-94feaea0a019df6cef7336e394cdc3d2/1.json",
    "/Users/zhangxi/code/RL/nn-dataset/ab/nn/stat/train/img-classification_imagenette_acc_unq-964ee5db4ab5cb560265619cb556a7de/3.json",
    "/Users/zhangxi/code/RL/nn-dataset/ab/nn/stat/train/img-classification_imagenette_acc_unq-96a29fd3b8afbea0328da71444ee191f/2.json",
    "/Users/zhangxi/code/RL/nn-dataset/ab/nn/stat/train/img-classification_imagenette_acc_unq-97c5b2883e9042fbb4b38fd4593da580/4.json",
    "/Users/zhangxi/code/RL/nn-dataset/ab/nn/stat/train/img-classification_imagenette_acc_unq-99b817b06a63618b4cbb1a561eb878b3/5.json",
    "/Users/zhangxi/code/RL/nn-dataset/ab/nn/stat/train/img-classification_imagenette_acc_unq-99fa496929ccd54800710db3e987546b/3.json",
    "/Users/zhangxi/code/RL/nn-dataset/ab/nn/stat/train/img-classification_imagenette_acc_unq-99fa496929ccd54800710db3e987546b/4.json",
    "/Users/zhangxi/code/RL/nn-dataset/ab/nn/stat/train/img-classification_imagenette_acc_unq-9df12b043b03b1aa2f091e6b91664c5b/5.json",
    "/Users/zhangxi/code/RL/nn-dataset/ab/nn/stat/train/img-classification_imagenette_acc_unq-a2526371f39743c323040b18bb0ec93c/2.json",
    "/Users/zhangxi/code/RL/nn-dataset/ab/nn/stat/train/img-classification_imagenette_acc_unq-a6cf1ba45b93e3f7d332319111ba15a7/3.json",
    "/Users/zhangxi/code/RL/nn-dataset/ab/nn/stat/train/img-classification_imagenette_acc_unq-a84edf5c39ff3ce0749113c3ab6ec4f2/4.json",
    "/Users/zhangxi/code/RL/nn-dataset/ab/nn/stat/train/img-classification_imagenette_acc_unq-aa2b2e17a4c34533a822d60d622271e2/1.json",
    "/Users/zhangxi/code/RL/nn-dataset/ab/nn/stat/train/img-classification_imagenette_acc_unq-aa2b2e17a4c34533a822d60d622271e2/2.json",
    "/Users/zhangxi/code/RL/nn-dataset/ab/nn/stat/train/img-classification_imagenette_acc_unq-aa2b2e17a4c34533a822d60d622271e2/3.json",
    "/Users/zhangxi/code/RL/nn-dataset/ab/nn/stat/train/img-classification_imagenette_acc_unq-aa2b2e17a4c34533a822d60d622271e2/4.json",
    "/Users/zhangxi/code/RL/nn-dataset/ab/nn/stat/train/img-classification_imagenette_acc_unq-aa2b2e17a4c34533a822d60d622271e2/5.json",
    "/Users/zhangxi/code/RL/nn-dataset/ab/nn/stat/train/img-classification_imagenette_acc_unq-af2bd3e4e1e44202d656f54707dccf18/1.json",
    "/Users/zhangxi/code/RL/nn-dataset/ab/nn/stat/train/img-classification_imagenette_acc_unq-af2bd3e4e1e44202d656f54707dccf18/2.json",
    "/Users/zhangxi/code/RL/nn-dataset/ab/nn/stat/train/img-classification_imagenette_acc_unq-af2bd3e4e1e44202d656f54707dccf18/3.json",
    "/Users/zhangxi/code/RL/nn-dataset/ab/nn/stat/train/img-classification_imagenette_acc_unq-af2bd3e4e1e44202d656f54707dccf18/4.json",
    "/Users/zhangxi/code/RL/nn-dataset/ab/nn/stat/train/img-classification_imagenette_acc_unq-af2bd3e4e1e44202d656f54707dccf18/5.json",
    "/Users/zhangxi/code/RL/nn-dataset/ab/nn/stat/train/img-classification_imagenette_acc_unq-bfcab3c774705580fb86667cf3bbd252/5.json",
    "/Users/zhangxi/code/RL/nn-dataset/ab/nn/stat/train/img-classification_imagenette_acc_unq-c04a0aec3dd58e1b96bc2f2b11ec932f/1.json",
    "/Users/zhangxi/code/RL/nn-dataset/ab/nn/stat/train/img-classification_imagenette_acc_unq-c04a0aec3dd58e1b96bc2f2b11ec932f/2.json",
    "/Users/zhangxi/code/RL/nn-dataset/ab/nn/stat/train/img-classification_imagenette_acc_unq-c04a0aec3dd58e1b96bc2f2b11ec932f/3.json",
    "/Users/zhangxi/code/RL/nn-dataset/ab/nn/stat/train/img-classification_imagenette_acc_unq-c04a0aec3dd58e1b96bc2f2b11ec932f/4.json",
    "/Users/zhangxi/code/RL/nn-dataset/ab/nn/stat/train/img-classification_imagenette_acc_unq-c04a0aec3dd58e1b96bc2f2b11ec932f/5.json",
    "/Users/zhangxi/code/RL/nn-dataset/ab/nn/stat/train/img-classification_imagenette_acc_unq-c09243864435f3f1bb016639462ef1ad/1.json",
    "/Users/zhangxi/code/RL/nn-dataset/ab/nn/stat/train/img-classification_imagenette_acc_unq-c09243864435f3f1bb016639462ef1ad/2.json",
    "/Users/zhangxi/code/RL/nn-dataset/ab/nn/stat/train/img-classification_imagenette_acc_unq-c09243864435f3f1bb016639462ef1ad/3.json",
    "/Users/zhangxi/code/RL/nn-dataset/ab/nn/stat/train/img-classification_imagenette_acc_unq-c09243864435f3f1bb016639462ef1ad/4.json",
    "/Users/zhangxi/code/RL/nn-dataset/ab/nn/stat/train/img-classification_imagenette_acc_unq-c09243864435f3f1bb016639462ef1ad/5.json",
    "/Users/zhangxi/code/RL/nn-dataset/ab/nn/stat/train/img-classification_imagenette_acc_unq-c299871e5a9ae2f81c57032c8896fdca/4.json",
    "/Users/zhangxi/code/RL/nn-dataset/ab/nn/stat/train/img-classification_imagenette_acc_unq-c299871e5a9ae2f81c57032c8896fdca/5.json",
    "/Users/zhangxi/code/RL/nn-dataset/ab/nn/stat/train/img-classification_imagenette_acc_unq-c55bfc081e39cf3d6d44adea1f4ddecf/1.json",
    "/Users/zhangxi/code/RL/nn-dataset/ab/nn/stat/train/img-classification_imagenette_acc_unq-ca2250e2b28ed415d1f05ae3216922b0/1.json",
    "/Users/zhangxi/code/RL/nn-dataset/ab/nn/stat/train/img-classification_imagenette_acc_unq-caab6e703cd6a97c9736026edaa4ed8a/2.json",
    "/Users/zhangxi/code/RL/nn-dataset/ab/nn/stat/train/img-classification_imagenette_acc_unq-ce4c22e59478eb6bc0f65fc5ddd26718/4.json",
    "/Users/zhangxi/code/RL/nn-dataset/ab/nn/stat/train/img-classification_imagenette_acc_unq-ce675a359efc7251c11c04e2e4e44fb8/2.json",
    "/Users/zhangxi/code/RL/nn-dataset/ab/nn/stat/train/img-classification_imagenette_acc_unq-d2574d10d151e0bc9fbae87c92257b8e/3.json",
    "/Users/zhangxi/code/RL/nn-dataset/ab/nn/stat/train/img-classification_imagenette_acc_unq-d621c528e821d1d87bde74762a24d887/4.json",
    "/Users/zhangxi/code/RL/nn-dataset/ab/nn/stat/train/img-classification_imagenette_acc_unq-e01d879019608b95e51e73106dd5b9d4/1.json",
    "/Users/zhangxi/code/RL/nn-dataset/ab/nn/stat/train/img-classification_imagenette_acc_unq-e52b4a93a613bf181f319f4506a92838/1.json",
    "/Users/zhangxi/code/RL/nn-dataset/ab/nn/stat/train/img-classification_imagenette_acc_unq-eb73dfe8e5df5095238fd58d00479bb2/2.json",
    "/Users/zhangxi/code/RL/nn-dataset/ab/nn/stat/train/img-classification_imagenette_acc_unq-eb73dfe8e5df5095238fd58d00479bb2/4.json",
    "/Users/zhangxi/code/RL/nn-dataset/ab/nn/stat/train/img-classification_imagenette_acc_unq-f4fb19028306fcbe8d66e585e363cf71/2.json",
    "/Users/zhangxi/code/RL/nn-dataset/ab/nn/stat/train/img-classification_imagenette_acc_unq-fab51256c3f5ab94c502485d22cb5c5f/1.json",
    "/Users/zhangxi/code/RL/nn-dataset/ab/nn/stat/train/img-classification_imagenette_acc_unq-fab51256c3f5ab94c502485d22cb5c5f/3.json",
    "/Users/zhangxi/code/RL/nn-dataset/ab/nn/stat/train/img-classification_imagenette_acc_unq-fb3fdb1623cf7d6beeab9c7c3be93454/3.json",
    "/Users/zhangxi/code/RL/nn-dataset/ab/nn/stat/train/img-classification_imagenette_acc_unq-fb3fdb1623cf7d6beeab9c7c3be93454/4.json",
    "/Users/zhangxi/code/RL/nn-dataset/ab/nn/stat/train/img-classification_imagenette_acc_unq-fb3fdb1623cf7d6beeab9c7c3be93454/5.json",
    "/Users/zhangxi/code/RL/nn-dataset/ab/nn/stat/train/img-classification_imagenette_acc_unq-fd16580c294f03066ac602346b537d65/2.json",
    "/Users/zhangxi/code/RL/nn-dataset/ab/nn/stat/train/img-classification_imagenette_acc_unq-fdf978117414288c439aaa8aba8baae3/3.json",
    "/Users/zhangxi/code/RL/nn-dataset/ab/nn/stat/train/img-classification_mnist_acc_AlexNet-bb84fa5d-5dd8-4cc0-8a30-5c41958bcd94/1.json",
    "/Users/zhangxi/code/RL/nn-dataset/ab/nn/stat/train/img-classification_mnist_acc_AlexNet-bb84fa5d-5dd8-4cc0-8a30-5c41958bcd94/2.json",
    "/Users/zhangxi/code/RL/nn-dataset/ab/nn/stat/train/img-classification_mnist_acc_AlexNet-bb84fa5d-5dd8-4cc0-8a30-5c41958bcd94/3.json",
    "/Users/zhangxi/code/RL/nn-dataset/ab/nn/stat/train/img-classification_mnist_acc_AlexNet-bb84fa5d-5dd8-4cc0-8a30-5c41958bcd94/4.json",
    "/Users/zhangxi/code/RL/nn-dataset/ab/nn/stat/train/img-classification_mnist_acc_AlexNet-bb84fa5d-5dd8-4cc0-8a30-5c41958bcd94/5.json",
    "/Users/zhangxi/code/RL/nn-dataset/ab/nn/stat/train/img-classification_mnist_acc_BagNet-001bf3e2-17c2-4fdf-948e-493677e58a3b/2.json",
    "/Users/zhangxi/code/RL/nn-dataset/ab/nn/stat/train/img-classification_mnist_acc_BayesianNet-1/1.json",
    "/Users/zhangxi/code/RL/nn-dataset/ab/nn/stat/train/img-classification_mnist_acc_DPN131/25.json",
    "/Users/zhangxi/code/RL/nn-dataset/ab/nn/stat/train/img-classification_mnist_acc_DPN131/26.json",
    "/Users/zhangxi/code/RL/nn-dataset/ab/nn/stat/train/img-classification_mnist_acc_DPN68-a29dbe56-909e-4543-8028-d0cec31d92fb/7.json",
    "/Users/zhangxi/code/RL/nn-dataset/ab/nn/stat/train/img-classification_mnist_acc_DPN68/20.json",
    "/Users/zhangxi/code/RL/nn-dataset/ab/nn/stat/train/img-classification_mnist_acc_DPN68/28.json",
    "/Users/zhangxi/code/RL/nn-dataset/ab/nn/stat/train/img-classification_mnist_acc_DarkNet/12.json",
    "/Users/zhangxi/code/RL/nn-dataset/ab/nn/stat/train/img-classification_mnist_acc_DenseNet-bf465678-0780-4fb3-94a0-5a1fd7985481/4.json",
    "/Users/zhangxi/code/RL/nn-dataset/ab/nn/stat/train/img-classification_mnist_acc_DenseNet/1.json",
    "/Users/zhangxi/code/RL/nn-dataset/ab/nn/stat/train/img-classification_mnist_acc_DenseNet/2.json",
    "/Users/zhangxi/code/RL/nn-dataset/ab/nn/stat/train/img-classification_mnist_acc_DenseNet/3.json",
    "/Users/zhangxi/code/RL/nn-dataset/ab/nn/stat/train/img-classification_mnist_acc_DenseNet/4.json",
    "/Users/zhangxi/code/RL/nn-dataset/ab/nn/stat/train/img-classification_mnist_acc_DenseNet/5.json",
    "/Users/zhangxi/code/RL/nn-dataset/ab/nn/stat/train/img-classification_mnist_acc_InceptionV3-1/2.json",
    "/Users/zhangxi/code/RL/nn-dataset/ab/nn/stat/train/img-classification_mnist_acc_MobileNetV2-b07c92be-6b4f-4221-bfce-8456d2592fa7/1.json",
    "/Users/zhangxi/code/RL/nn-dataset/ab/nn/stat/train/img-classification_mnist_acc_MobileNetV2-b07c92be-6b4f-4221-bfce-8456d2592fa7/10.json",
    "/Users/zhangxi/code/RL/nn-dataset/ab/nn/stat/train/img-classification_mnist_acc_MobileNetV2-b07c92be-6b4f-4221-bfce-8456d2592fa7/11.json",
    "/Users/zhangxi/code/RL/nn-dataset/ab/nn/stat/train/img-classification_mnist_acc_MobileNetV2-b07c92be-6b4f-4221-bfce-8456d2592fa7/12.json",
    "/Users/zhangxi/code/RL/nn-dataset/ab/nn/stat/train/img-classification_mnist_acc_MobileNetV2-b07c92be-6b4f-4221-bfce-8456d2592fa7/13.json",
    "/Users/zhangxi/code/RL/nn-dataset/ab/nn/stat/train/img-classification_mnist_acc_MobileNetV2-b07c92be-6b4f-4221-bfce-8456d2592fa7/14.json",
    "/Users/zhangxi/code/RL/nn-dataset/ab/nn/stat/train/img-classification_mnist_acc_MobileNetV2-b07c92be-6b4f-4221-bfce-8456d2592fa7/15.json",
    "/Users/zhangxi/code/RL/nn-dataset/ab/nn/stat/train/img-classification_mnist_acc_MobileNetV2-b07c92be-6b4f-4221-bfce-8456d2592fa7/16.json",
    "/Users/zhangxi/code/RL/nn-dataset/ab/nn/stat/train/img-classification_mnist_acc_MobileNetV2-b07c92be-6b4f-4221-bfce-8456d2592fa7/17.json",
    "/Users/zhangxi/code/RL/nn-dataset/ab/nn/stat/train/img-classification_mnist_acc_MobileNetV2-b07c92be-6b4f-4221-bfce-8456d2592fa7/18.json",
    "/Users/zhangxi/code/RL/nn-dataset/ab/nn/stat/train/img-classification_mnist_acc_MobileNetV2-b07c92be-6b4f-4221-bfce-8456d2592fa7/19.json",
    "/Users/zhangxi/code/RL/nn-dataset/ab/nn/stat/train/img-classification_mnist_acc_MobileNetV2-b07c92be-6b4f-4221-bfce-8456d2592fa7/2.json",
    "/Users/zhangxi/code/RL/nn-dataset/ab/nn/stat/train/img-classification_mnist_acc_MobileNetV2-b07c92be-6b4f-4221-bfce-8456d2592fa7/20.json",
    "/Users/zhangxi/code/RL/nn-dataset/ab/nn/stat/train/img-classification_mnist_acc_MobileNetV2-b07c92be-6b4f-4221-bfce-8456d2592fa7/21.json",
    "/Users/zhangxi/code/RL/nn-dataset/ab/nn/stat/train/img-classification_mnist_acc_MobileNetV2-b07c92be-6b4f-4221-bfce-8456d2592fa7/22.json",
    "/Users/zhangxi/code/RL/nn-dataset/ab/nn/stat/train/img-classification_mnist_acc_MobileNetV2-b07c92be-6b4f-4221-bfce-8456d2592fa7/23.json",
    "/Users/zhangxi/code/RL/nn-dataset/ab/nn/stat/train/img-classification_mnist_acc_MobileNetV2-b07c92be-6b4f-4221-bfce-8456d2592fa7/24.json",
    "/Users/zhangxi/code/RL/nn-dataset/ab/nn/stat/train/img-classification_mnist_acc_MobileNetV2-b07c92be-6b4f-4221-bfce-8456d2592fa7/25.json",
    "/Users/zhangxi/code/RL/nn-dataset/ab/nn/stat/train/img-classification_mnist_acc_MobileNetV2-b07c92be-6b4f-4221-bfce-8456d2592fa7/26.json",
    "/Users/zhangxi/code/RL/nn-dataset/ab/nn/stat/train/img-classification_mnist_acc_MobileNetV2-b07c92be-6b4f-4221-bfce-8456d2592fa7/27.json",
    "/Users/zhangxi/code/RL/nn-dataset/ab/nn/stat/train/img-classification_mnist_acc_MobileNetV2-b07c92be-6b4f-4221-bfce-8456d2592fa7/28.json",
    "/Users/zhangxi/code/RL/nn-dataset/ab/nn/stat/train/img-classification_mnist_acc_MobileNetV2-b07c92be-6b4f-4221-bfce-8456d2592fa7/29.json",
    "/Users/zhangxi/code/RL/nn-dataset/ab/nn/stat/train/img-classification_mnist_acc_MobileNetV2-b07c92be-6b4f-4221-bfce-8456d2592fa7/3.json",
    "/Users/zhangxi/code/RL/nn-dataset/ab/nn/stat/train/img-classification_mnist_acc_MobileNetV2-b07c92be-6b4f-4221-bfce-8456d2592fa7/30.json",
    "/Users/zhangxi/code/RL/nn-dataset/ab/nn/stat/train/img-classification_mnist_acc_MobileNetV2-b07c92be-6b4f-4221-bfce-8456d2592fa7/31.json",
    "/Users/zhangxi/code/RL/nn-dataset/ab/nn/stat/train/img-classification_mnist_acc_MobileNetV2-b07c92be-6b4f-4221-bfce-8456d2592fa7/32.json",
    "/Users/zhangxi/code/RL/nn-dataset/ab/nn/stat/train/img-classification_mnist_acc_MobileNetV2-b07c92be-6b4f-4221-bfce-8456d2592fa7/33.json",
    "/Users/zhangxi/code/RL/nn-dataset/ab/nn/stat/train/img-classification_mnist_acc_MobileNetV2-b07c92be-6b4f-4221-bfce-8456d2592fa7/34.json",
    "/Users/zhangxi/code/RL/nn-dataset/ab/nn/stat/train/img-classification_mnist_acc_MobileNetV2-b07c92be-6b4f-4221-bfce-8456d2592fa7/35.json",
    "/Users/zhangxi/code/RL/nn-dataset/ab/nn/stat/train/img-classification_mnist_acc_MobileNetV2-b07c92be-6b4f-4221-bfce-8456d2592fa7/36.json",
    "/Users/zhangxi/code/RL/nn-dataset/ab/nn/stat/train/img-classification_mnist_acc_MobileNetV2-b07c92be-6b4f-4221-bfce-8456d2592fa7/37.json",
    "/Users/zhangxi/code/RL/nn-dataset/ab/nn/stat/train/img-classification_mnist_acc_MobileNetV2-b07c92be-6b4f-4221-bfce-8456d2592fa7/38.json",
    "/Users/zhangxi/code/RL/nn-dataset/ab/nn/stat/train/img-classification_mnist_acc_MobileNetV2-b07c92be-6b4f-4221-bfce-8456d2592fa7/39.json",
    "/Users/zhangxi/code/RL/nn-dataset/ab/nn/stat/train/img-classification_mnist_acc_MobileNetV2-b07c92be-6b4f-4221-bfce-8456d2592fa7/4.json",
    "/Users/zhangxi/code/RL/nn-dataset/ab/nn/stat/train/img-classification_mnist_acc_MobileNetV2-b07c92be-6b4f-4221-bfce-8456d2592fa7/40.json",
    "/Users/zhangxi/code/RL/nn-dataset/ab/nn/stat/train/img-classification_mnist_acc_MobileNetV2-b07c92be-6b4f-4221-bfce-8456d2592fa7/41.json",
    "/Users/zhangxi/code/RL/nn-dataset/ab/nn/stat/train/img-classification_mnist_acc_MobileNetV2-b07c92be-6b4f-4221-bfce-8456d2592fa7/42.json",
    "/Users/zhangxi/code/RL/nn-dataset/ab/nn/stat/train/img-classification_mnist_acc_MobileNetV2-b07c92be-6b4f-4221-bfce-8456d2592fa7/43.json",
    "/Users/zhangxi/code/RL/nn-dataset/ab/nn/stat/train/img-classification_mnist_acc_MobileNetV2-b07c92be-6b4f-4221-bfce-8456d2592fa7/44.json",
    "/Users/zhangxi/code/RL/nn-dataset/ab/nn/stat/train/img-classification_mnist_acc_MobileNetV2-b07c92be-6b4f-4221-bfce-8456d2592fa7/45.json",
    "/Users/zhangxi/code/RL/nn-dataset/ab/nn/stat/train/img-classification_mnist_acc_MobileNetV2-b07c92be-6b4f-4221-bfce-8456d2592fa7/46.json",
    "/Users/zhangxi/code/RL/nn-dataset/ab/nn/stat/train/img-classification_mnist_acc_MobileNetV2-b07c92be-6b4f-4221-bfce-8456d2592fa7/47.json",
    "/Users/zhangxi/code/RL/nn-dataset/ab/nn/stat/train/img-classification_mnist_acc_MobileNetV2-b07c92be-6b4f-4221-bfce-8456d2592fa7/48.json",
    "/Users/zhangxi/code/RL/nn-dataset/ab/nn/stat/train/img-classification_mnist_acc_MobileNetV2-b07c92be-6b4f-4221-bfce-8456d2592fa7/49.json",
    "/Users/zhangxi/code/RL/nn-dataset/ab/nn/stat/train/img-classification_mnist_acc_MobileNetV2-b07c92be-6b4f-4221-bfce-8456d2592fa7/5.json",
    "/Users/zhangxi/code/RL/nn-dataset/ab/nn/stat/train/img-classification_mnist_acc_MobileNetV2-b07c92be-6b4f-4221-bfce-8456d2592fa7/50.json",
    "/Users/zhangxi/code/RL/nn-dataset/ab/nn/stat/train/img-classification_mnist_acc_MobileNetV2-b07c92be-6b4f-4221-bfce-8456d2592fa7/6.json",
    "/Users/zhangxi/code/RL/nn-dataset/ab/nn/stat/train/img-classification_mnist_acc_MobileNetV2-b07c92be-6b4f-4221-bfce-8456d2592fa7/7.json",
    "/Users/zhangxi/code/RL/nn-dataset/ab/nn/stat/train/img-classification_mnist_acc_MobileNetV2-b07c92be-6b4f-4221-bfce-8456d2592fa7/8.json",
    "/Users/zhangxi/code/RL/nn-dataset/ab/nn/stat/train/img-classification_mnist_acc_MobileNetV2-b07c92be-6b4f-4221-bfce-8456d2592fa7/9.json",
    "/Users/zhangxi/code/RL/nn-dataset/ab/nn/stat/train/img-classification_mnist_acc_MobileNetV2/1.json",
    "/Users/zhangxi/code/RL/nn-dataset/ab/nn/stat/train/img-classification_mnist_acc_ResNet-708bfd82-401b-4b36-bcdb-53b97dc6f07e/27.json",
    "/Users/zhangxi/code/RL/nn-dataset/ab/nn/stat/train/img-classification_mnist_acc_SqueezeNet-2/1.json",
    "/Users/zhangxi/code/RL/nn-dataset/ab/nn/stat/train/img-classification_mnist_acc_SqueezeNet-2/10.json",
    "/Users/zhangxi/code/RL/nn-dataset/ab/nn/stat/train/img-classification_mnist_acc_SqueezeNet-2/11.json",
    "/Users/zhangxi/code/RL/nn-dataset/ab/nn/stat/train/img-classification_mnist_acc_SqueezeNet-2/12.json",
    "/Users/zhangxi/code/RL/nn-dataset/ab/nn/stat/train/img-classification_mnist_acc_SqueezeNet-2/13.json",
    "/Users/zhangxi/code/RL/nn-dataset/ab/nn/stat/train/img-classification_mnist_acc_SqueezeNet-2/14.json",
    "/Users/zhangxi/code/RL/nn-dataset/ab/nn/stat/train/img-classification_mnist_acc_SqueezeNet-2/15.json",
    "/Users/zhangxi/code/RL/nn-dataset/ab/nn/stat/train/img-classification_mnist_acc_SqueezeNet-2/16.json",
    "/Users/zhangxi/code/RL/nn-dataset/ab/nn/stat/train/img-classification_mnist_acc_SqueezeNet-2/17.json",
    "/Users/zhangxi/code/RL/nn-dataset/ab/nn/stat/train/img-classification_mnist_acc_SqueezeNet-2/18.json",
    "/Users/zhangxi/code/RL/nn-dataset/ab/nn/stat/train/img-classification_mnist_acc_SqueezeNet-2/19.json",
    "/Users/zhangxi/code/RL/nn-dataset/ab/nn/stat/train/img-classification_mnist_acc_SqueezeNet-2/2.json",
    "/Users/zhangxi/code/RL/nn-dataset/ab/nn/stat/train/img-classification_mnist_acc_SqueezeNet-2/20.json",
    "/Users/zhangxi/code/RL/nn-dataset/ab/nn/stat/train/img-classification_mnist_acc_SqueezeNet-2/21.json",
    "/Users/zhangxi/code/RL/nn-dataset/ab/nn/stat/train/img-classification_mnist_acc_SqueezeNet-2/22.json",
    "/Users/zhangxi/code/RL/nn-dataset/ab/nn/stat/train/img-classification_mnist_acc_SqueezeNet-2/23.json",
    "/Users/zhangxi/code/RL/nn-dataset/ab/nn/stat/train/img-classification_mnist_acc_SqueezeNet-2/24.json",
    "/Users/zhangxi/code/RL/nn-dataset/ab/nn/stat/train/img-classification_mnist_acc_SqueezeNet-2/25.json",
    "/Users/zhangxi/code/RL/nn-dataset/ab/nn/stat/train/img-classification_mnist_acc_SqueezeNet-2/26.json",
    "/Users/zhangxi/code/RL/nn-dataset/ab/nn/stat/train/img-classification_mnist_acc_SqueezeNet-2/27.json",
    "/Users/zhangxi/code/RL/nn-dataset/ab/nn/stat/train/img-classification_mnist_acc_SqueezeNet-2/28.json",
    "/Users/zhangxi/code/RL/nn-dataset/ab/nn/stat/train/img-classification_mnist_acc_SqueezeNet-2/29.json",
    "/Users/zhangxi/code/RL/nn-dataset/ab/nn/stat/train/img-classification_mnist_acc_SqueezeNet-2/3.json",
    "/Users/zhangxi/code/RL/nn-dataset/ab/nn/stat/train/img-classification_mnist_acc_SqueezeNet-2/30.json",
    "/Users/zhangxi/code/RL/nn-dataset/ab/nn/stat/train/img-classification_mnist_acc_SqueezeNet-2/31.json",
    "/Users/zhangxi/code/RL/nn-dataset/ab/nn/stat/train/img-classification_mnist_acc_SqueezeNet-2/32.json",
    "/Users/zhangxi/code/RL/nn-dataset/ab/nn/stat/train/img-classification_mnist_acc_SqueezeNet-2/33.json",
    "/Users/zhangxi/code/RL/nn-dataset/ab/nn/stat/train/img-classification_mnist_acc_SqueezeNet-2/34.json",
    "/Users/zhangxi/code/RL/nn-dataset/ab/nn/stat/train/img-classification_mnist_acc_SqueezeNet-2/35.json",
    "/Users/zhangxi/code/RL/nn-dataset/ab/nn/stat/train/img-classification_mnist_acc_SqueezeNet-2/36.json",
    "/Users/zhangxi/code/RL/nn-dataset/ab/nn/stat/train/img-classification_mnist_acc_SqueezeNet-2/37.json",
    "/Users/zhangxi/code/RL/nn-dataset/ab/nn/stat/train/img-classification_mnist_acc_SqueezeNet-2/38.json",
    "/Users/zhangxi/code/RL/nn-dataset/ab/nn/stat/train/img-classification_mnist_acc_SqueezeNet-2/39.json",
    "/Users/zhangxi/code/RL/nn-dataset/ab/nn/stat/train/img-classification_mnist_acc_SqueezeNet-2/4.json",
    "/Users/zhangxi/code/RL/nn-dataset/ab/nn/stat/train/img-classification_mnist_acc_SqueezeNet-2/40.json",
    "/Users/zhangxi/code/RL/nn-dataset/ab/nn/stat/train/img-classification_mnist_acc_SqueezeNet-2/41.json",
    "/Users/zhangxi/code/RL/nn-dataset/ab/nn/stat/train/img-classification_mnist_acc_SqueezeNet-2/42.json",
    "/Users/zhangxi/code/RL/nn-dataset/ab/nn/stat/train/img-classification_mnist_acc_SqueezeNet-2/43.json",
    "/Users/zhangxi/code/RL/nn-dataset/ab/nn/stat/train/img-classification_mnist_acc_SqueezeNet-2/44.json",
    "/Users/zhangxi/code/RL/nn-dataset/ab/nn/stat/train/img-classification_mnist_acc_SqueezeNet-2/45.json",
    "/Users/zhangxi/code/RL/nn-dataset/ab/nn/stat/train/img-classification_mnist_acc_SqueezeNet-2/46.json",
    "/Users/zhangxi/code/RL/nn-dataset/ab/nn/stat/train/img-classification_mnist_acc_SqueezeNet-2/47.json",
    "/Users/zhangxi/code/RL/nn-dataset/ab/nn/stat/train/img-classification_mnist_acc_SqueezeNet-2/48.json",
    "/Users/zhangxi/code/RL/nn-dataset/ab/nn/stat/train/img-classification_mnist_acc_SqueezeNet-2/49.json",
    "/Users/zhangxi/code/RL/nn-dataset/ab/nn/stat/train/img-classification_mnist_acc_SqueezeNet-2/5.json",
    "/Users/zhangxi/code/RL/nn-dataset/ab/nn/stat/train/img-classification_mnist_acc_SqueezeNet-2/50.json",
    "/Users/zhangxi/code/RL/nn-dataset/ab/nn/stat/train/img-classification_mnist_acc_SqueezeNet-2/6.json",
    "/Users/zhangxi/code/RL/nn-dataset/ab/nn/stat/train/img-classification_mnist_acc_SqueezeNet-2/7.json",
    "/Users/zhangxi/code/RL/nn-dataset/ab/nn/stat/train/img-classification_mnist_acc_SqueezeNet-2/8.json",
    "/Users/zhangxi/code/RL/nn-dataset/ab/nn/stat/train/img-classification_mnist_acc_SqueezeNet-2/9.json",
    "/Users/zhangxi/code/RL/nn-dataset/ab/nn/stat/train/img-classification_mnist_acc_SwinTransformer/14.json",
    "/Users/zhangxi/code/RL/nn-dataset/ab/nn/stat/train/img-classification_mnist_acc_UNet2D/2.json",
    "/Users/zhangxi/code/RL/nn-dataset/ab/nn/stat/train/img-classification_mnist_acc_alt-17260fe26b9fd0cacf0532f436cc8884/1.json",
    "/Users/zhangxi/code/RL/nn-dataset/ab/nn/stat/train/img-classification_mnist_acc_alt-17260fe26b9fd0cacf0532f436cc8884/2.json",
    "/Users/zhangxi/code/RL/nn-dataset/ab/nn/stat/train/img-classification_mnist_acc_alt-17260fe26b9fd0cacf0532f436cc8884/3.json",
    "/Users/zhangxi/code/RL/nn-dataset/ab/nn/stat/train/img-classification_mnist_acc_alt-17260fe26b9fd0cacf0532f436cc8884/4.json",
    "/Users/zhangxi/code/RL/nn-dataset/ab/nn/stat/train/img-classification_mnist_acc_alt-17260fe26b9fd0cacf0532f436cc8884/5.json",
    "/Users/zhangxi/code/RL/nn-dataset/ab/nn/stat/train/img-classification_mnist_acc_alt-34eaa33fb4cd6758b42ed2b158747818/1.json",
    "/Users/zhangxi/code/RL/nn-dataset/ab/nn/stat/train/img-classification_mnist_acc_alt-67fcd0124abc11de3e933e2161d37af6/1.json",
    "/Users/zhangxi/code/RL/nn-dataset/ab/nn/stat/train/img-classification_mnist_acc_alt-744a5acaf663bd87e097abf567f6b369/1.json",
    "/Users/zhangxi/code/RL/nn-dataset/ab/nn/stat/train/img-classification_mnist_acc_alt-744a5acaf663bd87e097abf567f6b369/2.json",
    "/Users/zhangxi/code/RL/nn-dataset/ab/nn/stat/train/img-classification_mnist_acc_alt-744a5acaf663bd87e097abf567f6b369/3.json",
    "/Users/zhangxi/code/RL/nn-dataset/ab/nn/stat/train/img-classification_mnist_acc_alt-744a5acaf663bd87e097abf567f6b369/4.json",
    "/Users/zhangxi/code/RL/nn-dataset/ab/nn/stat/train/img-classification_mnist_acc_alt-744a5acaf663bd87e097abf567f6b369/5.json",
    "/Users/zhangxi/code/RL/nn-dataset/ab/nn/stat/train/img-classification_mnist_acc_alt-8a46a0340d5dfdbabc4a01f7b1da9b5e/2.json",
    "/Users/zhangxi/code/RL/nn-dataset/ab/nn/stat/train/img-classification_mnist_acc_alt-900b282c6fce3a3c888ec45fc69507ea/1.json",
    "/Users/zhangxi/code/RL/nn-dataset/ab/nn/stat/train/img-classification_mnist_acc_alt-900b282c6fce3a3c888ec45fc69507ea/2.json",
    "/Users/zhangxi/code/RL/nn-dataset/ab/nn/stat/train/img-classification_mnist_acc_alt-900b282c6fce3a3c888ec45fc69507ea/3.json",
    "/Users/zhangxi/code/RL/nn-dataset/ab/nn/stat/train/img-classification_mnist_acc_alt-900b282c6fce3a3c888ec45fc69507ea/4.json",
    "/Users/zhangxi/code/RL/nn-dataset/ab/nn/stat/train/img-classification_mnist_acc_alt-900b282c6fce3a3c888ec45fc69507ea/5.json",
    "/Users/zhangxi/code/RL/nn-dataset/ab/nn/stat/train/img-classification_mnist_acc_alt-a9baa9ae0dc4c4884dac5a8b5af2ffc4/1.json",
    "/Users/zhangxi/code/RL/nn-dataset/ab/nn/stat/train/img-classification_mnist_acc_alt-a9baa9ae0dc4c4884dac5a8b5af2ffc4/2.json",
    "/Users/zhangxi/code/RL/nn-dataset/ab/nn/stat/train/img-classification_mnist_acc_alt-a9baa9ae0dc4c4884dac5a8b5af2ffc4/3.json",
    "/Users/zhangxi/code/RL/nn-dataset/ab/nn/stat/train/img-classification_mnist_acc_alt-a9baa9ae0dc4c4884dac5a8b5af2ffc4/4.json",
    "/Users/zhangxi/code/RL/nn-dataset/ab/nn/stat/train/img-classification_mnist_acc_alt-a9baa9ae0dc4c4884dac5a8b5af2ffc4/5.json",
    "/Users/zhangxi/code/RL/nn-dataset/ab/nn/stat/train/img-classification_mnist_acc_alt-c968515aa5128be50897ea45865e0066/1.json",
    "/Users/zhangxi/code/RL/nn-dataset/ab/nn/stat/train/img-classification_mnist_acc_alt-c968515aa5128be50897ea45865e0066/2.json",
    "/Users/zhangxi/code/RL/nn-dataset/ab/nn/stat/train/img-classification_mnist_acc_alt-c968515aa5128be50897ea45865e0066/3.json",
    "/Users/zhangxi/code/RL/nn-dataset/ab/nn/stat/train/img-classification_mnist_acc_alt-c968515aa5128be50897ea45865e0066/4.json",
    "/Users/zhangxi/code/RL/nn-dataset/ab/nn/stat/train/img-classification_mnist_acc_alt-c968515aa5128be50897ea45865e0066/5.json",
    "/Users/zhangxi/code/RL/nn-dataset/ab/nn/stat/train/img-classification_mnist_acc_alt-efebd6535709bd2c1fded75bbfb9a18a/1.json",
    "/Users/zhangxi/code/RL/nn-dataset/ab/nn/stat/train/img-classification_mnist_acc_alt-fd464bb565772f23c28c631802f032c0/1.json",
    "/Users/zhangxi/code/RL/nn-dataset/ab/nn/stat/train/img-classification_mnist_acc_alt-fd464bb565772f23c28c631802f032c0/2.json",
    "/Users/zhangxi/code/RL/nn-dataset/ab/nn/stat/train/img-classification_mnist_acc_alt-fd464bb565772f23c28c631802f032c0/3.json",
    "/Users/zhangxi/code/RL/nn-dataset/ab/nn/stat/train/img-classification_mnist_acc_alt-fd464bb565772f23c28c631802f032c0/4.json",
    "/Users/zhangxi/code/RL/nn-dataset/ab/nn/stat/train/img-classification_mnist_acc_alt-fd464bb565772f23c28c631802f032c0/5.json",
    "/Users/zhangxi/code/RL/nn-dataset/ab/nn/stat/train/img-classification_mnist_acc_alt-nn1-2b18e5ec14a5c2790fe350aa7d2375e7/1.json",
    "/Users/zhangxi/code/RL/nn-dataset/ab/nn/stat/train/img-classification_mnist_acc_alt-nn1-2b18e5ec14a5c2790fe350aa7d2375e7/2.json",
    "/Users/zhangxi/code/RL/nn-dataset/ab/nn/stat/train/img-classification_mnist_acc_alt-nn1-2b18e5ec14a5c2790fe350aa7d2375e7/3.json",
    "/Users/zhangxi/code/RL/nn-dataset/ab/nn/stat/train/img-classification_mnist_acc_alt-nn1-2b18e5ec14a5c2790fe350aa7d2375e7/4.json",
    "/Users/zhangxi/code/RL/nn-dataset/ab/nn/stat/train/img-classification_mnist_acc_alt-nn1-2b18e5ec14a5c2790fe350aa7d2375e7/5.json",
    "/Users/zhangxi/code/RL/nn-dataset/ab/nn/stat/train/img-classification_mnist_acc_alt-nn1-7bf0f02f7a8b86a02d59d263682e4fc0/1.json",
    "/Users/zhangxi/code/RL/nn-dataset/ab/nn/stat/train/img-classification_mnist_acc_alt-nn1-9f182de3f2698fca15b7ff3712f5c27b/1.json",
    "/Users/zhangxi/code/RL/nn-dataset/ab/nn/stat/train/img-classification_mnist_acc_alt-nn1-9f182de3f2698fca15b7ff3712f5c27b/2.json",
    "/Users/zhangxi/code/RL/nn-dataset/ab/nn/stat/train/img-classification_mnist_acc_alt-nn1-9f182de3f2698fca15b7ff3712f5c27b/3.json",
    "/Users/zhangxi/code/RL/nn-dataset/ab/nn/stat/train/img-classification_mnist_acc_alt-nn1-9f182de3f2698fca15b7ff3712f5c27b/4.json",
    "/Users/zhangxi/code/RL/nn-dataset/ab/nn/stat/train/img-classification_mnist_acc_alt-nn1-9f182de3f2698fca15b7ff3712f5c27b/5.json",
    "/Users/zhangxi/code/RL/nn-dataset/ab/nn/stat/train/img-classification_mnist_acc_alt-nn1-ba201aac9d2f18dc0db6e0963d7e9627/4.json",
    "/Users/zhangxi/code/RL/nn-dataset/ab/nn/stat/train/img-classification_mnist_acc_alt-nn1-c9ad21494fe6492be8d24948787ea05b/3.json",
    "/Users/zhangxi/code/RL/nn-dataset/ab/nn/stat/train/img-classification_mnist_acc_alt-nn1-d84e1a959f9ab0cf3f4f70ffd229dad3/1.json",
    "/Users/zhangxi/code/RL/nn-dataset/ab/nn/stat/train/img-classification_mnist_acc_alt-nn1-d84e1a959f9ab0cf3f4f70ffd229dad3/2.json",
    "/Users/zhangxi/code/RL/nn-dataset/ab/nn/stat/train/img-classification_mnist_acc_alt-nn1-d84e1a959f9ab0cf3f4f70ffd229dad3/3.json",
    "/Users/zhangxi/code/RL/nn-dataset/ab/nn/stat/train/img-classification_mnist_acc_alt-nn1-d84e1a959f9ab0cf3f4f70ffd229dad3/4.json",
    "/Users/zhangxi/code/RL/nn-dataset/ab/nn/stat/train/img-classification_mnist_acc_alt-nn1-d84e1a959f9ab0cf3f4f70ffd229dad3/5.json",
    "/Users/zhangxi/code/RL/nn-dataset/ab/nn/stat/train/img-classification_mnist_acc_alt-nn1-edb7472c277a9e6c60aa705c3ee1f994/1.json",
    "/Users/zhangxi/code/RL/nn-dataset/ab/nn/stat/train/img-classification_mnist_acc_alt-nn1-edb7472c277a9e6c60aa705c3ee1f994/2.json",
    "/Users/zhangxi/code/RL/nn-dataset/ab/nn/stat/train/img-classification_mnist_acc_alt-nn1-edb7472c277a9e6c60aa705c3ee1f994/3.json",
    "/Users/zhangxi/code/RL/nn-dataset/ab/nn/stat/train/img-classification_mnist_acc_alt-nn1-edb7472c277a9e6c60aa705c3ee1f994/4.json",
    "/Users/zhangxi/code/RL/nn-dataset/ab/nn/stat/train/img-classification_mnist_acc_alt-nn1-edb7472c277a9e6c60aa705c3ee1f994/5.json",
    "/Users/zhangxi/code/RL/nn-dataset/ab/nn/stat/train/img-classification_mnist_acc_alt-nn2-e3b32ad60a058a96a70019eeb38ee2df/1.json",
    "/Users/zhangxi/code/RL/nn-dataset/ab/nn/stat/train/img-classification_mnist_acc_alt-nn2-f13d9f7ce34819e9de87303937e97cb0/1.json",
    "/Users/zhangxi/code/RL/nn-dataset/ab/nn/stat/train/img-classification_mnist_acc_alt-nn3-fd180b040294fcfe003b24558278124f/1.json",
    "/Users/zhangxi/code/RL/nn-dataset/ab/nn/stat/train/img-classification_mnist_acc_alt-nn3-fd180b040294fcfe003b24558278124f/2.json",
    "/Users/zhangxi/code/RL/nn-dataset/ab/nn/stat/train/img-classification_mnist_acc_alt-nn3-fd180b040294fcfe003b24558278124f/3.json",
    "/Users/zhangxi/code/RL/nn-dataset/ab/nn/stat/train/img-classification_mnist_acc_alt-nn3-fd180b040294fcfe003b24558278124f/4.json",
    "/Users/zhangxi/code/RL/nn-dataset/ab/nn/stat/train/img-classification_mnist_acc_alt-nn3-fd180b040294fcfe003b24558278124f/5.json",
    "/Users/zhangxi/code/RL/nn-dataset/ab/nn/stat/train/img-classification_mnist_acc_alt-nn4-ee9d83cfcd780d232a69c80be847d50c/1.json",
    "/Users/zhangxi/code/RL/nn-dataset/ab/nn/stat/train/img-classification_mnist_acc_ast-activation-AlexNet-ae68020827ea8c141fad80d390f2e976/1.json",
    "/Users/zhangxi/code/RL/nn-dataset/ab/nn/stat/train/img-classification_mnist_acc_ast-activation-AlexNet-ae68020827ea8c141fad80d390f2e976/4.json",
    "/Users/zhangxi/code/RL/nn-dataset/ab/nn/stat/train/img-classification_mnist_acc_ast-activation-AlexNet-f2de69d44708ecbca8670c32a0163065/1.json",
    "/Users/zhangxi/code/RL/nn-dataset/ab/nn/stat/train/img-classification_mnist_acc_ast-activation-AlexNet-f2de69d44708ecbca8670c32a0163065/2.json",
    "/Users/zhangxi/code/RL/nn-dataset/ab/nn/stat/train/img-classification_mnist_acc_ast-activation-AlexNet-f2de69d44708ecbca8670c32a0163065/3.json",
    "/Users/zhangxi/code/RL/nn-dataset/ab/nn/stat/train/img-classification_mnist_acc_ast-activation-AlexNet-f2de69d44708ecbca8670c32a0163065/4.json",
    "/Users/zhangxi/code/RL/nn-dataset/ab/nn/stat/train/img-classification_mnist_acc_ast-activation-AlexNet-f2de69d44708ecbca8670c32a0163065/5.json",
    "/Users/zhangxi/code/RL/nn-dataset/ab/nn/stat/train/img-classification_mnist_acc_ast-dimension-AlexNet-12bf570885969baf9c35285deda57a8a/1.json",
    "/Users/zhangxi/code/RL/nn-dataset/ab/nn/stat/train/img-classification_mnist_acc_ast-dimension-AlexNet-12bf570885969baf9c35285deda57a8a/2.json",
    "/Users/zhangxi/code/RL/nn-dataset/ab/nn/stat/train/img-classification_mnist_acc_ast-dimension-AlexNet-12bf570885969baf9c35285deda57a8a/3.json",
    "/Users/zhangxi/code/RL/nn-dataset/ab/nn/stat/train/img-classification_mnist_acc_ast-dimension-AlexNet-12bf570885969baf9c35285deda57a8a/4.json",
    "/Users/zhangxi/code/RL/nn-dataset/ab/nn/stat/train/img-classification_mnist_acc_ast-dimension-AlexNet-12bf570885969baf9c35285deda57a8a/5.json",
    "/Users/zhangxi/code/RL/nn-dataset/ab/nn/stat/train/img-classification_mnist_acc_ast-dimension-AlexNet-427dadcb75d96f867b8289a1eae98836/1.json",
    "/Users/zhangxi/code/RL/nn-dataset/ab/nn/stat/train/img-classification_mnist_acc_ast-dimension-AlexNet-427dadcb75d96f867b8289a1eae98836/2.json",
    "/Users/zhangxi/code/RL/nn-dataset/ab/nn/stat/train/img-classification_mnist_acc_ast-dimension-AlexNet-427dadcb75d96f867b8289a1eae98836/3.json",
    "/Users/zhangxi/code/RL/nn-dataset/ab/nn/stat/train/img-classification_mnist_acc_ast-dimension-AlexNet-427dadcb75d96f867b8289a1eae98836/4.json",
    "/Users/zhangxi/code/RL/nn-dataset/ab/nn/stat/train/img-classification_mnist_acc_ast-dimension-AlexNet-427dadcb75d96f867b8289a1eae98836/5.json",
    "/Users/zhangxi/code/RL/nn-dataset/ab/nn/stat/train/img-classification_mnist_acc_ast-dimension-AlexNet-54d8a64468538507aa5d1c0fe33b3c1c/1.json",
    "/Users/zhangxi/code/RL/nn-dataset/ab/nn/stat/train/img-classification_mnist_acc_ast-dimension-AlexNet-54d8a64468538507aa5d1c0fe33b3c1c/2.json",
    "/Users/zhangxi/code/RL/nn-dataset/ab/nn/stat/train/img-classification_mnist_acc_ast-dimension-AlexNet-54d8a64468538507aa5d1c0fe33b3c1c/3.json",
    "/Users/zhangxi/code/RL/nn-dataset/ab/nn/stat/train/img-classification_mnist_acc_ast-dimension-AlexNet-54d8a64468538507aa5d1c0fe33b3c1c/4.json",
    "/Users/zhangxi/code/RL/nn-dataset/ab/nn/stat/train/img-classification_mnist_acc_ast-dimension-AlexNet-54d8a64468538507aa5d1c0fe33b3c1c/5.json",
    "/Users/zhangxi/code/RL/nn-dataset/ab/nn/stat/train/img-classification_mnist_acc_ast-dimension-AlexNet-811b725b94fb49f3f17e6d95fb302dd6/1.json",
    "/Users/zhangxi/code/RL/nn-dataset/ab/nn/stat/train/img-classification_mnist_acc_ast-dimension-AlexNet-811b725b94fb49f3f17e6d95fb302dd6/2.json",
    "/Users/zhangxi/code/RL/nn-dataset/ab/nn/stat/train/img-classification_mnist_acc_ast-dimension-AlexNet-811b725b94fb49f3f17e6d95fb302dd6/3.json",
    "/Users/zhangxi/code/RL/nn-dataset/ab/nn/stat/train/img-classification_mnist_acc_ast-dimension-AlexNet-811b725b94fb49f3f17e6d95fb302dd6/4.json",
    "/Users/zhangxi/code/RL/nn-dataset/ab/nn/stat/train/img-classification_mnist_acc_ast-dimension-AlexNet-811b725b94fb49f3f17e6d95fb302dd6/5.json",
    "/Users/zhangxi/code/RL/nn-dataset/ab/nn/stat/train/img-classification_mnist_acc_ast-dimension-AlexNet-900bae58e9793ee625f1824037620805/3.json",
    "/Users/zhangxi/code/RL/nn-dataset/ab/nn/stat/train/img-classification_mnist_acc_ast-dimension-AlexNet-ad876c751fe310df89ccc8b406b24be5/1.json",
    "/Users/zhangxi/code/RL/nn-dataset/ab/nn/stat/train/img-classification_mnist_acc_ast-dimension-AlexNet-b95ff4ec5cea930df9709f9ab92fda6c/1.json",
    "/Users/zhangxi/code/RL/nn-dataset/ab/nn/stat/train/img-classification_mnist_acc_ast-dimension-AlexNet-b95ff4ec5cea930df9709f9ab92fda6c/2.json",
    "/Users/zhangxi/code/RL/nn-dataset/ab/nn/stat/train/img-classification_mnist_acc_ast-dimension-AlexNet-b95ff4ec5cea930df9709f9ab92fda6c/3.json",
    "/Users/zhangxi/code/RL/nn-dataset/ab/nn/stat/train/img-classification_mnist_acc_ast-dimension-AlexNet-b95ff4ec5cea930df9709f9ab92fda6c/4.json",
    "/Users/zhangxi/code/RL/nn-dataset/ab/nn/stat/train/img-classification_mnist_acc_ast-dimension-AlexNet-b95ff4ec5cea930df9709f9ab92fda6c/5.json",
    "/Users/zhangxi/code/RL/nn-dataset/ab/nn/stat/train/img-classification_mnist_acc_ast-dimension-AlexNet-cc019741437bb9d9dfb3c5693066b69e/1.json",
    "/Users/zhangxi/code/RL/nn-dataset/ab/nn/stat/train/img-classification_mnist_acc_ast-dimension-AlexNet-f2bb3ddb9fc8324fc2d6fd8a7a00ad3c/1.json",
    "/Users/zhangxi/code/RL/nn-dataset/ab/nn/stat/train/img-classification_mnist_acc_ast-dimension-AlexNet-f2bb3ddb9fc8324fc2d6fd8a7a00ad3c/2.json",
    "/Users/zhangxi/code/RL/nn-dataset/ab/nn/stat/train/img-classification_mnist_acc_ast-dimension-AlexNet-f2bb3ddb9fc8324fc2d6fd8a7a00ad3c/3.json",
    "/Users/zhangxi/code/RL/nn-dataset/ab/nn/stat/train/img-classification_mnist_acc_ast-dimension-AlexNet-f2bb3ddb9fc8324fc2d6fd8a7a00ad3c/4.json",
    "/Users/zhangxi/code/RL/nn-dataset/ab/nn/stat/train/img-classification_mnist_acc_ast-dimension-AlexNet-f2bb3ddb9fc8324fc2d6fd8a7a00ad3c/5.json",
    "/Users/zhangxi/code/RL/nn-dataset/ab/nn/stat/train/img-classification_mnist_acc_ast-dimension-AlexNet-fcebc400686e5a38900a52f15aebdbcb/1.json",
    "/Users/zhangxi/code/RL/nn-dataset/ab/nn/stat/train/img-classification_mnist_acc_ga-0/1.json",
    "/Users/zhangxi/code/RL/nn-dataset/ab/nn/stat/train/img-classification_mnist_acc_ga-0/2.json",
    "/Users/zhangxi/code/RL/nn-dataset/ab/nn/stat/train/img-classification_mnist_acc_ga-0/3.json",
    "/Users/zhangxi/code/RL/nn-dataset/ab/nn/stat/train/img-classification_mnist_acc_ga-0/4.json",
    "/Users/zhangxi/code/RL/nn-dataset/ab/nn/stat/train/img-classification_mnist_acc_ga-0/5.json",
    "/Users/zhangxi/code/RL/nn-dataset/ab/nn/stat/train/img-classification_mnist_acc_ga-1012/1.json",
    "/Users/zhangxi/code/RL/nn-dataset/ab/nn/stat/train/img-classification_mnist_acc_ga-111/1.json",
    "/Users/zhangxi/code/RL/nn-dataset/ab/nn/stat/train/img-classification_mnist_acc_ga-111/2.json",
    "/Users/zhangxi/code/RL/nn-dataset/ab/nn/stat/train/img-classification_mnist_acc_ga-111/3.json",
    "/Users/zhangxi/code/RL/nn-dataset/ab/nn/stat/train/img-classification_mnist_acc_ga-111/4.json",
    "/Users/zhangxi/code/RL/nn-dataset/ab/nn/stat/train/img-classification_mnist_acc_ga-111/5.json",
    "/Users/zhangxi/code/RL/nn-dataset/ab/nn/stat/train/img-classification_mnist_acc_ga-116/1.json",
    "/Users/zhangxi/code/RL/nn-dataset/ab/nn/stat/train/img-classification_mnist_acc_ga-144/1.json",
    "/Users/zhangxi/code/RL/nn-dataset/ab/nn/stat/train/img-classification_mnist_acc_ga-195/1.json",
    "/Users/zhangxi/code/RL/nn-dataset/ab/nn/stat/train/img-classification_mnist_acc_ga-195/2.json",
    "/Users/zhangxi/code/RL/nn-dataset/ab/nn/stat/train/img-classification_mnist_acc_ga-195/3.json",
    "/Users/zhangxi/code/RL/nn-dataset/ab/nn/stat/train/img-classification_mnist_acc_ga-195/4.json",
    "/Users/zhangxi/code/RL/nn-dataset/ab/nn/stat/train/img-classification_mnist_acc_ga-195/5.json",
    "/Users/zhangxi/code/RL/nn-dataset/ab/nn/stat/train/img-classification_mnist_acc_ga-20/1.json",
    "/Users/zhangxi/code/RL/nn-dataset/ab/nn/stat/train/img-classification_mnist_acc_ga-20/2.json",
    "/Users/zhangxi/code/RL/nn-dataset/ab/nn/stat/train/img-classification_mnist_acc_ga-20/3.json",
    "/Users/zhangxi/code/RL/nn-dataset/ab/nn/stat/train/img-classification_mnist_acc_ga-20/4.json",
    "/Users/zhangxi/code/RL/nn-dataset/ab/nn/stat/train/img-classification_mnist_acc_ga-20/5.json",
    "/Users/zhangxi/code/RL/nn-dataset/ab/nn/stat/train/img-classification_mnist_acc_ga-203/1.json",
    "/Users/zhangxi/code/RL/nn-dataset/ab/nn/stat/train/img-classification_mnist_acc_ga-215/1.json",
    "/Users/zhangxi/code/RL/nn-dataset/ab/nn/stat/train/img-classification_mnist_acc_ga-3/1.json",
    "/Users/zhangxi/code/RL/nn-dataset/ab/nn/stat/train/img-classification_mnist_acc_ga-373/1.json",
    "/Users/zhangxi/code/RL/nn-dataset/ab/nn/stat/train/img-classification_mnist_acc_ga-373/2.json",
    "/Users/zhangxi/code/RL/nn-dataset/ab/nn/stat/train/img-classification_mnist_acc_ga-373/3.json",
    "/Users/zhangxi/code/RL/nn-dataset/ab/nn/stat/train/img-classification_mnist_acc_ga-373/4.json",
    "/Users/zhangxi/code/RL/nn-dataset/ab/nn/stat/train/img-classification_mnist_acc_ga-373/5.json",
    "/Users/zhangxi/code/RL/nn-dataset/ab/nn/stat/train/img-classification_mnist_acc_ga-412/1.json",
    "/Users/zhangxi/code/RL/nn-dataset/ab/nn/stat/train/img-classification_mnist_acc_ga-412/2.json",
    "/Users/zhangxi/code/RL/nn-dataset/ab/nn/stat/train/img-classification_mnist_acc_ga-412/3.json",
    "/Users/zhangxi/code/RL/nn-dataset/ab/nn/stat/train/img-classification_mnist_acc_ga-412/4.json",
    "/Users/zhangxi/code/RL/nn-dataset/ab/nn/stat/train/img-classification_mnist_acc_ga-412/5.json",
    "/Users/zhangxi/code/RL/nn-dataset/ab/nn/stat/train/img-classification_mnist_acc_ga-432/1.json",
    "/Users/zhangxi/code/RL/nn-dataset/ab/nn/stat/train/img-classification_mnist_acc_ga-432/2.json",
    "/Users/zhangxi/code/RL/nn-dataset/ab/nn/stat/train/img-classification_mnist_acc_ga-432/3.json",
    "/Users/zhangxi/code/RL/nn-dataset/ab/nn/stat/train/img-classification_mnist_acc_ga-432/4.json",
    "/Users/zhangxi/code/RL/nn-dataset/ab/nn/stat/train/img-classification_mnist_acc_ga-432/5.json",
    "/Users/zhangxi/code/RL/nn-dataset/ab/nn/stat/train/img-classification_mnist_acc_ga-503/1.json",
    "/Users/zhangxi/code/RL/nn-dataset/ab/nn/stat/train/img-classification_mnist_acc_ga-503/2.json",
    "/Users/zhangxi/code/RL/nn-dataset/ab/nn/stat/train/img-classification_mnist_acc_ga-503/3.json",
    "/Users/zhangxi/code/RL/nn-dataset/ab/nn/stat/train/img-classification_mnist_acc_ga-503/4.json",
    "/Users/zhangxi/code/RL/nn-dataset/ab/nn/stat/train/img-classification_mnist_acc_ga-516/1.json",
    "/Users/zhangxi/code/RL/nn-dataset/ab/nn/stat/train/img-classification_mnist_acc_ga-516/2.json",
    "/Users/zhangxi/code/RL/nn-dataset/ab/nn/stat/train/img-classification_mnist_acc_ga-550/1.json",
    "/Users/zhangxi/code/RL/nn-dataset/ab/nn/stat/train/img-classification_mnist_acc_ga-550/2.json",
    "/Users/zhangxi/code/RL/nn-dataset/ab/nn/stat/train/img-classification_mnist_acc_ga-550/3.json",
    "/Users/zhangxi/code/RL/nn-dataset/ab/nn/stat/train/img-classification_mnist_acc_ga-550/4.json",
    "/Users/zhangxi/code/RL/nn-dataset/ab/nn/stat/train/img-classification_mnist_acc_ga-550/5.json",
    "/Users/zhangxi/code/RL/nn-dataset/ab/nn/stat/train/img-classification_mnist_acc_ga-570/1.json",
    "/Users/zhangxi/code/RL/nn-dataset/ab/nn/stat/train/img-classification_mnist_acc_ga-618/1.json",
    "/Users/zhangxi/code/RL/nn-dataset/ab/nn/stat/train/img-classification_mnist_acc_ga-618/2.json",
    "/Users/zhangxi/code/RL/nn-dataset/ab/nn/stat/train/img-classification_mnist_acc_ga-618/3.json",
    "/Users/zhangxi/code/RL/nn-dataset/ab/nn/stat/train/img-classification_mnist_acc_ga-618/4.json",
    "/Users/zhangxi/code/RL/nn-dataset/ab/nn/stat/train/img-classification_mnist_acc_ga-618/5.json",
    "/Users/zhangxi/code/RL/nn-dataset/ab/nn/stat/train/img-classification_mnist_acc_ga-664/1.json",
    "/Users/zhangxi/code/RL/nn-dataset/ab/nn/stat/train/img-classification_mnist_acc_ga-664/2.json",
    "/Users/zhangxi/code/RL/nn-dataset/ab/nn/stat/train/img-classification_mnist_acc_ga-664/3.json",
    "/Users/zhangxi/code/RL/nn-dataset/ab/nn/stat/train/img-classification_mnist_acc_ga-664/4.json",
    "/Users/zhangxi/code/RL/nn-dataset/ab/nn/stat/train/img-classification_mnist_acc_ga-664/5.json",
    "/Users/zhangxi/code/RL/nn-dataset/ab/nn/stat/train/img-classification_mnist_acc_ga-703/1.json",
    "/Users/zhangxi/code/RL/nn-dataset/ab/nn/stat/train/img-classification_mnist_acc_ga-703/2.json",
    "/Users/zhangxi/code/RL/nn-dataset/ab/nn/stat/train/img-classification_mnist_acc_ga-703/3.json",
    "/Users/zhangxi/code/RL/nn-dataset/ab/nn/stat/train/img-classification_mnist_acc_ga-703/4.json",
    "/Users/zhangxi/code/RL/nn-dataset/ab/nn/stat/train/img-classification_mnist_acc_ga-703/5.json",
    "/Users/zhangxi/code/RL/nn-dataset/ab/nn/stat/train/img-classification_mnist_acc_ga-76/1.json",
    "/Users/zhangxi/code/RL/nn-dataset/ab/nn/stat/train/img-classification_mnist_acc_ga-761/1.json",
    "/Users/zhangxi/code/RL/nn-dataset/ab/nn/stat/train/img-classification_mnist_acc_ga-806/1.json",
    "/Users/zhangxi/code/RL/nn-dataset/ab/nn/stat/train/img-classification_mnist_acc_ga-84/1.json",
    "/Users/zhangxi/code/RL/nn-dataset/ab/nn/stat/train/img-classification_mnist_acc_ga-84/2.json",
    "/Users/zhangxi/code/RL/nn-dataset/ab/nn/stat/train/img-classification_mnist_acc_ga-84/3.json",
    "/Users/zhangxi/code/RL/nn-dataset/ab/nn/stat/train/img-classification_mnist_acc_ga-84/4.json",
    "/Users/zhangxi/code/RL/nn-dataset/ab/nn/stat/train/img-classification_mnist_acc_ga-84/5.json",
    "/Users/zhangxi/code/RL/nn-dataset/ab/nn/stat/train/img-classification_mnist_acc_ga-863/1.json",
    "/Users/zhangxi/code/RL/nn-dataset/ab/nn/stat/train/img-classification_mnist_acc_ga-863/2.json",
    "/Users/zhangxi/code/RL/nn-dataset/ab/nn/stat/train/img-classification_mnist_acc_ga-863/3.json",
    "/Users/zhangxi/code/RL/nn-dataset/ab/nn/stat/train/img-classification_mnist_acc_ga-863/4.json",
    "/Users/zhangxi/code/RL/nn-dataset/ab/nn/stat/train/img-classification_mnist_acc_ga-863/5.json",
    "/Users/zhangxi/code/RL/nn-dataset/ab/nn/stat/train/img-classification_mnist_acc_ga-870/1.json",
    "/Users/zhangxi/code/RL/nn-dataset/ab/nn/stat/train/img-classification_mnist_acc_ga-870/2.json",
    "/Users/zhangxi/code/RL/nn-dataset/ab/nn/stat/train/img-classification_mnist_acc_ga-870/3.json",
    "/Users/zhangxi/code/RL/nn-dataset/ab/nn/stat/train/img-classification_mnist_acc_ga-870/4.json",
    "/Users/zhangxi/code/RL/nn-dataset/ab/nn/stat/train/img-classification_mnist_acc_ga-870/5.json",
    "/Users/zhangxi/code/RL/nn-dataset/ab/nn/stat/train/img-classification_mnist_acc_ga-882/1.json",
    "/Users/zhangxi/code/RL/nn-dataset/ab/nn/stat/train/img-classification_mnist_acc_ga-882/2.json",
    "/Users/zhangxi/code/RL/nn-dataset/ab/nn/stat/train/img-classification_mnist_acc_ga-882/3.json",
    "/Users/zhangxi/code/RL/nn-dataset/ab/nn/stat/train/img-classification_mnist_acc_ga-882/4.json",
    "/Users/zhangxi/code/RL/nn-dataset/ab/nn/stat/train/img-classification_mnist_acc_ga-882/5.json",
    "/Users/zhangxi/code/RL/nn-dataset/ab/nn/stat/train/img-classification_mnist_acc_ga-891/1.json",
    "/Users/zhangxi/code/RL/nn-dataset/ab/nn/stat/train/img-classification_mnist_acc_ga-891/2.json",
    "/Users/zhangxi/code/RL/nn-dataset/ab/nn/stat/train/img-classification_mnist_acc_ga-891/3.json",
    "/Users/zhangxi/code/RL/nn-dataset/ab/nn/stat/train/img-classification_mnist_acc_ga-891/4.json",
    "/Users/zhangxi/code/RL/nn-dataset/ab/nn/stat/train/img-classification_mnist_acc_ga-891/5.json",
    "/Users/zhangxi/code/RL/nn-dataset/ab/nn/stat/train/img-classification_mnist_acc_ga-922/1.json",
    "/Users/zhangxi/code/RL/nn-dataset/ab/nn/stat/train/img-classification_mnist_acc_ga-924/1.json",
    "/Users/zhangxi/code/RL/nn-dataset/ab/nn/stat/train/img-classification_mnist_acc_ga-924/2.json",
    "/Users/zhangxi/code/RL/nn-dataset/ab/nn/stat/train/img-classification_mnist_acc_ga-924/3.json",
    "/Users/zhangxi/code/RL/nn-dataset/ab/nn/stat/train/img-classification_mnist_acc_ga-924/4.json",
    "/Users/zhangxi/code/RL/nn-dataset/ab/nn/stat/train/img-classification_mnist_acc_ga-924/5.json",
    "/Users/zhangxi/code/RL/nn-dataset/ab/nn/stat/train/img-classification_mnist_acc_ga-mut-1147/1.json",
    "/Users/zhangxi/code/RL/nn-dataset/ab/nn/stat/train/img-classification_mnist_acc_ga-mut-1291/1.json",
    "/Users/zhangxi/code/RL/nn-dataset/ab/nn/stat/train/img-classification_mnist_acc_ga-mut-1291/2.json",
    "/Users/zhangxi/code/RL/nn-dataset/ab/nn/stat/train/img-classification_mnist_acc_ga-mut-1291/3.json",
    "/Users/zhangxi/code/RL/nn-dataset/ab/nn/stat/train/img-classification_mnist_acc_ga-mut-1291/4.json",
    "/Users/zhangxi/code/RL/nn-dataset/ab/nn/stat/train/img-classification_mnist_acc_ga-mut-1291/5.json",
    "/Users/zhangxi/code/RL/nn-dataset/ab/nn/stat/train/img-classification_mnist_acc_ga-mut-39/1.json",
    "/Users/zhangxi/code/RL/nn-dataset/ab/nn/stat/train/img-classification_mnist_acc_rag-28905aa0fc20b07227f25fa0ae1414f5/1.json",
    "/Users/zhangxi/code/RL/nn-dataset/ab/nn/stat/train/img-classification_mnist_acc_rag-525c718e3424695f0de37b5a7af54326/2.json",
    "/Users/zhangxi/code/RL/nn-dataset/ab/nn/stat/train/img-classification_mnist_acc_rag-5a974896c092792d2298efb8e2c005e5/1.json",
    "/Users/zhangxi/code/RL/nn-dataset/ab/nn/stat/train/img-classification_mnist_acc_rag-6a5f7be5b2ee54d4e7aa75128c5be265/4.json",
    "/Users/zhangxi/code/RL/nn-dataset/ab/nn/stat/train/img-classification_mnist_acc_rag-71533ee00998e934bb536765a23583eb/3.json",
    "/Users/zhangxi/code/RL/nn-dataset/ab/nn/stat/train/img-classification_mnist_acc_rag-72e6feed7221fd393bfb7940f96f3d26/2.json",
    "/Users/zhangxi/code/RL/nn-dataset/ab/nn/stat/train/img-classification_mnist_acc_rag-7550d5dadf2b86ad4567bd0b4d427a3f/5.json",
    "/Users/zhangxi/code/RL/nn-dataset/ab/nn/stat/train/img-classification_mnist_acc_rag-7a80dc7e328b8f173f96734723a8cdf4/1.json",
    "/Users/zhangxi/code/RL/nn-dataset/ab/nn/stat/train/img-classification_mnist_acc_rag-884e7b80c650f1f67defa00c1e97da87/4.json",
    "/Users/zhangxi/code/RL/nn-dataset/ab/nn/stat/train/img-classification_mnist_acc_rag-a92199850cf84bcc7e6ff5710e6ad148/2.json",
    "/Users/zhangxi/code/RL/nn-dataset/ab/nn/stat/train/img-classification_mnist_acc_rag-b8cd133bd7f662ce3fa7306ff70d6dfc/1.json",
    "/Users/zhangxi/code/RL/nn-dataset/ab/nn/stat/train/img-classification_mnist_acc_rag-bd05dc4db2a1369461a4d79d85cf2848/3.json",
    "/Users/zhangxi/code/RL/nn-dataset/ab/nn/stat/train/img-classification_mnist_acc_rag-c303260c2d056780d353134ceb225106/1.json",
    "/Users/zhangxi/code/RL/nn-dataset/ab/nn/stat/train/img-classification_mnist_acc_rag-c303260c2d056780d353134ceb225106/3.json",
    "/Users/zhangxi/code/RL/nn-dataset/ab/nn/stat/train/img-classification_mnist_acc_rag-cc24e7ebf1c0848ce0fd1e6f9e99b660/4.json",
    "/Users/zhangxi/code/RL/nn-dataset/ab/nn/stat/train/img-classification_mnist_acc_rag-d3e8d56934bcd7e2bafdc5d00be24820/1.json",
    "/Users/zhangxi/code/RL/nn-dataset/ab/nn/stat/train/img-classification_mnist_acc_rag-d820255594e76adf29ff0e5f37f6aa3c/3.json",
    "/Users/zhangxi/code/RL/nn-dataset/ab/nn/stat/train/img-classification_mnist_acc_rag-e8f5469e4e6afb0fda4ff5ad55b29254/3.json",
    "/Users/zhangxi/code/RL/nn-dataset/ab/nn/stat/train/img-classification_mnist_acc_rag-ff02b8b36f812e26a1ea56994f360216/1.json",
    "/Users/zhangxi/code/RL/nn-dataset/ab/nn/stat/train/img-classification_mnist_acc_rl-bb-test1-4c91a826b6a9d9811edceaa28d76d5c9/1.json",
    "/Users/zhangxi/code/RL/nn-dataset/ab/nn/stat/train/img-classification_mnist_acc_unq-0204b43a0aa147d1ffc4af38e5a7dead/2.json",
    "/Users/zhangxi/code/RL/nn-dataset/ab/nn/stat/train/img-classification_mnist_acc_unq-0edad3d05ded587d626e9eb20a08fc61/5.json",
    "/Users/zhangxi/code/RL/nn-dataset/ab/nn/stat/train/img-classification_mnist_acc_unq-1b66404749b76c3bb658d85182431c0f/5.json",
    "/Users/zhangxi/code/RL/nn-dataset/ab/nn/stat/train/img-classification_mnist_acc_unq-236cc932947c1d3a96e3d8cc02fd17c6/1.json",
    "/Users/zhangxi/code/RL/nn-dataset/ab/nn/stat/train/img-classification_mnist_acc_unq-2531bc44cb218b42a83eb8017a28033f/1.json",
    "/Users/zhangxi/code/RL/nn-dataset/ab/nn/stat/train/img-classification_mnist_acc_unq-2af84dd7503011c23ba222ad9259736b/4.json",
    "/Users/zhangxi/code/RL/nn-dataset/ab/nn/stat/train/img-classification_mnist_acc_unq-2d5df74133c917084964ec060666e8bf/4.json",
    "/Users/zhangxi/code/RL/nn-dataset/ab/nn/stat/train/img-classification_mnist_acc_unq-36b3362bdd7edc3468378613f41e2837/3.json",
    "/Users/zhangxi/code/RL/nn-dataset/ab/nn/stat/train/img-classification_mnist_acc_unq-45537be6c3305095aea8529a7458197b/1.json",
    "/Users/zhangxi/code/RL/nn-dataset/ab/nn/stat/train/img-classification_mnist_acc_unq-4f030892b6bd9a11bc206fadff4f8371/4.json",
    "/Users/zhangxi/code/RL/nn-dataset/ab/nn/stat/train/img-classification_mnist_acc_unq-7c98157d72ca7406067bedfc0de7a9d9/5.json",
    "/Users/zhangxi/code/RL/nn-dataset/ab/nn/stat/train/img-classification_mnist_acc_unq-93e57fd173b004a24e13d9a8ffb143cd/2.json",
    "/Users/zhangxi/code/RL/nn-dataset/ab/nn/stat/train/img-classification_mnist_acc_unq-9d4da6c56d6e056fe22e037ed6d03f3f/3.json",
    "/Users/zhangxi/code/RL/nn-dataset/ab/nn/stat/train/img-classification_mnist_acc_unq-a9835b3b790ee06d43476a137dd2ad4a/1.json",
    "/Users/zhangxi/code/RL/nn-dataset/ab/nn/stat/train/img-classification_mnist_acc_unq-d69b97036e806bc67c3c8e66c323b22e/1.json",
    "/Users/zhangxi/code/RL/nn-dataset/ab/nn/stat/train/img-classification_mnist_acc_unq-d69b97036e806bc67c3c8e66c323b22e/2.json",
    "/Users/zhangxi/code/RL/nn-dataset/ab/nn/stat/train/img-classification_mnist_acc_unq-d69b97036e806bc67c3c8e66c323b22e/3.json",
    "/Users/zhangxi/code/RL/nn-dataset/ab/nn/stat/train/img-classification_mnist_acc_unq-d69b97036e806bc67c3c8e66c323b22e/4.json",
    "/Users/zhangxi/code/RL/nn-dataset/ab/nn/stat/train/img-classification_mnist_acc_unq-d69b97036e806bc67c3c8e66c323b22e/5.json",
    "/Users/zhangxi/code/RL/nn-dataset/ab/nn/stat/train/img-classification_mnist_acc_unq-e993cc00e284316f009425c2be1cfdb8/5.json",
    "/Users/zhangxi/code/RL/nn-dataset/ab/nn/stat/train/img-classification_places365_acc_AirNet-97f31e02-5bf8-4917-aca7-d947805e10f6/37.json",
    "/Users/zhangxi/code/RL/nn-dataset/ab/nn/stat/train/img-classification_places365_acc_AirNet-97f31e02-5bf8-4917-aca7-d947805e10f6/45.json",
    "/Users/zhangxi/code/RL/nn-dataset/ab/nn/stat/train/img-classification_places365_acc_AirNet-97f31e02-5bf8-4917-aca7-d947805e10f6/50.json",
    "/Users/zhangxi/code/RL/nn-dataset/ab/nn/stat/train/img-classification_places365_acc_InceptionV3-1/1.json",
    "/Users/zhangxi/code/RL/nn-dataset/ab/nn/stat/train/img-classification_places365_acc_InceptionV3-1/2.json",
    "/Users/zhangxi/code/RL/nn-dataset/ab/nn/stat/train/img-classification_places365_acc_InceptionV3-1/3.json",
    "/Users/zhangxi/code/RL/nn-dataset/ab/nn/stat/train/img-classification_places365_acc_InceptionV3-1/4.json",
    "/Users/zhangxi/code/RL/nn-dataset/ab/nn/stat/train/img-classification_places365_acc_InceptionV3-1/5.json",
    "/Users/zhangxi/code/RL/nn-dataset/ab/nn/stat/train/img-classification_places365_acc_MNASNet-7201935e-4d3a-40e9-afbd-8607fa1c1e40/9.json",
    "/Users/zhangxi/code/RL/nn-dataset/ab/nn/stat/train/img-classification_places365_acc_MoE4Own-batch-00039-20260401-140349-88bdd9aa40aef52e28617a2daa350036/1.json",
    "/Users/zhangxi/code/RL/nn-dataset/ab/nn/stat/train/img-classification_places365_acc_MoE4Own-batch-00166-20260414-153010-72416aece768dd444679298ba076c861/1.json",
    "/Users/zhangxi/code/RL/nn-dataset/ab/nn/stat/train/img-classification_places365_acc_MobileNetV2/12.json",
    "/Users/zhangxi/code/RL/nn-dataset/ab/nn/stat/train/img-classification_places365_acc_SqueezeNet-1/1.json",
    "/Users/zhangxi/code/RL/nn-dataset/ab/nn/stat/train/img-classification_places365_acc_SqueezeNet-1/2.json",
    "/Users/zhangxi/code/RL/nn-dataset/ab/nn/stat/train/img-classification_places365_acc_SqueezeNet-1/3.json",
    "/Users/zhangxi/code/RL/nn-dataset/ab/nn/stat/train/img-classification_places365_acc_SqueezeNet-1/4.json",
    "/Users/zhangxi/code/RL/nn-dataset/ab/nn/stat/train/img-classification_places365_acc_SqueezeNet-1/5.json",
    "/Users/zhangxi/code/RL/nn-dataset/ab/nn/stat/train/img-classification_places365_acc_SwinTransformer/1.json",
    "/Users/zhangxi/code/RL/nn-dataset/ab/nn/stat/train/img-classification_places365_acc_SwinTransformer/2.json",
    "/Users/zhangxi/code/RL/nn-dataset/ab/nn/stat/train/img-classification_places365_acc_SwinTransformer/3.json",
    "/Users/zhangxi/code/RL/nn-dataset/ab/nn/stat/train/img-classification_places365_acc_SwinTransformer/4.json",
    "/Users/zhangxi/code/RL/nn-dataset/ab/nn/stat/train/img-classification_places365_acc_SwinTransformer/5.json",
    "/Users/zhangxi/code/RL/nn-dataset/ab/nn/stat/train/img-classification_places365_acc_ga-14/2.json",
    "/Users/zhangxi/code/RL/nn-dataset/ab/nn/stat/train/img-classification_places365_acc_ga-252/4.json",
    "/Users/zhangxi/code/RL/nn-dataset/ab/nn/stat/train/img-classification_places365_acc_ga-286/4.json",
    "/Users/zhangxi/code/RL/nn-dataset/ab/nn/stat/train/img-classification_places365_acc_ga-743/2.json",
    "/Users/zhangxi/code/RL/nn-dataset/ab/nn/stat/train/img-classification_places365_acc_ga-776/1.json",
    "/Users/zhangxi/code/RL/nn-dataset/ab/nn/stat/train/img-classification_places365_acc_ga-780/1.json",
    "/Users/zhangxi/code/RL/nn-dataset/ab/nn/stat/train/img-classification_places365_acc_ga-780/2.json",
    "/Users/zhangxi/code/RL/nn-dataset/ab/nn/stat/train/img-classification_places365_acc_ga-780/3.json",
    "/Users/zhangxi/code/RL/nn-dataset/ab/nn/stat/train/img-classification_places365_acc_ga-780/4.json",
    "/Users/zhangxi/code/RL/nn-dataset/ab/nn/stat/train/img-classification_places365_acc_ga-780/5.json",
    "/Users/zhangxi/code/RL/nn-dataset/ab/nn/stat/train/img-classification_places365_acc_ga-mut-873/1.json",
    "/Users/zhangxi/code/RL/nn-dataset/ab/nn/stat/train/img-classification_svhn_acc_AirNet-626c3eb9-5c0a-43be-bcba-745592729769/4.json",
    "/Users/zhangxi/code/RL/nn-dataset/ab/nn/stat/train/img-classification_svhn_acc_AirNet-626c3eb9-5c0a-43be-bcba-745592729769/6.json",
    "/Users/zhangxi/code/RL/nn-dataset/ab/nn/stat/train/img-classification_svhn_acc_AirNet-777bc9dc-e6c7-4bff-8be1-a1b02adea68f/14.json",
    "/Users/zhangxi/code/RL/nn-dataset/ab/nn/stat/train/img-classification_svhn_acc_AirNext/1.json",
    "/Users/zhangxi/code/RL/nn-dataset/ab/nn/stat/train/img-classification_svhn_acc_AirNext/10.json",
    "/Users/zhangxi/code/RL/nn-dataset/ab/nn/stat/train/img-classification_svhn_acc_AirNext/11.json",
    "/Users/zhangxi/code/RL/nn-dataset/ab/nn/stat/train/img-classification_svhn_acc_AirNext/12.json",
    "/Users/zhangxi/code/RL/nn-dataset/ab/nn/stat/train/img-classification_svhn_acc_AirNext/13.json",
    "/Users/zhangxi/code/RL/nn-dataset/ab/nn/stat/train/img-classification_svhn_acc_AirNext/14.json",
    "/Users/zhangxi/code/RL/nn-dataset/ab/nn/stat/train/img-classification_svhn_acc_AirNext/15.json",
    "/Users/zhangxi/code/RL/nn-dataset/ab/nn/stat/train/img-classification_svhn_acc_AirNext/16.json",
    "/Users/zhangxi/code/RL/nn-dataset/ab/nn/stat/train/img-classification_svhn_acc_AirNext/17.json",
    "/Users/zhangxi/code/RL/nn-dataset/ab/nn/stat/train/img-classification_svhn_acc_AirNext/18.json",
    "/Users/zhangxi/code/RL/nn-dataset/ab/nn/stat/train/img-classification_svhn_acc_AirNext/19.json",
    "/Users/zhangxi/code/RL/nn-dataset/ab/nn/stat/train/img-classification_svhn_acc_AirNext/2.json",
    "/Users/zhangxi/code/RL/nn-dataset/ab/nn/stat/train/img-classification_svhn_acc_AirNext/20.json",
    "/Users/zhangxi/code/RL/nn-dataset/ab/nn/stat/train/img-classification_svhn_acc_AirNext/21.json",
    "/Users/zhangxi/code/RL/nn-dataset/ab/nn/stat/train/img-classification_svhn_acc_AirNext/22.json",
    "/Users/zhangxi/code/RL/nn-dataset/ab/nn/stat/train/img-classification_svhn_acc_AirNext/23.json",
    "/Users/zhangxi/code/RL/nn-dataset/ab/nn/stat/train/img-classification_svhn_acc_AirNext/24.json",
    "/Users/zhangxi/code/RL/nn-dataset/ab/nn/stat/train/img-classification_svhn_acc_AirNext/25.json",
    "/Users/zhangxi/code/RL/nn-dataset/ab/nn/stat/train/img-classification_svhn_acc_AirNext/26.json",
    "/Users/zhangxi/code/RL/nn-dataset/ab/nn/stat/train/img-classification_svhn_acc_AirNext/27.json",
    "/Users/zhangxi/code/RL/nn-dataset/ab/nn/stat/train/img-classification_svhn_acc_AirNext/28.json",
    "/Users/zhangxi/code/RL/nn-dataset/ab/nn/stat/train/img-classification_svhn_acc_AirNext/29.json",
    "/Users/zhangxi/code/RL/nn-dataset/ab/nn/stat/train/img-classification_svhn_acc_AirNext/3.json",
    "/Users/zhangxi/code/RL/nn-dataset/ab/nn/stat/train/img-classification_svhn_acc_AirNext/30.json",
    "/Users/zhangxi/code/RL/nn-dataset/ab/nn/stat/train/img-classification_svhn_acc_AirNext/31.json",
    "/Users/zhangxi/code/RL/nn-dataset/ab/nn/stat/train/img-classification_svhn_acc_AirNext/32.json",
    "/Users/zhangxi/code/RL/nn-dataset/ab/nn/stat/train/img-classification_svhn_acc_AirNext/33.json",
    "/Users/zhangxi/code/RL/nn-dataset/ab/nn/stat/train/img-classification_svhn_acc_AirNext/34.json",
    "/Users/zhangxi/code/RL/nn-dataset/ab/nn/stat/train/img-classification_svhn_acc_AirNext/35.json",
    "/Users/zhangxi/code/RL/nn-dataset/ab/nn/stat/train/img-classification_svhn_acc_AirNext/36.json",
    "/Users/zhangxi/code/RL/nn-dataset/ab/nn/stat/train/img-classification_svhn_acc_AirNext/37.json",
    "/Users/zhangxi/code/RL/nn-dataset/ab/nn/stat/train/img-classification_svhn_acc_AirNext/38.json",
    "/Users/zhangxi/code/RL/nn-dataset/ab/nn/stat/train/img-classification_svhn_acc_AirNext/39.json",
    "/Users/zhangxi/code/RL/nn-dataset/ab/nn/stat/train/img-classification_svhn_acc_AirNext/4.json",
    "/Users/zhangxi/code/RL/nn-dataset/ab/nn/stat/train/img-classification_svhn_acc_AirNext/40.json",
    "/Users/zhangxi/code/RL/nn-dataset/ab/nn/stat/train/img-classification_svhn_acc_AirNext/41.json",
    "/Users/zhangxi/code/RL/nn-dataset/ab/nn/stat/train/img-classification_svhn_acc_AirNext/42.json",
    "/Users/zhangxi/code/RL/nn-dataset/ab/nn/stat/train/img-classification_svhn_acc_AirNext/43.json",
    "/Users/zhangxi/code/RL/nn-dataset/ab/nn/stat/train/img-classification_svhn_acc_AirNext/44.json",
    "/Users/zhangxi/code/RL/nn-dataset/ab/nn/stat/train/img-classification_svhn_acc_AirNext/45.json",
    "/Users/zhangxi/code/RL/nn-dataset/ab/nn/stat/train/img-classification_svhn_acc_AirNext/46.json",
    "/Users/zhangxi/code/RL/nn-dataset/ab/nn/stat/train/img-classification_svhn_acc_AirNext/47.json",
    "/Users/zhangxi/code/RL/nn-dataset/ab/nn/stat/train/img-classification_svhn_acc_AirNext/48.json",
    "/Users/zhangxi/code/RL/nn-dataset/ab/nn/stat/train/img-classification_svhn_acc_AirNext/49.json",
    "/Users/zhangxi/code/RL/nn-dataset/ab/nn/stat/train/img-classification_svhn_acc_AirNext/5.json",
    "/Users/zhangxi/code/RL/nn-dataset/ab/nn/stat/train/img-classification_svhn_acc_AirNext/50.json",
    "/Users/zhangxi/code/RL/nn-dataset/ab/nn/stat/train/img-classification_svhn_acc_AirNext/6.json",
    "/Users/zhangxi/code/RL/nn-dataset/ab/nn/stat/train/img-classification_svhn_acc_AirNext/7.json",
    "/Users/zhangxi/code/RL/nn-dataset/ab/nn/stat/train/img-classification_svhn_acc_AirNext/8.json",
    "/Users/zhangxi/code/RL/nn-dataset/ab/nn/stat/train/img-classification_svhn_acc_AirNext/9.json",
    "/Users/zhangxi/code/RL/nn-dataset/ab/nn/stat/train/img-classification_svhn_acc_BagNet-7e541be1-6b60-445d-bbbf-3b655eeefc9a/19.json",
    "/Users/zhangxi/code/RL/nn-dataset/ab/nn/stat/train/img-classification_svhn_acc_BayesianNet-3/3.json",
    "/Users/zhangxi/code/RL/nn-dataset/ab/nn/stat/train/img-classification_svhn_acc_BayesianNet-588ebe09-571f-4b23-a4ce-685b7ccb302d/37.json",
    "/Users/zhangxi/code/RL/nn-dataset/ab/nn/stat/train/img-classification_svhn_acc_DPN107-8c4f9030-64d6-45d7-9c4f-c5dadf55c624/24.json",
    "/Users/zhangxi/code/RL/nn-dataset/ab/nn/stat/train/img-classification_svhn_acc_DPN107/2.json",
    "/Users/zhangxi/code/RL/nn-dataset/ab/nn/stat/train/img-classification_svhn_acc_DPN107/7.json",
    "/Users/zhangxi/code/RL/nn-dataset/ab/nn/stat/train/img-classification_svhn_acc_DPN107/9.json",
    "/Users/zhangxi/code/RL/nn-dataset/ab/nn/stat/train/img-classification_svhn_acc_DPN131-e8980802-6b89-4170-8608-327297706df0/21.json",
    "/Users/zhangxi/code/RL/nn-dataset/ab/nn/stat/train/img-classification_svhn_acc_DPN131/25.json",
    "/Users/zhangxi/code/RL/nn-dataset/ab/nn/stat/train/img-classification_svhn_acc_DPN131/7.json",
    "/Users/zhangxi/code/RL/nn-dataset/ab/nn/stat/train/img-classification_svhn_acc_DPN68/31.json",
    "/Users/zhangxi/code/RL/nn-dataset/ab/nn/stat/train/img-classification_svhn_acc_DarkNet-51277b91-c3a1-4669-9fb5-849ea97bd1b4/14.json",
    "/Users/zhangxi/code/RL/nn-dataset/ab/nn/stat/train/img-classification_svhn_acc_Diffuser/22.json",
    "/Users/zhangxi/code/RL/nn-dataset/ab/nn/stat/train/img-classification_svhn_acc_FractalNet/1.json",
    "/Users/zhangxi/code/RL/nn-dataset/ab/nn/stat/train/img-classification_svhn_acc_FractalNet/10.json",
    "/Users/zhangxi/code/RL/nn-dataset/ab/nn/stat/train/img-classification_svhn_acc_FractalNet/11.json",
    "/Users/zhangxi/code/RL/nn-dataset/ab/nn/stat/train/img-classification_svhn_acc_FractalNet/12.json",
    "/Users/zhangxi/code/RL/nn-dataset/ab/nn/stat/train/img-classification_svhn_acc_FractalNet/13.json",
    "/Users/zhangxi/code/RL/nn-dataset/ab/nn/stat/train/img-classification_svhn_acc_FractalNet/14.json",
    "/Users/zhangxi/code/RL/nn-dataset/ab/nn/stat/train/img-classification_svhn_acc_FractalNet/15.json",
    "/Users/zhangxi/code/RL/nn-dataset/ab/nn/stat/train/img-classification_svhn_acc_FractalNet/16.json",
    "/Users/zhangxi/code/RL/nn-dataset/ab/nn/stat/train/img-classification_svhn_acc_FractalNet/17.json",
    "/Users/zhangxi/code/RL/nn-dataset/ab/nn/stat/train/img-classification_svhn_acc_FractalNet/18.json",
    "/Users/zhangxi/code/RL/nn-dataset/ab/nn/stat/train/img-classification_svhn_acc_FractalNet/19.json",
    "/Users/zhangxi/code/RL/nn-dataset/ab/nn/stat/train/img-classification_svhn_acc_FractalNet/2.json",
    "/Users/zhangxi/code/RL/nn-dataset/ab/nn/stat/train/img-classification_svhn_acc_FractalNet/20.json",
    "/Users/zhangxi/code/RL/nn-dataset/ab/nn/stat/train/img-classification_svhn_acc_FractalNet/21.json",
    "/Users/zhangxi/code/RL/nn-dataset/ab/nn/stat/train/img-classification_svhn_acc_FractalNet/22.json",
    "/Users/zhangxi/code/RL/nn-dataset/ab/nn/stat/train/img-classification_svhn_acc_FractalNet/23.json",
    "/Users/zhangxi/code/RL/nn-dataset/ab/nn/stat/train/img-classification_svhn_acc_FractalNet/3.json",
    "/Users/zhangxi/code/RL/nn-dataset/ab/nn/stat/train/img-classification_svhn_acc_FractalNet/4.json",
    "/Users/zhangxi/code/RL/nn-dataset/ab/nn/stat/train/img-classification_svhn_acc_FractalNet/5.json",
    "/Users/zhangxi/code/RL/nn-dataset/ab/nn/stat/train/img-classification_svhn_acc_FractalNet/6.json",
    "/Users/zhangxi/code/RL/nn-dataset/ab/nn/stat/train/img-classification_svhn_acc_FractalNet/7.json",
    "/Users/zhangxi/code/RL/nn-dataset/ab/nn/stat/train/img-classification_svhn_acc_FractalNet/8.json",
    "/Users/zhangxi/code/RL/nn-dataset/ab/nn/stat/train/img-classification_svhn_acc_FractalNet/9.json",
    "/Users/zhangxi/code/RL/nn-dataset/ab/nn/stat/train/img-classification_svhn_acc_GoogLeNet/1.json",
    "/Users/zhangxi/code/RL/nn-dataset/ab/nn/stat/train/img-classification_svhn_acc_GoogLeNet/10.json",
    "/Users/zhangxi/code/RL/nn-dataset/ab/nn/stat/train/img-classification_svhn_acc_GoogLeNet/11.json",
    "/Users/zhangxi/code/RL/nn-dataset/ab/nn/stat/train/img-classification_svhn_acc_GoogLeNet/12.json",
    "/Users/zhangxi/code/RL/nn-dataset/ab/nn/stat/train/img-classification_svhn_acc_GoogLeNet/13.json",
    "/Users/zhangxi/code/RL/nn-dataset/ab/nn/stat/train/img-classification_svhn_acc_GoogLeNet/14.json",
    "/Users/zhangxi/code/RL/nn-dataset/ab/nn/stat/train/img-classification_svhn_acc_GoogLeNet/15.json",
    "/Users/zhangxi/code/RL/nn-dataset/ab/nn/stat/train/img-classification_svhn_acc_GoogLeNet/16.json",
    "/Users/zhangxi/code/RL/nn-dataset/ab/nn/stat/train/img-classification_svhn_acc_GoogLeNet/17.json",
    "/Users/zhangxi/code/RL/nn-dataset/ab/nn/stat/train/img-classification_svhn_acc_GoogLeNet/18.json",
    "/Users/zhangxi/code/RL/nn-dataset/ab/nn/stat/train/img-classification_svhn_acc_GoogLeNet/19.json",
    "/Users/zhangxi/code/RL/nn-dataset/ab/nn/stat/train/img-classification_svhn_acc_GoogLeNet/2.json",
    "/Users/zhangxi/code/RL/nn-dataset/ab/nn/stat/train/img-classification_svhn_acc_GoogLeNet/20.json",
    "/Users/zhangxi/code/RL/nn-dataset/ab/nn/stat/train/img-classification_svhn_acc_GoogLeNet/21.json",
    "/Users/zhangxi/code/RL/nn-dataset/ab/nn/stat/train/img-classification_svhn_acc_GoogLeNet/22.json",
    "/Users/zhangxi/code/RL/nn-dataset/ab/nn/stat/train/img-classification_svhn_acc_GoogLeNet/23.json",
    "/Users/zhangxi/code/RL/nn-dataset/ab/nn/stat/train/img-classification_svhn_acc_GoogLeNet/24.json",
    "/Users/zhangxi/code/RL/nn-dataset/ab/nn/stat/train/img-classification_svhn_acc_GoogLeNet/25.json",
    "/Users/zhangxi/code/RL/nn-dataset/ab/nn/stat/train/img-classification_svhn_acc_GoogLeNet/26.json",
    "/Users/zhangxi/code/RL/nn-dataset/ab/nn/stat/train/img-classification_svhn_acc_GoogLeNet/27.json",
    "/Users/zhangxi/code/RL/nn-dataset/ab/nn/stat/train/img-classification_svhn_acc_GoogLeNet/28.json",
    "/Users/zhangxi/code/RL/nn-dataset/ab/nn/stat/train/img-classification_svhn_acc_GoogLeNet/29.json",
    "/Users/zhangxi/code/RL/nn-dataset/ab/nn/stat/train/img-classification_svhn_acc_GoogLeNet/3.json",
    "/Users/zhangxi/code/RL/nn-dataset/ab/nn/stat/train/img-classification_svhn_acc_GoogLeNet/30.json",
    "/Users/zhangxi/code/RL/nn-dataset/ab/nn/stat/train/img-classification_svhn_acc_GoogLeNet/31.json",
    "/Users/zhangxi/code/RL/nn-dataset/ab/nn/stat/train/img-classification_svhn_acc_GoogLeNet/32.json",
    "/Users/zhangxi/code/RL/nn-dataset/ab/nn/stat/train/img-classification_svhn_acc_GoogLeNet/33.json",
    "/Users/zhangxi/code/RL/nn-dataset/ab/nn/stat/train/img-classification_svhn_acc_GoogLeNet/34.json",
    "/Users/zhangxi/code/RL/nn-dataset/ab/nn/stat/train/img-classification_svhn_acc_GoogLeNet/35.json",
    "/Users/zhangxi/code/RL/nn-dataset/ab/nn/stat/train/img-classification_svhn_acc_GoogLeNet/36.json",
    "/Users/zhangxi/code/RL/nn-dataset/ab/nn/stat/train/img-classification_svhn_acc_GoogLeNet/37.json",
    "/Users/zhangxi/code/RL/nn-dataset/ab/nn/stat/train/img-classification_svhn_acc_GoogLeNet/38.json",
    "/Users/zhangxi/code/RL/nn-dataset/ab/nn/stat/train/img-classification_svhn_acc_GoogLeNet/39.json",
    "/Users/zhangxi/code/RL/nn-dataset/ab/nn/stat/train/img-classification_svhn_acc_GoogLeNet/4.json",
    "/Users/zhangxi/code/RL/nn-dataset/ab/nn/stat/train/img-classification_svhn_acc_GoogLeNet/40.json",
    "/Users/zhangxi/code/RL/nn-dataset/ab/nn/stat/train/img-classification_svhn_acc_GoogLeNet/41.json",
    "/Users/zhangxi/code/RL/nn-dataset/ab/nn/stat/train/img-classification_svhn_acc_GoogLeNet/42.json",
    "/Users/zhangxi/code/RL/nn-dataset/ab/nn/stat/train/img-classification_svhn_acc_GoogLeNet/43.json",
    "/Users/zhangxi/code/RL/nn-dataset/ab/nn/stat/train/img-classification_svhn_acc_GoogLeNet/44.json",
    "/Users/zhangxi/code/RL/nn-dataset/ab/nn/stat/train/img-classification_svhn_acc_GoogLeNet/45.json",
    "/Users/zhangxi/code/RL/nn-dataset/ab/nn/stat/train/img-classification_svhn_acc_GoogLeNet/46.json",
    "/Users/zhangxi/code/RL/nn-dataset/ab/nn/stat/train/img-classification_svhn_acc_GoogLeNet/47.json",
    "/Users/zhangxi/code/RL/nn-dataset/ab/nn/stat/train/img-classification_svhn_acc_GoogLeNet/48.json",
    "/Users/zhangxi/code/RL/nn-dataset/ab/nn/stat/train/img-classification_svhn_acc_GoogLeNet/49.json",
    "/Users/zhangxi/code/RL/nn-dataset/ab/nn/stat/train/img-classification_svhn_acc_GoogLeNet/5.json",
    "/Users/zhangxi/code/RL/nn-dataset/ab/nn/stat/train/img-classification_svhn_acc_GoogLeNet/50.json",
    "/Users/zhangxi/code/RL/nn-dataset/ab/nn/stat/train/img-classification_svhn_acc_GoogLeNet/6.json",
    "/Users/zhangxi/code/RL/nn-dataset/ab/nn/stat/train/img-classification_svhn_acc_GoogLeNet/7.json",
    "/Users/zhangxi/code/RL/nn-dataset/ab/nn/stat/train/img-classification_svhn_acc_GoogLeNet/8.json",
    "/Users/zhangxi/code/RL/nn-dataset/ab/nn/stat/train/img-classification_svhn_acc_GoogLeNet/9.json",
    "/Users/zhangxi/code/RL/nn-dataset/ab/nn/stat/train/img-classification_svhn_acc_MaxVit/1.json",
    "/Users/zhangxi/code/RL/nn-dataset/ab/nn/stat/train/img-classification_svhn_acc_MaxVit/18.json",
    "/Users/zhangxi/code/RL/nn-dataset/ab/nn/stat/train/img-classification_svhn_acc_MaxVit/2.json",
    "/Users/zhangxi/code/RL/nn-dataset/ab/nn/stat/train/img-classification_svhn_acc_MaxVit/3.json",
    "/Users/zhangxi/code/RL/nn-dataset/ab/nn/stat/train/img-classification_svhn_acc_MaxVit/4.json",
    "/Users/zhangxi/code/RL/nn-dataset/ab/nn/stat/train/img-classification_svhn_acc_MaxVit/5.json",
    "/Users/zhangxi/code/RL/nn-dataset/ab/nn/stat/train/img-classification_svhn_acc_MoE-0707/9.json",
    "/Users/zhangxi/code/RL/nn-dataset/ab/nn/stat/train/img-classification_svhn_acc_ResNet-708bfd82-401b-4b36-bcdb-53b97dc6f07e/34.json",
    "/Users/zhangxi/code/RL/nn-dataset/ab/nn/stat/train/img-classification_svhn_acc_SqueezeNet-2/1.json",
    "/Users/zhangxi/code/RL/nn-dataset/ab/nn/stat/train/img-classification_svhn_acc_SqueezeNet-2/10.json",
    "/Users/zhangxi/code/RL/nn-dataset/ab/nn/stat/train/img-classification_svhn_acc_SqueezeNet-2/11.json",
    "/Users/zhangxi/code/RL/nn-dataset/ab/nn/stat/train/img-classification_svhn_acc_SqueezeNet-2/12.json",
    "/Users/zhangxi/code/RL/nn-dataset/ab/nn/stat/train/img-classification_svhn_acc_SqueezeNet-2/13.json",
    "/Users/zhangxi/code/RL/nn-dataset/ab/nn/stat/train/img-classification_svhn_acc_SqueezeNet-2/14.json",
    "/Users/zhangxi/code/RL/nn-dataset/ab/nn/stat/train/img-classification_svhn_acc_SqueezeNet-2/15.json",
    "/Users/zhangxi/code/RL/nn-dataset/ab/nn/stat/train/img-classification_svhn_acc_SqueezeNet-2/16.json",
    "/Users/zhangxi/code/RL/nn-dataset/ab/nn/stat/train/img-classification_svhn_acc_SqueezeNet-2/17.json",
    "/Users/zhangxi/code/RL/nn-dataset/ab/nn/stat/train/img-classification_svhn_acc_SqueezeNet-2/18.json",
    "/Users/zhangxi/code/RL/nn-dataset/ab/nn/stat/train/img-classification_svhn_acc_SqueezeNet-2/19.json",
    "/Users/zhangxi/code/RL/nn-dataset/ab/nn/stat/train/img-classification_svhn_acc_SqueezeNet-2/2.json",
    "/Users/zhangxi/code/RL/nn-dataset/ab/nn/stat/train/img-classification_svhn_acc_SqueezeNet-2/20.json",
    "/Users/zhangxi/code/RL/nn-dataset/ab/nn/stat/train/img-classification_svhn_acc_SqueezeNet-2/21.json",
    "/Users/zhangxi/code/RL/nn-dataset/ab/nn/stat/train/img-classification_svhn_acc_SqueezeNet-2/22.json",
    "/Users/zhangxi/code/RL/nn-dataset/ab/nn/stat/train/img-classification_svhn_acc_SqueezeNet-2/23.json",
    "/Users/zhangxi/code/RL/nn-dataset/ab/nn/stat/train/img-classification_svhn_acc_SqueezeNet-2/24.json",
    "/Users/zhangxi/code/RL/nn-dataset/ab/nn/stat/train/img-classification_svhn_acc_SqueezeNet-2/25.json",
    "/Users/zhangxi/code/RL/nn-dataset/ab/nn/stat/train/img-classification_svhn_acc_SqueezeNet-2/26.json",
    "/Users/zhangxi/code/RL/nn-dataset/ab/nn/stat/train/img-classification_svhn_acc_SqueezeNet-2/27.json",
    "/Users/zhangxi/code/RL/nn-dataset/ab/nn/stat/train/img-classification_svhn_acc_SqueezeNet-2/28.json",
    "/Users/zhangxi/code/RL/nn-dataset/ab/nn/stat/train/img-classification_svhn_acc_SqueezeNet-2/29.json",
    "/Users/zhangxi/code/RL/nn-dataset/ab/nn/stat/train/img-classification_svhn_acc_SqueezeNet-2/3.json",
    "/Users/zhangxi/code/RL/nn-dataset/ab/nn/stat/train/img-classification_svhn_acc_SqueezeNet-2/30.json",
    "/Users/zhangxi/code/RL/nn-dataset/ab/nn/stat/train/img-classification_svhn_acc_SqueezeNet-2/31.json",
    "/Users/zhangxi/code/RL/nn-dataset/ab/nn/stat/train/img-classification_svhn_acc_SqueezeNet-2/32.json",
    "/Users/zhangxi/code/RL/nn-dataset/ab/nn/stat/train/img-classification_svhn_acc_SqueezeNet-2/33.json",
    "/Users/zhangxi/code/RL/nn-dataset/ab/nn/stat/train/img-classification_svhn_acc_SqueezeNet-2/34.json",
    "/Users/zhangxi/code/RL/nn-dataset/ab/nn/stat/train/img-classification_svhn_acc_SqueezeNet-2/35.json",
    "/Users/zhangxi/code/RL/nn-dataset/ab/nn/stat/train/img-classification_svhn_acc_SqueezeNet-2/36.json",
    "/Users/zhangxi/code/RL/nn-dataset/ab/nn/stat/train/img-classification_svhn_acc_SqueezeNet-2/37.json",
    "/Users/zhangxi/code/RL/nn-dataset/ab/nn/stat/train/img-classification_svhn_acc_SqueezeNet-2/38.json",
    "/Users/zhangxi/code/RL/nn-dataset/ab/nn/stat/train/img-classification_svhn_acc_SqueezeNet-2/39.json",
    "/Users/zhangxi/code/RL/nn-dataset/ab/nn/stat/train/img-classification_svhn_acc_SqueezeNet-2/4.json",
    "/Users/zhangxi/code/RL/nn-dataset/ab/nn/stat/train/img-classification_svhn_acc_SqueezeNet-2/40.json",
    "/Users/zhangxi/code/RL/nn-dataset/ab/nn/stat/train/img-classification_svhn_acc_SqueezeNet-2/41.json",
    "/Users/zhangxi/code/RL/nn-dataset/ab/nn/stat/train/img-classification_svhn_acc_SqueezeNet-2/42.json",
    "/Users/zhangxi/code/RL/nn-dataset/ab/nn/stat/train/img-classification_svhn_acc_SqueezeNet-2/43.json",
    "/Users/zhangxi/code/RL/nn-dataset/ab/nn/stat/train/img-classification_svhn_acc_SqueezeNet-2/44.json",
    "/Users/zhangxi/code/RL/nn-dataset/ab/nn/stat/train/img-classification_svhn_acc_SqueezeNet-2/45.json",
    "/Users/zhangxi/code/RL/nn-dataset/ab/nn/stat/train/img-classification_svhn_acc_SqueezeNet-2/46.json",
    "/Users/zhangxi/code/RL/nn-dataset/ab/nn/stat/train/img-classification_svhn_acc_SqueezeNet-2/47.json",
    "/Users/zhangxi/code/RL/nn-dataset/ab/nn/stat/train/img-classification_svhn_acc_SqueezeNet-2/48.json",
    "/Users/zhangxi/code/RL/nn-dataset/ab/nn/stat/train/img-classification_svhn_acc_SqueezeNet-2/49.json",
    "/Users/zhangxi/code/RL/nn-dataset/ab/nn/stat/train/img-classification_svhn_acc_SqueezeNet-2/5.json",
    "/Users/zhangxi/code/RL/nn-dataset/ab/nn/stat/train/img-classification_svhn_acc_SqueezeNet-2/50.json",
    "/Users/zhangxi/code/RL/nn-dataset/ab/nn/stat/train/img-classification_svhn_acc_SqueezeNet-2/6.json",
    "/Users/zhangxi/code/RL/nn-dataset/ab/nn/stat/train/img-classification_svhn_acc_SqueezeNet-2/7.json",
    "/Users/zhangxi/code/RL/nn-dataset/ab/nn/stat/train/img-classification_svhn_acc_SqueezeNet-2/8.json",
    "/Users/zhangxi/code/RL/nn-dataset/ab/nn/stat/train/img-classification_svhn_acc_SqueezeNet-2/9.json",
    "/Users/zhangxi/code/RL/nn-dataset/ab/nn/stat/train/img-classification_svhn_acc_UNet2D/1.json",
    "/Users/zhangxi/code/RL/nn-dataset/ab/nn/stat/train/img-classification_svhn_acc_UNet2D/10.json",
    "/Users/zhangxi/code/RL/nn-dataset/ab/nn/stat/train/img-classification_svhn_acc_UNet2D/11.json",
    "/Users/zhangxi/code/RL/nn-dataset/ab/nn/stat/train/img-classification_svhn_acc_UNet2D/12.json",
    "/Users/zhangxi/code/RL/nn-dataset/ab/nn/stat/train/img-classification_svhn_acc_UNet2D/13.json",
    "/Users/zhangxi/code/RL/nn-dataset/ab/nn/stat/train/img-classification_svhn_acc_UNet2D/14.json",
    "/Users/zhangxi/code/RL/nn-dataset/ab/nn/stat/train/img-classification_svhn_acc_UNet2D/15.json",
    "/Users/zhangxi/code/RL/nn-dataset/ab/nn/stat/train/img-classification_svhn_acc_UNet2D/16.json",
    "/Users/zhangxi/code/RL/nn-dataset/ab/nn/stat/train/img-classification_svhn_acc_UNet2D/17.json",
    "/Users/zhangxi/code/RL/nn-dataset/ab/nn/stat/train/img-classification_svhn_acc_UNet2D/18.json",
    "/Users/zhangxi/code/RL/nn-dataset/ab/nn/stat/train/img-classification_svhn_acc_UNet2D/19.json",
    "/Users/zhangxi/code/RL/nn-dataset/ab/nn/stat/train/img-classification_svhn_acc_UNet2D/2.json",
    "/Users/zhangxi/code/RL/nn-dataset/ab/nn/stat/train/img-classification_svhn_acc_UNet2D/20.json",
    "/Users/zhangxi/code/RL/nn-dataset/ab/nn/stat/train/img-classification_svhn_acc_UNet2D/21.json",
    "/Users/zhangxi/code/RL/nn-dataset/ab/nn/stat/train/img-classification_svhn_acc_UNet2D/22.json",
    "/Users/zhangxi/code/RL/nn-dataset/ab/nn/stat/train/img-classification_svhn_acc_UNet2D/23.json",
    "/Users/zhangxi/code/RL/nn-dataset/ab/nn/stat/train/img-classification_svhn_acc_UNet2D/24.json",
    "/Users/zhangxi/code/RL/nn-dataset/ab/nn/stat/train/img-classification_svhn_acc_UNet2D/25.json",
    "/Users/zhangxi/code/RL/nn-dataset/ab/nn/stat/train/img-classification_svhn_acc_UNet2D/26.json",
    "/Users/zhangxi/code/RL/nn-dataset/ab/nn/stat/train/img-classification_svhn_acc_UNet2D/27.json",
    "/Users/zhangxi/code/RL/nn-dataset/ab/nn/stat/train/img-classification_svhn_acc_UNet2D/28.json",
    "/Users/zhangxi/code/RL/nn-dataset/ab/nn/stat/train/img-classification_svhn_acc_UNet2D/29.json",
    "/Users/zhangxi/code/RL/nn-dataset/ab/nn/stat/train/img-classification_svhn_acc_UNet2D/3.json",
    "/Users/zhangxi/code/RL/nn-dataset/ab/nn/stat/train/img-classification_svhn_acc_UNet2D/30.json",
    "/Users/zhangxi/code/RL/nn-dataset/ab/nn/stat/train/img-classification_svhn_acc_UNet2D/31.json",
    "/Users/zhangxi/code/RL/nn-dataset/ab/nn/stat/train/img-classification_svhn_acc_UNet2D/32.json",
    "/Users/zhangxi/code/RL/nn-dataset/ab/nn/stat/train/img-classification_svhn_acc_UNet2D/33.json",
    "/Users/zhangxi/code/RL/nn-dataset/ab/nn/stat/train/img-classification_svhn_acc_UNet2D/34.json",
    "/Users/zhangxi/code/RL/nn-dataset/ab/nn/stat/train/img-classification_svhn_acc_UNet2D/35.json",
    "/Users/zhangxi/code/RL/nn-dataset/ab/nn/stat/train/img-classification_svhn_acc_UNet2D/36.json",
    "/Users/zhangxi/code/RL/nn-dataset/ab/nn/stat/train/img-classification_svhn_acc_UNet2D/37.json",
    "/Users/zhangxi/code/RL/nn-dataset/ab/nn/stat/train/img-classification_svhn_acc_UNet2D/38.json",
    "/Users/zhangxi/code/RL/nn-dataset/ab/nn/stat/train/img-classification_svhn_acc_UNet2D/39.json",
    "/Users/zhangxi/code/RL/nn-dataset/ab/nn/stat/train/img-classification_svhn_acc_UNet2D/4.json",
    "/Users/zhangxi/code/RL/nn-dataset/ab/nn/stat/train/img-classification_svhn_acc_UNet2D/40.json",
    "/Users/zhangxi/code/RL/nn-dataset/ab/nn/stat/train/img-classification_svhn_acc_UNet2D/41.json",
    "/Users/zhangxi/code/RL/nn-dataset/ab/nn/stat/train/img-classification_svhn_acc_UNet2D/42.json",
    "/Users/zhangxi/code/RL/nn-dataset/ab/nn/stat/train/img-classification_svhn_acc_UNet2D/43.json",
    "/Users/zhangxi/code/RL/nn-dataset/ab/nn/stat/train/img-classification_svhn_acc_UNet2D/44.json",
    "/Users/zhangxi/code/RL/nn-dataset/ab/nn/stat/train/img-classification_svhn_acc_UNet2D/45.json",
    "/Users/zhangxi/code/RL/nn-dataset/ab/nn/stat/train/img-classification_svhn_acc_UNet2D/46.json",
    "/Users/zhangxi/code/RL/nn-dataset/ab/nn/stat/train/img-classification_svhn_acc_UNet2D/47.json",
    "/Users/zhangxi/code/RL/nn-dataset/ab/nn/stat/train/img-classification_svhn_acc_UNet2D/48.json",
    "/Users/zhangxi/code/RL/nn-dataset/ab/nn/stat/train/img-classification_svhn_acc_UNet2D/49.json",
    "/Users/zhangxi/code/RL/nn-dataset/ab/nn/stat/train/img-classification_svhn_acc_UNet2D/5.json",
    "/Users/zhangxi/code/RL/nn-dataset/ab/nn/stat/train/img-classification_svhn_acc_UNet2D/50.json",
    "/Users/zhangxi/code/RL/nn-dataset/ab/nn/stat/train/img-classification_svhn_acc_UNet2D/6.json",
    "/Users/zhangxi/code/RL/nn-dataset/ab/nn/stat/train/img-classification_svhn_acc_UNet2D/7.json",
    "/Users/zhangxi/code/RL/nn-dataset/ab/nn/stat/train/img-classification_svhn_acc_UNet2D/8.json",
    "/Users/zhangxi/code/RL/nn-dataset/ab/nn/stat/train/img-classification_svhn_acc_UNet2D/9.json",
    "/Users/zhangxi/code/RL/nn-dataset/ab/nn/stat/train/img-classification_svhn_acc_VisionTransformer/25.json",
    "/Users/zhangxi/code/RL/nn-dataset/ab/nn/stat/train/img-classification_svhn_acc_alt-1049599bcda9b66b916a61fe1b9a788c/3.json",
    "/Users/zhangxi/code/RL/nn-dataset/ab/nn/stat/train/img-classification_svhn_acc_alt-17435438e66bd6f812aa9db62b48e760/5.json",
    "/Users/zhangxi/code/RL/nn-dataset/ab/nn/stat/train/img-classification_svhn_acc_alt-351b5430d1cf0feb9cbc7df56d87a6c0/5.json",
    "/Users/zhangxi/code/RL/nn-dataset/ab/nn/stat/train/img-classification_svhn_acc_alt-3e29f94772c79244a8037f6d8d8350d7/6.json",
    "/Users/zhangxi/code/RL/nn-dataset/ab/nn/stat/train/img-classification_svhn_acc_alt-43aebc16236ccc18e0997ee0218ab9fa/4.json",
    "/Users/zhangxi/code/RL/nn-dataset/ab/nn/stat/train/img-classification_svhn_acc_alt-43aebc16236ccc18e0997ee0218ab9fa/5.json",
    "/Users/zhangxi/code/RL/nn-dataset/ab/nn/stat/train/img-classification_svhn_acc_alt-472965649acd7378538b01dd520ba099/21.json",
    "/Users/zhangxi/code/RL/nn-dataset/ab/nn/stat/train/img-classification_svhn_acc_alt-51df4f41d68278b837d8de83db7e2e14/5.json",
    "/Users/zhangxi/code/RL/nn-dataset/ab/nn/stat/train/img-classification_svhn_acc_alt-785fe678654f7fe36f980990b15afefe/1.json",
    "/Users/zhangxi/code/RL/nn-dataset/ab/nn/stat/train/img-classification_svhn_acc_alt-7fd1929d5e7c76489e61bb862ea7dc38/4.json",
    "/Users/zhangxi/code/RL/nn-dataset/ab/nn/stat/train/img-classification_svhn_acc_alt-8e0c6d8fb878c5a18499b1261282826e/1.json",
    "/Users/zhangxi/code/RL/nn-dataset/ab/nn/stat/train/img-classification_svhn_acc_alt-8e0c6d8fb878c5a18499b1261282826e/2.json",
    "/Users/zhangxi/code/RL/nn-dataset/ab/nn/stat/train/img-classification_svhn_acc_alt-8e0c6d8fb878c5a18499b1261282826e/3.json",
    "/Users/zhangxi/code/RL/nn-dataset/ab/nn/stat/train/img-classification_svhn_acc_alt-8e0c6d8fb878c5a18499b1261282826e/4.json",
    "/Users/zhangxi/code/RL/nn-dataset/ab/nn/stat/train/img-classification_svhn_acc_alt-8e0c6d8fb878c5a18499b1261282826e/5.json",
    "/Users/zhangxi/code/RL/nn-dataset/ab/nn/stat/train/img-classification_svhn_acc_alt-a19d5aa80f0e5f6af1b5101d4df93441/4.json",
    "/Users/zhangxi/code/RL/nn-dataset/ab/nn/stat/train/img-classification_svhn_acc_alt-b9dc7db95f764e7fa2f2af07eab719d9/3.json",
    "/Users/zhangxi/code/RL/nn-dataset/ab/nn/stat/train/img-classification_svhn_acc_alt-bd1a6d623d8b36feb1754ec1b9dce309/2.json",
    "/Users/zhangxi/code/RL/nn-dataset/ab/nn/stat/train/img-classification_svhn_acc_alt-ca894d1cd738b8f9d7c1586143bccc85/3.json",
    "/Users/zhangxi/code/RL/nn-dataset/ab/nn/stat/train/img-classification_svhn_acc_alt-d10afacb5ea81e363df92c9305343de2/1.json",
    "/Users/zhangxi/code/RL/nn-dataset/ab/nn/stat/train/img-classification_svhn_acc_alt-d51298e821143253bd19f52c9bdb33fd/5.json",
    "/Users/zhangxi/code/RL/nn-dataset/ab/nn/stat/train/img-classification_svhn_acc_alt-d5a046c89fd414306aecd2ca8c6f2c34/1.json",
    "/Users/zhangxi/code/RL/nn-dataset/ab/nn/stat/train/img-classification_svhn_acc_alt-e13bc0492714c845eeaed6c67fc24e32/1.json",
    "/Users/zhangxi/code/RL/nn-dataset/ab/nn/stat/train/img-classification_svhn_acc_alt-e13bc0492714c845eeaed6c67fc24e32/2.json",
    "/Users/zhangxi/code/RL/nn-dataset/ab/nn/stat/train/img-classification_svhn_acc_alt-e13bc0492714c845eeaed6c67fc24e32/3.json",
    "/Users/zhangxi/code/RL/nn-dataset/ab/nn/stat/train/img-classification_svhn_acc_alt-e13bc0492714c845eeaed6c67fc24e32/4.json",
    "/Users/zhangxi/code/RL/nn-dataset/ab/nn/stat/train/img-classification_svhn_acc_alt-e13bc0492714c845eeaed6c67fc24e32/5.json",
    "/Users/zhangxi/code/RL/nn-dataset/ab/nn/stat/train/img-classification_svhn_acc_alt-ec6ae0d1c409719bb3e2e04ccefc6b69/3.json",
    "/Users/zhangxi/code/RL/nn-dataset/ab/nn/stat/train/img-classification_svhn_acc_alt-f22177008df4e8e0562a62e3a86d8a77/5.json",
    "/Users/zhangxi/code/RL/nn-dataset/ab/nn/stat/train/img-classification_svhn_acc_alt-fecf695d64f8038edd66254f9bd02704/37.json",
    "/Users/zhangxi/code/RL/nn-dataset/ab/nn/stat/train/img-classification_svhn_acc_alt-nn1-1996eda52034bdffc857d8f02963d0d1/5.json",
    "/Users/zhangxi/code/RL/nn-dataset/ab/nn/stat/train/img-classification_svhn_acc_alt-nn1-1bfe8526236796a48ca50f581e2e1090/4.json",
    "/Users/zhangxi/code/RL/nn-dataset/ab/nn/stat/train/img-classification_svhn_acc_alt-nn1-1fc959a3b9eaf3c15add98dd6730da12/3.json",
    "/Users/zhangxi/code/RL/nn-dataset/ab/nn/stat/train/img-classification_svhn_acc_alt-nn1-2c62d386e5326f5a0c8f083e3aa41c1b/4.json",
    "/Users/zhangxi/code/RL/nn-dataset/ab/nn/stat/train/img-classification_svhn_acc_alt-nn1-30cb2cf9cf17a1c11b5d1f343125f2b2/5.json",
    "/Users/zhangxi/code/RL/nn-dataset/ab/nn/stat/train/img-classification_svhn_acc_alt-nn1-33ec29c6292d0ddbaa023eb885cae2c0/4.json",
    "/Users/zhangxi/code/RL/nn-dataset/ab/nn/stat/train/img-classification_svhn_acc_alt-nn1-3c86d0711961ff1b9046e8fa0cd859ba/1.json",
    "/Users/zhangxi/code/RL/nn-dataset/ab/nn/stat/train/img-classification_svhn_acc_alt-nn1-3c86d0711961ff1b9046e8fa0cd859ba/2.json",
    "/Users/zhangxi/code/RL/nn-dataset/ab/nn/stat/train/img-classification_svhn_acc_alt-nn1-3c86d0711961ff1b9046e8fa0cd859ba/3.json",
    "/Users/zhangxi/code/RL/nn-dataset/ab/nn/stat/train/img-classification_svhn_acc_alt-nn1-3c86d0711961ff1b9046e8fa0cd859ba/4.json",
    "/Users/zhangxi/code/RL/nn-dataset/ab/nn/stat/train/img-classification_svhn_acc_alt-nn1-3c86d0711961ff1b9046e8fa0cd859ba/5.json",
    "/Users/zhangxi/code/RL/nn-dataset/ab/nn/stat/train/img-classification_svhn_acc_alt-nn1-3fe803b23fbd2314962736d0d56927ea/5.json",
    "/Users/zhangxi/code/RL/nn-dataset/ab/nn/stat/train/img-classification_svhn_acc_alt-nn1-436dc7be6f2452f80209343e630a3446/1.json",
    "/Users/zhangxi/code/RL/nn-dataset/ab/nn/stat/train/img-classification_svhn_acc_alt-nn1-436dc7be6f2452f80209343e630a3446/2.json",
    "/Users/zhangxi/code/RL/nn-dataset/ab/nn/stat/train/img-classification_svhn_acc_alt-nn1-436dc7be6f2452f80209343e630a3446/3.json",
    "/Users/zhangxi/code/RL/nn-dataset/ab/nn/stat/train/img-classification_svhn_acc_alt-nn1-436dc7be6f2452f80209343e630a3446/4.json",
    "/Users/zhangxi/code/RL/nn-dataset/ab/nn/stat/train/img-classification_svhn_acc_alt-nn1-436dc7be6f2452f80209343e630a3446/5.json",
    "/Users/zhangxi/code/RL/nn-dataset/ab/nn/stat/train/img-classification_svhn_acc_alt-nn1-437bbab09e1c46ea23db2e3ab92b01b0/1.json",
    "/Users/zhangxi/code/RL/nn-dataset/ab/nn/stat/train/img-classification_svhn_acc_alt-nn1-437bbab09e1c46ea23db2e3ab92b01b0/2.json",
    "/Users/zhangxi/code/RL/nn-dataset/ab/nn/stat/train/img-classification_svhn_acc_alt-nn1-437bbab09e1c46ea23db2e3ab92b01b0/3.json",
    "/Users/zhangxi/code/RL/nn-dataset/ab/nn/stat/train/img-classification_svhn_acc_alt-nn1-437bbab09e1c46ea23db2e3ab92b01b0/4.json",
    "/Users/zhangxi/code/RL/nn-dataset/ab/nn/stat/train/img-classification_svhn_acc_alt-nn1-437bbab09e1c46ea23db2e3ab92b01b0/5.json",
    "/Users/zhangxi/code/RL/nn-dataset/ab/nn/stat/train/img-classification_svhn_acc_alt-nn1-45b6fd640aad3cbde56283831b259c1b/1.json",
    "/Users/zhangxi/code/RL/nn-dataset/ab/nn/stat/train/img-classification_svhn_acc_alt-nn1-55e6ef7a039734fa7cac4ea95de1e0c9/3.json",
    "/Users/zhangxi/code/RL/nn-dataset/ab/nn/stat/train/img-classification_svhn_acc_alt-nn1-60aaff63753054bf2e6b5d5679333cbc/1.json",
    "/Users/zhangxi/code/RL/nn-dataset/ab/nn/stat/train/img-classification_svhn_acc_alt-nn1-6136072e44fc24a38c68b37f622e80f8/1.json",
    "/Users/zhangxi/code/RL/nn-dataset/ab/nn/stat/train/img-classification_svhn_acc_alt-nn1-6873068a9ff16aae61183f9bff06f29b/1.json",
    "/Users/zhangxi/code/RL/nn-dataset/ab/nn/stat/train/img-classification_svhn_acc_alt-nn1-6873068a9ff16aae61183f9bff06f29b/2.json",
    "/Users/zhangxi/code/RL/nn-dataset/ab/nn/stat/train/img-classification_svhn_acc_alt-nn1-6873068a9ff16aae61183f9bff06f29b/3.json",
    "/Users/zhangxi/code/RL/nn-dataset/ab/nn/stat/train/img-classification_svhn_acc_alt-nn1-6873068a9ff16aae61183f9bff06f29b/4.json",
    "/Users/zhangxi/code/RL/nn-dataset/ab/nn/stat/train/img-classification_svhn_acc_alt-nn1-6873068a9ff16aae61183f9bff06f29b/5.json",
    "/Users/zhangxi/code/RL/nn-dataset/ab/nn/stat/train/img-classification_svhn_acc_alt-nn1-74324e9421797213799855dbe96344b2/1.json",
    "/Users/zhangxi/code/RL/nn-dataset/ab/nn/stat/train/img-classification_svhn_acc_alt-nn1-781a1d03744768b389175027492ff762/2.json",
    "/Users/zhangxi/code/RL/nn-dataset/ab/nn/stat/train/img-classification_svhn_acc_alt-nn1-7c555000616ce9501bba72de92242319/1.json",
    "/Users/zhangxi/code/RL/nn-dataset/ab/nn/stat/train/img-classification_svhn_acc_alt-nn1-8128b1732d5731ba128a8f67031be619/1.json",
    "/Users/zhangxi/code/RL/nn-dataset/ab/nn/stat/train/img-classification_svhn_acc_alt-nn1-8128b1732d5731ba128a8f67031be619/2.json",
    "/Users/zhangxi/code/RL/nn-dataset/ab/nn/stat/train/img-classification_svhn_acc_alt-nn1-8128b1732d5731ba128a8f67031be619/3.json",
    "/Users/zhangxi/code/RL/nn-dataset/ab/nn/stat/train/img-classification_svhn_acc_alt-nn1-8128b1732d5731ba128a8f67031be619/4.json",
    "/Users/zhangxi/code/RL/nn-dataset/ab/nn/stat/train/img-classification_svhn_acc_alt-nn1-8128b1732d5731ba128a8f67031be619/5.json",
    "/Users/zhangxi/code/RL/nn-dataset/ab/nn/stat/train/img-classification_svhn_acc_alt-nn1-8338a351dcd0cf90760526d22dab2726/4.json",
    "/Users/zhangxi/code/RL/nn-dataset/ab/nn/stat/train/img-classification_svhn_acc_alt-nn1-883f48d753af853ebefc7552e89b8f33/4.json",
    "/Users/zhangxi/code/RL/nn-dataset/ab/nn/stat/train/img-classification_svhn_acc_alt-nn1-8e7040dd0485fcbabbcc9967155529f6/1.json",
    "/Users/zhangxi/code/RL/nn-dataset/ab/nn/stat/train/img-classification_svhn_acc_alt-nn1-93c560249f5ebb6e725953fa85c7ed3b/5.json",
    "/Users/zhangxi/code/RL/nn-dataset/ab/nn/stat/train/img-classification_svhn_acc_alt-nn1-991c52e41a27a2f62819509cade6dc4c/5.json",
    "/Users/zhangxi/code/RL/nn-dataset/ab/nn/stat/train/img-classification_svhn_acc_alt-nn1-a0ee2c26c1c6724c4ed82bef996e2edb/4.json",
    "/Users/zhangxi/code/RL/nn-dataset/ab/nn/stat/train/img-classification_svhn_acc_alt-nn1-bc3701ea9a91fef2203cefa49855d130/1.json",
    "/Users/zhangxi/code/RL/nn-dataset/ab/nn/stat/train/img-classification_svhn_acc_alt-nn1-d381650e9f42a162ea917e0b3a8c50d3/1.json",
    "/Users/zhangxi/code/RL/nn-dataset/ab/nn/stat/train/img-classification_svhn_acc_alt-nn1-d76db2797b98484a79e882cfb803249e/1.json",
    "/Users/zhangxi/code/RL/nn-dataset/ab/nn/stat/train/img-classification_svhn_acc_alt-nn2-541a6f9fec22c4cc3704128979fef9d7/4.json",
    "/Users/zhangxi/code/RL/nn-dataset/ab/nn/stat/train/img-classification_svhn_acc_alt-nn2-5a810bb56ea872b1018084da26e2df04/1.json",
    "/Users/zhangxi/code/RL/nn-dataset/ab/nn/stat/train/img-classification_svhn_acc_alt-nn2-5a810bb56ea872b1018084da26e2df04/2.json",
    "/Users/zhangxi/code/RL/nn-dataset/ab/nn/stat/train/img-classification_svhn_acc_alt-nn2-5a810bb56ea872b1018084da26e2df04/3.json",
    "/Users/zhangxi/code/RL/nn-dataset/ab/nn/stat/train/img-classification_svhn_acc_alt-nn2-5a810bb56ea872b1018084da26e2df04/4.json",
    "/Users/zhangxi/code/RL/nn-dataset/ab/nn/stat/train/img-classification_svhn_acc_alt-nn2-5a810bb56ea872b1018084da26e2df04/5.json",
    "/Users/zhangxi/code/RL/nn-dataset/ab/nn/stat/train/img-classification_svhn_acc_alt-nn2-6a533a63936b85329e9a897248759e27/1.json",
    "/Users/zhangxi/code/RL/nn-dataset/ab/nn/stat/train/img-classification_svhn_acc_alt-nn2-83f6bd542369ff1a39a6f071b5ca0834/1.json",
    "/Users/zhangxi/code/RL/nn-dataset/ab/nn/stat/train/img-classification_svhn_acc_alt-nn2-e79e4aec245222e4e6c14bfa9956833c/1.json",
    "/Users/zhangxi/code/RL/nn-dataset/ab/nn/stat/train/img-classification_svhn_acc_alt-nn2-e79e4aec245222e4e6c14bfa9956833c/2.json",
    "/Users/zhangxi/code/RL/nn-dataset/ab/nn/stat/train/img-classification_svhn_acc_alt-nn2-e79e4aec245222e4e6c14bfa9956833c/3.json",
    "/Users/zhangxi/code/RL/nn-dataset/ab/nn/stat/train/img-classification_svhn_acc_alt-nn2-e79e4aec245222e4e6c14bfa9956833c/4.json",
    "/Users/zhangxi/code/RL/nn-dataset/ab/nn/stat/train/img-classification_svhn_acc_alt-nn2-e79e4aec245222e4e6c14bfa9956833c/5.json",
    "/Users/zhangxi/code/RL/nn-dataset/ab/nn/stat/train/img-classification_svhn_acc_alt-nn2-e7e5705368431f44e970782fbbde7c87/2.json",
    "/Users/zhangxi/code/RL/nn-dataset/ab/nn/stat/train/img-classification_svhn_acc_alt-nn3-e8aa6b7bed7c900506ef637c82e2dbe4/1.json",
    "/Users/zhangxi/code/RL/nn-dataset/ab/nn/stat/train/img-classification_svhn_acc_alt-nn3-e8aa6b7bed7c900506ef637c82e2dbe4/2.json",
    "/Users/zhangxi/code/RL/nn-dataset/ab/nn/stat/train/img-classification_svhn_acc_alt-nn3-e8aa6b7bed7c900506ef637c82e2dbe4/3.json",
    "/Users/zhangxi/code/RL/nn-dataset/ab/nn/stat/train/img-classification_svhn_acc_alt-nn3-e8aa6b7bed7c900506ef637c82e2dbe4/4.json",
    "/Users/zhangxi/code/RL/nn-dataset/ab/nn/stat/train/img-classification_svhn_acc_alt-nn3-e8aa6b7bed7c900506ef637c82e2dbe4/5.json",
    "/Users/zhangxi/code/RL/nn-dataset/ab/nn/stat/train/img-classification_svhn_acc_alt-nn4-f826d6e69722a0b3957509fa6ad0b39f/1.json",
    "/Users/zhangxi/code/RL/nn-dataset/ab/nn/stat/train/img-classification_svhn_acc_alt-nn5-302a0f5dd4dc2b4fb88bfa7416523344/1.json",
    "/Users/zhangxi/code/RL/nn-dataset/ab/nn/stat/train/img-classification_svhn_acc_alt-nn5-447e771c317ac5cde56b798e6e601c0f/1.json",
    "/Users/zhangxi/code/RL/nn-dataset/ab/nn/stat/train/img-classification_svhn_acc_alt-nn5-548ffdb9adb4f6f768fa2512badf3c23/1.json",
    "/Users/zhangxi/code/RL/nn-dataset/ab/nn/stat/train/img-classification_svhn_acc_alt-nn5-548ffdb9adb4f6f768fa2512badf3c23/2.json",
    "/Users/zhangxi/code/RL/nn-dataset/ab/nn/stat/train/img-classification_svhn_acc_alt-nn5-548ffdb9adb4f6f768fa2512badf3c23/3.json",
    "/Users/zhangxi/code/RL/nn-dataset/ab/nn/stat/train/img-classification_svhn_acc_alt-nn5-548ffdb9adb4f6f768fa2512badf3c23/4.json",
    "/Users/zhangxi/code/RL/nn-dataset/ab/nn/stat/train/img-classification_svhn_acc_alt-nn5-548ffdb9adb4f6f768fa2512badf3c23/5.json",
    "/Users/zhangxi/code/RL/nn-dataset/ab/nn/stat/train/img-classification_svhn_acc_alt-nn5-700e7c2e90c95303ee9d997a8621ebb8/2.json",
    "/Users/zhangxi/code/RL/nn-dataset/ab/nn/stat/train/img-classification_svhn_acc_ast-activation-AlexNet-8e71a17ab56b985971bff990f9025fc5/1.json",
    "/Users/zhangxi/code/RL/nn-dataset/ab/nn/stat/train/img-classification_svhn_acc_ast-activation-AlexNet-8e71a17ab56b985971bff990f9025fc5/2.json",
    "/Users/zhangxi/code/RL/nn-dataset/ab/nn/stat/train/img-classification_svhn_acc_ast-activation-AlexNet-8e71a17ab56b985971bff990f9025fc5/3.json",
    "/Users/zhangxi/code/RL/nn-dataset/ab/nn/stat/train/img-classification_svhn_acc_ast-activation-AlexNet-8e71a17ab56b985971bff990f9025fc5/4.json",
    "/Users/zhangxi/code/RL/nn-dataset/ab/nn/stat/train/img-classification_svhn_acc_ast-activation-AlexNet-8e71a17ab56b985971bff990f9025fc5/5.json",
    "/Users/zhangxi/code/RL/nn-dataset/ab/nn/stat/train/img-classification_svhn_acc_ast-dimension-AlexNet-00e65dc80eb7c84f07671ccfbb141516/4.json",
    "/Users/zhangxi/code/RL/nn-dataset/ab/nn/stat/train/img-classification_svhn_acc_ast-dimension-AlexNet-1d403b400affe9754abec4417eb3e050/1.json",
    "/Users/zhangxi/code/RL/nn-dataset/ab/nn/stat/train/img-classification_svhn_acc_ast-dimension-AlexNet-2041bba8391755b77ba1111ace34367a/4.json",
    "/Users/zhangxi/code/RL/nn-dataset/ab/nn/stat/train/img-classification_svhn_acc_ast-dimension-AlexNet-36cc274b69bfb380c0b546fce3360691/1.json",
    "/Users/zhangxi/code/RL/nn-dataset/ab/nn/stat/train/img-classification_svhn_acc_ast-dimension-AlexNet-403957410ec27ee497dea650b0be952c/3.json",
    "/Users/zhangxi/code/RL/nn-dataset/ab/nn/stat/train/img-classification_svhn_acc_ast-dimension-AlexNet-4db234b2e4ec0e7d4c5d997551eca542/1.json",
    "/Users/zhangxi/code/RL/nn-dataset/ab/nn/stat/train/img-classification_svhn_acc_ast-dimension-AlexNet-4db234b2e4ec0e7d4c5d997551eca542/2.json",
    "/Users/zhangxi/code/RL/nn-dataset/ab/nn/stat/train/img-classification_svhn_acc_ast-dimension-AlexNet-4db234b2e4ec0e7d4c5d997551eca542/3.json",
    "/Users/zhangxi/code/RL/nn-dataset/ab/nn/stat/train/img-classification_svhn_acc_ast-dimension-AlexNet-4db234b2e4ec0e7d4c5d997551eca542/4.json",
    "/Users/zhangxi/code/RL/nn-dataset/ab/nn/stat/train/img-classification_svhn_acc_ast-dimension-AlexNet-4db234b2e4ec0e7d4c5d997551eca542/5.json",
    "/Users/zhangxi/code/RL/nn-dataset/ab/nn/stat/train/img-classification_svhn_acc_ast-dimension-AlexNet-5174ac58943ee6103663d6871a34bfdf/1.json",
    "/Users/zhangxi/code/RL/nn-dataset/ab/nn/stat/train/img-classification_svhn_acc_ast-dimension-AlexNet-5174ac58943ee6103663d6871a34bfdf/2.json",
    "/Users/zhangxi/code/RL/nn-dataset/ab/nn/stat/train/img-classification_svhn_acc_ast-dimension-AlexNet-5174ac58943ee6103663d6871a34bfdf/3.json",
    "/Users/zhangxi/code/RL/nn-dataset/ab/nn/stat/train/img-classification_svhn_acc_ast-dimension-AlexNet-5174ac58943ee6103663d6871a34bfdf/4.json",
    "/Users/zhangxi/code/RL/nn-dataset/ab/nn/stat/train/img-classification_svhn_acc_ast-dimension-AlexNet-5174ac58943ee6103663d6871a34bfdf/5.json",
    "/Users/zhangxi/code/RL/nn-dataset/ab/nn/stat/train/img-classification_svhn_acc_ast-dimension-AlexNet-60761a2ad5df3e01fef837b4b61fc458/1.json",
    "/Users/zhangxi/code/RL/nn-dataset/ab/nn/stat/train/img-classification_svhn_acc_ast-dimension-AlexNet-60761a2ad5df3e01fef837b4b61fc458/2.json",
    "/Users/zhangxi/code/RL/nn-dataset/ab/nn/stat/train/img-classification_svhn_acc_ast-dimension-AlexNet-60761a2ad5df3e01fef837b4b61fc458/3.json",
    "/Users/zhangxi/code/RL/nn-dataset/ab/nn/stat/train/img-classification_svhn_acc_ast-dimension-AlexNet-60761a2ad5df3e01fef837b4b61fc458/4.json",
    "/Users/zhangxi/code/RL/nn-dataset/ab/nn/stat/train/img-classification_svhn_acc_ast-dimension-AlexNet-60761a2ad5df3e01fef837b4b61fc458/5.json",
    "/Users/zhangxi/code/RL/nn-dataset/ab/nn/stat/train/img-classification_svhn_acc_ast-dimension-AlexNet-6343dc7acfbfbe71d1f5c20b5b9da8d6/1.json",
    "/Users/zhangxi/code/RL/nn-dataset/ab/nn/stat/train/img-classification_svhn_acc_ast-dimension-AlexNet-6343dc7acfbfbe71d1f5c20b5b9da8d6/2.json",
    "/Users/zhangxi/code/RL/nn-dataset/ab/nn/stat/train/img-classification_svhn_acc_ast-dimension-AlexNet-6343dc7acfbfbe71d1f5c20b5b9da8d6/3.json",
    "/Users/zhangxi/code/RL/nn-dataset/ab/nn/stat/train/img-classification_svhn_acc_ast-dimension-AlexNet-6343dc7acfbfbe71d1f5c20b5b9da8d6/4.json",
    "/Users/zhangxi/code/RL/nn-dataset/ab/nn/stat/train/img-classification_svhn_acc_ast-dimension-AlexNet-6343dc7acfbfbe71d1f5c20b5b9da8d6/5.json",
    "/Users/zhangxi/code/RL/nn-dataset/ab/nn/stat/train/img-classification_svhn_acc_ast-dimension-AlexNet-63f113ce8d6e6835af9c16cc2471fdc3/1.json",
    "/Users/zhangxi/code/RL/nn-dataset/ab/nn/stat/train/img-classification_svhn_acc_ast-dimension-AlexNet-63f113ce8d6e6835af9c16cc2471fdc3/2.json",
    "/Users/zhangxi/code/RL/nn-dataset/ab/nn/stat/train/img-classification_svhn_acc_ast-dimension-AlexNet-63f113ce8d6e6835af9c16cc2471fdc3/3.json",
    "/Users/zhangxi/code/RL/nn-dataset/ab/nn/stat/train/img-classification_svhn_acc_ast-dimension-AlexNet-63f113ce8d6e6835af9c16cc2471fdc3/4.json",
    "/Users/zhangxi/code/RL/nn-dataset/ab/nn/stat/train/img-classification_svhn_acc_ast-dimension-AlexNet-63f113ce8d6e6835af9c16cc2471fdc3/5.json",
    "/Users/zhangxi/code/RL/nn-dataset/ab/nn/stat/train/img-classification_svhn_acc_ast-dimension-AlexNet-6d51f287d68c5dfe00440a80f3ef400e/3.json",
    "/Users/zhangxi/code/RL/nn-dataset/ab/nn/stat/train/img-classification_svhn_acc_ast-dimension-AlexNet-7a3c89366eb42ac34709c6061215b373/1.json",
    "/Users/zhangxi/code/RL/nn-dataset/ab/nn/stat/train/img-classification_svhn_acc_ast-dimension-AlexNet-7a3c89366eb42ac34709c6061215b373/2.json",
    "/Users/zhangxi/code/RL/nn-dataset/ab/nn/stat/train/img-classification_svhn_acc_ast-dimension-AlexNet-7a3c89366eb42ac34709c6061215b373/3.json",
    "/Users/zhangxi/code/RL/nn-dataset/ab/nn/stat/train/img-classification_svhn_acc_ast-dimension-AlexNet-7a3c89366eb42ac34709c6061215b373/4.json",
    "/Users/zhangxi/code/RL/nn-dataset/ab/nn/stat/train/img-classification_svhn_acc_ast-dimension-AlexNet-7a3c89366eb42ac34709c6061215b373/5.json",
    "/Users/zhangxi/code/RL/nn-dataset/ab/nn/stat/train/img-classification_svhn_acc_ast-dimension-AlexNet-99de1609e53905d001e204a95fb9df63/1.json",
    "/Users/zhangxi/code/RL/nn-dataset/ab/nn/stat/train/img-classification_svhn_acc_ast-dimension-AlexNet-99de1609e53905d001e204a95fb9df63/2.json",
    "/Users/zhangxi/code/RL/nn-dataset/ab/nn/stat/train/img-classification_svhn_acc_ast-dimension-AlexNet-99de1609e53905d001e204a95fb9df63/3.json",
    "/Users/zhangxi/code/RL/nn-dataset/ab/nn/stat/train/img-classification_svhn_acc_ast-dimension-AlexNet-99de1609e53905d001e204a95fb9df63/4.json",
    "/Users/zhangxi/code/RL/nn-dataset/ab/nn/stat/train/img-classification_svhn_acc_ast-dimension-AlexNet-99de1609e53905d001e204a95fb9df63/5.json",
    "/Users/zhangxi/code/RL/nn-dataset/ab/nn/stat/train/img-classification_svhn_acc_ast-dimension-AlexNet-9f93d1380f035bc85ca20abb952055a7/1.json",
    "/Users/zhangxi/code/RL/nn-dataset/ab/nn/stat/train/img-classification_svhn_acc_ast-dimension-AlexNet-9f93d1380f035bc85ca20abb952055a7/2.json",
    "/Users/zhangxi/code/RL/nn-dataset/ab/nn/stat/train/img-classification_svhn_acc_ast-dimension-AlexNet-9f93d1380f035bc85ca20abb952055a7/3.json",
    "/Users/zhangxi/code/RL/nn-dataset/ab/nn/stat/train/img-classification_svhn_acc_ast-dimension-AlexNet-9f93d1380f035bc85ca20abb952055a7/4.json",
    "/Users/zhangxi/code/RL/nn-dataset/ab/nn/stat/train/img-classification_svhn_acc_ast-dimension-AlexNet-9f93d1380f035bc85ca20abb952055a7/5.json",
    "/Users/zhangxi/code/RL/nn-dataset/ab/nn/stat/train/img-classification_svhn_acc_ast-dimension-AlexNet-a1a685d371a9846cb47a6b92f0ab28a6/3.json",
    "/Users/zhangxi/code/RL/nn-dataset/ab/nn/stat/train/img-classification_svhn_acc_ast-dimension-AlexNet-aca666c0138c1a9939670575efba4028/5.json",
    "/Users/zhangxi/code/RL/nn-dataset/ab/nn/stat/train/img-classification_svhn_acc_ast-dimension-AlexNet-b44ea94eabf20f066a1352875a9aeebb/3.json",
    "/Users/zhangxi/code/RL/nn-dataset/ab/nn/stat/train/img-classification_svhn_acc_ast-dimension-AlexNet-b8ed1a3c1ac19fb826e741e4c4884401/1.json",
    "/Users/zhangxi/code/RL/nn-dataset/ab/nn/stat/train/img-classification_svhn_acc_ast-dimension-AlexNet-b8ed1a3c1ac19fb826e741e4c4884401/2.json",
    "/Users/zhangxi/code/RL/nn-dataset/ab/nn/stat/train/img-classification_svhn_acc_ast-dimension-AlexNet-b8ed1a3c1ac19fb826e741e4c4884401/3.json",
    "/Users/zhangxi/code/RL/nn-dataset/ab/nn/stat/train/img-classification_svhn_acc_ast-dimension-AlexNet-b8ed1a3c1ac19fb826e741e4c4884401/4.json",
    "/Users/zhangxi/code/RL/nn-dataset/ab/nn/stat/train/img-classification_svhn_acc_ast-dimension-AlexNet-b8ed1a3c1ac19fb826e741e4c4884401/5.json",
    "/Users/zhangxi/code/RL/nn-dataset/ab/nn/stat/train/img-classification_svhn_acc_ast-dimension-AlexNet-bb5e7179be923a6c8dcc566d3d1dee48/5.json",
    "/Users/zhangxi/code/RL/nn-dataset/ab/nn/stat/train/img-classification_svhn_acc_ast-dimension-AlexNet-bfbb73ad2d173e5d971d2dc423f1a599/1.json",
    "/Users/zhangxi/code/RL/nn-dataset/ab/nn/stat/train/img-classification_svhn_acc_ast-dimension-AlexNet-c2055fbfa32683450d5e5d43fdad7564/1.json",
    "/Users/zhangxi/code/RL/nn-dataset/ab/nn/stat/train/img-classification_svhn_acc_ast-dimension-AlexNet-c27761ddce43054b78951227b6ee29e5/1.json",
    "/Users/zhangxi/code/RL/nn-dataset/ab/nn/stat/train/img-classification_svhn_acc_ast-dimension-AlexNet-c27761ddce43054b78951227b6ee29e5/2.json",
    "/Users/zhangxi/code/RL/nn-dataset/ab/nn/stat/train/img-classification_svhn_acc_ast-dimension-AlexNet-c27761ddce43054b78951227b6ee29e5/3.json",
    "/Users/zhangxi/code/RL/nn-dataset/ab/nn/stat/train/img-classification_svhn_acc_ast-dimension-AlexNet-c27761ddce43054b78951227b6ee29e5/4.json",
    "/Users/zhangxi/code/RL/nn-dataset/ab/nn/stat/train/img-classification_svhn_acc_ast-dimension-AlexNet-c27761ddce43054b78951227b6ee29e5/5.json",
    "/Users/zhangxi/code/RL/nn-dataset/ab/nn/stat/train/img-classification_svhn_acc_ast-dimension-AlexNet-c7075cc733cd998952afdcb422856710/3.json",
    "/Users/zhangxi/code/RL/nn-dataset/ab/nn/stat/train/img-classification_svhn_acc_ast-dimension-AlexNet-c7cfb09ffe6b3195d8ff80bdbd11f344/3.json",
    "/Users/zhangxi/code/RL/nn-dataset/ab/nn/stat/train/img-classification_svhn_acc_ast-dimension-AlexNet-ca469cc89cc6b9b259f234845a92f33a/1.json",
    "/Users/zhangxi/code/RL/nn-dataset/ab/nn/stat/train/img-classification_svhn_acc_ast-dimension-AlexNet-ca469cc89cc6b9b259f234845a92f33a/2.json",
    "/Users/zhangxi/code/RL/nn-dataset/ab/nn/stat/train/img-classification_svhn_acc_ast-dimension-AlexNet-ca469cc89cc6b9b259f234845a92f33a/3.json",
    "/Users/zhangxi/code/RL/nn-dataset/ab/nn/stat/train/img-classification_svhn_acc_ast-dimension-AlexNet-ca469cc89cc6b9b259f234845a92f33a/4.json",
    "/Users/zhangxi/code/RL/nn-dataset/ab/nn/stat/train/img-classification_svhn_acc_ast-dimension-AlexNet-ca469cc89cc6b9b259f234845a92f33a/5.json",
    "/Users/zhangxi/code/RL/nn-dataset/ab/nn/stat/train/img-classification_svhn_acc_ast-dimension-AlexNet-e1dd38ebda4f7c9fd81e5475bfe03878/1.json",
    "/Users/zhangxi/code/RL/nn-dataset/ab/nn/stat/train/img-classification_svhn_acc_ast-dimension-AlexNet-f1aec3957deff3731be97de8d0c247fe/1.json",
    "/Users/zhangxi/code/RL/nn-dataset/ab/nn/stat/train/img-classification_svhn_acc_ast-dimension-AlexNet-f1aec3957deff3731be97de8d0c247fe/2.json",
    "/Users/zhangxi/code/RL/nn-dataset/ab/nn/stat/train/img-classification_svhn_acc_ast-dimension-AlexNet-f1aec3957deff3731be97de8d0c247fe/3.json",
    "/Users/zhangxi/code/RL/nn-dataset/ab/nn/stat/train/img-classification_svhn_acc_ast-dimension-AlexNet-f1aec3957deff3731be97de8d0c247fe/4.json",
    "/Users/zhangxi/code/RL/nn-dataset/ab/nn/stat/train/img-classification_svhn_acc_ast-dimension-AlexNet-f1aec3957deff3731be97de8d0c247fe/5.json",
    "/Users/zhangxi/code/RL/nn-dataset/ab/nn/stat/train/img-classification_svhn_acc_ast-dimension-AlexNet-f24c3454988eb48af353cf01a5097976/1.json",
    "/Users/zhangxi/code/RL/nn-dataset/ab/nn/stat/train/img-classification_svhn_acc_ast-dimension-AlexNet-f24c3454988eb48af353cf01a5097976/2.json",
    "/Users/zhangxi/code/RL/nn-dataset/ab/nn/stat/train/img-classification_svhn_acc_ast-dimension-AlexNet-f24c3454988eb48af353cf01a5097976/3.json",
    "/Users/zhangxi/code/RL/nn-dataset/ab/nn/stat/train/img-classification_svhn_acc_ast-dimension-AlexNet-f24c3454988eb48af353cf01a5097976/4.json",
    "/Users/zhangxi/code/RL/nn-dataset/ab/nn/stat/train/img-classification_svhn_acc_ast-dimension-AlexNet-f24c3454988eb48af353cf01a5097976/5.json",
    "/Users/zhangxi/code/RL/nn-dataset/ab/nn/stat/train/img-classification_svhn_acc_ast-dimension-AlexNet-fd72df4c5af86afc14f602b6f9d02620/1.json",
    "/Users/zhangxi/code/RL/nn-dataset/ab/nn/stat/train/img-classification_svhn_acc_del-33585c077968789dd801dba567709e12/3.json",
    "/Users/zhangxi/code/RL/nn-dataset/ab/nn/stat/train/img-classification_svhn_acc_ga-125/1.json",
    "/Users/zhangxi/code/RL/nn-dataset/ab/nn/stat/train/img-classification_svhn_acc_ga-163/21.json",
    "/Users/zhangxi/code/RL/nn-dataset/ab/nn/stat/train/img-classification_svhn_acc_ga-180/1.json",
    "/Users/zhangxi/code/RL/nn-dataset/ab/nn/stat/train/img-classification_svhn_acc_ga-180/2.json",
    "/Users/zhangxi/code/RL/nn-dataset/ab/nn/stat/train/img-classification_svhn_acc_ga-180/3.json",
    "/Users/zhangxi/code/RL/nn-dataset/ab/nn/stat/train/img-classification_svhn_acc_ga-180/4.json",
    "/Users/zhangxi/code/RL/nn-dataset/ab/nn/stat/train/img-classification_svhn_acc_ga-180/5.json",
    "/Users/zhangxi/code/RL/nn-dataset/ab/nn/stat/train/img-classification_svhn_acc_ga-216/1.json",
    "/Users/zhangxi/code/RL/nn-dataset/ab/nn/stat/train/img-classification_svhn_acc_ga-216/2.json",
    "/Users/zhangxi/code/RL/nn-dataset/ab/nn/stat/train/img-classification_svhn_acc_ga-216/3.json",
    "/Users/zhangxi/code/RL/nn-dataset/ab/nn/stat/train/img-classification_svhn_acc_ga-216/4.json",
    "/Users/zhangxi/code/RL/nn-dataset/ab/nn/stat/train/img-classification_svhn_acc_ga-216/5.json",
    "/Users/zhangxi/code/RL/nn-dataset/ab/nn/stat/train/img-classification_svhn_acc_ga-228/1.json",
    "/Users/zhangxi/code/RL/nn-dataset/ab/nn/stat/train/img-classification_svhn_acc_ga-228/2.json",
    "/Users/zhangxi/code/RL/nn-dataset/ab/nn/stat/train/img-classification_svhn_acc_ga-228/3.json",
    "/Users/zhangxi/code/RL/nn-dataset/ab/nn/stat/train/img-classification_svhn_acc_ga-228/4.json",
    "/Users/zhangxi/code/RL/nn-dataset/ab/nn/stat/train/img-classification_svhn_acc_ga-228/5.json",
    "/Users/zhangxi/code/RL/nn-dataset/ab/nn/stat/train/img-classification_svhn_acc_ga-24/2.json",
    "/Users/zhangxi/code/RL/nn-dataset/ab/nn/stat/train/img-classification_svhn_acc_ga-254/3.json",
    "/Users/zhangxi/code/RL/nn-dataset/ab/nn/stat/train/img-classification_svhn_acc_ga-317/3.json",
    "/Users/zhangxi/code/RL/nn-dataset/ab/nn/stat/train/img-classification_svhn_acc_ga-324/1.json",
    "/Users/zhangxi/code/RL/nn-dataset/ab/nn/stat/train/img-classification_svhn_acc_ga-350/2.json",
    "/Users/zhangxi/code/RL/nn-dataset/ab/nn/stat/train/img-classification_svhn_acc_ga-386/1.json",
    "/Users/zhangxi/code/RL/nn-dataset/ab/nn/stat/train/img-classification_svhn_acc_ga-386/2.json",
    "/Users/zhangxi/code/RL/nn-dataset/ab/nn/stat/train/img-classification_svhn_acc_ga-386/3.json",
    "/Users/zhangxi/code/RL/nn-dataset/ab/nn/stat/train/img-classification_svhn_acc_ga-386/4.json",
    "/Users/zhangxi/code/RL/nn-dataset/ab/nn/stat/train/img-classification_svhn_acc_ga-386/5.json",
    "/Users/zhangxi/code/RL/nn-dataset/ab/nn/stat/train/img-classification_svhn_acc_ga-425/1.json",
    "/Users/zhangxi/code/RL/nn-dataset/ab/nn/stat/train/img-classification_svhn_acc_ga-425/2.json",
    "/Users/zhangxi/code/RL/nn-dataset/ab/nn/stat/train/img-classification_svhn_acc_ga-425/3.json",
    "/Users/zhangxi/code/RL/nn-dataset/ab/nn/stat/train/img-classification_svhn_acc_ga-425/4.json",
    "/Users/zhangxi/code/RL/nn-dataset/ab/nn/stat/train/img-classification_svhn_acc_ga-425/5.json",
    "/Users/zhangxi/code/RL/nn-dataset/ab/nn/stat/train/img-classification_svhn_acc_ga-429/4.json",
    "/Users/zhangxi/code/RL/nn-dataset/ab/nn/stat/train/img-classification_svhn_acc_ga-466/3.json",
    "/Users/zhangxi/code/RL/nn-dataset/ab/nn/stat/train/img-classification_svhn_acc_ga-504/1.json",
    "/Users/zhangxi/code/RL/nn-dataset/ab/nn/stat/train/img-classification_svhn_acc_ga-504/2.json",
    "/Users/zhangxi/code/RL/nn-dataset/ab/nn/stat/train/img-classification_svhn_acc_ga-504/3.json",
    "/Users/zhangxi/code/RL/nn-dataset/ab/nn/stat/train/img-classification_svhn_acc_ga-504/4.json",
    "/Users/zhangxi/code/RL/nn-dataset/ab/nn/stat/train/img-classification_svhn_acc_ga-504/5.json",
    "/Users/zhangxi/code/RL/nn-dataset/ab/nn/stat/train/img-classification_svhn_acc_ga-51/3.json",
    "/Users/zhangxi/code/RL/nn-dataset/ab/nn/stat/train/img-classification_svhn_acc_ga-547/1.json",
    "/Users/zhangxi/code/RL/nn-dataset/ab/nn/stat/train/img-classification_svhn_acc_ga-547/2.json",
    "/Users/zhangxi/code/RL/nn-dataset/ab/nn/stat/train/img-classification_svhn_acc_ga-547/3.json",
    "/Users/zhangxi/code/RL/nn-dataset/ab/nn/stat/train/img-classification_svhn_acc_ga-547/4.json",
    "/Users/zhangxi/code/RL/nn-dataset/ab/nn/stat/train/img-classification_svhn_acc_ga-547/5.json",
    "/Users/zhangxi/code/RL/nn-dataset/ab/nn/stat/train/img-classification_svhn_acc_ga-556/1.json",
    "/Users/zhangxi/code/RL/nn-dataset/ab/nn/stat/train/img-classification_svhn_acc_ga-556/2.json",
    "/Users/zhangxi/code/RL/nn-dataset/ab/nn/stat/train/img-classification_svhn_acc_ga-556/3.json",
    "/Users/zhangxi/code/RL/nn-dataset/ab/nn/stat/train/img-classification_svhn_acc_ga-556/4.json",
    "/Users/zhangxi/code/RL/nn-dataset/ab/nn/stat/train/img-classification_svhn_acc_ga-556/5.json",
    "/Users/zhangxi/code/RL/nn-dataset/ab/nn/stat/train/img-classification_svhn_acc_ga-567/9.json",
    "/Users/zhangxi/code/RL/nn-dataset/ab/nn/stat/train/img-classification_svhn_acc_ga-59/4.json",
    "/Users/zhangxi/code/RL/nn-dataset/ab/nn/stat/train/img-classification_svhn_acc_ga-634/1.json",
    "/Users/zhangxi/code/RL/nn-dataset/ab/nn/stat/train/img-classification_svhn_acc_ga-634/2.json",
    "/Users/zhangxi/code/RL/nn-dataset/ab/nn/stat/train/img-classification_svhn_acc_ga-634/3.json",
    "/Users/zhangxi/code/RL/nn-dataset/ab/nn/stat/train/img-classification_svhn_acc_ga-634/4.json",
    "/Users/zhangxi/code/RL/nn-dataset/ab/nn/stat/train/img-classification_svhn_acc_ga-634/5.json",
    "/Users/zhangxi/code/RL/nn-dataset/ab/nn/stat/train/img-classification_svhn_acc_ga-679/5.json",
    "/Users/zhangxi/code/RL/nn-dataset/ab/nn/stat/train/img-classification_svhn_acc_ga-756/1.json",
    "/Users/zhangxi/code/RL/nn-dataset/ab/nn/stat/train/img-classification_svhn_acc_ga-756/2.json",
    "/Users/zhangxi/code/RL/nn-dataset/ab/nn/stat/train/img-classification_svhn_acc_ga-756/3.json",
    "/Users/zhangxi/code/RL/nn-dataset/ab/nn/stat/train/img-classification_svhn_acc_ga-756/4.json",
    "/Users/zhangxi/code/RL/nn-dataset/ab/nn/stat/train/img-classification_svhn_acc_ga-756/5.json",
    "/Users/zhangxi/code/RL/nn-dataset/ab/nn/stat/train/img-classification_svhn_acc_ga-776/1.json",
    "/Users/zhangxi/code/RL/nn-dataset/ab/nn/stat/train/img-classification_svhn_acc_ga-776/2.json",
    "/Users/zhangxi/code/RL/nn-dataset/ab/nn/stat/train/img-classification_svhn_acc_ga-776/3.json",
    "/Users/zhangxi/code/RL/nn-dataset/ab/nn/stat/train/img-classification_svhn_acc_ga-776/4.json",
    "/Users/zhangxi/code/RL/nn-dataset/ab/nn/stat/train/img-classification_svhn_acc_ga-776/5.json",
    "/Users/zhangxi/code/RL/nn-dataset/ab/nn/stat/train/img-classification_svhn_acc_ga-795/2.json",
    "/Users/zhangxi/code/RL/nn-dataset/ab/nn/stat/train/img-classification_svhn_acc_ga-810/1.json",
    "/Users/zhangxi/code/RL/nn-dataset/ab/nn/stat/train/img-classification_svhn_acc_ga-847/1.json",
    "/Users/zhangxi/code/RL/nn-dataset/ab/nn/stat/train/img-classification_svhn_acc_ga-847/2.json",
    "/Users/zhangxi/code/RL/nn-dataset/ab/nn/stat/train/img-classification_svhn_acc_ga-847/3.json",
    "/Users/zhangxi/code/RL/nn-dataset/ab/nn/stat/train/img-classification_svhn_acc_ga-847/4.json",
    "/Users/zhangxi/code/RL/nn-dataset/ab/nn/stat/train/img-classification_svhn_acc_ga-847/5.json",
    "/Users/zhangxi/code/RL/nn-dataset/ab/nn/stat/train/img-classification_svhn_acc_ga-869/1.json",
    "/Users/zhangxi/code/RL/nn-dataset/ab/nn/stat/train/img-classification_svhn_acc_ga-869/2.json",
    "/Users/zhangxi/code/RL/nn-dataset/ab/nn/stat/train/img-classification_svhn_acc_ga-869/3.json",
    "/Users/zhangxi/code/RL/nn-dataset/ab/nn/stat/train/img-classification_svhn_acc_ga-869/4.json",
    "/Users/zhangxi/code/RL/nn-dataset/ab/nn/stat/train/img-classification_svhn_acc_ga-869/5.json",
    "/Users/zhangxi/code/RL/nn-dataset/ab/nn/stat/train/img-classification_svhn_acc_ga-923/1.json",
    "/Users/zhangxi/code/RL/nn-dataset/ab/nn/stat/train/img-classification_svhn_acc_ga-923/2.json",
    "/Users/zhangxi/code/RL/nn-dataset/ab/nn/stat/train/img-classification_svhn_acc_ga-923/3.json",
    "/Users/zhangxi/code/RL/nn-dataset/ab/nn/stat/train/img-classification_svhn_acc_ga-923/4.json",
    "/Users/zhangxi/code/RL/nn-dataset/ab/nn/stat/train/img-classification_svhn_acc_ga-923/5.json",
    "/Users/zhangxi/code/RL/nn-dataset/ab/nn/stat/train/img-classification_svhn_acc_ga-946/1.json",
    "/Users/zhangxi/code/RL/nn-dataset/ab/nn/stat/train/img-classification_svhn_acc_ga-946/2.json",
    "/Users/zhangxi/code/RL/nn-dataset/ab/nn/stat/train/img-classification_svhn_acc_ga-946/3.json",
    "/Users/zhangxi/code/RL/nn-dataset/ab/nn/stat/train/img-classification_svhn_acc_ga-946/4.json",
    "/Users/zhangxi/code/RL/nn-dataset/ab/nn/stat/train/img-classification_svhn_acc_ga-946/5.json",
    "/Users/zhangxi/code/RL/nn-dataset/ab/nn/stat/train/img-classification_svhn_acc_ga-982/4.json",
    "/Users/zhangxi/code/RL/nn-dataset/ab/nn/stat/train/img-classification_svhn_acc_ga-988/1.json",
    "/Users/zhangxi/code/RL/nn-dataset/ab/nn/stat/train/img-classification_svhn_acc_ga-988/2.json",
    "/Users/zhangxi/code/RL/nn-dataset/ab/nn/stat/train/img-classification_svhn_acc_ga-988/3.json",
    "/Users/zhangxi/code/RL/nn-dataset/ab/nn/stat/train/img-classification_svhn_acc_ga-988/4.json",
    "/Users/zhangxi/code/RL/nn-dataset/ab/nn/stat/train/img-classification_svhn_acc_ga-988/5.json",
    "/Users/zhangxi/code/RL/nn-dataset/ab/nn/stat/train/img-classification_svhn_acc_ga-998/1.json",
    "/Users/zhangxi/code/RL/nn-dataset/ab/nn/stat/train/img-classification_svhn_acc_ga-998/2.json",
    "/Users/zhangxi/code/RL/nn-dataset/ab/nn/stat/train/img-classification_svhn_acc_ga-998/3.json",
    "/Users/zhangxi/code/RL/nn-dataset/ab/nn/stat/train/img-classification_svhn_acc_ga-998/4.json",
    "/Users/zhangxi/code/RL/nn-dataset/ab/nn/stat/train/img-classification_svhn_acc_ga-998/5.json",
    "/Users/zhangxi/code/RL/nn-dataset/ab/nn/stat/train/img-classification_svhn_acc_ga-mut-1178/5.json",
    "/Users/zhangxi/code/RL/nn-dataset/ab/nn/stat/train/img-classification_svhn_acc_ga-mut-1760/1.json",
    "/Users/zhangxi/code/RL/nn-dataset/ab/nn/stat/train/img-classification_svhn_acc_ga-mut-1968/4.json",
    "/Users/zhangxi/code/RL/nn-dataset/ab/nn/stat/train/img-classification_svhn_acc_ga-mut-2432/3.json",
    "/Users/zhangxi/code/RL/nn-dataset/ab/nn/stat/train/img-classification_svhn_acc_ga-mut-304/1.json",
    "/Users/zhangxi/code/RL/nn-dataset/ab/nn/stat/train/img-classification_svhn_acc_ga-mut-781/1.json",
    "/Users/zhangxi/code/RL/nn-dataset/ab/nn/stat/train/img-classification_svhn_acc_ga-mut-955/1.json",
    "/Users/zhangxi/code/RL/nn-dataset/ab/nn/stat/train/img-classification_svhn_acc_rag-2181ca04a46b028c010c593f6e9a4a99/1.json",
    "/Users/zhangxi/code/RL/nn-dataset/ab/nn/stat/train/img-classification_svhn_acc_rag-2181ca04a46b028c010c593f6e9a4a99/2.json",
    "/Users/zhangxi/code/RL/nn-dataset/ab/nn/stat/train/img-classification_svhn_acc_rag-2181ca04a46b028c010c593f6e9a4a99/3.json",
    "/Users/zhangxi/code/RL/nn-dataset/ab/nn/stat/train/img-classification_svhn_acc_rag-2181ca04a46b028c010c593f6e9a4a99/4.json",
    "/Users/zhangxi/code/RL/nn-dataset/ab/nn/stat/train/img-classification_svhn_acc_rag-2181ca04a46b028c010c593f6e9a4a99/5.json",
    "/Users/zhangxi/code/RL/nn-dataset/ab/nn/stat/train/img-classification_svhn_acc_rag-40e8289d52e49099b980146ce64adb7b/5.json",
    "/Users/zhangxi/code/RL/nn-dataset/ab/nn/stat/train/img-classification_svhn_acc_rag-4b603880ca9fdeb9a41a7387715dc2e7/3.json",
    "/Users/zhangxi/code/RL/nn-dataset/ab/nn/stat/train/img-classification_svhn_acc_rag-5a974896c092792d2298efb8e2c005e5/5.json",
    "/Users/zhangxi/code/RL/nn-dataset/ab/nn/stat/train/img-classification_svhn_acc_rag-6c55a8eb0e7b09dc643679527f25baaa/41.json",
    "/Users/zhangxi/code/RL/nn-dataset/ab/nn/stat/train/img-classification_svhn_acc_rag-6c55a8eb0e7b09dc643679527f25baaa/49.json",
    "/Users/zhangxi/code/RL/nn-dataset/ab/nn/stat/train/img-classification_svhn_acc_rag-928f4737f6ba405195c45e17e7840e49/3.json",
    "/Users/zhangxi/code/RL/nn-dataset/ab/nn/stat/train/img-classification_svhn_acc_rag-da1703c89aab88af3129e04dda50d02f/4.json",
    "/Users/zhangxi/code/RL/nn-dataset/ab/nn/stat/train/img-classification_svhn_acc_rag-e20a06d708fb851df9805622c3d10027/2.json",
    "/Users/zhangxi/code/RL/nn-dataset/ab/nn/stat/train/img-classification_svhn_acc_rag-ee66f5bb0a6f1cdbe6859f0a745522e1/1.json",
    "/Users/zhangxi/code/RL/nn-dataset/ab/nn/stat/train/img-classification_svhn_acc_rag-efe17582d1fac5e5fd981e01ff7222c6/3.json",
    "/Users/zhangxi/code/RL/nn-dataset/ab/nn/stat/train/img-classification_svhn_acc_rag-efe17582d1fac5e5fd981e01ff7222c6/5.json",
    "/Users/zhangxi/code/RL/nn-dataset/ab/nn/stat/train/img-classification_svhn_acc_rl-init-30d79689a7cbd1d899c39480d843dbd5/1.json",
    "/Users/zhangxi/code/RL/nn-dataset/ab/nn/stat/train/img-classification_svhn_acc_rl-init-626588c0273fc5043d53fff1616fbe48/4.json",
    "/Users/zhangxi/code/RL/nn-dataset/ab/nn/stat/train/img-classification_svhn_acc_rl-init-7f724693a49f20b7742be9491e154ca7/4.json",
    "/Users/zhangxi/code/RL/nn-dataset/ab/nn/stat/train/img-classification_svhn_acc_rl-init-da8f6183f29ed04ade61ed04ced45f84/2.json",
    "/Users/zhangxi/code/RL/nn-dataset/ab/nn/stat/train/img-classification_svhn_acc_unq-0003f2a58daeebff23afc88eb0cfe5dc/1.json",
    "/Users/zhangxi/code/RL/nn-dataset/ab/nn/stat/train/img-classification_svhn_acc_unq-003eec45b0ae67e7902d22371155904b/2.json",
    "/Users/zhangxi/code/RL/nn-dataset/ab/nn/stat/train/img-classification_svhn_acc_unq-0be1fc4ae610570757e304958a2f4a99/4.json",
    "/Users/zhangxi/code/RL/nn-dataset/ab/nn/stat/train/img-classification_svhn_acc_unq-15654d6192d747005dcae3f2042857b0/3.json",
    "/Users/zhangxi/code/RL/nn-dataset/ab/nn/stat/train/img-classification_svhn_acc_unq-25fca4e7a84ece9d9ed83c89b32161bc/4.json",
    "/Users/zhangxi/code/RL/nn-dataset/ab/nn/stat/train/img-classification_svhn_acc_unq-2ca894e39a4b7a9dd7f850ad8ad2d561/4.json",
    "/Users/zhangxi/code/RL/nn-dataset/ab/nn/stat/train/img-classification_svhn_acc_unq-38d896380185dffa35cc181df63dec41/1.json",
    "/Users/zhangxi/code/RL/nn-dataset/ab/nn/stat/train/img-classification_svhn_acc_unq-3b288a2bc33185b5c18197777723064b/1.json",
    "/Users/zhangxi/code/RL/nn-dataset/ab/nn/stat/train/img-classification_svhn_acc_unq-3b288a2bc33185b5c18197777723064b/2.json",
    "/Users/zhangxi/code/RL/nn-dataset/ab/nn/stat/train/img-classification_svhn_acc_unq-3b288a2bc33185b5c18197777723064b/3.json",
    "/Users/zhangxi/code/RL/nn-dataset/ab/nn/stat/train/img-classification_svhn_acc_unq-3b288a2bc33185b5c18197777723064b/4.json",
    "/Users/zhangxi/code/RL/nn-dataset/ab/nn/stat/train/img-classification_svhn_acc_unq-3b288a2bc33185b5c18197777723064b/5.json",
    "/Users/zhangxi/code/RL/nn-dataset/ab/nn/stat/train/img-classification_svhn_acc_unq-3fca4edb04ce84e71df92b2c7519a88d/4.json",
    "/Users/zhangxi/code/RL/nn-dataset/ab/nn/stat/train/img-classification_svhn_acc_unq-3fca4edb04ce84e71df92b2c7519a88d/5.json",
    "/Users/zhangxi/code/RL/nn-dataset/ab/nn/stat/train/img-classification_svhn_acc_unq-50180dfc09ade40ac27799020a88b845/2.json",
    "/Users/zhangxi/code/RL/nn-dataset/ab/nn/stat/train/img-classification_svhn_acc_unq-57b5100241297c4653b920a0bf9c796c/4.json",
    "/Users/zhangxi/code/RL/nn-dataset/ab/nn/stat/train/img-classification_svhn_acc_unq-6c94ea40dd518f02cb5143a1db0a5cf7/4.json",
    "/Users/zhangxi/code/RL/nn-dataset/ab/nn/stat/train/img-classification_svhn_acc_unq-77bfe4b990c7626a8760fb388d2a9e96/1.json",
    "/Users/zhangxi/code/RL/nn-dataset/ab/nn/stat/train/img-classification_svhn_acc_unq-77bfe4b990c7626a8760fb388d2a9e96/2.json",
    "/Users/zhangxi/code/RL/nn-dataset/ab/nn/stat/train/img-classification_svhn_acc_unq-77bfe4b990c7626a8760fb388d2a9e96/3.json",
    "/Users/zhangxi/code/RL/nn-dataset/ab/nn/stat/train/img-classification_svhn_acc_unq-77bfe4b990c7626a8760fb388d2a9e96/4.json",
    "/Users/zhangxi/code/RL/nn-dataset/ab/nn/stat/train/img-classification_svhn_acc_unq-77bfe4b990c7626a8760fb388d2a9e96/5.json",
    "/Users/zhangxi/code/RL/nn-dataset/ab/nn/stat/train/img-classification_svhn_acc_unq-7975a1b924513940f5c90cbd64dab30c/2.json",
    "/Users/zhangxi/code/RL/nn-dataset/ab/nn/stat/train/img-classification_svhn_acc_unq-819239c576dd5fcb5270dec6460b7db7/3.json",
    "/Users/zhangxi/code/RL/nn-dataset/ab/nn/stat/train/img-classification_svhn_acc_unq-83b7976d8afd7f3cf14968ef27ff0828/2.json",
    "/Users/zhangxi/code/RL/nn-dataset/ab/nn/stat/train/img-classification_svhn_acc_unq-89dba35544c07175ad5341334a991206/2.json",
    "/Users/zhangxi/code/RL/nn-dataset/ab/nn/stat/train/img-classification_svhn_acc_unq-9180b09b04e4b39be969675b1361bce6/1.json",
    "/Users/zhangxi/code/RL/nn-dataset/ab/nn/stat/train/img-classification_svhn_acc_unq-9180b09b04e4b39be969675b1361bce6/3.json",
    "/Users/zhangxi/code/RL/nn-dataset/ab/nn/stat/train/img-classification_svhn_acc_unq-956fd445a93ff455f0a33c38659c3f4b/3.json",
    "/Users/zhangxi/code/RL/nn-dataset/ab/nn/stat/train/img-classification_svhn_acc_unq-9985358e1b08f3492402161848bc5889/3.json",
    "/Users/zhangxi/code/RL/nn-dataset/ab/nn/stat/train/img-classification_svhn_acc_unq-a896dc622e661e2e21784cbb574a7fbc/1.json",
    "/Users/zhangxi/code/RL/nn-dataset/ab/nn/stat/train/img-classification_svhn_acc_unq-ad11a0bbb8c811a78eac83d93ad6f99c/5.json",
    "/Users/zhangxi/code/RL/nn-dataset/ab/nn/stat/train/img-classification_svhn_acc_unq-b1731f6d0e26d6c31caee5677f071437/5.json",
    "/Users/zhangxi/code/RL/nn-dataset/ab/nn/stat/train/img-classification_svhn_acc_unq-bbdccf7d5f42fcbe1898d0b7e202eb00/2.json",
    "/Users/zhangxi/code/RL/nn-dataset/ab/nn/stat/train/img-classification_svhn_acc_unq-be18fb5f7b67bc26e2adf0c6e338dee8/1.json",
    "/Users/zhangxi/code/RL/nn-dataset/ab/nn/stat/train/img-classification_svhn_acc_unq-be18fb5f7b67bc26e2adf0c6e338dee8/2.json",
    "/Users/zhangxi/code/RL/nn-dataset/ab/nn/stat/train/img-classification_svhn_acc_unq-be18fb5f7b67bc26e2adf0c6e338dee8/3.json",
    "/Users/zhangxi/code/RL/nn-dataset/ab/nn/stat/train/img-classification_svhn_acc_unq-be18fb5f7b67bc26e2adf0c6e338dee8/4.json",
    "/Users/zhangxi/code/RL/nn-dataset/ab/nn/stat/train/img-classification_svhn_acc_unq-be18fb5f7b67bc26e2adf0c6e338dee8/5.json",
    "/Users/zhangxi/code/RL/nn-dataset/ab/nn/stat/train/img-classification_svhn_acc_unq-bf21e1fcbbe1ad91a42a29f198bd68ab/4.json",
    "/Users/zhangxi/code/RL/nn-dataset/ab/nn/stat/train/img-classification_svhn_acc_unq-c09c176df6019486e88b94d1ec6ead9b/4.json",
    "/Users/zhangxi/code/RL/nn-dataset/ab/nn/stat/train/img-classification_svhn_acc_unq-c767cb4e866e3fc8ee77089636e74734/4.json",
    "/Users/zhangxi/code/RL/nn-dataset/ab/nn/stat/train/img-classification_svhn_acc_unq-c79afecbc78ca4bcc62909d1caa04212/5.json",
    "/Users/zhangxi/code/RL/nn-dataset/ab/nn/stat/train/img-classification_svhn_acc_unq-d92e3608a42dca423ff7a871ec861240/3.json",
    "/Users/zhangxi/code/RL/nn-dataset/ab/nn/stat/train/img-classification_svhn_acc_unq-dabaa0c136158f6cc43a399635a96d6e/3.json",
    "/Users/zhangxi/code/RL/nn-dataset/ab/nn/stat/train/img-classification_svhn_acc_unq-e7a38d98baee18f18696fae51ee54aa7/5.json",
    "/Users/zhangxi/code/RL/nn-dataset/ab/nn/stat/train/img-classification_svhn_acc_unq-eb86dfcfb9761cb24106cf40f1a7532e/2.json",
    "/Users/zhangxi/code/RL/nn-dataset/ab/nn/stat/train/img-classification_svhn_acc_unq-eb86dfcfb9761cb24106cf40f1a7532e/3.json",
    "/Users/zhangxi/code/RL/nn-dataset/ab/nn/stat/train/img-segmentation_coco_iou_DeepLabV3-1/15.json",
    "/Users/zhangxi/code/RL/nn-dataset/ab/nn/stat/train/img-segmentation_coco_iou_DeepLabV3-1/27.json",
    "/Users/zhangxi/code/RL/nn-dataset/ab/nn/stat/train/img-segmentation_coco_iou_DeepLabV3-1/28.json",
    "/Users/zhangxi/code/RL/nn-dataset/ab/nn/stat/train/img-segmentation_coco_iou_DeepLabV3-1/35.json",
    "/Users/zhangxi/code/RL/nn-dataset/ab/nn/stat/train/img-segmentation_coco_iou_DeepLabV3-2/16.json",
    "/Users/zhangxi/code/RL/nn-dataset/ab/nn/stat/train/img-segmentation_coco_iou_DeepLabV3-2/4.json",
    "/Users/zhangxi/code/RL/nn-dataset/ab/nn/stat/train/img-segmentation_coco_iou_DeepLabV3-2/41.json",
    "/Users/zhangxi/code/RL/nn-dataset/ab/nn/stat/train/img-segmentation_coco_iou_DeepLabV3-2/6.json",
    "/Users/zhangxi/code/RL/nn-dataset/ab/nn/stat/train/img-segmentation_coco_iou_FCN16s/11.json",
    "/Users/zhangxi/code/RL/nn-dataset/ab/nn/stat/train/img-segmentation_coco_iou_FCN16s/13.json",
    "/Users/zhangxi/code/RL/nn-dataset/ab/nn/stat/train/img-segmentation_coco_iou_FCN16s/16.json",
    "/Users/zhangxi/code/RL/nn-dataset/ab/nn/stat/train/img-segmentation_coco_iou_FCN16s/40.json",
    "/Users/zhangxi/code/RL/nn-dataset/ab/nn/stat/train/img-segmentation_coco_iou_FCN16s/42.json",
    "/Users/zhangxi/code/RL/nn-dataset/ab/nn/stat/train/img-segmentation_coco_iou_FCN16s/44.json",
    "/Users/zhangxi/code/RL/nn-dataset/ab/nn/stat/train/img-segmentation_coco_iou_FCN32s-1/11.json",
    "/Users/zhangxi/code/RL/nn-dataset/ab/nn/stat/train/img-segmentation_coco_iou_FCN32s-1/18.json",
    "/Users/zhangxi/code/RL/nn-dataset/ab/nn/stat/train/img-segmentation_coco_iou_FCN32s-1/25.json",
    "/Users/zhangxi/code/RL/nn-dataset/ab/nn/stat/train/img-segmentation_coco_iou_FCN32s-1/26.json",
    "/Users/zhangxi/code/RL/nn-dataset/ab/nn/stat/train/img-segmentation_coco_iou_FCN32s-1/37.json",
    "/Users/zhangxi/code/RL/nn-dataset/ab/nn/stat/train/img-segmentation_coco_iou_FCN32s-1/47.json",
    "/Users/zhangxi/code/RL/nn-dataset/ab/nn/stat/train/img-segmentation_coco_iou_FCN32s-1/5.json",
    "/Users/zhangxi/code/RL/nn-dataset/ab/nn/stat/train/img-segmentation_coco_iou_FCN32s-1/7.json",
    "/Users/zhangxi/code/RL/nn-dataset/ab/nn/stat/train/img-segmentation_coco_iou_FCN32s-2/1.json",
    "/Users/zhangxi/code/RL/nn-dataset/ab/nn/stat/train/img-segmentation_coco_iou_FCN32s-2/12.json",
    "/Users/zhangxi/code/RL/nn-dataset/ab/nn/stat/train/img-segmentation_coco_iou_FCN32s-2/17.json",
    "/Users/zhangxi/code/RL/nn-dataset/ab/nn/stat/train/img-segmentation_coco_iou_FCN32s-2/32.json",
    "/Users/zhangxi/code/RL/nn-dataset/ab/nn/stat/train/img-segmentation_coco_iou_FCN32s-2/40.json",
    "/Users/zhangxi/code/RL/nn-dataset/ab/nn/stat/train/img-segmentation_coco_iou_FCN32s-2/43.json",
    "/Users/zhangxi/code/RL/nn-dataset/ab/nn/stat/train/img-segmentation_coco_iou_FCN32s-2/48.json",
    "/Users/zhangxi/code/RL/nn-dataset/ab/nn/stat/train/img-segmentation_coco_iou_FCN32s-3/1.json",
    "/Users/zhangxi/code/RL/nn-dataset/ab/nn/stat/train/img-segmentation_coco_iou_FCN32s-3/10.json",
    "/Users/zhangxi/code/RL/nn-dataset/ab/nn/stat/train/img-segmentation_coco_iou_FCN32s-3/11.json",
    "/Users/zhangxi/code/RL/nn-dataset/ab/nn/stat/train/img-segmentation_coco_iou_FCN32s-3/12.json",
    "/Users/zhangxi/code/RL/nn-dataset/ab/nn/stat/train/img-segmentation_coco_iou_FCN32s-3/13.json",
    "/Users/zhangxi/code/RL/nn-dataset/ab/nn/stat/train/img-segmentation_coco_iou_FCN32s-3/14.json",
    "/Users/zhangxi/code/RL/nn-dataset/ab/nn/stat/train/img-segmentation_coco_iou_FCN32s-3/15.json",
    "/Users/zhangxi/code/RL/nn-dataset/ab/nn/stat/train/img-segmentation_coco_iou_FCN32s-3/16.json",
    "/Users/zhangxi/code/RL/nn-dataset/ab/nn/stat/train/img-segmentation_coco_iou_FCN32s-3/17.json",
    "/Users/zhangxi/code/RL/nn-dataset/ab/nn/stat/train/img-segmentation_coco_iou_FCN32s-3/18.json",
    "/Users/zhangxi/code/RL/nn-dataset/ab/nn/stat/train/img-segmentation_coco_iou_FCN32s-3/19.json",
    "/Users/zhangxi/code/RL/nn-dataset/ab/nn/stat/train/img-segmentation_coco_iou_FCN32s-3/2.json",
    "/Users/zhangxi/code/RL/nn-dataset/ab/nn/stat/train/img-segmentation_coco_iou_FCN32s-3/20.json",
    "/Users/zhangxi/code/RL/nn-dataset/ab/nn/stat/train/img-segmentation_coco_iou_FCN32s-3/21.json",
    "/Users/zhangxi/code/RL/nn-dataset/ab/nn/stat/train/img-segmentation_coco_iou_FCN32s-3/22.json",
    "/Users/zhangxi/code/RL/nn-dataset/ab/nn/stat/train/img-segmentation_coco_iou_FCN32s-3/3.json",
    "/Users/zhangxi/code/RL/nn-dataset/ab/nn/stat/train/img-segmentation_coco_iou_FCN32s-3/35.json",
    "/Users/zhangxi/code/RL/nn-dataset/ab/nn/stat/train/img-segmentation_coco_iou_FCN32s-3/4.json",
    "/Users/zhangxi/code/RL/nn-dataset/ab/nn/stat/train/img-segmentation_coco_iou_FCN32s-3/41.json",
    "/Users/zhangxi/code/RL/nn-dataset/ab/nn/stat/train/img-segmentation_coco_iou_FCN32s-3/47.json",
    "/Users/zhangxi/code/RL/nn-dataset/ab/nn/stat/train/img-segmentation_coco_iou_FCN32s-3/5.json",
    "/Users/zhangxi/code/RL/nn-dataset/ab/nn/stat/train/img-segmentation_coco_iou_FCN32s-3/6.json",
    "/Users/zhangxi/code/RL/nn-dataset/ab/nn/stat/train/img-segmentation_coco_iou_FCN32s-3/7.json",
    "/Users/zhangxi/code/RL/nn-dataset/ab/nn/stat/train/img-segmentation_coco_iou_FCN32s-3/8.json",
    "/Users/zhangxi/code/RL/nn-dataset/ab/nn/stat/train/img-segmentation_coco_iou_FCN32s-3/9.json",
    "/Users/zhangxi/code/RL/nn-dataset/ab/nn/stat/train/img-segmentation_coco_iou_FCN8s/11.json",
    "/Users/zhangxi/code/RL/nn-dataset/ab/nn/stat/train/img-segmentation_coco_iou_FCN8s/13.json",
    "/Users/zhangxi/code/RL/nn-dataset/ab/nn/stat/train/img-segmentation_coco_iou_FCN8s/26.json",
    "/Users/zhangxi/code/RL/nn-dataset/ab/nn/stat/train/img-segmentation_coco_iou_FCN8s/31.json",
    "/Users/zhangxi/code/RL/nn-dataset/ab/nn/stat/train/img-segmentation_coco_iou_FCN8s/34.json",
    "/Users/zhangxi/code/RL/nn-dataset/ab/nn/stat/train/img-segmentation_coco_iou_FCN8s/43.json",
    "/Users/zhangxi/code/RL/nn-dataset/ab/nn/stat/train/img-segmentation_coco_iou_FCN8s/44.json",
    "/Users/zhangxi/code/RL/nn-dataset/ab/nn/stat/train/img-segmentation_coco_iou_FCN8s/49.json",
    "/Users/zhangxi/code/RL/nn-dataset/ab/nn/stat/train/img-segmentation_coco_iou_FCN8s/6.json",
    "/Users/zhangxi/code/RL/nn-dataset/ab/nn/stat/train/img-segmentation_coco_iou_LRASPP/11.json",
    "/Users/zhangxi/code/RL/nn-dataset/ab/nn/stat/train/img-segmentation_coco_iou_LRASPP/16.json",
    "/Users/zhangxi/code/RL/nn-dataset/ab/nn/stat/train/img-segmentation_coco_iou_LRASPP/17.json",
    "/Users/zhangxi/code/RL/nn-dataset/ab/nn/stat/train/img-segmentation_coco_iou_LRASPP/18.json",
    "/Users/zhangxi/code/RL/nn-dataset/ab/nn/stat/train/img-segmentation_coco_iou_LRASPP/20.json",
    "/Users/zhangxi/code/RL/nn-dataset/ab/nn/stat/train/img-segmentation_coco_iou_LRASPP/27.json",
    "/Users/zhangxi/code/RL/nn-dataset/ab/nn/stat/train/img-segmentation_coco_iou_LRASPP/32.json",
    "/Users/zhangxi/code/RL/nn-dataset/ab/nn/stat/train/img-segmentation_coco_iou_LRASPP/33.json",
    "/Users/zhangxi/code/RL/nn-dataset/ab/nn/stat/train/img-segmentation_coco_iou_LRASPP/34.json",
    "/Users/zhangxi/code/RL/nn-dataset/ab/nn/stat/train/img-segmentation_coco_iou_LRASPP/35.json",
    "/Users/zhangxi/code/RL/nn-dataset/ab/nn/stat/train/img-segmentation_coco_iou_LRASPP/36.json",
    "/Users/zhangxi/code/RL/nn-dataset/ab/nn/stat/train/img-segmentation_coco_iou_LRASPP/37.json",
    "/Users/zhangxi/code/RL/nn-dataset/ab/nn/stat/train/img-segmentation_coco_iou_LRASPP/38.json",
    "/Users/zhangxi/code/RL/nn-dataset/ab/nn/stat/train/img-segmentation_coco_iou_LRASPP/43.json",
    "/Users/zhangxi/code/RL/nn-dataset/ab/nn/stat/train/img-segmentation_coco_iou_UNet-1/19.json",
    "/Users/zhangxi/code/RL/nn-dataset/ab/nn/stat/train/img-segmentation_coco_iou_UNet-1/25.json",
    "/Users/zhangxi/code/RL/nn-dataset/ab/nn/stat/train/img-segmentation_coco_iou_UNet-1/3.json",
    "/Users/zhangxi/code/RL/nn-dataset/ab/nn/stat/train/img-segmentation_coco_iou_UNet-1/42.json",
    "/Users/zhangxi/code/RL/nn-dataset/ab/nn/stat/train/img-segmentation_coco_iou_UNet-1/44.json",
    "/Users/zhangxi/code/RL/nn-dataset/ab/nn/stat/train/img-segmentation_coco_iou_UNet-2/2.json",
    "/Users/zhangxi/code/RL/nn-dataset/ab/nn/stat/train/img-segmentation_coco_iou_UNet-2/22.json",
    "/Users/zhangxi/code/RL/nn-dataset/ab/nn/stat/train/img-segmentation_coco_iou_UNet-2/23.json",
    "/Users/zhangxi/code/RL/nn-dataset/ab/nn/stat/train/img-segmentation_coco_iou_UNet-2/26.json",
    "/Users/zhangxi/code/RL/nn-dataset/ab/nn/stat/train/img-segmentation_coco_iou_UNet-2/31.json",
    "/Users/zhangxi/code/RL/nn-dataset/ab/nn/stat/train/img-segmentation_coco_iou_UNet-2/34.json",
    "/Users/zhangxi/code/RL/nn-dataset/ab/nn/stat/train/img-segmentation_coco_iou_UNet-2/36.json",
    "/Users/zhangxi/code/RL/nn-dataset/ab/nn/stat/train/img-segmentation_coco_iou_UNet-2/39.json",
    "/Users/zhangxi/code/RL/nn-dataset/ab/nn/stat/train/img-segmentation_coco_iou_UNet-2/4.json",
    "/Users/zhangxi/code/RL/nn-dataset/ab/nn/stat/train/img-segmentation_coco_iou_UNet-2/45.json",
    "/Users/zhangxi/code/RL/nn-dataset/ab/nn/stat/train/img-segmentation_coco_iou_UNet-2/5.json",
    "/Users/zhangxi/code/RL/nn-dataset/ab/nn/stat/train/img-segmentation_coco_iou_UNet-2/9.json",
    "/Users/zhangxi/code/RL/nn-dataset/ab/nn/stat/train/img-super-resolution_div2k_psnr_HSRv4/7.json",
    "/Users/zhangxi/code/RL/nn-dataset/ab/nn/stat/train/img-super-resolution_div2k_psnr_TitanV6/312.json",
    "/Users/zhangxi/code/RL/nn-dataset/ab/nn/stat/train/obj-detection_coco_map_FCOS/18.json",
    "/Users/zhangxi/code/RL/nn-dataset/ab/nn/stat/train/obj-detection_coco_map_FCOS/21.json",
    "/Users/zhangxi/code/RL/nn-dataset/ab/nn/stat/train/obj-detection_coco_map_FCOS/37.json",
    "/Users/zhangxi/code/RL/nn-dataset/ab/nn/stat/train/obj-detection_coco_map_FCOS/50.json",
    "/Users/zhangxi/code/RL/nn-dataset/ab/nn/stat/train/obj-detection_coco_map_FasterRCNN/10.json",
    "/Users/zhangxi/code/RL/nn-dataset/ab/nn/stat/train/obj-detection_coco_map_SSDLite/1.json",
    "/Users/zhangxi/code/RL/nn-dataset/ab/nn/stat/train/obj-detection_coco_map_SSDLite/10.json",
    "/Users/zhangxi/code/RL/nn-dataset/ab/nn/stat/train/obj-detection_coco_map_SSDLite/11.json",
    "/Users/zhangxi/code/RL/nn-dataset/ab/nn/stat/train/obj-detection_coco_map_SSDLite/12.json",
    "/Users/zhangxi/code/RL/nn-dataset/ab/nn/stat/train/obj-detection_coco_map_SSDLite/13.json",
    "/Users/zhangxi/code/RL/nn-dataset/ab/nn/stat/train/obj-detection_coco_map_SSDLite/14.json",
    "/Users/zhangxi/code/RL/nn-dataset/ab/nn/stat/train/obj-detection_coco_map_SSDLite/15.json",
    "/Users/zhangxi/code/RL/nn-dataset/ab/nn/stat/train/obj-detection_coco_map_SSDLite/16.json",
    "/Users/zhangxi/code/RL/nn-dataset/ab/nn/stat/train/obj-detection_coco_map_SSDLite/17.json",
    "/Users/zhangxi/code/RL/nn-dataset/ab/nn/stat/train/obj-detection_coco_map_SSDLite/18.json",
    "/Users/zhangxi/code/RL/nn-dataset/ab/nn/stat/train/obj-detection_coco_map_SSDLite/19.json",
    "/Users/zhangxi/code/RL/nn-dataset/ab/nn/stat/train/obj-detection_coco_map_SSDLite/2.json",
    "/Users/zhangxi/code/RL/nn-dataset/ab/nn/stat/train/obj-detection_coco_map_SSDLite/20.json",
    "/Users/zhangxi/code/RL/nn-dataset/ab/nn/stat/train/obj-detection_coco_map_SSDLite/21.json",
    "/Users/zhangxi/code/RL/nn-dataset/ab/nn/stat/train/obj-detection_coco_map_SSDLite/22.json",
    "/Users/zhangxi/code/RL/nn-dataset/ab/nn/stat/train/obj-detection_coco_map_SSDLite/23.json",
    "/Users/zhangxi/code/RL/nn-dataset/ab/nn/stat/train/obj-detection_coco_map_SSDLite/24.json",
    "/Users/zhangxi/code/RL/nn-dataset/ab/nn/stat/train/obj-detection_coco_map_SSDLite/25.json",
    "/Users/zhangxi/code/RL/nn-dataset/ab/nn/stat/train/obj-detection_coco_map_SSDLite/26.json",
    "/Users/zhangxi/code/RL/nn-dataset/ab/nn/stat/train/obj-detection_coco_map_SSDLite/27.json",
    "/Users/zhangxi/code/RL/nn-dataset/ab/nn/stat/train/obj-detection_coco_map_SSDLite/28.json",
    "/Users/zhangxi/code/RL/nn-dataset/ab/nn/stat/train/obj-detection_coco_map_SSDLite/29.json",
    "/Users/zhangxi/code/RL/nn-dataset/ab/nn/stat/train/obj-detection_coco_map_SSDLite/3.json",
    "/Users/zhangxi/code/RL/nn-dataset/ab/nn/stat/train/obj-detection_coco_map_SSDLite/30.json",
    "/Users/zhangxi/code/RL/nn-dataset/ab/nn/stat/train/obj-detection_coco_map_SSDLite/31.json",
    "/Users/zhangxi/code/RL/nn-dataset/ab/nn/stat/train/obj-detection_coco_map_SSDLite/32.json",
    "/Users/zhangxi/code/RL/nn-dataset/ab/nn/stat/train/obj-detection_coco_map_SSDLite/33.json",
    "/Users/zhangxi/code/RL/nn-dataset/ab/nn/stat/train/obj-detection_coco_map_SSDLite/34.json",
    "/Users/zhangxi/code/RL/nn-dataset/ab/nn/stat/train/obj-detection_coco_map_SSDLite/35.json",
    "/Users/zhangxi/code/RL/nn-dataset/ab/nn/stat/train/obj-detection_coco_map_SSDLite/36.json",
    "/Users/zhangxi/code/RL/nn-dataset/ab/nn/stat/train/obj-detection_coco_map_SSDLite/37.json",
    "/Users/zhangxi/code/RL/nn-dataset/ab/nn/stat/train/obj-detection_coco_map_SSDLite/38.json",
    "/Users/zhangxi/code/RL/nn-dataset/ab/nn/stat/train/obj-detection_coco_map_SSDLite/39.json",
    "/Users/zhangxi/code/RL/nn-dataset/ab/nn/stat/train/obj-detection_coco_map_SSDLite/4.json",
    "/Users/zhangxi/code/RL/nn-dataset/ab/nn/stat/train/obj-detection_coco_map_SSDLite/40.json",
    "/Users/zhangxi/code/RL/nn-dataset/ab/nn/stat/train/obj-detection_coco_map_SSDLite/41.json",
    "/Users/zhangxi/code/RL/nn-dataset/ab/nn/stat/train/obj-detection_coco_map_SSDLite/42.json",
    "/Users/zhangxi/code/RL/nn-dataset/ab/nn/stat/train/obj-detection_coco_map_SSDLite/45.json",
    "/Users/zhangxi/code/RL/nn-dataset/ab/nn/stat/train/obj-detection_coco_map_SSDLite/5.json",
    "/Users/zhangxi/code/RL/nn-dataset/ab/nn/stat/train/obj-detection_coco_map_SSDLite/6.json",
    "/Users/zhangxi/code/RL/nn-dataset/ab/nn/stat/train/obj-detection_coco_map_SSDLite/7.json",
    "/Users/zhangxi/code/RL/nn-dataset/ab/nn/stat/train/obj-detection_coco_map_SSDLite/8.json",
    "/Users/zhangxi/code/RL/nn-dataset/ab/nn/stat/train/obj-detection_coco_map_SSDLite/9.json",
    "/Users/zhangxi/code/RL/nn-dataset/ab/nn/stat/train/txt-generation_wikitext_acc_LSTM/19.json",
    "/Users/zhangxi/code/RL/nn-dataset/ab/nn/stat/train/txt-generation_wikitext_acc_LSTM/2.json",
    "/Users/zhangxi/code/RL/nn-dataset/ab/nn/stat/train/txt-generation_wikitext_acc_LSTM/21.json",
    "/Users/zhangxi/code/RL/nn-dataset/ab/nn/stat/train/txt-generation_wikitext_acc_LSTM/23.json",
    "/Users/zhangxi/code/RL/nn-dataset/ab/nn/stat/train/txt-generation_wikitext_acc_LSTM/34.json",
    "/Users/zhangxi/code/RL/nn-dataset/ab/nn/stat/train/txt-generation_wikitext_acc_LSTM/46.json",
    "/Users/zhangxi/code/RL/nn-dataset/ab/nn/stat/train/txt-generation_wikitext_acc_RNN/15.json",
    "/Users/zhangxi/code/RL/nn-dataset/ab/nn/stat/train/txt-generation_wikitext_acc_RNN/36.json",
    "/Users/zhangxi/code/RL/nn-dataset/ab/nn/stat/train/txt-generation_wikitext_acc_RNN/39.json",
    "/Users/zhangxi/code/RL/nn-dataset/ab/nn/stat/train/txt-generation_wikitext_acc_RNN/40.json",
    "/Users/zhangxi/code/RL/nn-dataset/ab/nn/stat/train/txt-generation_wikitext_acc_RNN/43.json",
    "/Users/zhangxi/code/RL/nn-dataset/ab/nn/stat/train/txt-generation_wikitext_acc_RNN/44.json",
    "/Users/zhangxi/code/RL/nn-dataset/ab/nn/stat/train/txt-generation_wikitext_ppl_LSTM/22.json",
    "/Users/zhangxi/code/RL/nn-dataset/ab/nn/stat/train/txt-generation_wikitext_ppl_RNN/5.json",
    "/Users/zhangxi/code/RL/nn-dataset/results/age-estimation/model results/latest-final-run/metrics/1.json",
    "/Users/zhangxi/code/RL/nn-dataset/results/age-estimation/model results/latest-final-run/metrics/15.json",
    "/Users/zhangxi/code/RL/nn-gpt/ab/gpt/brute/trans/result_gen/RandomResizedCrop_ColorJitter_CenterCrop.json",
    "/Users/zhangxi/code/RL/nn-gpt/ab/gpt/brute/trans/result_gen/RandomVerticalFlip_ColorJitter_5.json",
    "/Users/zhangxi/code/RL/reply_20260802/01_experiment_status.md"
  ],
  "thirty_point_thirty_zip_member_hits": [
    "/Users/zhangxi/code/RL/delivery_20260727 2.zip!delivery_20260727/04_proxy_validation/results/01_4pattern_seed777_13.json",
    "/Users/zhangxi/code/RL/delivery_20260727 2.zip!delivery_20260727/04_proxy_validation/results/14_4pattern_seed123_9.json",
    "/Users/zhangxi/code/RL/delivery_20260727.zip!delivery_20260727/04_proxy_validation/results/01_4pattern_seed777_13.json",
    "/Users/zhangxi/code/RL/delivery_20260727.zip!delivery_20260727/04_proxy_validation/results/14_4pattern_seed123_9.json",
    "/Users/zhangxi/code/RL/faraz_delivery_20260726/article_raw_data_archive_20260718_resend_20260726.zip!article_raw_data_archive_20260704/03_independent_generation_audit/",
    "/Users/zhangxi/code/RL/faraz_delivery_20260726/article_raw_data_archive_20260718_resend_20260726.zip!article_raw_data_archive_20260704/03_independent_generation_audit/rl_after_heldout_test/",
    "/Users/zhangxi/code/RL/faraz_delivery_20260726/article_raw_data_archive_20260718_resend_20260726.zip!article_raw_data_archive_20260704/03_independent_generation_audit/rl_after_heldout_test/baseline_table.md",
    "/Users/zhangxi/code/RL/faraz_delivery_20260726/article_raw_data_archive_20260718_resend_20260726.zip!article_raw_data_archive_20260704/03_independent_generation_audit/rl_after_heldout_test/failure_modes.json",
    "/Users/zhangxi/code/RL/faraz_delivery_20260726/article_raw_data_archive_20260718_resend_20260726.zip!article_raw_data_archive_20260704/03_independent_generation_audit/rl_after_heldout_test/generation_samples.jsonl",
    "/Users/zhangxi/code/RL/faraz_delivery_20260726/article_raw_data_archive_20260718_resend_20260726.zip!article_raw_data_archive_20260704/03_independent_generation_audit/rl_after_heldout_test/run_config.json",
    "/Users/zhangxi/code/RL/faraz_delivery_20260726/article_raw_data_archive_20260718_resend_20260726.zip!article_raw_data_archive_20260704/03_independent_generation_audit/rl_after_heldout_test/structural_diversity_summary.json",
    "/Users/zhangxi/code/RL/faraz_delivery_20260726/article_raw_data_archive_20260718_resend_20260726.zip!article_raw_data_archive_20260704/03_independent_generation_audit/rl_after_heldout_test/summary_metrics.json",
    "/Users/zhangxi/code/RL/faraz_delivery_20260726/article_raw_data_archive_20260718_resend_20260726.zip!article_raw_data_archive_20260704/03_independent_generation_audit/rl_after_reward_eval/",
    "/Users/zhangxi/code/RL/faraz_delivery_20260726/article_raw_data_archive_20260718_resend_20260726.zip!article_raw_data_archive_20260704/03_independent_generation_audit/rl_after_reward_eval/baseline_table.md",
    "/Users/zhangxi/code/RL/faraz_delivery_20260726/article_raw_data_archive_20260718_resend_20260726.zip!article_raw_data_archive_20260704/03_independent_generation_audit/rl_after_reward_eval/failure_modes.json",
    "/Users/zhangxi/code/RL/faraz_delivery_20260726/article_raw_data_archive_20260718_resend_20260726.zip!article_raw_data_archive_20260704/03_independent_generation_audit/rl_after_reward_eval/generation_samples.jsonl",
    "/Users/zhangxi/code/RL/faraz_delivery_20260726/article_raw_data_archive_20260718_resend_20260726.zip!article_raw_data_archive_20260704/03_independent_generation_audit/rl_after_reward_eval/run_config.json",
    "/Users/zhangxi/code/RL/faraz_delivery_20260726/article_raw_data_archive_20260718_resend_20260726.zip!article_raw_data_archive_20260704/03_independent_generation_audit/rl_after_reward_eval/structural_diversity_summary.json",
    "/Users/zhangxi/code/RL/faraz_delivery_20260726/article_raw_data_archive_20260718_resend_20260726.zip!article_raw_data_archive_20260704/03_independent_generation_audit/rl_after_reward_eval/summary_metrics.json",
    "/Users/zhangxi/code/RL/faraz_delivery_20260726/article_raw_data_archive_20260718_resend_20260726.zip!article_raw_data_archive_20260704/03_independent_generation_audit/sft_only_heldout_test/",
    "/Users/zhangxi/code/RL/faraz_delivery_20260726/article_raw_data_archive_20260718_resend_20260726.zip!article_raw_data_archive_20260704/03_independent_generation_audit/sft_only_heldout_test/baseline_table.md",
    "/Users/zhangxi/code/RL/faraz_delivery_20260726/article_raw_data_archive_20260718_resend_20260726.zip!article_raw_data_archive_20260704/03_independent_generation_audit/sft_only_heldout_test/failure_modes.json",
    "/Users/zhangxi/code/RL/faraz_delivery_20260726/article_raw_data_archive_20260718_resend_20260726.zip!article_raw_data_archive_20260704/03_independent_generation_audit/sft_only_heldout_test/generation_samples.jsonl",
    "/Users/zhangxi/code/RL/faraz_delivery_20260726/article_raw_data_archive_20260718_resend_20260726.zip!article_raw_data_archive_20260704/03_independent_generation_audit/sft_only_heldout_test/run_config.json",
    "/Users/zhangxi/code/RL/faraz_delivery_20260726/article_raw_data_archive_20260718_resend_20260726.zip!article_raw_data_archive_20260704/03_independent_generation_audit/sft_only_heldout_test/structural_diversity_summary.json",
    "/Users/zhangxi/code/RL/faraz_delivery_20260726/article_raw_data_archive_20260718_resend_20260726.zip!article_raw_data_archive_20260704/03_independent_generation_audit/sft_only_heldout_test/summary_metrics.json",
    "/Users/zhangxi/code/RL/faraz_delivery_20260726/article_raw_data_archive_20260718_resend_20260726.zip!article_raw_data_archive_20260704/03_independent_generation_audit/sft_only_reward_eval/",
    "/Users/zhangxi/code/RL/faraz_delivery_20260726/article_raw_data_archive_20260718_resend_20260726.zip!article_raw_data_archive_20260704/03_independent_generation_audit/sft_only_reward_eval/baseline_table.md",
    "/Users/zhangxi/code/RL/faraz_delivery_20260726/article_raw_data_archive_20260718_resend_20260726.zip!article_raw_data_archive_20260704/03_independent_generation_audit/sft_only_reward_eval/failure_modes.json",
    "/Users/zhangxi/code/RL/faraz_delivery_20260726/article_raw_data_archive_20260718_resend_20260726.zip!article_raw_data_archive_20260704/03_independent_generation_audit/sft_only_reward_eval/generation_samples.jsonl",
    "/Users/zhangxi/code/RL/faraz_delivery_20260726/article_raw_data_archive_20260718_resend_20260726.zip!article_raw_data_archive_20260704/03_independent_generation_audit/sft_only_reward_eval/run_config.json",
    "/Users/zhangxi/code/RL/faraz_delivery_20260726/article_raw_data_archive_20260718_resend_20260726.zip!article_raw_data_archive_20260704/03_independent_generation_audit/sft_only_reward_eval/structural_diversity_summary.json",
    "/Users/zhangxi/code/RL/faraz_delivery_20260726/article_raw_data_archive_20260718_resend_20260726.zip!article_raw_data_archive_20260704/03_independent_generation_audit/sft_only_reward_eval/summary_metrics.json",
    "/Users/zhangxi/code/RL/faraz_delivery_20260726/article_raw_data_archive_20260718_resend_20260726.zip!article_raw_data_archive_20260704/08_proxy_validation/results/07_4p_seed123_389.json",
    "/Users/zhangxi/code/RL/faraz_delivery_20260726/article_raw_data_archive_20260718_resend_20260726.zip!article_raw_data_archive_20260704/FILE_LIST.txt",
    "/Users/zhangxi/code/RL/faraz_delivery_20260726/article_raw_data_archive_20260718_resend_20260726.zip!article_raw_data_archive_20260704/README.md",
    "/Users/zhangxi/code/RL/followup_delivery_20260808.zip!faraz_followup_delivery_20260808/FINAL_RESULTS.md",
    "/Users/zhangxi/code/RL/followup_delivery_20260808.zip!faraz_followup_delivery_20260808/scripts/recompute_final_summaries.py"
  ],
  "imagenette_rule_sampler": {
    "generation_samples": "/Users/zhangxi/code/RL/delivery_20260727/01_rule_sampler/raw/imagenette/generation_samples.jsonl",
    "generation_samples_sha256": "7a5eb77599b775424016817fc261dfb42925356a1d222471f9ce487bbc819fef",
    "config": {
      "phase": "eval_only",
      "candidate_files": [
        "/data/42-julia-hpc-ai-cv-students/s471802/nn-gpt-runs/parallel_runs/20260626_rc_sampler_3x3_heldout_e1/candidates/rule_constrained_sampler/candidates.jsonl"
      ],
      "seed": 42,
      "candidate_count": 100,
      "source_formats": {
        "full_code": 100
      },
      "gpu_count": 4,
      "eval_config": {
        "dataset": "imagenette",
        "transform": "norm_128_flip",
        "resize": 128,
        "batch": 64,
        "formal_reward_epochs": "1",
        "split_protocol": "trainvaltest",
        "split_seed": 42,
        "eval_split_role": "heldout_test",
        "train_set": "imagenette-train[7500]",
        "reward_eval_set": "imagenette-train[1969]",
        "heldout_test_set": "imagenette-test[3925]",
        "workers_per_gpu": "1",
        "eval_concurrency": 4
      },
      "git": {
        "commit": "c91714dbe7dad1d02a9080243945bbf8e8ec9300",
        "commit_short": "c91714db",
        "commit_subject": "Simplify reward memory preflight",
        "branch": "experiment/four-pattern-reward-ablation-821f"
      },
      "created_at": "2026-06-26T06:24:56+0200"
    },
    "summary": {
      "rule_constrained_sampler": {
        "samples": 100,
        "format_valid_count": 100,
        "format_valid_rate": 1.0,
        "formal_success_count": 99,
        "formal_success_rate": 0.99,
        "mean_acc": 0.8967535224860066,
        "max_acc": 0.9880254777070063,
        "median_acc": 0.9582165605095542,
        "q1_acc": 0.8856050955414013,
        "q3_acc": 0.9743949044585987,
        "top5_mean_acc": 0.985936305732484,
        "top10_mean_acc": 0.9843821656050956
      }
    },
    "raw_recompute": {
      "attempted_n": 100,
      "formal_success_field": "api_result.formal_success_candidate is True",
      "formal_success_n": 99,
      "formal_success_rate": 0.99
    }
  }
}
