source_host	source_path	bytes	reason
julia2	/data/42-julia-hpc-ai-cv-students/s471802/nn-gpt-runs/parallel_runs/20260623_4pattern_a18_cifar10_e5_p3500_c1200_s100_h100x4_ablation_extra_no_diversity_bonus_seed123/grpo_backbone_outputs/checkpoints/stage2_formal_explore/adapter/adapter_model.safetensors	319876032	local_disk_insufficient_for_full_checkpoint_set
julia2	/data/42-julia-hpc-ai-cv-students/s471802/nn-gpt-runs/parallel_runs/20260623_4pattern_a18_cifar10_e5_p3500_c1200_s100_h100x4_ablation_extra_no_diversity_bonus_seed123/grpo_backbone_outputs_trainer/checkpoint-75/optimizer.pt	640016419	local_disk_insufficient_for_full_checkpoint_set
julia2	/data/42-julia-hpc-ai-cv-students/s471802/nn-gpt-runs/parallel_runs/20260623_4pattern_a18_cifar10_e5_p3500_c1200_s100_h100x4_ablation_extra_no_diversity_bonus_seed123/grpo_backbone_outputs_trainer/checkpoint-75/rng_state.pth	15407	local_disk_insufficient_for_full_checkpoint_set
julia2	/data/42-julia-hpc-ai-cv-students/s471802/nn-gpt-runs/parallel_runs/20260623_4pattern_a18_cifar10_e5_p3500_c1200_s100_h100x4_ablation_extra_no_diversity_bonus_seed123/grpo_backbone_outputs_trainer/checkpoint-75/scheduler.pt	1465	local_disk_insufficient_for_full_checkpoint_set
julia2	/data/42-julia-hpc-ai-cv-students/s471802/nn-gpt-runs/parallel_runs/20260623_4pattern_a18_cifar10_e5_p3500_c1200_s100_h100x4_ablation_extra_no_diversity_bonus_seed123/grpo_backbone_outputs_trainer/checkpoint-75/scaler.pt	1383	local_disk_insufficient_for_full_checkpoint_set
julia2	/data/42-julia-hpc-ai-cv-students/s471802/nn-gpt-runs/parallel_runs/20260623_4pattern_a18_cifar10_e5_p3500_c1200_s100_h100x4_ablation_extra_no_diversity_bonus_seed123/grpo_backbone_outputs_trainer/checkpoint-75/adapter_model.safetensors	319876032	local_disk_insufficient_for_full_checkpoint_set
julia2	/data/42-julia-hpc-ai-cv-students/s471802/nn-gpt-runs/parallel_runs/20260623_4pattern_a18_cifar10_e5_p3500_c1200_s100_h100x4_ablation_extra_no_diversity_bonus_seed123/grpo_backbone_outputs_trainer/checkpoint-50/optimizer.pt	640016419	local_disk_insufficient_for_full_checkpoint_set
julia2	/data/42-julia-hpc-ai-cv-students/s471802/nn-gpt-runs/parallel_runs/20260623_4pattern_a18_cifar10_e5_p3500_c1200_s100_h100x4_ablation_extra_no_diversity_bonus_seed123/grpo_backbone_outputs_trainer/checkpoint-50/rng_state.pth	15407	local_disk_insufficient_for_full_checkpoint_set
julia2	/data/42-julia-hpc-ai-cv-students/s471802/nn-gpt-runs/parallel_runs/20260623_4pattern_a18_cifar10_e5_p3500_c1200_s100_h100x4_ablation_extra_no_diversity_bonus_seed123/grpo_backbone_outputs_trainer/checkpoint-50/scheduler.pt	1465	local_disk_insufficient_for_full_checkpoint_set
julia2	/data/42-julia-hpc-ai-cv-students/s471802/nn-gpt-runs/parallel_runs/20260623_4pattern_a18_cifar10_e5_p3500_c1200_s100_h100x4_ablation_extra_no_diversity_bonus_seed123/grpo_backbone_outputs_trainer/checkpoint-50/scaler.pt	1383	local_disk_insufficient_for_full_checkpoint_set
julia2	/data/42-julia-hpc-ai-cv-students/s471802/nn-gpt-runs/parallel_runs/20260623_4pattern_a18_cifar10_e5_p3500_c1200_s100_h100x4_ablation_extra_no_diversity_bonus_seed123/grpo_backbone_outputs_trainer/checkpoint-50/adapter_model.safetensors	319876032	local_disk_insufficient_for_full_checkpoint_set
julia2	/data/42-julia-hpc-ai-cv-students/s471802/nn-gpt-runs/parallel_runs/20260623_4pattern_a18_cifar10_e5_p3500_c1200_s100_h100x4_ablation_extra_no_diversity_bonus_seed123/grpo_backbone_outputs_trainer/checkpoint-100/optimizer.pt	640016419	local_disk_insufficient_for_full_checkpoint_set
julia2	/data/42-julia-hpc-ai-cv-students/s471802/nn-gpt-runs/parallel_runs/20260623_4pattern_a18_cifar10_e5_p3500_c1200_s100_h100x4_ablation_extra_no_diversity_bonus_seed123/grpo_backbone_outputs_trainer/checkpoint-100/rng_state.pth	15407	local_disk_insufficient_for_full_checkpoint_set
julia2	/data/42-julia-hpc-ai-cv-students/s471802/nn-gpt-runs/parallel_runs/20260623_4pattern_a18_cifar10_e5_p3500_c1200_s100_h100x4_ablation_extra_no_diversity_bonus_seed123/grpo_backbone_outputs_trainer/checkpoint-100/scheduler.pt	1465	local_disk_insufficient_for_full_checkpoint_set
julia2	/data/42-julia-hpc-ai-cv-students/s471802/nn-gpt-runs/parallel_runs/20260623_4pattern_a18_cifar10_e5_p3500_c1200_s100_h100x4_ablation_extra_no_diversity_bonus_seed123/grpo_backbone_outputs_trainer/checkpoint-100/scaler.pt	1383	local_disk_insufficient_for_full_checkpoint_set
julia2	/data/42-julia-hpc-ai-cv-students/s471802/nn-gpt-runs/parallel_runs/20260623_4pattern_a18_cifar10_e5_p3500_c1200_s100_h100x4_ablation_extra_no_diversity_bonus_seed123/grpo_backbone_outputs_trainer/checkpoint-100/adapter_model.safetensors	319876032	local_disk_insufficient_for_full_checkpoint_set
julia2	/data/42-julia-hpc-ai-cv-students/s471802/nn-gpt-runs/parallel_runs/20260623_4pattern_a18_cifar10_e5_p3500_c1200_s100_h100x4_ablation_extra_no_diversity_bonus_seed123/grpo_backbone_outputs_trainer/checkpoint-25/optimizer.pt	640016419	local_disk_insufficient_for_full_checkpoint_set
julia2	/data/42-julia-hpc-ai-cv-students/s471802/nn-gpt-runs/parallel_runs/20260623_4pattern_a18_cifar10_e5_p3500_c1200_s100_h100x4_ablation_extra_no_diversity_bonus_seed123/grpo_backbone_outputs_trainer/checkpoint-25/rng_state.pth	15407	local_disk_insufficient_for_full_checkpoint_set
julia2	/data/42-julia-hpc-ai-cv-students/s471802/nn-gpt-runs/parallel_runs/20260623_4pattern_a18_cifar10_e5_p3500_c1200_s100_h100x4_ablation_extra_no_diversity_bonus_seed123/grpo_backbone_outputs_trainer/checkpoint-25/scheduler.pt	1465	local_disk_insufficient_for_full_checkpoint_set
julia2	/data/42-julia-hpc-ai-cv-students/s471802/nn-gpt-runs/parallel_runs/20260623_4pattern_a18_cifar10_e5_p3500_c1200_s100_h100x4_ablation_extra_no_diversity_bonus_seed123/grpo_backbone_outputs_trainer/checkpoint-25/scaler.pt	1383	local_disk_insufficient_for_full_checkpoint_set
julia2	/data/42-julia-hpc-ai-cv-students/s471802/nn-gpt-runs/parallel_runs/20260623_4pattern_a18_cifar10_e5_p3500_c1200_s100_h100x4_ablation_extra_no_diversity_bonus_seed123/grpo_backbone_outputs_trainer/checkpoint-25/adapter_model.safetensors	319876032	local_disk_insufficient_for_full_checkpoint_set
julia2	/data/42-julia-hpc-ai-cv-students/s471802/nn-gpt-runs/parallel_runs/20260612_4pattern_a18_cifar10_e5_p3500_c1200_s100_h100x4_shared_full_full_reward_seed123/grpo_backbone_outputs/checkpoints/stage2_formal_explore/adapter/adapter_model.safetensors	319876032	local_disk_insufficient_for_full_checkpoint_set
julia2	/data/42-julia-hpc-ai-cv-students/s471802/nn-gpt-runs/parallel_runs/20260612_4pattern_a18_cifar10_e5_p3500_c1200_s100_h100x4_shared_full_full_reward_seed123/grpo_backbone_outputs_trainer/checkpoint-75/optimizer.pt	640016419	local_disk_insufficient_for_full_checkpoint_set
julia2	/data/42-julia-hpc-ai-cv-students/s471802/nn-gpt-runs/parallel_runs/20260612_4pattern_a18_cifar10_e5_p3500_c1200_s100_h100x4_shared_full_full_reward_seed123/grpo_backbone_outputs_trainer/checkpoint-75/rng_state.pth	15407	local_disk_insufficient_for_full_checkpoint_set
julia2	/data/42-julia-hpc-ai-cv-students/s471802/nn-gpt-runs/parallel_runs/20260612_4pattern_a18_cifar10_e5_p3500_c1200_s100_h100x4_shared_full_full_reward_seed123/grpo_backbone_outputs_trainer/checkpoint-75/scheduler.pt	1465	local_disk_insufficient_for_full_checkpoint_set
julia2	/data/42-julia-hpc-ai-cv-students/s471802/nn-gpt-runs/parallel_runs/20260612_4pattern_a18_cifar10_e5_p3500_c1200_s100_h100x4_shared_full_full_reward_seed123/grpo_backbone_outputs_trainer/checkpoint-75/scaler.pt	1383	local_disk_insufficient_for_full_checkpoint_set
julia2	/data/42-julia-hpc-ai-cv-students/s471802/nn-gpt-runs/parallel_runs/20260612_4pattern_a18_cifar10_e5_p3500_c1200_s100_h100x4_shared_full_full_reward_seed123/grpo_backbone_outputs_trainer/checkpoint-75/adapter_model.safetensors	319876032	local_disk_insufficient_for_full_checkpoint_set
julia2	/data/42-julia-hpc-ai-cv-students/s471802/nn-gpt-runs/parallel_runs/20260612_4pattern_a18_cifar10_e5_p3500_c1200_s100_h100x4_shared_full_full_reward_seed123/grpo_backbone_outputs_trainer/checkpoint-50/optimizer.pt	640016419	local_disk_insufficient_for_full_checkpoint_set
julia2	/data/42-julia-hpc-ai-cv-students/s471802/nn-gpt-runs/parallel_runs/20260612_4pattern_a18_cifar10_e5_p3500_c1200_s100_h100x4_shared_full_full_reward_seed123/grpo_backbone_outputs_trainer/checkpoint-50/rng_state.pth	15407	local_disk_insufficient_for_full_checkpoint_set
julia2	/data/42-julia-hpc-ai-cv-students/s471802/nn-gpt-runs/parallel_runs/20260612_4pattern_a18_cifar10_e5_p3500_c1200_s100_h100x4_shared_full_full_reward_seed123/grpo_backbone_outputs_trainer/checkpoint-50/scheduler.pt	1465	local_disk_insufficient_for_full_checkpoint_set
julia2	/data/42-julia-hpc-ai-cv-students/s471802/nn-gpt-runs/parallel_runs/20260612_4pattern_a18_cifar10_e5_p3500_c1200_s100_h100x4_shared_full_full_reward_seed123/grpo_backbone_outputs_trainer/checkpoint-50/scaler.pt	1383	local_disk_insufficient_for_full_checkpoint_set
julia2	/data/42-julia-hpc-ai-cv-students/s471802/nn-gpt-runs/parallel_runs/20260612_4pattern_a18_cifar10_e5_p3500_c1200_s100_h100x4_shared_full_full_reward_seed123/grpo_backbone_outputs_trainer/checkpoint-50/adapter_model.safetensors	319876032	local_disk_insufficient_for_full_checkpoint_set
julia2	/data/42-julia-hpc-ai-cv-students/s471802/nn-gpt-runs/parallel_runs/20260612_4pattern_a18_cifar10_e5_p3500_c1200_s100_h100x4_shared_full_full_reward_seed123/grpo_backbone_outputs_trainer/checkpoint-100/optimizer.pt	640016419	local_disk_insufficient_for_full_checkpoint_set
julia2	/data/42-julia-hpc-ai-cv-students/s471802/nn-gpt-runs/parallel_runs/20260612_4pattern_a18_cifar10_e5_p3500_c1200_s100_h100x4_shared_full_full_reward_seed123/grpo_backbone_outputs_trainer/checkpoint-100/rng_state.pth	15407	local_disk_insufficient_for_full_checkpoint_set
julia2	/data/42-julia-hpc-ai-cv-students/s471802/nn-gpt-runs/parallel_runs/20260612_4pattern_a18_cifar10_e5_p3500_c1200_s100_h100x4_shared_full_full_reward_seed123/grpo_backbone_outputs_trainer/checkpoint-100/scheduler.pt	1465	local_disk_insufficient_for_full_checkpoint_set
julia2	/data/42-julia-hpc-ai-cv-students/s471802/nn-gpt-runs/parallel_runs/20260612_4pattern_a18_cifar10_e5_p3500_c1200_s100_h100x4_shared_full_full_reward_seed123/grpo_backbone_outputs_trainer/checkpoint-100/scaler.pt	1383	local_disk_insufficient_for_full_checkpoint_set
julia2	/data/42-julia-hpc-ai-cv-students/s471802/nn-gpt-runs/parallel_runs/20260612_4pattern_a18_cifar10_e5_p3500_c1200_s100_h100x4_shared_full_full_reward_seed123/grpo_backbone_outputs_trainer/checkpoint-100/adapter_model.safetensors	319876032	local_disk_insufficient_for_full_checkpoint_set
julia2	/data/42-julia-hpc-ai-cv-students/s471802/nn-gpt-runs/parallel_runs/20260612_4pattern_a18_cifar10_e5_p3500_c1200_s100_h100x4_shared_full_full_reward_seed123/grpo_backbone_outputs_trainer/checkpoint-25/optimizer.pt	640016419	local_disk_insufficient_for_full_checkpoint_set
julia2	/data/42-julia-hpc-ai-cv-students/s471802/nn-gpt-runs/parallel_runs/20260612_4pattern_a18_cifar10_e5_p3500_c1200_s100_h100x4_shared_full_full_reward_seed123/grpo_backbone_outputs_trainer/checkpoint-25/rng_state.pth	15407	local_disk_insufficient_for_full_checkpoint_set
julia2	/data/42-julia-hpc-ai-cv-students/s471802/nn-gpt-runs/parallel_runs/20260612_4pattern_a18_cifar10_e5_p3500_c1200_s100_h100x4_shared_full_full_reward_seed123/grpo_backbone_outputs_trainer/checkpoint-25/scheduler.pt	1465	local_disk_insufficient_for_full_checkpoint_set
julia2	/data/42-julia-hpc-ai-cv-students/s471802/nn-gpt-runs/parallel_runs/20260612_4pattern_a18_cifar10_e5_p3500_c1200_s100_h100x4_shared_full_full_reward_seed123/grpo_backbone_outputs_trainer/checkpoint-25/scaler.pt	1383	local_disk_insufficient_for_full_checkpoint_set
julia2	/data/42-julia-hpc-ai-cv-students/s471802/nn-gpt-runs/parallel_runs/20260612_4pattern_a18_cifar10_e5_p3500_c1200_s100_h100x4_shared_full_full_reward_seed123/grpo_backbone_outputs_trainer/checkpoint-25/adapter_model.safetensors	319876032	local_disk_insufficient_for_full_checkpoint_set
julia2	/data/42-julia-hpc-ai-cv-students/s471802/nn-gpt-runs/parallel_runs/20260627_1pattern_a9_cifar10_e5_p3500_c1200_s100_h100x4_shared_full_full_reward_seed514/grpo_backbone_outputs/checkpoints/stage2_formal_explore/adapter/adapter_model.safetensors	319876032	local_disk_insufficient_for_full_checkpoint_set
julia2	/data/42-julia-hpc-ai-cv-students/s471802/nn-gpt-runs/parallel_runs/20260627_1pattern_a9_cifar10_e5_p3500_c1200_s100_h100x4_shared_full_full_reward_seed514/grpo_backbone_outputs_trainer/checkpoint-90/optimizer.pt	640016419	local_disk_insufficient_for_full_checkpoint_set
julia2	/data/42-julia-hpc-ai-cv-students/s471802/nn-gpt-runs/parallel_runs/20260627_1pattern_a9_cifar10_e5_p3500_c1200_s100_h100x4_shared_full_full_reward_seed514/grpo_backbone_outputs_trainer/checkpoint-90/rng_state.pth	15407	local_disk_insufficient_for_full_checkpoint_set
julia2	/data/42-julia-hpc-ai-cv-students/s471802/nn-gpt-runs/parallel_runs/20260627_1pattern_a9_cifar10_e5_p3500_c1200_s100_h100x4_shared_full_full_reward_seed514/grpo_backbone_outputs_trainer/checkpoint-90/scheduler.pt	1465	local_disk_insufficient_for_full_checkpoint_set
julia2	/data/42-julia-hpc-ai-cv-students/s471802/nn-gpt-runs/parallel_runs/20260627_1pattern_a9_cifar10_e5_p3500_c1200_s100_h100x4_shared_full_full_reward_seed514/grpo_backbone_outputs_trainer/checkpoint-90/scaler.pt	1383	local_disk_insufficient_for_full_checkpoint_set
julia2	/data/42-julia-hpc-ai-cv-students/s471802/nn-gpt-runs/parallel_runs/20260627_1pattern_a9_cifar10_e5_p3500_c1200_s100_h100x4_shared_full_full_reward_seed514/grpo_backbone_outputs_trainer/checkpoint-90/adapter_model.safetensors	319876032	local_disk_insufficient_for_full_checkpoint_set
julia2	/data/42-julia-hpc-ai-cv-students/s471802/nn-gpt-runs/parallel_runs/20260627_1pattern_a9_cifar10_e5_p3500_c1200_s100_h100x4_shared_full_full_reward_seed514/grpo_backbone_outputs_trainer/checkpoint-95/optimizer.pt	640016419	local_disk_insufficient_for_full_checkpoint_set
julia2	/data/42-julia-hpc-ai-cv-students/s471802/nn-gpt-runs/parallel_runs/20260627_1pattern_a9_cifar10_e5_p3500_c1200_s100_h100x4_shared_full_full_reward_seed514/grpo_backbone_outputs_trainer/checkpoint-95/rng_state.pth	15407	local_disk_insufficient_for_full_checkpoint_set
julia2	/data/42-julia-hpc-ai-cv-students/s471802/nn-gpt-runs/parallel_runs/20260627_1pattern_a9_cifar10_e5_p3500_c1200_s100_h100x4_shared_full_full_reward_seed514/grpo_backbone_outputs_trainer/checkpoint-95/scheduler.pt	1465	local_disk_insufficient_for_full_checkpoint_set
julia2	/data/42-julia-hpc-ai-cv-students/s471802/nn-gpt-runs/parallel_runs/20260627_1pattern_a9_cifar10_e5_p3500_c1200_s100_h100x4_shared_full_full_reward_seed514/grpo_backbone_outputs_trainer/checkpoint-95/scaler.pt	1383	local_disk_insufficient_for_full_checkpoint_set
julia2	/data/42-julia-hpc-ai-cv-students/s471802/nn-gpt-runs/parallel_runs/20260627_1pattern_a9_cifar10_e5_p3500_c1200_s100_h100x4_shared_full_full_reward_seed514/grpo_backbone_outputs_trainer/checkpoint-95/adapter_model.safetensors	319876032	local_disk_insufficient_for_full_checkpoint_set
julia2	/data/42-julia-hpc-ai-cv-students/s471802/nn-gpt-runs/parallel_runs/20260627_1pattern_a9_cifar10_e5_p3500_c1200_s100_h100x4_shared_full_full_reward_seed514/grpo_backbone_outputs_trainer/checkpoint-85/optimizer.pt	640016419	local_disk_insufficient_for_full_checkpoint_set
julia2	/data/42-julia-hpc-ai-cv-students/s471802/nn-gpt-runs/parallel_runs/20260627_1pattern_a9_cifar10_e5_p3500_c1200_s100_h100x4_shared_full_full_reward_seed514/grpo_backbone_outputs_trainer/checkpoint-85/rng_state.pth	15407	local_disk_insufficient_for_full_checkpoint_set
julia2	/data/42-julia-hpc-ai-cv-students/s471802/nn-gpt-runs/parallel_runs/20260627_1pattern_a9_cifar10_e5_p3500_c1200_s100_h100x4_shared_full_full_reward_seed514/grpo_backbone_outputs_trainer/checkpoint-85/scheduler.pt	1465	local_disk_insufficient_for_full_checkpoint_set
julia2	/data/42-julia-hpc-ai-cv-students/s471802/nn-gpt-runs/parallel_runs/20260627_1pattern_a9_cifar10_e5_p3500_c1200_s100_h100x4_shared_full_full_reward_seed514/grpo_backbone_outputs_trainer/checkpoint-85/scaler.pt	1383	local_disk_insufficient_for_full_checkpoint_set
julia2	/data/42-julia-hpc-ai-cv-students/s471802/nn-gpt-runs/parallel_runs/20260627_1pattern_a9_cifar10_e5_p3500_c1200_s100_h100x4_shared_full_full_reward_seed514/grpo_backbone_outputs_trainer/checkpoint-85/adapter_model.safetensors	319876032	local_disk_insufficient_for_full_checkpoint_set
julia2	/data/42-julia-hpc-ai-cv-students/s471802/nn-gpt-runs/parallel_runs/20260627_1pattern_a9_cifar10_e5_p3500_c1200_s100_h100x4_shared_full_full_reward_seed514/grpo_backbone_outputs_trainer/checkpoint-100/optimizer.pt	640016419	local_disk_insufficient_for_full_checkpoint_set
julia2	/data/42-julia-hpc-ai-cv-students/s471802/nn-gpt-runs/parallel_runs/20260627_1pattern_a9_cifar10_e5_p3500_c1200_s100_h100x4_shared_full_full_reward_seed514/grpo_backbone_outputs_trainer/checkpoint-100/rng_state.pth	15407	local_disk_insufficient_for_full_checkpoint_set
julia2	/data/42-julia-hpc-ai-cv-students/s471802/nn-gpt-runs/parallel_runs/20260627_1pattern_a9_cifar10_e5_p3500_c1200_s100_h100x4_shared_full_full_reward_seed514/grpo_backbone_outputs_trainer/checkpoint-100/scheduler.pt	1465	local_disk_insufficient_for_full_checkpoint_set
julia2	/data/42-julia-hpc-ai-cv-students/s471802/nn-gpt-runs/parallel_runs/20260627_1pattern_a9_cifar10_e5_p3500_c1200_s100_h100x4_shared_full_full_reward_seed514/grpo_backbone_outputs_trainer/checkpoint-100/scaler.pt	1383	local_disk_insufficient_for_full_checkpoint_set
julia2	/data/42-julia-hpc-ai-cv-students/s471802/nn-gpt-runs/parallel_runs/20260627_1pattern_a9_cifar10_e5_p3500_c1200_s100_h100x4_shared_full_full_reward_seed514/grpo_backbone_outputs_trainer/checkpoint-100/adapter_model.safetensors	319876032	local_disk_insufficient_for_full_checkpoint_set
julia2	/data/42-julia-hpc-ai-cv-students/s471802/nn-gpt-runs/parallel_runs/20260627_4pattern_a18_cifar10_e5_p3500_c1200_s100_h100x4_shared_full_full_reward_seed114/grpo_backbone_outputs/checkpoints/stage2_formal_explore/adapter/adapter_model.safetensors	319876032	local_disk_insufficient_for_full_checkpoint_set
julia2	/data/42-julia-hpc-ai-cv-students/s471802/nn-gpt-runs/parallel_runs/20260627_4pattern_a18_cifar10_e5_p3500_c1200_s100_h100x4_shared_full_full_reward_seed114/grpo_backbone_outputs_trainer/checkpoint-90/optimizer.pt	640016419	local_disk_insufficient_for_full_checkpoint_set
julia2	/data/42-julia-hpc-ai-cv-students/s471802/nn-gpt-runs/parallel_runs/20260627_4pattern_a18_cifar10_e5_p3500_c1200_s100_h100x4_shared_full_full_reward_seed114/grpo_backbone_outputs_trainer/checkpoint-90/rng_state.pth	15343	local_disk_insufficient_for_full_checkpoint_set
julia2	/data/42-julia-hpc-ai-cv-students/s471802/nn-gpt-runs/parallel_runs/20260627_4pattern_a18_cifar10_e5_p3500_c1200_s100_h100x4_shared_full_full_reward_seed114/grpo_backbone_outputs_trainer/checkpoint-90/scheduler.pt	1465	local_disk_insufficient_for_full_checkpoint_set
julia2	/data/42-julia-hpc-ai-cv-students/s471802/nn-gpt-runs/parallel_runs/20260627_4pattern_a18_cifar10_e5_p3500_c1200_s100_h100x4_shared_full_full_reward_seed114/grpo_backbone_outputs_trainer/checkpoint-90/scaler.pt	1383	local_disk_insufficient_for_full_checkpoint_set
julia2	/data/42-julia-hpc-ai-cv-students/s471802/nn-gpt-runs/parallel_runs/20260627_4pattern_a18_cifar10_e5_p3500_c1200_s100_h100x4_shared_full_full_reward_seed114/grpo_backbone_outputs_trainer/checkpoint-90/adapter_model.safetensors	319876032	local_disk_insufficient_for_full_checkpoint_set
julia2	/data/42-julia-hpc-ai-cv-students/s471802/nn-gpt-runs/parallel_runs/20260627_4pattern_a18_cifar10_e5_p3500_c1200_s100_h100x4_shared_full_full_reward_seed114/grpo_backbone_outputs_trainer/checkpoint-95/optimizer.pt	640016419	local_disk_insufficient_for_full_checkpoint_set
julia2	/data/42-julia-hpc-ai-cv-students/s471802/nn-gpt-runs/parallel_runs/20260627_4pattern_a18_cifar10_e5_p3500_c1200_s100_h100x4_shared_full_full_reward_seed114/grpo_backbone_outputs_trainer/checkpoint-95/rng_state.pth	15343	local_disk_insufficient_for_full_checkpoint_set
julia2	/data/42-julia-hpc-ai-cv-students/s471802/nn-gpt-runs/parallel_runs/20260627_4pattern_a18_cifar10_e5_p3500_c1200_s100_h100x4_shared_full_full_reward_seed114/grpo_backbone_outputs_trainer/checkpoint-95/scheduler.pt	1465	local_disk_insufficient_for_full_checkpoint_set
julia2	/data/42-julia-hpc-ai-cv-students/s471802/nn-gpt-runs/parallel_runs/20260627_4pattern_a18_cifar10_e5_p3500_c1200_s100_h100x4_shared_full_full_reward_seed114/grpo_backbone_outputs_trainer/checkpoint-95/scaler.pt	1383	local_disk_insufficient_for_full_checkpoint_set
julia2	/data/42-julia-hpc-ai-cv-students/s471802/nn-gpt-runs/parallel_runs/20260627_4pattern_a18_cifar10_e5_p3500_c1200_s100_h100x4_shared_full_full_reward_seed114/grpo_backbone_outputs_trainer/checkpoint-95/adapter_model.safetensors	319876032	local_disk_insufficient_for_full_checkpoint_set
julia2	/data/42-julia-hpc-ai-cv-students/s471802/nn-gpt-runs/parallel_runs/20260627_4pattern_a18_cifar10_e5_p3500_c1200_s100_h100x4_shared_full_full_reward_seed114/grpo_backbone_outputs_trainer/checkpoint-85/optimizer.pt	640016419	local_disk_insufficient_for_full_checkpoint_set
julia2	/data/42-julia-hpc-ai-cv-students/s471802/nn-gpt-runs/parallel_runs/20260627_4pattern_a18_cifar10_e5_p3500_c1200_s100_h100x4_shared_full_full_reward_seed114/grpo_backbone_outputs_trainer/checkpoint-85/rng_state.pth	15343	local_disk_insufficient_for_full_checkpoint_set
julia2	/data/42-julia-hpc-ai-cv-students/s471802/nn-gpt-runs/parallel_runs/20260627_4pattern_a18_cifar10_e5_p3500_c1200_s100_h100x4_shared_full_full_reward_seed114/grpo_backbone_outputs_trainer/checkpoint-85/scheduler.pt	1465	local_disk_insufficient_for_full_checkpoint_set
julia2	/data/42-julia-hpc-ai-cv-students/s471802/nn-gpt-runs/parallel_runs/20260627_4pattern_a18_cifar10_e5_p3500_c1200_s100_h100x4_shared_full_full_reward_seed114/grpo_backbone_outputs_trainer/checkpoint-85/scaler.pt	1383	local_disk_insufficient_for_full_checkpoint_set
julia2	/data/42-julia-hpc-ai-cv-students/s471802/nn-gpt-runs/parallel_runs/20260627_4pattern_a18_cifar10_e5_p3500_c1200_s100_h100x4_shared_full_full_reward_seed114/grpo_backbone_outputs_trainer/checkpoint-85/adapter_model.safetensors	319876032	local_disk_insufficient_for_full_checkpoint_set
julia2	/data/42-julia-hpc-ai-cv-students/s471802/nn-gpt-runs/parallel_runs/20260627_4pattern_a18_cifar10_e5_p3500_c1200_s100_h100x4_shared_full_full_reward_seed114/grpo_backbone_outputs_trainer/checkpoint-100/optimizer.pt	640016419	local_disk_insufficient_for_full_checkpoint_set
julia2	/data/42-julia-hpc-ai-cv-students/s471802/nn-gpt-runs/parallel_runs/20260627_4pattern_a18_cifar10_e5_p3500_c1200_s100_h100x4_shared_full_full_reward_seed114/grpo_backbone_outputs_trainer/checkpoint-100/rng_state.pth	15343	local_disk_insufficient_for_full_checkpoint_set
julia2	/data/42-julia-hpc-ai-cv-students/s471802/nn-gpt-runs/parallel_runs/20260627_4pattern_a18_cifar10_e5_p3500_c1200_s100_h100x4_shared_full_full_reward_seed114/grpo_backbone_outputs_trainer/checkpoint-100/scheduler.pt	1465	local_disk_insufficient_for_full_checkpoint_set
julia2	/data/42-julia-hpc-ai-cv-students/s471802/nn-gpt-runs/parallel_runs/20260627_4pattern_a18_cifar10_e5_p3500_c1200_s100_h100x4_shared_full_full_reward_seed114/grpo_backbone_outputs_trainer/checkpoint-100/scaler.pt	1383	local_disk_insufficient_for_full_checkpoint_set
julia2	/data/42-julia-hpc-ai-cv-students/s471802/nn-gpt-runs/parallel_runs/20260627_4pattern_a18_cifar10_e5_p3500_c1200_s100_h100x4_shared_full_full_reward_seed114/grpo_backbone_outputs_trainer/checkpoint-100/adapter_model.safetensors	319876032	local_disk_insufficient_for_full_checkpoint_set
julia2	/data/42-julia-hpc-ai-cv-students/s471802/nn-gpt-runs/parallel_runs/20260623_4pattern_a18_cifar10_e5_p3500_c1200_s800_h100x4_ablation_extra_no_repeat_penalty_seed123/grpo_backbone_outputs/checkpoints/stage2_formal_explore/adapter/adapter_model.safetensors	319876032	local_disk_insufficient_for_full_checkpoint_set
julia2	/data/42-julia-hpc-ai-cv-students/s471802/nn-gpt-runs/parallel_runs/20260623_4pattern_a18_cifar10_e5_p3500_c1200_s800_h100x4_ablation_extra_no_repeat_penalty_seed123/grpo_backbone_outputs_trainer/checkpoint-75/optimizer.pt	640016419	local_disk_insufficient_for_full_checkpoint_set
julia2	/data/42-julia-hpc-ai-cv-students/s471802/nn-gpt-runs/parallel_runs/20260623_4pattern_a18_cifar10_e5_p3500_c1200_s800_h100x4_ablation_extra_no_repeat_penalty_seed123/grpo_backbone_outputs_trainer/checkpoint-75/rng_state.pth	15407	local_disk_insufficient_for_full_checkpoint_set
julia2	/data/42-julia-hpc-ai-cv-students/s471802/nn-gpt-runs/parallel_runs/20260623_4pattern_a18_cifar10_e5_p3500_c1200_s800_h100x4_ablation_extra_no_repeat_penalty_seed123/grpo_backbone_outputs_trainer/checkpoint-75/scheduler.pt	1465	local_disk_insufficient_for_full_checkpoint_set
julia2	/data/42-julia-hpc-ai-cv-students/s471802/nn-gpt-runs/parallel_runs/20260623_4pattern_a18_cifar10_e5_p3500_c1200_s800_h100x4_ablation_extra_no_repeat_penalty_seed123/grpo_backbone_outputs_trainer/checkpoint-75/scaler.pt	1383	local_disk_insufficient_for_full_checkpoint_set
julia2	/data/42-julia-hpc-ai-cv-students/s471802/nn-gpt-runs/parallel_runs/20260623_4pattern_a18_cifar10_e5_p3500_c1200_s800_h100x4_ablation_extra_no_repeat_penalty_seed123/grpo_backbone_outputs_trainer/checkpoint-75/adapter_model.safetensors	319876032	local_disk_insufficient_for_full_checkpoint_set
julia2	/data/42-julia-hpc-ai-cv-students/s471802/nn-gpt-runs/parallel_runs/20260623_4pattern_a18_cifar10_e5_p3500_c1200_s800_h100x4_ablation_extra_no_repeat_penalty_seed123/grpo_backbone_outputs_trainer/checkpoint-50/optimizer.pt	640016419	local_disk_insufficient_for_full_checkpoint_set
julia2	/data/42-julia-hpc-ai-cv-students/s471802/nn-gpt-runs/parallel_runs/20260623_4pattern_a18_cifar10_e5_p3500_c1200_s800_h100x4_ablation_extra_no_repeat_penalty_seed123/grpo_backbone_outputs_trainer/checkpoint-50/rng_state.pth	15407	local_disk_insufficient_for_full_checkpoint_set
julia2	/data/42-julia-hpc-ai-cv-students/s471802/nn-gpt-runs/parallel_runs/20260623_4pattern_a18_cifar10_e5_p3500_c1200_s800_h100x4_ablation_extra_no_repeat_penalty_seed123/grpo_backbone_outputs_trainer/checkpoint-50/scheduler.pt	1465	local_disk_insufficient_for_full_checkpoint_set
julia2	/data/42-julia-hpc-ai-cv-students/s471802/nn-gpt-runs/parallel_runs/20260623_4pattern_a18_cifar10_e5_p3500_c1200_s800_h100x4_ablation_extra_no_repeat_penalty_seed123/grpo_backbone_outputs_trainer/checkpoint-50/scaler.pt	1383	local_disk_insufficient_for_full_checkpoint_set
julia2	/data/42-julia-hpc-ai-cv-students/s471802/nn-gpt-runs/parallel_runs/20260623_4pattern_a18_cifar10_e5_p3500_c1200_s800_h100x4_ablation_extra_no_repeat_penalty_seed123/grpo_backbone_outputs_trainer/checkpoint-50/adapter_model.safetensors	319876032	local_disk_insufficient_for_full_checkpoint_set
julia2	/data/42-julia-hpc-ai-cv-students/s471802/nn-gpt-runs/parallel_runs/20260623_4pattern_a18_cifar10_e5_p3500_c1200_s800_h100x4_ablation_extra_no_repeat_penalty_seed123/grpo_backbone_outputs_trainer/checkpoint-100/optimizer.pt	640016419	local_disk_insufficient_for_full_checkpoint_set
julia2	/data/42-julia-hpc-ai-cv-students/s471802/nn-gpt-runs/parallel_runs/20260623_4pattern_a18_cifar10_e5_p3500_c1200_s800_h100x4_ablation_extra_no_repeat_penalty_seed123/grpo_backbone_outputs_trainer/checkpoint-100/rng_state.pth	15407	local_disk_insufficient_for_full_checkpoint_set
julia2	/data/42-julia-hpc-ai-cv-students/s471802/nn-gpt-runs/parallel_runs/20260623_4pattern_a18_cifar10_e5_p3500_c1200_s800_h100x4_ablation_extra_no_repeat_penalty_seed123/grpo_backbone_outputs_trainer/checkpoint-100/scheduler.pt	1465	local_disk_insufficient_for_full_checkpoint_set
julia2	/data/42-julia-hpc-ai-cv-students/s471802/nn-gpt-runs/parallel_runs/20260623_4pattern_a18_cifar10_e5_p3500_c1200_s800_h100x4_ablation_extra_no_repeat_penalty_seed123/grpo_backbone_outputs_trainer/checkpoint-100/scaler.pt	1383	local_disk_insufficient_for_full_checkpoint_set
julia2	/data/42-julia-hpc-ai-cv-students/s471802/nn-gpt-runs/parallel_runs/20260623_4pattern_a18_cifar10_e5_p3500_c1200_s800_h100x4_ablation_extra_no_repeat_penalty_seed123/grpo_backbone_outputs_trainer/checkpoint-100/adapter_model.safetensors	319876032	local_disk_insufficient_for_full_checkpoint_set
julia2	/data/42-julia-hpc-ai-cv-students/s471802/nn-gpt-runs/parallel_runs/20260623_4pattern_a18_cifar10_e5_p3500_c1200_s800_h100x4_ablation_extra_no_repeat_penalty_seed123/grpo_backbone_outputs_trainer/checkpoint-25/optimizer.pt	640016419	local_disk_insufficient_for_full_checkpoint_set
julia2	/data/42-julia-hpc-ai-cv-students/s471802/nn-gpt-runs/parallel_runs/20260623_4pattern_a18_cifar10_e5_p3500_c1200_s800_h100x4_ablation_extra_no_repeat_penalty_seed123/grpo_backbone_outputs_trainer/checkpoint-25/rng_state.pth	15407	local_disk_insufficient_for_full_checkpoint_set
julia2	/data/42-julia-hpc-ai-cv-students/s471802/nn-gpt-runs/parallel_runs/20260623_4pattern_a18_cifar10_e5_p3500_c1200_s800_h100x4_ablation_extra_no_repeat_penalty_seed123/grpo_backbone_outputs_trainer/checkpoint-25/scheduler.pt	1465	local_disk_insufficient_for_full_checkpoint_set
julia2	/data/42-julia-hpc-ai-cv-students/s471802/nn-gpt-runs/parallel_runs/20260623_4pattern_a18_cifar10_e5_p3500_c1200_s800_h100x4_ablation_extra_no_repeat_penalty_seed123/grpo_backbone_outputs_trainer/checkpoint-25/scaler.pt	1383	local_disk_insufficient_for_full_checkpoint_set
julia2	/data/42-julia-hpc-ai-cv-students/s471802/nn-gpt-runs/parallel_runs/20260623_4pattern_a18_cifar10_e5_p3500_c1200_s800_h100x4_ablation_extra_no_repeat_penalty_seed123/grpo_backbone_outputs_trainer/checkpoint-25/adapter_model.safetensors	319876032	local_disk_insufficient_for_full_checkpoint_set
julia2	/data/42-julia-hpc-ai-cv-students/s471802/nn-gpt-runs/parallel_runs/20260618_1pattern_a9_cifar10_e5_p3500_c1200_s100_h100x4_shared_full_full_reward_seed42/grpo_backbone_outputs/checkpoints/stage2_formal_explore/adapter/adapter_model.safetensors	319876032	local_disk_insufficient_for_full_checkpoint_set
julia2	/data/42-julia-hpc-ai-cv-students/s471802/nn-gpt-runs/parallel_runs/20260618_1pattern_a9_cifar10_e5_p3500_c1200_s100_h100x4_shared_full_full_reward_seed42/grpo_backbone_outputs_trainer/checkpoint-75/optimizer.pt	640016419	local_disk_insufficient_for_full_checkpoint_set
julia2	/data/42-julia-hpc-ai-cv-students/s471802/nn-gpt-runs/parallel_runs/20260618_1pattern_a9_cifar10_e5_p3500_c1200_s100_h100x4_shared_full_full_reward_seed42/grpo_backbone_outputs_trainer/checkpoint-75/rng_state.pth	15407	local_disk_insufficient_for_full_checkpoint_set
julia2	/data/42-julia-hpc-ai-cv-students/s471802/nn-gpt-runs/parallel_runs/20260618_1pattern_a9_cifar10_e5_p3500_c1200_s100_h100x4_shared_full_full_reward_seed42/grpo_backbone_outputs_trainer/checkpoint-75/scheduler.pt	1465	local_disk_insufficient_for_full_checkpoint_set
julia2	/data/42-julia-hpc-ai-cv-students/s471802/nn-gpt-runs/parallel_runs/20260618_1pattern_a9_cifar10_e5_p3500_c1200_s100_h100x4_shared_full_full_reward_seed42/grpo_backbone_outputs_trainer/checkpoint-75/scaler.pt	1383	local_disk_insufficient_for_full_checkpoint_set
julia2	/data/42-julia-hpc-ai-cv-students/s471802/nn-gpt-runs/parallel_runs/20260618_1pattern_a9_cifar10_e5_p3500_c1200_s100_h100x4_shared_full_full_reward_seed42/grpo_backbone_outputs_trainer/checkpoint-75/adapter_model.safetensors	319876032	local_disk_insufficient_for_full_checkpoint_set
julia2	/data/42-julia-hpc-ai-cv-students/s471802/nn-gpt-runs/parallel_runs/20260618_1pattern_a9_cifar10_e5_p3500_c1200_s100_h100x4_shared_full_full_reward_seed42/grpo_backbone_outputs_trainer/checkpoint-50/optimizer.pt	640016419	local_disk_insufficient_for_full_checkpoint_set
julia2	/data/42-julia-hpc-ai-cv-students/s471802/nn-gpt-runs/parallel_runs/20260618_1pattern_a9_cifar10_e5_p3500_c1200_s100_h100x4_shared_full_full_reward_seed42/grpo_backbone_outputs_trainer/checkpoint-50/rng_state.pth	15407	local_disk_insufficient_for_full_checkpoint_set
julia2	/data/42-julia-hpc-ai-cv-students/s471802/nn-gpt-runs/parallel_runs/20260618_1pattern_a9_cifar10_e5_p3500_c1200_s100_h100x4_shared_full_full_reward_seed42/grpo_backbone_outputs_trainer/checkpoint-50/scheduler.pt	1465	local_disk_insufficient_for_full_checkpoint_set
julia2	/data/42-julia-hpc-ai-cv-students/s471802/nn-gpt-runs/parallel_runs/20260618_1pattern_a9_cifar10_e5_p3500_c1200_s100_h100x4_shared_full_full_reward_seed42/grpo_backbone_outputs_trainer/checkpoint-50/scaler.pt	1383	local_disk_insufficient_for_full_checkpoint_set
julia2	/data/42-julia-hpc-ai-cv-students/s471802/nn-gpt-runs/parallel_runs/20260618_1pattern_a9_cifar10_e5_p3500_c1200_s100_h100x4_shared_full_full_reward_seed42/grpo_backbone_outputs_trainer/checkpoint-50/adapter_model.safetensors	319876032	local_disk_insufficient_for_full_checkpoint_set
julia2	/data/42-julia-hpc-ai-cv-students/s471802/nn-gpt-runs/parallel_runs/20260618_1pattern_a9_cifar10_e5_p3500_c1200_s100_h100x4_shared_full_full_reward_seed42/grpo_backbone_outputs_trainer/checkpoint-100/optimizer.pt	640016419	local_disk_insufficient_for_full_checkpoint_set
julia2	/data/42-julia-hpc-ai-cv-students/s471802/nn-gpt-runs/parallel_runs/20260618_1pattern_a9_cifar10_e5_p3500_c1200_s100_h100x4_shared_full_full_reward_seed42/grpo_backbone_outputs_trainer/checkpoint-100/rng_state.pth	15407	local_disk_insufficient_for_full_checkpoint_set
julia2	/data/42-julia-hpc-ai-cv-students/s471802/nn-gpt-runs/parallel_runs/20260618_1pattern_a9_cifar10_e5_p3500_c1200_s100_h100x4_shared_full_full_reward_seed42/grpo_backbone_outputs_trainer/checkpoint-100/scheduler.pt	1465	local_disk_insufficient_for_full_checkpoint_set
julia2	/data/42-julia-hpc-ai-cv-students/s471802/nn-gpt-runs/parallel_runs/20260618_1pattern_a9_cifar10_e5_p3500_c1200_s100_h100x4_shared_full_full_reward_seed42/grpo_backbone_outputs_trainer/checkpoint-100/scaler.pt	1383	local_disk_insufficient_for_full_checkpoint_set
julia2	/data/42-julia-hpc-ai-cv-students/s471802/nn-gpt-runs/parallel_runs/20260618_1pattern_a9_cifar10_e5_p3500_c1200_s100_h100x4_shared_full_full_reward_seed42/grpo_backbone_outputs_trainer/checkpoint-100/adapter_model.safetensors	319876032	local_disk_insufficient_for_full_checkpoint_set
julia2	/data/42-julia-hpc-ai-cv-students/s471802/nn-gpt-runs/parallel_runs/20260618_1pattern_a9_cifar10_e5_p3500_c1200_s100_h100x4_shared_full_full_reward_seed42/grpo_backbone_outputs_trainer/checkpoint-25/optimizer.pt	640016419	local_disk_insufficient_for_full_checkpoint_set
julia2	/data/42-julia-hpc-ai-cv-students/s471802/nn-gpt-runs/parallel_runs/20260618_1pattern_a9_cifar10_e5_p3500_c1200_s100_h100x4_shared_full_full_reward_seed42/grpo_backbone_outputs_trainer/checkpoint-25/rng_state.pth	15407	local_disk_insufficient_for_full_checkpoint_set
julia2	/data/42-julia-hpc-ai-cv-students/s471802/nn-gpt-runs/parallel_runs/20260618_1pattern_a9_cifar10_e5_p3500_c1200_s100_h100x4_shared_full_full_reward_seed42/grpo_backbone_outputs_trainer/checkpoint-25/scheduler.pt	1465	local_disk_insufficient_for_full_checkpoint_set
julia2	/data/42-julia-hpc-ai-cv-students/s471802/nn-gpt-runs/parallel_runs/20260618_1pattern_a9_cifar10_e5_p3500_c1200_s100_h100x4_shared_full_full_reward_seed42/grpo_backbone_outputs_trainer/checkpoint-25/scaler.pt	1383	local_disk_insufficient_for_full_checkpoint_set
julia2	/data/42-julia-hpc-ai-cv-students/s471802/nn-gpt-runs/parallel_runs/20260618_1pattern_a9_cifar10_e5_p3500_c1200_s100_h100x4_shared_full_full_reward_seed42/grpo_backbone_outputs_trainer/checkpoint-25/adapter_model.safetensors	319876032	local_disk_insufficient_for_full_checkpoint_set
julia2	/data/42-julia-hpc-ai-cv-students/s471802/nn-gpt-runs/parallel_runs/20260612_4pattern_a18_cifar10_e5_p3500_c1200_s100_l40s_excl_ablation_no_repeat_penalty_seed42/grpo_backbone_outputs/checkpoints/stage2_formal_explore/adapter/adapter_model.safetensors	319876032	local_disk_insufficient_for_full_checkpoint_set
julia2	/data/42-julia-hpc-ai-cv-students/s471802/nn-gpt-runs/parallel_runs/20260612_4pattern_a18_cifar10_e5_p3500_c1200_s100_l40s_excl_ablation_no_repeat_penalty_seed42/grpo_backbone_outputs_trainer/checkpoint-75/optimizer.pt	640016419	local_disk_insufficient_for_full_checkpoint_set
julia2	/data/42-julia-hpc-ai-cv-students/s471802/nn-gpt-runs/parallel_runs/20260612_4pattern_a18_cifar10_e5_p3500_c1200_s100_l40s_excl_ablation_no_repeat_penalty_seed42/grpo_backbone_outputs_trainer/checkpoint-75/rng_state.pth	15407	local_disk_insufficient_for_full_checkpoint_set
julia2	/data/42-julia-hpc-ai-cv-students/s471802/nn-gpt-runs/parallel_runs/20260612_4pattern_a18_cifar10_e5_p3500_c1200_s100_l40s_excl_ablation_no_repeat_penalty_seed42/grpo_backbone_outputs_trainer/checkpoint-75/scheduler.pt	1465	local_disk_insufficient_for_full_checkpoint_set
julia2	/data/42-julia-hpc-ai-cv-students/s471802/nn-gpt-runs/parallel_runs/20260612_4pattern_a18_cifar10_e5_p3500_c1200_s100_l40s_excl_ablation_no_repeat_penalty_seed42/grpo_backbone_outputs_trainer/checkpoint-75/scaler.pt	1383	local_disk_insufficient_for_full_checkpoint_set
julia2	/data/42-julia-hpc-ai-cv-students/s471802/nn-gpt-runs/parallel_runs/20260612_4pattern_a18_cifar10_e5_p3500_c1200_s100_l40s_excl_ablation_no_repeat_penalty_seed42/grpo_backbone_outputs_trainer/checkpoint-75/adapter_model.safetensors	319876032	local_disk_insufficient_for_full_checkpoint_set
julia2	/data/42-julia-hpc-ai-cv-students/s471802/nn-gpt-runs/parallel_runs/20260612_4pattern_a18_cifar10_e5_p3500_c1200_s100_l40s_excl_ablation_no_repeat_penalty_seed42/grpo_backbone_outputs_trainer/checkpoint-50/optimizer.pt	640016419	local_disk_insufficient_for_full_checkpoint_set
julia2	/data/42-julia-hpc-ai-cv-students/s471802/nn-gpt-runs/parallel_runs/20260612_4pattern_a18_cifar10_e5_p3500_c1200_s100_l40s_excl_ablation_no_repeat_penalty_seed42/grpo_backbone_outputs_trainer/checkpoint-50/rng_state.pth	15407	local_disk_insufficient_for_full_checkpoint_set
julia2	/data/42-julia-hpc-ai-cv-students/s471802/nn-gpt-runs/parallel_runs/20260612_4pattern_a18_cifar10_e5_p3500_c1200_s100_l40s_excl_ablation_no_repeat_penalty_seed42/grpo_backbone_outputs_trainer/checkpoint-50/scheduler.pt	1465	local_disk_insufficient_for_full_checkpoint_set
julia2	/data/42-julia-hpc-ai-cv-students/s471802/nn-gpt-runs/parallel_runs/20260612_4pattern_a18_cifar10_e5_p3500_c1200_s100_l40s_excl_ablation_no_repeat_penalty_seed42/grpo_backbone_outputs_trainer/checkpoint-50/scaler.pt	1383	local_disk_insufficient_for_full_checkpoint_set
julia2	/data/42-julia-hpc-ai-cv-students/s471802/nn-gpt-runs/parallel_runs/20260612_4pattern_a18_cifar10_e5_p3500_c1200_s100_l40s_excl_ablation_no_repeat_penalty_seed42/grpo_backbone_outputs_trainer/checkpoint-50/adapter_model.safetensors	319876032	local_disk_insufficient_for_full_checkpoint_set
julia2	/data/42-julia-hpc-ai-cv-students/s471802/nn-gpt-runs/parallel_runs/20260612_4pattern_a18_cifar10_e5_p3500_c1200_s100_l40s_excl_ablation_no_repeat_penalty_seed42/grpo_backbone_outputs_trainer/checkpoint-100/optimizer.pt	640016419	local_disk_insufficient_for_full_checkpoint_set
julia2	/data/42-julia-hpc-ai-cv-students/s471802/nn-gpt-runs/parallel_runs/20260612_4pattern_a18_cifar10_e5_p3500_c1200_s100_l40s_excl_ablation_no_repeat_penalty_seed42/grpo_backbone_outputs_trainer/checkpoint-100/rng_state.pth	15407	local_disk_insufficient_for_full_checkpoint_set
julia2	/data/42-julia-hpc-ai-cv-students/s471802/nn-gpt-runs/parallel_runs/20260612_4pattern_a18_cifar10_e5_p3500_c1200_s100_l40s_excl_ablation_no_repeat_penalty_seed42/grpo_backbone_outputs_trainer/checkpoint-100/scheduler.pt	1465	local_disk_insufficient_for_full_checkpoint_set
julia2	/data/42-julia-hpc-ai-cv-students/s471802/nn-gpt-runs/parallel_runs/20260612_4pattern_a18_cifar10_e5_p3500_c1200_s100_l40s_excl_ablation_no_repeat_penalty_seed42/grpo_backbone_outputs_trainer/checkpoint-100/scaler.pt	1383	local_disk_insufficient_for_full_checkpoint_set
julia2	/data/42-julia-hpc-ai-cv-students/s471802/nn-gpt-runs/parallel_runs/20260612_4pattern_a18_cifar10_e5_p3500_c1200_s100_l40s_excl_ablation_no_repeat_penalty_seed42/grpo_backbone_outputs_trainer/checkpoint-100/adapter_model.safetensors	319876032	local_disk_insufficient_for_full_checkpoint_set
julia2	/data/42-julia-hpc-ai-cv-students/s471802/nn-gpt-runs/parallel_runs/20260612_4pattern_a18_cifar10_e5_p3500_c1200_s100_l40s_excl_ablation_no_repeat_penalty_seed42/grpo_backbone_outputs_trainer/checkpoint-25/optimizer.pt	640016419	local_disk_insufficient_for_full_checkpoint_set
julia2	/data/42-julia-hpc-ai-cv-students/s471802/nn-gpt-runs/parallel_runs/20260612_4pattern_a18_cifar10_e5_p3500_c1200_s100_l40s_excl_ablation_no_repeat_penalty_seed42/grpo_backbone_outputs_trainer/checkpoint-25/rng_state.pth	15407	local_disk_insufficient_for_full_checkpoint_set
julia2	/data/42-julia-hpc-ai-cv-students/s471802/nn-gpt-runs/parallel_runs/20260612_4pattern_a18_cifar10_e5_p3500_c1200_s100_l40s_excl_ablation_no_repeat_penalty_seed42/grpo_backbone_outputs_trainer/checkpoint-25/scheduler.pt	1465	local_disk_insufficient_for_full_checkpoint_set
julia2	/data/42-julia-hpc-ai-cv-students/s471802/nn-gpt-runs/parallel_runs/20260612_4pattern_a18_cifar10_e5_p3500_c1200_s100_l40s_excl_ablation_no_repeat_penalty_seed42/grpo_backbone_outputs_trainer/checkpoint-25/scaler.pt	1383	local_disk_insufficient_for_full_checkpoint_set
julia2	/data/42-julia-hpc-ai-cv-students/s471802/nn-gpt-runs/parallel_runs/20260612_4pattern_a18_cifar10_e5_p3500_c1200_s100_l40s_excl_ablation_no_repeat_penalty_seed42/grpo_backbone_outputs_trainer/checkpoint-25/adapter_model.safetensors	319876032	local_disk_insufficient_for_full_checkpoint_set
julia2	/data/42-julia-hpc-ai-cv-students/s471802/nn-gpt-runs/parallel_runs/20260624_1756_4pattern_a18_cifar10_e5_p3500_c1200_s800_h100x4_ablation_extra_no_diversity_bonus_seed777/grpo_backbone_outputs/checkpoints/stage2_formal_explore/adapter/adapter_model.safetensors	319876032	local_disk_insufficient_for_full_checkpoint_set
julia2	/data/42-julia-hpc-ai-cv-students/s471802/nn-gpt-runs/parallel_runs/20260624_1756_4pattern_a18_cifar10_e5_p3500_c1200_s800_h100x4_ablation_extra_no_diversity_bonus_seed777/grpo_backbone_outputs_trainer/checkpoint-75/optimizer.pt	640016419	local_disk_insufficient_for_full_checkpoint_set
julia2	/data/42-julia-hpc-ai-cv-students/s471802/nn-gpt-runs/parallel_runs/20260624_1756_4pattern_a18_cifar10_e5_p3500_c1200_s800_h100x4_ablation_extra_no_diversity_bonus_seed777/grpo_backbone_outputs_trainer/checkpoint-75/rng_state.pth	15407	local_disk_insufficient_for_full_checkpoint_set
julia2	/data/42-julia-hpc-ai-cv-students/s471802/nn-gpt-runs/parallel_runs/20260624_1756_4pattern_a18_cifar10_e5_p3500_c1200_s800_h100x4_ablation_extra_no_diversity_bonus_seed777/grpo_backbone_outputs_trainer/checkpoint-75/scheduler.pt	1465	local_disk_insufficient_for_full_checkpoint_set
julia2	/data/42-julia-hpc-ai-cv-students/s471802/nn-gpt-runs/parallel_runs/20260624_1756_4pattern_a18_cifar10_e5_p3500_c1200_s800_h100x4_ablation_extra_no_diversity_bonus_seed777/grpo_backbone_outputs_trainer/checkpoint-75/scaler.pt	1383	local_disk_insufficient_for_full_checkpoint_set
julia2	/data/42-julia-hpc-ai-cv-students/s471802/nn-gpt-runs/parallel_runs/20260624_1756_4pattern_a18_cifar10_e5_p3500_c1200_s800_h100x4_ablation_extra_no_diversity_bonus_seed777/grpo_backbone_outputs_trainer/checkpoint-75/adapter_model.safetensors	319876032	local_disk_insufficient_for_full_checkpoint_set
julia2	/data/42-julia-hpc-ai-cv-students/s471802/nn-gpt-runs/parallel_runs/20260624_1756_4pattern_a18_cifar10_e5_p3500_c1200_s800_h100x4_ablation_extra_no_diversity_bonus_seed777/grpo_backbone_outputs_trainer/checkpoint-50/optimizer.pt	640016419	local_disk_insufficient_for_full_checkpoint_set
julia2	/data/42-julia-hpc-ai-cv-students/s471802/nn-gpt-runs/parallel_runs/20260624_1756_4pattern_a18_cifar10_e5_p3500_c1200_s800_h100x4_ablation_extra_no_diversity_bonus_seed777/grpo_backbone_outputs_trainer/checkpoint-50/rng_state.pth	15407	local_disk_insufficient_for_full_checkpoint_set
julia2	/data/42-julia-hpc-ai-cv-students/s471802/nn-gpt-runs/parallel_runs/20260624_1756_4pattern_a18_cifar10_e5_p3500_c1200_s800_h100x4_ablation_extra_no_diversity_bonus_seed777/grpo_backbone_outputs_trainer/checkpoint-50/scheduler.pt	1465	local_disk_insufficient_for_full_checkpoint_set
julia2	/data/42-julia-hpc-ai-cv-students/s471802/nn-gpt-runs/parallel_runs/20260624_1756_4pattern_a18_cifar10_e5_p3500_c1200_s800_h100x4_ablation_extra_no_diversity_bonus_seed777/grpo_backbone_outputs_trainer/checkpoint-50/scaler.pt	1383	local_disk_insufficient_for_full_checkpoint_set
julia2	/data/42-julia-hpc-ai-cv-students/s471802/nn-gpt-runs/parallel_runs/20260624_1756_4pattern_a18_cifar10_e5_p3500_c1200_s800_h100x4_ablation_extra_no_diversity_bonus_seed777/grpo_backbone_outputs_trainer/checkpoint-50/adapter_model.safetensors	319876032	local_disk_insufficient_for_full_checkpoint_set
julia2	/data/42-julia-hpc-ai-cv-students/s471802/nn-gpt-runs/parallel_runs/20260624_1756_4pattern_a18_cifar10_e5_p3500_c1200_s800_h100x4_ablation_extra_no_diversity_bonus_seed777/grpo_backbone_outputs_trainer/checkpoint-100/optimizer.pt	640016419	local_disk_insufficient_for_full_checkpoint_set
julia2	/data/42-julia-hpc-ai-cv-students/s471802/nn-gpt-runs/parallel_runs/20260624_1756_4pattern_a18_cifar10_e5_p3500_c1200_s800_h100x4_ablation_extra_no_diversity_bonus_seed777/grpo_backbone_outputs_trainer/checkpoint-100/rng_state.pth	15407	local_disk_insufficient_for_full_checkpoint_set
julia2	/data/42-julia-hpc-ai-cv-students/s471802/nn-gpt-runs/parallel_runs/20260624_1756_4pattern_a18_cifar10_e5_p3500_c1200_s800_h100x4_ablation_extra_no_diversity_bonus_seed777/grpo_backbone_outputs_trainer/checkpoint-100/scheduler.pt	1465	local_disk_insufficient_for_full_checkpoint_set
julia2	/data/42-julia-hpc-ai-cv-students/s471802/nn-gpt-runs/parallel_runs/20260624_1756_4pattern_a18_cifar10_e5_p3500_c1200_s800_h100x4_ablation_extra_no_diversity_bonus_seed777/grpo_backbone_outputs_trainer/checkpoint-100/scaler.pt	1383	local_disk_insufficient_for_full_checkpoint_set
julia2	/data/42-julia-hpc-ai-cv-students/s471802/nn-gpt-runs/parallel_runs/20260624_1756_4pattern_a18_cifar10_e5_p3500_c1200_s800_h100x4_ablation_extra_no_diversity_bonus_seed777/grpo_backbone_outputs_trainer/checkpoint-100/adapter_model.safetensors	319876032	local_disk_insufficient_for_full_checkpoint_set
julia2	/data/42-julia-hpc-ai-cv-students/s471802/nn-gpt-runs/parallel_runs/20260624_1756_4pattern_a18_cifar10_e5_p3500_c1200_s800_h100x4_ablation_extra_no_diversity_bonus_seed777/grpo_backbone_outputs_trainer/checkpoint-25/optimizer.pt	640016419	local_disk_insufficient_for_full_checkpoint_set
julia2	/data/42-julia-hpc-ai-cv-students/s471802/nn-gpt-runs/parallel_runs/20260624_1756_4pattern_a18_cifar10_e5_p3500_c1200_s800_h100x4_ablation_extra_no_diversity_bonus_seed777/grpo_backbone_outputs_trainer/checkpoint-25/rng_state.pth	15407	local_disk_insufficient_for_full_checkpoint_set
julia2	/data/42-julia-hpc-ai-cv-students/s471802/nn-gpt-runs/parallel_runs/20260624_1756_4pattern_a18_cifar10_e5_p3500_c1200_s800_h100x4_ablation_extra_no_diversity_bonus_seed777/grpo_backbone_outputs_trainer/checkpoint-25/scheduler.pt	1465	local_disk_insufficient_for_full_checkpoint_set
julia2	/data/42-julia-hpc-ai-cv-students/s471802/nn-gpt-runs/parallel_runs/20260624_1756_4pattern_a18_cifar10_e5_p3500_c1200_s800_h100x4_ablation_extra_no_diversity_bonus_seed777/grpo_backbone_outputs_trainer/checkpoint-25/scaler.pt	1383	local_disk_insufficient_for_full_checkpoint_set
julia2	/data/42-julia-hpc-ai-cv-students/s471802/nn-gpt-runs/parallel_runs/20260624_1756_4pattern_a18_cifar10_e5_p3500_c1200_s800_h100x4_ablation_extra_no_diversity_bonus_seed777/grpo_backbone_outputs_trainer/checkpoint-25/adapter_model.safetensors	319876032	local_disk_insufficient_for_full_checkpoint_set
julia2	/data/42-julia-hpc-ai-cv-students/s471802/nn-gpt-runs/parallel_runs/20260723_1pattern_a9_cifar100_e5_p3500_c1200_s100_h100x4_shared_full_reward_seed123_rerun/grpo_backbone_outputs/checkpoints/stage2_formal_explore/adapter/adapter_model.safetensors	319876032	local_disk_insufficient_for_full_checkpoint_set
julia2	/data/42-julia-hpc-ai-cv-students/s471802/nn-gpt-runs/parallel_runs/20260723_1pattern_a9_cifar100_e5_p3500_c1200_s100_h100x4_shared_full_reward_seed123_rerun/grpo_backbone_outputs_trainer/checkpoint-75/optimizer.pt	640016419	local_disk_insufficient_for_full_checkpoint_set
julia2	/data/42-julia-hpc-ai-cv-students/s471802/nn-gpt-runs/parallel_runs/20260723_1pattern_a9_cifar100_e5_p3500_c1200_s100_h100x4_shared_full_reward_seed123_rerun/grpo_backbone_outputs_trainer/checkpoint-75/rng_state.pth	15407	local_disk_insufficient_for_full_checkpoint_set
julia2	/data/42-julia-hpc-ai-cv-students/s471802/nn-gpt-runs/parallel_runs/20260723_1pattern_a9_cifar100_e5_p3500_c1200_s100_h100x4_shared_full_reward_seed123_rerun/grpo_backbone_outputs_trainer/checkpoint-75/scheduler.pt	1465	local_disk_insufficient_for_full_checkpoint_set
julia2	/data/42-julia-hpc-ai-cv-students/s471802/nn-gpt-runs/parallel_runs/20260723_1pattern_a9_cifar100_e5_p3500_c1200_s100_h100x4_shared_full_reward_seed123_rerun/grpo_backbone_outputs_trainer/checkpoint-75/scaler.pt	1383	local_disk_insufficient_for_full_checkpoint_set
julia2	/data/42-julia-hpc-ai-cv-students/s471802/nn-gpt-runs/parallel_runs/20260723_1pattern_a9_cifar100_e5_p3500_c1200_s100_h100x4_shared_full_reward_seed123_rerun/grpo_backbone_outputs_trainer/checkpoint-75/adapter_model.safetensors	319876032	local_disk_insufficient_for_full_checkpoint_set
julia2	/data/42-julia-hpc-ai-cv-students/s471802/nn-gpt-runs/parallel_runs/20260723_1pattern_a9_cifar100_e5_p3500_c1200_s100_h100x4_shared_full_reward_seed123_rerun/grpo_backbone_outputs_trainer/checkpoint-50/optimizer.pt	640016419	local_disk_insufficient_for_full_checkpoint_set
julia2	/data/42-julia-hpc-ai-cv-students/s471802/nn-gpt-runs/parallel_runs/20260723_1pattern_a9_cifar100_e5_p3500_c1200_s100_h100x4_shared_full_reward_seed123_rerun/grpo_backbone_outputs_trainer/checkpoint-50/rng_state.pth	15407	local_disk_insufficient_for_full_checkpoint_set
julia2	/data/42-julia-hpc-ai-cv-students/s471802/nn-gpt-runs/parallel_runs/20260723_1pattern_a9_cifar100_e5_p3500_c1200_s100_h100x4_shared_full_reward_seed123_rerun/grpo_backbone_outputs_trainer/checkpoint-50/scheduler.pt	1465	local_disk_insufficient_for_full_checkpoint_set
julia2	/data/42-julia-hpc-ai-cv-students/s471802/nn-gpt-runs/parallel_runs/20260723_1pattern_a9_cifar100_e5_p3500_c1200_s100_h100x4_shared_full_reward_seed123_rerun/grpo_backbone_outputs_trainer/checkpoint-50/scaler.pt	1383	local_disk_insufficient_for_full_checkpoint_set
julia2	/data/42-julia-hpc-ai-cv-students/s471802/nn-gpt-runs/parallel_runs/20260723_1pattern_a9_cifar100_e5_p3500_c1200_s100_h100x4_shared_full_reward_seed123_rerun/grpo_backbone_outputs_trainer/checkpoint-50/adapter_model.safetensors	319876032	local_disk_insufficient_for_full_checkpoint_set
julia2	/data/42-julia-hpc-ai-cv-students/s471802/nn-gpt-runs/parallel_runs/20260723_1pattern_a9_cifar100_e5_p3500_c1200_s100_h100x4_shared_full_reward_seed123_rerun/grpo_backbone_outputs_trainer/checkpoint-100/optimizer.pt	640016419	local_disk_insufficient_for_full_checkpoint_set
julia2	/data/42-julia-hpc-ai-cv-students/s471802/nn-gpt-runs/parallel_runs/20260723_1pattern_a9_cifar100_e5_p3500_c1200_s100_h100x4_shared_full_reward_seed123_rerun/grpo_backbone_outputs_trainer/checkpoint-100/rng_state.pth	15407	local_disk_insufficient_for_full_checkpoint_set
julia2	/data/42-julia-hpc-ai-cv-students/s471802/nn-gpt-runs/parallel_runs/20260723_1pattern_a9_cifar100_e5_p3500_c1200_s100_h100x4_shared_full_reward_seed123_rerun/grpo_backbone_outputs_trainer/checkpoint-100/scheduler.pt	1465	local_disk_insufficient_for_full_checkpoint_set
julia2	/data/42-julia-hpc-ai-cv-students/s471802/nn-gpt-runs/parallel_runs/20260723_1pattern_a9_cifar100_e5_p3500_c1200_s100_h100x4_shared_full_reward_seed123_rerun/grpo_backbone_outputs_trainer/checkpoint-100/scaler.pt	1383	local_disk_insufficient_for_full_checkpoint_set
julia2	/data/42-julia-hpc-ai-cv-students/s471802/nn-gpt-runs/parallel_runs/20260723_1pattern_a9_cifar100_e5_p3500_c1200_s100_h100x4_shared_full_reward_seed123_rerun/grpo_backbone_outputs_trainer/checkpoint-100/adapter_model.safetensors	319876032	local_disk_insufficient_for_full_checkpoint_set
julia2	/data/42-julia-hpc-ai-cv-students/s471802/nn-gpt-runs/parallel_runs/20260723_1pattern_a9_cifar100_e5_p3500_c1200_s100_h100x4_shared_full_reward_seed123_rerun/grpo_backbone_outputs_trainer/checkpoint-25/optimizer.pt	640016419	local_disk_insufficient_for_full_checkpoint_set
julia2	/data/42-julia-hpc-ai-cv-students/s471802/nn-gpt-runs/parallel_runs/20260723_1pattern_a9_cifar100_e5_p3500_c1200_s100_h100x4_shared_full_reward_seed123_rerun/grpo_backbone_outputs_trainer/checkpoint-25/rng_state.pth	15407	local_disk_insufficient_for_full_checkpoint_set
julia2	/data/42-julia-hpc-ai-cv-students/s471802/nn-gpt-runs/parallel_runs/20260723_1pattern_a9_cifar100_e5_p3500_c1200_s100_h100x4_shared_full_reward_seed123_rerun/grpo_backbone_outputs_trainer/checkpoint-25/scheduler.pt	1465	local_disk_insufficient_for_full_checkpoint_set
julia2	/data/42-julia-hpc-ai-cv-students/s471802/nn-gpt-runs/parallel_runs/20260723_1pattern_a9_cifar100_e5_p3500_c1200_s100_h100x4_shared_full_reward_seed123_rerun/grpo_backbone_outputs_trainer/checkpoint-25/scaler.pt	1383	local_disk_insufficient_for_full_checkpoint_set
julia2	/data/42-julia-hpc-ai-cv-students/s471802/nn-gpt-runs/parallel_runs/20260723_1pattern_a9_cifar100_e5_p3500_c1200_s100_h100x4_shared_full_reward_seed123_rerun/grpo_backbone_outputs_trainer/checkpoint-25/adapter_model.safetensors	319876032	local_disk_insufficient_for_full_checkpoint_set
julia2	/data/42-julia-hpc-ai-cv-students/s471802/nn-gpt-runs/parallel_runs/20260618_1pattern_a9_cifar10_e5_p3500_c1200_s100_h100x4_shared_full_full_reward_seed123/grpo_backbone_outputs/checkpoints/stage2_formal_explore/adapter/adapter_model.safetensors	319876032	local_disk_insufficient_for_full_checkpoint_set
julia2	/data/42-julia-hpc-ai-cv-students/s471802/nn-gpt-runs/parallel_runs/20260618_1pattern_a9_cifar10_e5_p3500_c1200_s100_h100x4_shared_full_full_reward_seed123/grpo_backbone_outputs_trainer/checkpoint-75/optimizer.pt	640016419	local_disk_insufficient_for_full_checkpoint_set
julia2	/data/42-julia-hpc-ai-cv-students/s471802/nn-gpt-runs/parallel_runs/20260618_1pattern_a9_cifar10_e5_p3500_c1200_s100_h100x4_shared_full_full_reward_seed123/grpo_backbone_outputs_trainer/checkpoint-75/rng_state.pth	15407	local_disk_insufficient_for_full_checkpoint_set
julia2	/data/42-julia-hpc-ai-cv-students/s471802/nn-gpt-runs/parallel_runs/20260618_1pattern_a9_cifar10_e5_p3500_c1200_s100_h100x4_shared_full_full_reward_seed123/grpo_backbone_outputs_trainer/checkpoint-75/scheduler.pt	1465	local_disk_insufficient_for_full_checkpoint_set
julia2	/data/42-julia-hpc-ai-cv-students/s471802/nn-gpt-runs/parallel_runs/20260618_1pattern_a9_cifar10_e5_p3500_c1200_s100_h100x4_shared_full_full_reward_seed123/grpo_backbone_outputs_trainer/checkpoint-75/scaler.pt	1383	local_disk_insufficient_for_full_checkpoint_set
julia2	/data/42-julia-hpc-ai-cv-students/s471802/nn-gpt-runs/parallel_runs/20260618_1pattern_a9_cifar10_e5_p3500_c1200_s100_h100x4_shared_full_full_reward_seed123/grpo_backbone_outputs_trainer/checkpoint-75/adapter_model.safetensors	319876032	local_disk_insufficient_for_full_checkpoint_set
julia2	/data/42-julia-hpc-ai-cv-students/s471802/nn-gpt-runs/parallel_runs/20260618_1pattern_a9_cifar10_e5_p3500_c1200_s100_h100x4_shared_full_full_reward_seed123/grpo_backbone_outputs_trainer/checkpoint-50/optimizer.pt	640016419	local_disk_insufficient_for_full_checkpoint_set
julia2	/data/42-julia-hpc-ai-cv-students/s471802/nn-gpt-runs/parallel_runs/20260618_1pattern_a9_cifar10_e5_p3500_c1200_s100_h100x4_shared_full_full_reward_seed123/grpo_backbone_outputs_trainer/checkpoint-50/rng_state.pth	15407	local_disk_insufficient_for_full_checkpoint_set
julia2	/data/42-julia-hpc-ai-cv-students/s471802/nn-gpt-runs/parallel_runs/20260618_1pattern_a9_cifar10_e5_p3500_c1200_s100_h100x4_shared_full_full_reward_seed123/grpo_backbone_outputs_trainer/checkpoint-50/scheduler.pt	1465	local_disk_insufficient_for_full_checkpoint_set
julia2	/data/42-julia-hpc-ai-cv-students/s471802/nn-gpt-runs/parallel_runs/20260618_1pattern_a9_cifar10_e5_p3500_c1200_s100_h100x4_shared_full_full_reward_seed123/grpo_backbone_outputs_trainer/checkpoint-50/scaler.pt	1383	local_disk_insufficient_for_full_checkpoint_set
julia2	/data/42-julia-hpc-ai-cv-students/s471802/nn-gpt-runs/parallel_runs/20260618_1pattern_a9_cifar10_e5_p3500_c1200_s100_h100x4_shared_full_full_reward_seed123/grpo_backbone_outputs_trainer/checkpoint-50/adapter_model.safetensors	319876032	local_disk_insufficient_for_full_checkpoint_set
julia2	/data/42-julia-hpc-ai-cv-students/s471802/nn-gpt-runs/parallel_runs/20260618_1pattern_a9_cifar10_e5_p3500_c1200_s100_h100x4_shared_full_full_reward_seed123/grpo_backbone_outputs_trainer/checkpoint-100/optimizer.pt	640016419	local_disk_insufficient_for_full_checkpoint_set
julia2	/data/42-julia-hpc-ai-cv-students/s471802/nn-gpt-runs/parallel_runs/20260618_1pattern_a9_cifar10_e5_p3500_c1200_s100_h100x4_shared_full_full_reward_seed123/grpo_backbone_outputs_trainer/checkpoint-100/rng_state.pth	15407	local_disk_insufficient_for_full_checkpoint_set
julia2	/data/42-julia-hpc-ai-cv-students/s471802/nn-gpt-runs/parallel_runs/20260618_1pattern_a9_cifar10_e5_p3500_c1200_s100_h100x4_shared_full_full_reward_seed123/grpo_backbone_outputs_trainer/checkpoint-100/scheduler.pt	1465	local_disk_insufficient_for_full_checkpoint_set
julia2	/data/42-julia-hpc-ai-cv-students/s471802/nn-gpt-runs/parallel_runs/20260618_1pattern_a9_cifar10_e5_p3500_c1200_s100_h100x4_shared_full_full_reward_seed123/grpo_backbone_outputs_trainer/checkpoint-100/scaler.pt	1383	local_disk_insufficient_for_full_checkpoint_set
julia2	/data/42-julia-hpc-ai-cv-students/s471802/nn-gpt-runs/parallel_runs/20260618_1pattern_a9_cifar10_e5_p3500_c1200_s100_h100x4_shared_full_full_reward_seed123/grpo_backbone_outputs_trainer/checkpoint-100/adapter_model.safetensors	319876032	local_disk_insufficient_for_full_checkpoint_set
julia2	/data/42-julia-hpc-ai-cv-students/s471802/nn-gpt-runs/parallel_runs/20260618_1pattern_a9_cifar10_e5_p3500_c1200_s100_h100x4_shared_full_full_reward_seed123/grpo_backbone_outputs_trainer/checkpoint-25/optimizer.pt	640016419	local_disk_insufficient_for_full_checkpoint_set
julia2	/data/42-julia-hpc-ai-cv-students/s471802/nn-gpt-runs/parallel_runs/20260618_1pattern_a9_cifar10_e5_p3500_c1200_s100_h100x4_shared_full_full_reward_seed123/grpo_backbone_outputs_trainer/checkpoint-25/rng_state.pth	15407	local_disk_insufficient_for_full_checkpoint_set
julia2	/data/42-julia-hpc-ai-cv-students/s471802/nn-gpt-runs/parallel_runs/20260618_1pattern_a9_cifar10_e5_p3500_c1200_s100_h100x4_shared_full_full_reward_seed123/grpo_backbone_outputs_trainer/checkpoint-25/scheduler.pt	1465	local_disk_insufficient_for_full_checkpoint_set
julia2	/data/42-julia-hpc-ai-cv-students/s471802/nn-gpt-runs/parallel_runs/20260618_1pattern_a9_cifar10_e5_p3500_c1200_s100_h100x4_shared_full_full_reward_seed123/grpo_backbone_outputs_trainer/checkpoint-25/scaler.pt	1383	local_disk_insufficient_for_full_checkpoint_set
julia2	/data/42-julia-hpc-ai-cv-students/s471802/nn-gpt-runs/parallel_runs/20260618_1pattern_a9_cifar10_e5_p3500_c1200_s100_h100x4_shared_full_full_reward_seed123/grpo_backbone_outputs_trainer/checkpoint-25/adapter_model.safetensors	319876032	local_disk_insufficient_for_full_checkpoint_set
julia2	/data/42-julia-hpc-ai-cv-students/s471802/nn-gpt-runs/parallel_runs/20260704_qwen_cifar10_e5_seed777_backup_before_resume_20260705_1117/grpo_backbone_outputs/checkpoints/stage2_formal_explore/adapter/adapter_model.safetensors	323014168	local_disk_insufficient_for_full_checkpoint_set
julia2	/data/42-julia-hpc-ai-cv-students/s471802/nn-gpt-runs/parallel_runs/20260704_qwen_cifar10_e5_seed777_backup_before_resume_20260705_1117/grpo_backbone_outputs_trainer/checkpoint-75/optimizer.pt	646259323	local_disk_insufficient_for_full_checkpoint_set
julia2	/data/42-julia-hpc-ai-cv-students/s471802/nn-gpt-runs/parallel_runs/20260704_qwen_cifar10_e5_seed777_backup_before_resume_20260705_1117/grpo_backbone_outputs_trainer/checkpoint-75/rng_state.pth	15407	local_disk_insufficient_for_full_checkpoint_set
julia2	/data/42-julia-hpc-ai-cv-students/s471802/nn-gpt-runs/parallel_runs/20260704_qwen_cifar10_e5_seed777_backup_before_resume_20260705_1117/grpo_backbone_outputs_trainer/checkpoint-75/scheduler.pt	1465	local_disk_insufficient_for_full_checkpoint_set
julia2	/data/42-julia-hpc-ai-cv-students/s471802/nn-gpt-runs/parallel_runs/20260704_qwen_cifar10_e5_seed777_backup_before_resume_20260705_1117/grpo_backbone_outputs_trainer/checkpoint-75/scaler.pt	1383	local_disk_insufficient_for_full_checkpoint_set
julia2	/data/42-julia-hpc-ai-cv-students/s471802/nn-gpt-runs/parallel_runs/20260704_qwen_cifar10_e5_seed777_backup_before_resume_20260705_1117/grpo_backbone_outputs_trainer/checkpoint-75/adapter_model.safetensors	323014168	local_disk_insufficient_for_full_checkpoint_set
julia2	/data/42-julia-hpc-ai-cv-students/s471802/nn-gpt-runs/parallel_runs/20260704_qwen_cifar10_e5_seed777_backup_before_resume_20260705_1117/grpo_backbone_outputs_trainer/checkpoint-50/optimizer.pt	646259323	local_disk_insufficient_for_full_checkpoint_set
julia2	/data/42-julia-hpc-ai-cv-students/s471802/nn-gpt-runs/parallel_runs/20260704_qwen_cifar10_e5_seed777_backup_before_resume_20260705_1117/grpo_backbone_outputs_trainer/checkpoint-50/rng_state.pth	15407	local_disk_insufficient_for_full_checkpoint_set
julia2	/data/42-julia-hpc-ai-cv-students/s471802/nn-gpt-runs/parallel_runs/20260704_qwen_cifar10_e5_seed777_backup_before_resume_20260705_1117/grpo_backbone_outputs_trainer/checkpoint-50/scheduler.pt	1465	local_disk_insufficient_for_full_checkpoint_set
julia2	/data/42-julia-hpc-ai-cv-students/s471802/nn-gpt-runs/parallel_runs/20260704_qwen_cifar10_e5_seed777_backup_before_resume_20260705_1117/grpo_backbone_outputs_trainer/checkpoint-50/scaler.pt	1383	local_disk_insufficient_for_full_checkpoint_set
julia2	/data/42-julia-hpc-ai-cv-students/s471802/nn-gpt-runs/parallel_runs/20260704_qwen_cifar10_e5_seed777_backup_before_resume_20260705_1117/grpo_backbone_outputs_trainer/checkpoint-50/adapter_model.safetensors	323014168	local_disk_insufficient_for_full_checkpoint_set
julia2	/data/42-julia-hpc-ai-cv-students/s471802/nn-gpt-runs/parallel_runs/20260704_qwen_cifar10_e5_seed777_backup_before_resume_20260705_1117/grpo_backbone_outputs_trainer/checkpoint-25/optimizer.pt	646259323	local_disk_insufficient_for_full_checkpoint_set
julia2	/data/42-julia-hpc-ai-cv-students/s471802/nn-gpt-runs/parallel_runs/20260704_qwen_cifar10_e5_seed777_backup_before_resume_20260705_1117/grpo_backbone_outputs_trainer/checkpoint-25/rng_state.pth	15407	local_disk_insufficient_for_full_checkpoint_set
julia2	/data/42-julia-hpc-ai-cv-students/s471802/nn-gpt-runs/parallel_runs/20260704_qwen_cifar10_e5_seed777_backup_before_resume_20260705_1117/grpo_backbone_outputs_trainer/checkpoint-25/scheduler.pt	1465	local_disk_insufficient_for_full_checkpoint_set
julia2	/data/42-julia-hpc-ai-cv-students/s471802/nn-gpt-runs/parallel_runs/20260704_qwen_cifar10_e5_seed777_backup_before_resume_20260705_1117/grpo_backbone_outputs_trainer/checkpoint-25/scaler.pt	1383	local_disk_insufficient_for_full_checkpoint_set
julia2	/data/42-julia-hpc-ai-cv-students/s471802/nn-gpt-runs/parallel_runs/20260704_qwen_cifar10_e5_seed777_backup_before_resume_20260705_1117/grpo_backbone_outputs_trainer/checkpoint-25/adapter_model.safetensors	323014168	local_disk_insufficient_for_full_checkpoint_set
julia2	/data/42-julia-hpc-ai-cv-students/s471802/nn-gpt-runs/parallel_runs/20260704_qwen_cifar10_e5_seed777/grpo_backbone_outputs/checkpoints/stage2_formal_explore/adapter/adapter_model.safetensors	323014168	local_disk_insufficient_for_full_checkpoint_set
julia2	/data/42-julia-hpc-ai-cv-students/s471802/nn-gpt-runs/parallel_runs/20260704_qwen_cifar10_e5_seed777/grpo_backbone_outputs/adapter_model.safetensors	323014168	local_disk_insufficient_for_full_checkpoint_set
julia2	/data/42-julia-hpc-ai-cv-students/s471802/nn-gpt-runs/parallel_runs/20260704_qwen_cifar10_e5_seed777/grpo_backbone_outputs_trainer/checkpoint-5/optimizer.pt	646259323	local_disk_insufficient_for_full_checkpoint_set
julia2	/data/42-julia-hpc-ai-cv-students/s471802/nn-gpt-runs/parallel_runs/20260704_qwen_cifar10_e5_seed777/grpo_backbone_outputs_trainer/checkpoint-5/rng_state.pth	15407	local_disk_insufficient_for_full_checkpoint_set
julia2	/data/42-julia-hpc-ai-cv-students/s471802/nn-gpt-runs/parallel_runs/20260704_qwen_cifar10_e5_seed777/grpo_backbone_outputs_trainer/checkpoint-5/scheduler.pt	1465	local_disk_insufficient_for_full_checkpoint_set
julia2	/data/42-julia-hpc-ai-cv-students/s471802/nn-gpt-runs/parallel_runs/20260704_qwen_cifar10_e5_seed777/grpo_backbone_outputs_trainer/checkpoint-5/scaler.pt	1383	local_disk_insufficient_for_full_checkpoint_set
julia2	/data/42-julia-hpc-ai-cv-students/s471802/nn-gpt-runs/parallel_runs/20260704_qwen_cifar10_e5_seed777/grpo_backbone_outputs_trainer/checkpoint-5/adapter_model.safetensors	323014168	local_disk_insufficient_for_full_checkpoint_set
julia2	/data/42-julia-hpc-ai-cv-students/s471802/nn-gpt-runs/parallel_runs/20260704_qwen_cifar10_e5_seed777/grpo_backbone_outputs_trainer/checkpoint-75/optimizer.pt	646259323	local_disk_insufficient_for_full_checkpoint_set
julia2	/data/42-julia-hpc-ai-cv-students/s471802/nn-gpt-runs/parallel_runs/20260704_qwen_cifar10_e5_seed777/grpo_backbone_outputs_trainer/checkpoint-75/rng_state.pth	15407	local_disk_insufficient_for_full_checkpoint_set
julia2	/data/42-julia-hpc-ai-cv-students/s471802/nn-gpt-runs/parallel_runs/20260704_qwen_cifar10_e5_seed777/grpo_backbone_outputs_trainer/checkpoint-75/scheduler.pt	1465	local_disk_insufficient_for_full_checkpoint_set
julia2	/data/42-julia-hpc-ai-cv-students/s471802/nn-gpt-runs/parallel_runs/20260704_qwen_cifar10_e5_seed777/grpo_backbone_outputs_trainer/checkpoint-75/scaler.pt	1383	local_disk_insufficient_for_full_checkpoint_set
julia2	/data/42-julia-hpc-ai-cv-students/s471802/nn-gpt-runs/parallel_runs/20260704_qwen_cifar10_e5_seed777/grpo_backbone_outputs_trainer/checkpoint-75/adapter_model.safetensors	323014168	local_disk_insufficient_for_full_checkpoint_set
julia2	/data/42-julia-hpc-ai-cv-students/s471802/nn-gpt-runs/parallel_runs/20260704_qwen_cifar10_e5_seed777/grpo_backbone_outputs_trainer/checkpoint-50/optimizer.pt	646259323	local_disk_insufficient_for_full_checkpoint_set
julia2	/data/42-julia-hpc-ai-cv-students/s471802/nn-gpt-runs/parallel_runs/20260704_qwen_cifar10_e5_seed777/grpo_backbone_outputs_trainer/checkpoint-50/rng_state.pth	15407	local_disk_insufficient_for_full_checkpoint_set
julia2	/data/42-julia-hpc-ai-cv-students/s471802/nn-gpt-runs/parallel_runs/20260704_qwen_cifar10_e5_seed777/grpo_backbone_outputs_trainer/checkpoint-50/scheduler.pt	1465	local_disk_insufficient_for_full_checkpoint_set
julia2	/data/42-julia-hpc-ai-cv-students/s471802/nn-gpt-runs/parallel_runs/20260704_qwen_cifar10_e5_seed777/grpo_backbone_outputs_trainer/checkpoint-50/scaler.pt	1383	local_disk_insufficient_for_full_checkpoint_set
julia2	/data/42-julia-hpc-ai-cv-students/s471802/nn-gpt-runs/parallel_runs/20260704_qwen_cifar10_e5_seed777/grpo_backbone_outputs_trainer/checkpoint-50/adapter_model.safetensors	323014168	local_disk_insufficient_for_full_checkpoint_set
julia2	/data/42-julia-hpc-ai-cv-students/s471802/nn-gpt-runs/parallel_runs/20260704_qwen_cifar10_e5_seed777/grpo_backbone_outputs_trainer/checkpoint-25/optimizer.pt	646259323	local_disk_insufficient_for_full_checkpoint_set
julia2	/data/42-julia-hpc-ai-cv-students/s471802/nn-gpt-runs/parallel_runs/20260704_qwen_cifar10_e5_seed777/grpo_backbone_outputs_trainer/checkpoint-25/rng_state.pth	15407	local_disk_insufficient_for_full_checkpoint_set
julia2	/data/42-julia-hpc-ai-cv-students/s471802/nn-gpt-runs/parallel_runs/20260704_qwen_cifar10_e5_seed777/grpo_backbone_outputs_trainer/checkpoint-25/scheduler.pt	1465	local_disk_insufficient_for_full_checkpoint_set
julia2	/data/42-julia-hpc-ai-cv-students/s471802/nn-gpt-runs/parallel_runs/20260704_qwen_cifar10_e5_seed777/grpo_backbone_outputs_trainer/checkpoint-25/scaler.pt	1383	local_disk_insufficient_for_full_checkpoint_set
julia2	/data/42-julia-hpc-ai-cv-students/s471802/nn-gpt-runs/parallel_runs/20260704_qwen_cifar10_e5_seed777/grpo_backbone_outputs_trainer/checkpoint-25/adapter_model.safetensors	323014168	local_disk_insufficient_for_full_checkpoint_set
julia2	/data/42-julia-hpc-ai-cv-students/s471802/nn-gpt-runs/parallel_runs/20260627_4pattern_a18_cifar10_e5_p3500_c1200_s100_h100x4_shared_full_full_reward_seed919/grpo_backbone_outputs/checkpoints/stage2_formal_explore/adapter/adapter_model.safetensors	319876032	local_disk_insufficient_for_full_checkpoint_set
julia2	/data/42-julia-hpc-ai-cv-students/s471802/nn-gpt-runs/parallel_runs/20260627_4pattern_a18_cifar10_e5_p3500_c1200_s100_h100x4_shared_full_full_reward_seed919/grpo_backbone_outputs_trainer/checkpoint-90/optimizer.pt	640016419	local_disk_insufficient_for_full_checkpoint_set
julia2	/data/42-julia-hpc-ai-cv-students/s471802/nn-gpt-runs/parallel_runs/20260627_4pattern_a18_cifar10_e5_p3500_c1200_s100_h100x4_shared_full_full_reward_seed919/grpo_backbone_outputs_trainer/checkpoint-90/rng_state.pth	15407	local_disk_insufficient_for_full_checkpoint_set
julia2	/data/42-julia-hpc-ai-cv-students/s471802/nn-gpt-runs/parallel_runs/20260627_4pattern_a18_cifar10_e5_p3500_c1200_s100_h100x4_shared_full_full_reward_seed919/grpo_backbone_outputs_trainer/checkpoint-90/scheduler.pt	1465	local_disk_insufficient_for_full_checkpoint_set
julia2	/data/42-julia-hpc-ai-cv-students/s471802/nn-gpt-runs/parallel_runs/20260627_4pattern_a18_cifar10_e5_p3500_c1200_s100_h100x4_shared_full_full_reward_seed919/grpo_backbone_outputs_trainer/checkpoint-90/scaler.pt	1383	local_disk_insufficient_for_full_checkpoint_set
julia2	/data/42-julia-hpc-ai-cv-students/s471802/nn-gpt-runs/parallel_runs/20260627_4pattern_a18_cifar10_e5_p3500_c1200_s100_h100x4_shared_full_full_reward_seed919/grpo_backbone_outputs_trainer/checkpoint-90/adapter_model.safetensors	319876032	local_disk_insufficient_for_full_checkpoint_set
julia2	/data/42-julia-hpc-ai-cv-students/s471802/nn-gpt-runs/parallel_runs/20260627_4pattern_a18_cifar10_e5_p3500_c1200_s100_h100x4_shared_full_full_reward_seed919/grpo_backbone_outputs_trainer/checkpoint-95/optimizer.pt	640016419	local_disk_insufficient_for_full_checkpoint_set
julia2	/data/42-julia-hpc-ai-cv-students/s471802/nn-gpt-runs/parallel_runs/20260627_4pattern_a18_cifar10_e5_p3500_c1200_s100_h100x4_shared_full_full_reward_seed919/grpo_backbone_outputs_trainer/checkpoint-95/rng_state.pth	15407	local_disk_insufficient_for_full_checkpoint_set
julia2	/data/42-julia-hpc-ai-cv-students/s471802/nn-gpt-runs/parallel_runs/20260627_4pattern_a18_cifar10_e5_p3500_c1200_s100_h100x4_shared_full_full_reward_seed919/grpo_backbone_outputs_trainer/checkpoint-95/scheduler.pt	1465	local_disk_insufficient_for_full_checkpoint_set
julia2	/data/42-julia-hpc-ai-cv-students/s471802/nn-gpt-runs/parallel_runs/20260627_4pattern_a18_cifar10_e5_p3500_c1200_s100_h100x4_shared_full_full_reward_seed919/grpo_backbone_outputs_trainer/checkpoint-95/scaler.pt	1383	local_disk_insufficient_for_full_checkpoint_set
julia2	/data/42-julia-hpc-ai-cv-students/s471802/nn-gpt-runs/parallel_runs/20260627_4pattern_a18_cifar10_e5_p3500_c1200_s100_h100x4_shared_full_full_reward_seed919/grpo_backbone_outputs_trainer/checkpoint-95/adapter_model.safetensors	319876032	local_disk_insufficient_for_full_checkpoint_set
julia2	/data/42-julia-hpc-ai-cv-students/s471802/nn-gpt-runs/parallel_runs/20260627_4pattern_a18_cifar10_e5_p3500_c1200_s100_h100x4_shared_full_full_reward_seed919/grpo_backbone_outputs_trainer/checkpoint-85/optimizer.pt	640016419	local_disk_insufficient_for_full_checkpoint_set
julia2	/data/42-julia-hpc-ai-cv-students/s471802/nn-gpt-runs/parallel_runs/20260627_4pattern_a18_cifar10_e5_p3500_c1200_s100_h100x4_shared_full_full_reward_seed919/grpo_backbone_outputs_trainer/checkpoint-85/rng_state.pth	15407	local_disk_insufficient_for_full_checkpoint_set
julia2	/data/42-julia-hpc-ai-cv-students/s471802/nn-gpt-runs/parallel_runs/20260627_4pattern_a18_cifar10_e5_p3500_c1200_s100_h100x4_shared_full_full_reward_seed919/grpo_backbone_outputs_trainer/checkpoint-85/scheduler.pt	1465	local_disk_insufficient_for_full_checkpoint_set
julia2	/data/42-julia-hpc-ai-cv-students/s471802/nn-gpt-runs/parallel_runs/20260627_4pattern_a18_cifar10_e5_p3500_c1200_s100_h100x4_shared_full_full_reward_seed919/grpo_backbone_outputs_trainer/checkpoint-85/scaler.pt	1383	local_disk_insufficient_for_full_checkpoint_set
julia2	/data/42-julia-hpc-ai-cv-students/s471802/nn-gpt-runs/parallel_runs/20260627_4pattern_a18_cifar10_e5_p3500_c1200_s100_h100x4_shared_full_full_reward_seed919/grpo_backbone_outputs_trainer/checkpoint-85/adapter_model.safetensors	319876032	local_disk_insufficient_for_full_checkpoint_set
julia2	/data/42-julia-hpc-ai-cv-students/s471802/nn-gpt-runs/parallel_runs/20260627_4pattern_a18_cifar10_e5_p3500_c1200_s100_h100x4_shared_full_full_reward_seed919/grpo_backbone_outputs_trainer/checkpoint-100/optimizer.pt	640016419	local_disk_insufficient_for_full_checkpoint_set
julia2	/data/42-julia-hpc-ai-cv-students/s471802/nn-gpt-runs/parallel_runs/20260627_4pattern_a18_cifar10_e5_p3500_c1200_s100_h100x4_shared_full_full_reward_seed919/grpo_backbone_outputs_trainer/checkpoint-100/rng_state.pth	15407	local_disk_insufficient_for_full_checkpoint_set
julia2	/data/42-julia-hpc-ai-cv-students/s471802/nn-gpt-runs/parallel_runs/20260627_4pattern_a18_cifar10_e5_p3500_c1200_s100_h100x4_shared_full_full_reward_seed919/grpo_backbone_outputs_trainer/checkpoint-100/scheduler.pt	1465	local_disk_insufficient_for_full_checkpoint_set
julia2	/data/42-julia-hpc-ai-cv-students/s471802/nn-gpt-runs/parallel_runs/20260627_4pattern_a18_cifar10_e5_p3500_c1200_s100_h100x4_shared_full_full_reward_seed919/grpo_backbone_outputs_trainer/checkpoint-100/scaler.pt	1383	local_disk_insufficient_for_full_checkpoint_set
julia2	/data/42-julia-hpc-ai-cv-students/s471802/nn-gpt-runs/parallel_runs/20260627_4pattern_a18_cifar10_e5_p3500_c1200_s100_h100x4_shared_full_full_reward_seed919/grpo_backbone_outputs_trainer/checkpoint-100/adapter_model.safetensors	319876032	local_disk_insufficient_for_full_checkpoint_set
julia2	/data/42-julia-hpc-ai-cv-students/s471802/nn-gpt-runs/parallel_runs/20260612_4pattern_a18_cifar10_e5_p3500_c1200_s100_l40s_excl_full_full_reward_seed42/grpo_backbone_outputs/checkpoints/stage2_formal_explore/adapter/adapter_model.safetensors	319876032	local_disk_insufficient_for_full_checkpoint_set
julia2	/data/42-julia-hpc-ai-cv-students/s471802/nn-gpt-runs/parallel_runs/20260612_4pattern_a18_cifar10_e5_p3500_c1200_s100_l40s_excl_full_full_reward_seed42/grpo_backbone_outputs_trainer/checkpoint-75/optimizer.pt	640016419	local_disk_insufficient_for_full_checkpoint_set
julia2	/data/42-julia-hpc-ai-cv-students/s471802/nn-gpt-runs/parallel_runs/20260612_4pattern_a18_cifar10_e5_p3500_c1200_s100_l40s_excl_full_full_reward_seed42/grpo_backbone_outputs_trainer/checkpoint-75/rng_state.pth	15407	local_disk_insufficient_for_full_checkpoint_set
julia2	/data/42-julia-hpc-ai-cv-students/s471802/nn-gpt-runs/parallel_runs/20260612_4pattern_a18_cifar10_e5_p3500_c1200_s100_l40s_excl_full_full_reward_seed42/grpo_backbone_outputs_trainer/checkpoint-75/scheduler.pt	1465	local_disk_insufficient_for_full_checkpoint_set
julia2	/data/42-julia-hpc-ai-cv-students/s471802/nn-gpt-runs/parallel_runs/20260612_4pattern_a18_cifar10_e5_p3500_c1200_s100_l40s_excl_full_full_reward_seed42/grpo_backbone_outputs_trainer/checkpoint-75/scaler.pt	1383	local_disk_insufficient_for_full_checkpoint_set
julia2	/data/42-julia-hpc-ai-cv-students/s471802/nn-gpt-runs/parallel_runs/20260612_4pattern_a18_cifar10_e5_p3500_c1200_s100_l40s_excl_full_full_reward_seed42/grpo_backbone_outputs_trainer/checkpoint-75/adapter_model.safetensors	319876032	local_disk_insufficient_for_full_checkpoint_set
julia2	/data/42-julia-hpc-ai-cv-students/s471802/nn-gpt-runs/parallel_runs/20260612_4pattern_a18_cifar10_e5_p3500_c1200_s100_l40s_excl_full_full_reward_seed42/grpo_backbone_outputs_trainer/checkpoint-50/optimizer.pt	640016419	local_disk_insufficient_for_full_checkpoint_set
julia2	/data/42-julia-hpc-ai-cv-students/s471802/nn-gpt-runs/parallel_runs/20260612_4pattern_a18_cifar10_e5_p3500_c1200_s100_l40s_excl_full_full_reward_seed42/grpo_backbone_outputs_trainer/checkpoint-50/rng_state.pth	15407	local_disk_insufficient_for_full_checkpoint_set
julia2	/data/42-julia-hpc-ai-cv-students/s471802/nn-gpt-runs/parallel_runs/20260612_4pattern_a18_cifar10_e5_p3500_c1200_s100_l40s_excl_full_full_reward_seed42/grpo_backbone_outputs_trainer/checkpoint-50/scheduler.pt	1465	local_disk_insufficient_for_full_checkpoint_set
julia2	/data/42-julia-hpc-ai-cv-students/s471802/nn-gpt-runs/parallel_runs/20260612_4pattern_a18_cifar10_e5_p3500_c1200_s100_l40s_excl_full_full_reward_seed42/grpo_backbone_outputs_trainer/checkpoint-50/scaler.pt	1383	local_disk_insufficient_for_full_checkpoint_set
julia2	/data/42-julia-hpc-ai-cv-students/s471802/nn-gpt-runs/parallel_runs/20260612_4pattern_a18_cifar10_e5_p3500_c1200_s100_l40s_excl_full_full_reward_seed42/grpo_backbone_outputs_trainer/checkpoint-50/adapter_model.safetensors	319876032	local_disk_insufficient_for_full_checkpoint_set
julia2	/data/42-julia-hpc-ai-cv-students/s471802/nn-gpt-runs/parallel_runs/20260612_4pattern_a18_cifar10_e5_p3500_c1200_s100_l40s_excl_full_full_reward_seed42/grpo_backbone_outputs_trainer/checkpoint-100/optimizer.pt	640016419	local_disk_insufficient_for_full_checkpoint_set
julia2	/data/42-julia-hpc-ai-cv-students/s471802/nn-gpt-runs/parallel_runs/20260612_4pattern_a18_cifar10_e5_p3500_c1200_s100_l40s_excl_full_full_reward_seed42/grpo_backbone_outputs_trainer/checkpoint-100/rng_state.pth	15407	local_disk_insufficient_for_full_checkpoint_set
julia2	/data/42-julia-hpc-ai-cv-students/s471802/nn-gpt-runs/parallel_runs/20260612_4pattern_a18_cifar10_e5_p3500_c1200_s100_l40s_excl_full_full_reward_seed42/grpo_backbone_outputs_trainer/checkpoint-100/scheduler.pt	1465	local_disk_insufficient_for_full_checkpoint_set
julia2	/data/42-julia-hpc-ai-cv-students/s471802/nn-gpt-runs/parallel_runs/20260612_4pattern_a18_cifar10_e5_p3500_c1200_s100_l40s_excl_full_full_reward_seed42/grpo_backbone_outputs_trainer/checkpoint-100/scaler.pt	1383	local_disk_insufficient_for_full_checkpoint_set
julia2	/data/42-julia-hpc-ai-cv-students/s471802/nn-gpt-runs/parallel_runs/20260612_4pattern_a18_cifar10_e5_p3500_c1200_s100_l40s_excl_full_full_reward_seed42/grpo_backbone_outputs_trainer/checkpoint-100/adapter_model.safetensors	319876032	local_disk_insufficient_for_full_checkpoint_set
julia2	/data/42-julia-hpc-ai-cv-students/s471802/nn-gpt-runs/parallel_runs/20260612_4pattern_a18_cifar10_e5_p3500_c1200_s100_l40s_excl_full_full_reward_seed42/grpo_backbone_outputs_trainer/checkpoint-25/optimizer.pt	640016419	local_disk_insufficient_for_full_checkpoint_set
julia2	/data/42-julia-hpc-ai-cv-students/s471802/nn-gpt-runs/parallel_runs/20260612_4pattern_a18_cifar10_e5_p3500_c1200_s100_l40s_excl_full_full_reward_seed42/grpo_backbone_outputs_trainer/checkpoint-25/rng_state.pth	15407	local_disk_insufficient_for_full_checkpoint_set
julia2	/data/42-julia-hpc-ai-cv-students/s471802/nn-gpt-runs/parallel_runs/20260612_4pattern_a18_cifar10_e5_p3500_c1200_s100_l40s_excl_full_full_reward_seed42/grpo_backbone_outputs_trainer/checkpoint-25/scheduler.pt	1465	local_disk_insufficient_for_full_checkpoint_set
julia2	/data/42-julia-hpc-ai-cv-students/s471802/nn-gpt-runs/parallel_runs/20260612_4pattern_a18_cifar10_e5_p3500_c1200_s100_l40s_excl_full_full_reward_seed42/grpo_backbone_outputs_trainer/checkpoint-25/scaler.pt	1383	local_disk_insufficient_for_full_checkpoint_set
julia2	/data/42-julia-hpc-ai-cv-students/s471802/nn-gpt-runs/parallel_runs/20260612_4pattern_a18_cifar10_e5_p3500_c1200_s100_l40s_excl_full_full_reward_seed42/grpo_backbone_outputs_trainer/checkpoint-25/adapter_model.safetensors	319876032	local_disk_insufficient_for_full_checkpoint_set
julia2	/data/42-julia-hpc-ai-cv-students/s471802/nn-gpt-runs/parallel_runs/20260618_1pattern_a9_cifar10_e5_p3500_c1200_s100_h100x4_shared_full_full_reward_seed777/grpo_backbone_outputs/checkpoints/stage2_formal_explore/adapter/adapter_model.safetensors	319876032	local_disk_insufficient_for_full_checkpoint_set
julia2	/data/42-julia-hpc-ai-cv-students/s471802/nn-gpt-runs/parallel_runs/20260618_1pattern_a9_cifar10_e5_p3500_c1200_s100_h100x4_shared_full_full_reward_seed777/grpo_backbone_outputs_trainer/checkpoint-75/optimizer.pt	640016419	local_disk_insufficient_for_full_checkpoint_set
julia2	/data/42-julia-hpc-ai-cv-students/s471802/nn-gpt-runs/parallel_runs/20260618_1pattern_a9_cifar10_e5_p3500_c1200_s100_h100x4_shared_full_full_reward_seed777/grpo_backbone_outputs_trainer/checkpoint-75/rng_state.pth	15407	local_disk_insufficient_for_full_checkpoint_set
julia2	/data/42-julia-hpc-ai-cv-students/s471802/nn-gpt-runs/parallel_runs/20260618_1pattern_a9_cifar10_e5_p3500_c1200_s100_h100x4_shared_full_full_reward_seed777/grpo_backbone_outputs_trainer/checkpoint-75/scheduler.pt	1465	local_disk_insufficient_for_full_checkpoint_set
julia2	/data/42-julia-hpc-ai-cv-students/s471802/nn-gpt-runs/parallel_runs/20260618_1pattern_a9_cifar10_e5_p3500_c1200_s100_h100x4_shared_full_full_reward_seed777/grpo_backbone_outputs_trainer/checkpoint-75/scaler.pt	1383	local_disk_insufficient_for_full_checkpoint_set
julia2	/data/42-julia-hpc-ai-cv-students/s471802/nn-gpt-runs/parallel_runs/20260618_1pattern_a9_cifar10_e5_p3500_c1200_s100_h100x4_shared_full_full_reward_seed777/grpo_backbone_outputs_trainer/checkpoint-75/adapter_model.safetensors	319876032	local_disk_insufficient_for_full_checkpoint_set
julia2	/data/42-julia-hpc-ai-cv-students/s471802/nn-gpt-runs/parallel_runs/20260618_1pattern_a9_cifar10_e5_p3500_c1200_s100_h100x4_shared_full_full_reward_seed777/grpo_backbone_outputs_trainer/checkpoint-50/optimizer.pt	640016419	local_disk_insufficient_for_full_checkpoint_set
julia2	/data/42-julia-hpc-ai-cv-students/s471802/nn-gpt-runs/parallel_runs/20260618_1pattern_a9_cifar10_e5_p3500_c1200_s100_h100x4_shared_full_full_reward_seed777/grpo_backbone_outputs_trainer/checkpoint-50/rng_state.pth	15407	local_disk_insufficient_for_full_checkpoint_set
julia2	/data/42-julia-hpc-ai-cv-students/s471802/nn-gpt-runs/parallel_runs/20260618_1pattern_a9_cifar10_e5_p3500_c1200_s100_h100x4_shared_full_full_reward_seed777/grpo_backbone_outputs_trainer/checkpoint-50/scheduler.pt	1465	local_disk_insufficient_for_full_checkpoint_set
julia2	/data/42-julia-hpc-ai-cv-students/s471802/nn-gpt-runs/parallel_runs/20260618_1pattern_a9_cifar10_e5_p3500_c1200_s100_h100x4_shared_full_full_reward_seed777/grpo_backbone_outputs_trainer/checkpoint-50/scaler.pt	1383	local_disk_insufficient_for_full_checkpoint_set
julia2	/data/42-julia-hpc-ai-cv-students/s471802/nn-gpt-runs/parallel_runs/20260618_1pattern_a9_cifar10_e5_p3500_c1200_s100_h100x4_shared_full_full_reward_seed777/grpo_backbone_outputs_trainer/checkpoint-50/adapter_model.safetensors	319876032	local_disk_insufficient_for_full_checkpoint_set
julia2	/data/42-julia-hpc-ai-cv-students/s471802/nn-gpt-runs/parallel_runs/20260618_1pattern_a9_cifar10_e5_p3500_c1200_s100_h100x4_shared_full_full_reward_seed777/grpo_backbone_outputs_trainer/checkpoint-100/optimizer.pt	640016419	local_disk_insufficient_for_full_checkpoint_set
julia2	/data/42-julia-hpc-ai-cv-students/s471802/nn-gpt-runs/parallel_runs/20260618_1pattern_a9_cifar10_e5_p3500_c1200_s100_h100x4_shared_full_full_reward_seed777/grpo_backbone_outputs_trainer/checkpoint-100/rng_state.pth	15407	local_disk_insufficient_for_full_checkpoint_set
julia2	/data/42-julia-hpc-ai-cv-students/s471802/nn-gpt-runs/parallel_runs/20260618_1pattern_a9_cifar10_e5_p3500_c1200_s100_h100x4_shared_full_full_reward_seed777/grpo_backbone_outputs_trainer/checkpoint-100/scheduler.pt	1465	local_disk_insufficient_for_full_checkpoint_set
julia2	/data/42-julia-hpc-ai-cv-students/s471802/nn-gpt-runs/parallel_runs/20260618_1pattern_a9_cifar10_e5_p3500_c1200_s100_h100x4_shared_full_full_reward_seed777/grpo_backbone_outputs_trainer/checkpoint-100/scaler.pt	1383	local_disk_insufficient_for_full_checkpoint_set
julia2	/data/42-julia-hpc-ai-cv-students/s471802/nn-gpt-runs/parallel_runs/20260618_1pattern_a9_cifar10_e5_p3500_c1200_s100_h100x4_shared_full_full_reward_seed777/grpo_backbone_outputs_trainer/checkpoint-100/adapter_model.safetensors	319876032	local_disk_insufficient_for_full_checkpoint_set
julia2	/data/42-julia-hpc-ai-cv-students/s471802/nn-gpt-runs/parallel_runs/20260618_1pattern_a9_cifar10_e5_p3500_c1200_s100_h100x4_shared_full_full_reward_seed777/grpo_backbone_outputs_trainer/checkpoint-25/optimizer.pt	640016419	local_disk_insufficient_for_full_checkpoint_set
julia2	/data/42-julia-hpc-ai-cv-students/s471802/nn-gpt-runs/parallel_runs/20260618_1pattern_a9_cifar10_e5_p3500_c1200_s100_h100x4_shared_full_full_reward_seed777/grpo_backbone_outputs_trainer/checkpoint-25/rng_state.pth	15407	local_disk_insufficient_for_full_checkpoint_set
julia2	/data/42-julia-hpc-ai-cv-students/s471802/nn-gpt-runs/parallel_runs/20260618_1pattern_a9_cifar10_e5_p3500_c1200_s100_h100x4_shared_full_full_reward_seed777/grpo_backbone_outputs_trainer/checkpoint-25/scheduler.pt	1465	local_disk_insufficient_for_full_checkpoint_set
julia2	/data/42-julia-hpc-ai-cv-students/s471802/nn-gpt-runs/parallel_runs/20260618_1pattern_a9_cifar10_e5_p3500_c1200_s100_h100x4_shared_full_full_reward_seed777/grpo_backbone_outputs_trainer/checkpoint-25/scaler.pt	1383	local_disk_insufficient_for_full_checkpoint_set
julia2	/data/42-julia-hpc-ai-cv-students/s471802/nn-gpt-runs/parallel_runs/20260618_1pattern_a9_cifar10_e5_p3500_c1200_s100_h100x4_shared_full_full_reward_seed777/grpo_backbone_outputs_trainer/checkpoint-25/adapter_model.safetensors	319876032	local_disk_insufficient_for_full_checkpoint_set
julia2	/data/42-julia-hpc-ai-cv-students/s471802/nn-gpt-runs/parallel_runs/20260723_1pattern_a9_cifar100_e5_p3500_c1200_s100_h100x4_shared_full_reward_seed777/grpo_backbone_outputs/checkpoints/stage2_formal_explore/adapter/adapter_model.safetensors	319876032	local_disk_insufficient_for_full_checkpoint_set
julia2	/data/42-julia-hpc-ai-cv-students/s471802/nn-gpt-runs/parallel_runs/20260723_1pattern_a9_cifar100_e5_p3500_c1200_s100_h100x4_shared_full_reward_seed777/grpo_backbone_outputs_trainer/checkpoint-75/optimizer.pt	640016419	local_disk_insufficient_for_full_checkpoint_set
julia2	/data/42-julia-hpc-ai-cv-students/s471802/nn-gpt-runs/parallel_runs/20260723_1pattern_a9_cifar100_e5_p3500_c1200_s100_h100x4_shared_full_reward_seed777/grpo_backbone_outputs_trainer/checkpoint-75/rng_state.pth	15407	local_disk_insufficient_for_full_checkpoint_set
julia2	/data/42-julia-hpc-ai-cv-students/s471802/nn-gpt-runs/parallel_runs/20260723_1pattern_a9_cifar100_e5_p3500_c1200_s100_h100x4_shared_full_reward_seed777/grpo_backbone_outputs_trainer/checkpoint-75/scheduler.pt	1465	local_disk_insufficient_for_full_checkpoint_set
julia2	/data/42-julia-hpc-ai-cv-students/s471802/nn-gpt-runs/parallel_runs/20260723_1pattern_a9_cifar100_e5_p3500_c1200_s100_h100x4_shared_full_reward_seed777/grpo_backbone_outputs_trainer/checkpoint-75/scaler.pt	1383	local_disk_insufficient_for_full_checkpoint_set
julia2	/data/42-julia-hpc-ai-cv-students/s471802/nn-gpt-runs/parallel_runs/20260723_1pattern_a9_cifar100_e5_p3500_c1200_s100_h100x4_shared_full_reward_seed777/grpo_backbone_outputs_trainer/checkpoint-75/adapter_model.safetensors	319876032	local_disk_insufficient_for_full_checkpoint_set
julia2	/data/42-julia-hpc-ai-cv-students/s471802/nn-gpt-runs/parallel_runs/20260723_1pattern_a9_cifar100_e5_p3500_c1200_s100_h100x4_shared_full_reward_seed777/grpo_backbone_outputs_trainer/checkpoint-50/optimizer.pt	640016419	local_disk_insufficient_for_full_checkpoint_set
julia2	/data/42-julia-hpc-ai-cv-students/s471802/nn-gpt-runs/parallel_runs/20260723_1pattern_a9_cifar100_e5_p3500_c1200_s100_h100x4_shared_full_reward_seed777/grpo_backbone_outputs_trainer/checkpoint-50/rng_state.pth	15407	local_disk_insufficient_for_full_checkpoint_set
julia2	/data/42-julia-hpc-ai-cv-students/s471802/nn-gpt-runs/parallel_runs/20260723_1pattern_a9_cifar100_e5_p3500_c1200_s100_h100x4_shared_full_reward_seed777/grpo_backbone_outputs_trainer/checkpoint-50/scheduler.pt	1465	local_disk_insufficient_for_full_checkpoint_set
julia2	/data/42-julia-hpc-ai-cv-students/s471802/nn-gpt-runs/parallel_runs/20260723_1pattern_a9_cifar100_e5_p3500_c1200_s100_h100x4_shared_full_reward_seed777/grpo_backbone_outputs_trainer/checkpoint-50/scaler.pt	1383	local_disk_insufficient_for_full_checkpoint_set
julia2	/data/42-julia-hpc-ai-cv-students/s471802/nn-gpt-runs/parallel_runs/20260723_1pattern_a9_cifar100_e5_p3500_c1200_s100_h100x4_shared_full_reward_seed777/grpo_backbone_outputs_trainer/checkpoint-50/adapter_model.safetensors	319876032	local_disk_insufficient_for_full_checkpoint_set
julia2	/data/42-julia-hpc-ai-cv-students/s471802/nn-gpt-runs/parallel_runs/20260723_1pattern_a9_cifar100_e5_p3500_c1200_s100_h100x4_shared_full_reward_seed777/grpo_backbone_outputs_trainer/checkpoint-100/optimizer.pt	640016419	local_disk_insufficient_for_full_checkpoint_set
julia2	/data/42-julia-hpc-ai-cv-students/s471802/nn-gpt-runs/parallel_runs/20260723_1pattern_a9_cifar100_e5_p3500_c1200_s100_h100x4_shared_full_reward_seed777/grpo_backbone_outputs_trainer/checkpoint-100/rng_state.pth	15407	local_disk_insufficient_for_full_checkpoint_set
julia2	/data/42-julia-hpc-ai-cv-students/s471802/nn-gpt-runs/parallel_runs/20260723_1pattern_a9_cifar100_e5_p3500_c1200_s100_h100x4_shared_full_reward_seed777/grpo_backbone_outputs_trainer/checkpoint-100/scheduler.pt	1465	local_disk_insufficient_for_full_checkpoint_set
julia2	/data/42-julia-hpc-ai-cv-students/s471802/nn-gpt-runs/parallel_runs/20260723_1pattern_a9_cifar100_e5_p3500_c1200_s100_h100x4_shared_full_reward_seed777/grpo_backbone_outputs_trainer/checkpoint-100/scaler.pt	1383	local_disk_insufficient_for_full_checkpoint_set
julia2	/data/42-julia-hpc-ai-cv-students/s471802/nn-gpt-runs/parallel_runs/20260723_1pattern_a9_cifar100_e5_p3500_c1200_s100_h100x4_shared_full_reward_seed777/grpo_backbone_outputs_trainer/checkpoint-100/adapter_model.safetensors	319876032	local_disk_insufficient_for_full_checkpoint_set
julia2	/data/42-julia-hpc-ai-cv-students/s471802/nn-gpt-runs/parallel_runs/20260723_1pattern_a9_cifar100_e5_p3500_c1200_s100_h100x4_shared_full_reward_seed777/grpo_backbone_outputs_trainer/checkpoint-25/optimizer.pt	640016419	local_disk_insufficient_for_full_checkpoint_set
julia2	/data/42-julia-hpc-ai-cv-students/s471802/nn-gpt-runs/parallel_runs/20260723_1pattern_a9_cifar100_e5_p3500_c1200_s100_h100x4_shared_full_reward_seed777/grpo_backbone_outputs_trainer/checkpoint-25/rng_state.pth	15407	local_disk_insufficient_for_full_checkpoint_set
julia2	/data/42-julia-hpc-ai-cv-students/s471802/nn-gpt-runs/parallel_runs/20260723_1pattern_a9_cifar100_e5_p3500_c1200_s100_h100x4_shared_full_reward_seed777/grpo_backbone_outputs_trainer/checkpoint-25/scheduler.pt	1465	local_disk_insufficient_for_full_checkpoint_set
julia2	/data/42-julia-hpc-ai-cv-students/s471802/nn-gpt-runs/parallel_runs/20260723_1pattern_a9_cifar100_e5_p3500_c1200_s100_h100x4_shared_full_reward_seed777/grpo_backbone_outputs_trainer/checkpoint-25/scaler.pt	1383	local_disk_insufficient_for_full_checkpoint_set
julia2	/data/42-julia-hpc-ai-cv-students/s471802/nn-gpt-runs/parallel_runs/20260723_1pattern_a9_cifar100_e5_p3500_c1200_s100_h100x4_shared_full_reward_seed777/grpo_backbone_outputs_trainer/checkpoint-25/adapter_model.safetensors	319876032	local_disk_insufficient_for_full_checkpoint_set
julia2	/data/42-julia-hpc-ai-cv-students/s471802/nn-gpt-runs/parallel_runs/20260612_4pattern_a18_cifar10_e5_p3500_c1200_s100_l40s_excl_full_full_reward_seed777/grpo_backbone_outputs/checkpoints/stage2_formal_explore/adapter/adapter_model.safetensors	319876032	local_disk_insufficient_for_full_checkpoint_set
julia2	/data/42-julia-hpc-ai-cv-students/s471802/nn-gpt-runs/parallel_runs/20260612_4pattern_a18_cifar10_e5_p3500_c1200_s100_l40s_excl_full_full_reward_seed777/grpo_backbone_outputs_trainer/checkpoint-75/optimizer.pt	640016419	local_disk_insufficient_for_full_checkpoint_set
julia2	/data/42-julia-hpc-ai-cv-students/s471802/nn-gpt-runs/parallel_runs/20260612_4pattern_a18_cifar10_e5_p3500_c1200_s100_l40s_excl_full_full_reward_seed777/grpo_backbone_outputs_trainer/checkpoint-75/rng_state.pth	15407	local_disk_insufficient_for_full_checkpoint_set
julia2	/data/42-julia-hpc-ai-cv-students/s471802/nn-gpt-runs/parallel_runs/20260612_4pattern_a18_cifar10_e5_p3500_c1200_s100_l40s_excl_full_full_reward_seed777/grpo_backbone_outputs_trainer/checkpoint-75/scheduler.pt	1465	local_disk_insufficient_for_full_checkpoint_set
julia2	/data/42-julia-hpc-ai-cv-students/s471802/nn-gpt-runs/parallel_runs/20260612_4pattern_a18_cifar10_e5_p3500_c1200_s100_l40s_excl_full_full_reward_seed777/grpo_backbone_outputs_trainer/checkpoint-75/scaler.pt	1383	local_disk_insufficient_for_full_checkpoint_set
julia2	/data/42-julia-hpc-ai-cv-students/s471802/nn-gpt-runs/parallel_runs/20260612_4pattern_a18_cifar10_e5_p3500_c1200_s100_l40s_excl_full_full_reward_seed777/grpo_backbone_outputs_trainer/checkpoint-75/adapter_model.safetensors	319876032	local_disk_insufficient_for_full_checkpoint_set
julia2	/data/42-julia-hpc-ai-cv-students/s471802/nn-gpt-runs/parallel_runs/20260612_4pattern_a18_cifar10_e5_p3500_c1200_s100_l40s_excl_full_full_reward_seed777/grpo_backbone_outputs_trainer/checkpoint-50/optimizer.pt	640016419	local_disk_insufficient_for_full_checkpoint_set
julia2	/data/42-julia-hpc-ai-cv-students/s471802/nn-gpt-runs/parallel_runs/20260612_4pattern_a18_cifar10_e5_p3500_c1200_s100_l40s_excl_full_full_reward_seed777/grpo_backbone_outputs_trainer/checkpoint-50/rng_state.pth	15407	local_disk_insufficient_for_full_checkpoint_set
julia2	/data/42-julia-hpc-ai-cv-students/s471802/nn-gpt-runs/parallel_runs/20260612_4pattern_a18_cifar10_e5_p3500_c1200_s100_l40s_excl_full_full_reward_seed777/grpo_backbone_outputs_trainer/checkpoint-50/scheduler.pt	1465	local_disk_insufficient_for_full_checkpoint_set
julia2	/data/42-julia-hpc-ai-cv-students/s471802/nn-gpt-runs/parallel_runs/20260612_4pattern_a18_cifar10_e5_p3500_c1200_s100_l40s_excl_full_full_reward_seed777/grpo_backbone_outputs_trainer/checkpoint-50/scaler.pt	1383	local_disk_insufficient_for_full_checkpoint_set
julia2	/data/42-julia-hpc-ai-cv-students/s471802/nn-gpt-runs/parallel_runs/20260612_4pattern_a18_cifar10_e5_p3500_c1200_s100_l40s_excl_full_full_reward_seed777/grpo_backbone_outputs_trainer/checkpoint-50/adapter_model.safetensors	319876032	local_disk_insufficient_for_full_checkpoint_set
julia2	/data/42-julia-hpc-ai-cv-students/s471802/nn-gpt-runs/parallel_runs/20260612_4pattern_a18_cifar10_e5_p3500_c1200_s100_l40s_excl_full_full_reward_seed777/grpo_backbone_outputs_trainer/checkpoint-100/optimizer.pt	640016419	local_disk_insufficient_for_full_checkpoint_set
julia2	/data/42-julia-hpc-ai-cv-students/s471802/nn-gpt-runs/parallel_runs/20260612_4pattern_a18_cifar10_e5_p3500_c1200_s100_l40s_excl_full_full_reward_seed777/grpo_backbone_outputs_trainer/checkpoint-100/rng_state.pth	15407	local_disk_insufficient_for_full_checkpoint_set
julia2	/data/42-julia-hpc-ai-cv-students/s471802/nn-gpt-runs/parallel_runs/20260612_4pattern_a18_cifar10_e5_p3500_c1200_s100_l40s_excl_full_full_reward_seed777/grpo_backbone_outputs_trainer/checkpoint-100/scheduler.pt	1465	local_disk_insufficient_for_full_checkpoint_set
julia2	/data/42-julia-hpc-ai-cv-students/s471802/nn-gpt-runs/parallel_runs/20260612_4pattern_a18_cifar10_e5_p3500_c1200_s100_l40s_excl_full_full_reward_seed777/grpo_backbone_outputs_trainer/checkpoint-100/scaler.pt	1383	local_disk_insufficient_for_full_checkpoint_set
julia2	/data/42-julia-hpc-ai-cv-students/s471802/nn-gpt-runs/parallel_runs/20260612_4pattern_a18_cifar10_e5_p3500_c1200_s100_l40s_excl_full_full_reward_seed777/grpo_backbone_outputs_trainer/checkpoint-100/adapter_model.safetensors	319876032	local_disk_insufficient_for_full_checkpoint_set
julia2	/data/42-julia-hpc-ai-cv-students/s471802/nn-gpt-runs/parallel_runs/20260612_4pattern_a18_cifar10_e5_p3500_c1200_s100_l40s_excl_full_full_reward_seed777/grpo_backbone_outputs_trainer/checkpoint-25/optimizer.pt	640016419	local_disk_insufficient_for_full_checkpoint_set
julia2	/data/42-julia-hpc-ai-cv-students/s471802/nn-gpt-runs/parallel_runs/20260612_4pattern_a18_cifar10_e5_p3500_c1200_s100_l40s_excl_full_full_reward_seed777/grpo_backbone_outputs_trainer/checkpoint-25/rng_state.pth	15407	local_disk_insufficient_for_full_checkpoint_set
julia2	/data/42-julia-hpc-ai-cv-students/s471802/nn-gpt-runs/parallel_runs/20260612_4pattern_a18_cifar10_e5_p3500_c1200_s100_l40s_excl_full_full_reward_seed777/grpo_backbone_outputs_trainer/checkpoint-25/scheduler.pt	1465	local_disk_insufficient_for_full_checkpoint_set
julia2	/data/42-julia-hpc-ai-cv-students/s471802/nn-gpt-runs/parallel_runs/20260612_4pattern_a18_cifar10_e5_p3500_c1200_s100_l40s_excl_full_full_reward_seed777/grpo_backbone_outputs_trainer/checkpoint-25/scaler.pt	1383	local_disk_insufficient_for_full_checkpoint_set
julia2	/data/42-julia-hpc-ai-cv-students/s471802/nn-gpt-runs/parallel_runs/20260612_4pattern_a18_cifar10_e5_p3500_c1200_s100_l40s_excl_full_full_reward_seed777/grpo_backbone_outputs_trainer/checkpoint-25/adapter_model.safetensors	319876032	local_disk_insufficient_for_full_checkpoint_set
julia2	/data/42-julia-hpc-ai-cv-students/s471802/nn-gpt-runs/parallel_runs/20260726_4pattern_a18_cifar100_e5_p3500_c1200_s100_h100x4_shared_full_reward_seed42/grpo_backbone_outputs/checkpoints/stage2_formal_explore/adapter/adapter_model.safetensors	319876032	local_disk_insufficient_for_full_checkpoint_set
julia2	/data/42-julia-hpc-ai-cv-students/s471802/nn-gpt-runs/parallel_runs/20260726_4pattern_a18_cifar100_e5_p3500_c1200_s100_h100x4_shared_full_reward_seed42/grpo_backbone_outputs_trainer/checkpoint-75/optimizer.pt	640016419	local_disk_insufficient_for_full_checkpoint_set
julia2	/data/42-julia-hpc-ai-cv-students/s471802/nn-gpt-runs/parallel_runs/20260726_4pattern_a18_cifar100_e5_p3500_c1200_s100_h100x4_shared_full_reward_seed42/grpo_backbone_outputs_trainer/checkpoint-75/rng_state.pth	15407	local_disk_insufficient_for_full_checkpoint_set
julia2	/data/42-julia-hpc-ai-cv-students/s471802/nn-gpt-runs/parallel_runs/20260726_4pattern_a18_cifar100_e5_p3500_c1200_s100_h100x4_shared_full_reward_seed42/grpo_backbone_outputs_trainer/checkpoint-75/scheduler.pt	1465	local_disk_insufficient_for_full_checkpoint_set
julia2	/data/42-julia-hpc-ai-cv-students/s471802/nn-gpt-runs/parallel_runs/20260726_4pattern_a18_cifar100_e5_p3500_c1200_s100_h100x4_shared_full_reward_seed42/grpo_backbone_outputs_trainer/checkpoint-75/scaler.pt	1383	local_disk_insufficient_for_full_checkpoint_set
julia2	/data/42-julia-hpc-ai-cv-students/s471802/nn-gpt-runs/parallel_runs/20260726_4pattern_a18_cifar100_e5_p3500_c1200_s100_h100x4_shared_full_reward_seed42/grpo_backbone_outputs_trainer/checkpoint-75/adapter_model.safetensors	319876032	local_disk_insufficient_for_full_checkpoint_set
julia2	/data/42-julia-hpc-ai-cv-students/s471802/nn-gpt-runs/parallel_runs/20260726_4pattern_a18_cifar100_e5_p3500_c1200_s100_h100x4_shared_full_reward_seed42/grpo_backbone_outputs_trainer/checkpoint-50/optimizer.pt	640016419	local_disk_insufficient_for_full_checkpoint_set
julia2	/data/42-julia-hpc-ai-cv-students/s471802/nn-gpt-runs/parallel_runs/20260726_4pattern_a18_cifar100_e5_p3500_c1200_s100_h100x4_shared_full_reward_seed42/grpo_backbone_outputs_trainer/checkpoint-50/rng_state.pth	15407	local_disk_insufficient_for_full_checkpoint_set
julia2	/data/42-julia-hpc-ai-cv-students/s471802/nn-gpt-runs/parallel_runs/20260726_4pattern_a18_cifar100_e5_p3500_c1200_s100_h100x4_shared_full_reward_seed42/grpo_backbone_outputs_trainer/checkpoint-50/scheduler.pt	1465	local_disk_insufficient_for_full_checkpoint_set
julia2	/data/42-julia-hpc-ai-cv-students/s471802/nn-gpt-runs/parallel_runs/20260726_4pattern_a18_cifar100_e5_p3500_c1200_s100_h100x4_shared_full_reward_seed42/grpo_backbone_outputs_trainer/checkpoint-50/scaler.pt	1383	local_disk_insufficient_for_full_checkpoint_set
julia2	/data/42-julia-hpc-ai-cv-students/s471802/nn-gpt-runs/parallel_runs/20260726_4pattern_a18_cifar100_e5_p3500_c1200_s100_h100x4_shared_full_reward_seed42/grpo_backbone_outputs_trainer/checkpoint-50/adapter_model.safetensors	319876032	local_disk_insufficient_for_full_checkpoint_set
julia2	/data/42-julia-hpc-ai-cv-students/s471802/nn-gpt-runs/parallel_runs/20260726_4pattern_a18_cifar100_e5_p3500_c1200_s100_h100x4_shared_full_reward_seed42/grpo_backbone_outputs_trainer/checkpoint-25/optimizer.pt	640016419	local_disk_insufficient_for_full_checkpoint_set
julia2	/data/42-julia-hpc-ai-cv-students/s471802/nn-gpt-runs/parallel_runs/20260726_4pattern_a18_cifar100_e5_p3500_c1200_s100_h100x4_shared_full_reward_seed42/grpo_backbone_outputs_trainer/checkpoint-25/rng_state.pth	15407	local_disk_insufficient_for_full_checkpoint_set
julia2	/data/42-julia-hpc-ai-cv-students/s471802/nn-gpt-runs/parallel_runs/20260726_4pattern_a18_cifar100_e5_p3500_c1200_s100_h100x4_shared_full_reward_seed42/grpo_backbone_outputs_trainer/checkpoint-25/scheduler.pt	1465	local_disk_insufficient_for_full_checkpoint_set
julia2	/data/42-julia-hpc-ai-cv-students/s471802/nn-gpt-runs/parallel_runs/20260726_4pattern_a18_cifar100_e5_p3500_c1200_s100_h100x4_shared_full_reward_seed42/grpo_backbone_outputs_trainer/checkpoint-25/scaler.pt	1383	local_disk_insufficient_for_full_checkpoint_set
julia2	/data/42-julia-hpc-ai-cv-students/s471802/nn-gpt-runs/parallel_runs/20260726_4pattern_a18_cifar100_e5_p3500_c1200_s100_h100x4_shared_full_reward_seed42/grpo_backbone_outputs_trainer/checkpoint-25/adapter_model.safetensors	319876032	local_disk_insufficient_for_full_checkpoint_set
julia2	/data/42-julia-hpc-ai-cv-students/s471802/nn-gpt-runs/parallel_runs/20260627_1pattern_a9_cifar10_e5_p3500_c1200_s100_h100x4_shared_full_full_reward_seed114/grpo_backbone_outputs/checkpoints/stage2_formal_explore/adapter/adapter_model.safetensors	319876032	local_disk_insufficient_for_full_checkpoint_set
julia2	/data/42-julia-hpc-ai-cv-students/s471802/nn-gpt-runs/parallel_runs/20260627_1pattern_a9_cifar10_e5_p3500_c1200_s100_h100x4_shared_full_full_reward_seed114/grpo_backbone_outputs_trainer/checkpoint-90/optimizer.pt	640016419	local_disk_insufficient_for_full_checkpoint_set
julia2	/data/42-julia-hpc-ai-cv-students/s471802/nn-gpt-runs/parallel_runs/20260627_1pattern_a9_cifar10_e5_p3500_c1200_s100_h100x4_shared_full_full_reward_seed114/grpo_backbone_outputs_trainer/checkpoint-90/rng_state.pth	15343	local_disk_insufficient_for_full_checkpoint_set
julia2	/data/42-julia-hpc-ai-cv-students/s471802/nn-gpt-runs/parallel_runs/20260627_1pattern_a9_cifar10_e5_p3500_c1200_s100_h100x4_shared_full_full_reward_seed114/grpo_backbone_outputs_trainer/checkpoint-90/scheduler.pt	1465	local_disk_insufficient_for_full_checkpoint_set
julia2	/data/42-julia-hpc-ai-cv-students/s471802/nn-gpt-runs/parallel_runs/20260627_1pattern_a9_cifar10_e5_p3500_c1200_s100_h100x4_shared_full_full_reward_seed114/grpo_backbone_outputs_trainer/checkpoint-90/scaler.pt	1383	local_disk_insufficient_for_full_checkpoint_set
julia2	/data/42-julia-hpc-ai-cv-students/s471802/nn-gpt-runs/parallel_runs/20260627_1pattern_a9_cifar10_e5_p3500_c1200_s100_h100x4_shared_full_full_reward_seed114/grpo_backbone_outputs_trainer/checkpoint-90/adapter_model.safetensors	319876032	local_disk_insufficient_for_full_checkpoint_set
julia2	/data/42-julia-hpc-ai-cv-students/s471802/nn-gpt-runs/parallel_runs/20260627_1pattern_a9_cifar10_e5_p3500_c1200_s100_h100x4_shared_full_full_reward_seed114/grpo_backbone_outputs_trainer/checkpoint-95/optimizer.pt	640016419	local_disk_insufficient_for_full_checkpoint_set
julia2	/data/42-julia-hpc-ai-cv-students/s471802/nn-gpt-runs/parallel_runs/20260627_1pattern_a9_cifar10_e5_p3500_c1200_s100_h100x4_shared_full_full_reward_seed114/grpo_backbone_outputs_trainer/checkpoint-95/rng_state.pth	15343	local_disk_insufficient_for_full_checkpoint_set
julia2	/data/42-julia-hpc-ai-cv-students/s471802/nn-gpt-runs/parallel_runs/20260627_1pattern_a9_cifar10_e5_p3500_c1200_s100_h100x4_shared_full_full_reward_seed114/grpo_backbone_outputs_trainer/checkpoint-95/scheduler.pt	1465	local_disk_insufficient_for_full_checkpoint_set
julia2	/data/42-julia-hpc-ai-cv-students/s471802/nn-gpt-runs/parallel_runs/20260627_1pattern_a9_cifar10_e5_p3500_c1200_s100_h100x4_shared_full_full_reward_seed114/grpo_backbone_outputs_trainer/checkpoint-95/scaler.pt	1383	local_disk_insufficient_for_full_checkpoint_set
julia2	/data/42-julia-hpc-ai-cv-students/s471802/nn-gpt-runs/parallel_runs/20260627_1pattern_a9_cifar10_e5_p3500_c1200_s100_h100x4_shared_full_full_reward_seed114/grpo_backbone_outputs_trainer/checkpoint-95/adapter_model.safetensors	319876032	local_disk_insufficient_for_full_checkpoint_set
julia2	/data/42-julia-hpc-ai-cv-students/s471802/nn-gpt-runs/parallel_runs/20260627_1pattern_a9_cifar10_e5_p3500_c1200_s100_h100x4_shared_full_full_reward_seed114/grpo_backbone_outputs_trainer/checkpoint-85/optimizer.pt	640016419	local_disk_insufficient_for_full_checkpoint_set
julia2	/data/42-julia-hpc-ai-cv-students/s471802/nn-gpt-runs/parallel_runs/20260627_1pattern_a9_cifar10_e5_p3500_c1200_s100_h100x4_shared_full_full_reward_seed114/grpo_backbone_outputs_trainer/checkpoint-85/rng_state.pth	15343	local_disk_insufficient_for_full_checkpoint_set
julia2	/data/42-julia-hpc-ai-cv-students/s471802/nn-gpt-runs/parallel_runs/20260627_1pattern_a9_cifar10_e5_p3500_c1200_s100_h100x4_shared_full_full_reward_seed114/grpo_backbone_outputs_trainer/checkpoint-85/scheduler.pt	1465	local_disk_insufficient_for_full_checkpoint_set
julia2	/data/42-julia-hpc-ai-cv-students/s471802/nn-gpt-runs/parallel_runs/20260627_1pattern_a9_cifar10_e5_p3500_c1200_s100_h100x4_shared_full_full_reward_seed114/grpo_backbone_outputs_trainer/checkpoint-85/scaler.pt	1383	local_disk_insufficient_for_full_checkpoint_set
julia2	/data/42-julia-hpc-ai-cv-students/s471802/nn-gpt-runs/parallel_runs/20260627_1pattern_a9_cifar10_e5_p3500_c1200_s100_h100x4_shared_full_full_reward_seed114/grpo_backbone_outputs_trainer/checkpoint-85/adapter_model.safetensors	319876032	local_disk_insufficient_for_full_checkpoint_set
julia2	/data/42-julia-hpc-ai-cv-students/s471802/nn-gpt-runs/parallel_runs/20260627_1pattern_a9_cifar10_e5_p3500_c1200_s100_h100x4_shared_full_full_reward_seed114/grpo_backbone_outputs_trainer/checkpoint-100/optimizer.pt	640016419	local_disk_insufficient_for_full_checkpoint_set
julia2	/data/42-julia-hpc-ai-cv-students/s471802/nn-gpt-runs/parallel_runs/20260627_1pattern_a9_cifar10_e5_p3500_c1200_s100_h100x4_shared_full_full_reward_seed114/grpo_backbone_outputs_trainer/checkpoint-100/rng_state.pth	15343	local_disk_insufficient_for_full_checkpoint_set
julia2	/data/42-julia-hpc-ai-cv-students/s471802/nn-gpt-runs/parallel_runs/20260627_1pattern_a9_cifar10_e5_p3500_c1200_s100_h100x4_shared_full_full_reward_seed114/grpo_backbone_outputs_trainer/checkpoint-100/scheduler.pt	1465	local_disk_insufficient_for_full_checkpoint_set
julia2	/data/42-julia-hpc-ai-cv-students/s471802/nn-gpt-runs/parallel_runs/20260627_1pattern_a9_cifar10_e5_p3500_c1200_s100_h100x4_shared_full_full_reward_seed114/grpo_backbone_outputs_trainer/checkpoint-100/scaler.pt	1383	local_disk_insufficient_for_full_checkpoint_set
julia2	/data/42-julia-hpc-ai-cv-students/s471802/nn-gpt-runs/parallel_runs/20260627_1pattern_a9_cifar10_e5_p3500_c1200_s100_h100x4_shared_full_full_reward_seed114/grpo_backbone_outputs_trainer/checkpoint-100/adapter_model.safetensors	319876032	local_disk_insufficient_for_full_checkpoint_set
julia2	/data/42-julia-hpc-ai-cv-students/s471802/nn-gpt-runs/parallel_runs/20260718_1pattern_a9_cifar100_e5_p3500_c1200_s100_h100x4_shared_full_reward_seed42/grpo_backbone_outputs/checkpoints/stage2_formal_explore/adapter/adapter_model.safetensors	319876032	local_disk_insufficient_for_full_checkpoint_set
julia2	/data/42-julia-hpc-ai-cv-students/s471802/nn-gpt-runs/parallel_runs/20260718_1pattern_a9_cifar100_e5_p3500_c1200_s100_h100x4_shared_full_reward_seed42/grpo_backbone_outputs_trainer/checkpoint-75/optimizer.pt	640016419	local_disk_insufficient_for_full_checkpoint_set
julia2	/data/42-julia-hpc-ai-cv-students/s471802/nn-gpt-runs/parallel_runs/20260718_1pattern_a9_cifar100_e5_p3500_c1200_s100_h100x4_shared_full_reward_seed42/grpo_backbone_outputs_trainer/checkpoint-75/rng_state.pth	15407	local_disk_insufficient_for_full_checkpoint_set
julia2	/data/42-julia-hpc-ai-cv-students/s471802/nn-gpt-runs/parallel_runs/20260718_1pattern_a9_cifar100_e5_p3500_c1200_s100_h100x4_shared_full_reward_seed42/grpo_backbone_outputs_trainer/checkpoint-75/scheduler.pt	1465	local_disk_insufficient_for_full_checkpoint_set
julia2	/data/42-julia-hpc-ai-cv-students/s471802/nn-gpt-runs/parallel_runs/20260718_1pattern_a9_cifar100_e5_p3500_c1200_s100_h100x4_shared_full_reward_seed42/grpo_backbone_outputs_trainer/checkpoint-75/scaler.pt	1383	local_disk_insufficient_for_full_checkpoint_set
julia2	/data/42-julia-hpc-ai-cv-students/s471802/nn-gpt-runs/parallel_runs/20260718_1pattern_a9_cifar100_e5_p3500_c1200_s100_h100x4_shared_full_reward_seed42/grpo_backbone_outputs_trainer/checkpoint-75/adapter_model.safetensors	319876032	local_disk_insufficient_for_full_checkpoint_set
julia2	/data/42-julia-hpc-ai-cv-students/s471802/nn-gpt-runs/parallel_runs/20260718_1pattern_a9_cifar100_e5_p3500_c1200_s100_h100x4_shared_full_reward_seed42/grpo_backbone_outputs_trainer/checkpoint-50/optimizer.pt	640016419	local_disk_insufficient_for_full_checkpoint_set
julia2	/data/42-julia-hpc-ai-cv-students/s471802/nn-gpt-runs/parallel_runs/20260718_1pattern_a9_cifar100_e5_p3500_c1200_s100_h100x4_shared_full_reward_seed42/grpo_backbone_outputs_trainer/checkpoint-50/rng_state.pth	15407	local_disk_insufficient_for_full_checkpoint_set
julia2	/data/42-julia-hpc-ai-cv-students/s471802/nn-gpt-runs/parallel_runs/20260718_1pattern_a9_cifar100_e5_p3500_c1200_s100_h100x4_shared_full_reward_seed42/grpo_backbone_outputs_trainer/checkpoint-50/scheduler.pt	1465	local_disk_insufficient_for_full_checkpoint_set
julia2	/data/42-julia-hpc-ai-cv-students/s471802/nn-gpt-runs/parallel_runs/20260718_1pattern_a9_cifar100_e5_p3500_c1200_s100_h100x4_shared_full_reward_seed42/grpo_backbone_outputs_trainer/checkpoint-50/scaler.pt	1383	local_disk_insufficient_for_full_checkpoint_set
julia2	/data/42-julia-hpc-ai-cv-students/s471802/nn-gpt-runs/parallel_runs/20260718_1pattern_a9_cifar100_e5_p3500_c1200_s100_h100x4_shared_full_reward_seed42/grpo_backbone_outputs_trainer/checkpoint-50/adapter_model.safetensors	319876032	local_disk_insufficient_for_full_checkpoint_set
julia2	/data/42-julia-hpc-ai-cv-students/s471802/nn-gpt-runs/parallel_runs/20260718_1pattern_a9_cifar100_e5_p3500_c1200_s100_h100x4_shared_full_reward_seed42/grpo_backbone_outputs_trainer/checkpoint-100/optimizer.pt	640016419	local_disk_insufficient_for_full_checkpoint_set
julia2	/data/42-julia-hpc-ai-cv-students/s471802/nn-gpt-runs/parallel_runs/20260718_1pattern_a9_cifar100_e5_p3500_c1200_s100_h100x4_shared_full_reward_seed42/grpo_backbone_outputs_trainer/checkpoint-100/rng_state.pth	15407	local_disk_insufficient_for_full_checkpoint_set
julia2	/data/42-julia-hpc-ai-cv-students/s471802/nn-gpt-runs/parallel_runs/20260718_1pattern_a9_cifar100_e5_p3500_c1200_s100_h100x4_shared_full_reward_seed42/grpo_backbone_outputs_trainer/checkpoint-100/scheduler.pt	1465	local_disk_insufficient_for_full_checkpoint_set
julia2	/data/42-julia-hpc-ai-cv-students/s471802/nn-gpt-runs/parallel_runs/20260718_1pattern_a9_cifar100_e5_p3500_c1200_s100_h100x4_shared_full_reward_seed42/grpo_backbone_outputs_trainer/checkpoint-100/scaler.pt	1383	local_disk_insufficient_for_full_checkpoint_set
julia2	/data/42-julia-hpc-ai-cv-students/s471802/nn-gpt-runs/parallel_runs/20260718_1pattern_a9_cifar100_e5_p3500_c1200_s100_h100x4_shared_full_reward_seed42/grpo_backbone_outputs_trainer/checkpoint-100/adapter_model.safetensors	319876032	local_disk_insufficient_for_full_checkpoint_set
julia2	/data/42-julia-hpc-ai-cv-students/s471802/nn-gpt-runs/parallel_runs/20260718_1pattern_a9_cifar100_e5_p3500_c1200_s100_h100x4_shared_full_reward_seed42/grpo_backbone_outputs_trainer/checkpoint-25/optimizer.pt	640016419	local_disk_insufficient_for_full_checkpoint_set
julia2	/data/42-julia-hpc-ai-cv-students/s471802/nn-gpt-runs/parallel_runs/20260718_1pattern_a9_cifar100_e5_p3500_c1200_s100_h100x4_shared_full_reward_seed42/grpo_backbone_outputs_trainer/checkpoint-25/rng_state.pth	15407	local_disk_insufficient_for_full_checkpoint_set
julia2	/data/42-julia-hpc-ai-cv-students/s471802/nn-gpt-runs/parallel_runs/20260718_1pattern_a9_cifar100_e5_p3500_c1200_s100_h100x4_shared_full_reward_seed42/grpo_backbone_outputs_trainer/checkpoint-25/scheduler.pt	1465	local_disk_insufficient_for_full_checkpoint_set
julia2	/data/42-julia-hpc-ai-cv-students/s471802/nn-gpt-runs/parallel_runs/20260718_1pattern_a9_cifar100_e5_p3500_c1200_s100_h100x4_shared_full_reward_seed42/grpo_backbone_outputs_trainer/checkpoint-25/scaler.pt	1383	local_disk_insufficient_for_full_checkpoint_set
julia2	/data/42-julia-hpc-ai-cv-students/s471802/nn-gpt-runs/parallel_runs/20260718_1pattern_a9_cifar100_e5_p3500_c1200_s100_h100x4_shared_full_reward_seed42/grpo_backbone_outputs_trainer/checkpoint-25/adapter_model.safetensors	319876032	local_disk_insufficient_for_full_checkpoint_set
julia2	/data/42-julia-hpc-ai-cv-students/s471802/nn-gpt-runs/parallel_runs/20260704_qwen_cifar10_e5_seed123/grpo_backbone_outputs/checkpoints/stage2_formal_explore/adapter/adapter_model.safetensors	323014168	local_disk_insufficient_for_full_checkpoint_set
julia2	/data/42-julia-hpc-ai-cv-students/s471802/nn-gpt-runs/parallel_runs/20260704_qwen_cifar10_e5_seed123/grpo_backbone_outputs/adapter_model.safetensors	323014168	local_disk_insufficient_for_full_checkpoint_set
julia2	/data/42-julia-hpc-ai-cv-students/s471802/nn-gpt-runs/parallel_runs/20260704_qwen_cifar10_e5_seed123/grpo_backbone_outputs_trainer/checkpoint-75/optimizer.pt	646259323	local_disk_insufficient_for_full_checkpoint_set
julia2	/data/42-julia-hpc-ai-cv-students/s471802/nn-gpt-runs/parallel_runs/20260704_qwen_cifar10_e5_seed123/grpo_backbone_outputs_trainer/checkpoint-75/rng_state.pth	15471	local_disk_insufficient_for_full_checkpoint_set
julia2	/data/42-julia-hpc-ai-cv-students/s471802/nn-gpt-runs/parallel_runs/20260704_qwen_cifar10_e5_seed123/grpo_backbone_outputs_trainer/checkpoint-75/scheduler.pt	1465	local_disk_insufficient_for_full_checkpoint_set
julia2	/data/42-julia-hpc-ai-cv-students/s471802/nn-gpt-runs/parallel_runs/20260704_qwen_cifar10_e5_seed123/grpo_backbone_outputs_trainer/checkpoint-75/scaler.pt	1383	local_disk_insufficient_for_full_checkpoint_set
julia2	/data/42-julia-hpc-ai-cv-students/s471802/nn-gpt-runs/parallel_runs/20260704_qwen_cifar10_e5_seed123/grpo_backbone_outputs_trainer/checkpoint-75/adapter_model.safetensors	323014168	local_disk_insufficient_for_full_checkpoint_set
julia2	/data/42-julia-hpc-ai-cv-students/s471802/nn-gpt-runs/parallel_runs/20260704_qwen_cifar10_e5_seed123/grpo_backbone_outputs_trainer/checkpoint-50/optimizer.pt	646259323	local_disk_insufficient_for_full_checkpoint_set
julia2	/data/42-julia-hpc-ai-cv-students/s471802/nn-gpt-runs/parallel_runs/20260704_qwen_cifar10_e5_seed123/grpo_backbone_outputs_trainer/checkpoint-50/rng_state.pth	15471	local_disk_insufficient_for_full_checkpoint_set
julia2	/data/42-julia-hpc-ai-cv-students/s471802/nn-gpt-runs/parallel_runs/20260704_qwen_cifar10_e5_seed123/grpo_backbone_outputs_trainer/checkpoint-50/scheduler.pt	1465	local_disk_insufficient_for_full_checkpoint_set
julia2	/data/42-julia-hpc-ai-cv-students/s471802/nn-gpt-runs/parallel_runs/20260704_qwen_cifar10_e5_seed123/grpo_backbone_outputs_trainer/checkpoint-50/scaler.pt	1383	local_disk_insufficient_for_full_checkpoint_set
julia2	/data/42-julia-hpc-ai-cv-students/s471802/nn-gpt-runs/parallel_runs/20260704_qwen_cifar10_e5_seed123/grpo_backbone_outputs_trainer/checkpoint-50/adapter_model.safetensors	323014168	local_disk_insufficient_for_full_checkpoint_set
julia2	/data/42-julia-hpc-ai-cv-students/s471802/nn-gpt-runs/parallel_runs/20260704_qwen_cifar10_e5_seed123/grpo_backbone_outputs_trainer/checkpoint-100/optimizer.pt	646259323	local_disk_insufficient_for_full_checkpoint_set
julia2	/data/42-julia-hpc-ai-cv-students/s471802/nn-gpt-runs/parallel_runs/20260704_qwen_cifar10_e5_seed123/grpo_backbone_outputs_trainer/checkpoint-100/rng_state.pth	15471	local_disk_insufficient_for_full_checkpoint_set
julia2	/data/42-julia-hpc-ai-cv-students/s471802/nn-gpt-runs/parallel_runs/20260704_qwen_cifar10_e5_seed123/grpo_backbone_outputs_trainer/checkpoint-100/scheduler.pt	1465	local_disk_insufficient_for_full_checkpoint_set
julia2	/data/42-julia-hpc-ai-cv-students/s471802/nn-gpt-runs/parallel_runs/20260704_qwen_cifar10_e5_seed123/grpo_backbone_outputs_trainer/checkpoint-100/scaler.pt	1383	local_disk_insufficient_for_full_checkpoint_set
julia2	/data/42-julia-hpc-ai-cv-students/s471802/nn-gpt-runs/parallel_runs/20260704_qwen_cifar10_e5_seed123/grpo_backbone_outputs_trainer/checkpoint-100/adapter_model.safetensors	323014168	local_disk_insufficient_for_full_checkpoint_set
julia2	/data/42-julia-hpc-ai-cv-students/s471802/nn-gpt-runs/parallel_runs/20260704_qwen_cifar10_e5_seed123/grpo_backbone_outputs_trainer/checkpoint-25/optimizer.pt	646259323	local_disk_insufficient_for_full_checkpoint_set
julia2	/data/42-julia-hpc-ai-cv-students/s471802/nn-gpt-runs/parallel_runs/20260704_qwen_cifar10_e5_seed123/grpo_backbone_outputs_trainer/checkpoint-25/rng_state.pth	15471	local_disk_insufficient_for_full_checkpoint_set
julia2	/data/42-julia-hpc-ai-cv-students/s471802/nn-gpt-runs/parallel_runs/20260704_qwen_cifar10_e5_seed123/grpo_backbone_outputs_trainer/checkpoint-25/scheduler.pt	1465	local_disk_insufficient_for_full_checkpoint_set
julia2	/data/42-julia-hpc-ai-cv-students/s471802/nn-gpt-runs/parallel_runs/20260704_qwen_cifar10_e5_seed123/grpo_backbone_outputs_trainer/checkpoint-25/scaler.pt	1383	local_disk_insufficient_for_full_checkpoint_set
julia2	/data/42-julia-hpc-ai-cv-students/s471802/nn-gpt-runs/parallel_runs/20260704_qwen_cifar10_e5_seed123/grpo_backbone_outputs_trainer/checkpoint-25/adapter_model.safetensors	323014168	local_disk_insufficient_for_full_checkpoint_set
julia2	/data/42-julia-hpc-ai-cv-students/s471802/nn-gpt-runs/parallel_runs/20260726_4pattern_a18_cifar100_e5_p3500_c1200_s100_h100x4_shared_full_reward_seed123/grpo_backbone_outputs/checkpoints/stage2_formal_explore/adapter/adapter_model.safetensors	319876032	local_disk_insufficient_for_full_checkpoint_set
julia2	/data/42-julia-hpc-ai-cv-students/s471802/nn-gpt-runs/parallel_runs/20260726_4pattern_a18_cifar100_e5_p3500_c1200_s100_h100x4_shared_full_reward_seed123/grpo_backbone_outputs_trainer/checkpoint-75/optimizer.pt	640016419	local_disk_insufficient_for_full_checkpoint_set
julia2	/data/42-julia-hpc-ai-cv-students/s471802/nn-gpt-runs/parallel_runs/20260726_4pattern_a18_cifar100_e5_p3500_c1200_s100_h100x4_shared_full_reward_seed123/grpo_backbone_outputs_trainer/checkpoint-75/rng_state.pth	15407	local_disk_insufficient_for_full_checkpoint_set
julia2	/data/42-julia-hpc-ai-cv-students/s471802/nn-gpt-runs/parallel_runs/20260726_4pattern_a18_cifar100_e5_p3500_c1200_s100_h100x4_shared_full_reward_seed123/grpo_backbone_outputs_trainer/checkpoint-75/scheduler.pt	1465	local_disk_insufficient_for_full_checkpoint_set
julia2	/data/42-julia-hpc-ai-cv-students/s471802/nn-gpt-runs/parallel_runs/20260726_4pattern_a18_cifar100_e5_p3500_c1200_s100_h100x4_shared_full_reward_seed123/grpo_backbone_outputs_trainer/checkpoint-75/scaler.pt	1383	local_disk_insufficient_for_full_checkpoint_set
julia2	/data/42-julia-hpc-ai-cv-students/s471802/nn-gpt-runs/parallel_runs/20260726_4pattern_a18_cifar100_e5_p3500_c1200_s100_h100x4_shared_full_reward_seed123/grpo_backbone_outputs_trainer/checkpoint-75/adapter_model.safetensors	319876032	local_disk_insufficient_for_full_checkpoint_set
julia2	/data/42-julia-hpc-ai-cv-students/s471802/nn-gpt-runs/parallel_runs/20260726_4pattern_a18_cifar100_e5_p3500_c1200_s100_h100x4_shared_full_reward_seed123/grpo_backbone_outputs_trainer/checkpoint-50/optimizer.pt	640016419	local_disk_insufficient_for_full_checkpoint_set
julia2	/data/42-julia-hpc-ai-cv-students/s471802/nn-gpt-runs/parallel_runs/20260726_4pattern_a18_cifar100_e5_p3500_c1200_s100_h100x4_shared_full_reward_seed123/grpo_backbone_outputs_trainer/checkpoint-50/rng_state.pth	15407	local_disk_insufficient_for_full_checkpoint_set
julia2	/data/42-julia-hpc-ai-cv-students/s471802/nn-gpt-runs/parallel_runs/20260726_4pattern_a18_cifar100_e5_p3500_c1200_s100_h100x4_shared_full_reward_seed123/grpo_backbone_outputs_trainer/checkpoint-50/scheduler.pt	1465	local_disk_insufficient_for_full_checkpoint_set
julia2	/data/42-julia-hpc-ai-cv-students/s471802/nn-gpt-runs/parallel_runs/20260726_4pattern_a18_cifar100_e5_p3500_c1200_s100_h100x4_shared_full_reward_seed123/grpo_backbone_outputs_trainer/checkpoint-50/scaler.pt	1383	local_disk_insufficient_for_full_checkpoint_set
julia2	/data/42-julia-hpc-ai-cv-students/s471802/nn-gpt-runs/parallel_runs/20260726_4pattern_a18_cifar100_e5_p3500_c1200_s100_h100x4_shared_full_reward_seed123/grpo_backbone_outputs_trainer/checkpoint-50/adapter_model.safetensors	319876032	local_disk_insufficient_for_full_checkpoint_set
julia2	/data/42-julia-hpc-ai-cv-students/s471802/nn-gpt-runs/parallel_runs/20260726_4pattern_a18_cifar100_e5_p3500_c1200_s100_h100x4_shared_full_reward_seed123/grpo_backbone_outputs_trainer/checkpoint-25/optimizer.pt	640016419	local_disk_insufficient_for_full_checkpoint_set
julia2	/data/42-julia-hpc-ai-cv-students/s471802/nn-gpt-runs/parallel_runs/20260726_4pattern_a18_cifar100_e5_p3500_c1200_s100_h100x4_shared_full_reward_seed123/grpo_backbone_outputs_trainer/checkpoint-25/rng_state.pth	15407	local_disk_insufficient_for_full_checkpoint_set
julia2	/data/42-julia-hpc-ai-cv-students/s471802/nn-gpt-runs/parallel_runs/20260726_4pattern_a18_cifar100_e5_p3500_c1200_s100_h100x4_shared_full_reward_seed123/grpo_backbone_outputs_trainer/checkpoint-25/scheduler.pt	1465	local_disk_insufficient_for_full_checkpoint_set
julia2	/data/42-julia-hpc-ai-cv-students/s471802/nn-gpt-runs/parallel_runs/20260726_4pattern_a18_cifar100_e5_p3500_c1200_s100_h100x4_shared_full_reward_seed123/grpo_backbone_outputs_trainer/checkpoint-25/scaler.pt	1383	local_disk_insufficient_for_full_checkpoint_set
julia2	/data/42-julia-hpc-ai-cv-students/s471802/nn-gpt-runs/parallel_runs/20260726_4pattern_a18_cifar100_e5_p3500_c1200_s100_h100x4_shared_full_reward_seed123/grpo_backbone_outputs_trainer/checkpoint-25/adapter_model.safetensors	319876032	local_disk_insufficient_for_full_checkpoint_set
julia2	/data/42-julia-hpc-ai-cv-students/s471802/nn-gpt-runs/parallel_runs/20260627_1pattern_a9_cifar10_e5_p3500_c1200_s100_h100x4_shared_full_full_reward_seed919/grpo_backbone_outputs/checkpoints/stage2_formal_explore/adapter/adapter_model.safetensors	319876032	local_disk_insufficient_for_full_checkpoint_set
julia2	/data/42-julia-hpc-ai-cv-students/s471802/nn-gpt-runs/parallel_runs/20260627_1pattern_a9_cifar10_e5_p3500_c1200_s100_h100x4_shared_full_full_reward_seed919/grpo_backbone_outputs_trainer/checkpoint-90/optimizer.pt	640016419	local_disk_insufficient_for_full_checkpoint_set
julia2	/data/42-julia-hpc-ai-cv-students/s471802/nn-gpt-runs/parallel_runs/20260627_1pattern_a9_cifar10_e5_p3500_c1200_s100_h100x4_shared_full_full_reward_seed919/grpo_backbone_outputs_trainer/checkpoint-90/rng_state.pth	15407	local_disk_insufficient_for_full_checkpoint_set
julia2	/data/42-julia-hpc-ai-cv-students/s471802/nn-gpt-runs/parallel_runs/20260627_1pattern_a9_cifar10_e5_p3500_c1200_s100_h100x4_shared_full_full_reward_seed919/grpo_backbone_outputs_trainer/checkpoint-90/scheduler.pt	1465	local_disk_insufficient_for_full_checkpoint_set
julia2	/data/42-julia-hpc-ai-cv-students/s471802/nn-gpt-runs/parallel_runs/20260627_1pattern_a9_cifar10_e5_p3500_c1200_s100_h100x4_shared_full_full_reward_seed919/grpo_backbone_outputs_trainer/checkpoint-90/scaler.pt	1383	local_disk_insufficient_for_full_checkpoint_set
julia2	/data/42-julia-hpc-ai-cv-students/s471802/nn-gpt-runs/parallel_runs/20260627_1pattern_a9_cifar10_e5_p3500_c1200_s100_h100x4_shared_full_full_reward_seed919/grpo_backbone_outputs_trainer/checkpoint-90/adapter_model.safetensors	319876032	local_disk_insufficient_for_full_checkpoint_set
julia2	/data/42-julia-hpc-ai-cv-students/s471802/nn-gpt-runs/parallel_runs/20260627_1pattern_a9_cifar10_e5_p3500_c1200_s100_h100x4_shared_full_full_reward_seed919/grpo_backbone_outputs_trainer/checkpoint-95/optimizer.pt	640016419	local_disk_insufficient_for_full_checkpoint_set
julia2	/data/42-julia-hpc-ai-cv-students/s471802/nn-gpt-runs/parallel_runs/20260627_1pattern_a9_cifar10_e5_p3500_c1200_s100_h100x4_shared_full_full_reward_seed919/grpo_backbone_outputs_trainer/checkpoint-95/rng_state.pth	15407	local_disk_insufficient_for_full_checkpoint_set
julia2	/data/42-julia-hpc-ai-cv-students/s471802/nn-gpt-runs/parallel_runs/20260627_1pattern_a9_cifar10_e5_p3500_c1200_s100_h100x4_shared_full_full_reward_seed919/grpo_backbone_outputs_trainer/checkpoint-95/scheduler.pt	1465	local_disk_insufficient_for_full_checkpoint_set
julia2	/data/42-julia-hpc-ai-cv-students/s471802/nn-gpt-runs/parallel_runs/20260627_1pattern_a9_cifar10_e5_p3500_c1200_s100_h100x4_shared_full_full_reward_seed919/grpo_backbone_outputs_trainer/checkpoint-95/scaler.pt	1383	local_disk_insufficient_for_full_checkpoint_set
julia2	/data/42-julia-hpc-ai-cv-students/s471802/nn-gpt-runs/parallel_runs/20260627_1pattern_a9_cifar10_e5_p3500_c1200_s100_h100x4_shared_full_full_reward_seed919/grpo_backbone_outputs_trainer/checkpoint-95/adapter_model.safetensors	319876032	local_disk_insufficient_for_full_checkpoint_set
julia2	/data/42-julia-hpc-ai-cv-students/s471802/nn-gpt-runs/parallel_runs/20260627_1pattern_a9_cifar10_e5_p3500_c1200_s100_h100x4_shared_full_full_reward_seed919/grpo_backbone_outputs_trainer/checkpoint-85/optimizer.pt	640016419	local_disk_insufficient_for_full_checkpoint_set
julia2	/data/42-julia-hpc-ai-cv-students/s471802/nn-gpt-runs/parallel_runs/20260627_1pattern_a9_cifar10_e5_p3500_c1200_s100_h100x4_shared_full_full_reward_seed919/grpo_backbone_outputs_trainer/checkpoint-85/rng_state.pth	15407	local_disk_insufficient_for_full_checkpoint_set
julia2	/data/42-julia-hpc-ai-cv-students/s471802/nn-gpt-runs/parallel_runs/20260627_1pattern_a9_cifar10_e5_p3500_c1200_s100_h100x4_shared_full_full_reward_seed919/grpo_backbone_outputs_trainer/checkpoint-85/scheduler.pt	1465	local_disk_insufficient_for_full_checkpoint_set
julia2	/data/42-julia-hpc-ai-cv-students/s471802/nn-gpt-runs/parallel_runs/20260627_1pattern_a9_cifar10_e5_p3500_c1200_s100_h100x4_shared_full_full_reward_seed919/grpo_backbone_outputs_trainer/checkpoint-85/scaler.pt	1383	local_disk_insufficient_for_full_checkpoint_set
julia2	/data/42-julia-hpc-ai-cv-students/s471802/nn-gpt-runs/parallel_runs/20260627_1pattern_a9_cifar10_e5_p3500_c1200_s100_h100x4_shared_full_full_reward_seed919/grpo_backbone_outputs_trainer/checkpoint-85/adapter_model.safetensors	319876032	local_disk_insufficient_for_full_checkpoint_set
julia2	/data/42-julia-hpc-ai-cv-students/s471802/nn-gpt-runs/parallel_runs/20260627_1pattern_a9_cifar10_e5_p3500_c1200_s100_h100x4_shared_full_full_reward_seed919/grpo_backbone_outputs_trainer/checkpoint-100/optimizer.pt	640016419	local_disk_insufficient_for_full_checkpoint_set
julia2	/data/42-julia-hpc-ai-cv-students/s471802/nn-gpt-runs/parallel_runs/20260627_1pattern_a9_cifar10_e5_p3500_c1200_s100_h100x4_shared_full_full_reward_seed919/grpo_backbone_outputs_trainer/checkpoint-100/rng_state.pth	15407	local_disk_insufficient_for_full_checkpoint_set
julia2	/data/42-julia-hpc-ai-cv-students/s471802/nn-gpt-runs/parallel_runs/20260627_1pattern_a9_cifar10_e5_p3500_c1200_s100_h100x4_shared_full_full_reward_seed919/grpo_backbone_outputs_trainer/checkpoint-100/scheduler.pt	1465	local_disk_insufficient_for_full_checkpoint_set
julia2	/data/42-julia-hpc-ai-cv-students/s471802/nn-gpt-runs/parallel_runs/20260627_1pattern_a9_cifar10_e5_p3500_c1200_s100_h100x4_shared_full_full_reward_seed919/grpo_backbone_outputs_trainer/checkpoint-100/scaler.pt	1383	local_disk_insufficient_for_full_checkpoint_set
julia2	/data/42-julia-hpc-ai-cv-students/s471802/nn-gpt-runs/parallel_runs/20260627_1pattern_a9_cifar10_e5_p3500_c1200_s100_h100x4_shared_full_full_reward_seed919/grpo_backbone_outputs_trainer/checkpoint-100/adapter_model.safetensors	319876032	local_disk_insufficient_for_full_checkpoint_set
julia2	/data/42-julia-hpc-ai-cv-students/s471802/nn-gpt-runs/parallel_runs/20260726_4pattern_a18_cifar100_e5_p3500_c1200_s100_h100x4_shared_full_reward_seed777/grpo_backbone_outputs/checkpoints/stage2_formal_explore/adapter/adapter_model.safetensors	319876032	local_disk_insufficient_for_full_checkpoint_set
julia2	/data/42-julia-hpc-ai-cv-students/s471802/nn-gpt-runs/parallel_runs/20260726_4pattern_a18_cifar100_e5_p3500_c1200_s100_h100x4_shared_full_reward_seed777/grpo_backbone_outputs_trainer/checkpoint-75/optimizer.pt	640016419	local_disk_insufficient_for_full_checkpoint_set
julia2	/data/42-julia-hpc-ai-cv-students/s471802/nn-gpt-runs/parallel_runs/20260726_4pattern_a18_cifar100_e5_p3500_c1200_s100_h100x4_shared_full_reward_seed777/grpo_backbone_outputs_trainer/checkpoint-75/rng_state.pth	15407	local_disk_insufficient_for_full_checkpoint_set
julia2	/data/42-julia-hpc-ai-cv-students/s471802/nn-gpt-runs/parallel_runs/20260726_4pattern_a18_cifar100_e5_p3500_c1200_s100_h100x4_shared_full_reward_seed777/grpo_backbone_outputs_trainer/checkpoint-75/scheduler.pt	1465	local_disk_insufficient_for_full_checkpoint_set
julia2	/data/42-julia-hpc-ai-cv-students/s471802/nn-gpt-runs/parallel_runs/20260726_4pattern_a18_cifar100_e5_p3500_c1200_s100_h100x4_shared_full_reward_seed777/grpo_backbone_outputs_trainer/checkpoint-75/scaler.pt	1383	local_disk_insufficient_for_full_checkpoint_set
julia2	/data/42-julia-hpc-ai-cv-students/s471802/nn-gpt-runs/parallel_runs/20260726_4pattern_a18_cifar100_e5_p3500_c1200_s100_h100x4_shared_full_reward_seed777/grpo_backbone_outputs_trainer/checkpoint-75/adapter_model.safetensors	319876032	local_disk_insufficient_for_full_checkpoint_set
julia2	/data/42-julia-hpc-ai-cv-students/s471802/nn-gpt-runs/parallel_runs/20260726_4pattern_a18_cifar100_e5_p3500_c1200_s100_h100x4_shared_full_reward_seed777/grpo_backbone_outputs_trainer/checkpoint-50/optimizer.pt	640016419	local_disk_insufficient_for_full_checkpoint_set
julia2	/data/42-julia-hpc-ai-cv-students/s471802/nn-gpt-runs/parallel_runs/20260726_4pattern_a18_cifar100_e5_p3500_c1200_s100_h100x4_shared_full_reward_seed777/grpo_backbone_outputs_trainer/checkpoint-50/rng_state.pth	15407	local_disk_insufficient_for_full_checkpoint_set
julia2	/data/42-julia-hpc-ai-cv-students/s471802/nn-gpt-runs/parallel_runs/20260726_4pattern_a18_cifar100_e5_p3500_c1200_s100_h100x4_shared_full_reward_seed777/grpo_backbone_outputs_trainer/checkpoint-50/scheduler.pt	1465	local_disk_insufficient_for_full_checkpoint_set
julia2	/data/42-julia-hpc-ai-cv-students/s471802/nn-gpt-runs/parallel_runs/20260726_4pattern_a18_cifar100_e5_p3500_c1200_s100_h100x4_shared_full_reward_seed777/grpo_backbone_outputs_trainer/checkpoint-50/scaler.pt	1383	local_disk_insufficient_for_full_checkpoint_set
julia2	/data/42-julia-hpc-ai-cv-students/s471802/nn-gpt-runs/parallel_runs/20260726_4pattern_a18_cifar100_e5_p3500_c1200_s100_h100x4_shared_full_reward_seed777/grpo_backbone_outputs_trainer/checkpoint-50/adapter_model.safetensors	319876032	local_disk_insufficient_for_full_checkpoint_set
julia2	/data/42-julia-hpc-ai-cv-students/s471802/nn-gpt-runs/parallel_runs/20260726_4pattern_a18_cifar100_e5_p3500_c1200_s100_h100x4_shared_full_reward_seed777/grpo_backbone_outputs_trainer/checkpoint-25/optimizer.pt	640016419	local_disk_insufficient_for_full_checkpoint_set
julia2	/data/42-julia-hpc-ai-cv-students/s471802/nn-gpt-runs/parallel_runs/20260726_4pattern_a18_cifar100_e5_p3500_c1200_s100_h100x4_shared_full_reward_seed777/grpo_backbone_outputs_trainer/checkpoint-25/rng_state.pth	15407	local_disk_insufficient_for_full_checkpoint_set
julia2	/data/42-julia-hpc-ai-cv-students/s471802/nn-gpt-runs/parallel_runs/20260726_4pattern_a18_cifar100_e5_p3500_c1200_s100_h100x4_shared_full_reward_seed777/grpo_backbone_outputs_trainer/checkpoint-25/scheduler.pt	1465	local_disk_insufficient_for_full_checkpoint_set
julia2	/data/42-julia-hpc-ai-cv-students/s471802/nn-gpt-runs/parallel_runs/20260726_4pattern_a18_cifar100_e5_p3500_c1200_s100_h100x4_shared_full_reward_seed777/grpo_backbone_outputs_trainer/checkpoint-25/scaler.pt	1383	local_disk_insufficient_for_full_checkpoint_set
julia2	/data/42-julia-hpc-ai-cv-students/s471802/nn-gpt-runs/parallel_runs/20260726_4pattern_a18_cifar100_e5_p3500_c1200_s100_h100x4_shared_full_reward_seed777/grpo_backbone_outputs_trainer/checkpoint-25/adapter_model.safetensors	319876032	local_disk_insufficient_for_full_checkpoint_set
julia2	/data/42-julia-hpc-ai-cv-students/s471802/nn-gpt-runs/parallel_runs/20260704_qwen_cifar10_e5_seed42/grpo_backbone_outputs/checkpoints/stage2_formal_explore/adapter/adapter_model.safetensors	323014168	local_disk_insufficient_for_full_checkpoint_set
julia2	/data/42-julia-hpc-ai-cv-students/s471802/nn-gpt-runs/parallel_runs/20260704_qwen_cifar10_e5_seed42/grpo_backbone_outputs/adapter_model.safetensors	323014168	local_disk_insufficient_for_full_checkpoint_set
julia2	/data/42-julia-hpc-ai-cv-students/s471802/nn-gpt-runs/parallel_runs/20260704_qwen_cifar10_e5_seed42/grpo_backbone_outputs_trainer/checkpoint-75/optimizer.pt	646259323	local_disk_insufficient_for_full_checkpoint_set
julia2	/data/42-julia-hpc-ai-cv-students/s471802/nn-gpt-runs/parallel_runs/20260704_qwen_cifar10_e5_seed42/grpo_backbone_outputs_trainer/checkpoint-75/rng_state.pth	15407	local_disk_insufficient_for_full_checkpoint_set
julia2	/data/42-julia-hpc-ai-cv-students/s471802/nn-gpt-runs/parallel_runs/20260704_qwen_cifar10_e5_seed42/grpo_backbone_outputs_trainer/checkpoint-75/scheduler.pt	1465	local_disk_insufficient_for_full_checkpoint_set
julia2	/data/42-julia-hpc-ai-cv-students/s471802/nn-gpt-runs/parallel_runs/20260704_qwen_cifar10_e5_seed42/grpo_backbone_outputs_trainer/checkpoint-75/scaler.pt	1383	local_disk_insufficient_for_full_checkpoint_set
julia2	/data/42-julia-hpc-ai-cv-students/s471802/nn-gpt-runs/parallel_runs/20260704_qwen_cifar10_e5_seed42/grpo_backbone_outputs_trainer/checkpoint-75/adapter_model.safetensors	323014168	local_disk_insufficient_for_full_checkpoint_set
julia2	/data/42-julia-hpc-ai-cv-students/s471802/nn-gpt-runs/parallel_runs/20260704_qwen_cifar10_e5_seed42/grpo_backbone_outputs_trainer/checkpoint-50/optimizer.pt	646259323	local_disk_insufficient_for_full_checkpoint_set
julia2	/data/42-julia-hpc-ai-cv-students/s471802/nn-gpt-runs/parallel_runs/20260704_qwen_cifar10_e5_seed42/grpo_backbone_outputs_trainer/checkpoint-50/rng_state.pth	15407	local_disk_insufficient_for_full_checkpoint_set
julia2	/data/42-julia-hpc-ai-cv-students/s471802/nn-gpt-runs/parallel_runs/20260704_qwen_cifar10_e5_seed42/grpo_backbone_outputs_trainer/checkpoint-50/scheduler.pt	1465	local_disk_insufficient_for_full_checkpoint_set
julia2	/data/42-julia-hpc-ai-cv-students/s471802/nn-gpt-runs/parallel_runs/20260704_qwen_cifar10_e5_seed42/grpo_backbone_outputs_trainer/checkpoint-50/scaler.pt	1383	local_disk_insufficient_for_full_checkpoint_set
julia2	/data/42-julia-hpc-ai-cv-students/s471802/nn-gpt-runs/parallel_runs/20260704_qwen_cifar10_e5_seed42/grpo_backbone_outputs_trainer/checkpoint-50/adapter_model.safetensors	323014168	local_disk_insufficient_for_full_checkpoint_set
julia2	/data/42-julia-hpc-ai-cv-students/s471802/nn-gpt-runs/parallel_runs/20260704_qwen_cifar10_e5_seed42/grpo_backbone_outputs_trainer/checkpoint-100/optimizer.pt	646259323	local_disk_insufficient_for_full_checkpoint_set
julia2	/data/42-julia-hpc-ai-cv-students/s471802/nn-gpt-runs/parallel_runs/20260704_qwen_cifar10_e5_seed42/grpo_backbone_outputs_trainer/checkpoint-100/rng_state.pth	15407	local_disk_insufficient_for_full_checkpoint_set
julia2	/data/42-julia-hpc-ai-cv-students/s471802/nn-gpt-runs/parallel_runs/20260704_qwen_cifar10_e5_seed42/grpo_backbone_outputs_trainer/checkpoint-100/scheduler.pt	1465	local_disk_insufficient_for_full_checkpoint_set
julia2	/data/42-julia-hpc-ai-cv-students/s471802/nn-gpt-runs/parallel_runs/20260704_qwen_cifar10_e5_seed42/grpo_backbone_outputs_trainer/checkpoint-100/scaler.pt	1383	local_disk_insufficient_for_full_checkpoint_set
julia2	/data/42-julia-hpc-ai-cv-students/s471802/nn-gpt-runs/parallel_runs/20260704_qwen_cifar10_e5_seed42/grpo_backbone_outputs_trainer/checkpoint-100/adapter_model.safetensors	323014168	local_disk_insufficient_for_full_checkpoint_set
julia2	/data/42-julia-hpc-ai-cv-students/s471802/nn-gpt-runs/parallel_runs/20260704_qwen_cifar10_e5_seed42/grpo_backbone_outputs_trainer/checkpoint-25/optimizer.pt	646259323	local_disk_insufficient_for_full_checkpoint_set
julia2	/data/42-julia-hpc-ai-cv-students/s471802/nn-gpt-runs/parallel_runs/20260704_qwen_cifar10_e5_seed42/grpo_backbone_outputs_trainer/checkpoint-25/rng_state.pth	15407	local_disk_insufficient_for_full_checkpoint_set
julia2	/data/42-julia-hpc-ai-cv-students/s471802/nn-gpt-runs/parallel_runs/20260704_qwen_cifar10_e5_seed42/grpo_backbone_outputs_trainer/checkpoint-25/scheduler.pt	1465	local_disk_insufficient_for_full_checkpoint_set
julia2	/data/42-julia-hpc-ai-cv-students/s471802/nn-gpt-runs/parallel_runs/20260704_qwen_cifar10_e5_seed42/grpo_backbone_outputs_trainer/checkpoint-25/scaler.pt	1383	local_disk_insufficient_for_full_checkpoint_set
julia2	/data/42-julia-hpc-ai-cv-students/s471802/nn-gpt-runs/parallel_runs/20260704_qwen_cifar10_e5_seed42/grpo_backbone_outputs_trainer/checkpoint-25/adapter_model.safetensors	323014168	local_disk_insufficient_for_full_checkpoint_set
julia2	/data/42-julia-hpc-ai-cv-students/s471802/nn-gpt-runs/parallel_runs/20260612_4pattern_a18_cifar10_e5_p3500_c1200_s100_h100x4_shared_ablation_no_diversity_bonus_seed42/grpo_backbone_outputs/checkpoints/stage2_formal_explore/adapter/adapter_model.safetensors	319876032	local_disk_insufficient_for_full_checkpoint_set
julia2	/data/42-julia-hpc-ai-cv-students/s471802/nn-gpt-runs/parallel_runs/20260612_4pattern_a18_cifar10_e5_p3500_c1200_s100_h100x4_shared_ablation_no_diversity_bonus_seed42/grpo_backbone_outputs_trainer/checkpoint-75/optimizer.pt	640016419	local_disk_insufficient_for_full_checkpoint_set
julia2	/data/42-julia-hpc-ai-cv-students/s471802/nn-gpt-runs/parallel_runs/20260612_4pattern_a18_cifar10_e5_p3500_c1200_s100_h100x4_shared_ablation_no_diversity_bonus_seed42/grpo_backbone_outputs_trainer/checkpoint-75/rng_state.pth	15407	local_disk_insufficient_for_full_checkpoint_set
julia2	/data/42-julia-hpc-ai-cv-students/s471802/nn-gpt-runs/parallel_runs/20260612_4pattern_a18_cifar10_e5_p3500_c1200_s100_h100x4_shared_ablation_no_diversity_bonus_seed42/grpo_backbone_outputs_trainer/checkpoint-75/scheduler.pt	1465	local_disk_insufficient_for_full_checkpoint_set
julia2	/data/42-julia-hpc-ai-cv-students/s471802/nn-gpt-runs/parallel_runs/20260612_4pattern_a18_cifar10_e5_p3500_c1200_s100_h100x4_shared_ablation_no_diversity_bonus_seed42/grpo_backbone_outputs_trainer/checkpoint-75/scaler.pt	1383	local_disk_insufficient_for_full_checkpoint_set
julia2	/data/42-julia-hpc-ai-cv-students/s471802/nn-gpt-runs/parallel_runs/20260612_4pattern_a18_cifar10_e5_p3500_c1200_s100_h100x4_shared_ablation_no_diversity_bonus_seed42/grpo_backbone_outputs_trainer/checkpoint-75/adapter_model.safetensors	319876032	local_disk_insufficient_for_full_checkpoint_set
julia2	/data/42-julia-hpc-ai-cv-students/s471802/nn-gpt-runs/parallel_runs/20260612_4pattern_a18_cifar10_e5_p3500_c1200_s100_h100x4_shared_ablation_no_diversity_bonus_seed42/grpo_backbone_outputs_trainer/checkpoint-50/optimizer.pt	640016419	local_disk_insufficient_for_full_checkpoint_set
julia2	/data/42-julia-hpc-ai-cv-students/s471802/nn-gpt-runs/parallel_runs/20260612_4pattern_a18_cifar10_e5_p3500_c1200_s100_h100x4_shared_ablation_no_diversity_bonus_seed42/grpo_backbone_outputs_trainer/checkpoint-50/rng_state.pth	15407	local_disk_insufficient_for_full_checkpoint_set
julia2	/data/42-julia-hpc-ai-cv-students/s471802/nn-gpt-runs/parallel_runs/20260612_4pattern_a18_cifar10_e5_p3500_c1200_s100_h100x4_shared_ablation_no_diversity_bonus_seed42/grpo_backbone_outputs_trainer/checkpoint-50/scheduler.pt	1465	local_disk_insufficient_for_full_checkpoint_set
julia2	/data/42-julia-hpc-ai-cv-students/s471802/nn-gpt-runs/parallel_runs/20260612_4pattern_a18_cifar10_e5_p3500_c1200_s100_h100x4_shared_ablation_no_diversity_bonus_seed42/grpo_backbone_outputs_trainer/checkpoint-50/scaler.pt	1383	local_disk_insufficient_for_full_checkpoint_set
julia2	/data/42-julia-hpc-ai-cv-students/s471802/nn-gpt-runs/parallel_runs/20260612_4pattern_a18_cifar10_e5_p3500_c1200_s100_h100x4_shared_ablation_no_diversity_bonus_seed42/grpo_backbone_outputs_trainer/checkpoint-50/adapter_model.safetensors	319876032	local_disk_insufficient_for_full_checkpoint_set
julia2	/data/42-julia-hpc-ai-cv-students/s471802/nn-gpt-runs/parallel_runs/20260612_4pattern_a18_cifar10_e5_p3500_c1200_s100_h100x4_shared_ablation_no_diversity_bonus_seed42/grpo_backbone_outputs_trainer/checkpoint-100/optimizer.pt	640016419	local_disk_insufficient_for_full_checkpoint_set
julia2	/data/42-julia-hpc-ai-cv-students/s471802/nn-gpt-runs/parallel_runs/20260612_4pattern_a18_cifar10_e5_p3500_c1200_s100_h100x4_shared_ablation_no_diversity_bonus_seed42/grpo_backbone_outputs_trainer/checkpoint-100/rng_state.pth	15407	local_disk_insufficient_for_full_checkpoint_set
julia2	/data/42-julia-hpc-ai-cv-students/s471802/nn-gpt-runs/parallel_runs/20260612_4pattern_a18_cifar10_e5_p3500_c1200_s100_h100x4_shared_ablation_no_diversity_bonus_seed42/grpo_backbone_outputs_trainer/checkpoint-100/scheduler.pt	1465	local_disk_insufficient_for_full_checkpoint_set
julia2	/data/42-julia-hpc-ai-cv-students/s471802/nn-gpt-runs/parallel_runs/20260612_4pattern_a18_cifar10_e5_p3500_c1200_s100_h100x4_shared_ablation_no_diversity_bonus_seed42/grpo_backbone_outputs_trainer/checkpoint-100/scaler.pt	1383	local_disk_insufficient_for_full_checkpoint_set
julia2	/data/42-julia-hpc-ai-cv-students/s471802/nn-gpt-runs/parallel_runs/20260612_4pattern_a18_cifar10_e5_p3500_c1200_s100_h100x4_shared_ablation_no_diversity_bonus_seed42/grpo_backbone_outputs_trainer/checkpoint-100/adapter_model.safetensors	319876032	local_disk_insufficient_for_full_checkpoint_set
julia2	/data/42-julia-hpc-ai-cv-students/s471802/nn-gpt-runs/parallel_runs/20260612_4pattern_a18_cifar10_e5_p3500_c1200_s100_h100x4_shared_ablation_no_diversity_bonus_seed42/grpo_backbone_outputs_trainer/checkpoint-25/optimizer.pt	640016419	local_disk_insufficient_for_full_checkpoint_set
julia2	/data/42-julia-hpc-ai-cv-students/s471802/nn-gpt-runs/parallel_runs/20260612_4pattern_a18_cifar10_e5_p3500_c1200_s100_h100x4_shared_ablation_no_diversity_bonus_seed42/grpo_backbone_outputs_trainer/checkpoint-25/rng_state.pth	15407	local_disk_insufficient_for_full_checkpoint_set
julia2	/data/42-julia-hpc-ai-cv-students/s471802/nn-gpt-runs/parallel_runs/20260612_4pattern_a18_cifar10_e5_p3500_c1200_s100_h100x4_shared_ablation_no_diversity_bonus_seed42/grpo_backbone_outputs_trainer/checkpoint-25/scheduler.pt	1465	local_disk_insufficient_for_full_checkpoint_set
julia2	/data/42-julia-hpc-ai-cv-students/s471802/nn-gpt-runs/parallel_runs/20260612_4pattern_a18_cifar10_e5_p3500_c1200_s100_h100x4_shared_ablation_no_diversity_bonus_seed42/grpo_backbone_outputs_trainer/checkpoint-25/scaler.pt	1383	local_disk_insufficient_for_full_checkpoint_set
julia2	/data/42-julia-hpc-ai-cv-students/s471802/nn-gpt-runs/parallel_runs/20260612_4pattern_a18_cifar10_e5_p3500_c1200_s100_h100x4_shared_ablation_no_diversity_bonus_seed42/grpo_backbone_outputs_trainer/checkpoint-25/adapter_model.safetensors	319876032	local_disk_insufficient_for_full_checkpoint_set
julia2	/data/42-julia-hpc-ai-cv-students/s471802/nn-gpt-runs/parallel_runs/20260627_4pattern_a18_cifar10_e5_p3500_c1200_s100_h100x4_shared_full_full_reward_seed514/grpo_backbone_outputs/checkpoints/stage2_formal_explore/adapter/adapter_model.safetensors	319876032	local_disk_insufficient_for_full_checkpoint_set
julia2	/data/42-julia-hpc-ai-cv-students/s471802/nn-gpt-runs/parallel_runs/20260627_4pattern_a18_cifar10_e5_p3500_c1200_s100_h100x4_shared_full_full_reward_seed514/grpo_backbone_outputs_trainer/checkpoint-90/optimizer.pt	640016419	local_disk_insufficient_for_full_checkpoint_set
julia2	/data/42-julia-hpc-ai-cv-students/s471802/nn-gpt-runs/parallel_runs/20260627_4pattern_a18_cifar10_e5_p3500_c1200_s100_h100x4_shared_full_full_reward_seed514/grpo_backbone_outputs_trainer/checkpoint-90/rng_state.pth	15407	local_disk_insufficient_for_full_checkpoint_set
julia2	/data/42-julia-hpc-ai-cv-students/s471802/nn-gpt-runs/parallel_runs/20260627_4pattern_a18_cifar10_e5_p3500_c1200_s100_h100x4_shared_full_full_reward_seed514/grpo_backbone_outputs_trainer/checkpoint-90/scheduler.pt	1465	local_disk_insufficient_for_full_checkpoint_set
julia2	/data/42-julia-hpc-ai-cv-students/s471802/nn-gpt-runs/parallel_runs/20260627_4pattern_a18_cifar10_e5_p3500_c1200_s100_h100x4_shared_full_full_reward_seed514/grpo_backbone_outputs_trainer/checkpoint-90/scaler.pt	1383	local_disk_insufficient_for_full_checkpoint_set
julia2	/data/42-julia-hpc-ai-cv-students/s471802/nn-gpt-runs/parallel_runs/20260627_4pattern_a18_cifar10_e5_p3500_c1200_s100_h100x4_shared_full_full_reward_seed514/grpo_backbone_outputs_trainer/checkpoint-90/adapter_model.safetensors	319876032	local_disk_insufficient_for_full_checkpoint_set
julia2	/data/42-julia-hpc-ai-cv-students/s471802/nn-gpt-runs/parallel_runs/20260627_4pattern_a18_cifar10_e5_p3500_c1200_s100_h100x4_shared_full_full_reward_seed514/grpo_backbone_outputs_trainer/checkpoint-95/optimizer.pt	640016419	local_disk_insufficient_for_full_checkpoint_set
julia2	/data/42-julia-hpc-ai-cv-students/s471802/nn-gpt-runs/parallel_runs/20260627_4pattern_a18_cifar10_e5_p3500_c1200_s100_h100x4_shared_full_full_reward_seed514/grpo_backbone_outputs_trainer/checkpoint-95/rng_state.pth	15407	local_disk_insufficient_for_full_checkpoint_set
julia2	/data/42-julia-hpc-ai-cv-students/s471802/nn-gpt-runs/parallel_runs/20260627_4pattern_a18_cifar10_e5_p3500_c1200_s100_h100x4_shared_full_full_reward_seed514/grpo_backbone_outputs_trainer/checkpoint-95/scheduler.pt	1465	local_disk_insufficient_for_full_checkpoint_set
julia2	/data/42-julia-hpc-ai-cv-students/s471802/nn-gpt-runs/parallel_runs/20260627_4pattern_a18_cifar10_e5_p3500_c1200_s100_h100x4_shared_full_full_reward_seed514/grpo_backbone_outputs_trainer/checkpoint-95/scaler.pt	1383	local_disk_insufficient_for_full_checkpoint_set
julia2	/data/42-julia-hpc-ai-cv-students/s471802/nn-gpt-runs/parallel_runs/20260627_4pattern_a18_cifar10_e5_p3500_c1200_s100_h100x4_shared_full_full_reward_seed514/grpo_backbone_outputs_trainer/checkpoint-95/adapter_model.safetensors	319876032	local_disk_insufficient_for_full_checkpoint_set
julia2	/data/42-julia-hpc-ai-cv-students/s471802/nn-gpt-runs/parallel_runs/20260627_4pattern_a18_cifar10_e5_p3500_c1200_s100_h100x4_shared_full_full_reward_seed514/grpo_backbone_outputs_trainer/checkpoint-85/optimizer.pt	640016419	local_disk_insufficient_for_full_checkpoint_set
julia2	/data/42-julia-hpc-ai-cv-students/s471802/nn-gpt-runs/parallel_runs/20260627_4pattern_a18_cifar10_e5_p3500_c1200_s100_h100x4_shared_full_full_reward_seed514/grpo_backbone_outputs_trainer/checkpoint-85/rng_state.pth	15407	local_disk_insufficient_for_full_checkpoint_set
julia2	/data/42-julia-hpc-ai-cv-students/s471802/nn-gpt-runs/parallel_runs/20260627_4pattern_a18_cifar10_e5_p3500_c1200_s100_h100x4_shared_full_full_reward_seed514/grpo_backbone_outputs_trainer/checkpoint-85/scheduler.pt	1465	local_disk_insufficient_for_full_checkpoint_set
julia2	/data/42-julia-hpc-ai-cv-students/s471802/nn-gpt-runs/parallel_runs/20260627_4pattern_a18_cifar10_e5_p3500_c1200_s100_h100x4_shared_full_full_reward_seed514/grpo_backbone_outputs_trainer/checkpoint-85/scaler.pt	1383	local_disk_insufficient_for_full_checkpoint_set
julia2	/data/42-julia-hpc-ai-cv-students/s471802/nn-gpt-runs/parallel_runs/20260627_4pattern_a18_cifar10_e5_p3500_c1200_s100_h100x4_shared_full_full_reward_seed514/grpo_backbone_outputs_trainer/checkpoint-85/adapter_model.safetensors	319876032	local_disk_insufficient_for_full_checkpoint_set
julia2	/data/42-julia-hpc-ai-cv-students/s471802/nn-gpt-runs/parallel_runs/20260627_4pattern_a18_cifar10_e5_p3500_c1200_s100_h100x4_shared_full_full_reward_seed514/grpo_backbone_outputs_trainer/checkpoint-100/optimizer.pt	640016419	local_disk_insufficient_for_full_checkpoint_set
julia2	/data/42-julia-hpc-ai-cv-students/s471802/nn-gpt-runs/parallel_runs/20260627_4pattern_a18_cifar10_e5_p3500_c1200_s100_h100x4_shared_full_full_reward_seed514/grpo_backbone_outputs_trainer/checkpoint-100/rng_state.pth	15407	local_disk_insufficient_for_full_checkpoint_set
julia2	/data/42-julia-hpc-ai-cv-students/s471802/nn-gpt-runs/parallel_runs/20260627_4pattern_a18_cifar10_e5_p3500_c1200_s100_h100x4_shared_full_full_reward_seed514/grpo_backbone_outputs_trainer/checkpoint-100/scheduler.pt	1465	local_disk_insufficient_for_full_checkpoint_set
julia2	/data/42-julia-hpc-ai-cv-students/s471802/nn-gpt-runs/parallel_runs/20260627_4pattern_a18_cifar10_e5_p3500_c1200_s100_h100x4_shared_full_full_reward_seed514/grpo_backbone_outputs_trainer/checkpoint-100/scaler.pt	1383	local_disk_insufficient_for_full_checkpoint_set
julia2	/data/42-julia-hpc-ai-cv-students/s471802/nn-gpt-runs/parallel_runs/20260627_4pattern_a18_cifar10_e5_p3500_c1200_s100_h100x4_shared_full_full_reward_seed514/grpo_backbone_outputs_trainer/checkpoint-100/adapter_model.safetensors	319876032	local_disk_insufficient_for_full_checkpoint_set
julia2	/data/42-julia-hpc-ai-cv-students/s471802/nn-gpt-runs/parallel_runs/20260625_1535_4pattern_a18_cifar10_e5_p3500_c1200_s800_h100x8_ablation_extra_no_repeat_penalty_seed777/grpo_backbone_outputs/checkpoints/stage2_formal_explore/adapter/adapter_model.safetensors	319876032	local_disk_insufficient_for_full_checkpoint_set
julia2	/data/42-julia-hpc-ai-cv-students/s471802/nn-gpt-runs/parallel_runs/20260625_1535_4pattern_a18_cifar10_e5_p3500_c1200_s800_h100x8_ablation_extra_no_repeat_penalty_seed777/grpo_backbone_outputs_trainer/checkpoint-75/optimizer.pt	640016419	local_disk_insufficient_for_full_checkpoint_set
julia2	/data/42-julia-hpc-ai-cv-students/s471802/nn-gpt-runs/parallel_runs/20260625_1535_4pattern_a18_cifar10_e5_p3500_c1200_s800_h100x8_ablation_extra_no_repeat_penalty_seed777/grpo_backbone_outputs_trainer/checkpoint-75/rng_state.pth	16359	local_disk_insufficient_for_full_checkpoint_set
julia2	/data/42-julia-hpc-ai-cv-students/s471802/nn-gpt-runs/parallel_runs/20260625_1535_4pattern_a18_cifar10_e5_p3500_c1200_s800_h100x8_ablation_extra_no_repeat_penalty_seed777/grpo_backbone_outputs_trainer/checkpoint-75/scheduler.pt	1465	local_disk_insufficient_for_full_checkpoint_set
julia2	/data/42-julia-hpc-ai-cv-students/s471802/nn-gpt-runs/parallel_runs/20260625_1535_4pattern_a18_cifar10_e5_p3500_c1200_s800_h100x8_ablation_extra_no_repeat_penalty_seed777/grpo_backbone_outputs_trainer/checkpoint-75/scaler.pt	1383	local_disk_insufficient_for_full_checkpoint_set
julia2	/data/42-julia-hpc-ai-cv-students/s471802/nn-gpt-runs/parallel_runs/20260625_1535_4pattern_a18_cifar10_e5_p3500_c1200_s800_h100x8_ablation_extra_no_repeat_penalty_seed777/grpo_backbone_outputs_trainer/checkpoint-75/adapter_model.safetensors	319876032	local_disk_insufficient_for_full_checkpoint_set
julia2	/data/42-julia-hpc-ai-cv-students/s471802/nn-gpt-runs/parallel_runs/20260625_1535_4pattern_a18_cifar10_e5_p3500_c1200_s800_h100x8_ablation_extra_no_repeat_penalty_seed777/grpo_backbone_outputs_trainer/checkpoint-50/optimizer.pt	640016419	local_disk_insufficient_for_full_checkpoint_set
julia2	/data/42-julia-hpc-ai-cv-students/s471802/nn-gpt-runs/parallel_runs/20260625_1535_4pattern_a18_cifar10_e5_p3500_c1200_s800_h100x8_ablation_extra_no_repeat_penalty_seed777/grpo_backbone_outputs_trainer/checkpoint-50/rng_state.pth	16359	local_disk_insufficient_for_full_checkpoint_set
julia2	/data/42-julia-hpc-ai-cv-students/s471802/nn-gpt-runs/parallel_runs/20260625_1535_4pattern_a18_cifar10_e5_p3500_c1200_s800_h100x8_ablation_extra_no_repeat_penalty_seed777/grpo_backbone_outputs_trainer/checkpoint-50/scheduler.pt	1465	local_disk_insufficient_for_full_checkpoint_set
julia2	/data/42-julia-hpc-ai-cv-students/s471802/nn-gpt-runs/parallel_runs/20260625_1535_4pattern_a18_cifar10_e5_p3500_c1200_s800_h100x8_ablation_extra_no_repeat_penalty_seed777/grpo_backbone_outputs_trainer/checkpoint-50/scaler.pt	1383	local_disk_insufficient_for_full_checkpoint_set
julia2	/data/42-julia-hpc-ai-cv-students/s471802/nn-gpt-runs/parallel_runs/20260625_1535_4pattern_a18_cifar10_e5_p3500_c1200_s800_h100x8_ablation_extra_no_repeat_penalty_seed777/grpo_backbone_outputs_trainer/checkpoint-50/adapter_model.safetensors	319876032	local_disk_insufficient_for_full_checkpoint_set
julia2	/data/42-julia-hpc-ai-cv-students/s471802/nn-gpt-runs/parallel_runs/20260625_1535_4pattern_a18_cifar10_e5_p3500_c1200_s800_h100x8_ablation_extra_no_repeat_penalty_seed777/grpo_backbone_outputs_trainer/checkpoint-100/optimizer.pt	640016419	local_disk_insufficient_for_full_checkpoint_set
julia2	/data/42-julia-hpc-ai-cv-students/s471802/nn-gpt-runs/parallel_runs/20260625_1535_4pattern_a18_cifar10_e5_p3500_c1200_s800_h100x8_ablation_extra_no_repeat_penalty_seed777/grpo_backbone_outputs_trainer/checkpoint-100/rng_state.pth	16359	local_disk_insufficient_for_full_checkpoint_set
julia2	/data/42-julia-hpc-ai-cv-students/s471802/nn-gpt-runs/parallel_runs/20260625_1535_4pattern_a18_cifar10_e5_p3500_c1200_s800_h100x8_ablation_extra_no_repeat_penalty_seed777/grpo_backbone_outputs_trainer/checkpoint-100/scheduler.pt	1465	local_disk_insufficient_for_full_checkpoint_set
julia2	/data/42-julia-hpc-ai-cv-students/s471802/nn-gpt-runs/parallel_runs/20260625_1535_4pattern_a18_cifar10_e5_p3500_c1200_s800_h100x8_ablation_extra_no_repeat_penalty_seed777/grpo_backbone_outputs_trainer/checkpoint-100/scaler.pt	1383	local_disk_insufficient_for_full_checkpoint_set
julia2	/data/42-julia-hpc-ai-cv-students/s471802/nn-gpt-runs/parallel_runs/20260625_1535_4pattern_a18_cifar10_e5_p3500_c1200_s800_h100x8_ablation_extra_no_repeat_penalty_seed777/grpo_backbone_outputs_trainer/checkpoint-100/adapter_model.safetensors	319876032	local_disk_insufficient_for_full_checkpoint_set
julia2	/data/42-julia-hpc-ai-cv-students/s471802/nn-gpt-runs/parallel_runs/20260625_1535_4pattern_a18_cifar10_e5_p3500_c1200_s800_h100x8_ablation_extra_no_repeat_penalty_seed777/grpo_backbone_outputs_trainer/checkpoint-25/optimizer.pt	640016419	local_disk_insufficient_for_full_checkpoint_set
julia2	/data/42-julia-hpc-ai-cv-students/s471802/nn-gpt-runs/parallel_runs/20260625_1535_4pattern_a18_cifar10_e5_p3500_c1200_s800_h100x8_ablation_extra_no_repeat_penalty_seed777/grpo_backbone_outputs_trainer/checkpoint-25/rng_state.pth	16359	local_disk_insufficient_for_full_checkpoint_set
julia2	/data/42-julia-hpc-ai-cv-students/s471802/nn-gpt-runs/parallel_runs/20260625_1535_4pattern_a18_cifar10_e5_p3500_c1200_s800_h100x8_ablation_extra_no_repeat_penalty_seed777/grpo_backbone_outputs_trainer/checkpoint-25/scheduler.pt	1465	local_disk_insufficient_for_full_checkpoint_set
julia2	/data/42-julia-hpc-ai-cv-students/s471802/nn-gpt-runs/parallel_runs/20260625_1535_4pattern_a18_cifar10_e5_p3500_c1200_s800_h100x8_ablation_extra_no_repeat_penalty_seed777/grpo_backbone_outputs_trainer/checkpoint-25/scaler.pt	1383	local_disk_insufficient_for_full_checkpoint_set
julia2	/data/42-julia-hpc-ai-cv-students/s471802/nn-gpt-runs/parallel_runs/20260625_1535_4pattern_a18_cifar10_e5_p3500_c1200_s800_h100x8_ablation_extra_no_repeat_penalty_seed777/grpo_backbone_outputs_trainer/checkpoint-25/adapter_model.safetensors	319876032	local_disk_insufficient_for_full_checkpoint_set
