job_id	run_id	source_log_path
2489891	20260421_1822_isolated_verify	/data/42-julia-hpc-ai-cv-students/s471802/nn-gpt-runs/parallel_runs/20260421_1822_isolated_verify/slurm/tunerl-isolated_verify-2489891.err
2489891	20260421_1822_isolated_verify	/data/42-julia-hpc-ai-cv-students/s471802/nn-gpt-runs/parallel_runs/20260421_1822_isolated_verify/slurm/tunerl-isolated_verify-2489891.out
2489961	20260421_1822_isolated_verify	/data/42-julia-hpc-ai-cv-students/s471802/nn-gpt-runs/parallel_runs/20260421_1822_isolated_verify/slurm/tunerl-finalize-isolated_verify-2489961.err
2489961	20260421_1822_isolated_verify	/data/42-julia-hpc-ai-cv-students/s471802/nn-gpt-runs/parallel_runs/20260421_1822_isolated_verify/slurm/tunerl-finalize-isolated_verify-2489961.out
2489961	20260421_1822_isolated_verify	/data/42-julia-hpc-ai-cv-students/s471802/nn-gpt-runs/parallel_runs/20260421_1822_isolated_verify/slurm/tunerl-isolated_verify-2489961.err
2489961	20260421_1822_isolated_verify	/data/42-julia-hpc-ai-cv-students/s471802/nn-gpt-runs/parallel_runs/20260421_1822_isolated_verify/slurm/tunerl-isolated_verify-2489961.out
2490224	20260421_1924_manual_doc_verify	/data/42-julia-hpc-ai-cv-students/s471802/nn-gpt-runs/parallel_runs/20260421_1924_manual_doc_verify/slurm/tunerl-finalize-manual_doc_verify-2490224.err
2490224	20260421_1924_manual_doc_verify	/data/42-julia-hpc-ai-cv-students/s471802/nn-gpt-runs/parallel_runs/20260421_1924_manual_doc_verify/slurm/tunerl-finalize-manual_doc_verify-2490224.out
2490224	20260421_1924_manual_doc_verify	/data/42-julia-hpc-ai-cv-students/s471802/nn-gpt-runs/parallel_runs/20260421_1924_manual_doc_verify/slurm/tunerl-manual_doc_verify-2490224.err
2490224	20260421_1924_manual_doc_verify	/data/42-julia-hpc-ai-cv-students/s471802/nn-gpt-runs/parallel_runs/20260421_1924_manual_doc_verify/slurm/tunerl-manual_doc_verify-2490224.out
2493788	20260423_1220_formal10_overlay_run_4gpu	/data/42-julia-hpc-ai-cv-students/s471802/nn-gpt-runs/parallel_runs/20260423_1220_formal10_overlay_run_4gpu/slurm/tunerl-finalize-formal10_overlay_run-2493788.err
2493788	20260423_1220_formal10_overlay_run_4gpu	/data/42-julia-hpc-ai-cv-students/s471802/nn-gpt-runs/parallel_runs/20260423_1220_formal10_overlay_run_4gpu/slurm/tunerl-finalize-formal10_overlay_run-2493788.out
2493788	20260423_1220_formal10_overlay_run_4gpu	/data/42-julia-hpc-ai-cv-students/s471802/nn-gpt-runs/parallel_runs/20260423_1220_formal10_overlay_run_4gpu/slurm/tunerl-formal10_overlay_run-2493788.err
2493788	20260423_1220_formal10_overlay_run_4gpu	/data/42-julia-hpc-ai-cv-students/s471802/nn-gpt-runs/parallel_runs/20260423_1220_formal10_overlay_run_4gpu/slurm/tunerl-formal10_overlay_run-2493788.out
2496249	20260423_1220_formal10_overlay_run_4gpu	/data/42-julia-hpc-ai-cv-students/s471802/nn-gpt-runs/parallel_runs/20260423_1220_formal10_overlay_run_4gpu/slurm/plot-formal10-overlay-2496249.err
2496249	20260423_1220_formal10_overlay_run_4gpu	/data/42-julia-hpc-ai-cv-students/s471802/nn-gpt-runs/parallel_runs/20260423_1220_formal10_overlay_run_4gpu/slurm/plot-formal10-overlay-2496249.out
2496276	20260423_1220_formal10_overlay_run_4gpu	/data/42-julia-hpc-ai-cv-students/s471802/nn-gpt-runs/parallel_runs/20260423_1220_formal10_overlay_run_4gpu/slurm/tunerl-finalize-formal10_overlay_run-2496276.err
2496276	20260423_1220_formal10_overlay_run_4gpu	/data/42-julia-hpc-ai-cv-students/s471802/nn-gpt-runs/parallel_runs/20260423_1220_formal10_overlay_run_4gpu/slurm/tunerl-finalize-formal10_overlay_run-2496276.out
2496276	20260423_1220_formal10_overlay_run_4gpu	/data/42-julia-hpc-ai-cv-students/s471802/nn-gpt-runs/parallel_runs/20260423_1220_formal10_overlay_run_4gpu/slurm/tunerl-formal10_overlay_run-2496276.err
2496276	20260423_1220_formal10_overlay_run_4gpu	/data/42-julia-hpc-ai-cv-students/s471802/nn-gpt-runs/parallel_runs/20260423_1220_formal10_overlay_run_4gpu/slurm/tunerl-formal10_overlay_run-2496276.out
2496290	20260423_1220_formal10_overlay_run_4gpu	/data/42-julia-hpc-ai-cv-students/s471802/nn-gpt-runs/parallel_runs/20260423_1220_formal10_overlay_run_4gpu/slurm/tunerl-finalize-formal10_overlay_run-2496290.err
2496290	20260423_1220_formal10_overlay_run_4gpu	/data/42-julia-hpc-ai-cv-students/s471802/nn-gpt-runs/parallel_runs/20260423_1220_formal10_overlay_run_4gpu/slurm/tunerl-finalize-formal10_overlay_run-2496290.out
2496290	20260423_1220_formal10_overlay_run_4gpu	/data/42-julia-hpc-ai-cv-students/s471802/nn-gpt-runs/parallel_runs/20260423_1220_formal10_overlay_run_4gpu/slurm/tunerl-formal10_overlay_run-2496290.err
2496290	20260423_1220_formal10_overlay_run_4gpu	/data/42-julia-hpc-ai-cv-students/s471802/nn-gpt-runs/parallel_runs/20260423_1220_formal10_overlay_run_4gpu/slurm/tunerl-formal10_overlay_run-2496290.out
2496304	20260423_1220_formal10_overlay_run_4gpu	/data/42-julia-hpc-ai-cv-students/s471802/nn-gpt-runs/parallel_runs/20260423_1220_formal10_overlay_run_4gpu/slurm/tunerl-finalize-formal10_overlay_run-2496304.err
2496304	20260423_1220_formal10_overlay_run_4gpu	/data/42-julia-hpc-ai-cv-students/s471802/nn-gpt-runs/parallel_runs/20260423_1220_formal10_overlay_run_4gpu/slurm/tunerl-finalize-formal10_overlay_run-2496304.out
2496304	20260423_1220_formal10_overlay_run_4gpu	/data/42-julia-hpc-ai-cv-students/s471802/nn-gpt-runs/parallel_runs/20260423_1220_formal10_overlay_run_4gpu/slurm/tunerl-formal10_overlay_run-2496304.err
2496304	20260423_1220_formal10_overlay_run_4gpu	/data/42-julia-hpc-ai-cv-students/s471802/nn-gpt-runs/parallel_runs/20260423_1220_formal10_overlay_run_4gpu/slurm/tunerl-formal10_overlay_run-2496304.out
2496308	20260423_1220_formal10_overlay_run_4gpu	/data/42-julia-hpc-ai-cv-students/s471802/nn-gpt-runs/parallel_runs/20260423_1220_formal10_overlay_run_4gpu/slurm/tunerl-finalize-formal10_overlay_run-2496308.err
2496308	20260423_1220_formal10_overlay_run_4gpu	/data/42-julia-hpc-ai-cv-students/s471802/nn-gpt-runs/parallel_runs/20260423_1220_formal10_overlay_run_4gpu/slurm/tunerl-finalize-formal10_overlay_run-2496308.out
2496308	20260423_1220_formal10_overlay_run_4gpu	/data/42-julia-hpc-ai-cv-students/s471802/nn-gpt-runs/parallel_runs/20260423_1220_formal10_overlay_run_4gpu/slurm/tunerl-formal10_overlay_run-2496308.err
2496308	20260423_1220_formal10_overlay_run_4gpu	/data/42-julia-hpc-ai-cv-students/s471802/nn-gpt-runs/parallel_runs/20260423_1220_formal10_overlay_run_4gpu/slurm/tunerl-formal10_overlay_run-2496308.out
2496382	20260423_1220_formal10_overlay_run_4gpu	/data/42-julia-hpc-ai-cv-students/s471802/nn-gpt-runs/parallel_runs/20260423_1220_formal10_overlay_run_4gpu/slurm/tunerl-finalize-formal10_overlay_run-2496382.err
2496382	20260423_1220_formal10_overlay_run_4gpu	/data/42-julia-hpc-ai-cv-students/s471802/nn-gpt-runs/parallel_runs/20260423_1220_formal10_overlay_run_4gpu/slurm/tunerl-finalize-formal10_overlay_run-2496382.out
2496382	20260423_1220_formal10_overlay_run_4gpu	/data/42-julia-hpc-ai-cv-students/s471802/nn-gpt-runs/parallel_runs/20260423_1220_formal10_overlay_run_4gpu/slurm/tunerl-formal10_overlay_run-2496382.err
2496382	20260423_1220_formal10_overlay_run_4gpu	/data/42-julia-hpc-ai-cv-students/s471802/nn-gpt-runs/parallel_runs/20260423_1220_formal10_overlay_run_4gpu/slurm/tunerl-formal10_overlay_run-2496382.out
2498275	20260423_1220_formal10_overlay_run_4gpu	/data/42-julia-hpc-ai-cv-students/s471802/nn-gpt-runs/parallel_runs/20260423_1220_formal10_overlay_run_4gpu/slurm/plot-2498275.err
2498275	20260423_1220_formal10_overlay_run_4gpu	/data/42-julia-hpc-ai-cv-students/s471802/nn-gpt-runs/parallel_runs/20260423_1220_formal10_overlay_run_4gpu/slurm/plot-2498275.out
2498331	20260423_1220_formal10_overlay_run_4gpu	/data/42-julia-hpc-ai-cv-students/s471802/nn-gpt-runs/parallel_runs/20260423_1220_formal10_overlay_run_4gpu/slurm/plot-zoom-2498331.err
2498331	20260423_1220_formal10_overlay_run_4gpu	/data/42-julia-hpc-ai-cv-students/s471802/nn-gpt-runs/parallel_runs/20260423_1220_formal10_overlay_run_4gpu/slurm/plot-zoom-2498331.out
2500440	20260423_1220_formal10_overlay_run_4gpu	/data/42-julia-hpc-ai-cv-students/s471802/nn-gpt-runs/parallel_runs/20260423_1220_formal10_overlay_run_4gpu/slurm/plot-current-2500440.err
2500440	20260423_1220_formal10_overlay_run_4gpu	/data/42-julia-hpc-ai-cv-students/s471802/nn-gpt-runs/parallel_runs/20260423_1220_formal10_overlay_run_4gpu/slurm/plot-current-2500440.out
2500494	20260425_1410_formal_quality_diversity_stage2_std3	/data/42-julia-hpc-ai-cv-students/s471802/nn-gpt-runs/parallel_runs/20260425_1410_formal_quality_diversity_stage2_std3/slurm/tunerl-finalize-formal_quality_diversity_stage2_std3-2500494.err
2500494	20260425_1410_formal_quality_diversity_stage2_std3	/data/42-julia-hpc-ai-cv-students/s471802/nn-gpt-runs/parallel_runs/20260425_1410_formal_quality_diversity_stage2_std3/slurm/tunerl-finalize-formal_quality_diversity_stage2_std3-2500494.out
2500494	20260425_1410_formal_quality_diversity_stage2_std3	/data/42-julia-hpc-ai-cv-students/s471802/nn-gpt-runs/parallel_runs/20260425_1410_formal_quality_diversity_stage2_std3/slurm/tunerl-formal_quality_diversity_stage2_std3-2500494.err
2500494	20260425_1410_formal_quality_diversity_stage2_std3	/data/42-julia-hpc-ai-cv-students/s471802/nn-gpt-runs/parallel_runs/20260425_1410_formal_quality_diversity_stage2_std3/slurm/tunerl-formal_quality_diversity_stage2_std3-2500494.out
2502326	20260426_1905_main_resume_quality_diversity_std3	/data/42-julia-hpc-ai-cv-students/s471802/nn-gpt-runs/parallel_runs/20260426_1905_main_resume_quality_diversity_std3/slurm/tunerl-finalize-main_resume_quality_diversity_std3-2502326.err
2502326	20260426_1905_main_resume_quality_diversity_std3	/data/42-julia-hpc-ai-cv-students/s471802/nn-gpt-runs/parallel_runs/20260426_1905_main_resume_quality_diversity_std3/slurm/tunerl-finalize-main_resume_quality_diversity_std3-2502326.out
2502326	20260426_1905_main_resume_quality_diversity_std3	/data/42-julia-hpc-ai-cv-students/s471802/nn-gpt-runs/parallel_runs/20260426_1905_main_resume_quality_diversity_std3/slurm/tunerl-main_resume_quality_diversity_std3-2502326.err
2502326	20260426_1905_main_resume_quality_diversity_std3	/data/42-julia-hpc-ai-cv-students/s471802/nn-gpt-runs/parallel_runs/20260426_1905_main_resume_quality_diversity_std3/slurm/tunerl-main_resume_quality_diversity_std3-2502326.out
2503184	20260426_1905_main_resume_quality_diversity_std3	/data/42-julia-hpc-ai-cv-students/s471802/nn-gpt-runs/parallel_runs/20260426_1905_main_resume_quality_diversity_std3/slurm/tunerl-finalize-main_resume_quality_diversity_h100-2503184.err
2503184	20260426_1905_main_resume_quality_diversity_std3	/data/42-julia-hpc-ai-cv-students/s471802/nn-gpt-runs/parallel_runs/20260426_1905_main_resume_quality_diversity_std3/slurm/tunerl-finalize-main_resume_quality_diversity_h100-2503184.out
2503184	20260426_1905_main_resume_quality_diversity_std3	/data/42-julia-hpc-ai-cv-students/s471802/nn-gpt-runs/parallel_runs/20260426_1905_main_resume_quality_diversity_std3/slurm/tunerl-main_resume_quality_diversity_h100-2503184.err
2503184	20260426_1905_main_resume_quality_diversity_std3	/data/42-julia-hpc-ai-cv-students/s471802/nn-gpt-runs/parallel_runs/20260426_1905_main_resume_quality_diversity_std3/slurm/tunerl-main_resume_quality_diversity_h100-2503184.out
2504149	20260427_1747_refactor_main_resume_quality_diversity	/data/42-julia-hpc-ai-cv-students/s471802/nn-gpt-runs/parallel_runs/20260427_1747_refactor_main_resume_quality_diversity/slurm/tunerl-finalize-refactor_main_resume_quality_diversity-2504149.err
2504149	20260427_1747_refactor_main_resume_quality_diversity	/data/42-julia-hpc-ai-cv-students/s471802/nn-gpt-runs/parallel_runs/20260427_1747_refactor_main_resume_quality_diversity/slurm/tunerl-finalize-refactor_main_resume_quality_diversity-2504149.out
2504149	20260427_1747_refactor_main_resume_quality_diversity	/data/42-julia-hpc-ai-cv-students/s471802/nn-gpt-runs/parallel_runs/20260427_1747_refactor_main_resume_quality_diversity/slurm/tunerl-refactor_main_resume_quality_diversity-2504149.err
2504149	20260427_1747_refactor_main_resume_quality_diversity	/data/42-julia-hpc-ai-cv-students/s471802/nn-gpt-runs/parallel_runs/20260427_1747_refactor_main_resume_quality_diversity/slurm/tunerl-refactor_main_resume_quality_diversity-2504149.out
2511049	20260428_2231_tunebackbone_struct1_full	/data/42-julia-hpc-ai-cv-students/s471802/nn-gpt-runs/parallel_runs/20260428_2231_tunebackbone_struct1_full/slurm/tunebackbone-struct1-2511049.err
2511049	20260428_2231_tunebackbone_struct1_full	/data/42-julia-hpc-ai-cv-students/s471802/nn-gpt-runs/parallel_runs/20260428_2231_tunebackbone_struct1_full/slurm/tunebackbone-struct1-2511049.out
2511058	20260428_2236_tunebackbone_struct1_1gpu6worker	/data/42-julia-hpc-ai-cv-students/s471802/nn-gpt-runs/parallel_runs/20260428_2236_tunebackbone_struct1_1gpu6worker/slurm/tunebackbone-struct1-1gpu6w-2511058.err
2511058	20260428_2236_tunebackbone_struct1_1gpu6worker	/data/42-julia-hpc-ai-cv-students/s471802/nn-gpt-runs/parallel_runs/20260428_2236_tunebackbone_struct1_1gpu6worker/slurm/tunebackbone-struct1-1gpu6w-2511058.out
2512786	20260429_0924_tunebackbone_struct1_1gpu6worker_formal	/data/42-julia-hpc-ai-cv-students/s471802/nn-gpt-runs/parallel_runs/20260429_0924_tunebackbone_struct1_1gpu6worker_formal/slurm/tunebackbone-struct1-1gpu6w-2512786.err
2512786	20260429_0924_tunebackbone_struct1_1gpu6worker_formal	/data/42-julia-hpc-ai-cv-students/s471802/nn-gpt-runs/parallel_runs/20260429_0924_tunebackbone_struct1_1gpu6worker_formal/slurm/tunebackbone-struct1-1gpu6w-2512786.out
2513168	20260429_1141_tunebackbone_struct1_1gpu6worker_formal_sftcfg	/data/42-julia-hpc-ai-cv-students/s471802/nn-gpt-runs/parallel_runs/20260429_1141_tunebackbone_struct1_1gpu6worker_formal_sftcfg/slurm/tunebackbone-struct1-1gpu6w-2513168.err
2513168	20260429_1141_tunebackbone_struct1_1gpu6worker_formal_sftcfg	/data/42-julia-hpc-ai-cv-students/s471802/nn-gpt-runs/parallel_runs/20260429_1141_tunebackbone_struct1_1gpu6worker_formal_sftcfg/slurm/tunebackbone-struct1-1gpu6w-2513168.out
2513169	20260429_1141_tunebackbone_struct1_1gpu6worker_formal_sftcfg	/data/42-julia-hpc-ai-cv-students/s471802/nn-gpt-runs/parallel_runs/20260429_1141_tunebackbone_struct1_1gpu6worker_formal_sftcfg/slurm/tunebackbone-struct1-1gpu6w-2513169.err
2513169	20260429_1141_tunebackbone_struct1_1gpu6worker_formal_sftcfg	/data/42-julia-hpc-ai-cv-students/s471802/nn-gpt-runs/parallel_runs/20260429_1141_tunebackbone_struct1_1gpu6worker_formal_sftcfg/slurm/tunebackbone-struct1-1gpu6w-2513169.out
2513663	20260429_1428_tunebackbone_struct1_standard3gpu6worker_formal_sftcfg_allgpu	/data/42-julia-hpc-ai-cv-students/s471802/nn-gpt-runs/parallel_runs/20260429_1428_tunebackbone_struct1_standard3gpu6worker_formal_sftcfg_allgpu/slurm/tunebackbone-struct1-std3gpu-2513663.err
2513663	20260429_1428_tunebackbone_struct1_standard3gpu6worker_formal_sftcfg_allgpu	/data/42-julia-hpc-ai-cv-students/s471802/nn-gpt-runs/parallel_runs/20260429_1428_tunebackbone_struct1_standard3gpu6worker_formal_sftcfg_allgpu/slurm/tunebackbone-struct1-std3gpu-2513663.out
2514410	20260429_1651_tunebackbone_struct1_standard3gpu6worker_formal_dtypefix	/data/42-julia-hpc-ai-cv-students/s471802/nn-gpt-runs/parallel_runs/20260429_1651_tunebackbone_struct1_standard3gpu6worker_formal_dtypefix/slurm/tunebackbone-struct1-std3gpu-2514410.err
2514410	20260429_1651_tunebackbone_struct1_standard3gpu6worker_formal_dtypefix	/data/42-julia-hpc-ai-cv-students/s471802/nn-gpt-runs/parallel_runs/20260429_1651_tunebackbone_struct1_standard3gpu6worker_formal_dtypefix/slurm/tunebackbone-struct1-std3gpu-2514410.out
2514595	20260429_1659_tunebackbone_struct1_standard3gpu6worker_formal_dtypefix_skip0	/data/42-julia-hpc-ai-cv-students/s471802/nn-gpt-runs/parallel_runs/20260429_1659_tunebackbone_struct1_standard3gpu6worker_formal_dtypefix_skip0/slurm/tunebackbone-struct1-std3gpu-2514595.err
2514595	20260429_1659_tunebackbone_struct1_standard3gpu6worker_formal_dtypefix_skip0	/data/42-julia-hpc-ai-cv-students/s471802/nn-gpt-runs/parallel_runs/20260429_1659_tunebackbone_struct1_standard3gpu6worker_formal_dtypefix_skip0/slurm/tunebackbone-struct1-std3gpu-2514595.out
2517648	20260430_0859_tunebackbone_struct1_gcv2gpu4worker_formal	/data/42-julia-hpc-ai-cv-students/s471802/nn-gpt-runs/parallel_runs/20260430_0859_tunebackbone_struct1_gcv2gpu4worker_formal/slurm/tuneback-struct1-gcv2-2517648.err
2517648	20260430_0859_tunebackbone_struct1_gcv2gpu4worker_formal	/data/42-julia-hpc-ai-cv-students/s471802/nn-gpt-runs/parallel_runs/20260430_0859_tunebackbone_struct1_gcv2gpu4worker_formal/slurm/tuneback-struct1-gcv2-2517648.out
2561123	20260502_2318_tunebackbone_struct1_contract_std3_formal	/data/42-julia-hpc-ai-cv-students/s471802/nn-gpt-runs/parallel_runs/20260502_2318_tunebackbone_struct1_contract_std3_formal/slurm/tuneback-struct1-contract-2561123.err
2561123	20260502_2318_tunebackbone_struct1_contract_std3_formal	/data/42-julia-hpc-ai-cv-students/s471802/nn-gpt-runs/parallel_runs/20260502_2318_tunebackbone_struct1_contract_std3_formal/slurm/tuneback-struct1-contract-2561123.out
2565575	20260502_2318_tunebackbone_struct1_contract_std3_formal	/data/42-julia-hpc-ai-cv-students/s471802/nn-gpt-runs/parallel_runs/20260502_2318_tunebackbone_struct1_contract_std3_formal/slurm/tuneback-plot-2565575.err
2565575	20260502_2318_tunebackbone_struct1_contract_std3_formal	/data/42-julia-hpc-ai-cv-students/s471802/nn-gpt-runs/parallel_runs/20260502_2318_tunebackbone_struct1_contract_std3_formal/slurm/tuneback-plot-2565575.out
2565576	20260502_2318_tunebackbone_struct1_contract_std3_formal	/data/42-julia-hpc-ai-cv-students/s471802/nn-gpt-runs/parallel_runs/20260502_2318_tunebackbone_struct1_contract_std3_formal/slurm/tuneback-plot-2565576.err
2565576	20260502_2318_tunebackbone_struct1_contract_std3_formal	/data/42-julia-hpc-ai-cv-students/s471802/nn-gpt-runs/parallel_runs/20260502_2318_tunebackbone_struct1_contract_std3_formal/slurm/tuneback-plot-2565576.out
2588095	20260509_0945_struct1_clean_a3_aligned_rl	/data/42-julia-hpc-ai-cv-students/s471802/nn-gpt-runs/parallel_runs/20260509_0945_struct1_clean_a3_aligned_rl/slurm/tunerl-finalize-struct1_clean_a3_aligned_rl-2588095.err
2588095	20260509_0945_struct1_clean_a3_aligned_rl	/data/42-julia-hpc-ai-cv-students/s471802/nn-gpt-runs/parallel_runs/20260509_0945_struct1_clean_a3_aligned_rl/slurm/tunerl-finalize-struct1_clean_a3_aligned_rl-2588095.out
2588098	20260509_0945_struct1_clean_a3_aligned_rl_v2	/data/42-julia-hpc-ai-cv-students/s471802/nn-gpt-runs/parallel_runs/20260509_0945_struct1_clean_a3_aligned_rl_v2/slurm/tunerl-finalize-struct1_clean_a3_aligned_rl-2588098.err
2588098	20260509_0945_struct1_clean_a3_aligned_rl_v2	/data/42-julia-hpc-ai-cv-students/s471802/nn-gpt-runs/parallel_runs/20260509_0945_struct1_clean_a3_aligned_rl_v2/slurm/tunerl-finalize-struct1_clean_a3_aligned_rl-2588098.out
2588098	20260509_0945_struct1_clean_a3_aligned_rl_v2	/data/42-julia-hpc-ai-cv-students/s471802/nn-gpt-runs/parallel_runs/20260509_0945_struct1_clean_a3_aligned_rl_v2/slurm/tunerl-struct1_clean_a3_aligned_rl-2588098.err
2588098	20260509_0945_struct1_clean_a3_aligned_rl_v2	/data/42-julia-hpc-ai-cv-students/s471802/nn-gpt-runs/parallel_runs/20260509_0945_struct1_clean_a3_aligned_rl_v2/slurm/tunerl-struct1_clean_a3_aligned_rl-2588098.out
2589251	20260509_1935_struct1_clean_a3_bf16_merged_l40s_rl	/data/42-julia-hpc-ai-cv-students/s471802/nn-gpt-runs/parallel_runs/20260509_1935_struct1_clean_a3_bf16_merged_l40s_rl/slurm/tunerl-struct1_clean_a3_bf16_merged_l40s_rl-2589251.err
2589251	20260509_1935_struct1_clean_a3_bf16_merged_l40s_rl	/data/42-julia-hpc-ai-cv-students/s471802/nn-gpt-runs/parallel_runs/20260509_1935_struct1_clean_a3_bf16_merged_l40s_rl/slurm/tunerl-struct1_clean_a3_bf16_merged_l40s_rl-2589251.out
2589263	20260509_1942_struct1_clean_a3_bf16_merged_l40s_linked_rl	/data/42-julia-hpc-ai-cv-students/s471802/nn-gpt-runs/parallel_runs/20260509_1942_struct1_clean_a3_bf16_merged_l40s_linked_rl/slurm/tunerl-finalize-struct1_clean_a3_bf16_merged_l40s_linked_rl-2589263.err
2589263	20260509_1942_struct1_clean_a3_bf16_merged_l40s_linked_rl	/data/42-julia-hpc-ai-cv-students/s471802/nn-gpt-runs/parallel_runs/20260509_1942_struct1_clean_a3_bf16_merged_l40s_linked_rl/slurm/tunerl-finalize-struct1_clean_a3_bf16_merged_l40s_linked_rl-2589263.out
2589263	20260509_1942_struct1_clean_a3_bf16_merged_l40s_linked_rl	/data/42-julia-hpc-ai-cv-students/s471802/nn-gpt-runs/parallel_runs/20260509_1942_struct1_clean_a3_bf16_merged_l40s_linked_rl/slurm/tunerl-struct1_clean_a3_bf16_merged_l40s_linked_rl-2589263.err
2589263	20260509_1942_struct1_clean_a3_bf16_merged_l40s_linked_rl	/data/42-julia-hpc-ai-cv-students/s471802/nn-gpt-runs/parallel_runs/20260509_1942_struct1_clean_a3_bf16_merged_l40s_linked_rl/slurm/tunerl-struct1_clean_a3_bf16_merged_l40s_linked_rl-2589263.out
2589285	20260509_2002_struct1_clean_a3_bf16_merged_l40s_genmb1_rl	/data/42-julia-hpc-ai-cv-students/s471802/nn-gpt-runs/parallel_runs/20260509_2002_struct1_clean_a3_bf16_merged_l40s_genmb1_rl/slurm/tunerl-finalize-struct1_clean_a3_bf16_merged_l40s_genmb1_rl-2589285.err
2589285	20260509_2002_struct1_clean_a3_bf16_merged_l40s_genmb1_rl	/data/42-julia-hpc-ai-cv-students/s471802/nn-gpt-runs/parallel_runs/20260509_2002_struct1_clean_a3_bf16_merged_l40s_genmb1_rl/slurm/tunerl-finalize-struct1_clean_a3_bf16_merged_l40s_genmb1_rl-2589285.out
2589285	20260509_2002_struct1_clean_a3_bf16_merged_l40s_genmb1_rl	/data/42-julia-hpc-ai-cv-students/s471802/nn-gpt-runs/parallel_runs/20260509_2002_struct1_clean_a3_bf16_merged_l40s_genmb1_rl/slurm/tunerl-struct1_clean_a3_bf16_merged_l40s_genmb1_rl-2589285.err
2589285	20260509_2002_struct1_clean_a3_bf16_merged_l40s_genmb1_rl	/data/42-julia-hpc-ai-cv-students/s471802/nn-gpt-runs/parallel_runs/20260509_2002_struct1_clean_a3_bf16_merged_l40s_genmb1_rl/slurm/tunerl-struct1_clean_a3_bf16_merged_l40s_genmb1_rl-2589285.out
2589354	20260509_2012_struct1_clean_a3_bf16_merged_l40s_nocache_rl	/data/42-julia-hpc-ai-cv-students/s471802/nn-gpt-runs/parallel_runs/20260509_2012_struct1_clean_a3_bf16_merged_l40s_nocache_rl/slurm/tunerl-finalize-struct1_clean_a3_bf16_merged_l40s_nocache_rl-2589354.err
2589354	20260509_2012_struct1_clean_a3_bf16_merged_l40s_nocache_rl	/data/42-julia-hpc-ai-cv-students/s471802/nn-gpt-runs/parallel_runs/20260509_2012_struct1_clean_a3_bf16_merged_l40s_nocache_rl/slurm/tunerl-finalize-struct1_clean_a3_bf16_merged_l40s_nocache_rl-2589354.out
2589354	20260509_2012_struct1_clean_a3_bf16_merged_l40s_nocache_rl	/data/42-julia-hpc-ai-cv-students/s471802/nn-gpt-runs/parallel_runs/20260509_2012_struct1_clean_a3_bf16_merged_l40s_nocache_rl/slurm/tunerl-struct1_clean_a3_bf16_merged_l40s_nocache_rl-2589354.err
2589354	20260509_2012_struct1_clean_a3_bf16_merged_l40s_nocache_rl	/data/42-julia-hpc-ai-cv-students/s471802/nn-gpt-runs/parallel_runs/20260509_2012_struct1_clean_a3_bf16_merged_l40s_nocache_rl/slurm/tunerl-struct1_clean_a3_bf16_merged_l40s_nocache_rl-2589354.out
2590349	20260509_2319_struct1_clean_a3_unmerged_compact_gcvlong_rl	/data/42-julia-hpc-ai-cv-students/s471802/nn-gpt-runs/parallel_runs/20260509_2319_struct1_clean_a3_unmerged_compact_gcvlong_rl/slurm/tunerl-a3-compact-gcvlong-2590349.err
2590349	20260509_2319_struct1_clean_a3_unmerged_compact_gcvlong_rl	/data/42-julia-hpc-ai-cv-students/s471802/nn-gpt-runs/parallel_runs/20260509_2319_struct1_clean_a3_unmerged_compact_gcvlong_rl/slurm/tunerl-a3-compact-gcvlong-2590349.out
2590349	20260509_2319_struct1_clean_a3_unmerged_compact_gcvlong_rl	/data/42-julia-hpc-ai-cv-students/s471802/nn-gpt-runs/parallel_runs/20260509_2319_struct1_clean_a3_unmerged_compact_gcvlong_rl/slurm/tunerl-finalize-struct1_clean_a3_unmerged_compact_gcvlong-2590349.err
2590349	20260509_2319_struct1_clean_a3_unmerged_compact_gcvlong_rl	/data/42-julia-hpc-ai-cv-students/s471802/nn-gpt-runs/parallel_runs/20260509_2319_struct1_clean_a3_unmerged_compact_gcvlong_rl/slurm/tunerl-finalize-struct1_clean_a3_unmerged_compact_gcvlong-2590349.out
2591358	20260510_1509_struct1_a3_archived_l40s_rl	/data/42-julia-hpc-ai-cv-students/s471802/nn-gpt-runs/parallel_runs/20260510_1509_struct1_a3_archived_l40s_rl/slurm/tunerl-struct1_a3_archived_l40s_rl-2591358.err
2591358	20260510_1509_struct1_a3_archived_l40s_rl	/data/42-julia-hpc-ai-cv-students/s471802/nn-gpt-runs/parallel_runs/20260510_1509_struct1_a3_archived_l40s_rl/slurm/tunerl-struct1_a3_archived_l40s_rl-2591358.out
2591739	20260510_2022_struct1_a3_clean_source_rl_l40s	/data/42-julia-hpc-ai-cv-students/s471802/nn-gpt-runs/parallel_runs/20260510_2022_struct1_a3_clean_source_rl_l40s/slurm/tunerl-finalize-struct1_a3_clean_source_rl_l40s-2591739.err
2591739	20260510_2022_struct1_a3_clean_source_rl_l40s	/data/42-julia-hpc-ai-cv-students/s471802/nn-gpt-runs/parallel_runs/20260510_2022_struct1_a3_clean_source_rl_l40s/slurm/tunerl-finalize-struct1_a3_clean_source_rl_l40s-2591739.out
2591739	20260510_2022_struct1_a3_clean_source_rl_l40s	/data/42-julia-hpc-ai-cv-students/s471802/nn-gpt-runs/parallel_runs/20260510_2022_struct1_a3_clean_source_rl_l40s/slurm/tunerl-struct1_a3_clean_source_rl_l40s-2591739.err
2591739	20260510_2022_struct1_a3_clean_source_rl_l40s	/data/42-julia-hpc-ai-cv-students/s471802/nn-gpt-runs/parallel_runs/20260510_2022_struct1_a3_clean_source_rl_l40s/slurm/tunerl-struct1_a3_clean_source_rl_l40s-2591739.out
2616072	20260515_2307_struct1_a3_clean_stage2_adapteronly_blockpenalty_h100_rl	/data/42-julia-hpc-ai-cv-students/s471802/nn-gpt-runs/parallel_runs/20260515_2307_struct1_a3_clean_stage2_adapteronly_blockpenalty_h100_rl/slurm/tunerl-finalize-struct1_a3_clean_stage2_adapteronly_blockpenalty-2616072.err
2616072	20260515_2307_struct1_a3_clean_stage2_adapteronly_blockpenalty_h100_rl	/data/42-julia-hpc-ai-cv-students/s471802/nn-gpt-runs/parallel_runs/20260515_2307_struct1_a3_clean_stage2_adapteronly_blockpenalty_h100_rl/slurm/tunerl-finalize-struct1_a3_clean_stage2_adapteronly_blockpenalty-2616072.out
2616072	20260515_2307_struct1_a3_clean_stage2_adapteronly_blockpenalty_h100_rl	/data/42-julia-hpc-ai-cv-students/s471802/nn-gpt-runs/parallel_runs/20260515_2307_struct1_a3_clean_stage2_adapteronly_blockpenalty_h100_rl/slurm/tunerl-struct1-a3-cleanstage2-adapteronly-h100-2616072.err
2616072	20260515_2307_struct1_a3_clean_stage2_adapteronly_blockpenalty_h100_rl	/data/42-julia-hpc-ai-cv-students/s471802/nn-gpt-runs/parallel_runs/20260515_2307_struct1_a3_clean_stage2_adapteronly_blockpenalty_h100_rl/slurm/tunerl-struct1-a3-cleanstage2-adapteronly-h100-2616072.out
2616075	20260515_2309_struct1_a3_clean_stage2_initadapter_blockpenalty_h100_rl	/data/42-julia-hpc-ai-cv-students/s471802/nn-gpt-runs/parallel_runs/20260515_2309_struct1_a3_clean_stage2_initadapter_blockpenalty_h100_rl/slurm/tunerl-finalize-struct1_a3_clean_stage2_initadapter_blockpenalty-2616075.err
2616075	20260515_2309_struct1_a3_clean_stage2_initadapter_blockpenalty_h100_rl	/data/42-julia-hpc-ai-cv-students/s471802/nn-gpt-runs/parallel_runs/20260515_2309_struct1_a3_clean_stage2_initadapter_blockpenalty_h100_rl/slurm/tunerl-finalize-struct1_a3_clean_stage2_initadapter_blockpenalty-2616075.out
2616075	20260515_2309_struct1_a3_clean_stage2_initadapter_blockpenalty_h100_rl	/data/42-julia-hpc-ai-cv-students/s471802/nn-gpt-runs/parallel_runs/20260515_2309_struct1_a3_clean_stage2_initadapter_blockpenalty_h100_rl/slurm/tunerl-struct1-a3-cleanstage2-initadapter-h100-2616075.err
2616075	20260515_2309_struct1_a3_clean_stage2_initadapter_blockpenalty_h100_rl	/data/42-julia-hpc-ai-cv-students/s471802/nn-gpt-runs/parallel_runs/20260515_2309_struct1_a3_clean_stage2_initadapter_blockpenalty_h100_rl/slurm/tunerl-struct1-a3-cleanstage2-initadapter-h100-2616075.out
2618173	20260516_2332_struct1_a3_clean_stage2_blockcap_h100_rl	/data/42-julia-hpc-ai-cv-students/s471802/nn-gpt-runs/parallel_runs/20260516_2332_struct1_a3_clean_stage2_blockcap_h100_rl/slurm/tunerl-finalize-struct1_a3_clean_stage2_blockcap-2618173.err
2618173	20260516_2332_struct1_a3_clean_stage2_blockcap_h100_rl	/data/42-julia-hpc-ai-cv-students/s471802/nn-gpt-runs/parallel_runs/20260516_2332_struct1_a3_clean_stage2_blockcap_h100_rl/slurm/tunerl-finalize-struct1_a3_clean_stage2_blockcap-2618173.out
2618173	20260516_2332_struct1_a3_clean_stage2_blockcap_h100_rl	/data/42-julia-hpc-ai-cv-students/s471802/nn-gpt-runs/parallel_runs/20260516_2332_struct1_a3_clean_stage2_blockcap_h100_rl/slurm/tunerl-struct1-a3-blockcap-h100-2618173.err
2618173	20260516_2332_struct1_a3_clean_stage2_blockcap_h100_rl	/data/42-julia-hpc-ai-cv-students/s471802/nn-gpt-runs/parallel_runs/20260516_2332_struct1_a3_clean_stage2_blockcap_h100_rl/slurm/tunerl-struct1-a3-blockcap-h100-2618173.out
2619429	20260517_2032_struct1_a3_sft_stage2_balancedblockcap	/data/42-julia-hpc-ai-cv-students/s471802/nn-gpt-runs/parallel_runs/20260517_2032_struct1_a3_sft_stage2_balancedblockcap/slurm/tunerl-finalize-struct1_a3_sft_stage2_balancedblockcap-2619429.err
2619429	20260517_2032_struct1_a3_sft_stage2_balancedblockcap	/data/42-julia-hpc-ai-cv-students/s471802/nn-gpt-runs/parallel_runs/20260517_2032_struct1_a3_sft_stage2_balancedblockcap/slurm/tunerl-finalize-struct1_a3_sft_stage2_balancedblockcap-2619429.out
2619429	20260517_2032_struct1_a3_sft_stage2_balancedblockcap	/data/42-julia-hpc-ai-cv-students/s471802/nn-gpt-runs/parallel_runs/20260517_2032_struct1_a3_sft_stage2_balancedblockcap/slurm/tunerl-sft-a3-balancedcap-h100-2619429.err
2619429	20260517_2032_struct1_a3_sft_stage2_balancedblockcap	/data/42-julia-hpc-ai-cv-students/s471802/nn-gpt-runs/parallel_runs/20260517_2032_struct1_a3_sft_stage2_balancedblockcap/slurm/tunerl-sft-a3-balancedcap-h100-2619429.out
2621149	20260517_2032_struct1_a3_sft_stage2_balancedblockcap	/data/42-julia-hpc-ai-cv-students/s471802/nn-gpt-runs/parallel_runs/20260517_2032_struct1_a3_sft_stage2_balancedblockcap/slurm/tunerl-finalize-a3-balancedcap-resume-2621149.err
2621149	20260517_2032_struct1_a3_sft_stage2_balancedblockcap	/data/42-julia-hpc-ai-cv-students/s471802/nn-gpt-runs/parallel_runs/20260517_2032_struct1_a3_sft_stage2_balancedblockcap/slurm/tunerl-finalize-a3-balancedcap-resume-2621149.out
2621149	20260517_2032_struct1_a3_sft_stage2_balancedblockcap	/data/42-julia-hpc-ai-cv-students/s471802/nn-gpt-runs/parallel_runs/20260517_2032_struct1_a3_sft_stage2_balancedblockcap/slurm/tunerl-sft-a3-balancedcap-h100-resume-2621149.err
2621149	20260517_2032_struct1_a3_sft_stage2_balancedblockcap	/data/42-julia-hpc-ai-cv-students/s471802/nn-gpt-runs/parallel_runs/20260517_2032_struct1_a3_sft_stage2_balancedblockcap/slurm/tunerl-sft-a3-balancedcap-h100-resume-2621149.out
2621153	20260517_2032_struct1_a3_sft_stage2_balancedblockcap	/data/42-julia-hpc-ai-cv-students/s471802/nn-gpt-runs/parallel_runs/20260517_2032_struct1_a3_sft_stage2_balancedblockcap/slurm/tunerl-finalize-a3-balancedcap-resume2-2621153.err
2621153	20260517_2032_struct1_a3_sft_stage2_balancedblockcap	/data/42-julia-hpc-ai-cv-students/s471802/nn-gpt-runs/parallel_runs/20260517_2032_struct1_a3_sft_stage2_balancedblockcap/slurm/tunerl-finalize-a3-balancedcap-resume2-2621153.out
2621153	20260517_2032_struct1_a3_sft_stage2_balancedblockcap	/data/42-julia-hpc-ai-cv-students/s471802/nn-gpt-runs/parallel_runs/20260517_2032_struct1_a3_sft_stage2_balancedblockcap/slurm/tunerl-sft-a3-balancedcap-h100-resume2-2621153.err
2621153	20260517_2032_struct1_a3_sft_stage2_balancedblockcap	/data/42-julia-hpc-ai-cv-students/s471802/nn-gpt-runs/parallel_runs/20260517_2032_struct1_a3_sft_stage2_balancedblockcap/slurm/tunerl-sft-a3-balancedcap-h100-resume2-2621153.out
2621339	20260518_2145_struct1_fullbf16_sft	/data/42-julia-hpc-ai-cv-students/s471802/nn-gpt-runs/parallel_runs/20260518_2145_struct1_fullbf16_sft/slurm/fullbf16-sft-2621339.err
2621339	20260518_2145_struct1_fullbf16_sft	/data/42-julia-hpc-ai-cv-students/s471802/nn-gpt-runs/parallel_runs/20260518_2145_struct1_fullbf16_sft/slurm/fullbf16-sft-2621339.out
2621340	20260518_2145_struct1_fullbf16_sft	/data/42-julia-hpc-ai-cv-students/s471802/nn-gpt-runs/parallel_runs/20260518_2145_struct1_fullbf16_sft/slurm/fullbf16-sft-2621340.err
2621340	20260518_2145_struct1_fullbf16_sft	/data/42-julia-hpc-ai-cv-students/s471802/nn-gpt-runs/parallel_runs/20260518_2145_struct1_fullbf16_sft/slurm/fullbf16-sft-2621340.out
2621342	20260518_2145_struct1_fullbf16_sft	/data/42-julia-hpc-ai-cv-students/s471802/nn-gpt-runs/parallel_runs/20260518_2145_struct1_fullbf16_sft/slurm/fullbf16-sft-2621342.err
2621342	20260518_2145_struct1_fullbf16_sft	/data/42-julia-hpc-ai-cv-students/s471802/nn-gpt-runs/parallel_runs/20260518_2145_struct1_fullbf16_sft/slurm/fullbf16-sft-2621342.out
2621343	20260518_2145_struct1_fullbf16_sft	/data/42-julia-hpc-ai-cv-students/s471802/nn-gpt-runs/parallel_runs/20260518_2145_struct1_fullbf16_sft/slurm/fullbf16-sft-2621343.err
2621343	20260518_2145_struct1_fullbf16_sft	/data/42-julia-hpc-ai-cv-students/s471802/nn-gpt-runs/parallel_runs/20260518_2145_struct1_fullbf16_sft/slurm/fullbf16-sft-2621343.out
2621348	20260518_2145_struct1_fullbf16_sft	/data/42-julia-hpc-ai-cv-students/s471802/nn-gpt-runs/parallel_runs/20260518_2145_struct1_fullbf16_sft/slurm/fullbf16-sft-2621348.err
2621348	20260518_2145_struct1_fullbf16_sft	/data/42-julia-hpc-ai-cv-students/s471802/nn-gpt-runs/parallel_runs/20260518_2145_struct1_fullbf16_sft/slurm/fullbf16-sft-2621348.out
2621353	20260518_2210_struct1_fullbf16_sft_std3	/data/42-julia-hpc-ai-cv-students/s471802/nn-gpt-runs/parallel_runs/20260518_2210_struct1_fullbf16_sft_std3/slurm/fullbf16-sft-std3-2621353.err
2621353	20260518_2210_struct1_fullbf16_sft_std3	/data/42-julia-hpc-ai-cv-students/s471802/nn-gpt-runs/parallel_runs/20260518_2210_struct1_fullbf16_sft_std3/slurm/fullbf16-sft-std3-2621353.out
2621354	20260518_2215_struct1_fullbf16_sft_std3	/data/42-julia-hpc-ai-cv-students/s471802/nn-gpt-runs/parallel_runs/20260518_2215_struct1_fullbf16_sft_std3/slurm/fullbf16-sft-std3-2621354.err
2621354	20260518_2215_struct1_fullbf16_sft_std3	/data/42-julia-hpc-ai-cv-students/s471802/nn-gpt-runs/parallel_runs/20260518_2215_struct1_fullbf16_sft_std3/slurm/fullbf16-sft-std3-2621354.out
2621801	20260519_0926_struct1_fullbf16_sft_forwardcontract	/data/42-julia-hpc-ai-cv-students/s471802/nn-gpt-runs/parallel_runs/20260519_0926_struct1_fullbf16_sft_forwardcontract/slurm/fullbf16-sft-forwardcontract-2621801.err
2621801	20260519_0926_struct1_fullbf16_sft_forwardcontract	/data/42-julia-hpc-ai-cv-students/s471802/nn-gpt-runs/parallel_runs/20260519_0926_struct1_fullbf16_sft_forwardcontract/slurm/fullbf16-sft-forwardcontract-2621801.out
2629496	20260520_1633_1pattern_aligned_sft	/data/42-julia-hpc-ai-cv-students/s471802/nn-gpt-runs/parallel_runs/20260520_1633_1pattern_aligned_sft/slurm/sft-1pattern-aligned-2629496.err
2629496	20260520_1633_1pattern_aligned_sft	/data/42-julia-hpc-ai-cv-students/s471802/nn-gpt-runs/parallel_runs/20260520_1633_1pattern_aligned_sft/slurm/sft-1pattern-aligned-2629496.out
2629497	20260520_1634_1pattern_aligned_sft_h100x8	/data/42-julia-hpc-ai-cv-students/s471802/nn-gpt-runs/parallel_runs/20260520_1634_1pattern_aligned_sft_h100x8/slurm/sft-1pattern-aligned-2629497.err
2629497	20260520_1634_1pattern_aligned_sft_h100x8	/data/42-julia-hpc-ai-cv-students/s471802/nn-gpt-runs/parallel_runs/20260520_1634_1pattern_aligned_sft_h100x8/slurm/sft-1pattern-aligned-2629497.out
2630128	20260520_1959_1pattern_aligned_sft_h100x8_fixdropout	/data/42-julia-hpc-ai-cv-students/s471802/nn-gpt-runs/parallel_runs/20260520_1959_1pattern_aligned_sft_h100x8_fixdropout/slurm/sft-1pattern-aligned-2630128.err
2630128	20260520_1959_1pattern_aligned_sft_h100x8_fixdropout	/data/42-julia-hpc-ai-cv-students/s471802/nn-gpt-runs/parallel_runs/20260520_1959_1pattern_aligned_sft_h100x8_fixdropout/slurm/sft-1pattern-aligned-2630128.out
2630203	20260520_2010_1pattern_aligned_sft_h100x8_fixdropout_rebuiltdb	/data/42-julia-hpc-ai-cv-students/s471802/nn-gpt-runs/parallel_runs/20260520_2010_1pattern_aligned_sft_h100x8_fixdropout_rebuiltdb/slurm/sft-1pattern-aligned-2630203.err
2630203	20260520_2010_1pattern_aligned_sft_h100x8_fixdropout_rebuiltdb	/data/42-julia-hpc-ai-cv-students/s471802/nn-gpt-runs/parallel_runs/20260520_2010_1pattern_aligned_sft_h100x8_fixdropout_rebuiltdb/slurm/sft-1pattern-aligned-2630203.out
2630206	20260520_2015_1pattern_aligned_sft_h100x8_fixdropout_rebuildinjob	/data/42-julia-hpc-ai-cv-students/s471802/nn-gpt-runs/parallel_runs/20260520_2015_1pattern_aligned_sft_h100x8_fixdropout_rebuildinjob/slurm/sft-1pattern-aligned-2630206.err
2630206	20260520_2015_1pattern_aligned_sft_h100x8_fixdropout_rebuildinjob	/data/42-julia-hpc-ai-cv-students/s471802/nn-gpt-runs/parallel_runs/20260520_2015_1pattern_aligned_sft_h100x8_fixdropout_rebuildinjob/slurm/sft-1pattern-aligned-2630206.out
2630207	20260520_2016_1pattern_aligned_sft_h100x8_fixdropout_rebuild_ngptdb	/data/42-julia-hpc-ai-cv-students/s471802/nn-gpt-runs/parallel_runs/20260520_2016_1pattern_aligned_sft_h100x8_fixdropout_rebuild_ngptdb/slurm/sft-1pattern-aligned-2630207.err
2630207	20260520_2016_1pattern_aligned_sft_h100x8_fixdropout_rebuild_ngptdb	/data/42-julia-hpc-ai-cv-students/s471802/nn-gpt-runs/parallel_runs/20260520_2016_1pattern_aligned_sft_h100x8_fixdropout_rebuild_ngptdb/slurm/sft-1pattern-aligned-2630207.out
2630239	20260520_2018_1pattern_aligned_sft_h100x8_fixdropout_rebuild_ngptdb2	/data/42-julia-hpc-ai-cv-students/s471802/nn-gpt-runs/parallel_runs/20260520_2018_1pattern_aligned_sft_h100x8_fixdropout_rebuild_ngptdb2/slurm/sft-1pattern-aligned-2630239.err
2630239	20260520_2018_1pattern_aligned_sft_h100x8_fixdropout_rebuild_ngptdb2	/data/42-julia-hpc-ai-cv-students/s471802/nn-gpt-runs/parallel_runs/20260520_2018_1pattern_aligned_sft_h100x8_fixdropout_rebuild_ngptdb2/slurm/sft-1pattern-aligned-2630239.out
2630877	20260520_2300_1pattern_aligned_sft_h100x8_no_feature_to_image_prompt	/data/42-julia-hpc-ai-cv-students/s471802/nn-gpt-runs/parallel_runs/20260520_2300_1pattern_aligned_sft_h100x8_no_feature_to_image_prompt/slurm/sft-1pattern-aligned-2630877.err
2630877	20260520_2300_1pattern_aligned_sft_h100x8_no_feature_to_image_prompt	/data/42-julia-hpc-ai-cv-students/s471802/nn-gpt-runs/parallel_runs/20260520_2300_1pattern_aligned_sft_h100x8_no_feature_to_image_prompt/slurm/sft-1pattern-aligned-2630877.out
2630960	20260520_2324_1pattern_aligned_sft_h100x8_nofti_rebuilddb	/data/42-julia-hpc-ai-cv-students/s471802/nn-gpt-runs/parallel_runs/20260520_2324_1pattern_aligned_sft_h100x8_nofti_rebuilddb/slurm/sft-1pattern-aligned-2630960.err
2630960	20260520_2324_1pattern_aligned_sft_h100x8_nofti_rebuilddb	/data/42-julia-hpc-ai-cv-students/s471802/nn-gpt-runs/parallel_runs/20260520_2324_1pattern_aligned_sft_h100x8_nofti_rebuilddb/slurm/sft-1pattern-aligned-2630960.out
2631503	20260520_2324_1pattern_aligned_sft_h100x8_nofti_rebuilddb	/data/42-julia-hpc-ai-cv-students/s471802/nn-gpt-runs/parallel_runs/20260520_2324_1pattern_aligned_sft_h100x8_nofti_rebuilddb/slurm/sft-plot-current-2631503.err
2631503	20260520_2324_1pattern_aligned_sft_h100x8_nofti_rebuilddb	/data/42-julia-hpc-ai-cv-students/s471802/nn-gpt-runs/parallel_runs/20260520_2324_1pattern_aligned_sft_h100x8_nofti_rebuilddb/slurm/sft-plot-current-2631503.out
2633169	20260520_2324_1pattern_aligned_sft_h100x8_nofti_rebuilddb	/data/42-julia-hpc-ai-cv-students/s471802/nn-gpt-runs/parallel_runs/20260520_2324_1pattern_aligned_sft_h100x8_nofti_rebuilddb/slurm/sft-plot-final-2633169.err
2633169	20260520_2324_1pattern_aligned_sft_h100x8_nofti_rebuilddb	/data/42-julia-hpc-ai-cv-students/s471802/nn-gpt-runs/parallel_runs/20260520_2324_1pattern_aligned_sft_h100x8_nofti_rebuilddb/slurm/sft-plot-final-2633169.out
2633363	20260521_1558_1pattern_a7_aligned_stage2_rl_g4	/data/42-julia-hpc-ai-cv-students/s471802/nn-gpt-runs/parallel_runs/20260521_1558_1pattern_a7_aligned_stage2_rl_g4/slurm/tunerl-1pattern_a7_aligned_stage2_rl_g4-2633363.err
2633363	20260521_1558_1pattern_a7_aligned_stage2_rl_g4	/data/42-julia-hpc-ai-cv-students/s471802/nn-gpt-runs/parallel_runs/20260521_1558_1pattern_a7_aligned_stage2_rl_g4/slurm/tunerl-1pattern_a7_aligned_stage2_rl_g4-2633363.out
2633363	20260521_1558_1pattern_a7_aligned_stage2_rl_g4	/data/42-julia-hpc-ai-cv-students/s471802/nn-gpt-runs/parallel_runs/20260521_1558_1pattern_a7_aligned_stage2_rl_g4/slurm/tunerl-finalize-1pattern_a7_aligned_stage2_rl_g4-2633363.err
2633363	20260521_1558_1pattern_a7_aligned_stage2_rl_g4	/data/42-julia-hpc-ai-cv-students/s471802/nn-gpt-runs/parallel_runs/20260521_1558_1pattern_a7_aligned_stage2_rl_g4/slurm/tunerl-finalize-1pattern_a7_aligned_stage2_rl_g4-2633363.out
2633695	20260521_1558_1pattern_a7_aligned_stage2_rl_g4	/data/42-julia-hpc-ai-cv-students/s471802/nn-gpt-runs/parallel_runs/20260521_1558_1pattern_a7_aligned_stage2_rl_g4/slurm/tunerl-1pattern_a7_aligned_stage2_rl_g4-2633695.err
2633695	20260521_1558_1pattern_a7_aligned_stage2_rl_g4	/data/42-julia-hpc-ai-cv-students/s471802/nn-gpt-runs/parallel_runs/20260521_1558_1pattern_a7_aligned_stage2_rl_g4/slurm/tunerl-1pattern_a7_aligned_stage2_rl_g4-2633695.out
2633695	20260521_1558_1pattern_a7_aligned_stage2_rl_g4	/data/42-julia-hpc-ai-cv-students/s471802/nn-gpt-runs/parallel_runs/20260521_1558_1pattern_a7_aligned_stage2_rl_g4/slurm/tunerl-finalize-1pattern_a7_aligned_stage2_rl_g4-2633695.err
2633695	20260521_1558_1pattern_a7_aligned_stage2_rl_g4	/data/42-julia-hpc-ai-cv-students/s471802/nn-gpt-runs/parallel_runs/20260521_1558_1pattern_a7_aligned_stage2_rl_g4/slurm/tunerl-finalize-1pattern_a7_aligned_stage2_rl_g4-2633695.out
2633698	20260521_1558_1pattern_a7_aligned_stage2_rl_g4	/data/42-julia-hpc-ai-cv-students/s471802/nn-gpt-runs/parallel_runs/20260521_1558_1pattern_a7_aligned_stage2_rl_g4/slurm/tunerl-1pattern_a7_aligned_stage2_rl_g4-2633698.err
2633698	20260521_1558_1pattern_a7_aligned_stage2_rl_g4	/data/42-julia-hpc-ai-cv-students/s471802/nn-gpt-runs/parallel_runs/20260521_1558_1pattern_a7_aligned_stage2_rl_g4/slurm/tunerl-1pattern_a7_aligned_stage2_rl_g4-2633698.out
2633698	20260521_1558_1pattern_a7_aligned_stage2_rl_g4	/data/42-julia-hpc-ai-cv-students/s471802/nn-gpt-runs/parallel_runs/20260521_1558_1pattern_a7_aligned_stage2_rl_g4/slurm/tunerl-finalize-1pattern_a7_aligned_stage2_rl_g4-2633698.err
2633698	20260521_1558_1pattern_a7_aligned_stage2_rl_g4	/data/42-julia-hpc-ai-cv-students/s471802/nn-gpt-runs/parallel_runs/20260521_1558_1pattern_a7_aligned_stage2_rl_g4/slurm/tunerl-finalize-1pattern_a7_aligned_stage2_rl_g4-2633698.out
2636168	20260522_1448_1pattern_a7_stage2_rl_compactness_ckpt95	/data/42-julia-hpc-ai-cv-students/s471802/nn-gpt-runs/parallel_runs/20260522_1448_1pattern_a7_stage2_rl_compactness_ckpt95/slurm/tunerl-1pattern_a7_stage2_rl_compactness_ckpt95-2636168.err
2636168	20260522_1448_1pattern_a7_stage2_rl_compactness_ckpt95	/data/42-julia-hpc-ai-cv-students/s471802/nn-gpt-runs/parallel_runs/20260522_1448_1pattern_a7_stage2_rl_compactness_ckpt95/slurm/tunerl-1pattern_a7_stage2_rl_compactness_ckpt95-2636168.out
2636168	20260522_1448_1pattern_a7_stage2_rl_compactness_ckpt95	/data/42-julia-hpc-ai-cv-students/s471802/nn-gpt-runs/parallel_runs/20260522_1448_1pattern_a7_stage2_rl_compactness_ckpt95/slurm/tunerl-finalize-1pattern_a7_stage2_rl_compactness_ckpt95-2636168.err
2636168	20260522_1448_1pattern_a7_stage2_rl_compactness_ckpt95	/data/42-julia-hpc-ai-cv-students/s471802/nn-gpt-runs/parallel_runs/20260522_1448_1pattern_a7_stage2_rl_compactness_ckpt95/slurm/tunerl-finalize-1pattern_a7_stage2_rl_compactness_ckpt95-2636168.out
2647130	20260527_1323_struct1_v2_sftcycle_h100x4_data	/data/42-julia-hpc-ai-cv-students/s471802/nn-gpt-runs/parallel_runs/20260527_1323_struct1_v2_sftcycle_h100x4_data/slurm/struct1-v2-sft-data-2647130.err
2647130	20260527_1323_struct1_v2_sftcycle_h100x4_data	/data/42-julia-hpc-ai-cv-students/s471802/nn-gpt-runs/parallel_runs/20260527_1323_struct1_v2_sftcycle_h100x4_data/slurm/struct1-v2-sft-data-2647130.out
2647132	20260527_a3_dd52_ckpt130_eval1_s300_full	/data/42-julia-hpc-ai-cv-students/s471802/nn-gpt-runs/parallel_runs/20260527_a3_dd52_ckpt130_eval1_s300_full/slurm/a3-dd52-ckpt130-full-2647132.err
2647132	20260527_a3_dd52_ckpt130_eval1_s300_full	/data/42-julia-hpc-ai-cv-students/s471802/nn-gpt-runs/parallel_runs/20260527_a3_dd52_ckpt130_eval1_s300_full/slurm/a3-dd52-ckpt130-full-2647132.out
2647220	20260527_a3_dd52_ckpt130_eval1_s300_full	/data/42-julia-hpc-ai-cv-students/s471802/nn-gpt-runs/parallel_runs/20260527_a3_dd52_ckpt130_eval1_s300_full/slurm/a3-dd52-ckpt130-full-2647220.err
2647220	20260527_a3_dd52_ckpt130_eval1_s300_full	/data/42-julia-hpc-ai-cv-students/s471802/nn-gpt-runs/parallel_runs/20260527_a3_dd52_ckpt130_eval1_s300_full/slurm/a3-dd52-ckpt130-full-2647220.out
2647276	20260527_a3_dd52_ckpt130_eval1_s300_full	/data/42-julia-hpc-ai-cv-students/s471802/nn-gpt-runs/parallel_runs/20260527_a3_dd52_ckpt130_eval1_s300_full/slurm/a3-dd52-ckpt130-full-2647276.err
2647276	20260527_a3_dd52_ckpt130_eval1_s300_full	/data/42-julia-hpc-ai-cv-students/s471802/nn-gpt-runs/parallel_runs/20260527_a3_dd52_ckpt130_eval1_s300_full/slurm/a3-dd52-ckpt130-full-2647276.out
2647278	20260527_a3_dd52_ckpt130_eval1_s300_full	/data/42-julia-hpc-ai-cv-students/s471802/nn-gpt-runs/parallel_runs/20260527_a3_dd52_ckpt130_eval1_s300_full/slurm/a3-dd52-ckpt130-full-2647278.err
2647278	20260527_a3_dd52_ckpt130_eval1_s300_full	/data/42-julia-hpc-ai-cv-students/s471802/nn-gpt-runs/parallel_runs/20260527_a3_dd52_ckpt130_eval1_s300_full/slurm/a3-dd52-ckpt130-full-2647278.out
2662118	20260602_1pattern_rl_cifar10_dscoder_a9_s1000_h100g4	/data/42-julia-hpc-ai-cv-students/s471802/nn-gpt-runs/parallel_runs/20260602_1pattern_rl_cifar10_dscoder_a9_s1000_h100g4/slurm/fin-rl-c10-dscoder-a9-2662118.err
2662118	20260602_1pattern_rl_cifar10_dscoder_a9_s1000_h100g4	/data/42-julia-hpc-ai-cv-students/s471802/nn-gpt-runs/parallel_runs/20260602_1pattern_rl_cifar10_dscoder_a9_s1000_h100g4/slurm/fin-rl-c10-dscoder-a9-2662118.out
2662118	20260602_1pattern_rl_cifar10_dscoder_a9_s1000_h100g4	/data/42-julia-hpc-ai-cv-students/s471802/nn-gpt-runs/parallel_runs/20260602_1pattern_rl_cifar10_dscoder_a9_s1000_h100g4/slurm/rl-c10-dscoder-a9-2662118.err
2662118	20260602_1pattern_rl_cifar10_dscoder_a9_s1000_h100g4	/data/42-julia-hpc-ai-cv-students/s471802/nn-gpt-runs/parallel_runs/20260602_1pattern_rl_cifar10_dscoder_a9_s1000_h100g4/slurm/rl-c10-dscoder-a9-2662118.out
2662120	20260602_1pattern_rl_cifar10_mistral_a5_s1000_h100g4	/data/42-julia-hpc-ai-cv-students/s471802/nn-gpt-runs/parallel_runs/20260602_1pattern_rl_cifar10_mistral_a5_s1000_h100g4/slurm/fin-rl-c10-mistral-a5-2662120.err
2662120	20260602_1pattern_rl_cifar10_mistral_a5_s1000_h100g4	/data/42-julia-hpc-ai-cv-students/s471802/nn-gpt-runs/parallel_runs/20260602_1pattern_rl_cifar10_mistral_a5_s1000_h100g4/slurm/fin-rl-c10-mistral-a5-2662120.out
2662120	20260602_1pattern_rl_cifar10_mistral_a5_s1000_h100g4	/data/42-julia-hpc-ai-cv-students/s471802/nn-gpt-runs/parallel_runs/20260602_1pattern_rl_cifar10_mistral_a5_s1000_h100g4/slurm/rl-c10-mistral-a5-2662120.err
2662120	20260602_1pattern_rl_cifar10_mistral_a5_s1000_h100g4	/data/42-julia-hpc-ai-cv-students/s471802/nn-gpt-runs/parallel_runs/20260602_1pattern_rl_cifar10_mistral_a5_s1000_h100g4/slurm/rl-c10-mistral-a5-2662120.out
2662122	20260602_1pattern_rl_cifar10_qwen_a7_s1000_h100g4	/data/42-julia-hpc-ai-cv-students/s471802/nn-gpt-runs/parallel_runs/20260602_1pattern_rl_cifar10_qwen_a7_s1000_h100g4/slurm/fin-rl-c10-qwen-a7-2662122.err
2662122	20260602_1pattern_rl_cifar10_qwen_a7_s1000_h100g4	/data/42-julia-hpc-ai-cv-students/s471802/nn-gpt-runs/parallel_runs/20260602_1pattern_rl_cifar10_qwen_a7_s1000_h100g4/slurm/fin-rl-c10-qwen-a7-2662122.out
2662122	20260602_1pattern_rl_cifar10_qwen_a7_s1000_h100g4	/data/42-julia-hpc-ai-cv-students/s471802/nn-gpt-runs/parallel_runs/20260602_1pattern_rl_cifar10_qwen_a7_s1000_h100g4/slurm/rl-c10-qwen-a7-2662122.err
2662122	20260602_1pattern_rl_cifar10_qwen_a7_s1000_h100g4	/data/42-julia-hpc-ai-cv-students/s471802/nn-gpt-runs/parallel_runs/20260602_1pattern_rl_cifar10_qwen_a7_s1000_h100g4/slurm/rl-c10-qwen-a7-2662122.out
2662131	20260602_1pattern_rl_cifar10_dscoder_a9_s1000_retrydb_h100g4	/data/42-julia-hpc-ai-cv-students/s471802/nn-gpt-runs/parallel_runs/20260602_1pattern_rl_cifar10_dscoder_a9_s1000_retrydb_h100g4/slurm/fin-rl-c10-dscoder-a9-r2-2662131.err
2662131	20260602_1pattern_rl_cifar10_dscoder_a9_s1000_retrydb_h100g4	/data/42-julia-hpc-ai-cv-students/s471802/nn-gpt-runs/parallel_runs/20260602_1pattern_rl_cifar10_dscoder_a9_s1000_retrydb_h100g4/slurm/fin-rl-c10-dscoder-a9-r2-2662131.out
2662131	20260602_1pattern_rl_cifar10_dscoder_a9_s1000_retrydb_h100g4	/data/42-julia-hpc-ai-cv-students/s471802/nn-gpt-runs/parallel_runs/20260602_1pattern_rl_cifar10_dscoder_a9_s1000_retrydb_h100g4/slurm/rl-c10-dscoder-a9-r2-2662131.err
2662131	20260602_1pattern_rl_cifar10_dscoder_a9_s1000_retrydb_h100g4	/data/42-julia-hpc-ai-cv-students/s471802/nn-gpt-runs/parallel_runs/20260602_1pattern_rl_cifar10_dscoder_a9_s1000_retrydb_h100g4/slurm/rl-c10-dscoder-a9-r2-2662131.out
2662133	20260602_1pattern_rl_cifar10_mistral_a5_s1000_retrydb_h100g4	/data/42-julia-hpc-ai-cv-students/s471802/nn-gpt-runs/parallel_runs/20260602_1pattern_rl_cifar10_mistral_a5_s1000_retrydb_h100g4/slurm/fin-rl-c10-mistral-a5-r2-2662133.err
2662133	20260602_1pattern_rl_cifar10_mistral_a5_s1000_retrydb_h100g4	/data/42-julia-hpc-ai-cv-students/s471802/nn-gpt-runs/parallel_runs/20260602_1pattern_rl_cifar10_mistral_a5_s1000_retrydb_h100g4/slurm/fin-rl-c10-mistral-a5-r2-2662133.out
2662133	20260602_1pattern_rl_cifar10_mistral_a5_s1000_retrydb_h100g4	/data/42-julia-hpc-ai-cv-students/s471802/nn-gpt-runs/parallel_runs/20260602_1pattern_rl_cifar10_mistral_a5_s1000_retrydb_h100g4/slurm/rl-c10-mistral-a5-r2-2662133.err
2662133	20260602_1pattern_rl_cifar10_mistral_a5_s1000_retrydb_h100g4	/data/42-julia-hpc-ai-cv-students/s471802/nn-gpt-runs/parallel_runs/20260602_1pattern_rl_cifar10_mistral_a5_s1000_retrydb_h100g4/slurm/rl-c10-mistral-a5-r2-2662133.out
2662139	20260602_1pattern_rl_cifar10_qwen_a7_s1000_retrydb_l40s4	/data/42-julia-hpc-ai-cv-students/s471802/nn-gpt-runs/parallel_runs/20260602_1pattern_rl_cifar10_qwen_a7_s1000_retrydb_l40s4/slurm/fin-rl-c10-qwen-a7-l40s-2662139.err
2662139	20260602_1pattern_rl_cifar10_qwen_a7_s1000_retrydb_l40s4	/data/42-julia-hpc-ai-cv-students/s471802/nn-gpt-runs/parallel_runs/20260602_1pattern_rl_cifar10_qwen_a7_s1000_retrydb_l40s4/slurm/fin-rl-c10-qwen-a7-l40s-2662139.out
2662139	20260602_1pattern_rl_cifar10_qwen_a7_s1000_retrydb_l40s4	/data/42-julia-hpc-ai-cv-students/s471802/nn-gpt-runs/parallel_runs/20260602_1pattern_rl_cifar10_qwen_a7_s1000_retrydb_l40s4/slurm/rl-c10-qwen-a7-l40s-2662139.err
2662139	20260602_1pattern_rl_cifar10_qwen_a7_s1000_retrydb_l40s4	/data/42-julia-hpc-ai-cv-students/s471802/nn-gpt-runs/parallel_runs/20260602_1pattern_rl_cifar10_qwen_a7_s1000_retrydb_l40s4/slurm/rl-c10-qwen-a7-l40s-2662139.out
2662345	20260602_1pattern_rl_cifar100_dscoder_a9_s1000_l40s4	/data/42-julia-hpc-ai-cv-students/s471802/nn-gpt-runs/parallel_runs/20260602_1pattern_rl_cifar100_dscoder_a9_s1000_l40s4/slurm/rl-c100-dscoder-a9-l40s-2662345.err
2662345	20260602_1pattern_rl_cifar100_dscoder_a9_s1000_l40s4	/data/42-julia-hpc-ai-cv-students/s471802/nn-gpt-runs/parallel_runs/20260602_1pattern_rl_cifar100_dscoder_a9_s1000_l40s4/slurm/rl-c100-dscoder-a9-l40s-2662345.out
2662520	20260602_1pattern_rl_cifar100_mistral_a5_s1000_l40s4	/data/42-julia-hpc-ai-cv-students/s471802/nn-gpt-runs/parallel_runs/20260602_1pattern_rl_cifar100_mistral_a5_s1000_l40s4/slurm/rl-c100-mistral-a5-l40s-2662520.err
2662520	20260602_1pattern_rl_cifar100_mistral_a5_s1000_l40s4	/data/42-julia-hpc-ai-cv-students/s471802/nn-gpt-runs/parallel_runs/20260602_1pattern_rl_cifar100_mistral_a5_s1000_l40s4/slurm/rl-c100-mistral-a5-l40s-2662520.out
2662522	20260602_1pattern_rl_cifar100_qwen_a7_s1000_l40s4	/data/42-julia-hpc-ai-cv-students/s471802/nn-gpt-runs/parallel_runs/20260602_1pattern_rl_cifar100_qwen_a7_s1000_l40s4/slurm/rl-c100-qwen-a7-l40s-2662522.err
2662522	20260602_1pattern_rl_cifar100_qwen_a7_s1000_l40s4	/data/42-julia-hpc-ai-cv-students/s471802/nn-gpt-runs/parallel_runs/20260602_1pattern_rl_cifar100_qwen_a7_s1000_l40s4/slurm/rl-c100-qwen-a7-l40s-2662522.out
2662524	20260602_1pattern_rl_imagenette_dscoder_a9_s1000_l40s4	/data/42-julia-hpc-ai-cv-students/s471802/nn-gpt-runs/parallel_runs/20260602_1pattern_rl_imagenette_dscoder_a9_s1000_l40s4/slurm/rl-imgnet-dscoder-a9-l40s-2662524.err
2662524	20260602_1pattern_rl_imagenette_dscoder_a9_s1000_l40s4	/data/42-julia-hpc-ai-cv-students/s471802/nn-gpt-runs/parallel_runs/20260602_1pattern_rl_imagenette_dscoder_a9_s1000_l40s4/slurm/rl-imgnet-dscoder-a9-l40s-2662524.out
2662526	20260602_1pattern_rl_imagenette_mistral_a5_s1000_l40s4	/data/42-julia-hpc-ai-cv-students/s471802/nn-gpt-runs/parallel_runs/20260602_1pattern_rl_imagenette_mistral_a5_s1000_l40s4/slurm/rl-imgnet-mistral-a5-l40s-2662526.err
2662526	20260602_1pattern_rl_imagenette_mistral_a5_s1000_l40s4	/data/42-julia-hpc-ai-cv-students/s471802/nn-gpt-runs/parallel_runs/20260602_1pattern_rl_imagenette_mistral_a5_s1000_l40s4/slurm/rl-imgnet-mistral-a5-l40s-2662526.out
2662620	20260602_1pattern_rl_cifar100_dscoder_a9_s1000_l40s4	/data/42-julia-hpc-ai-cv-students/s471802/nn-gpt-runs/parallel_runs/20260602_1pattern_rl_cifar100_dscoder_a9_s1000_l40s4/slurm/fin-rl-c100-dscoder-a9-l40s-w1-2662620.err
2662620	20260602_1pattern_rl_cifar100_dscoder_a9_s1000_l40s4	/data/42-julia-hpc-ai-cv-students/s471802/nn-gpt-runs/parallel_runs/20260602_1pattern_rl_cifar100_dscoder_a9_s1000_l40s4/slurm/fin-rl-c100-dscoder-a9-l40s-w1-2662620.out
2662620	20260602_1pattern_rl_cifar100_dscoder_a9_s1000_l40s4	/data/42-julia-hpc-ai-cv-students/s471802/nn-gpt-runs/parallel_runs/20260602_1pattern_rl_cifar100_dscoder_a9_s1000_l40s4/slurm/rl-c100-dscoder-a9-l40s-w1-2662620.err
2662620	20260602_1pattern_rl_cifar100_dscoder_a9_s1000_l40s4	/data/42-julia-hpc-ai-cv-students/s471802/nn-gpt-runs/parallel_runs/20260602_1pattern_rl_cifar100_dscoder_a9_s1000_l40s4/slurm/rl-c100-dscoder-a9-l40s-w1-2662620.out
2662622	20260602_1pattern_rl_cifar100_mistral_a5_s1000_l40s4	/data/42-julia-hpc-ai-cv-students/s471802/nn-gpt-runs/parallel_runs/20260602_1pattern_rl_cifar100_mistral_a5_s1000_l40s4/slurm/fin-rl-c100-mistral-a5-l40s-w1-2662622.err
2662622	20260602_1pattern_rl_cifar100_mistral_a5_s1000_l40s4	/data/42-julia-hpc-ai-cv-students/s471802/nn-gpt-runs/parallel_runs/20260602_1pattern_rl_cifar100_mistral_a5_s1000_l40s4/slurm/fin-rl-c100-mistral-a5-l40s-w1-2662622.out
2662622	20260602_1pattern_rl_cifar100_mistral_a5_s1000_l40s4	/data/42-julia-hpc-ai-cv-students/s471802/nn-gpt-runs/parallel_runs/20260602_1pattern_rl_cifar100_mistral_a5_s1000_l40s4/slurm/rl-c100-mistral-a5-l40s-w1-2662622.err
2662622	20260602_1pattern_rl_cifar100_mistral_a5_s1000_l40s4	/data/42-julia-hpc-ai-cv-students/s471802/nn-gpt-runs/parallel_runs/20260602_1pattern_rl_cifar100_mistral_a5_s1000_l40s4/slurm/rl-c100-mistral-a5-l40s-w1-2662622.out
2662624	20260602_1pattern_rl_cifar100_qwen_a7_s1000_l40s4	/data/42-julia-hpc-ai-cv-students/s471802/nn-gpt-runs/parallel_runs/20260602_1pattern_rl_cifar100_qwen_a7_s1000_l40s4/slurm/fin-rl-c100-qwen-a7-l40s-w1-2662624.err
2662624	20260602_1pattern_rl_cifar100_qwen_a7_s1000_l40s4	/data/42-julia-hpc-ai-cv-students/s471802/nn-gpt-runs/parallel_runs/20260602_1pattern_rl_cifar100_qwen_a7_s1000_l40s4/slurm/fin-rl-c100-qwen-a7-l40s-w1-2662624.out
2662624	20260602_1pattern_rl_cifar100_qwen_a7_s1000_l40s4	/data/42-julia-hpc-ai-cv-students/s471802/nn-gpt-runs/parallel_runs/20260602_1pattern_rl_cifar100_qwen_a7_s1000_l40s4/slurm/rl-c100-qwen-a7-l40s-w1-2662624.err
2662624	20260602_1pattern_rl_cifar100_qwen_a7_s1000_l40s4	/data/42-julia-hpc-ai-cv-students/s471802/nn-gpt-runs/parallel_runs/20260602_1pattern_rl_cifar100_qwen_a7_s1000_l40s4/slurm/rl-c100-qwen-a7-l40s-w1-2662624.out
2662626	20260602_1pattern_rl_imagenette_dscoder_a9_s1000_l40s4	/data/42-julia-hpc-ai-cv-students/s471802/nn-gpt-runs/parallel_runs/20260602_1pattern_rl_imagenette_dscoder_a9_s1000_l40s4/slurm/fin-rl-imgnet-dscoder-a9-l40s-w1-2662626.err
2662626	20260602_1pattern_rl_imagenette_dscoder_a9_s1000_l40s4	/data/42-julia-hpc-ai-cv-students/s471802/nn-gpt-runs/parallel_runs/20260602_1pattern_rl_imagenette_dscoder_a9_s1000_l40s4/slurm/fin-rl-imgnet-dscoder-a9-l40s-w1-2662626.out
2662626	20260602_1pattern_rl_imagenette_dscoder_a9_s1000_l40s4	/data/42-julia-hpc-ai-cv-students/s471802/nn-gpt-runs/parallel_runs/20260602_1pattern_rl_imagenette_dscoder_a9_s1000_l40s4/slurm/rl-imgnet-dscoder-a9-l40s-w1-2662626.err
2662626	20260602_1pattern_rl_imagenette_dscoder_a9_s1000_l40s4	/data/42-julia-hpc-ai-cv-students/s471802/nn-gpt-runs/parallel_runs/20260602_1pattern_rl_imagenette_dscoder_a9_s1000_l40s4/slurm/rl-imgnet-dscoder-a9-l40s-w1-2662626.out
2662628	20260602_1pattern_rl_imagenette_mistral_a5_s1000_l40s4	/data/42-julia-hpc-ai-cv-students/s471802/nn-gpt-runs/parallel_runs/20260602_1pattern_rl_imagenette_mistral_a5_s1000_l40s4/slurm/fin-rl-imgnet-mistral-a5-l40s-w1-2662628.err
2662628	20260602_1pattern_rl_imagenette_mistral_a5_s1000_l40s4	/data/42-julia-hpc-ai-cv-students/s471802/nn-gpt-runs/parallel_runs/20260602_1pattern_rl_imagenette_mistral_a5_s1000_l40s4/slurm/fin-rl-imgnet-mistral-a5-l40s-w1-2662628.out
2662628	20260602_1pattern_rl_imagenette_mistral_a5_s1000_l40s4	/data/42-julia-hpc-ai-cv-students/s471802/nn-gpt-runs/parallel_runs/20260602_1pattern_rl_imagenette_mistral_a5_s1000_l40s4/slurm/rl-imgnet-mistral-a5-l40s-w1-2662628.err
2662628	20260602_1pattern_rl_imagenette_mistral_a5_s1000_l40s4	/data/42-julia-hpc-ai-cv-students/s471802/nn-gpt-runs/parallel_runs/20260602_1pattern_rl_imagenette_mistral_a5_s1000_l40s4/slurm/rl-imgnet-mistral-a5-l40s-w1-2662628.out
2662633	20260602_1pattern_rl_cifar100_dscoder_a9_s1000_l40s4	/data/42-julia-hpc-ai-cv-students/s471802/nn-gpt-runs/parallel_runs/20260602_1pattern_rl_cifar100_dscoder_a9_s1000_l40s4/slurm/fin-rl-c100-dscoder-a9-l40s-w1r2-2662633.err
2662633	20260602_1pattern_rl_cifar100_dscoder_a9_s1000_l40s4	/data/42-julia-hpc-ai-cv-students/s471802/nn-gpt-runs/parallel_runs/20260602_1pattern_rl_cifar100_dscoder_a9_s1000_l40s4/slurm/fin-rl-c100-dscoder-a9-l40s-w1r2-2662633.out
2662633	20260602_1pattern_rl_cifar100_dscoder_a9_s1000_l40s4	/data/42-julia-hpc-ai-cv-students/s471802/nn-gpt-runs/parallel_runs/20260602_1pattern_rl_cifar100_dscoder_a9_s1000_l40s4/slurm/rl-c100-dscoder-a9-l40s-w1r2-2662633.err
2662633	20260602_1pattern_rl_cifar100_dscoder_a9_s1000_l40s4	/data/42-julia-hpc-ai-cv-students/s471802/nn-gpt-runs/parallel_runs/20260602_1pattern_rl_cifar100_dscoder_a9_s1000_l40s4/slurm/rl-c100-dscoder-a9-l40s-w1r2-2662633.out
2662635	20260602_1pattern_rl_cifar100_mistral_a5_s1000_l40s4	/data/42-julia-hpc-ai-cv-students/s471802/nn-gpt-runs/parallel_runs/20260602_1pattern_rl_cifar100_mistral_a5_s1000_l40s4/slurm/fin-rl-c100-mistral-a5-l40s-w1r2-2662635.err
2662635	20260602_1pattern_rl_cifar100_mistral_a5_s1000_l40s4	/data/42-julia-hpc-ai-cv-students/s471802/nn-gpt-runs/parallel_runs/20260602_1pattern_rl_cifar100_mistral_a5_s1000_l40s4/slurm/fin-rl-c100-mistral-a5-l40s-w1r2-2662635.out
2662635	20260602_1pattern_rl_cifar100_mistral_a5_s1000_l40s4	/data/42-julia-hpc-ai-cv-students/s471802/nn-gpt-runs/parallel_runs/20260602_1pattern_rl_cifar100_mistral_a5_s1000_l40s4/slurm/rl-c100-mistral-a5-l40s-w1r2-2662635.err
2662635	20260602_1pattern_rl_cifar100_mistral_a5_s1000_l40s4	/data/42-julia-hpc-ai-cv-students/s471802/nn-gpt-runs/parallel_runs/20260602_1pattern_rl_cifar100_mistral_a5_s1000_l40s4/slurm/rl-c100-mistral-a5-l40s-w1r2-2662635.out
2662637	20260602_1pattern_rl_cifar100_qwen_a7_s1000_l40s4	/data/42-julia-hpc-ai-cv-students/s471802/nn-gpt-runs/parallel_runs/20260602_1pattern_rl_cifar100_qwen_a7_s1000_l40s4/slurm/fin-rl-c100-qwen-a7-l40s-w1r2-2662637.err
2662637	20260602_1pattern_rl_cifar100_qwen_a7_s1000_l40s4	/data/42-julia-hpc-ai-cv-students/s471802/nn-gpt-runs/parallel_runs/20260602_1pattern_rl_cifar100_qwen_a7_s1000_l40s4/slurm/fin-rl-c100-qwen-a7-l40s-w1r2-2662637.out
2662637	20260602_1pattern_rl_cifar100_qwen_a7_s1000_l40s4	/data/42-julia-hpc-ai-cv-students/s471802/nn-gpt-runs/parallel_runs/20260602_1pattern_rl_cifar100_qwen_a7_s1000_l40s4/slurm/rl-c100-qwen-a7-l40s-w1r2-2662637.err
2662637	20260602_1pattern_rl_cifar100_qwen_a7_s1000_l40s4	/data/42-julia-hpc-ai-cv-students/s471802/nn-gpt-runs/parallel_runs/20260602_1pattern_rl_cifar100_qwen_a7_s1000_l40s4/slurm/rl-c100-qwen-a7-l40s-w1r2-2662637.out
2662639	20260602_1pattern_rl_imagenette_dscoder_a9_s1000_l40s4	/data/42-julia-hpc-ai-cv-students/s471802/nn-gpt-runs/parallel_runs/20260602_1pattern_rl_imagenette_dscoder_a9_s1000_l40s4/slurm/fin-rl-imgnet-dscoder-a9-l40s-w1r2-2662639.err
2662639	20260602_1pattern_rl_imagenette_dscoder_a9_s1000_l40s4	/data/42-julia-hpc-ai-cv-students/s471802/nn-gpt-runs/parallel_runs/20260602_1pattern_rl_imagenette_dscoder_a9_s1000_l40s4/slurm/fin-rl-imgnet-dscoder-a9-l40s-w1r2-2662639.out
2662639	20260602_1pattern_rl_imagenette_dscoder_a9_s1000_l40s4	/data/42-julia-hpc-ai-cv-students/s471802/nn-gpt-runs/parallel_runs/20260602_1pattern_rl_imagenette_dscoder_a9_s1000_l40s4/slurm/rl-imgnet-dscoder-a9-l40s-w1r2-2662639.err
2662639	20260602_1pattern_rl_imagenette_dscoder_a9_s1000_l40s4	/data/42-julia-hpc-ai-cv-students/s471802/nn-gpt-runs/parallel_runs/20260602_1pattern_rl_imagenette_dscoder_a9_s1000_l40s4/slurm/rl-imgnet-dscoder-a9-l40s-w1r2-2662639.out
2662641	20260602_1pattern_rl_imagenette_mistral_a5_s1000_l40s4	/data/42-julia-hpc-ai-cv-students/s471802/nn-gpt-runs/parallel_runs/20260602_1pattern_rl_imagenette_mistral_a5_s1000_l40s4/slurm/fin-rl-imgnet-mistral-a5-l40s-w1r2-2662641.err
2662641	20260602_1pattern_rl_imagenette_mistral_a5_s1000_l40s4	/data/42-julia-hpc-ai-cv-students/s471802/nn-gpt-runs/parallel_runs/20260602_1pattern_rl_imagenette_mistral_a5_s1000_l40s4/slurm/fin-rl-imgnet-mistral-a5-l40s-w1r2-2662641.out
2662641	20260602_1pattern_rl_imagenette_mistral_a5_s1000_l40s4	/data/42-julia-hpc-ai-cv-students/s471802/nn-gpt-runs/parallel_runs/20260602_1pattern_rl_imagenette_mistral_a5_s1000_l40s4/slurm/rl-imgnet-mistral-a5-l40s-w1r2-2662641.err
2662641	20260602_1pattern_rl_imagenette_mistral_a5_s1000_l40s4	/data/42-julia-hpc-ai-cv-students/s471802/nn-gpt-runs/parallel_runs/20260602_1pattern_rl_imagenette_mistral_a5_s1000_l40s4/slurm/rl-imgnet-mistral-a5-l40s-w1r2-2662641.out
2662645	20260602_1pattern_rl_cifar100_dscoder_a9_s1000_freshw1_l40s4	/data/42-julia-hpc-ai-cv-students/s471802/nn-gpt-runs/parallel_runs/20260602_1pattern_rl_cifar100_dscoder_a9_s1000_freshw1_l40s4/slurm/fin-rl-c100-dscoder-a9-freshw1-2662645.err
2662645	20260602_1pattern_rl_cifar100_dscoder_a9_s1000_freshw1_l40s4	/data/42-julia-hpc-ai-cv-students/s471802/nn-gpt-runs/parallel_runs/20260602_1pattern_rl_cifar100_dscoder_a9_s1000_freshw1_l40s4/slurm/fin-rl-c100-dscoder-a9-freshw1-2662645.out
2662645	20260602_1pattern_rl_cifar100_dscoder_a9_s1000_freshw1_l40s4	/data/42-julia-hpc-ai-cv-students/s471802/nn-gpt-runs/parallel_runs/20260602_1pattern_rl_cifar100_dscoder_a9_s1000_freshw1_l40s4/slurm/rl-c100-dscoder-a9-freshw1-2662645.err
2662645	20260602_1pattern_rl_cifar100_dscoder_a9_s1000_freshw1_l40s4	/data/42-julia-hpc-ai-cv-students/s471802/nn-gpt-runs/parallel_runs/20260602_1pattern_rl_cifar100_dscoder_a9_s1000_freshw1_l40s4/slurm/rl-c100-dscoder-a9-freshw1-2662645.out
2662647	20260602_1pattern_rl_cifar100_mistral_a5_s1000_freshw1_l40s4	/data/42-julia-hpc-ai-cv-students/s471802/nn-gpt-runs/parallel_runs/20260602_1pattern_rl_cifar100_mistral_a5_s1000_freshw1_l40s4/slurm/fin-rl-c100-mistral-a5-freshw1-2662647.err
2662647	20260602_1pattern_rl_cifar100_mistral_a5_s1000_freshw1_l40s4	/data/42-julia-hpc-ai-cv-students/s471802/nn-gpt-runs/parallel_runs/20260602_1pattern_rl_cifar100_mistral_a5_s1000_freshw1_l40s4/slurm/fin-rl-c100-mistral-a5-freshw1-2662647.out
2662647	20260602_1pattern_rl_cifar100_mistral_a5_s1000_freshw1_l40s4	/data/42-julia-hpc-ai-cv-students/s471802/nn-gpt-runs/parallel_runs/20260602_1pattern_rl_cifar100_mistral_a5_s1000_freshw1_l40s4/slurm/rl-c100-mistral-a5-freshw1-2662647.err
2662647	20260602_1pattern_rl_cifar100_mistral_a5_s1000_freshw1_l40s4	/data/42-julia-hpc-ai-cv-students/s471802/nn-gpt-runs/parallel_runs/20260602_1pattern_rl_cifar100_mistral_a5_s1000_freshw1_l40s4/slurm/rl-c100-mistral-a5-freshw1-2662647.out
2662649	20260602_1pattern_rl_cifar100_qwen_a7_s1000_freshw1_l40s4	/data/42-julia-hpc-ai-cv-students/s471802/nn-gpt-runs/parallel_runs/20260602_1pattern_rl_cifar100_qwen_a7_s1000_freshw1_l40s4/slurm/fin-rl-c100-qwen-a7-freshw1-2662649.err
2662649	20260602_1pattern_rl_cifar100_qwen_a7_s1000_freshw1_l40s4	/data/42-julia-hpc-ai-cv-students/s471802/nn-gpt-runs/parallel_runs/20260602_1pattern_rl_cifar100_qwen_a7_s1000_freshw1_l40s4/slurm/fin-rl-c100-qwen-a7-freshw1-2662649.out
2662649	20260602_1pattern_rl_cifar100_qwen_a7_s1000_freshw1_l40s4	/data/42-julia-hpc-ai-cv-students/s471802/nn-gpt-runs/parallel_runs/20260602_1pattern_rl_cifar100_qwen_a7_s1000_freshw1_l40s4/slurm/rl-c100-qwen-a7-freshw1-2662649.err
2662649	20260602_1pattern_rl_cifar100_qwen_a7_s1000_freshw1_l40s4	/data/42-julia-hpc-ai-cv-students/s471802/nn-gpt-runs/parallel_runs/20260602_1pattern_rl_cifar100_qwen_a7_s1000_freshw1_l40s4/slurm/rl-c100-qwen-a7-freshw1-2662649.out
2662651	20260602_1pattern_rl_imagenette_dscoder_a9_s1000_freshw1_l40s4	/data/42-julia-hpc-ai-cv-students/s471802/nn-gpt-runs/parallel_runs/20260602_1pattern_rl_imagenette_dscoder_a9_s1000_freshw1_l40s4/slurm/fin-rl-imgnet-dscoder-a9-freshw1-2662651.err
2662651	20260602_1pattern_rl_imagenette_dscoder_a9_s1000_freshw1_l40s4	/data/42-julia-hpc-ai-cv-students/s471802/nn-gpt-runs/parallel_runs/20260602_1pattern_rl_imagenette_dscoder_a9_s1000_freshw1_l40s4/slurm/fin-rl-imgnet-dscoder-a9-freshw1-2662651.out
2662651	20260602_1pattern_rl_imagenette_dscoder_a9_s1000_freshw1_l40s4	/data/42-julia-hpc-ai-cv-students/s471802/nn-gpt-runs/parallel_runs/20260602_1pattern_rl_imagenette_dscoder_a9_s1000_freshw1_l40s4/slurm/rl-imgnet-dscoder-a9-freshw1-2662651.err
2662651	20260602_1pattern_rl_imagenette_dscoder_a9_s1000_freshw1_l40s4	/data/42-julia-hpc-ai-cv-students/s471802/nn-gpt-runs/parallel_runs/20260602_1pattern_rl_imagenette_dscoder_a9_s1000_freshw1_l40s4/slurm/rl-imgnet-dscoder-a9-freshw1-2662651.out
2662653	20260602_1pattern_rl_imagenette_mistral_a5_s1000_freshw1_l40s4	/data/42-julia-hpc-ai-cv-students/s471802/nn-gpt-runs/parallel_runs/20260602_1pattern_rl_imagenette_mistral_a5_s1000_freshw1_l40s4/slurm/fin-rl-imgnet-mistral-a5-freshw1-2662653.err
2662653	20260602_1pattern_rl_imagenette_mistral_a5_s1000_freshw1_l40s4	/data/42-julia-hpc-ai-cv-students/s471802/nn-gpt-runs/parallel_runs/20260602_1pattern_rl_imagenette_mistral_a5_s1000_freshw1_l40s4/slurm/fin-rl-imgnet-mistral-a5-freshw1-2662653.out
2662653	20260602_1pattern_rl_imagenette_mistral_a5_s1000_freshw1_l40s4	/data/42-julia-hpc-ai-cv-students/s471802/nn-gpt-runs/parallel_runs/20260602_1pattern_rl_imagenette_mistral_a5_s1000_freshw1_l40s4/slurm/rl-imgnet-mistral-a5-freshw1-2662653.err
2662653	20260602_1pattern_rl_imagenette_mistral_a5_s1000_freshw1_l40s4	/data/42-julia-hpc-ai-cv-students/s471802/nn-gpt-runs/parallel_runs/20260602_1pattern_rl_imagenette_mistral_a5_s1000_freshw1_l40s4/slurm/rl-imgnet-mistral-a5-freshw1-2662653.out
2662658	20260602_1pattern_rl_imagenette_qwen_a7_s1000_freshw1_standardg3	/data/42-julia-hpc-ai-cv-students/s471802/nn-gpt-runs/parallel_runs/20260602_1pattern_rl_imagenette_qwen_a7_s1000_freshw1_standardg3/slurm/fin-rl-imgnet-qwen-a7-standardg3-2662658.err
2662658	20260602_1pattern_rl_imagenette_qwen_a7_s1000_freshw1_standardg3	/data/42-julia-hpc-ai-cv-students/s471802/nn-gpt-runs/parallel_runs/20260602_1pattern_rl_imagenette_qwen_a7_s1000_freshw1_standardg3/slurm/fin-rl-imgnet-qwen-a7-standardg3-2662658.out
2662658	20260602_1pattern_rl_imagenette_qwen_a7_s1000_freshw1_standardg3	/data/42-julia-hpc-ai-cv-students/s471802/nn-gpt-runs/parallel_runs/20260602_1pattern_rl_imagenette_qwen_a7_s1000_freshw1_standardg3/slurm/rl-imgnet-qwen-a7-standardg3-2662658.err
2662658	20260602_1pattern_rl_imagenette_qwen_a7_s1000_freshw1_standardg3	/data/42-julia-hpc-ai-cv-students/s471802/nn-gpt-runs/parallel_runs/20260602_1pattern_rl_imagenette_qwen_a7_s1000_freshw1_standardg3/slurm/rl-imgnet-qwen-a7-standardg3-2662658.out
2663277	20260603_1pattern_rl_imagenette_dscoder_a9_s1000_freshw1_excltrain_l40s4	/data/42-julia-hpc-ai-cv-students/s471802/nn-gpt-runs/parallel_runs/20260603_1pattern_rl_imagenette_dscoder_a9_s1000_freshw1_excltrain_l40s4/slurm/rl-imgnet-dscoder-a9-excltrain-2663277.err
2663277	20260603_1pattern_rl_imagenette_dscoder_a9_s1000_freshw1_excltrain_l40s4	/data/42-julia-hpc-ai-cv-students/s471802/nn-gpt-runs/parallel_runs/20260603_1pattern_rl_imagenette_dscoder_a9_s1000_freshw1_excltrain_l40s4/slurm/rl-imgnet-dscoder-a9-excltrain-2663277.out
2663291	20260603_1pattern_rl_imagenette_dscoder_a9_s1000_freshw1_excltrain_h100g4	/data/42-julia-hpc-ai-cv-students/s471802/nn-gpt-runs/parallel_runs/20260603_1pattern_rl_imagenette_dscoder_a9_s1000_freshw1_excltrain_h100g4/slurm/fin-rl-imgnet-dscoder-a9-h100-excl-2663291.err
2663291	20260603_1pattern_rl_imagenette_dscoder_a9_s1000_freshw1_excltrain_h100g4	/data/42-julia-hpc-ai-cv-students/s471802/nn-gpt-runs/parallel_runs/20260603_1pattern_rl_imagenette_dscoder_a9_s1000_freshw1_excltrain_h100g4/slurm/fin-rl-imgnet-dscoder-a9-h100-excl-2663291.out
2663291	20260603_1pattern_rl_imagenette_dscoder_a9_s1000_freshw1_excltrain_h100g4	/data/42-julia-hpc-ai-cv-students/s471802/nn-gpt-runs/parallel_runs/20260603_1pattern_rl_imagenette_dscoder_a9_s1000_freshw1_excltrain_h100g4/slurm/rl-imgnet-dscoder-a9-excltrain-h100-2663291.err
2663291	20260603_1pattern_rl_imagenette_dscoder_a9_s1000_freshw1_excltrain_h100g4	/data/42-julia-hpc-ai-cv-students/s471802/nn-gpt-runs/parallel_runs/20260603_1pattern_rl_imagenette_dscoder_a9_s1000_freshw1_excltrain_h100g4/slurm/rl-imgnet-dscoder-a9-excltrain-h100-2663291.out
2664407	20260603_1pattern_rl_cifar10_qwen_a7_s1000_trainvaltest_l40s4	/data/42-julia-hpc-ai-cv-students/s471802/nn-gpt-runs/parallel_runs/20260603_1pattern_rl_cifar10_qwen_a7_s1000_trainvaltest_l40s4/slurm/rl-c10-qwen-a7-trainvaltest-2664407.err
2664407	20260603_1pattern_rl_cifar10_qwen_a7_s1000_trainvaltest_l40s4	/data/42-julia-hpc-ai-cv-students/s471802/nn-gpt-runs/parallel_runs/20260603_1pattern_rl_cifar10_qwen_a7_s1000_trainvaltest_l40s4/slurm/rl-c10-qwen-a7-trainvaltest-2664407.out
2664407	20260603_1pattern_rl_cifar10_qwen_a7_s1000_trainvaltest_l40s4	/data/42-julia-hpc-ai-cv-students/s471802/nn-gpt-runs/parallel_runs/20260603_1pattern_rl_cifar10_qwen_a7_s1000_trainvaltest_l40s4/slurm/tunerl-finalize-c10_qwen_trainvaltest-2664407.err
2664407	20260603_1pattern_rl_cifar10_qwen_a7_s1000_trainvaltest_l40s4	/data/42-julia-hpc-ai-cv-students/s471802/nn-gpt-runs/parallel_runs/20260603_1pattern_rl_cifar10_qwen_a7_s1000_trainvaltest_l40s4/slurm/tunerl-finalize-c10_qwen_trainvaltest-2664407.out
2664409	20260603_1pattern_rl_cifar100_dscoder_a9_s1000_trainvaltest_l40s4	/data/42-julia-hpc-ai-cv-students/s471802/nn-gpt-runs/parallel_runs/20260603_1pattern_rl_cifar100_dscoder_a9_s1000_trainvaltest_l40s4/slurm/rl-c100-dscoder-a9-trainvaltest-2664409.err
2664409	20260603_1pattern_rl_cifar100_dscoder_a9_s1000_trainvaltest_l40s4	/data/42-julia-hpc-ai-cv-students/s471802/nn-gpt-runs/parallel_runs/20260603_1pattern_rl_cifar100_dscoder_a9_s1000_trainvaltest_l40s4/slurm/rl-c100-dscoder-a9-trainvaltest-2664409.out
2664409	20260603_1pattern_rl_cifar100_dscoder_a9_s1000_trainvaltest_l40s4	/data/42-julia-hpc-ai-cv-students/s471802/nn-gpt-runs/parallel_runs/20260603_1pattern_rl_cifar100_dscoder_a9_s1000_trainvaltest_l40s4/slurm/tunerl-finalize-c100_dscoder_trainvaltest-2664409.err
2664409	20260603_1pattern_rl_cifar100_dscoder_a9_s1000_trainvaltest_l40s4	/data/42-julia-hpc-ai-cv-students/s471802/nn-gpt-runs/parallel_runs/20260603_1pattern_rl_cifar100_dscoder_a9_s1000_trainvaltest_l40s4/slurm/tunerl-finalize-c100_dscoder_trainvaltest-2664409.out
2664411	20260603_1pattern_rl_cifar100_mistral_a5_s1000_trainvaltest_l40s4	/data/42-julia-hpc-ai-cv-students/s471802/nn-gpt-runs/parallel_runs/20260603_1pattern_rl_cifar100_mistral_a5_s1000_trainvaltest_l40s4/slurm/rl-c100-mistral-a5-trainvaltest-2664411.err
2664411	20260603_1pattern_rl_cifar100_mistral_a5_s1000_trainvaltest_l40s4	/data/42-julia-hpc-ai-cv-students/s471802/nn-gpt-runs/parallel_runs/20260603_1pattern_rl_cifar100_mistral_a5_s1000_trainvaltest_l40s4/slurm/rl-c100-mistral-a5-trainvaltest-2664411.out
2664411	20260603_1pattern_rl_cifar100_mistral_a5_s1000_trainvaltest_l40s4	/data/42-julia-hpc-ai-cv-students/s471802/nn-gpt-runs/parallel_runs/20260603_1pattern_rl_cifar100_mistral_a5_s1000_trainvaltest_l40s4/slurm/tunerl-finalize-c100_mistral_trainvaltest-2664411.err
2664411	20260603_1pattern_rl_cifar100_mistral_a5_s1000_trainvaltest_l40s4	/data/42-julia-hpc-ai-cv-students/s471802/nn-gpt-runs/parallel_runs/20260603_1pattern_rl_cifar100_mistral_a5_s1000_trainvaltest_l40s4/slurm/tunerl-finalize-c100_mistral_trainvaltest-2664411.out
2664413	20260603_1pattern_rl_cifar100_qwen_a7_s1000_trainvaltest_l40s4	/data/42-julia-hpc-ai-cv-students/s471802/nn-gpt-runs/parallel_runs/20260603_1pattern_rl_cifar100_qwen_a7_s1000_trainvaltest_l40s4/slurm/rl-c100-qwen-a7-trainvaltest-2664413.err
2664413	20260603_1pattern_rl_cifar100_qwen_a7_s1000_trainvaltest_l40s4	/data/42-julia-hpc-ai-cv-students/s471802/nn-gpt-runs/parallel_runs/20260603_1pattern_rl_cifar100_qwen_a7_s1000_trainvaltest_l40s4/slurm/rl-c100-qwen-a7-trainvaltest-2664413.out
2664413	20260603_1pattern_rl_cifar100_qwen_a7_s1000_trainvaltest_l40s4	/data/42-julia-hpc-ai-cv-students/s471802/nn-gpt-runs/parallel_runs/20260603_1pattern_rl_cifar100_qwen_a7_s1000_trainvaltest_l40s4/slurm/tunerl-finalize-c100_qwen_trainvaltest-2664413.err
2664413	20260603_1pattern_rl_cifar100_qwen_a7_s1000_trainvaltest_l40s4	/data/42-julia-hpc-ai-cv-students/s471802/nn-gpt-runs/parallel_runs/20260603_1pattern_rl_cifar100_qwen_a7_s1000_trainvaltest_l40s4/slurm/tunerl-finalize-c100_qwen_trainvaltest-2664413.out
2664417	20260603_1pattern_rl_imagenette_mistral_a5_s1000_trainvaltest_l40s4	/data/42-julia-hpc-ai-cv-students/s471802/nn-gpt-runs/parallel_runs/20260603_1pattern_rl_imagenette_mistral_a5_s1000_trainvaltest_l40s4/slurm/rl-imgnet-mistral-a5-trainvaltest-2664417.err
2664417	20260603_1pattern_rl_imagenette_mistral_a5_s1000_trainvaltest_l40s4	/data/42-julia-hpc-ai-cv-students/s471802/nn-gpt-runs/parallel_runs/20260603_1pattern_rl_imagenette_mistral_a5_s1000_trainvaltest_l40s4/slurm/rl-imgnet-mistral-a5-trainvaltest-2664417.out
2664417	20260603_1pattern_rl_imagenette_mistral_a5_s1000_trainvaltest_l40s4	/data/42-julia-hpc-ai-cv-students/s471802/nn-gpt-runs/parallel_runs/20260603_1pattern_rl_imagenette_mistral_a5_s1000_trainvaltest_l40s4/slurm/tunerl-finalize-img_mistral_trainvaltest-2664417.err
2664417	20260603_1pattern_rl_imagenette_mistral_a5_s1000_trainvaltest_l40s4	/data/42-julia-hpc-ai-cv-students/s471802/nn-gpt-runs/parallel_runs/20260603_1pattern_rl_imagenette_mistral_a5_s1000_trainvaltest_l40s4/slurm/tunerl-finalize-img_mistral_trainvaltest-2664417.out
2664419	20260603_1pattern_rl_imagenette_qwen_a7_s1000_trainvaltest_standardg3	/data/42-julia-hpc-ai-cv-students/s471802/nn-gpt-runs/parallel_runs/20260603_1pattern_rl_imagenette_qwen_a7_s1000_trainvaltest_standardg3/slurm/rl-imgnet-qwen-a7-trainvaltest-2664419.err
2664419	20260603_1pattern_rl_imagenette_qwen_a7_s1000_trainvaltest_standardg3	/data/42-julia-hpc-ai-cv-students/s471802/nn-gpt-runs/parallel_runs/20260603_1pattern_rl_imagenette_qwen_a7_s1000_trainvaltest_standardg3/slurm/rl-imgnet-qwen-a7-trainvaltest-2664419.out
2664419	20260603_1pattern_rl_imagenette_qwen_a7_s1000_trainvaltest_standardg3	/data/42-julia-hpc-ai-cv-students/s471802/nn-gpt-runs/parallel_runs/20260603_1pattern_rl_imagenette_qwen_a7_s1000_trainvaltest_standardg3/slurm/tunerl-finalize-img_qwen_trainvaltest-2664419.err
2664419	20260603_1pattern_rl_imagenette_qwen_a7_s1000_trainvaltest_standardg3	/data/42-julia-hpc-ai-cv-students/s471802/nn-gpt-runs/parallel_runs/20260603_1pattern_rl_imagenette_qwen_a7_s1000_trainvaltest_standardg3/slurm/tunerl-finalize-img_qwen_trainvaltest-2664419.out
2664421	20260603_1pattern_rl_cifar10_dscoder_a9_s1000_trainvaltest_l40s4	/data/42-julia-hpc-ai-cv-students/s471802/nn-gpt-runs/parallel_runs/20260603_1pattern_rl_cifar10_dscoder_a9_s1000_trainvaltest_l40s4/slurm/rl-c10-dscoder-a9-l40s4-2664421.err
2664421	20260603_1pattern_rl_cifar10_dscoder_a9_s1000_trainvaltest_l40s4	/data/42-julia-hpc-ai-cv-students/s471802/nn-gpt-runs/parallel_runs/20260603_1pattern_rl_cifar10_dscoder_a9_s1000_trainvaltest_l40s4/slurm/rl-c10-dscoder-a9-l40s4-2664421.out
2664421	20260603_1pattern_rl_cifar10_dscoder_a9_s1000_trainvaltest_l40s4	/data/42-julia-hpc-ai-cv-students/s471802/nn-gpt-runs/parallel_runs/20260603_1pattern_rl_cifar10_dscoder_a9_s1000_trainvaltest_l40s4/slurm/tunerl-finalize-c10_dscoder_trainvaltest-2664421.err
2664421	20260603_1pattern_rl_cifar10_dscoder_a9_s1000_trainvaltest_l40s4	/data/42-julia-hpc-ai-cv-students/s471802/nn-gpt-runs/parallel_runs/20260603_1pattern_rl_cifar10_dscoder_a9_s1000_trainvaltest_l40s4/slurm/tunerl-finalize-c10_dscoder_trainvaltest-2664421.out
2664423	20260603_1pattern_rl_cifar10_mistral_a5_s1000_trainvaltest_l40s4	/data/42-julia-hpc-ai-cv-students/s471802/nn-gpt-runs/parallel_runs/20260603_1pattern_rl_cifar10_mistral_a5_s1000_trainvaltest_l40s4/slurm/rl-c10-mistral-a5-l40s4-2664423.err
2664423	20260603_1pattern_rl_cifar10_mistral_a5_s1000_trainvaltest_l40s4	/data/42-julia-hpc-ai-cv-students/s471802/nn-gpt-runs/parallel_runs/20260603_1pattern_rl_cifar10_mistral_a5_s1000_trainvaltest_l40s4/slurm/rl-c10-mistral-a5-l40s4-2664423.out
2664423	20260603_1pattern_rl_cifar10_mistral_a5_s1000_trainvaltest_l40s4	/data/42-julia-hpc-ai-cv-students/s471802/nn-gpt-runs/parallel_runs/20260603_1pattern_rl_cifar10_mistral_a5_s1000_trainvaltest_l40s4/slurm/tunerl-finalize-c10_mistral_trainvaltest-2664423.err
2664423	20260603_1pattern_rl_cifar10_mistral_a5_s1000_trainvaltest_l40s4	/data/42-julia-hpc-ai-cv-students/s471802/nn-gpt-runs/parallel_runs/20260603_1pattern_rl_cifar10_mistral_a5_s1000_trainvaltest_l40s4/slurm/tunerl-finalize-c10_mistral_trainvaltest-2664423.out
2664425	20260603_1pattern_rl_imagenette_dscoder_a9_s1000_trainvaltest_l40s4	/data/42-julia-hpc-ai-cv-students/s471802/nn-gpt-runs/parallel_runs/20260603_1pattern_rl_imagenette_dscoder_a9_s1000_trainvaltest_l40s4/slurm/rl-imgnet-dscoder-a9-l40s4-2664425.err
2664425	20260603_1pattern_rl_imagenette_dscoder_a9_s1000_trainvaltest_l40s4	/data/42-julia-hpc-ai-cv-students/s471802/nn-gpt-runs/parallel_runs/20260603_1pattern_rl_imagenette_dscoder_a9_s1000_trainvaltest_l40s4/slurm/rl-imgnet-dscoder-a9-l40s4-2664425.out
2664425	20260603_1pattern_rl_imagenette_dscoder_a9_s1000_trainvaltest_l40s4	/data/42-julia-hpc-ai-cv-students/s471802/nn-gpt-runs/parallel_runs/20260603_1pattern_rl_imagenette_dscoder_a9_s1000_trainvaltest_l40s4/slurm/tunerl-finalize-img_dscoder_trainvaltest-2664425.err
2664425	20260603_1pattern_rl_imagenette_dscoder_a9_s1000_trainvaltest_l40s4	/data/42-julia-hpc-ai-cv-students/s471802/nn-gpt-runs/parallel_runs/20260603_1pattern_rl_imagenette_dscoder_a9_s1000_trainvaltest_l40s4/slurm/tunerl-finalize-img_dscoder_trainvaltest-2664425.out
2664428	20260603_1pattern_rl_cifar10_dscoder_a9_s1000_trainvaltest_l40s4_tk	/data/42-julia-hpc-ai-cv-students/s471802/nn-gpt-runs/parallel_runs/20260603_1pattern_rl_cifar10_dscoder_a9_s1000_trainvaltest_l40s4_tk/slurm/rl-c10-dscoder-a9-l40s4-tk-2664428.err
2664428	20260603_1pattern_rl_cifar10_dscoder_a9_s1000_trainvaltest_l40s4_tk	/data/42-julia-hpc-ai-cv-students/s471802/nn-gpt-runs/parallel_runs/20260603_1pattern_rl_cifar10_dscoder_a9_s1000_trainvaltest_l40s4_tk/slurm/rl-c10-dscoder-a9-l40s4-tk-2664428.out
2664428	20260603_1pattern_rl_cifar10_dscoder_a9_s1000_trainvaltest_l40s4_tk	/data/42-julia-hpc-ai-cv-students/s471802/nn-gpt-runs/parallel_runs/20260603_1pattern_rl_cifar10_dscoder_a9_s1000_trainvaltest_l40s4_tk/slurm/tunerl-finalize-c10_dscoder_trainvaltest_tk-2664428.err
2664428	20260603_1pattern_rl_cifar10_dscoder_a9_s1000_trainvaltest_l40s4_tk	/data/42-julia-hpc-ai-cv-students/s471802/nn-gpt-runs/parallel_runs/20260603_1pattern_rl_cifar10_dscoder_a9_s1000_trainvaltest_l40s4_tk/slurm/tunerl-finalize-c10_dscoder_trainvaltest_tk-2664428.out
2664430	20260603_1pattern_rl_cifar10_mistral_a5_s1000_trainvaltest_l40s4_tk	/data/42-julia-hpc-ai-cv-students/s471802/nn-gpt-runs/parallel_runs/20260603_1pattern_rl_cifar10_mistral_a5_s1000_trainvaltest_l40s4_tk/slurm/rl-c10-mistral-a5-l40s4-tk-2664430.err
2664430	20260603_1pattern_rl_cifar10_mistral_a5_s1000_trainvaltest_l40s4_tk	/data/42-julia-hpc-ai-cv-students/s471802/nn-gpt-runs/parallel_runs/20260603_1pattern_rl_cifar10_mistral_a5_s1000_trainvaltest_l40s4_tk/slurm/rl-c10-mistral-a5-l40s4-tk-2664430.out
2664430	20260603_1pattern_rl_cifar10_mistral_a5_s1000_trainvaltest_l40s4_tk	/data/42-julia-hpc-ai-cv-students/s471802/nn-gpt-runs/parallel_runs/20260603_1pattern_rl_cifar10_mistral_a5_s1000_trainvaltest_l40s4_tk/slurm/tunerl-finalize-c10_mistral_trainvaltest_tk-2664430.err
2664430	20260603_1pattern_rl_cifar10_mistral_a5_s1000_trainvaltest_l40s4_tk	/data/42-julia-hpc-ai-cv-students/s471802/nn-gpt-runs/parallel_runs/20260603_1pattern_rl_cifar10_mistral_a5_s1000_trainvaltest_l40s4_tk/slurm/tunerl-finalize-c10_mistral_trainvaltest_tk-2664430.out
2664444	20260603_1pattern_rl_imagenette_qwen_a7_s1000_trainvaltest_standardg3_tk	/data/42-julia-hpc-ai-cv-students/s471802/nn-gpt-runs/parallel_runs/20260603_1pattern_rl_imagenette_qwen_a7_s1000_trainvaltest_standardg3_tk/slurm/rl-imgnet-qwen-a7-standardg3-tk-2664444.err
2664444	20260603_1pattern_rl_imagenette_qwen_a7_s1000_trainvaltest_standardg3_tk	/data/42-julia-hpc-ai-cv-students/s471802/nn-gpt-runs/parallel_runs/20260603_1pattern_rl_imagenette_qwen_a7_s1000_trainvaltest_standardg3_tk/slurm/rl-imgnet-qwen-a7-standardg3-tk-2664444.out
2664444	20260603_1pattern_rl_imagenette_qwen_a7_s1000_trainvaltest_standardg3_tk	/data/42-julia-hpc-ai-cv-students/s471802/nn-gpt-runs/parallel_runs/20260603_1pattern_rl_imagenette_qwen_a7_s1000_trainvaltest_standardg3_tk/slurm/tunerl-finalize-img_qwen_trainvaltest_tk-2664444.err
2664444	20260603_1pattern_rl_imagenette_qwen_a7_s1000_trainvaltest_standardg3_tk	/data/42-julia-hpc-ai-cv-students/s471802/nn-gpt-runs/parallel_runs/20260603_1pattern_rl_imagenette_qwen_a7_s1000_trainvaltest_standardg3_tk/slurm/tunerl-finalize-img_qwen_trainvaltest_tk-2664444.out
2664459	20260603_1pattern_rl_cifar10_qwen_a7_s1000_trainvaltest_standardg3_tk	/data/42-julia-hpc-ai-cv-students/s471802/nn-gpt-runs/parallel_runs/20260603_1pattern_rl_cifar10_qwen_a7_s1000_trainvaltest_standardg3_tk/slurm/rl-c10-qwen-a7-standardg3-tk-2664459.err
2664459	20260603_1pattern_rl_cifar10_qwen_a7_s1000_trainvaltest_standardg3_tk	/data/42-julia-hpc-ai-cv-students/s471802/nn-gpt-runs/parallel_runs/20260603_1pattern_rl_cifar10_qwen_a7_s1000_trainvaltest_standardg3_tk/slurm/rl-c10-qwen-a7-standardg3-tk-2664459.out
2664459	20260603_1pattern_rl_cifar10_qwen_a7_s1000_trainvaltest_standardg3_tk	/data/42-julia-hpc-ai-cv-students/s471802/nn-gpt-runs/parallel_runs/20260603_1pattern_rl_cifar10_qwen_a7_s1000_trainvaltest_standardg3_tk/slurm/tunerl-finalize-c10_qwen_trainvaltest_standardg3_tk-2664459.err
2664459	20260603_1pattern_rl_cifar10_qwen_a7_s1000_trainvaltest_standardg3_tk	/data/42-julia-hpc-ai-cv-students/s471802/nn-gpt-runs/parallel_runs/20260603_1pattern_rl_cifar10_qwen_a7_s1000_trainvaltest_standardg3_tk/slurm/tunerl-finalize-c10_qwen_trainvaltest_standardg3_tk-2664459.out
2664461	20260603_1pattern_rl_cifar100_dscoder_a9_s1000_trainvaltest_standardg3_tk	/data/42-julia-hpc-ai-cv-students/s471802/nn-gpt-runs/parallel_runs/20260603_1pattern_rl_cifar100_dscoder_a9_s1000_trainvaltest_standardg3_tk/slurm/rl-c100-dscoder-a9-standardg3-tk-2664461.err
2664461	20260603_1pattern_rl_cifar100_dscoder_a9_s1000_trainvaltest_standardg3_tk	/data/42-julia-hpc-ai-cv-students/s471802/nn-gpt-runs/parallel_runs/20260603_1pattern_rl_cifar100_dscoder_a9_s1000_trainvaltest_standardg3_tk/slurm/rl-c100-dscoder-a9-standardg3-tk-2664461.out
2664461	20260603_1pattern_rl_cifar100_dscoder_a9_s1000_trainvaltest_standardg3_tk	/data/42-julia-hpc-ai-cv-students/s471802/nn-gpt-runs/parallel_runs/20260603_1pattern_rl_cifar100_dscoder_a9_s1000_trainvaltest_standardg3_tk/slurm/tunerl-finalize-c100_dscoder_trainvaltest_standardg3_tk-2664461.err
2664461	20260603_1pattern_rl_cifar100_dscoder_a9_s1000_trainvaltest_standardg3_tk	/data/42-julia-hpc-ai-cv-students/s471802/nn-gpt-runs/parallel_runs/20260603_1pattern_rl_cifar100_dscoder_a9_s1000_trainvaltest_standardg3_tk/slurm/tunerl-finalize-c100_dscoder_trainvaltest_standardg3_tk-2664461.out
2664463	20260603_1pattern_rl_cifar100_mistral_a5_s1000_trainvaltest_standardg3_tk	/data/42-julia-hpc-ai-cv-students/s471802/nn-gpt-runs/parallel_runs/20260603_1pattern_rl_cifar100_mistral_a5_s1000_trainvaltest_standardg3_tk/slurm/rl-c100-mistral-a5-standardg3-tk-2664463.err
2664463	20260603_1pattern_rl_cifar100_mistral_a5_s1000_trainvaltest_standardg3_tk	/data/42-julia-hpc-ai-cv-students/s471802/nn-gpt-runs/parallel_runs/20260603_1pattern_rl_cifar100_mistral_a5_s1000_trainvaltest_standardg3_tk/slurm/rl-c100-mistral-a5-standardg3-tk-2664463.out
2664463	20260603_1pattern_rl_cifar100_mistral_a5_s1000_trainvaltest_standardg3_tk	/data/42-julia-hpc-ai-cv-students/s471802/nn-gpt-runs/parallel_runs/20260603_1pattern_rl_cifar100_mistral_a5_s1000_trainvaltest_standardg3_tk/slurm/tunerl-finalize-c100_mistral_trainvaltest_standardg3_tk-2664463.err
2664463	20260603_1pattern_rl_cifar100_mistral_a5_s1000_trainvaltest_standardg3_tk	/data/42-julia-hpc-ai-cv-students/s471802/nn-gpt-runs/parallel_runs/20260603_1pattern_rl_cifar100_mistral_a5_s1000_trainvaltest_standardg3_tk/slurm/tunerl-finalize-c100_mistral_trainvaltest_standardg3_tk-2664463.out
2664465	20260603_1pattern_rl_cifar100_qwen_a7_s1000_trainvaltest_standardg3_tk	/data/42-julia-hpc-ai-cv-students/s471802/nn-gpt-runs/parallel_runs/20260603_1pattern_rl_cifar100_qwen_a7_s1000_trainvaltest_standardg3_tk/slurm/rl-c100-qwen-a7-standardg3-tk-2664465.err
2664465	20260603_1pattern_rl_cifar100_qwen_a7_s1000_trainvaltest_standardg3_tk	/data/42-julia-hpc-ai-cv-students/s471802/nn-gpt-runs/parallel_runs/20260603_1pattern_rl_cifar100_qwen_a7_s1000_trainvaltest_standardg3_tk/slurm/rl-c100-qwen-a7-standardg3-tk-2664465.out
2664465	20260603_1pattern_rl_cifar100_qwen_a7_s1000_trainvaltest_standardg3_tk	/data/42-julia-hpc-ai-cv-students/s471802/nn-gpt-runs/parallel_runs/20260603_1pattern_rl_cifar100_qwen_a7_s1000_trainvaltest_standardg3_tk/slurm/tunerl-finalize-c100_qwen_trainvaltest_standardg3_tk-2664465.err
2664465	20260603_1pattern_rl_cifar100_qwen_a7_s1000_trainvaltest_standardg3_tk	/data/42-julia-hpc-ai-cv-students/s471802/nn-gpt-runs/parallel_runs/20260603_1pattern_rl_cifar100_qwen_a7_s1000_trainvaltest_standardg3_tk/slurm/tunerl-finalize-c100_qwen_trainvaltest_standardg3_tk-2664465.out
2664467	20260603_1pattern_rl_imagenette_dscoder_a9_s1000_trainvaltest_standardg3_tk	/data/42-julia-hpc-ai-cv-students/s471802/nn-gpt-runs/parallel_runs/20260603_1pattern_rl_imagenette_dscoder_a9_s1000_trainvaltest_standardg3_tk/slurm/rl-imgnet-dscoder-a9-standardg3-tk-2664467.err
2664467	20260603_1pattern_rl_imagenette_dscoder_a9_s1000_trainvaltest_standardg3_tk	/data/42-julia-hpc-ai-cv-students/s471802/nn-gpt-runs/parallel_runs/20260603_1pattern_rl_imagenette_dscoder_a9_s1000_trainvaltest_standardg3_tk/slurm/rl-imgnet-dscoder-a9-standardg3-tk-2664467.out
2664467	20260603_1pattern_rl_imagenette_dscoder_a9_s1000_trainvaltest_standardg3_tk	/data/42-julia-hpc-ai-cv-students/s471802/nn-gpt-runs/parallel_runs/20260603_1pattern_rl_imagenette_dscoder_a9_s1000_trainvaltest_standardg3_tk/slurm/tunerl-finalize-img_dscoder_trainvaltest_standardg3_tk-2664467.err
2664467	20260603_1pattern_rl_imagenette_dscoder_a9_s1000_trainvaltest_standardg3_tk	/data/42-julia-hpc-ai-cv-students/s471802/nn-gpt-runs/parallel_runs/20260603_1pattern_rl_imagenette_dscoder_a9_s1000_trainvaltest_standardg3_tk/slurm/tunerl-finalize-img_dscoder_trainvaltest_standardg3_tk-2664467.out
2664469	20260603_1pattern_rl_imagenette_mistral_a5_s1000_trainvaltest_standardg3_tk	/data/42-julia-hpc-ai-cv-students/s471802/nn-gpt-runs/parallel_runs/20260603_1pattern_rl_imagenette_mistral_a5_s1000_trainvaltest_standardg3_tk/slurm/rl-imgnet-mistral-a5-standardg3-tk-2664469.err
2664469	20260603_1pattern_rl_imagenette_mistral_a5_s1000_trainvaltest_standardg3_tk	/data/42-julia-hpc-ai-cv-students/s471802/nn-gpt-runs/parallel_runs/20260603_1pattern_rl_imagenette_mistral_a5_s1000_trainvaltest_standardg3_tk/slurm/rl-imgnet-mistral-a5-standardg3-tk-2664469.out
2664469	20260603_1pattern_rl_imagenette_mistral_a5_s1000_trainvaltest_standardg3_tk	/data/42-julia-hpc-ai-cv-students/s471802/nn-gpt-runs/parallel_runs/20260603_1pattern_rl_imagenette_mistral_a5_s1000_trainvaltest_standardg3_tk/slurm/tunerl-finalize-img_mistral_trainvaltest_standardg3_tk-2664469.err
2664469	20260603_1pattern_rl_imagenette_mistral_a5_s1000_trainvaltest_standardg3_tk	/data/42-julia-hpc-ai-cv-students/s471802/nn-gpt-runs/parallel_runs/20260603_1pattern_rl_imagenette_mistral_a5_s1000_trainvaltest_standardg3_tk/slurm/tunerl-finalize-img_mistral_trainvaltest_standardg3_tk-2664469.out
2665704	20260604_1740_rl_dscoder_cifar_10_gcvl	/data/42-julia-hpc-ai-cv-students/s471802/nn-gpt-runs/parallel_runs/20260604_1740_rl_dscoder_cifar_10_gcvl/slurm/tunerl-finalize-rl_dscoder_cifar_10_gcvl-2665704.err
2665704	20260604_1740_rl_dscoder_cifar_10_gcvl	/data/42-julia-hpc-ai-cv-students/s471802/nn-gpt-runs/parallel_runs/20260604_1740_rl_dscoder_cifar_10_gcvl/slurm/tunerl-finalize-rl_dscoder_cifar_10_gcvl-2665704.out
2665704	20260604_1740_rl_dscoder_cifar_10_gcvl	/data/42-julia-hpc-ai-cv-students/s471802/nn-gpt-runs/parallel_runs/20260604_1740_rl_dscoder_cifar_10_gcvl/slurm/tunerl-rl_dscoder_cifar_10_gcvl-2665704.err
2665704	20260604_1740_rl_dscoder_cifar_10_gcvl	/data/42-julia-hpc-ai-cv-students/s471802/nn-gpt-runs/parallel_runs/20260604_1740_rl_dscoder_cifar_10_gcvl/slurm/tunerl-rl_dscoder_cifar_10_gcvl-2665704.out
2665706	20260604_1740_rl_dscoder_cifar_100_gcvl	/data/42-julia-hpc-ai-cv-students/s471802/nn-gpt-runs/parallel_runs/20260604_1740_rl_dscoder_cifar_100_gcvl/slurm/tunerl-finalize-rl_dscoder_cifar_100_gcvl-2665706.err
2665706	20260604_1740_rl_dscoder_cifar_100_gcvl	/data/42-julia-hpc-ai-cv-students/s471802/nn-gpt-runs/parallel_runs/20260604_1740_rl_dscoder_cifar_100_gcvl/slurm/tunerl-finalize-rl_dscoder_cifar_100_gcvl-2665706.out
2665708	20260604_1740_rl_dscoder_imagenette_gcvl	/data/42-julia-hpc-ai-cv-students/s471802/nn-gpt-runs/parallel_runs/20260604_1740_rl_dscoder_imagenette_gcvl/slurm/tunerl-finalize-rl_dscoder_imagenette_gcvl-2665708.err
2665708	20260604_1740_rl_dscoder_imagenette_gcvl	/data/42-julia-hpc-ai-cv-students/s471802/nn-gpt-runs/parallel_runs/20260604_1740_rl_dscoder_imagenette_gcvl/slurm/tunerl-finalize-rl_dscoder_imagenette_gcvl-2665708.out
2665710	20260604_1740_rl_mistral_cifar_10_gcvl	/data/42-julia-hpc-ai-cv-students/s471802/nn-gpt-runs/parallel_runs/20260604_1740_rl_mistral_cifar_10_gcvl/slurm/tunerl-finalize-rl_mistral_cifar_10_gcvl-2665710.err
2665710	20260604_1740_rl_mistral_cifar_10_gcvl	/data/42-julia-hpc-ai-cv-students/s471802/nn-gpt-runs/parallel_runs/20260604_1740_rl_mistral_cifar_10_gcvl/slurm/tunerl-finalize-rl_mistral_cifar_10_gcvl-2665710.out
2665712	20260604_1740_rl_mistral_cifar_100_gcvl	/data/42-julia-hpc-ai-cv-students/s471802/nn-gpt-runs/parallel_runs/20260604_1740_rl_mistral_cifar_100_gcvl/slurm/tunerl-finalize-rl_mistral_cifar_100_gcvl-2665712.err
2665712	20260604_1740_rl_mistral_cifar_100_gcvl	/data/42-julia-hpc-ai-cv-students/s471802/nn-gpt-runs/parallel_runs/20260604_1740_rl_mistral_cifar_100_gcvl/slurm/tunerl-finalize-rl_mistral_cifar_100_gcvl-2665712.out
2665714	20260604_1740_rl_mistral_imagenette_gcvl	/data/42-julia-hpc-ai-cv-students/s471802/nn-gpt-runs/parallel_runs/20260604_1740_rl_mistral_imagenette_gcvl/slurm/tunerl-finalize-rl_mistral_imagenette_gcvl-2665714.err
2665714	20260604_1740_rl_mistral_imagenette_gcvl	/data/42-julia-hpc-ai-cv-students/s471802/nn-gpt-runs/parallel_runs/20260604_1740_rl_mistral_imagenette_gcvl/slurm/tunerl-finalize-rl_mistral_imagenette_gcvl-2665714.out
2665716	20260604_1740_rl_qwen_cifar_10_gcvl	/data/42-julia-hpc-ai-cv-students/s471802/nn-gpt-runs/parallel_runs/20260604_1740_rl_qwen_cifar_10_gcvl/slurm/tunerl-finalize-rl_qwen_cifar_10_gcvl-2665716.err
2665716	20260604_1740_rl_qwen_cifar_10_gcvl	/data/42-julia-hpc-ai-cv-students/s471802/nn-gpt-runs/parallel_runs/20260604_1740_rl_qwen_cifar_10_gcvl/slurm/tunerl-finalize-rl_qwen_cifar_10_gcvl-2665716.out
2665718	20260604_1740_rl_qwen_cifar_100_gcvl	/data/42-julia-hpc-ai-cv-students/s471802/nn-gpt-runs/parallel_runs/20260604_1740_rl_qwen_cifar_100_gcvl/slurm/tunerl-finalize-rl_qwen_cifar_100_gcvl-2665718.err
2665718	20260604_1740_rl_qwen_cifar_100_gcvl	/data/42-julia-hpc-ai-cv-students/s471802/nn-gpt-runs/parallel_runs/20260604_1740_rl_qwen_cifar_100_gcvl/slurm/tunerl-finalize-rl_qwen_cifar_100_gcvl-2665718.out
2665720	20260604_1740_rl_qwen_imagenette_gcvl	/data/42-julia-hpc-ai-cv-students/s471802/nn-gpt-runs/parallel_runs/20260604_1740_rl_qwen_imagenette_gcvl/slurm/tunerl-finalize-rl_qwen_imagenette_gcvl-2665720.err
2665720	20260604_1740_rl_qwen_imagenette_gcvl	/data/42-julia-hpc-ai-cv-students/s471802/nn-gpt-runs/parallel_runs/20260604_1740_rl_qwen_imagenette_gcvl/slurm/tunerl-finalize-rl_qwen_imagenette_gcvl-2665720.out
2665730	20260604_1746_rl_dscoder_cifar_100_std	/data/42-julia-hpc-ai-cv-students/s471802/nn-gpt-runs/parallel_runs/20260604_1746_rl_dscoder_cifar_100_std/slurm/tunerl-finalize-rl_dscoder_cifar_100_std-2665730.err
2665730	20260604_1746_rl_dscoder_cifar_100_std	/data/42-julia-hpc-ai-cv-students/s471802/nn-gpt-runs/parallel_runs/20260604_1746_rl_dscoder_cifar_100_std/slurm/tunerl-finalize-rl_dscoder_cifar_100_std-2665730.out
2665730	20260604_1746_rl_dscoder_cifar_100_std	/data/42-julia-hpc-ai-cv-students/s471802/nn-gpt-runs/parallel_runs/20260604_1746_rl_dscoder_cifar_100_std/slurm/tunerl-rl_dscoder_cifar_100_std-2665730.err
2665730	20260604_1746_rl_dscoder_cifar_100_std	/data/42-julia-hpc-ai-cv-students/s471802/nn-gpt-runs/parallel_runs/20260604_1746_rl_dscoder_cifar_100_std/slurm/tunerl-rl_dscoder_cifar_100_std-2665730.out
2665732	20260604_1746_rl_dscoder_imagenette_std	/data/42-julia-hpc-ai-cv-students/s471802/nn-gpt-runs/parallel_runs/20260604_1746_rl_dscoder_imagenette_std/slurm/tunerl-finalize-rl_dscoder_imagenette_std-2665732.err
2665732	20260604_1746_rl_dscoder_imagenette_std	/data/42-julia-hpc-ai-cv-students/s471802/nn-gpt-runs/parallel_runs/20260604_1746_rl_dscoder_imagenette_std/slurm/tunerl-finalize-rl_dscoder_imagenette_std-2665732.out
2665732	20260604_1746_rl_dscoder_imagenette_std	/data/42-julia-hpc-ai-cv-students/s471802/nn-gpt-runs/parallel_runs/20260604_1746_rl_dscoder_imagenette_std/slurm/tunerl-rl_dscoder_imagenette_std-2665732.err
2665732	20260604_1746_rl_dscoder_imagenette_std	/data/42-julia-hpc-ai-cv-students/s471802/nn-gpt-runs/parallel_runs/20260604_1746_rl_dscoder_imagenette_std/slurm/tunerl-rl_dscoder_imagenette_std-2665732.out
2665735	20260604_1748_rl_mistral_cifar_10_std	/data/42-julia-hpc-ai-cv-students/s471802/nn-gpt-runs/parallel_runs/20260604_1748_rl_mistral_cifar_10_std/slurm/tunerl-finalize-rl_mistral_cifar_10_std-2665735.err
2665735	20260604_1748_rl_mistral_cifar_10_std	/data/42-julia-hpc-ai-cv-students/s471802/nn-gpt-runs/parallel_runs/20260604_1748_rl_mistral_cifar_10_std/slurm/tunerl-finalize-rl_mistral_cifar_10_std-2665735.out
2665735	20260604_1748_rl_mistral_cifar_10_std	/data/42-julia-hpc-ai-cv-students/s471802/nn-gpt-runs/parallel_runs/20260604_1748_rl_mistral_cifar_10_std/slurm/tunerl-rl_mistral_cifar_10_std-2665735.err
2665735	20260604_1748_rl_mistral_cifar_10_std	/data/42-julia-hpc-ai-cv-students/s471802/nn-gpt-runs/parallel_runs/20260604_1748_rl_mistral_cifar_10_std/slurm/tunerl-rl_mistral_cifar_10_std-2665735.out
2665737	20260604_1748_rl_mistral_cifar_100_std	/data/42-julia-hpc-ai-cv-students/s471802/nn-gpt-runs/parallel_runs/20260604_1748_rl_mistral_cifar_100_std/slurm/tunerl-finalize-rl_mistral_cifar_100_std-2665737.err
2665737	20260604_1748_rl_mistral_cifar_100_std	/data/42-julia-hpc-ai-cv-students/s471802/nn-gpt-runs/parallel_runs/20260604_1748_rl_mistral_cifar_100_std/slurm/tunerl-finalize-rl_mistral_cifar_100_std-2665737.out
2665737	20260604_1748_rl_mistral_cifar_100_std	/data/42-julia-hpc-ai-cv-students/s471802/nn-gpt-runs/parallel_runs/20260604_1748_rl_mistral_cifar_100_std/slurm/tunerl-rl_mistral_cifar_100_std-2665737.err
2665737	20260604_1748_rl_mistral_cifar_100_std	/data/42-julia-hpc-ai-cv-students/s471802/nn-gpt-runs/parallel_runs/20260604_1748_rl_mistral_cifar_100_std/slurm/tunerl-rl_mistral_cifar_100_std-2665737.out
2665739	20260604_1748_rl_mistral_imagenette_std	/data/42-julia-hpc-ai-cv-students/s471802/nn-gpt-runs/parallel_runs/20260604_1748_rl_mistral_imagenette_std/slurm/tunerl-finalize-rl_mistral_imagenette_std-2665739.err
2665739	20260604_1748_rl_mistral_imagenette_std	/data/42-julia-hpc-ai-cv-students/s471802/nn-gpt-runs/parallel_runs/20260604_1748_rl_mistral_imagenette_std/slurm/tunerl-finalize-rl_mistral_imagenette_std-2665739.out
2665739	20260604_1748_rl_mistral_imagenette_std	/data/42-julia-hpc-ai-cv-students/s471802/nn-gpt-runs/parallel_runs/20260604_1748_rl_mistral_imagenette_std/slurm/tunerl-rl_mistral_imagenette_std-2665739.err
2665739	20260604_1748_rl_mistral_imagenette_std	/data/42-julia-hpc-ai-cv-students/s471802/nn-gpt-runs/parallel_runs/20260604_1748_rl_mistral_imagenette_std/slurm/tunerl-rl_mistral_imagenette_std-2665739.out
2665741	20260604_1748_rl_qwen_cifar_10_std	/data/42-julia-hpc-ai-cv-students/s471802/nn-gpt-runs/parallel_runs/20260604_1748_rl_qwen_cifar_10_std/slurm/tunerl-finalize-rl_qwen_cifar_10_std-2665741.err
2665741	20260604_1748_rl_qwen_cifar_10_std	/data/42-julia-hpc-ai-cv-students/s471802/nn-gpt-runs/parallel_runs/20260604_1748_rl_qwen_cifar_10_std/slurm/tunerl-finalize-rl_qwen_cifar_10_std-2665741.out
2665741	20260604_1748_rl_qwen_cifar_10_std	/data/42-julia-hpc-ai-cv-students/s471802/nn-gpt-runs/parallel_runs/20260604_1748_rl_qwen_cifar_10_std/slurm/tunerl-rl_qwen_cifar_10_std-2665741.err
2665741	20260604_1748_rl_qwen_cifar_10_std	/data/42-julia-hpc-ai-cv-students/s471802/nn-gpt-runs/parallel_runs/20260604_1748_rl_qwen_cifar_10_std/slurm/tunerl-rl_qwen_cifar_10_std-2665741.out
2665743	20260604_1748_rl_qwen_cifar_100_std	/data/42-julia-hpc-ai-cv-students/s471802/nn-gpt-runs/parallel_runs/20260604_1748_rl_qwen_cifar_100_std/slurm/tunerl-finalize-rl_qwen_cifar_100_std-2665743.err
2665743	20260604_1748_rl_qwen_cifar_100_std	/data/42-julia-hpc-ai-cv-students/s471802/nn-gpt-runs/parallel_runs/20260604_1748_rl_qwen_cifar_100_std/slurm/tunerl-finalize-rl_qwen_cifar_100_std-2665743.out
2665743	20260604_1748_rl_qwen_cifar_100_std	/data/42-julia-hpc-ai-cv-students/s471802/nn-gpt-runs/parallel_runs/20260604_1748_rl_qwen_cifar_100_std/slurm/tunerl-rl_qwen_cifar_100_std-2665743.err
2665743	20260604_1748_rl_qwen_cifar_100_std	/data/42-julia-hpc-ai-cv-students/s471802/nn-gpt-runs/parallel_runs/20260604_1748_rl_qwen_cifar_100_std/slurm/tunerl-rl_qwen_cifar_100_std-2665743.out
2665745	20260604_1748_rl_qwen_imagenette_std	/data/42-julia-hpc-ai-cv-students/s471802/nn-gpt-runs/parallel_runs/20260604_1748_rl_qwen_imagenette_std/slurm/tunerl-finalize-rl_qwen_imagenette_std-2665745.err
2665745	20260604_1748_rl_qwen_imagenette_std	/data/42-julia-hpc-ai-cv-students/s471802/nn-gpt-runs/parallel_runs/20260604_1748_rl_qwen_imagenette_std/slurm/tunerl-finalize-rl_qwen_imagenette_std-2665745.out
2665745	20260604_1748_rl_qwen_imagenette_std	/data/42-julia-hpc-ai-cv-students/s471802/nn-gpt-runs/parallel_runs/20260604_1748_rl_qwen_imagenette_std/slurm/tunerl-rl_qwen_imagenette_std-2665745.err
2665745	20260604_1748_rl_qwen_imagenette_std	/data/42-julia-hpc-ai-cv-students/s471802/nn-gpt-runs/parallel_runs/20260604_1748_rl_qwen_imagenette_std/slurm/tunerl-rl_qwen_imagenette_std-2665745.out
2665757	20260604_1814_rl_dscoder_cifar_10_gcvl	/data/42-julia-hpc-ai-cv-students/s471802/nn-gpt-runs/parallel_runs/20260604_1814_rl_dscoder_cifar_10_gcvl/slurm/tunerl-finalize-rl_dscoder_cifar_10_gcvl-2665757.err
2665757	20260604_1814_rl_dscoder_cifar_10_gcvl	/data/42-julia-hpc-ai-cv-students/s471802/nn-gpt-runs/parallel_runs/20260604_1814_rl_dscoder_cifar_10_gcvl/slurm/tunerl-finalize-rl_dscoder_cifar_10_gcvl-2665757.out
2665757	20260604_1814_rl_dscoder_cifar_10_gcvl	/data/42-julia-hpc-ai-cv-students/s471802/nn-gpt-runs/parallel_runs/20260604_1814_rl_dscoder_cifar_10_gcvl/slurm/tunerl-rl_dscoder_cifar_10_gcvl-2665757.err
2665757	20260604_1814_rl_dscoder_cifar_10_gcvl	/data/42-julia-hpc-ai-cv-students/s471802/nn-gpt-runs/parallel_runs/20260604_1814_rl_dscoder_cifar_10_gcvl/slurm/tunerl-rl_dscoder_cifar_10_gcvl-2665757.out
2665759	20260604_1814_rl_dscoder_cifar_100_gcvl	/data/42-julia-hpc-ai-cv-students/s471802/nn-gpt-runs/parallel_runs/20260604_1814_rl_dscoder_cifar_100_gcvl/slurm/tunerl-finalize-rl_dscoder_cifar_100_gcvl-2665759.err
2665759	20260604_1814_rl_dscoder_cifar_100_gcvl	/data/42-julia-hpc-ai-cv-students/s471802/nn-gpt-runs/parallel_runs/20260604_1814_rl_dscoder_cifar_100_gcvl/slurm/tunerl-finalize-rl_dscoder_cifar_100_gcvl-2665759.out
2665761	20260604_1814_rl_dscoder_imagenette_gcvl	/data/42-julia-hpc-ai-cv-students/s471802/nn-gpt-runs/parallel_runs/20260604_1814_rl_dscoder_imagenette_gcvl/slurm/tunerl-finalize-rl_dscoder_imagenette_gcvl-2665761.err
2665761	20260604_1814_rl_dscoder_imagenette_gcvl	/data/42-julia-hpc-ai-cv-students/s471802/nn-gpt-runs/parallel_runs/20260604_1814_rl_dscoder_imagenette_gcvl/slurm/tunerl-finalize-rl_dscoder_imagenette_gcvl-2665761.out
2665770	20260604_1829_rl_dscoder_cifar_100_std	/data/42-julia-hpc-ai-cv-students/s471802/nn-gpt-runs/parallel_runs/20260604_1829_rl_dscoder_cifar_100_std/slurm/tunerl-finalize-rl_dscoder_cifar_100_std-2665770.err
2665770	20260604_1829_rl_dscoder_cifar_100_std	/data/42-julia-hpc-ai-cv-students/s471802/nn-gpt-runs/parallel_runs/20260604_1829_rl_dscoder_cifar_100_std/slurm/tunerl-finalize-rl_dscoder_cifar_100_std-2665770.out
2665770	20260604_1829_rl_dscoder_cifar_100_std	/data/42-julia-hpc-ai-cv-students/s471802/nn-gpt-runs/parallel_runs/20260604_1829_rl_dscoder_cifar_100_std/slurm/tunerl-rl_dscoder_cifar_100_std-2665770.err
2665770	20260604_1829_rl_dscoder_cifar_100_std	/data/42-julia-hpc-ai-cv-students/s471802/nn-gpt-runs/parallel_runs/20260604_1829_rl_dscoder_cifar_100_std/slurm/tunerl-rl_dscoder_cifar_100_std-2665770.out
2665772	20260604_1829_rl_dscoder_imagenette_std	/data/42-julia-hpc-ai-cv-students/s471802/nn-gpt-runs/parallel_runs/20260604_1829_rl_dscoder_imagenette_std/slurm/tunerl-finalize-rl_dscoder_imagenette_std-2665772.err
2665772	20260604_1829_rl_dscoder_imagenette_std	/data/42-julia-hpc-ai-cv-students/s471802/nn-gpt-runs/parallel_runs/20260604_1829_rl_dscoder_imagenette_std/slurm/tunerl-finalize-rl_dscoder_imagenette_std-2665772.out
2665772	20260604_1829_rl_dscoder_imagenette_std	/data/42-julia-hpc-ai-cv-students/s471802/nn-gpt-runs/parallel_runs/20260604_1829_rl_dscoder_imagenette_std/slurm/tunerl-rl_dscoder_imagenette_std-2665772.err
2665772	20260604_1829_rl_dscoder_imagenette_std	/data/42-julia-hpc-ai-cv-students/s471802/nn-gpt-runs/parallel_runs/20260604_1829_rl_dscoder_imagenette_std/slurm/tunerl-rl_dscoder_imagenette_std-2665772.out
2665839	20260604_2057_rl_dscoder_cifar_10_std	/data/42-julia-hpc-ai-cv-students/s471802/nn-gpt-runs/parallel_runs/20260604_2057_rl_dscoder_cifar_10_std/slurm/tunerl-finalize-rl_dscoder_cifar_10_std-2665839.err
2665839	20260604_2057_rl_dscoder_cifar_10_std	/data/42-julia-hpc-ai-cv-students/s471802/nn-gpt-runs/parallel_runs/20260604_2057_rl_dscoder_cifar_10_std/slurm/tunerl-finalize-rl_dscoder_cifar_10_std-2665839.out
2665839	20260604_2057_rl_dscoder_cifar_10_std	/data/42-julia-hpc-ai-cv-students/s471802/nn-gpt-runs/parallel_runs/20260604_2057_rl_dscoder_cifar_10_std/slurm/tunerl-rl_dscoder_cifar_10_std-2665839.err
2665839	20260604_2057_rl_dscoder_cifar_10_std	/data/42-julia-hpc-ai-cv-students/s471802/nn-gpt-runs/parallel_runs/20260604_2057_rl_dscoder_cifar_10_std/slurm/tunerl-rl_dscoder_cifar_10_std-2665839.out
2665841	20260604_2057_rl_dscoder_cifar_100_std	/data/42-julia-hpc-ai-cv-students/s471802/nn-gpt-runs/parallel_runs/20260604_2057_rl_dscoder_cifar_100_std/slurm/tunerl-finalize-rl_dscoder_cifar_100_std-2665841.err
2665841	20260604_2057_rl_dscoder_cifar_100_std	/data/42-julia-hpc-ai-cv-students/s471802/nn-gpt-runs/parallel_runs/20260604_2057_rl_dscoder_cifar_100_std/slurm/tunerl-finalize-rl_dscoder_cifar_100_std-2665841.out
2665841	20260604_2057_rl_dscoder_cifar_100_std	/data/42-julia-hpc-ai-cv-students/s471802/nn-gpt-runs/parallel_runs/20260604_2057_rl_dscoder_cifar_100_std/slurm/tunerl-rl_dscoder_cifar_100_std-2665841.err
2665841	20260604_2057_rl_dscoder_cifar_100_std	/data/42-julia-hpc-ai-cv-students/s471802/nn-gpt-runs/parallel_runs/20260604_2057_rl_dscoder_cifar_100_std/slurm/tunerl-rl_dscoder_cifar_100_std-2665841.out
2665843	20260604_2057_rl_dscoder_imagenette_std	/data/42-julia-hpc-ai-cv-students/s471802/nn-gpt-runs/parallel_runs/20260604_2057_rl_dscoder_imagenette_std/slurm/tunerl-finalize-rl_dscoder_imagenette_std-2665843.err
2665843	20260604_2057_rl_dscoder_imagenette_std	/data/42-julia-hpc-ai-cv-students/s471802/nn-gpt-runs/parallel_runs/20260604_2057_rl_dscoder_imagenette_std/slurm/tunerl-finalize-rl_dscoder_imagenette_std-2665843.out
2665843	20260604_2057_rl_dscoder_imagenette_std	/data/42-julia-hpc-ai-cv-students/s471802/nn-gpt-runs/parallel_runs/20260604_2057_rl_dscoder_imagenette_std/slurm/tunerl-rl_dscoder_imagenette_std-2665843.err
2665843	20260604_2057_rl_dscoder_imagenette_std	/data/42-julia-hpc-ai-cv-students/s471802/nn-gpt-runs/parallel_runs/20260604_2057_rl_dscoder_imagenette_std/slurm/tunerl-rl_dscoder_imagenette_std-2665843.out
2665854	20260604_2122_rl_mistral_a7_cifar_10_std	/data/42-julia-hpc-ai-cv-students/s471802/nn-gpt-runs/parallel_runs/20260604_2122_rl_mistral_a7_cifar_10_std/slurm/tunerl-rl_mistral_a7_cifar_10_std-2665854.err
2665854	20260604_2122_rl_mistral_a7_cifar_10_std	/data/42-julia-hpc-ai-cv-students/s471802/nn-gpt-runs/parallel_runs/20260604_2122_rl_mistral_a7_cifar_10_std/slurm/tunerl-rl_mistral_a7_cifar_10_std-2665854.out
2665858	20260604_2140_rl_mistral_a7_cifar_10_std	/data/42-julia-hpc-ai-cv-students/s471802/nn-gpt-runs/parallel_runs/20260604_2140_rl_mistral_a7_cifar_10_std/slurm/tunerl-finalize-rl_mistral_a7_cifar_10_std-2665858.err
2665858	20260604_2140_rl_mistral_a7_cifar_10_std	/data/42-julia-hpc-ai-cv-students/s471802/nn-gpt-runs/parallel_runs/20260604_2140_rl_mistral_a7_cifar_10_std/slurm/tunerl-finalize-rl_mistral_a7_cifar_10_std-2665858.out
2665858	20260604_2140_rl_mistral_a7_cifar_10_std	/data/42-julia-hpc-ai-cv-students/s471802/nn-gpt-runs/parallel_runs/20260604_2140_rl_mistral_a7_cifar_10_std/slurm/tunerl-rl_mistral_a7_cifar_10_std-2665858.err
2665858	20260604_2140_rl_mistral_a7_cifar_10_std	/data/42-julia-hpc-ai-cv-students/s471802/nn-gpt-runs/parallel_runs/20260604_2140_rl_mistral_a7_cifar_10_std/slurm/tunerl-rl_mistral_a7_cifar_10_std-2665858.out
2665860	20260604_2140_rl_mistral_a7_cifar_100_std	/data/42-julia-hpc-ai-cv-students/s471802/nn-gpt-runs/parallel_runs/20260604_2140_rl_mistral_a7_cifar_100_std/slurm/tunerl-finalize-rl_mistral_a7_cifar_100_std-2665860.err
2665860	20260604_2140_rl_mistral_a7_cifar_100_std	/data/42-julia-hpc-ai-cv-students/s471802/nn-gpt-runs/parallel_runs/20260604_2140_rl_mistral_a7_cifar_100_std/slurm/tunerl-finalize-rl_mistral_a7_cifar_100_std-2665860.out
2665860	20260604_2140_rl_mistral_a7_cifar_100_std	/data/42-julia-hpc-ai-cv-students/s471802/nn-gpt-runs/parallel_runs/20260604_2140_rl_mistral_a7_cifar_100_std/slurm/tunerl-rl_mistral_a7_cifar_100_std-2665860.err
2665860	20260604_2140_rl_mistral_a7_cifar_100_std	/data/42-julia-hpc-ai-cv-students/s471802/nn-gpt-runs/parallel_runs/20260604_2140_rl_mistral_a7_cifar_100_std/slurm/tunerl-rl_mistral_a7_cifar_100_std-2665860.out
2665862	20260604_2140_rl_mistral_a7_imagenette_std	/data/42-julia-hpc-ai-cv-students/s471802/nn-gpt-runs/parallel_runs/20260604_2140_rl_mistral_a7_imagenette_std/slurm/tunerl-finalize-rl_mistral_a7_imagenette_std-2665862.err
2665862	20260604_2140_rl_mistral_a7_imagenette_std	/data/42-julia-hpc-ai-cv-students/s471802/nn-gpt-runs/parallel_runs/20260604_2140_rl_mistral_a7_imagenette_std/slurm/tunerl-finalize-rl_mistral_a7_imagenette_std-2665862.out
2665862	20260604_2140_rl_mistral_a7_imagenette_std	/data/42-julia-hpc-ai-cv-students/s471802/nn-gpt-runs/parallel_runs/20260604_2140_rl_mistral_a7_imagenette_std/slurm/tunerl-rl_mistral_a7_imagenette_std-2665862.err
2665862	20260604_2140_rl_mistral_a7_imagenette_std	/data/42-julia-hpc-ai-cv-students/s471802/nn-gpt-runs/parallel_runs/20260604_2140_rl_mistral_a7_imagenette_std/slurm/tunerl-rl_mistral_a7_imagenette_std-2665862.out
2665890	20260604_2300_rl_mistral_a7_cifar_10_std	/data/42-julia-hpc-ai-cv-students/s471802/nn-gpt-runs/parallel_runs/20260604_2300_rl_mistral_a7_cifar_10_std/slurm/tunerl-rl_mistral_a7_cifar_10_std-2665890.err
2665890	20260604_2300_rl_mistral_a7_cifar_10_std	/data/42-julia-hpc-ai-cv-students/s471802/nn-gpt-runs/parallel_runs/20260604_2300_rl_mistral_a7_cifar_10_std/slurm/tunerl-rl_mistral_a7_cifar_10_std-2665890.out
2665892	20260604_2300_rl_mistral_a7_cifar_100_std	/data/42-julia-hpc-ai-cv-students/s471802/nn-gpt-runs/parallel_runs/20260604_2300_rl_mistral_a7_cifar_100_std/slurm/tunerl-rl_mistral_a7_cifar_100_std-2665892.err
2665892	20260604_2300_rl_mistral_a7_cifar_100_std	/data/42-julia-hpc-ai-cv-students/s471802/nn-gpt-runs/parallel_runs/20260604_2300_rl_mistral_a7_cifar_100_std/slurm/tunerl-rl_mistral_a7_cifar_100_std-2665892.out
2665894	20260604_2300_rl_mistral_a7_imagenette_std	/data/42-julia-hpc-ai-cv-students/s471802/nn-gpt-runs/parallel_runs/20260604_2300_rl_mistral_a7_imagenette_std/slurm/tunerl-rl_mistral_a7_imagenette_std-2665894.err
2665894	20260604_2300_rl_mistral_a7_imagenette_std	/data/42-julia-hpc-ai-cv-students/s471802/nn-gpt-runs/parallel_runs/20260604_2300_rl_mistral_a7_imagenette_std/slurm/tunerl-rl_mistral_a7_imagenette_std-2665894.out
2665917	20260604_2349_mistral_a7_cifar_10_kl04	/data/42-julia-hpc-ai-cv-students/s471802/nn-gpt-runs/parallel_runs/20260604_2349_mistral_a7_cifar_10_kl04/slurm/tunerl-finalize-mistral_a7_cifar_10_kl04-2665917.err
2665917	20260604_2349_mistral_a7_cifar_10_kl04	/data/42-julia-hpc-ai-cv-students/s471802/nn-gpt-runs/parallel_runs/20260604_2349_mistral_a7_cifar_10_kl04/slurm/tunerl-finalize-mistral_a7_cifar_10_kl04-2665917.out
2665917	20260604_2349_mistral_a7_cifar_10_kl04	/data/42-julia-hpc-ai-cv-students/s471802/nn-gpt-runs/parallel_runs/20260604_2349_mistral_a7_cifar_10_kl04/slurm/tunerl-mistral_a7_cifar_10_kl04-2665917.err
2665917	20260604_2349_mistral_a7_cifar_10_kl04	/data/42-julia-hpc-ai-cv-students/s471802/nn-gpt-runs/parallel_runs/20260604_2349_mistral_a7_cifar_10_kl04/slurm/tunerl-mistral_a7_cifar_10_kl04-2665917.out
2665919	20260604_2349_mistral_a7_cifar_100_kl04	/data/42-julia-hpc-ai-cv-students/s471802/nn-gpt-runs/parallel_runs/20260604_2349_mistral_a7_cifar_100_kl04/slurm/tunerl-finalize-mistral_a7_cifar_100_kl04-2665919.err
2665919	20260604_2349_mistral_a7_cifar_100_kl04	/data/42-julia-hpc-ai-cv-students/s471802/nn-gpt-runs/parallel_runs/20260604_2349_mistral_a7_cifar_100_kl04/slurm/tunerl-finalize-mistral_a7_cifar_100_kl04-2665919.out
2665919	20260604_2349_mistral_a7_cifar_100_kl04	/data/42-julia-hpc-ai-cv-students/s471802/nn-gpt-runs/parallel_runs/20260604_2349_mistral_a7_cifar_100_kl04/slurm/tunerl-mistral_a7_cifar_100_kl04-2665919.err
2665919	20260604_2349_mistral_a7_cifar_100_kl04	/data/42-julia-hpc-ai-cv-students/s471802/nn-gpt-runs/parallel_runs/20260604_2349_mistral_a7_cifar_100_kl04/slurm/tunerl-mistral_a7_cifar_100_kl04-2665919.out
2665921	20260604_2349_mistral_a7_imagenette_kl04	/data/42-julia-hpc-ai-cv-students/s471802/nn-gpt-runs/parallel_runs/20260604_2349_mistral_a7_imagenette_kl04/slurm/tunerl-mistral_a7_imagenette_kl04-2665921.err
2665921	20260604_2349_mistral_a7_imagenette_kl04	/data/42-julia-hpc-ai-cv-students/s471802/nn-gpt-runs/parallel_runs/20260604_2349_mistral_a7_imagenette_kl04/slurm/tunerl-mistral_a7_imagenette_kl04-2665921.out
2665923	20260604_2350_dscoder_imagenette_std	/data/42-julia-hpc-ai-cv-students/s471802/nn-gpt-runs/parallel_runs/20260604_2350_dscoder_imagenette_std/slurm/tunerl-dscoder_imagenette_std-2665923.err
2665923	20260604_2350_dscoder_imagenette_std	/data/42-julia-hpc-ai-cv-students/s471802/nn-gpt-runs/parallel_runs/20260604_2350_dscoder_imagenette_std/slurm/tunerl-dscoder_imagenette_std-2665923.out
2665923	20260604_2350_dscoder_imagenette_std	/data/42-julia-hpc-ai-cv-students/s471802/nn-gpt-runs/parallel_runs/20260604_2350_dscoder_imagenette_std/slurm/tunerl-finalize-dscoder_imagenette_std-2665923.err
2665923	20260604_2350_dscoder_imagenette_std	/data/42-julia-hpc-ai-cv-students/s471802/nn-gpt-runs/parallel_runs/20260604_2350_dscoder_imagenette_std/slurm/tunerl-finalize-dscoder_imagenette_std-2665923.out
2665929	20260604_2355_mistral_a7_cifar_10_kl04	/data/42-julia-hpc-ai-cv-students/s471802/nn-gpt-runs/parallel_runs/20260604_2355_mistral_a7_cifar_10_kl04/slurm/tunerl-mistral_a7_cifar_10_kl04-2665929.err
2665929	20260604_2355_mistral_a7_cifar_10_kl04	/data/42-julia-hpc-ai-cv-students/s471802/nn-gpt-runs/parallel_runs/20260604_2355_mistral_a7_cifar_10_kl04/slurm/tunerl-mistral_a7_cifar_10_kl04-2665929.out
2665931	20260604_2355_mistral_a7_cifar_100_kl04	/data/42-julia-hpc-ai-cv-students/s471802/nn-gpt-runs/parallel_runs/20260604_2355_mistral_a7_cifar_100_kl04/slurm/tunerl-mistral_a7_cifar_100_kl04-2665931.err
2665931	20260604_2355_mistral_a7_cifar_100_kl04	/data/42-julia-hpc-ai-cv-students/s471802/nn-gpt-runs/parallel_runs/20260604_2355_mistral_a7_cifar_100_kl04/slurm/tunerl-mistral_a7_cifar_100_kl04-2665931.out
2665950	20260605_0033_mistral_a7_cifar_10_kl08	/data/42-julia-hpc-ai-cv-students/s471802/nn-gpt-runs/parallel_runs/20260605_0033_mistral_a7_cifar_10_kl08/slurm/tunerl-finalize-mistral_a7_cifar_10_kl08-2665950.err
2665950	20260605_0033_mistral_a7_cifar_10_kl08	/data/42-julia-hpc-ai-cv-students/s471802/nn-gpt-runs/parallel_runs/20260605_0033_mistral_a7_cifar_10_kl08/slurm/tunerl-finalize-mistral_a7_cifar_10_kl08-2665950.out
2665950	20260605_0033_mistral_a7_cifar_10_kl08	/data/42-julia-hpc-ai-cv-students/s471802/nn-gpt-runs/parallel_runs/20260605_0033_mistral_a7_cifar_10_kl08/slurm/tunerl-mistral_a7_cifar_10_kl08-2665950.err
2665950	20260605_0033_mistral_a7_cifar_10_kl08	/data/42-julia-hpc-ai-cv-students/s471802/nn-gpt-runs/parallel_runs/20260605_0033_mistral_a7_cifar_10_kl08/slurm/tunerl-mistral_a7_cifar_10_kl08-2665950.out
2665952	20260605_0033_mistral_a7_cifar_100_kl08	/data/42-julia-hpc-ai-cv-students/s471802/nn-gpt-runs/parallel_runs/20260605_0033_mistral_a7_cifar_100_kl08/slurm/tunerl-finalize-mistral_a7_cifar_100_kl08-2665952.err
2665952	20260605_0033_mistral_a7_cifar_100_kl08	/data/42-julia-hpc-ai-cv-students/s471802/nn-gpt-runs/parallel_runs/20260605_0033_mistral_a7_cifar_100_kl08/slurm/tunerl-finalize-mistral_a7_cifar_100_kl08-2665952.out
2665952	20260605_0033_mistral_a7_cifar_100_kl08	/data/42-julia-hpc-ai-cv-students/s471802/nn-gpt-runs/parallel_runs/20260605_0033_mistral_a7_cifar_100_kl08/slurm/tunerl-mistral_a7_cifar_100_kl08-2665952.err
2665952	20260605_0033_mistral_a7_cifar_100_kl08	/data/42-julia-hpc-ai-cv-students/s471802/nn-gpt-runs/parallel_runs/20260605_0033_mistral_a7_cifar_100_kl08/slurm/tunerl-mistral_a7_cifar_100_kl08-2665952.out
2665954	20260605_0033_mistral_a7_imagenette_kl08	/data/42-julia-hpc-ai-cv-students/s471802/nn-gpt-runs/parallel_runs/20260605_0033_mistral_a7_imagenette_kl08/slurm/tunerl-finalize-mistral_a7_imagenette_kl08-2665954.err
2665954	20260605_0033_mistral_a7_imagenette_kl08	/data/42-julia-hpc-ai-cv-students/s471802/nn-gpt-runs/parallel_runs/20260605_0033_mistral_a7_imagenette_kl08/slurm/tunerl-finalize-mistral_a7_imagenette_kl08-2665954.out
2665954	20260605_0033_mistral_a7_imagenette_kl08	/data/42-julia-hpc-ai-cv-students/s471802/nn-gpt-runs/parallel_runs/20260605_0033_mistral_a7_imagenette_kl08/slurm/tunerl-mistral_a7_imagenette_kl08-2665954.err
2665954	20260605_0033_mistral_a7_imagenette_kl08	/data/42-julia-hpc-ai-cv-students/s471802/nn-gpt-runs/parallel_runs/20260605_0033_mistral_a7_imagenette_kl08/slurm/tunerl-mistral_a7_imagenette_kl08-2665954.out
2666209	20260605_0925_dscoder_imagenette_h100	/data/42-julia-hpc-ai-cv-students/s471802/nn-gpt-runs/parallel_runs/20260605_0925_dscoder_imagenette_h100/slurm/tunerl-dscoder_imagenette_h100-2666209.err
2666209	20260605_0925_dscoder_imagenette_h100	/data/42-julia-hpc-ai-cv-students/s471802/nn-gpt-runs/parallel_runs/20260605_0925_dscoder_imagenette_h100/slurm/tunerl-dscoder_imagenette_h100-2666209.out
2666209	20260605_0925_dscoder_imagenette_h100	/data/42-julia-hpc-ai-cv-students/s471802/nn-gpt-runs/parallel_runs/20260605_0925_dscoder_imagenette_h100/slurm/tunerl-finalize-dscoder_imagenette_h100-2666209.err
2666209	20260605_0925_dscoder_imagenette_h100	/data/42-julia-hpc-ai-cv-students/s471802/nn-gpt-runs/parallel_runs/20260605_0925_dscoder_imagenette_h100/slurm/tunerl-finalize-dscoder_imagenette_h100-2666209.out
2666346	20260605_granite_olympic_1pattern_sft10_granite4_1_8b	/data/42-julia-hpc-ai-cv-students/s471802/nn-gpt-runs/parallel_runs/20260605_granite_olympic_1pattern_sft10_granite4_1_8b/slurm/sft10-granite4_1_8b-2666346.err
2666346	20260605_granite_olympic_1pattern_sft10_granite4_1_8b	/data/42-julia-hpc-ai-cv-students/s471802/nn-gpt-runs/parallel_runs/20260605_granite_olympic_1pattern_sft10_granite4_1_8b/slurm/sft10-granite4_1_8b-2666346.out
2666347	20260605_granite_olympic_1pattern_sft10_olympiccoder7b	/data/42-julia-hpc-ai-cv-students/s471802/nn-gpt-runs/parallel_runs/20260605_granite_olympic_1pattern_sft10_olympiccoder7b/slurm/sft10-olympiccoder7b-2666347.err
2666347	20260605_granite_olympic_1pattern_sft10_olympiccoder7b	/data/42-julia-hpc-ai-cv-students/s471802/nn-gpt-runs/parallel_runs/20260605_granite_olympic_1pattern_sft10_olympiccoder7b/slurm/sft10-olympiccoder7b-2666347.out
2666484	20260605_qwen_cifar10_ckpt130_min32	/data/42-julia-hpc-ai-cv-students/s471802/nn-gpt-runs/parallel_runs/20260605_qwen_cifar10_ckpt130_min32/slurm/qwen-c10-ckpt130-gen30-2666484.err
2666484	20260605_qwen_cifar10_ckpt130_min32	/data/42-julia-hpc-ai-cv-students/s471802/nn-gpt-runs/parallel_runs/20260605_qwen_cifar10_ckpt130_min32/slurm/qwen-c10-ckpt130-gen30-2666484.out
2666583	20260605_rl_adapter_gen30_snapshot_min32	/data/42-julia-hpc-ai-cv-students/s471802/nn-gpt-runs/parallel_runs/20260605_rl_adapter_gen30_snapshot_min32/slurm/gen-ds-img-ckpt125-2666583.err
2666583	20260605_rl_adapter_gen30_snapshot_min32	/data/42-julia-hpc-ai-cv-students/s471802/nn-gpt-runs/parallel_runs/20260605_rl_adapter_gen30_snapshot_min32/slurm/gen-ds-img-ckpt125-2666583.out
2666708	20260605_granite_1pattern_sft10_pipe0_granite4_1_8b	/data/42-julia-hpc-ai-cv-students/s471802/nn-gpt-runs/parallel_runs/20260605_granite_1pattern_sft10_pipe0_granite4_1_8b/slurm/sft10-granite-pipe0-2666708.err
2666708	20260605_granite_1pattern_sft10_pipe0_granite4_1_8b	/data/42-julia-hpc-ai-cv-students/s471802/nn-gpt-runs/parallel_runs/20260605_granite_1pattern_sft10_pipe0_granite4_1_8b/slurm/sft10-granite-pipe0-2666708.out
2666897	20260605_olympiccoder_1pattern_sft10_pipe0_no_think_template	/data/42-julia-hpc-ai-cv-students/s471802/nn-gpt-runs/parallel_runs/20260605_olympiccoder_1pattern_sft10_pipe0_no_think_template/slurm/sft10-olym-template-2666897.err
2666897	20260605_olympiccoder_1pattern_sft10_pipe0_no_think_template	/data/42-julia-hpc-ai-cv-students/s471802/nn-gpt-runs/parallel_runs/20260605_olympiccoder_1pattern_sft10_pipe0_no_think_template/slurm/sft10-olym-template-2666897.out
2666910	20260605_2234_test_astlive_dscoder_cifar100_300	/data/42-julia-hpc-ai-cv-students/s471802/nn-gpt-runs/parallel_runs/20260605_2234_test_astlive_dscoder_cifar100_300/slurm/tunerl-test_astlive_dscoder_cifar100_300-2666910.err
2666910	20260605_2234_test_astlive_dscoder_cifar100_300	/data/42-julia-hpc-ai-cv-students/s471802/nn-gpt-runs/parallel_runs/20260605_2234_test_astlive_dscoder_cifar100_300/slurm/tunerl-test_astlive_dscoder_cifar100_300-2666910.out
2666954	20260606_0039_test_astlive_dscoder_cifar100_300_l40s_staticw	/data/42-julia-hpc-ai-cv-students/s471802/nn-gpt-runs/parallel_runs/20260606_0039_test_astlive_dscoder_cifar100_300_l40s_staticw/slurm/tunerl-test_astlive_dscoder_cifar100_300_l40s_staticw-2666954.err
2666954	20260606_0039_test_astlive_dscoder_cifar100_300_l40s_staticw	/data/42-julia-hpc-ai-cv-students/s471802/nn-gpt-runs/parallel_runs/20260606_0039_test_astlive_dscoder_cifar100_300_l40s_staticw/slurm/tunerl-test_astlive_dscoder_cifar100_300_l40s_staticw-2666954.out
2667168	20260606_0809_test_astlive_granite_cifar100_300_l40s_staticw	/data/42-julia-hpc-ai-cv-students/s471802/nn-gpt-runs/parallel_runs/20260606_0809_test_astlive_granite_cifar100_300_l40s_staticw/slurm/tunerl-test_astlive_granite_cifar100_300_l40s_staticw-2667168.err
2667168	20260606_0809_test_astlive_granite_cifar100_300_l40s_staticw	/data/42-julia-hpc-ai-cv-students/s471802/nn-gpt-runs/parallel_runs/20260606_0809_test_astlive_granite_cifar100_300_l40s_staticw/slurm/tunerl-test_astlive_granite_cifar100_300_l40s_staticw-2667168.out
2667178	20260606_sft_restart_datacache_g6_olympiccoder	/data/42-julia-hpc-ai-cv-students/s471802/nn-gpt-runs/parallel_runs/20260606_sft_restart_datacache_g6_olympiccoder/slurm/sft10-olympiccoder-g6-2667178.err
2667178	20260606_sft_restart_datacache_g6_olympiccoder	/data/42-julia-hpc-ai-cv-students/s471802/nn-gpt-runs/parallel_runs/20260606_sft_restart_datacache_g6_olympiccoder/slurm/sft10-olympiccoder-g6-2667178.out
2667182	20260606_0835_test_astlive_dscoder_cifar100_300_stablepool	/data/42-julia-hpc-ai-cv-students/s471802/nn-gpt-runs/parallel_runs/20260606_0835_test_astlive_dscoder_cifar100_300_stablepool/slurm/tunerl-test_astlive_dscoder_cifar100_300_stablepool-2667182.err
2667182	20260606_0835_test_astlive_dscoder_cifar100_300_stablepool	/data/42-julia-hpc-ai-cv-students/s471802/nn-gpt-runs/parallel_runs/20260606_0835_test_astlive_dscoder_cifar100_300_stablepool/slurm/tunerl-test_astlive_dscoder_cifar100_300_stablepool-2667182.out
2667183	20260606_0835_test_astlive_granite_cifar100_300_stablepool	/data/42-julia-hpc-ai-cv-students/s471802/nn-gpt-runs/parallel_runs/20260606_0835_test_astlive_granite_cifar100_300_stablepool/slurm/tunerl-test_astlive_granite_cifar100_300_stablepool-2667183.err
2667183	20260606_0835_test_astlive_granite_cifar100_300_stablepool	/data/42-julia-hpc-ai-cv-students/s471802/nn-gpt-runs/parallel_runs/20260606_0835_test_astlive_granite_cifar100_300_stablepool/slurm/tunerl-test_astlive_granite_cifar100_300_stablepool-2667183.out
2667872	20260606_sft_retry_pipe0_g6_granite4_1_8b	/data/42-julia-hpc-ai-cv-students/s471802/nn-gpt-runs/parallel_runs/20260606_sft_retry_pipe0_g6_granite4_1_8b/slurm/sft10-granite-pipe0-g6-2667872.err
2667872	20260606_sft_retry_pipe0_g6_granite4_1_8b	/data/42-julia-hpc-ai-cv-students/s471802/nn-gpt-runs/parallel_runs/20260606_sft_retry_pipe0_g6_granite4_1_8b/slurm/sft10-granite-pipe0-g6-2667872.out
2667942	20260606_1606_formal100_dscoder_cifar10	/data/42-julia-hpc-ai-cv-students/s471802/nn-gpt-runs/parallel_runs/20260606_1606_formal100_dscoder_cifar10/slurm/tunerl-finalize-formal100_dscoder_cifar10-2667942.err
2667942	20260606_1606_formal100_dscoder_cifar10	/data/42-julia-hpc-ai-cv-students/s471802/nn-gpt-runs/parallel_runs/20260606_1606_formal100_dscoder_cifar10/slurm/tunerl-finalize-formal100_dscoder_cifar10-2667942.out
2667942	20260606_1606_formal100_dscoder_cifar10	/data/42-julia-hpc-ai-cv-students/s471802/nn-gpt-runs/parallel_runs/20260606_1606_formal100_dscoder_cifar10/slurm/tunerl-formal100_dscoder_cifar10-2667942.err
2667942	20260606_1606_formal100_dscoder_cifar10	/data/42-julia-hpc-ai-cv-students/s471802/nn-gpt-runs/parallel_runs/20260606_1606_formal100_dscoder_cifar10/slurm/tunerl-formal100_dscoder_cifar10-2667942.out
2667956	20260606_1611_formal100_dscoder_cifar100_l40s	/data/42-julia-hpc-ai-cv-students/s471802/nn-gpt-runs/parallel_runs/20260606_1611_formal100_dscoder_cifar100_l40s/slurm/tunerl-finalize-formal100_dscoder_cifar100_l40s-2667956.err
2667956	20260606_1611_formal100_dscoder_cifar100_l40s	/data/42-julia-hpc-ai-cv-students/s471802/nn-gpt-runs/parallel_runs/20260606_1611_formal100_dscoder_cifar100_l40s/slurm/tunerl-finalize-formal100_dscoder_cifar100_l40s-2667956.out
2667956	20260606_1611_formal100_dscoder_cifar100_l40s	/data/42-julia-hpc-ai-cv-students/s471802/nn-gpt-runs/parallel_runs/20260606_1611_formal100_dscoder_cifar100_l40s/slurm/tunerl-formal100_dscoder_cifar100_l40s-2667956.err
2667956	20260606_1611_formal100_dscoder_cifar100_l40s	/data/42-julia-hpc-ai-cv-students/s471802/nn-gpt-runs/parallel_runs/20260606_1611_formal100_dscoder_cifar100_l40s/slurm/tunerl-formal100_dscoder_cifar100_l40s-2667956.out
2667958	20260606_1611_formal100_dscoder_imagenette_l40s	/data/42-julia-hpc-ai-cv-students/s471802/nn-gpt-runs/parallel_runs/20260606_1611_formal100_dscoder_imagenette_l40s/slurm/tunerl-finalize-formal100_dscoder_imagenette_l40s-2667958.err
2667958	20260606_1611_formal100_dscoder_imagenette_l40s	/data/42-julia-hpc-ai-cv-students/s471802/nn-gpt-runs/parallel_runs/20260606_1611_formal100_dscoder_imagenette_l40s/slurm/tunerl-finalize-formal100_dscoder_imagenette_l40s-2667958.out
2667958	20260606_1611_formal100_dscoder_imagenette_l40s	/data/42-julia-hpc-ai-cv-students/s471802/nn-gpt-runs/parallel_runs/20260606_1611_formal100_dscoder_imagenette_l40s/slurm/tunerl-formal100_dscoder_imagenette_l40s-2667958.err
2667958	20260606_1611_formal100_dscoder_imagenette_l40s	/data/42-julia-hpc-ai-cv-students/s471802/nn-gpt-runs/parallel_runs/20260606_1611_formal100_dscoder_imagenette_l40s/slurm/tunerl-formal100_dscoder_imagenette_l40s-2667958.out
2667960	20260606_1611_formal100_qwen_cifar10_l40s	/data/42-julia-hpc-ai-cv-students/s471802/nn-gpt-runs/parallel_runs/20260606_1611_formal100_qwen_cifar10_l40s/slurm/tunerl-finalize-formal100_qwen_cifar10_l40s-2667960.err
2667960	20260606_1611_formal100_qwen_cifar10_l40s	/data/42-julia-hpc-ai-cv-students/s471802/nn-gpt-runs/parallel_runs/20260606_1611_formal100_qwen_cifar10_l40s/slurm/tunerl-finalize-formal100_qwen_cifar10_l40s-2667960.out
2667960	20260606_1611_formal100_qwen_cifar10_l40s	/data/42-julia-hpc-ai-cv-students/s471802/nn-gpt-runs/parallel_runs/20260606_1611_formal100_qwen_cifar10_l40s/slurm/tunerl-formal100_qwen_cifar10_l40s-2667960.err
2667960	20260606_1611_formal100_qwen_cifar10_l40s	/data/42-julia-hpc-ai-cv-students/s471802/nn-gpt-runs/parallel_runs/20260606_1611_formal100_qwen_cifar10_l40s/slurm/tunerl-formal100_qwen_cifar10_l40s-2667960.out
2667967	20260606_1612_formal100_qwen_cifar100_std3	/data/42-julia-hpc-ai-cv-students/s471802/nn-gpt-runs/parallel_runs/20260606_1612_formal100_qwen_cifar100_std3/slurm/tunerl-finalize-formal100_qwen_cifar100_std3-2667967.err
2667967	20260606_1612_formal100_qwen_cifar100_std3	/data/42-julia-hpc-ai-cv-students/s471802/nn-gpt-runs/parallel_runs/20260606_1612_formal100_qwen_cifar100_std3/slurm/tunerl-finalize-formal100_qwen_cifar100_std3-2667967.out
2667967	20260606_1612_formal100_qwen_cifar100_std3	/data/42-julia-hpc-ai-cv-students/s471802/nn-gpt-runs/parallel_runs/20260606_1612_formal100_qwen_cifar100_std3/slurm/tunerl-formal100_qwen_cifar100_std3-2667967.err
2667967	20260606_1612_formal100_qwen_cifar100_std3	/data/42-julia-hpc-ai-cv-students/s471802/nn-gpt-runs/parallel_runs/20260606_1612_formal100_qwen_cifar100_std3/slurm/tunerl-formal100_qwen_cifar100_std3-2667967.out
2667969	20260606_1612_formal100_qwen_imagenette_std3	/data/42-julia-hpc-ai-cv-students/s471802/nn-gpt-runs/parallel_runs/20260606_1612_formal100_qwen_imagenette_std3/slurm/tunerl-finalize-formal100_qwen_imagenette_std3-2667969.err
2667969	20260606_1612_formal100_qwen_imagenette_std3	/data/42-julia-hpc-ai-cv-students/s471802/nn-gpt-runs/parallel_runs/20260606_1612_formal100_qwen_imagenette_std3/slurm/tunerl-finalize-formal100_qwen_imagenette_std3-2667969.out
2667969	20260606_1612_formal100_qwen_imagenette_std3	/data/42-julia-hpc-ai-cv-students/s471802/nn-gpt-runs/parallel_runs/20260606_1612_formal100_qwen_imagenette_std3/slurm/tunerl-formal100_qwen_imagenette_std3-2667969.err
2667969	20260606_1612_formal100_qwen_imagenette_std3	/data/42-julia-hpc-ai-cv-students/s471802/nn-gpt-runs/parallel_runs/20260606_1612_formal100_qwen_imagenette_std3/slurm/tunerl-formal100_qwen_imagenette_std3-2667969.out
2668872	20260607_0120_formal100_qwen_cifar10_kl0005_l40s	/data/42-julia-hpc-ai-cv-students/s471802/nn-gpt-runs/parallel_runs/20260607_0120_formal100_qwen_cifar10_kl0005_l40s/slurm/tunerl-finalize-formal100_qwen_cifar10_kl0005_l40s-2668872.err
2668872	20260607_0120_formal100_qwen_cifar10_kl0005_l40s	/data/42-julia-hpc-ai-cv-students/s471802/nn-gpt-runs/parallel_runs/20260607_0120_formal100_qwen_cifar10_kl0005_l40s/slurm/tunerl-finalize-formal100_qwen_cifar10_kl0005_l40s-2668872.out
2668872	20260607_0120_formal100_qwen_cifar10_kl0005_l40s	/data/42-julia-hpc-ai-cv-students/s471802/nn-gpt-runs/parallel_runs/20260607_0120_formal100_qwen_cifar10_kl0005_l40s/slurm/tunerl-formal100_qwen_cifar10_kl0005_l40s-2668872.err
2668872	20260607_0120_formal100_qwen_cifar10_kl0005_l40s	/data/42-julia-hpc-ai-cv-students/s471802/nn-gpt-runs/parallel_runs/20260607_0120_formal100_qwen_cifar10_kl0005_l40s/slurm/tunerl-formal100_qwen_cifar10_kl0005_l40s-2668872.out
2668874	20260607_0120_formal100_qwen_cifar100_kl0005_l40s	/data/42-julia-hpc-ai-cv-students/s471802/nn-gpt-runs/parallel_runs/20260607_0120_formal100_qwen_cifar100_kl0005_l40s/slurm/tunerl-finalize-formal100_qwen_cifar100_kl0005_l40s-2668874.err
2668874	20260607_0120_formal100_qwen_cifar100_kl0005_l40s	/data/42-julia-hpc-ai-cv-students/s471802/nn-gpt-runs/parallel_runs/20260607_0120_formal100_qwen_cifar100_kl0005_l40s/slurm/tunerl-finalize-formal100_qwen_cifar100_kl0005_l40s-2668874.out
2668874	20260607_0120_formal100_qwen_cifar100_kl0005_l40s	/data/42-julia-hpc-ai-cv-students/s471802/nn-gpt-runs/parallel_runs/20260607_0120_formal100_qwen_cifar100_kl0005_l40s/slurm/tunerl-formal100_qwen_cifar100_kl0005_l40s-2668874.err
2668874	20260607_0120_formal100_qwen_cifar100_kl0005_l40s	/data/42-julia-hpc-ai-cv-students/s471802/nn-gpt-runs/parallel_runs/20260607_0120_formal100_qwen_cifar100_kl0005_l40s/slurm/tunerl-formal100_qwen_cifar100_kl0005_l40s-2668874.out
2668876	20260607_0120_formal100_qwen_imagenette_kl0005_h100	/data/42-julia-hpc-ai-cv-students/s471802/nn-gpt-runs/parallel_runs/20260607_0120_formal100_qwen_imagenette_kl0005_h100/slurm/tunerl-finalize-formal100_qwen_imagenette_kl0005_h100-2668876.err
2668876	20260607_0120_formal100_qwen_imagenette_kl0005_h100	/data/42-julia-hpc-ai-cv-students/s471802/nn-gpt-runs/parallel_runs/20260607_0120_formal100_qwen_imagenette_kl0005_h100/slurm/tunerl-finalize-formal100_qwen_imagenette_kl0005_h100-2668876.out
2668876	20260607_0120_formal100_qwen_imagenette_kl0005_h100	/data/42-julia-hpc-ai-cv-students/s471802/nn-gpt-runs/parallel_runs/20260607_0120_formal100_qwen_imagenette_kl0005_h100/slurm/tunerl-formal100_qwen_imagenette_kl0005_h100-2668876.err
2668876	20260607_0120_formal100_qwen_imagenette_kl0005_h100	/data/42-julia-hpc-ai-cv-students/s471802/nn-gpt-runs/parallel_runs/20260607_0120_formal100_qwen_imagenette_kl0005_h100/slurm/tunerl-formal100_qwen_imagenette_kl0005_h100-2668876.out
2668922	20260607_0214_formal100_olympic_a7_cifar10_kl0005_nothink_l40s	/data/42-julia-hpc-ai-cv-students/s471802/nn-gpt-runs/parallel_runs/20260607_0214_formal100_olympic_a7_cifar10_kl0005_nothink_l40s/slurm/tunerl-finalize-formal100_olympic_a7_cifar10_kl0005_nothink_l40s-2668922.err
2668922	20260607_0214_formal100_olympic_a7_cifar10_kl0005_nothink_l40s	/data/42-julia-hpc-ai-cv-students/s471802/nn-gpt-runs/parallel_runs/20260607_0214_formal100_olympic_a7_cifar10_kl0005_nothink_l40s/slurm/tunerl-finalize-formal100_olympic_a7_cifar10_kl0005_nothink_l40s-2668922.out
2668922	20260607_0214_formal100_olympic_a7_cifar10_kl0005_nothink_l40s	/data/42-julia-hpc-ai-cv-students/s471802/nn-gpt-runs/parallel_runs/20260607_0214_formal100_olympic_a7_cifar10_kl0005_nothink_l40s/slurm/tunerl-formal100_olympic_a7_cifar10_kl0005_nothink_l40s-2668922.err
2668922	20260607_0214_formal100_olympic_a7_cifar10_kl0005_nothink_l40s	/data/42-julia-hpc-ai-cv-students/s471802/nn-gpt-runs/parallel_runs/20260607_0214_formal100_olympic_a7_cifar10_kl0005_nothink_l40s/slurm/tunerl-formal100_olympic_a7_cifar10_kl0005_nothink_l40s-2668922.out
2668924	20260607_0214_formal100_olympic_a7_cifar100_kl0005_nothink_l40s	/data/42-julia-hpc-ai-cv-students/s471802/nn-gpt-runs/parallel_runs/20260607_0214_formal100_olympic_a7_cifar100_kl0005_nothink_l40s/slurm/tunerl-finalize-formal100_olympic_a7_cifar100_kl0005_nothink_l40s-2668924.err
2668924	20260607_0214_formal100_olympic_a7_cifar100_kl0005_nothink_l40s	/data/42-julia-hpc-ai-cv-students/s471802/nn-gpt-runs/parallel_runs/20260607_0214_formal100_olympic_a7_cifar100_kl0005_nothink_l40s/slurm/tunerl-finalize-formal100_olympic_a7_cifar100_kl0005_nothink_l40s-2668924.out
2668924	20260607_0214_formal100_olympic_a7_cifar100_kl0005_nothink_l40s	/data/42-julia-hpc-ai-cv-students/s471802/nn-gpt-runs/parallel_runs/20260607_0214_formal100_olympic_a7_cifar100_kl0005_nothink_l40s/slurm/tunerl-formal100_olympic_a7_cifar100_kl0005_nothink_l40s-2668924.err
2668924	20260607_0214_formal100_olympic_a7_cifar100_kl0005_nothink_l40s	/data/42-julia-hpc-ai-cv-students/s471802/nn-gpt-runs/parallel_runs/20260607_0214_formal100_olympic_a7_cifar100_kl0005_nothink_l40s/slurm/tunerl-formal100_olympic_a7_cifar100_kl0005_nothink_l40s-2668924.out
2668926	20260607_0214_formal100_olympic_a7_imagenette_kl0005_nothink_std3	/data/42-julia-hpc-ai-cv-students/s471802/nn-gpt-runs/parallel_runs/20260607_0214_formal100_olympic_a7_imagenette_kl0005_nothink_std3/slurm/tunerl-finalize-formal100_olympic_a7_imagenette_kl0005_nothink_std3-2668926.err
2668926	20260607_0214_formal100_olympic_a7_imagenette_kl0005_nothink_std3	/data/42-julia-hpc-ai-cv-students/s471802/nn-gpt-runs/parallel_runs/20260607_0214_formal100_olympic_a7_imagenette_kl0005_nothink_std3/slurm/tunerl-finalize-formal100_olympic_a7_imagenette_kl0005_nothink_std3-2668926.out
2668926	20260607_0214_formal100_olympic_a7_imagenette_kl0005_nothink_std3	/data/42-julia-hpc-ai-cv-students/s471802/nn-gpt-runs/parallel_runs/20260607_0214_formal100_olympic_a7_imagenette_kl0005_nothink_std3/slurm/tunerl-formal100_olympic_a7_imagenette_kl0005_nothink_std3-2668926.err
2668926	20260607_0214_formal100_olympic_a7_imagenette_kl0005_nothink_std3	/data/42-julia-hpc-ai-cv-students/s471802/nn-gpt-runs/parallel_runs/20260607_0214_formal100_olympic_a7_imagenette_kl0005_nothink_std3/slurm/tunerl-formal100_olympic_a7_imagenette_kl0005_nothink_std3-2668926.out
2669499	20260607_1153_formal100_granite_a7_cifar10_kl0005_l40s	/data/42-julia-hpc-ai-cv-students/s471802/nn-gpt-runs/parallel_runs/20260607_1153_formal100_granite_a7_cifar10_kl0005_l40s/slurm/tunerl-formal100_granite_a7_cifar10_kl0005_l40s-2669499.err
2669499	20260607_1153_formal100_granite_a7_cifar10_kl0005_l40s	/data/42-julia-hpc-ai-cv-students/s471802/nn-gpt-runs/parallel_runs/20260607_1153_formal100_granite_a7_cifar10_kl0005_l40s/slurm/tunerl-formal100_granite_a7_cifar10_kl0005_l40s-2669499.out
2669987	20260607_1305_formal100_granite_a7_cifar10_kl006_l40s	/data/42-julia-hpc-ai-cv-students/s471802/nn-gpt-runs/parallel_runs/20260607_1305_formal100_granite_a7_cifar10_kl006_l40s/slurm/tunerl-formal100_granite_a7_cifar10_kl006_l40s-2669987.err
2669987	20260607_1305_formal100_granite_a7_cifar10_kl006_l40s	/data/42-julia-hpc-ai-cv-students/s471802/nn-gpt-runs/parallel_runs/20260607_1305_formal100_granite_a7_cifar10_kl006_l40s/slurm/tunerl-formal100_granite_a7_cifar10_kl006_l40s-2669987.out
2670360	20260607_1455_gen30min32_formal100_dsqwenolympic	/data/42-julia-hpc-ai-cv-students/s471802/nn-gpt-runs/parallel_runs/20260607_1455_gen30min32_formal100_dsqwenolympic/slurm/gen30m32-dscoder_cifar10-2670360.err
2670360	20260607_1455_gen30min32_formal100_dsqwenolympic	/data/42-julia-hpc-ai-cv-students/s471802/nn-gpt-runs/parallel_runs/20260607_1455_gen30min32_formal100_dsqwenolympic/slurm/gen30m32-dscoder_cifar10-2670360.out
2670361	20260607_1455_gen30min32_formal100_dsqwenolympic	/data/42-julia-hpc-ai-cv-students/s471802/nn-gpt-runs/parallel_runs/20260607_1455_gen30min32_formal100_dsqwenolympic/slurm/gen30m32-dscoder_cifar100-2670361.err
2670361	20260607_1455_gen30min32_formal100_dsqwenolympic	/data/42-julia-hpc-ai-cv-students/s471802/nn-gpt-runs/parallel_runs/20260607_1455_gen30min32_formal100_dsqwenolympic/slurm/gen30m32-dscoder_cifar100-2670361.out
2670362	20260607_1455_gen30min32_formal100_dsqwenolympic	/data/42-julia-hpc-ai-cv-students/s471802/nn-gpt-runs/parallel_runs/20260607_1455_gen30min32_formal100_dsqwenolympic/slurm/gen30m32-dscoder_imagenette-2670362.err
2670362	20260607_1455_gen30min32_formal100_dsqwenolympic	/data/42-julia-hpc-ai-cv-students/s471802/nn-gpt-runs/parallel_runs/20260607_1455_gen30min32_formal100_dsqwenolympic/slurm/gen30m32-dscoder_imagenette-2670362.out
2670363	20260607_1455_gen30min32_formal100_dsqwenolympic	/data/42-julia-hpc-ai-cv-students/s471802/nn-gpt-runs/parallel_runs/20260607_1455_gen30min32_formal100_dsqwenolympic/slurm/gen30m32-qwen_cifar10-2670363.err
2670363	20260607_1455_gen30min32_formal100_dsqwenolympic	/data/42-julia-hpc-ai-cv-students/s471802/nn-gpt-runs/parallel_runs/20260607_1455_gen30min32_formal100_dsqwenolympic/slurm/gen30m32-qwen_cifar10-2670363.out
2670364	20260607_1455_gen30min32_formal100_dsqwenolympic	/data/42-julia-hpc-ai-cv-students/s471802/nn-gpt-runs/parallel_runs/20260607_1455_gen30min32_formal100_dsqwenolympic/slurm/gen30m32-qwen_cifar100-2670364.err
2670364	20260607_1455_gen30min32_formal100_dsqwenolympic	/data/42-julia-hpc-ai-cv-students/s471802/nn-gpt-runs/parallel_runs/20260607_1455_gen30min32_formal100_dsqwenolympic/slurm/gen30m32-qwen_cifar100-2670364.out
2670365	20260607_1455_gen30min32_formal100_dsqwenolympic	/data/42-julia-hpc-ai-cv-students/s471802/nn-gpt-runs/parallel_runs/20260607_1455_gen30min32_formal100_dsqwenolympic/slurm/gen30m32-qwen_imagenette-2670365.err
2670365	20260607_1455_gen30min32_formal100_dsqwenolympic	/data/42-julia-hpc-ai-cv-students/s471802/nn-gpt-runs/parallel_runs/20260607_1455_gen30min32_formal100_dsqwenolympic/slurm/gen30m32-qwen_imagenette-2670365.out
2670366	20260607_1455_gen30min32_formal100_dsqwenolympic	/data/42-julia-hpc-ai-cv-students/s471802/nn-gpt-runs/parallel_runs/20260607_1455_gen30min32_formal100_dsqwenolympic/slurm/gen30m32-olympic_cifar10-2670366.err
2670366	20260607_1455_gen30min32_formal100_dsqwenolympic	/data/42-julia-hpc-ai-cv-students/s471802/nn-gpt-runs/parallel_runs/20260607_1455_gen30min32_formal100_dsqwenolympic/slurm/gen30m32-olympic_cifar10-2670366.out
2670367	20260607_1455_gen30min32_formal100_dsqwenolympic	/data/42-julia-hpc-ai-cv-students/s471802/nn-gpt-runs/parallel_runs/20260607_1455_gen30min32_formal100_dsqwenolympic/slurm/gen30m32-olympic_cifar100-2670367.err
2670367	20260607_1455_gen30min32_formal100_dsqwenolympic	/data/42-julia-hpc-ai-cv-students/s471802/nn-gpt-runs/parallel_runs/20260607_1455_gen30min32_formal100_dsqwenolympic/slurm/gen30m32-olympic_cifar100-2670367.out
2670368	20260607_1455_gen30min32_formal100_dsqwenolympic	/data/42-julia-hpc-ai-cv-students/s471802/nn-gpt-runs/parallel_runs/20260607_1455_gen30min32_formal100_dsqwenolympic/slurm/gen30m32-olympic_imagenette-2670368.err
2670368	20260607_1455_gen30min32_formal100_dsqwenolympic	/data/42-julia-hpc-ai-cv-students/s471802/nn-gpt-runs/parallel_runs/20260607_1455_gen30min32_formal100_dsqwenolympic/slurm/gen30m32-olympic_imagenette-2670368.out
2670697	20260607_1455_gen30min32_formal100_dsqwenolympic	/data/42-julia-hpc-ai-cv-students/s471802/nn-gpt-runs/parallel_runs/20260607_1455_gen30min32_formal100_dsqwenolympic/slurm/evaltest-cifar10-2670697.err
2670697	20260607_1455_gen30min32_formal100_dsqwenolympic	/data/42-julia-hpc-ai-cv-students/s471802/nn-gpt-runs/parallel_runs/20260607_1455_gen30min32_formal100_dsqwenolympic/slurm/evaltest-cifar10-2670697.out
2670698	20260607_1455_gen30min32_formal100_dsqwenolympic	/data/42-julia-hpc-ai-cv-students/s471802/nn-gpt-runs/parallel_runs/20260607_1455_gen30min32_formal100_dsqwenolympic/slurm/evaltest-cifar100-2670698.err
2670698	20260607_1455_gen30min32_formal100_dsqwenolympic	/data/42-julia-hpc-ai-cv-students/s471802/nn-gpt-runs/parallel_runs/20260607_1455_gen30min32_formal100_dsqwenolympic/slurm/evaltest-cifar100-2670698.out
2670699	20260607_1455_gen30min32_formal100_dsqwenolympic	/data/42-julia-hpc-ai-cv-students/s471802/nn-gpt-runs/parallel_runs/20260607_1455_gen30min32_formal100_dsqwenolympic/slurm/evaltest-imagenette-2670699.err
2670699	20260607_1455_gen30min32_formal100_dsqwenolympic	/data/42-julia-hpc-ai-cv-students/s471802/nn-gpt-runs/parallel_runs/20260607_1455_gen30min32_formal100_dsqwenolympic/slurm/evaltest-imagenette-2670699.out
2670701	20260607_1455_gen30min32_formal100_dsqwenolympic	/data/42-julia-hpc-ai-cv-students/s471802/nn-gpt-runs/parallel_runs/20260607_1455_gen30min32_formal100_dsqwenolympic/slurm/evaltest-cifar10-2670701.err
2670701	20260607_1455_gen30min32_formal100_dsqwenolympic	/data/42-julia-hpc-ai-cv-students/s471802/nn-gpt-runs/parallel_runs/20260607_1455_gen30min32_formal100_dsqwenolympic/slurm/evaltest-cifar10-2670701.out
2670702	20260607_1455_gen30min32_formal100_dsqwenolympic	/data/42-julia-hpc-ai-cv-students/s471802/nn-gpt-runs/parallel_runs/20260607_1455_gen30min32_formal100_dsqwenolympic/slurm/evaltest-cifar100-2670702.err
2670702	20260607_1455_gen30min32_formal100_dsqwenolympic	/data/42-julia-hpc-ai-cv-students/s471802/nn-gpt-runs/parallel_runs/20260607_1455_gen30min32_formal100_dsqwenolympic/slurm/evaltest-cifar100-2670702.out
2670703	20260607_1455_gen30min32_formal100_dsqwenolympic	/data/42-julia-hpc-ai-cv-students/s471802/nn-gpt-runs/parallel_runs/20260607_1455_gen30min32_formal100_dsqwenolympic/slurm/evaltest-imagenette-2670703.err
2670703	20260607_1455_gen30min32_formal100_dsqwenolympic	/data/42-julia-hpc-ai-cv-students/s471802/nn-gpt-runs/parallel_runs/20260607_1455_gen30min32_formal100_dsqwenolympic/slurm/evaltest-imagenette-2670703.out
2670742	20260607_1455_gen30min32_formal100_dsqwenolympic	/data/42-julia-hpc-ai-cv-students/s471802/nn-gpt-runs/parallel_runs/20260607_1455_gen30min32_formal100_dsqwenolympic/slurm/evaltest1-cifar10-2670742.err
2670742	20260607_1455_gen30min32_formal100_dsqwenolympic	/data/42-julia-hpc-ai-cv-students/s471802/nn-gpt-runs/parallel_runs/20260607_1455_gen30min32_formal100_dsqwenolympic/slurm/evaltest1-cifar10-2670742.out
2670743	20260607_1455_gen30min32_formal100_dsqwenolympic	/data/42-julia-hpc-ai-cv-students/s471802/nn-gpt-runs/parallel_runs/20260607_1455_gen30min32_formal100_dsqwenolympic/slurm/evaltest1-cifar100-2670743.err
2670743	20260607_1455_gen30min32_formal100_dsqwenolympic	/data/42-julia-hpc-ai-cv-students/s471802/nn-gpt-runs/parallel_runs/20260607_1455_gen30min32_formal100_dsqwenolympic/slurm/evaltest1-cifar100-2670743.out
2670744	20260607_1455_gen30min32_formal100_dsqwenolympic	/data/42-julia-hpc-ai-cv-students/s471802/nn-gpt-runs/parallel_runs/20260607_1455_gen30min32_formal100_dsqwenolympic/slurm/evaltest1-imagenette-2670744.err
2670744	20260607_1455_gen30min32_formal100_dsqwenolympic	/data/42-julia-hpc-ai-cv-students/s471802/nn-gpt-runs/parallel_runs/20260607_1455_gen30min32_formal100_dsqwenolympic/slurm/evaltest1-imagenette-2670744.out
2671550	20260607_1455_gen30min32_formal100_dsqwenolympic	/data/42-julia-hpc-ai-cv-students/s471802/nn-gpt-runs/parallel_runs/20260607_1455_gen30min32_formal100_dsqwenolympic/sanity_weights_none_top6/slurm/sanity-none-img-top6-2671550.err
2671550	20260607_1455_gen30min32_formal100_dsqwenolympic	/data/42-julia-hpc-ai-cv-students/s471802/nn-gpt-runs/parallel_runs/20260607_1455_gen30min32_formal100_dsqwenolympic/sanity_weights_none_top6/slurm/sanity-none-img-top6-2671550.out
2671655	20260608_0109_struct1_v2_a18_cifar10_dirty_seed42	/data/42-julia-hpc-ai-cv-students/s471802/nn-gpt-runs/parallel_runs/20260608_0109_struct1_v2_a18_cifar10_dirty_seed42/slurm/tunerl-finalize-struct1_v2_a18_cifar10_dirty_s42-2671655.err
2671655	20260608_0109_struct1_v2_a18_cifar10_dirty_seed42	/data/42-julia-hpc-ai-cv-students/s471802/nn-gpt-runs/parallel_runs/20260608_0109_struct1_v2_a18_cifar10_dirty_seed42/slurm/tunerl-finalize-struct1_v2_a18_cifar10_dirty_s42-2671655.out
2671655	20260608_0109_struct1_v2_a18_cifar10_dirty_seed42	/data/42-julia-hpc-ai-cv-students/s471802/nn-gpt-runs/parallel_runs/20260608_0109_struct1_v2_a18_cifar10_dirty_seed42/slurm/tunerl-struct1_v2_a18_cifar10_dirty_s42-2671655.err
2671655	20260608_0109_struct1_v2_a18_cifar10_dirty_seed42	/data/42-julia-hpc-ai-cv-students/s471802/nn-gpt-runs/parallel_runs/20260608_0109_struct1_v2_a18_cifar10_dirty_seed42/slurm/tunerl-struct1_v2_a18_cifar10_dirty_s42-2671655.out
2671657	20260608_0109_struct1_v2_a18_cifar10_dirty_seed123	/data/42-julia-hpc-ai-cv-students/s471802/nn-gpt-runs/parallel_runs/20260608_0109_struct1_v2_a18_cifar10_dirty_seed123/slurm/tunerl-finalize-struct1_v2_a18_cifar10_dirty_s123-2671657.err
2671657	20260608_0109_struct1_v2_a18_cifar10_dirty_seed123	/data/42-julia-hpc-ai-cv-students/s471802/nn-gpt-runs/parallel_runs/20260608_0109_struct1_v2_a18_cifar10_dirty_seed123/slurm/tunerl-finalize-struct1_v2_a18_cifar10_dirty_s123-2671657.out
2671657	20260608_0109_struct1_v2_a18_cifar10_dirty_seed123	/data/42-julia-hpc-ai-cv-students/s471802/nn-gpt-runs/parallel_runs/20260608_0109_struct1_v2_a18_cifar10_dirty_seed123/slurm/tunerl-struct1_v2_a18_cifar10_dirty_s123-2671657.err
2671657	20260608_0109_struct1_v2_a18_cifar10_dirty_seed123	/data/42-julia-hpc-ai-cv-students/s471802/nn-gpt-runs/parallel_runs/20260608_0109_struct1_v2_a18_cifar10_dirty_seed123/slurm/tunerl-struct1_v2_a18_cifar10_dirty_s123-2671657.out
2671659	20260608_0109_struct1_v2_a18_cifar10_dirty_seed777	/data/42-julia-hpc-ai-cv-students/s471802/nn-gpt-runs/parallel_runs/20260608_0109_struct1_v2_a18_cifar10_dirty_seed777/slurm/tunerl-finalize-struct1_v2_a18_cifar10_dirty_s777-2671659.err
2671659	20260608_0109_struct1_v2_a18_cifar10_dirty_seed777	/data/42-julia-hpc-ai-cv-students/s471802/nn-gpt-runs/parallel_runs/20260608_0109_struct1_v2_a18_cifar10_dirty_seed777/slurm/tunerl-finalize-struct1_v2_a18_cifar10_dirty_s777-2671659.out
2671659	20260608_0109_struct1_v2_a18_cifar10_dirty_seed777	/data/42-julia-hpc-ai-cv-students/s471802/nn-gpt-runs/parallel_runs/20260608_0109_struct1_v2_a18_cifar10_dirty_seed777/slurm/tunerl-struct1_v2_a18_cifar10_dirty_s777-2671659.err
2671659	20260608_0109_struct1_v2_a18_cifar10_dirty_seed777	/data/42-julia-hpc-ai-cv-students/s471802/nn-gpt-runs/parallel_runs/20260608_0109_struct1_v2_a18_cifar10_dirty_seed777/slurm/tunerl-struct1_v2_a18_cifar10_dirty_s777-2671659.out
2671907	20260608_0825_struct1_v2_a18_cifar10_seed42_mem240	/data/42-julia-hpc-ai-cv-students/s471802/nn-gpt-runs/parallel_runs/20260608_0825_struct1_v2_a18_cifar10_seed42_mem240/slurm/tunerl-finalize-struct1_v2_a18_cifar10_seed42_mem240-2671907.err
2671907	20260608_0825_struct1_v2_a18_cifar10_seed42_mem240	/data/42-julia-hpc-ai-cv-students/s471802/nn-gpt-runs/parallel_runs/20260608_0825_struct1_v2_a18_cifar10_seed42_mem240/slurm/tunerl-finalize-struct1_v2_a18_cifar10_seed42_mem240-2671907.out
2671907	20260608_0825_struct1_v2_a18_cifar10_seed42_mem240	/data/42-julia-hpc-ai-cv-students/s471802/nn-gpt-runs/parallel_runs/20260608_0825_struct1_v2_a18_cifar10_seed42_mem240/slurm/tunerl-struct1_v2_a18_cifar10_seed42_mem240-2671907.err
2671907	20260608_0825_struct1_v2_a18_cifar10_seed42_mem240	/data/42-julia-hpc-ai-cv-students/s471802/nn-gpt-runs/parallel_runs/20260608_0825_struct1_v2_a18_cifar10_seed42_mem240/slurm/tunerl-struct1_v2_a18_cifar10_seed42_mem240-2671907.out
2671917	20260608_0846_struct1_v2_a18_cifar10_seed42_mem240_loaderfix	/data/42-julia-hpc-ai-cv-students/s471802/nn-gpt-runs/parallel_runs/20260608_0846_struct1_v2_a18_cifar10_seed42_mem240_loaderfix/slurm/tunerl-finalize-struct1_v2_a18_cifar10_seed42_mem240_loaderfix-2671917.err
2671917	20260608_0846_struct1_v2_a18_cifar10_seed42_mem240_loaderfix	/data/42-julia-hpc-ai-cv-students/s471802/nn-gpt-runs/parallel_runs/20260608_0846_struct1_v2_a18_cifar10_seed42_mem240_loaderfix/slurm/tunerl-finalize-struct1_v2_a18_cifar10_seed42_mem240_loaderfix-2671917.out
2671917	20260608_0846_struct1_v2_a18_cifar10_seed42_mem240_loaderfix	/data/42-julia-hpc-ai-cv-students/s471802/nn-gpt-runs/parallel_runs/20260608_0846_struct1_v2_a18_cifar10_seed42_mem240_loaderfix/slurm/tunerl-struct1_v2_a18_cifar10_seed42_mem240_loaderfix-2671917.err
2671917	20260608_0846_struct1_v2_a18_cifar10_seed42_mem240_loaderfix	/data/42-julia-hpc-ai-cv-students/s471802/nn-gpt-runs/parallel_runs/20260608_0846_struct1_v2_a18_cifar10_seed42_mem240_loaderfix/slurm/tunerl-struct1_v2_a18_cifar10_seed42_mem240_loaderfix-2671917.out
2674042	20260608_1335_article_1pattern_dscoder_cifar10_seed42_gcvl	/data/42-julia-hpc-ai-cv-students/s471802/nn-gpt-runs/parallel_runs/20260608_1335_article_1pattern_dscoder_cifar10_seed42_gcvl/slurm/tunerl-article_1pattern_dscoder_cifar10_seed42_gcvl-2674042.err
2674042	20260608_1335_article_1pattern_dscoder_cifar10_seed42_gcvl	/data/42-julia-hpc-ai-cv-students/s471802/nn-gpt-runs/parallel_runs/20260608_1335_article_1pattern_dscoder_cifar10_seed42_gcvl/slurm/tunerl-article_1pattern_dscoder_cifar10_seed42_gcvl-2674042.out
2674042	20260608_1335_article_1pattern_dscoder_cifar10_seed42_gcvl	/data/42-julia-hpc-ai-cv-students/s471802/nn-gpt-runs/parallel_runs/20260608_1335_article_1pattern_dscoder_cifar10_seed42_gcvl/slurm/tunerl-finalize-article_1pattern_dscoder_cifar10_seed42_gcvl-2674042.err
2674042	20260608_1335_article_1pattern_dscoder_cifar10_seed42_gcvl	/data/42-julia-hpc-ai-cv-students/s471802/nn-gpt-runs/parallel_runs/20260608_1335_article_1pattern_dscoder_cifar10_seed42_gcvl/slurm/tunerl-finalize-article_1pattern_dscoder_cifar10_seed42_gcvl-2674042.out
2674044	20260608_1335_article_1pattern_dscoder_cifar10_seed114_gcvl	/data/42-julia-hpc-ai-cv-students/s471802/nn-gpt-runs/parallel_runs/20260608_1335_article_1pattern_dscoder_cifar10_seed114_gcvl/slurm/tunerl-article_1pattern_dscoder_cifar10_seed114_gcvl-2674044.err
2674044	20260608_1335_article_1pattern_dscoder_cifar10_seed114_gcvl	/data/42-julia-hpc-ai-cv-students/s471802/nn-gpt-runs/parallel_runs/20260608_1335_article_1pattern_dscoder_cifar10_seed114_gcvl/slurm/tunerl-article_1pattern_dscoder_cifar10_seed114_gcvl-2674044.out
2674044	20260608_1335_article_1pattern_dscoder_cifar10_seed114_gcvl	/data/42-julia-hpc-ai-cv-students/s471802/nn-gpt-runs/parallel_runs/20260608_1335_article_1pattern_dscoder_cifar10_seed114_gcvl/slurm/tunerl-finalize-article_1pattern_dscoder_cifar10_seed114_gcvl-2674044.err
2674044	20260608_1335_article_1pattern_dscoder_cifar10_seed114_gcvl	/data/42-julia-hpc-ai-cv-students/s471802/nn-gpt-runs/parallel_runs/20260608_1335_article_1pattern_dscoder_cifar10_seed114_gcvl/slurm/tunerl-finalize-article_1pattern_dscoder_cifar10_seed114_gcvl-2674044.out
2674046	20260608_1335_article_1pattern_dscoder_cifar10_seed514_gcvl	/data/42-julia-hpc-ai-cv-students/s471802/nn-gpt-runs/parallel_runs/20260608_1335_article_1pattern_dscoder_cifar10_seed514_gcvl/slurm/tunerl-article_1pattern_dscoder_cifar10_seed514_gcvl-2674046.err
2674046	20260608_1335_article_1pattern_dscoder_cifar10_seed514_gcvl	/data/42-julia-hpc-ai-cv-students/s471802/nn-gpt-runs/parallel_runs/20260608_1335_article_1pattern_dscoder_cifar10_seed514_gcvl/slurm/tunerl-article_1pattern_dscoder_cifar10_seed514_gcvl-2674046.out
2674046	20260608_1335_article_1pattern_dscoder_cifar10_seed514_gcvl	/data/42-julia-hpc-ai-cv-students/s471802/nn-gpt-runs/parallel_runs/20260608_1335_article_1pattern_dscoder_cifar10_seed514_gcvl/slurm/tunerl-finalize-article_1pattern_dscoder_cifar10_seed514_gcvl-2674046.err
2674046	20260608_1335_article_1pattern_dscoder_cifar10_seed514_gcvl	/data/42-julia-hpc-ai-cv-students/s471802/nn-gpt-runs/parallel_runs/20260608_1335_article_1pattern_dscoder_cifar10_seed514_gcvl/slurm/tunerl-finalize-article_1pattern_dscoder_cifar10_seed514_gcvl-2674046.out
2674051	20260608_1345_article_A_epoch1_epoch10	/data/42-julia-hpc-ai-cv-students/s471802/nn-gpt-runs/parallel_runs/20260608_1345_article_A_epoch1_epoch10/slurm/article-A-e10-2674051.err
2674051	20260608_1345_article_A_epoch1_epoch10	/data/42-julia-hpc-ai-cv-students/s471802/nn-gpt-runs/parallel_runs/20260608_1345_article_A_epoch1_epoch10/slurm/article-A-e10-2674051.out
2674083	20260608_1355_article_1pattern_dscoder_cifar10_seed42_gcvl_rewgpu	/data/42-julia-hpc-ai-cv-students/s471802/nn-gpt-runs/parallel_runs/20260608_1355_article_1pattern_dscoder_cifar10_seed42_gcvl_rewgpu/slurm/tunerl-article_1pattern_dscoder_cifar10_seed42_gcvl_rewgpu-2674083.err
2674083	20260608_1355_article_1pattern_dscoder_cifar10_seed42_gcvl_rewgpu	/data/42-julia-hpc-ai-cv-students/s471802/nn-gpt-runs/parallel_runs/20260608_1355_article_1pattern_dscoder_cifar10_seed42_gcvl_rewgpu/slurm/tunerl-article_1pattern_dscoder_cifar10_seed42_gcvl_rewgpu-2674083.out
2674083	20260608_1355_article_1pattern_dscoder_cifar10_seed42_gcvl_rewgpu	/data/42-julia-hpc-ai-cv-students/s471802/nn-gpt-runs/parallel_runs/20260608_1355_article_1pattern_dscoder_cifar10_seed42_gcvl_rewgpu/slurm/tunerl-finalize-article_1pattern_dscoder_cifar10_seed42_gcvl_rewgpu-2674083.err
2674083	20260608_1355_article_1pattern_dscoder_cifar10_seed42_gcvl_rewgpu	/data/42-julia-hpc-ai-cv-students/s471802/nn-gpt-runs/parallel_runs/20260608_1355_article_1pattern_dscoder_cifar10_seed42_gcvl_rewgpu/slurm/tunerl-finalize-article_1pattern_dscoder_cifar10_seed42_gcvl_rewgpu-2674083.out
2674085	20260608_1355_article_1pattern_dscoder_cifar10_seed114_gcvl_rewgpu	/data/42-julia-hpc-ai-cv-students/s471802/nn-gpt-runs/parallel_runs/20260608_1355_article_1pattern_dscoder_cifar10_seed114_gcvl_rewgpu/slurm/tunerl-article_1pattern_dscoder_cifar10_seed114_gcvl_rewgpu-2674085.err
2674085	20260608_1355_article_1pattern_dscoder_cifar10_seed114_gcvl_rewgpu	/data/42-julia-hpc-ai-cv-students/s471802/nn-gpt-runs/parallel_runs/20260608_1355_article_1pattern_dscoder_cifar10_seed114_gcvl_rewgpu/slurm/tunerl-article_1pattern_dscoder_cifar10_seed114_gcvl_rewgpu-2674085.out
2674085	20260608_1355_article_1pattern_dscoder_cifar10_seed114_gcvl_rewgpu	/data/42-julia-hpc-ai-cv-students/s471802/nn-gpt-runs/parallel_runs/20260608_1355_article_1pattern_dscoder_cifar10_seed114_gcvl_rewgpu/slurm/tunerl-finalize-article_1pattern_dscoder_cifar10_seed114_gcvl_rewgpu-2674085.err
2674085	20260608_1355_article_1pattern_dscoder_cifar10_seed114_gcvl_rewgpu	/data/42-julia-hpc-ai-cv-students/s471802/nn-gpt-runs/parallel_runs/20260608_1355_article_1pattern_dscoder_cifar10_seed114_gcvl_rewgpu/slurm/tunerl-finalize-article_1pattern_dscoder_cifar10_seed114_gcvl_rewgpu-2674085.out
2674087	20260608_1355_article_1pattern_dscoder_cifar10_seed514_gcvl_rewgpu	/data/42-julia-hpc-ai-cv-students/s471802/nn-gpt-runs/parallel_runs/20260608_1355_article_1pattern_dscoder_cifar10_seed514_gcvl_rewgpu/slurm/tunerl-article_1pattern_dscoder_cifar10_seed514_gcvl_rewgpu-2674087.err
2674087	20260608_1355_article_1pattern_dscoder_cifar10_seed514_gcvl_rewgpu	/data/42-julia-hpc-ai-cv-students/s471802/nn-gpt-runs/parallel_runs/20260608_1355_article_1pattern_dscoder_cifar10_seed514_gcvl_rewgpu/slurm/tunerl-article_1pattern_dscoder_cifar10_seed514_gcvl_rewgpu-2674087.out
2674087	20260608_1355_article_1pattern_dscoder_cifar10_seed514_gcvl_rewgpu	/data/42-julia-hpc-ai-cv-students/s471802/nn-gpt-runs/parallel_runs/20260608_1355_article_1pattern_dscoder_cifar10_seed514_gcvl_rewgpu/slurm/tunerl-finalize-article_1pattern_dscoder_cifar10_seed514_gcvl_rewgpu-2674087.err
2674087	20260608_1355_article_1pattern_dscoder_cifar10_seed514_gcvl_rewgpu	/data/42-julia-hpc-ai-cv-students/s471802/nn-gpt-runs/parallel_runs/20260608_1355_article_1pattern_dscoder_cifar10_seed514_gcvl_rewgpu/slurm/tunerl-finalize-article_1pattern_dscoder_cifar10_seed514_gcvl_rewgpu-2674087.out
2674249	20260608_1403_article_1pattern_dscoder_cifar10_seed42_gcvl_rewgpu2	/data/42-julia-hpc-ai-cv-students/s471802/nn-gpt-runs/parallel_runs/20260608_1403_article_1pattern_dscoder_cifar10_seed42_gcvl_rewgpu2/slurm/tunerl-article_1pattern_dscoder_cifar10_seed42_gcvl_rewgpu2-2674249.err
2674249	20260608_1403_article_1pattern_dscoder_cifar10_seed42_gcvl_rewgpu2	/data/42-julia-hpc-ai-cv-students/s471802/nn-gpt-runs/parallel_runs/20260608_1403_article_1pattern_dscoder_cifar10_seed42_gcvl_rewgpu2/slurm/tunerl-article_1pattern_dscoder_cifar10_seed42_gcvl_rewgpu2-2674249.out
2674249	20260608_1403_article_1pattern_dscoder_cifar10_seed42_gcvl_rewgpu2	/data/42-julia-hpc-ai-cv-students/s471802/nn-gpt-runs/parallel_runs/20260608_1403_article_1pattern_dscoder_cifar10_seed42_gcvl_rewgpu2/slurm/tunerl-finalize-article_1pattern_dscoder_cifar10_seed42_gcvl_rewgpu2-2674249.err
2674249	20260608_1403_article_1pattern_dscoder_cifar10_seed42_gcvl_rewgpu2	/data/42-julia-hpc-ai-cv-students/s471802/nn-gpt-runs/parallel_runs/20260608_1403_article_1pattern_dscoder_cifar10_seed42_gcvl_rewgpu2/slurm/tunerl-finalize-article_1pattern_dscoder_cifar10_seed42_gcvl_rewgpu2-2674249.out
2674251	20260608_1403_article_1pattern_dscoder_cifar10_seed114_gcvl_rewgpu2	/data/42-julia-hpc-ai-cv-students/s471802/nn-gpt-runs/parallel_runs/20260608_1403_article_1pattern_dscoder_cifar10_seed114_gcvl_rewgpu2/slurm/tunerl-article_1pattern_dscoder_cifar10_seed114_gcvl_rewgpu2-2674251.err
2674251	20260608_1403_article_1pattern_dscoder_cifar10_seed114_gcvl_rewgpu2	/data/42-julia-hpc-ai-cv-students/s471802/nn-gpt-runs/parallel_runs/20260608_1403_article_1pattern_dscoder_cifar10_seed114_gcvl_rewgpu2/slurm/tunerl-article_1pattern_dscoder_cifar10_seed114_gcvl_rewgpu2-2674251.out
2674251	20260608_1403_article_1pattern_dscoder_cifar10_seed114_gcvl_rewgpu2	/data/42-julia-hpc-ai-cv-students/s471802/nn-gpt-runs/parallel_runs/20260608_1403_article_1pattern_dscoder_cifar10_seed114_gcvl_rewgpu2/slurm/tunerl-finalize-article_1pattern_dscoder_cifar10_seed114_gcvl_rewgpu2-2674251.err
2674251	20260608_1403_article_1pattern_dscoder_cifar10_seed114_gcvl_rewgpu2	/data/42-julia-hpc-ai-cv-students/s471802/nn-gpt-runs/parallel_runs/20260608_1403_article_1pattern_dscoder_cifar10_seed114_gcvl_rewgpu2/slurm/tunerl-finalize-article_1pattern_dscoder_cifar10_seed114_gcvl_rewgpu2-2674251.out
2674253	20260608_1403_article_1pattern_dscoder_cifar10_seed514_gcvl_rewgpu2	/data/42-julia-hpc-ai-cv-students/s471802/nn-gpt-runs/parallel_runs/20260608_1403_article_1pattern_dscoder_cifar10_seed514_gcvl_rewgpu2/slurm/tunerl-article_1pattern_dscoder_cifar10_seed514_gcvl_rewgpu2-2674253.err
2674253	20260608_1403_article_1pattern_dscoder_cifar10_seed514_gcvl_rewgpu2	/data/42-julia-hpc-ai-cv-students/s471802/nn-gpt-runs/parallel_runs/20260608_1403_article_1pattern_dscoder_cifar10_seed514_gcvl_rewgpu2/slurm/tunerl-article_1pattern_dscoder_cifar10_seed514_gcvl_rewgpu2-2674253.out
2674253	20260608_1403_article_1pattern_dscoder_cifar10_seed514_gcvl_rewgpu2	/data/42-julia-hpc-ai-cv-students/s471802/nn-gpt-runs/parallel_runs/20260608_1403_article_1pattern_dscoder_cifar10_seed514_gcvl_rewgpu2/slurm/tunerl-finalize-article_1pattern_dscoder_cifar10_seed514_gcvl_rewgpu2-2674253.err
2674253	20260608_1403_article_1pattern_dscoder_cifar10_seed514_gcvl_rewgpu2	/data/42-julia-hpc-ai-cv-students/s471802/nn-gpt-runs/parallel_runs/20260608_1403_article_1pattern_dscoder_cifar10_seed514_gcvl_rewgpu2/slurm/tunerl-finalize-article_1pattern_dscoder_cifar10_seed514_gcvl_rewgpu2-2674253.out
2674786	20260608_1345_article_B_single_dual_imagenette	/data/42-julia-hpc-ai-cv-students/s471802/nn-gpt-runs/parallel_runs/20260608_1345_article_B_single_dual_imagenette/slurm/article-B-single-e1-2674786.err
2674786	20260608_1345_article_B_single_dual_imagenette	/data/42-julia-hpc-ai-cv-students/s471802/nn-gpt-runs/parallel_runs/20260608_1345_article_B_single_dual_imagenette/slurm/article-B-single-e1-2674786.out
2675599	20260608_1526_article_1pattern_dscoder_cifar10_seed42_gcvl_p3000	/data/42-julia-hpc-ai-cv-students/s471802/nn-gpt-runs/parallel_runs/20260608_1526_article_1pattern_dscoder_cifar10_seed42_gcvl_p3000/slurm/tunerl-article_1pattern_dscoder_cifar10_seed42_gcvl_p3000-2675599.err
2675599	20260608_1526_article_1pattern_dscoder_cifar10_seed42_gcvl_p3000	/data/42-julia-hpc-ai-cv-students/s471802/nn-gpt-runs/parallel_runs/20260608_1526_article_1pattern_dscoder_cifar10_seed42_gcvl_p3000/slurm/tunerl-article_1pattern_dscoder_cifar10_seed42_gcvl_p3000-2675599.out
2675601	20260608_1526_article_1pattern_dscoder_cifar10_seed114_gcvl_p3000	/data/42-julia-hpc-ai-cv-students/s471802/nn-gpt-runs/parallel_runs/20260608_1526_article_1pattern_dscoder_cifar10_seed114_gcvl_p3000/slurm/tunerl-article_1pattern_dscoder_cifar10_seed114_gcvl_p3000-2675601.err
2675601	20260608_1526_article_1pattern_dscoder_cifar10_seed114_gcvl_p3000	/data/42-julia-hpc-ai-cv-students/s471802/nn-gpt-runs/parallel_runs/20260608_1526_article_1pattern_dscoder_cifar10_seed114_gcvl_p3000/slurm/tunerl-article_1pattern_dscoder_cifar10_seed114_gcvl_p3000-2675601.out
2675601	20260608_1526_article_1pattern_dscoder_cifar10_seed114_gcvl_p3000	/data/42-julia-hpc-ai-cv-students/s471802/nn-gpt-runs/parallel_runs/20260608_1526_article_1pattern_dscoder_cifar10_seed114_gcvl_p3000/slurm/tunerl-finalize-article_1pattern_dscoder_cifar10_seed114_gcvl_p3000-2675601.err
2675601	20260608_1526_article_1pattern_dscoder_cifar10_seed114_gcvl_p3000	/data/42-julia-hpc-ai-cv-students/s471802/nn-gpt-runs/parallel_runs/20260608_1526_article_1pattern_dscoder_cifar10_seed114_gcvl_p3000/slurm/tunerl-finalize-article_1pattern_dscoder_cifar10_seed114_gcvl_p3000-2675601.out
2675683	20260608_1530_article_1pattern_dscoder_cifar10_seed514_std_p3000	/data/42-julia-hpc-ai-cv-students/s471802/nn-gpt-runs/parallel_runs/20260608_1530_article_1pattern_dscoder_cifar10_seed514_std_p3000/slurm/tunerl-article_1pattern_dscoder_cifar10_seed514_std_p3000-2675683.err
2675683	20260608_1530_article_1pattern_dscoder_cifar10_seed514_std_p3000	/data/42-julia-hpc-ai-cv-students/s471802/nn-gpt-runs/parallel_runs/20260608_1530_article_1pattern_dscoder_cifar10_seed514_std_p3000/slurm/tunerl-article_1pattern_dscoder_cifar10_seed514_std_p3000-2675683.out
2675803	20260608_1543_article_reward_ablation_a18_cifar10_gcvl_full_reward	/data/42-julia-hpc-ai-cv-students/s471802/nn-gpt-runs/parallel_runs/20260608_1543_article_reward_ablation_a18_cifar10_gcvl_full_reward/slurm/abl-full_reward-2675803.err
2675803	20260608_1543_article_reward_ablation_a18_cifar10_gcvl_full_reward	/data/42-julia-hpc-ai-cv-students/s471802/nn-gpt-runs/parallel_runs/20260608_1543_article_reward_ablation_a18_cifar10_gcvl_full_reward/slurm/abl-full_reward-2675803.out
2675804	20260608_1543_article_reward_ablation_a18_cifar10_gcvl_no_diversity_bonus	/data/42-julia-hpc-ai-cv-students/s471802/nn-gpt-runs/parallel_runs/20260608_1543_article_reward_ablation_a18_cifar10_gcvl_no_diversity_bonus/slurm/abl-no_diversity_bonus-2675804.err
2675804	20260608_1543_article_reward_ablation_a18_cifar10_gcvl_no_diversity_bonus	/data/42-julia-hpc-ai-cv-students/s471802/nn-gpt-runs/parallel_runs/20260608_1543_article_reward_ablation_a18_cifar10_gcvl_no_diversity_bonus/slurm/abl-no_diversity_bonus-2675804.out
2675832	20260608_1547_article_reward_ablation_a18_cifar10_gcvl_e1_full_reward	/data/42-julia-hpc-ai-cv-students/s471802/nn-gpt-runs/parallel_runs/20260608_1547_article_reward_ablation_a18_cifar10_gcvl_e1_full_reward/slurm/abl-e1-full_reward-2675832.err
2675832	20260608_1547_article_reward_ablation_a18_cifar10_gcvl_e1_full_reward	/data/42-julia-hpc-ai-cv-students/s471802/nn-gpt-runs/parallel_runs/20260608_1547_article_reward_ablation_a18_cifar10_gcvl_e1_full_reward/slurm/abl-e1-full_reward-2675832.out
2675833	20260608_1547_article_reward_ablation_a18_cifar10_gcvl_e1_no_diversity_bonus	/data/42-julia-hpc-ai-cv-students/s471802/nn-gpt-runs/parallel_runs/20260608_1547_article_reward_ablation_a18_cifar10_gcvl_e1_no_diversity_bonus/slurm/abl-e1-no_diversity_bonus-2675833.err
2675833	20260608_1547_article_reward_ablation_a18_cifar10_gcvl_e1_no_diversity_bonus	/data/42-julia-hpc-ai-cv-students/s471802/nn-gpt-runs/parallel_runs/20260608_1547_article_reward_ablation_a18_cifar10_gcvl_e1_no_diversity_bonus/slurm/abl-e1-no_diversity_bonus-2675833.out
2676023	20260608_1646_article_reward_ablation_a18_cifar10_std_e1_no_repeat_penalty	/data/42-julia-hpc-ai-cv-students/s471802/nn-gpt-runs/parallel_runs/20260608_1646_article_reward_ablation_a18_cifar10_std_e1_no_repeat_penalty/slurm/abl-e1-std-no_repeat_penalty-2676023.err
2676023	20260608_1646_article_reward_ablation_a18_cifar10_std_e1_no_repeat_penalty	/data/42-julia-hpc-ai-cv-students/s471802/nn-gpt-runs/parallel_runs/20260608_1646_article_reward_ablation_a18_cifar10_std_e1_no_repeat_penalty/slurm/abl-e1-std-no_repeat_penalty-2676023.out
2676830	20260608_1811_article_1pattern_dscoder_cifar10_seed42_std_p3000_sameparams_probe	/data/42-julia-hpc-ai-cv-students/s471802/nn-gpt-runs/parallel_runs/20260608_1811_article_1pattern_dscoder_cifar10_seed42_std_p3000_sameparams_probe/slurm/tunerl-article_1pattern_dscoder_cifar10_seed42_std_p3000_sameparams_probe-2676830.err
2676830	20260608_1811_article_1pattern_dscoder_cifar10_seed42_std_p3000_sameparams_probe	/data/42-julia-hpc-ai-cv-students/s471802/nn-gpt-runs/parallel_runs/20260608_1811_article_1pattern_dscoder_cifar10_seed42_std_p3000_sameparams_probe/slurm/tunerl-article_1pattern_dscoder_cifar10_seed42_std_p3000_sameparams_probe-2676830.out
2676852	20260608_1815_article_1pattern_dscoder_cifar10_seed42_std_p3000_adapter_precision_probe	/data/42-julia-hpc-ai-cv-students/s471802/nn-gpt-runs/parallel_runs/20260608_1815_article_1pattern_dscoder_cifar10_seed42_std_p3000_adapter_precision_probe/slurm/tunerl-article_1pattern_dscoder_cifar10_seed42_std_p3000_adapter_precision_probe-2676852.err
2676852	20260608_1815_article_1pattern_dscoder_cifar10_seed42_std_p3000_adapter_precision_probe	/data/42-julia-hpc-ai-cv-students/s471802/nn-gpt-runs/parallel_runs/20260608_1815_article_1pattern_dscoder_cifar10_seed42_std_p3000_adapter_precision_probe/slurm/tunerl-article_1pattern_dscoder_cifar10_seed42_std_p3000_adapter_precision_probe-2676852.out
2677177	20260608_1820_article_1pattern_dscoder_cifar10_seed42_std_p3000_c1200_probe	/data/42-julia-hpc-ai-cv-students/s471802/nn-gpt-runs/parallel_runs/20260608_1820_article_1pattern_dscoder_cifar10_seed42_std_p3000_c1200_probe/slurm/tunerl-article_1pattern_dscoder_cifar10_seed42_std_p3000_c1200_probe-2677177.err
2677177	20260608_1820_article_1pattern_dscoder_cifar10_seed42_std_p3000_c1200_probe	/data/42-julia-hpc-ai-cv-students/s471802/nn-gpt-runs/parallel_runs/20260608_1820_article_1pattern_dscoder_cifar10_seed42_std_p3000_c1200_probe/slurm/tunerl-article_1pattern_dscoder_cifar10_seed42_std_p3000_c1200_probe-2677177.out
2677210	20260608_1841_article_1pattern_dscoder_cifar10_seed42_std_p3000_alloc_probe	/data/42-julia-hpc-ai-cv-students/s471802/nn-gpt-runs/parallel_runs/20260608_1841_article_1pattern_dscoder_cifar10_seed42_std_p3000_alloc_probe/slurm/tunerl-article_1pattern_dscoder_cifar10_seed42_std_p3000_alloc_probe-2677210.err
2677210	20260608_1841_article_1pattern_dscoder_cifar10_seed42_std_p3000_alloc_probe	/data/42-julia-hpc-ai-cv-students/s471802/nn-gpt-runs/parallel_runs/20260608_1841_article_1pattern_dscoder_cifar10_seed42_std_p3000_alloc_probe/slurm/tunerl-article_1pattern_dscoder_cifar10_seed42_std_p3000_alloc_probe-2677210.out
2677248	20260608_1922_article_reward_ablation_a18_cifar10_gcvl_e1_p3500_c1200_alloc_full_reward	/data/42-julia-hpc-ai-cv-students/s471802/nn-gpt-runs/parallel_runs/20260608_1922_article_reward_ablation_a18_cifar10_gcvl_e1_p3500_c1200_alloc_full_reward/slurm/abl-full_reward-2677248.err
2677248	20260608_1922_article_reward_ablation_a18_cifar10_gcvl_e1_p3500_c1200_alloc_full_reward	/data/42-julia-hpc-ai-cv-students/s471802/nn-gpt-runs/parallel_runs/20260608_1922_article_reward_ablation_a18_cifar10_gcvl_e1_p3500_c1200_alloc_full_reward/slurm/abl-full_reward-2677248.out
2677251	20260608_1922_article_D_a9_cifar10_seed42_p3500_c1200_alloc	/data/42-julia-hpc-ai-cv-students/s471802/nn-gpt-runs/parallel_runs/20260608_1922_article_D_a9_cifar10_seed42_p3500_c1200_alloc/slurm/tunerl-article_d_a9_cifar10_seed42_p3500_c1200_alloc-2677251.err
2677251	20260608_1922_article_D_a9_cifar10_seed42_p3500_c1200_alloc	/data/42-julia-hpc-ai-cv-students/s471802/nn-gpt-runs/parallel_runs/20260608_1922_article_D_a9_cifar10_seed42_p3500_c1200_alloc/slurm/tunerl-article_d_a9_cifar10_seed42_p3500_c1200_alloc-2677251.out
2677251	20260608_1922_article_D_a9_cifar10_seed42_p3500_c1200_alloc	/data/42-julia-hpc-ai-cv-students/s471802/nn-gpt-runs/parallel_runs/20260608_1922_article_D_a9_cifar10_seed42_p3500_c1200_alloc/slurm/tunerl-finalize-article_d_a9_cifar10_seed42_p3500_c1200_alloc-2677251.err
2677251	20260608_1922_article_D_a9_cifar10_seed42_p3500_c1200_alloc	/data/42-julia-hpc-ai-cv-students/s471802/nn-gpt-runs/parallel_runs/20260608_1922_article_D_a9_cifar10_seed42_p3500_c1200_alloc/slurm/tunerl-finalize-article_d_a9_cifar10_seed42_p3500_c1200_alloc-2677251.out
2677253	20260608_1922_article_D_a9_cifar10_seed114_p3500_c1200_alloc	/data/42-julia-hpc-ai-cv-students/s471802/nn-gpt-runs/parallel_runs/20260608_1922_article_D_a9_cifar10_seed114_p3500_c1200_alloc/slurm/tunerl-article_d_a9_cifar10_seed114_p3500_c1200_alloc-2677253.err
2677253	20260608_1922_article_D_a9_cifar10_seed114_p3500_c1200_alloc	/data/42-julia-hpc-ai-cv-students/s471802/nn-gpt-runs/parallel_runs/20260608_1922_article_D_a9_cifar10_seed114_p3500_c1200_alloc/slurm/tunerl-article_d_a9_cifar10_seed114_p3500_c1200_alloc-2677253.out
2677253	20260608_1922_article_D_a9_cifar10_seed114_p3500_c1200_alloc	/data/42-julia-hpc-ai-cv-students/s471802/nn-gpt-runs/parallel_runs/20260608_1922_article_D_a9_cifar10_seed114_p3500_c1200_alloc/slurm/tunerl-finalize-article_d_a9_cifar10_seed114_p3500_c1200_alloc-2677253.err
2677253	20260608_1922_article_D_a9_cifar10_seed114_p3500_c1200_alloc	/data/42-julia-hpc-ai-cv-students/s471802/nn-gpt-runs/parallel_runs/20260608_1922_article_D_a9_cifar10_seed114_p3500_c1200_alloc/slurm/tunerl-finalize-article_d_a9_cifar10_seed114_p3500_c1200_alloc-2677253.out
2677255	20260608_1922_article_D_a9_cifar10_seed514_p3500_c1200_alloc	/data/42-julia-hpc-ai-cv-students/s471802/nn-gpt-runs/parallel_runs/20260608_1922_article_D_a9_cifar10_seed514_p3500_c1200_alloc/slurm/tunerl-article_d_a9_cifar10_seed514_p3500_c1200_alloc-2677255.err
2677255	20260608_1922_article_D_a9_cifar10_seed514_p3500_c1200_alloc	/data/42-julia-hpc-ai-cv-students/s471802/nn-gpt-runs/parallel_runs/20260608_1922_article_D_a9_cifar10_seed514_p3500_c1200_alloc/slurm/tunerl-article_d_a9_cifar10_seed514_p3500_c1200_alloc-2677255.out
2677255	20260608_1922_article_D_a9_cifar10_seed514_p3500_c1200_alloc	/data/42-julia-hpc-ai-cv-students/s471802/nn-gpt-runs/parallel_runs/20260608_1922_article_D_a9_cifar10_seed514_p3500_c1200_alloc/slurm/tunerl-finalize-article_d_a9_cifar10_seed514_p3500_c1200_alloc-2677255.err
2677255	20260608_1922_article_D_a9_cifar10_seed514_p3500_c1200_alloc	/data/42-julia-hpc-ai-cv-students/s471802/nn-gpt-runs/parallel_runs/20260608_1922_article_D_a9_cifar10_seed514_p3500_c1200_alloc/slurm/tunerl-finalize-article_d_a9_cifar10_seed514_p3500_c1200_alloc-2677255.out
2677276	20260608_1928_article_reward_ablation_a18_cifar10_std_e1_p3500_c1200_alloc_no_diversity_bonus	/data/42-julia-hpc-ai-cv-students/s471802/nn-gpt-runs/parallel_runs/20260608_1928_article_reward_ablation_a18_cifar10_std_e1_p3500_c1200_alloc_no_diversity_bonus/slurm/abl-no_diversity_bonus-2677276.err
2677276	20260608_1928_article_reward_ablation_a18_cifar10_std_e1_p3500_c1200_alloc_no_diversity_bonus	/data/42-julia-hpc-ai-cv-students/s471802/nn-gpt-runs/parallel_runs/20260608_1928_article_reward_ablation_a18_cifar10_std_e1_p3500_c1200_alloc_no_diversity_bonus/slurm/abl-no_diversity_bonus-2677276.out
2677277	20260608_1928_article_reward_ablation_a18_cifar10_std_e1_p3500_c1200_alloc_no_repeat_penalty	/data/42-julia-hpc-ai-cv-students/s471802/nn-gpt-runs/parallel_runs/20260608_1928_article_reward_ablation_a18_cifar10_std_e1_p3500_c1200_alloc_no_repeat_penalty/slurm/abl-no_repeat_penalty-2677277.err
2677277	20260608_1928_article_reward_ablation_a18_cifar10_std_e1_p3500_c1200_alloc_no_repeat_penalty	/data/42-julia-hpc-ai-cv-students/s471802/nn-gpt-runs/parallel_runs/20260608_1928_article_reward_ablation_a18_cifar10_std_e1_p3500_c1200_alloc_no_repeat_penalty/slurm/abl-no_repeat_penalty-2677277.out
2677284	20260608_1945_article_D_a9_cifar10_seed514_p3500_c1200_alloc_mem240	/data/42-julia-hpc-ai-cv-students/s471802/nn-gpt-runs/parallel_runs/20260608_1945_article_D_a9_cifar10_seed514_p3500_c1200_alloc_mem240/slurm/tunerl-article_d_a9_cifar10_seed514_p3500_c1200_alloc_mem240-2677284.err
2677284	20260608_1945_article_D_a9_cifar10_seed514_p3500_c1200_alloc_mem240	/data/42-julia-hpc-ai-cv-students/s471802/nn-gpt-runs/parallel_runs/20260608_1945_article_D_a9_cifar10_seed514_p3500_c1200_alloc_mem240/slurm/tunerl-article_d_a9_cifar10_seed514_p3500_c1200_alloc_mem240-2677284.out
2677284	20260608_1945_article_D_a9_cifar10_seed514_p3500_c1200_alloc_mem240	/data/42-julia-hpc-ai-cv-students/s471802/nn-gpt-runs/parallel_runs/20260608_1945_article_D_a9_cifar10_seed514_p3500_c1200_alloc_mem240/slurm/tunerl-finalize-article_d_a9_cifar10_seed514_p3500_c1200_alloc_mem240-2677284.err
2677284	20260608_1945_article_D_a9_cifar10_seed514_p3500_c1200_alloc_mem240	/data/42-julia-hpc-ai-cv-students/s471802/nn-gpt-runs/parallel_runs/20260608_1945_article_D_a9_cifar10_seed514_p3500_c1200_alloc_mem240/slurm/tunerl-finalize-article_d_a9_cifar10_seed514_p3500_c1200_alloc_mem240-2677284.out
2677527	20260608_2132_diag_seed514_ram_oom_b3	/data/42-julia-hpc-ai-cv-students/s471802/nn-gpt-runs/parallel_runs/20260608_2132_diag_seed514_ram_oom_b3/slurm/diag-watch-2677526-2677527.err
2677527	20260608_2132_diag_seed514_ram_oom_b3	/data/42-julia-hpc-ai-cv-students/s471802/nn-gpt-runs/parallel_runs/20260608_2132_diag_seed514_ram_oom_b3/slurm/diag-watch-2677526-2677527.out
2677537	20260608_2135_diag_seed514_dump_b3	/data/42-julia-hpc-ai-cv-students/s471802/nn-gpt-runs/parallel_runs/20260608_2135_diag_seed514_dump_b3/slurm/diag-seed514-dump-b3-2677537.err
2677537	20260608_2135_diag_seed514_dump_b3	/data/42-julia-hpc-ai-cv-students/s471802/nn-gpt-runs/parallel_runs/20260608_2135_diag_seed514_dump_b3/slurm/diag-seed514-dump-b3-2677537.out
2677791	20260608_2245_article_d_a9_cifar10_seed514_p3500_c1200_alloc_meta	/data/42-julia-hpc-ai-cv-students/s471802/nn-gpt-runs/parallel_runs/20260608_2245_article_d_a9_cifar10_seed514_p3500_c1200_alloc_meta/slurm/tunerl-article_d_a9_cifar10_seed514_p3500_c1200_alloc_meta-2677791.err
2677791	20260608_2245_article_d_a9_cifar10_seed514_p3500_c1200_alloc_meta	/data/42-julia-hpc-ai-cv-students/s471802/nn-gpt-runs/parallel_runs/20260608_2245_article_d_a9_cifar10_seed514_p3500_c1200_alloc_meta/slurm/tunerl-article_d_a9_cifar10_seed514_p3500_c1200_alloc_meta-2677791.out
2677791	20260608_2245_article_d_a9_cifar10_seed514_p3500_c1200_alloc_meta	/data/42-julia-hpc-ai-cv-students/s471802/nn-gpt-runs/parallel_runs/20260608_2245_article_d_a9_cifar10_seed514_p3500_c1200_alloc_meta/slurm/tunerl-finalize-article_d_a9_cifar10_seed514_p3500_c1200_alloc_meta-2677791.err
2677791	20260608_2245_article_d_a9_cifar10_seed514_p3500_c1200_alloc_meta	/data/42-julia-hpc-ai-cv-students/s471802/nn-gpt-runs/parallel_runs/20260608_2245_article_d_a9_cifar10_seed514_p3500_c1200_alloc_meta/slurm/tunerl-finalize-article_d_a9_cifar10_seed514_p3500_c1200_alloc_meta-2677791.out
2680341	20260609_1016_article_D_a9_cifar10_seed123_gcvl_p3500_c1200_alloc	/data/42-julia-hpc-ai-cv-students/s471802/nn-gpt-runs/parallel_runs/20260609_1016_article_D_a9_cifar10_seed123_gcvl_p3500_c1200_alloc/slurm/tunerl-article_d_a9_cifar10_seed123_gcvl_p3500_c1200_alloc-2680341.err
2680341	20260609_1016_article_D_a9_cifar10_seed123_gcvl_p3500_c1200_alloc	/data/42-julia-hpc-ai-cv-students/s471802/nn-gpt-runs/parallel_runs/20260609_1016_article_D_a9_cifar10_seed123_gcvl_p3500_c1200_alloc/slurm/tunerl-article_d_a9_cifar10_seed123_gcvl_p3500_c1200_alloc-2680341.out
2680341	20260609_1016_article_D_a9_cifar10_seed123_gcvl_p3500_c1200_alloc	/data/42-julia-hpc-ai-cv-students/s471802/nn-gpt-runs/parallel_runs/20260609_1016_article_D_a9_cifar10_seed123_gcvl_p3500_c1200_alloc/slurm/tunerl-finalize-article_d_a9_cifar10_seed123_gcvl_p3500_c1200_alloc-2680341.err
2680341	20260609_1016_article_D_a9_cifar10_seed123_gcvl_p3500_c1200_alloc	/data/42-julia-hpc-ai-cv-students/s471802/nn-gpt-runs/parallel_runs/20260609_1016_article_D_a9_cifar10_seed123_gcvl_p3500_c1200_alloc/slurm/tunerl-finalize-article_d_a9_cifar10_seed123_gcvl_p3500_c1200_alloc-2680341.out
2680345	20260609_1019_article_D_a9_cifar10_seed777_std_p3500_c1200_alloc	/data/42-julia-hpc-ai-cv-students/s471802/nn-gpt-runs/parallel_runs/20260609_1019_article_D_a9_cifar10_seed777_std_p3500_c1200_alloc/slurm/tunerl-article_d_a9_cifar10_seed777_std_p3500_c1200_alloc-2680345.err
2680345	20260609_1019_article_D_a9_cifar10_seed777_std_p3500_c1200_alloc	/data/42-julia-hpc-ai-cv-students/s471802/nn-gpt-runs/parallel_runs/20260609_1019_article_D_a9_cifar10_seed777_std_p3500_c1200_alloc/slurm/tunerl-article_d_a9_cifar10_seed777_std_p3500_c1200_alloc-2680345.out
2680345	20260609_1019_article_D_a9_cifar10_seed777_std_p3500_c1200_alloc	/data/42-julia-hpc-ai-cv-students/s471802/nn-gpt-runs/parallel_runs/20260609_1019_article_D_a9_cifar10_seed777_std_p3500_c1200_alloc/slurm/tunerl-finalize-article_d_a9_cifar10_seed777_std_p3500_c1200_alloc-2680345.err
2680345	20260609_1019_article_D_a9_cifar10_seed777_std_p3500_c1200_alloc	/data/42-julia-hpc-ai-cv-students/s471802/nn-gpt-runs/parallel_runs/20260609_1019_article_D_a9_cifar10_seed777_std_p3500_c1200_alloc/slurm/tunerl-finalize-article_d_a9_cifar10_seed777_std_p3500_c1200_alloc-2680345.out
2680441	20260609_1020_article_A_epoch1_epoch10_remaining88	/data/42-julia-hpc-ai-cv-students/s471802/nn-gpt-runs/parallel_runs/20260609_1020_article_A_epoch1_epoch10_remaining88/slurm/article-A-e10-rem88-2680441.err
2680441	20260609_1020_article_A_epoch1_epoch10_remaining88	/data/42-julia-hpc-ai-cv-students/s471802/nn-gpt-runs/parallel_runs/20260609_1020_article_A_epoch1_epoch10_remaining88/slurm/article-A-e10-rem88-2680441.out
2680504	20260609_1020_article_A_epoch1_epoch10_remaining88	/data/42-julia-hpc-ai-cv-students/s471802/nn-gpt-runs/parallel_runs/20260609_1020_article_A_epoch1_epoch10_remaining88/slurm/article-A-e10-rem88-2680504.err
2680504	20260609_1020_article_A_epoch1_epoch10_remaining88	/data/42-julia-hpc-ai-cv-students/s471802/nn-gpt-runs/parallel_runs/20260609_1020_article_A_epoch1_epoch10_remaining88/slurm/article-A-e10-rem88-2680504.out
2690381	20260610_1952_4pattern_a18_cifar10_e10_p3500_c1200_gbs4_s100_full_reward_seed42	/data/42-julia-hpc-ai-cv-students/s471802/nn-gpt-runs/parallel_runs/20260610_1952_4pattern_a18_cifar10_e10_p3500_c1200_gbs4_s100_full_reward_seed42/slurm/abl-full_reward-s42-2690381.err
2690381	20260610_1952_4pattern_a18_cifar10_e10_p3500_c1200_gbs4_s100_full_reward_seed42	/data/42-julia-hpc-ai-cv-students/s471802/nn-gpt-runs/parallel_runs/20260610_1952_4pattern_a18_cifar10_e10_p3500_c1200_gbs4_s100_full_reward_seed42/slurm/abl-full_reward-s42-2690381.out
2690384	20260610_4pattern_a18_cifar10_e10_p3500_c1200_s100_full_reward_seed42	/data/42-julia-hpc-ai-cv-students/s471802/nn-gpt-runs/parallel_runs/20260610_4pattern_a18_cifar10_e10_p3500_c1200_s100_full_reward_seed42/slurm/abl-full_reward-s42-2690384.err
2690384	20260610_4pattern_a18_cifar10_e10_p3500_c1200_s100_full_reward_seed42	/data/42-julia-hpc-ai-cv-students/s471802/nn-gpt-runs/parallel_runs/20260610_4pattern_a18_cifar10_e10_p3500_c1200_s100_full_reward_seed42/slurm/abl-full_reward-s42-2690384.out
2697697	20260612_4pattern_a18_cifar10_e5_p3500_c1200_s100_h100_full_reward_seed42	/data/42-julia-hpc-ai-cv-students/s471802/nn-gpt-runs/parallel_runs/20260612_4pattern_a18_cifar10_e5_p3500_c1200_s100_h100_full_reward_seed42/slurm/abl-full_reward-s42-2697697.err
2697697	20260612_4pattern_a18_cifar10_e5_p3500_c1200_s100_h100_full_reward_seed42	/data/42-julia-hpc-ai-cv-students/s471802/nn-gpt-runs/parallel_runs/20260612_4pattern_a18_cifar10_e5_p3500_c1200_s100_h100_full_reward_seed42/slurm/abl-full_reward-s42-2697697.out
2697701	20260612_4pattern_a18_cifar10_e5_p3500_c1200_s100_h100_shared_full_reward_seed42	/data/42-julia-hpc-ai-cv-students/s471802/nn-gpt-runs/parallel_runs/20260612_4pattern_a18_cifar10_e5_p3500_c1200_s100_h100_shared_full_reward_seed42/slurm/abl-full_reward-s42-2697701.err
2697701	20260612_4pattern_a18_cifar10_e5_p3500_c1200_s100_h100_shared_full_reward_seed42	/data/42-julia-hpc-ai-cv-students/s471802/nn-gpt-runs/parallel_runs/20260612_4pattern_a18_cifar10_e5_p3500_c1200_s100_h100_shared_full_reward_seed42/slurm/abl-full_reward-s42-2697701.out
2697779	20260612_4pattern_a18_cifar10_e5_p3500_c1200_s100_h100x4_shared_ablation_no_diversity_bonus_seed42	/data/42-julia-hpc-ai-cv-students/s471802/nn-gpt-runs/parallel_runs/20260612_4pattern_a18_cifar10_e5_p3500_c1200_s100_h100x4_shared_ablation_no_diversity_bonus_seed42/slurm/abl-no_diversity_bonus-s42-2697779.err
2697779	20260612_4pattern_a18_cifar10_e5_p3500_c1200_s100_h100x4_shared_ablation_no_diversity_bonus_seed42	/data/42-julia-hpc-ai-cv-students/s471802/nn-gpt-runs/parallel_runs/20260612_4pattern_a18_cifar10_e5_p3500_c1200_s100_h100x4_shared_ablation_no_diversity_bonus_seed42/slurm/abl-no_diversity_bonus-s42-2697779.out
2697785	20260612_4pattern_a18_cifar10_e5_p3500_c1200_s100_l40s_shared_full_full_reward_seed42	/data/42-julia-hpc-ai-cv-students/s471802/nn-gpt-runs/parallel_runs/20260612_4pattern_a18_cifar10_e5_p3500_c1200_s100_l40s_shared_full_full_reward_seed42/slurm/abl-full_reward-s42-2697785.err
2697785	20260612_4pattern_a18_cifar10_e5_p3500_c1200_s100_l40s_shared_full_full_reward_seed42	/data/42-julia-hpc-ai-cv-students/s471802/nn-gpt-runs/parallel_runs/20260612_4pattern_a18_cifar10_e5_p3500_c1200_s100_l40s_shared_full_full_reward_seed42/slurm/abl-full_reward-s42-2697785.out
2697817	20260612_4pattern_a18_cifar10_e5_p3500_c1200_s100_l40s_excl_full_full_reward_seed42	/data/42-julia-hpc-ai-cv-students/s471802/nn-gpt-runs/parallel_runs/20260612_4pattern_a18_cifar10_e5_p3500_c1200_s100_l40s_excl_full_full_reward_seed42/slurm/abl-full_reward-s42-2697817.err
2697817	20260612_4pattern_a18_cifar10_e5_p3500_c1200_s100_l40s_excl_full_full_reward_seed42	/data/42-julia-hpc-ai-cv-students/s471802/nn-gpt-runs/parallel_runs/20260612_4pattern_a18_cifar10_e5_p3500_c1200_s100_l40s_excl_full_full_reward_seed42/slurm/abl-full_reward-s42-2697817.out
2697840	20260612_4pattern_a18_cifar10_e5_p3500_c1200_s100_h100x4_shared_full_full_reward_seed123	/data/42-julia-hpc-ai-cv-students/s471802/nn-gpt-runs/parallel_runs/20260612_4pattern_a18_cifar10_e5_p3500_c1200_s100_h100x4_shared_full_full_reward_seed123/slurm/abl-full_reward-s123-2697840.err
2697840	20260612_4pattern_a18_cifar10_e5_p3500_c1200_s100_h100x4_shared_full_full_reward_seed123	/data/42-julia-hpc-ai-cv-students/s471802/nn-gpt-runs/parallel_runs/20260612_4pattern_a18_cifar10_e5_p3500_c1200_s100_h100x4_shared_full_full_reward_seed123/slurm/abl-full_reward-s123-2697840.out
2697842	20260612_4pattern_a18_cifar10_e5_p3500_c1200_s100_l40s_excl_full_full_reward_seed777	/data/42-julia-hpc-ai-cv-students/s471802/nn-gpt-runs/parallel_runs/20260612_4pattern_a18_cifar10_e5_p3500_c1200_s100_l40s_excl_full_full_reward_seed777/slurm/abl-full_reward-s777-2697842.err
2697842	20260612_4pattern_a18_cifar10_e5_p3500_c1200_s100_l40s_excl_full_full_reward_seed777	/data/42-julia-hpc-ai-cv-students/s471802/nn-gpt-runs/parallel_runs/20260612_4pattern_a18_cifar10_e5_p3500_c1200_s100_l40s_excl_full_full_reward_seed777/slurm/abl-full_reward-s777-2697842.out
2697849	20260612_4pattern_a18_cifar10_e5_p3500_c1200_s100_l40s_excl_ablation_no_repeat_penalty_seed42	/data/42-julia-hpc-ai-cv-students/s471802/nn-gpt-runs/parallel_runs/20260612_4pattern_a18_cifar10_e5_p3500_c1200_s100_l40s_excl_ablation_no_repeat_penalty_seed42/slurm/abl-no_repeat_penalty-s42-2697849.err
2697849	20260612_4pattern_a18_cifar10_e5_p3500_c1200_s100_l40s_excl_ablation_no_repeat_penalty_seed42	/data/42-julia-hpc-ai-cv-students/s471802/nn-gpt-runs/parallel_runs/20260612_4pattern_a18_cifar10_e5_p3500_c1200_s100_l40s_excl_ablation_no_repeat_penalty_seed42/slurm/abl-no_repeat_penalty-s42-2697849.out
2723084	20260618_1pattern_a9_cifar10_e5_p3500_c1200_s100_h100x4_shared_full_full_reward_seed42	/data/42-julia-hpc-ai-cv-students/s471802/nn-gpt-runs/parallel_runs/20260618_1pattern_a9_cifar10_e5_p3500_c1200_s100_h100x4_shared_full_full_reward_seed42/slurm/abl-full_reward-s42-2723084.err
2723084	20260618_1pattern_a9_cifar10_e5_p3500_c1200_s100_h100x4_shared_full_full_reward_seed42	/data/42-julia-hpc-ai-cv-students/s471802/nn-gpt-runs/parallel_runs/20260618_1pattern_a9_cifar10_e5_p3500_c1200_s100_h100x4_shared_full_full_reward_seed42/slurm/abl-full_reward-s42-2723084.out
2723085	20260618_1pattern_a9_cifar10_e5_p3500_c1200_s100_h100x4_shared_full_full_reward_seed123	/data/42-julia-hpc-ai-cv-students/s471802/nn-gpt-runs/parallel_runs/20260618_1pattern_a9_cifar10_e5_p3500_c1200_s100_h100x4_shared_full_full_reward_seed123/slurm/abl-full_reward-s123-2723085.err
2723085	20260618_1pattern_a9_cifar10_e5_p3500_c1200_s100_h100x4_shared_full_full_reward_seed123	/data/42-julia-hpc-ai-cv-students/s471802/nn-gpt-runs/parallel_runs/20260618_1pattern_a9_cifar10_e5_p3500_c1200_s100_h100x4_shared_full_full_reward_seed123/slurm/abl-full_reward-s123-2723085.out
2723086	20260618_1pattern_a9_cifar10_e5_p3500_c1200_s100_h100x4_shared_full_full_reward_seed777	/data/42-julia-hpc-ai-cv-students/s471802/nn-gpt-runs/parallel_runs/20260618_1pattern_a9_cifar10_e5_p3500_c1200_s100_h100x4_shared_full_full_reward_seed777/slurm/abl-full_reward-s777-2723086.err
2723086	20260618_1pattern_a9_cifar10_e5_p3500_c1200_s100_h100x4_shared_full_full_reward_seed777	/data/42-julia-hpc-ai-cv-students/s471802/nn-gpt-runs/parallel_runs/20260618_1pattern_a9_cifar10_e5_p3500_c1200_s100_h100x4_shared_full_full_reward_seed777/slurm/abl-full_reward-s777-2723086.out
2741594	20260622_current_sftonly_baseline100_e1	/data/42-julia-hpc-ai-cv-students/s471802/nn-gpt-runs/parallel_runs/20260622_current_sftonly_baseline100_e1/baseline/slurm/sft1cur-gen100-2741594.err
2741594	20260622_current_sftonly_baseline100_e1	/data/42-julia-hpc-ai-cv-students/s471802/nn-gpt-runs/parallel_runs/20260622_current_sftonly_baseline100_e1/baseline/slurm/sft1cur-gen100-2741594.out
2741595	20260622_current_sftonly_baseline100_e1	/data/42-julia-hpc-ai-cv-students/s471802/nn-gpt-runs/parallel_runs/20260622_current_sftonly_baseline100_e1/baseline/slurm/sft4cur-gen100-2741595.err
2741595	20260622_current_sftonly_baseline100_e1	/data/42-julia-hpc-ai-cv-students/s471802/nn-gpt-runs/parallel_runs/20260622_current_sftonly_baseline100_e1/baseline/slurm/sft4cur-gen100-2741595.out
2741688	20260622_current_rlafter_baseline100_e1_seed42	/data/42-julia-hpc-ai-cv-students/s471802/nn-gpt-runs/parallel_runs/20260622_current_rlafter_baseline100_e1_seed42/baseline/slurm/rlaf1-gen100-2741688.err
2741688	20260622_current_rlafter_baseline100_e1_seed42	/data/42-julia-hpc-ai-cv-students/s471802/nn-gpt-runs/parallel_runs/20260622_current_rlafter_baseline100_e1_seed42/baseline/slurm/rlaf1-gen100-2741688.out
2741689	20260622_current_rlafter_baseline100_e1_seed42	/data/42-julia-hpc-ai-cv-students/s471802/nn-gpt-runs/parallel_runs/20260622_current_rlafter_baseline100_e1_seed42/baseline/slurm/rlaf4-gen100-2741689.err
2741689	20260622_current_rlafter_baseline100_e1_seed42	/data/42-julia-hpc-ai-cv-students/s471802/nn-gpt-runs/parallel_runs/20260622_current_rlafter_baseline100_e1_seed42/baseline/slurm/rlaf4-gen100-2741689.out
2741724	20260622_current_split_eval200_e1_l40s_seed42	/data/42-julia-hpc-ai-cv-students/s471802/nn-gpt-runs/parallel_runs/20260622_current_split_eval200_e1_l40s_seed42/baseline/slurm/sft-eval200-l40s-2741724.err
2741724	20260622_current_split_eval200_e1_l40s_seed42	/data/42-julia-hpc-ai-cv-students/s471802/nn-gpt-runs/parallel_runs/20260622_current_split_eval200_e1_l40s_seed42/baseline/slurm/sft-eval200-l40s-2741724.out
2741725	20260622_current_split_eval200_e1_l40s_seed42	/data/42-julia-hpc-ai-cv-students/s471802/nn-gpt-runs/parallel_runs/20260622_current_split_eval200_e1_l40s_seed42/baseline/slurm/rlaf-eval200-l40s-2741725.err
2741725	20260622_current_split_eval200_e1_l40s_seed42	/data/42-julia-hpc-ai-cv-students/s471802/nn-gpt-runs/parallel_runs/20260622_current_split_eval200_e1_l40s_seed42/baseline/slurm/rlaf-eval200-l40s-2741725.out
2741726	20260622_current_split_eval200_e1_l40s_seed42	/data/42-julia-hpc-ai-cv-students/s471802/nn-gpt-runs/parallel_runs/20260622_current_split_eval200_e1_l40s_seed42/baseline/slurm/sft-sum-l40s-2741726.err
2741726	20260622_current_split_eval200_e1_l40s_seed42	/data/42-julia-hpc-ai-cv-students/s471802/nn-gpt-runs/parallel_runs/20260622_current_split_eval200_e1_l40s_seed42/baseline/slurm/sft-sum-l40s-2741726.out
2741727	20260622_current_split_eval200_e1_l40s_seed42	/data/42-julia-hpc-ai-cv-students/s471802/nn-gpt-runs/parallel_runs/20260622_current_split_eval200_e1_l40s_seed42/baseline/slurm/rlaf-sum-l40s-2741727.err
2741727	20260622_current_split_eval200_e1_l40s_seed42	/data/42-julia-hpc-ai-cv-students/s471802/nn-gpt-runs/parallel_runs/20260622_current_split_eval200_e1_l40s_seed42/baseline/slurm/rlaf-sum-l40s-2741727.out
2749718	20260622_current_split_eval200_e1_l40s_seed42	/data/42-julia-hpc-ai-cv-students/s471802/nn-gpt-runs/parallel_runs/20260622_current_split_eval200_e1_l40s_seed42/baseline/slurm/sft-test-eval200-2749718.err
2749718	20260622_current_split_eval200_e1_l40s_seed42	/data/42-julia-hpc-ai-cv-students/s471802/nn-gpt-runs/parallel_runs/20260622_current_split_eval200_e1_l40s_seed42/baseline/slurm/sft-test-eval200-2749718.out
2749719	20260622_current_split_eval200_e1_l40s_seed42	/data/42-julia-hpc-ai-cv-students/s471802/nn-gpt-runs/parallel_runs/20260622_current_split_eval200_e1_l40s_seed42/baseline/slurm/rlaf-test-eval200-2749719.err
2749719	20260622_current_split_eval200_e1_l40s_seed42	/data/42-julia-hpc-ai-cv-students/s471802/nn-gpt-runs/parallel_runs/20260622_current_split_eval200_e1_l40s_seed42/baseline/slurm/rlaf-test-eval200-2749719.out
2749751	20260622_current_split_eval200_e1_l40s_seed42	/data/42-julia-hpc-ai-cv-students/s471802/nn-gpt-runs/parallel_runs/20260622_current_split_eval200_e1_l40s_seed42/baseline/slurm/sft-test-eval200-8g-2749751.err
2749751	20260622_current_split_eval200_e1_l40s_seed42	/data/42-julia-hpc-ai-cv-students/s471802/nn-gpt-runs/parallel_runs/20260622_current_split_eval200_e1_l40s_seed42/baseline/slurm/sft-test-eval200-8g-2749751.out
2749753	20260622_current_split_eval200_e1_l40s_seed42	/data/42-julia-hpc-ai-cv-students/s471802/nn-gpt-runs/parallel_runs/20260622_current_split_eval200_e1_l40s_seed42/baseline/slurm/sft-test-sum-8g-2749753.err
2749753	20260622_current_split_eval200_e1_l40s_seed42	/data/42-julia-hpc-ai-cv-students/s471802/nn-gpt-runs/parallel_runs/20260622_current_split_eval200_e1_l40s_seed42/baseline/slurm/sft-test-sum-8g-2749753.out
2749875	20260622_current_split_eval200_e1_l40s_seed42	/data/42-julia-hpc-ai-cv-students/s471802/nn-gpt-runs/parallel_runs/20260622_current_split_eval200_e1_l40s_seed42/baseline/slurm/rlaf-test-eval200-3g-2749875.err
2749875	20260622_current_split_eval200_e1_l40s_seed42	/data/42-julia-hpc-ai-cv-students/s471802/nn-gpt-runs/parallel_runs/20260622_current_split_eval200_e1_l40s_seed42/baseline/slurm/rlaf-test-eval200-3g-2749875.out
2749894	20260622_current_split_eval200_e1_l40s_seed42	/data/42-julia-hpc-ai-cv-students/s471802/nn-gpt-runs/parallel_runs/20260622_current_split_eval200_e1_l40s_seed42/baseline/slurm/rlaf-test-eval200-h100x6-2749894.err
2749894	20260622_current_split_eval200_e1_l40s_seed42	/data/42-julia-hpc-ai-cv-students/s471802/nn-gpt-runs/parallel_runs/20260622_current_split_eval200_e1_l40s_seed42/baseline/slurm/rlaf-test-eval200-h100x6-2749894.out
2749895	20260622_current_split_eval200_e1_l40s_seed42	/data/42-julia-hpc-ai-cv-students/s471802/nn-gpt-runs/parallel_runs/20260622_current_split_eval200_e1_l40s_seed42/baseline/slurm/rlaf-test-sum-h100x6-2749895.err
2749895	20260622_current_split_eval200_e1_l40s_seed42	/data/42-julia-hpc-ai-cv-students/s471802/nn-gpt-runs/parallel_runs/20260622_current_split_eval200_e1_l40s_seed42/baseline/slurm/rlaf-test-sum-h100x6-2749895.out
2751655	20260623_4pattern_a18_cifar10_e5_p3500_c1200_s100_h100x4_ablation_extra_no_diversity_bonus_seed123	/data/42-julia-hpc-ai-cv-students/s471802/nn-gpt-runs/parallel_runs/20260623_4pattern_a18_cifar10_e5_p3500_c1200_s100_h100x4_ablation_extra_no_diversity_bonus_seed123/slurm/abl-no_diversity_bonus-s123-2751655.err
2751655	20260623_4pattern_a18_cifar10_e5_p3500_c1200_s100_h100x4_ablation_extra_no_diversity_bonus_seed123	/data/42-julia-hpc-ai-cv-students/s471802/nn-gpt-runs/parallel_runs/20260623_4pattern_a18_cifar10_e5_p3500_c1200_s100_h100x4_ablation_extra_no_diversity_bonus_seed123/slurm/abl-no_diversity_bonus-s123-2751655.out
2751692	20260623_rc_sampler_cifar10_e5_heldout_test_l40s_reuse100	/data/42-julia-hpc-ai-cv-students/s471802/nn-gpt-runs/parallel_runs/20260623_rc_sampler_cifar10_e5_heldout_test_l40s_reuse100/slurm/rc-e5-test-8g-2751692.err
2751692	20260623_rc_sampler_cifar10_e5_heldout_test_l40s_reuse100	/data/42-julia-hpc-ai-cv-students/s471802/nn-gpt-runs/parallel_runs/20260623_rc_sampler_cifar10_e5_heldout_test_l40s_reuse100/slurm/rc-e5-test-8g-2751692.out
2752062	20260623_4pattern_a18_cifar10_e5_p3500_c1200_s100_l40s5_ablation_extra_no_repeat_penalty_seed123	/data/42-julia-hpc-ai-cv-students/s471802/nn-gpt-runs/parallel_runs/20260623_4pattern_a18_cifar10_e5_p3500_c1200_s100_l40s5_ablation_extra_no_repeat_penalty_seed123/slurm/abl-no_repeat_penalty-s123-l40s5-2752062.err
2752062	20260623_4pattern_a18_cifar10_e5_p3500_c1200_s100_l40s5_ablation_extra_no_repeat_penalty_seed123	/data/42-julia-hpc-ai-cv-students/s471802/nn-gpt-runs/parallel_runs/20260623_4pattern_a18_cifar10_e5_p3500_c1200_s100_l40s5_ablation_extra_no_repeat_penalty_seed123/slurm/abl-no_repeat_penalty-s123-l40s5-2752062.out
2752428	20260623_rc_sampler_cifar10_e1_heldout_test_l40s_reuse100	/data/42-julia-hpc-ai-cv-students/s471802/nn-gpt-runs/parallel_runs/20260623_rc_sampler_cifar10_e1_heldout_test_l40s_reuse100/slurm/rc-e1-test-2g-2752428.err
2752428	20260623_rc_sampler_cifar10_e1_heldout_test_l40s_reuse100	/data/42-julia-hpc-ai-cv-students/s471802/nn-gpt-runs/parallel_runs/20260623_rc_sampler_cifar10_e1_heldout_test_l40s_reuse100/slurm/rc-e1-test-2g-2752428.out
2752444	20260623_rc_sampler_cifar10_e1_heldout_test_l40s_reuse100	/data/42-julia-hpc-ai-cv-students/s471802/nn-gpt-runs/parallel_runs/20260623_rc_sampler_cifar10_e1_heldout_test_l40s_reuse100/slurm/rc-e1-test-3g-2752444.err
2752444	20260623_rc_sampler_cifar10_e1_heldout_test_l40s_reuse100	/data/42-julia-hpc-ai-cv-students/s471802/nn-gpt-runs/parallel_runs/20260623_rc_sampler_cifar10_e1_heldout_test_l40s_reuse100/slurm/rc-e1-test-3g-2752444.out
2752456	20260623_rc_sampler_cifar10_e1_heldout_test_l40s_reuse100	/data/42-julia-hpc-ai-cv-students/s471802/nn-gpt-runs/parallel_runs/20260623_rc_sampler_cifar10_e1_heldout_test_l40s_reuse100/slurm/rc-e1-test-6g-2752456.err
2752456	20260623_rc_sampler_cifar10_e1_heldout_test_l40s_reuse100	/data/42-julia-hpc-ai-cv-students/s471802/nn-gpt-runs/parallel_runs/20260623_rc_sampler_cifar10_e1_heldout_test_l40s_reuse100/slurm/rc-e1-test-6g-2752456.out
2752475	20260623_rc_sampler_cifar10_e1_heldout_test_h100x3_reuse100	/data/42-julia-hpc-ai-cv-students/s471802/nn-gpt-runs/parallel_runs/20260623_rc_sampler_cifar10_e1_heldout_test_h100x3_reuse100/slurm/rc-e1-test-h100x3-2752475.err
2752475	20260623_rc_sampler_cifar10_e1_heldout_test_h100x3_reuse100	/data/42-julia-hpc-ai-cv-students/s471802/nn-gpt-runs/parallel_runs/20260623_rc_sampler_cifar10_e1_heldout_test_h100x3_reuse100/slurm/rc-e1-test-h100x3-2752475.out
2754538	20260623_4pattern_a18_cifar10_e5_p3500_c1200_s800_h100x3_ablation_extra_no_repeat_penalty_seed123	/data/42-julia-hpc-ai-cv-students/s471802/nn-gpt-runs/parallel_runs/20260623_4pattern_a18_cifar10_e5_p3500_c1200_s800_h100x3_ablation_extra_no_repeat_penalty_seed123/slurm/abl-no_repeat_penalty-s123-2754538.err
2754538	20260623_4pattern_a18_cifar10_e5_p3500_c1200_s800_h100x3_ablation_extra_no_repeat_penalty_seed123	/data/42-julia-hpc-ai-cv-students/s471802/nn-gpt-runs/parallel_runs/20260623_4pattern_a18_cifar10_e5_p3500_c1200_s800_h100x3_ablation_extra_no_repeat_penalty_seed123/slurm/abl-no_repeat_penalty-s123-2754538.out
2755237	20260623_4pattern_a18_cifar10_e5_p3500_c1200_s800_h100x4_ablation_extra_no_repeat_penalty_seed123	/data/42-julia-hpc-ai-cv-students/s471802/nn-gpt-runs/parallel_runs/20260623_4pattern_a18_cifar10_e5_p3500_c1200_s800_h100x4_ablation_extra_no_repeat_penalty_seed123/slurm/abl-no_repeat_penalty-s123-2755237.err
2755237	20260623_4pattern_a18_cifar10_e5_p3500_c1200_s800_h100x4_ablation_extra_no_repeat_penalty_seed123	/data/42-julia-hpc-ai-cv-students/s471802/nn-gpt-runs/parallel_runs/20260623_4pattern_a18_cifar10_e5_p3500_c1200_s800_h100x4_ablation_extra_no_repeat_penalty_seed123/slurm/abl-no_repeat_penalty-s123-2755237.out
2759192	20260624_l40s_oomdiag_alloc_gbs8_no_repeat_penalty_seed123	/data/42-julia-hpc-ai-cv-students/s471802/nn-gpt-runs/parallel_runs/20260624_l40s_oomdiag_alloc_gbs8_no_repeat_penalty_seed123/slurm/abl-no_repeat_penalty-s123-2759192.err
2759192	20260624_l40s_oomdiag_alloc_gbs8_no_repeat_penalty_seed123	/data/42-julia-hpc-ai-cv-students/s471802/nn-gpt-runs/parallel_runs/20260624_l40s_oomdiag_alloc_gbs8_no_repeat_penalty_seed123/slurm/abl-no_repeat_penalty-s123-2759192.out
2759372	20260624_4pattern_a18_cifar10_e5_p3500_c1200_s800_standard_l40s5_ablation_extra_no_diversity_bonus_seed777	/data/42-julia-hpc-ai-cv-students/s471802/nn-gpt-runs/parallel_runs/20260624_4pattern_a18_cifar10_e5_p3500_c1200_s800_standard_l40s5_ablation_extra_no_diversity_bonus_seed777/slurm/abl-no_diversity_bonus-s777-2759372.err
2759372	20260624_4pattern_a18_cifar10_e5_p3500_c1200_s800_standard_l40s5_ablation_extra_no_diversity_bonus_seed777	/data/42-julia-hpc-ai-cv-students/s471802/nn-gpt-runs/parallel_runs/20260624_4pattern_a18_cifar10_e5_p3500_c1200_s800_standard_l40s5_ablation_extra_no_diversity_bonus_seed777/slurm/abl-no_diversity_bonus-s777-2759372.out
2759373	20260624_4pattern_a18_cifar10_e5_p3500_c1200_s800_standard_l40s5_ablation_extra_no_repeat_penalty_seed777	/data/42-julia-hpc-ai-cv-students/s471802/nn-gpt-runs/parallel_runs/20260624_4pattern_a18_cifar10_e5_p3500_c1200_s800_standard_l40s5_ablation_extra_no_repeat_penalty_seed777/slurm/abl-no_repeat_penalty-s777-2759373.err
2759373	20260624_4pattern_a18_cifar10_e5_p3500_c1200_s800_standard_l40s5_ablation_extra_no_repeat_penalty_seed777	/data/42-julia-hpc-ai-cv-students/s471802/nn-gpt-runs/parallel_runs/20260624_4pattern_a18_cifar10_e5_p3500_c1200_s800_standard_l40s5_ablation_extra_no_repeat_penalty_seed777/slurm/abl-no_repeat_penalty-s777-2759373.out
2759453	20260624_3x3_gen100_heldout_test	/data/42-julia-hpc-ai-cv-students/s471802/nn-gpt-runs/parallel_runs/20260624_3x3_gen100_heldout_test/slurm/gen3x3-dscoder_cifar10-2759453.err
2759453	20260624_3x3_gen100_heldout_test	/data/42-julia-hpc-ai-cv-students/s471802/nn-gpt-runs/parallel_runs/20260624_3x3_gen100_heldout_test/slurm/gen3x3-dscoder_cifar10-2759453.out
2759454	20260624_3x3_gen100_heldout_test	/data/42-julia-hpc-ai-cv-students/s471802/nn-gpt-runs/parallel_runs/20260624_3x3_gen100_heldout_test/slurm/gen3x3-dscoder_cifar100-2759454.err
2759454	20260624_3x3_gen100_heldout_test	/data/42-julia-hpc-ai-cv-students/s471802/nn-gpt-runs/parallel_runs/20260624_3x3_gen100_heldout_test/slurm/gen3x3-dscoder_cifar100-2759454.out
2759455	20260624_3x3_gen100_heldout_test	/data/42-julia-hpc-ai-cv-students/s471802/nn-gpt-runs/parallel_runs/20260624_3x3_gen100_heldout_test/slurm/gen3x3-dscoder_imagenette-2759455.err
2759455	20260624_3x3_gen100_heldout_test	/data/42-julia-hpc-ai-cv-students/s471802/nn-gpt-runs/parallel_runs/20260624_3x3_gen100_heldout_test/slurm/gen3x3-dscoder_imagenette-2759455.out
2759456	20260624_3x3_gen100_heldout_test	/data/42-julia-hpc-ai-cv-students/s471802/nn-gpt-runs/parallel_runs/20260624_3x3_gen100_heldout_test/slurm/gen3x3-qwen_cifar10-2759456.err
2759456	20260624_3x3_gen100_heldout_test	/data/42-julia-hpc-ai-cv-students/s471802/nn-gpt-runs/parallel_runs/20260624_3x3_gen100_heldout_test/slurm/gen3x3-qwen_cifar10-2759456.out
2759457	20260624_3x3_gen100_heldout_test	/data/42-julia-hpc-ai-cv-students/s471802/nn-gpt-runs/parallel_runs/20260624_3x3_gen100_heldout_test/slurm/gen3x3-qwen_cifar100-2759457.err
2759457	20260624_3x3_gen100_heldout_test	/data/42-julia-hpc-ai-cv-students/s471802/nn-gpt-runs/parallel_runs/20260624_3x3_gen100_heldout_test/slurm/gen3x3-qwen_cifar100-2759457.out
2759458	20260624_3x3_gen100_heldout_test	/data/42-julia-hpc-ai-cv-students/s471802/nn-gpt-runs/parallel_runs/20260624_3x3_gen100_heldout_test/slurm/gen3x3-qwen_imagenette-2759458.err
2759458	20260624_3x3_gen100_heldout_test	/data/42-julia-hpc-ai-cv-students/s471802/nn-gpt-runs/parallel_runs/20260624_3x3_gen100_heldout_test/slurm/gen3x3-qwen_imagenette-2759458.out
2759459	20260624_3x3_gen100_heldout_test	/data/42-julia-hpc-ai-cv-students/s471802/nn-gpt-runs/parallel_runs/20260624_3x3_gen100_heldout_test/slurm/gen3x3-olympic_cifar10-2759459.err
2759459	20260624_3x3_gen100_heldout_test	/data/42-julia-hpc-ai-cv-students/s471802/nn-gpt-runs/parallel_runs/20260624_3x3_gen100_heldout_test/slurm/gen3x3-olympic_cifar10-2759459.out
2759460	20260624_3x3_gen100_heldout_test	/data/42-julia-hpc-ai-cv-students/s471802/nn-gpt-runs/parallel_runs/20260624_3x3_gen100_heldout_test/slurm/gen3x3-olympic_cifar100-2759460.err
2759460	20260624_3x3_gen100_heldout_test	/data/42-julia-hpc-ai-cv-students/s471802/nn-gpt-runs/parallel_runs/20260624_3x3_gen100_heldout_test/slurm/gen3x3-olympic_cifar100-2759460.out
2759461	20260624_3x3_gen100_heldout_test	/data/42-julia-hpc-ai-cv-students/s471802/nn-gpt-runs/parallel_runs/20260624_3x3_gen100_heldout_test/slurm/gen3x3-olympic_imagenette-2759461.err
2759461	20260624_3x3_gen100_heldout_test	/data/42-julia-hpc-ai-cv-students/s471802/nn-gpt-runs/parallel_runs/20260624_3x3_gen100_heldout_test/slurm/gen3x3-olympic_imagenette-2759461.out
2759471	20260624_3x3_gen100_heldout_test	/data/42-julia-hpc-ai-cv-students/s471802/nn-gpt-runs/parallel_runs/20260624_3x3_gen100_heldout_test/slurm/gen3x3-dscoder_cifar10-2759471.err
2759471	20260624_3x3_gen100_heldout_test	/data/42-julia-hpc-ai-cv-students/s471802/nn-gpt-runs/parallel_runs/20260624_3x3_gen100_heldout_test/slurm/gen3x3-dscoder_cifar10-2759471.out
2759472	20260624_3x3_gen100_heldout_test	/data/42-julia-hpc-ai-cv-students/s471802/nn-gpt-runs/parallel_runs/20260624_3x3_gen100_heldout_test/slurm/gen3x3-dscoder_cifar100-2759472.err
2759472	20260624_3x3_gen100_heldout_test	/data/42-julia-hpc-ai-cv-students/s471802/nn-gpt-runs/parallel_runs/20260624_3x3_gen100_heldout_test/slurm/gen3x3-dscoder_cifar100-2759472.out
2759473	20260624_3x3_gen100_heldout_test	/data/42-julia-hpc-ai-cv-students/s471802/nn-gpt-runs/parallel_runs/20260624_3x3_gen100_heldout_test/slurm/gen3x3-dscoder_imagenette-2759473.err
2759473	20260624_3x3_gen100_heldout_test	/data/42-julia-hpc-ai-cv-students/s471802/nn-gpt-runs/parallel_runs/20260624_3x3_gen100_heldout_test/slurm/gen3x3-dscoder_imagenette-2759473.out
2759474	20260624_3x3_gen100_heldout_test	/data/42-julia-hpc-ai-cv-students/s471802/nn-gpt-runs/parallel_runs/20260624_3x3_gen100_heldout_test/slurm/gen3x3-qwen_cifar10-2759474.err
2759474	20260624_3x3_gen100_heldout_test	/data/42-julia-hpc-ai-cv-students/s471802/nn-gpt-runs/parallel_runs/20260624_3x3_gen100_heldout_test/slurm/gen3x3-qwen_cifar10-2759474.out
2759475	20260624_3x3_gen100_heldout_test	/data/42-julia-hpc-ai-cv-students/s471802/nn-gpt-runs/parallel_runs/20260624_3x3_gen100_heldout_test/slurm/gen3x3-qwen_cifar100-2759475.err
2759475	20260624_3x3_gen100_heldout_test	/data/42-julia-hpc-ai-cv-students/s471802/nn-gpt-runs/parallel_runs/20260624_3x3_gen100_heldout_test/slurm/gen3x3-qwen_cifar100-2759475.out
2759476	20260624_3x3_gen100_heldout_test	/data/42-julia-hpc-ai-cv-students/s471802/nn-gpt-runs/parallel_runs/20260624_3x3_gen100_heldout_test/slurm/gen3x3-qwen_imagenette-2759476.err
2759476	20260624_3x3_gen100_heldout_test	/data/42-julia-hpc-ai-cv-students/s471802/nn-gpt-runs/parallel_runs/20260624_3x3_gen100_heldout_test/slurm/gen3x3-qwen_imagenette-2759476.out
2759477	20260624_3x3_gen100_heldout_test	/data/42-julia-hpc-ai-cv-students/s471802/nn-gpt-runs/parallel_runs/20260624_3x3_gen100_heldout_test/slurm/gen3x3-olympic_cifar10-2759477.err
2759477	20260624_3x3_gen100_heldout_test	/data/42-julia-hpc-ai-cv-students/s471802/nn-gpt-runs/parallel_runs/20260624_3x3_gen100_heldout_test/slurm/gen3x3-olympic_cifar10-2759477.out
2759478	20260624_3x3_gen100_heldout_test	/data/42-julia-hpc-ai-cv-students/s471802/nn-gpt-runs/parallel_runs/20260624_3x3_gen100_heldout_test/slurm/gen3x3-olympic_cifar100-2759478.err
2759478	20260624_3x3_gen100_heldout_test	/data/42-julia-hpc-ai-cv-students/s471802/nn-gpt-runs/parallel_runs/20260624_3x3_gen100_heldout_test/slurm/gen3x3-olympic_cifar100-2759478.out
2759479	20260624_3x3_gen100_heldout_test	/data/42-julia-hpc-ai-cv-students/s471802/nn-gpt-runs/parallel_runs/20260624_3x3_gen100_heldout_test/slurm/gen3x3-olympic_imagenette-2759479.err
2759479	20260624_3x3_gen100_heldout_test	/data/42-julia-hpc-ai-cv-students/s471802/nn-gpt-runs/parallel_runs/20260624_3x3_gen100_heldout_test/slurm/gen3x3-olympic_imagenette-2759479.out
2759487	20260624_3x3_gen100_heldout_test	/data/42-julia-hpc-ai-cv-students/s471802/nn-gpt-runs/parallel_runs/20260624_3x3_gen100_heldout_test/slurm/gen3x3-dscoder_cifar10-2759487.err
2759487	20260624_3x3_gen100_heldout_test	/data/42-julia-hpc-ai-cv-students/s471802/nn-gpt-runs/parallel_runs/20260624_3x3_gen100_heldout_test/slurm/gen3x3-dscoder_cifar10-2759487.out
2759488	20260624_3x3_gen100_heldout_test	/data/42-julia-hpc-ai-cv-students/s471802/nn-gpt-runs/parallel_runs/20260624_3x3_gen100_heldout_test/slurm/gen3x3-dscoder_cifar100-2759488.err
2759488	20260624_3x3_gen100_heldout_test	/data/42-julia-hpc-ai-cv-students/s471802/nn-gpt-runs/parallel_runs/20260624_3x3_gen100_heldout_test/slurm/gen3x3-dscoder_cifar100-2759488.out
2759489	20260624_3x3_gen100_heldout_test	/data/42-julia-hpc-ai-cv-students/s471802/nn-gpt-runs/parallel_runs/20260624_3x3_gen100_heldout_test/slurm/gen3x3-dscoder_imagenette-2759489.err
2759489	20260624_3x3_gen100_heldout_test	/data/42-julia-hpc-ai-cv-students/s471802/nn-gpt-runs/parallel_runs/20260624_3x3_gen100_heldout_test/slurm/gen3x3-dscoder_imagenette-2759489.out
2759490	20260624_3x3_gen100_heldout_test	/data/42-julia-hpc-ai-cv-students/s471802/nn-gpt-runs/parallel_runs/20260624_3x3_gen100_heldout_test/slurm/gen3x3-qwen_cifar10-2759490.err
2759490	20260624_3x3_gen100_heldout_test	/data/42-julia-hpc-ai-cv-students/s471802/nn-gpt-runs/parallel_runs/20260624_3x3_gen100_heldout_test/slurm/gen3x3-qwen_cifar10-2759490.out
2759491	20260624_3x3_gen100_heldout_test	/data/42-julia-hpc-ai-cv-students/s471802/nn-gpt-runs/parallel_runs/20260624_3x3_gen100_heldout_test/slurm/gen3x3-qwen_cifar100-2759491.err
2759491	20260624_3x3_gen100_heldout_test	/data/42-julia-hpc-ai-cv-students/s471802/nn-gpt-runs/parallel_runs/20260624_3x3_gen100_heldout_test/slurm/gen3x3-qwen_cifar100-2759491.out
2759492	20260624_3x3_gen100_heldout_test	/data/42-julia-hpc-ai-cv-students/s471802/nn-gpt-runs/parallel_runs/20260624_3x3_gen100_heldout_test/slurm/gen3x3-qwen_imagenette-2759492.err
2759492	20260624_3x3_gen100_heldout_test	/data/42-julia-hpc-ai-cv-students/s471802/nn-gpt-runs/parallel_runs/20260624_3x3_gen100_heldout_test/slurm/gen3x3-qwen_imagenette-2759492.out
2759493	20260624_3x3_gen100_heldout_test	/data/42-julia-hpc-ai-cv-students/s471802/nn-gpt-runs/parallel_runs/20260624_3x3_gen100_heldout_test/slurm/gen3x3-olympic_cifar10-2759493.err
2759493	20260624_3x3_gen100_heldout_test	/data/42-julia-hpc-ai-cv-students/s471802/nn-gpt-runs/parallel_runs/20260624_3x3_gen100_heldout_test/slurm/gen3x3-olympic_cifar10-2759493.out
2759494	20260624_3x3_gen100_heldout_test	/data/42-julia-hpc-ai-cv-students/s471802/nn-gpt-runs/parallel_runs/20260624_3x3_gen100_heldout_test/slurm/gen3x3-olympic_cifar100-2759494.err
2759494	20260624_3x3_gen100_heldout_test	/data/42-julia-hpc-ai-cv-students/s471802/nn-gpt-runs/parallel_runs/20260624_3x3_gen100_heldout_test/slurm/gen3x3-olympic_cifar100-2759494.out
2759495	20260624_3x3_gen100_heldout_test	/data/42-julia-hpc-ai-cv-students/s471802/nn-gpt-runs/parallel_runs/20260624_3x3_gen100_heldout_test/slurm/gen3x3-olympic_imagenette-2759495.err
2759495	20260624_3x3_gen100_heldout_test	/data/42-julia-hpc-ai-cv-students/s471802/nn-gpt-runs/parallel_runs/20260624_3x3_gen100_heldout_test/slurm/gen3x3-olympic_imagenette-2759495.out
2759921	20260624_3x3_gen100_heldout_test	/data/42-julia-hpc-ai-cv-students/s471802/nn-gpt-runs/parallel_runs/20260624_3x3_gen100_heldout_test/slurm/e3x3-dual-c10-u000_014-2759921.err
2759921	20260624_3x3_gen100_heldout_test	/data/42-julia-hpc-ai-cv-students/s471802/nn-gpt-runs/parallel_runs/20260624_3x3_gen100_heldout_test/slurm/e3x3-dual-c10-u000_014-2759921.out
2759922	20260624_3x3_gen100_heldout_test	/data/42-julia-hpc-ai-cv-students/s471802/nn-gpt-runs/parallel_runs/20260624_3x3_gen100_heldout_test/slurm/e3x3-dual-c100-u000_014-2759922.err
2759922	20260624_3x3_gen100_heldout_test	/data/42-julia-hpc-ai-cv-students/s471802/nn-gpt-runs/parallel_runs/20260624_3x3_gen100_heldout_test/slurm/e3x3-dual-c100-u000_014-2759922.out
2759923	20260624_3x3_gen100_heldout_test	/data/42-julia-hpc-ai-cv-students/s471802/nn-gpt-runs/parallel_runs/20260624_3x3_gen100_heldout_test/slurm/e3x3-dual-img-u000_014-2759923.err
2759923	20260624_3x3_gen100_heldout_test	/data/42-julia-hpc-ai-cv-students/s471802/nn-gpt-runs/parallel_runs/20260624_3x3_gen100_heldout_test/slurm/e3x3-dual-img-u000_014-2759923.out
2759924	20260624_3x3_gen100_heldout_test	/data/42-julia-hpc-ai-cv-students/s471802/nn-gpt-runs/parallel_runs/20260624_3x3_gen100_heldout_test/slurm/e3x3-dual-c10-u015_029-2759924.err
2759924	20260624_3x3_gen100_heldout_test	/data/42-julia-hpc-ai-cv-students/s471802/nn-gpt-runs/parallel_runs/20260624_3x3_gen100_heldout_test/slurm/e3x3-dual-c10-u015_029-2759924.out
2759925	20260624_3x3_gen100_heldout_test	/data/42-julia-hpc-ai-cv-students/s471802/nn-gpt-runs/parallel_runs/20260624_3x3_gen100_heldout_test/slurm/e3x3-dual-c100-u015_029-2759925.err
2759925	20260624_3x3_gen100_heldout_test	/data/42-julia-hpc-ai-cv-students/s471802/nn-gpt-runs/parallel_runs/20260624_3x3_gen100_heldout_test/slurm/e3x3-dual-c100-u015_029-2759925.out
2759936	20260624_3x3_gen100_heldout_test	/data/42-julia-hpc-ai-cv-students/s471802/nn-gpt-runs/parallel_runs/20260624_3x3_gen100_heldout_test/slurm/e3x3-single-c10-u075_077-2759936.err
2759936	20260624_3x3_gen100_heldout_test	/data/42-julia-hpc-ai-cv-students/s471802/nn-gpt-runs/parallel_runs/20260624_3x3_gen100_heldout_test/slurm/e3x3-single-c10-u075_077-2759936.out
2759937	20260624_3x3_gen100_heldout_test	/data/42-julia-hpc-ai-cv-students/s471802/nn-gpt-runs/parallel_runs/20260624_3x3_gen100_heldout_test/slurm/e3x3-single-c100-u075_077-2759937.err
2759937	20260624_3x3_gen100_heldout_test	/data/42-julia-hpc-ai-cv-students/s471802/nn-gpt-runs/parallel_runs/20260624_3x3_gen100_heldout_test/slurm/e3x3-single-c100-u075_077-2759937.out
2759938	20260624_3x3_gen100_heldout_test	/data/42-julia-hpc-ai-cv-students/s471802/nn-gpt-runs/parallel_runs/20260624_3x3_gen100_heldout_test/slurm/e3x3-single-img-u075_077-2759938.err
2759938	20260624_3x3_gen100_heldout_test	/data/42-julia-hpc-ai-cv-students/s471802/nn-gpt-runs/parallel_runs/20260624_3x3_gen100_heldout_test/slurm/e3x3-single-img-u075_077-2759938.out
2759939	20260624_3x3_gen100_heldout_test	/data/42-julia-hpc-ai-cv-students/s471802/nn-gpt-runs/parallel_runs/20260624_3x3_gen100_heldout_test/slurm/e3x3-single-c10-u078_080-2759939.err
2759939	20260624_3x3_gen100_heldout_test	/data/42-julia-hpc-ai-cv-students/s471802/nn-gpt-runs/parallel_runs/20260624_3x3_gen100_heldout_test/slurm/e3x3-single-c10-u078_080-2759939.out
2759940	20260624_3x3_gen100_heldout_test	/data/42-julia-hpc-ai-cv-students/s471802/nn-gpt-runs/parallel_runs/20260624_3x3_gen100_heldout_test/slurm/e3x3-single-c100-u078_080-2759940.err
2759940	20260624_3x3_gen100_heldout_test	/data/42-julia-hpc-ai-cv-students/s471802/nn-gpt-runs/parallel_runs/20260624_3x3_gen100_heldout_test/slurm/e3x3-single-c100-u078_080-2759940.out
2759963	20260624_3x3_gen100_heldout_test	/data/42-julia-hpc-ai-cv-students/s471802/nn-gpt-runs/parallel_runs/20260624_3x3_gen100_heldout_test/slurm/e3x3-single-c10-u075_077-2759963.err
2759963	20260624_3x3_gen100_heldout_test	/data/42-julia-hpc-ai-cv-students/s471802/nn-gpt-runs/parallel_runs/20260624_3x3_gen100_heldout_test/slurm/e3x3-single-c10-u075_077-2759963.out
2759964	20260624_3x3_gen100_heldout_test	/data/42-julia-hpc-ai-cv-students/s471802/nn-gpt-runs/parallel_runs/20260624_3x3_gen100_heldout_test/slurm/e3x3-single-c100-u075_077-2759964.err
2759964	20260624_3x3_gen100_heldout_test	/data/42-julia-hpc-ai-cv-students/s471802/nn-gpt-runs/parallel_runs/20260624_3x3_gen100_heldout_test/slurm/e3x3-single-c100-u075_077-2759964.out
2759965	20260624_3x3_gen100_heldout_test	/data/42-julia-hpc-ai-cv-students/s471802/nn-gpt-runs/parallel_runs/20260624_3x3_gen100_heldout_test/slurm/e3x3-single-img-u075_077-2759965.err
2759965	20260624_3x3_gen100_heldout_test	/data/42-julia-hpc-ai-cv-students/s471802/nn-gpt-runs/parallel_runs/20260624_3x3_gen100_heldout_test/slurm/e3x3-single-img-u075_077-2759965.out
2759966	20260624_3x3_gen100_heldout_test	/data/42-julia-hpc-ai-cv-students/s471802/nn-gpt-runs/parallel_runs/20260624_3x3_gen100_heldout_test/slurm/e3x3-single-c10-u078_080-2759966.err
2759966	20260624_3x3_gen100_heldout_test	/data/42-julia-hpc-ai-cv-students/s471802/nn-gpt-runs/parallel_runs/20260624_3x3_gen100_heldout_test/slurm/e3x3-single-c10-u078_080-2759966.out
2759967	20260624_3x3_gen100_heldout_test	/data/42-julia-hpc-ai-cv-students/s471802/nn-gpt-runs/parallel_runs/20260624_3x3_gen100_heldout_test/slurm/e3x3-single-c100-u078_080-2759967.err
2759967	20260624_3x3_gen100_heldout_test	/data/42-julia-hpc-ai-cv-students/s471802/nn-gpt-runs/parallel_runs/20260624_3x3_gen100_heldout_test/slurm/e3x3-single-c100-u078_080-2759967.out
2759968	20260624_3x3_gen100_heldout_test	/data/42-julia-hpc-ai-cv-students/s471802/nn-gpt-runs/parallel_runs/20260624_3x3_gen100_heldout_test/slurm/e3x3-single-img-u078_080-2759968.err
2759968	20260624_3x3_gen100_heldout_test	/data/42-julia-hpc-ai-cv-students/s471802/nn-gpt-runs/parallel_runs/20260624_3x3_gen100_heldout_test/slurm/e3x3-single-img-u078_080-2759968.out
2759969	20260624_3x3_gen100_heldout_test	/data/42-julia-hpc-ai-cv-students/s471802/nn-gpt-runs/parallel_runs/20260624_3x3_gen100_heldout_test/slurm/e3x3-single-c10-u081_083-2759969.err
2759969	20260624_3x3_gen100_heldout_test	/data/42-julia-hpc-ai-cv-students/s471802/nn-gpt-runs/parallel_runs/20260624_3x3_gen100_heldout_test/slurm/e3x3-single-c10-u081_083-2759969.out
2759970	20260624_3x3_gen100_heldout_test	/data/42-julia-hpc-ai-cv-students/s471802/nn-gpt-runs/parallel_runs/20260624_3x3_gen100_heldout_test/slurm/e3x3-single-c100-u081_083-2759970.err
2759970	20260624_3x3_gen100_heldout_test	/data/42-julia-hpc-ai-cv-students/s471802/nn-gpt-runs/parallel_runs/20260624_3x3_gen100_heldout_test/slurm/e3x3-single-c100-u081_083-2759970.out
2759971	20260624_3x3_gen100_heldout_test	/data/42-julia-hpc-ai-cv-students/s471802/nn-gpt-runs/parallel_runs/20260624_3x3_gen100_heldout_test/slurm/e3x3-single-img-u081_083-2759971.err
2759971	20260624_3x3_gen100_heldout_test	/data/42-julia-hpc-ai-cv-students/s471802/nn-gpt-runs/parallel_runs/20260624_3x3_gen100_heldout_test/slurm/e3x3-single-img-u081_083-2759971.out
2759972	20260624_3x3_gen100_heldout_test	/data/42-julia-hpc-ai-cv-students/s471802/nn-gpt-runs/parallel_runs/20260624_3x3_gen100_heldout_test/slurm/e3x3-single-c10-u084_086-2759972.err
2759972	20260624_3x3_gen100_heldout_test	/data/42-julia-hpc-ai-cv-students/s471802/nn-gpt-runs/parallel_runs/20260624_3x3_gen100_heldout_test/slurm/e3x3-single-c10-u084_086-2759972.out
2759973	20260624_3x3_gen100_heldout_test	/data/42-julia-hpc-ai-cv-students/s471802/nn-gpt-runs/parallel_runs/20260624_3x3_gen100_heldout_test/slurm/e3x3-single-c100-u084_086-2759973.err
2759973	20260624_3x3_gen100_heldout_test	/data/42-julia-hpc-ai-cv-students/s471802/nn-gpt-runs/parallel_runs/20260624_3x3_gen100_heldout_test/slurm/e3x3-single-c100-u084_086-2759973.out
2759974	20260624_3x3_gen100_heldout_test	/data/42-julia-hpc-ai-cv-students/s471802/nn-gpt-runs/parallel_runs/20260624_3x3_gen100_heldout_test/slurm/e3x3-single-img-u084_086-2759974.err
2759974	20260624_3x3_gen100_heldout_test	/data/42-julia-hpc-ai-cv-students/s471802/nn-gpt-runs/parallel_runs/20260624_3x3_gen100_heldout_test/slurm/e3x3-single-img-u084_086-2759974.out
2759975	20260624_3x3_gen100_heldout_test	/data/42-julia-hpc-ai-cv-students/s471802/nn-gpt-runs/parallel_runs/20260624_3x3_gen100_heldout_test/slurm/e3x3-single-c10-u087_089-2759975.err
2759975	20260624_3x3_gen100_heldout_test	/data/42-julia-hpc-ai-cv-students/s471802/nn-gpt-runs/parallel_runs/20260624_3x3_gen100_heldout_test/slurm/e3x3-single-c10-u087_089-2759975.out
2759976	20260624_3x3_gen100_heldout_test	/data/42-julia-hpc-ai-cv-students/s471802/nn-gpt-runs/parallel_runs/20260624_3x3_gen100_heldout_test/slurm/e3x3-single-c100-u087_089-2759976.err
2759976	20260624_3x3_gen100_heldout_test	/data/42-julia-hpc-ai-cv-students/s471802/nn-gpt-runs/parallel_runs/20260624_3x3_gen100_heldout_test/slurm/e3x3-single-c100-u087_089-2759976.out
2759977	20260624_3x3_gen100_heldout_test	/data/42-julia-hpc-ai-cv-students/s471802/nn-gpt-runs/parallel_runs/20260624_3x3_gen100_heldout_test/slurm/e3x3-single-img-u087_089-2759977.err
2759977	20260624_3x3_gen100_heldout_test	/data/42-julia-hpc-ai-cv-students/s471802/nn-gpt-runs/parallel_runs/20260624_3x3_gen100_heldout_test/slurm/e3x3-single-img-u087_089-2759977.out
2759984	20260624_3x3_gen100_heldout_test	/data/42-julia-hpc-ai-cv-students/s471802/nn-gpt-runs/parallel_runs/20260624_3x3_gen100_heldout_test/slurm/e3x3-single-c10-u060_062-2759984.err
2759984	20260624_3x3_gen100_heldout_test	/data/42-julia-hpc-ai-cv-students/s471802/nn-gpt-runs/parallel_runs/20260624_3x3_gen100_heldout_test/slurm/e3x3-single-c10-u060_062-2759984.out
2759985	20260624_3x3_gen100_heldout_test	/data/42-julia-hpc-ai-cv-students/s471802/nn-gpt-runs/parallel_runs/20260624_3x3_gen100_heldout_test/slurm/e3x3-single-c100-u060_062-2759985.err
2759985	20260624_3x3_gen100_heldout_test	/data/42-julia-hpc-ai-cv-students/s471802/nn-gpt-runs/parallel_runs/20260624_3x3_gen100_heldout_test/slurm/e3x3-single-c100-u060_062-2759985.out
2759986	20260624_3x3_gen100_heldout_test	/data/42-julia-hpc-ai-cv-students/s471802/nn-gpt-runs/parallel_runs/20260624_3x3_gen100_heldout_test/slurm/e3x3-single-img-u060_062-2759986.err
2759986	20260624_3x3_gen100_heldout_test	/data/42-julia-hpc-ai-cv-students/s471802/nn-gpt-runs/parallel_runs/20260624_3x3_gen100_heldout_test/slurm/e3x3-single-img-u060_062-2759986.out
2759987	20260624_3x3_gen100_heldout_test	/data/42-julia-hpc-ai-cv-students/s471802/nn-gpt-runs/parallel_runs/20260624_3x3_gen100_heldout_test/slurm/e3x3-single-c10-u063_065-2759987.err
2759987	20260624_3x3_gen100_heldout_test	/data/42-julia-hpc-ai-cv-students/s471802/nn-gpt-runs/parallel_runs/20260624_3x3_gen100_heldout_test/slurm/e3x3-single-c10-u063_065-2759987.out
2759988	20260624_3x3_gen100_heldout_test	/data/42-julia-hpc-ai-cv-students/s471802/nn-gpt-runs/parallel_runs/20260624_3x3_gen100_heldout_test/slurm/e3x3-single-c100-u063_065-2759988.err
2759988	20260624_3x3_gen100_heldout_test	/data/42-julia-hpc-ai-cv-students/s471802/nn-gpt-runs/parallel_runs/20260624_3x3_gen100_heldout_test/slurm/e3x3-single-c100-u063_065-2759988.out
2760055	20260624_3x3_gen100_heldout_test	/data/42-julia-hpc-ai-cv-students/s471802/nn-gpt-runs/parallel_runs/20260624_3x3_gen100_heldout_test/slurm/e3x3-single-c100-u045_047-2760055.err
2760055	20260624_3x3_gen100_heldout_test	/data/42-julia-hpc-ai-cv-students/s471802/nn-gpt-runs/parallel_runs/20260624_3x3_gen100_heldout_test/slurm/e3x3-single-c100-u045_047-2760055.out
2760083	20260624_3x3_gen100_heldout_test	/data/42-julia-hpc-ai-cv-students/s471802/nn-gpt-runs/parallel_runs/20260624_3x3_gen100_heldout_test/slurm/e3x3-single-c100-u048-2760083.err
2760083	20260624_3x3_gen100_heldout_test	/data/42-julia-hpc-ai-cv-students/s471802/nn-gpt-runs/parallel_runs/20260624_3x3_gen100_heldout_test/slurm/e3x3-single-c100-u048-2760083.out
2760084	20260624_3x3_gen100_heldout_test	/data/42-julia-hpc-ai-cv-students/s471802/nn-gpt-runs/parallel_runs/20260624_3x3_gen100_heldout_test/slurm/e3x3-single-c100-u049-2760084.err
2760084	20260624_3x3_gen100_heldout_test	/data/42-julia-hpc-ai-cv-students/s471802/nn-gpt-runs/parallel_runs/20260624_3x3_gen100_heldout_test/slurm/e3x3-single-c100-u049-2760084.out
2760085	20260624_3x3_gen100_heldout_test	/data/42-julia-hpc-ai-cv-students/s471802/nn-gpt-runs/parallel_runs/20260624_3x3_gen100_heldout_test/slurm/e3x3-single-c100-u050-2760085.err
2760085	20260624_3x3_gen100_heldout_test	/data/42-julia-hpc-ai-cv-students/s471802/nn-gpt-runs/parallel_runs/20260624_3x3_gen100_heldout_test/slurm/e3x3-single-c100-u050-2760085.out
2760086	20260624_3x3_gen100_heldout_test	/data/42-julia-hpc-ai-cv-students/s471802/nn-gpt-runs/parallel_runs/20260624_3x3_gen100_heldout_test/slurm/e3x3-single-c100-u051-2760086.err
2760086	20260624_3x3_gen100_heldout_test	/data/42-julia-hpc-ai-cv-students/s471802/nn-gpt-runs/parallel_runs/20260624_3x3_gen100_heldout_test/slurm/e3x3-single-c100-u051-2760086.out
2760087	20260624_3x3_gen100_heldout_test	/data/42-julia-hpc-ai-cv-students/s471802/nn-gpt-runs/parallel_runs/20260624_3x3_gen100_heldout_test/slurm/e3x3-single-c100-u052-2760087.err
2760087	20260624_3x3_gen100_heldout_test	/data/42-julia-hpc-ai-cv-students/s471802/nn-gpt-runs/parallel_runs/20260624_3x3_gen100_heldout_test/slurm/e3x3-single-c100-u052-2760087.out
2760088	20260624_3x3_gen100_heldout_test	/data/42-julia-hpc-ai-cv-students/s471802/nn-gpt-runs/parallel_runs/20260624_3x3_gen100_heldout_test/slurm/e3x3-single-c100-u053-2760088.err
2760088	20260624_3x3_gen100_heldout_test	/data/42-julia-hpc-ai-cv-students/s471802/nn-gpt-runs/parallel_runs/20260624_3x3_gen100_heldout_test/slurm/e3x3-single-c100-u053-2760088.out
2760089	20260624_3x3_gen100_heldout_test	/data/42-julia-hpc-ai-cv-students/s471802/nn-gpt-runs/parallel_runs/20260624_3x3_gen100_heldout_test/slurm/e3x3-single-c100-u054-2760089.err
2760089	20260624_3x3_gen100_heldout_test	/data/42-julia-hpc-ai-cv-students/s471802/nn-gpt-runs/parallel_runs/20260624_3x3_gen100_heldout_test/slurm/e3x3-single-c100-u054-2760089.out
2760090	20260624_3x3_gen100_heldout_test	/data/42-julia-hpc-ai-cv-students/s471802/nn-gpt-runs/parallel_runs/20260624_3x3_gen100_heldout_test/slurm/e3x3-single-c100-u055-2760090.err
2760090	20260624_3x3_gen100_heldout_test	/data/42-julia-hpc-ai-cv-students/s471802/nn-gpt-runs/parallel_runs/20260624_3x3_gen100_heldout_test/slurm/e3x3-single-c100-u055-2760090.out
2760091	20260624_3x3_gen100_heldout_test	/data/42-julia-hpc-ai-cv-students/s471802/nn-gpt-runs/parallel_runs/20260624_3x3_gen100_heldout_test/slurm/e3x3-single-c100-u056-2760091.err
2760091	20260624_3x3_gen100_heldout_test	/data/42-julia-hpc-ai-cv-students/s471802/nn-gpt-runs/parallel_runs/20260624_3x3_gen100_heldout_test/slurm/e3x3-single-c100-u056-2760091.out
2760092	20260624_3x3_gen100_heldout_test	/data/42-julia-hpc-ai-cv-students/s471802/nn-gpt-runs/parallel_runs/20260624_3x3_gen100_heldout_test/slurm/e3x3-single-c100-u057-2760092.err
2760092	20260624_3x3_gen100_heldout_test	/data/42-julia-hpc-ai-cv-students/s471802/nn-gpt-runs/parallel_runs/20260624_3x3_gen100_heldout_test/slurm/e3x3-single-c100-u057-2760092.out
2760093	20260624_3x3_gen100_heldout_test	/data/42-julia-hpc-ai-cv-students/s471802/nn-gpt-runs/parallel_runs/20260624_3x3_gen100_heldout_test/slurm/e3x3-single-c100-u058-2760093.err
2760093	20260624_3x3_gen100_heldout_test	/data/42-julia-hpc-ai-cv-students/s471802/nn-gpt-runs/parallel_runs/20260624_3x3_gen100_heldout_test/slurm/e3x3-single-c100-u058-2760093.out
2760094	20260624_3x3_gen100_heldout_test	/data/42-julia-hpc-ai-cv-students/s471802/nn-gpt-runs/parallel_runs/20260624_3x3_gen100_heldout_test/slurm/e3x3-single-c100-u059-2760094.err
2760094	20260624_3x3_gen100_heldout_test	/data/42-julia-hpc-ai-cv-students/s471802/nn-gpt-runs/parallel_runs/20260624_3x3_gen100_heldout_test/slurm/e3x3-single-c100-u059-2760094.out
2760798	20260624_3x3_gen100_heldout_test	/data/42-julia-hpc-ai-cv-students/s471802/nn-gpt-runs/parallel_runs/20260624_3x3_gen100_heldout_test/slurm/e3x3-single-c100-u030_032-2760798.err
2760798	20260624_3x3_gen100_heldout_test	/data/42-julia-hpc-ai-cv-students/s471802/nn-gpt-runs/parallel_runs/20260624_3x3_gen100_heldout_test/slurm/e3x3-single-c100-u030_032-2760798.out
2760799	20260624_3x3_gen100_heldout_test	/data/42-julia-hpc-ai-cv-students/s471802/nn-gpt-runs/parallel_runs/20260624_3x3_gen100_heldout_test/slurm/e3x3-single-c100-u033_035-2760799.err
2760799	20260624_3x3_gen100_heldout_test	/data/42-julia-hpc-ai-cv-students/s471802/nn-gpt-runs/parallel_runs/20260624_3x3_gen100_heldout_test/slurm/e3x3-single-c100-u033_035-2760799.out
2760800	20260624_3x3_gen100_heldout_test	/data/42-julia-hpc-ai-cv-students/s471802/nn-gpt-runs/parallel_runs/20260624_3x3_gen100_heldout_test/slurm/e3x3-single-c100-u036_038-2760800.err
2760800	20260624_3x3_gen100_heldout_test	/data/42-julia-hpc-ai-cv-students/s471802/nn-gpt-runs/parallel_runs/20260624_3x3_gen100_heldout_test/slurm/e3x3-single-c100-u036_038-2760800.out
2760801	20260624_3x3_gen100_heldout_test	/data/42-julia-hpc-ai-cv-students/s471802/nn-gpt-runs/parallel_runs/20260624_3x3_gen100_heldout_test/slurm/e3x3-single-c100-u039_041-2760801.err
2760801	20260624_3x3_gen100_heldout_test	/data/42-julia-hpc-ai-cv-students/s471802/nn-gpt-runs/parallel_runs/20260624_3x3_gen100_heldout_test/slurm/e3x3-single-c100-u039_041-2760801.out
2760802	20260624_3x3_gen100_heldout_test	/data/42-julia-hpc-ai-cv-students/s471802/nn-gpt-runs/parallel_runs/20260624_3x3_gen100_heldout_test/slurm/e3x3-single-c100-u042_044-2760802.err
2760802	20260624_3x3_gen100_heldout_test	/data/42-julia-hpc-ai-cv-students/s471802/nn-gpt-runs/parallel_runs/20260624_3x3_gen100_heldout_test/slurm/e3x3-single-c100-u042_044-2760802.out
2760828	20260624_3x3_gen100_heldout_test	/data/42-julia-hpc-ai-cv-students/s471802/nn-gpt-runs/parallel_runs/20260624_3x3_gen100_heldout_test/slurm/e3x3-7gpu-c10_u030_059-2760828.err
2760828	20260624_3x3_gen100_heldout_test	/data/42-julia-hpc-ai-cv-students/s471802/nn-gpt-runs/parallel_runs/20260624_3x3_gen100_heldout_test/slurm/e3x3-7gpu-c10_u030_059-2760828.out
2760893	20260624_1700_4pattern_a18_cifar10_e5_p3500_c1200_s800_long_l40s5_ablation_extra_no_repeat_penalty_seed777	/data/42-julia-hpc-ai-cv-students/s471802/nn-gpt-runs/parallel_runs/20260624_1700_4pattern_a18_cifar10_e5_p3500_c1200_s800_long_l40s5_ablation_extra_no_repeat_penalty_seed777/slurm/abl-no_repeat_penalty-s777-2760893.err
2760893	20260624_1700_4pattern_a18_cifar10_e5_p3500_c1200_s800_long_l40s5_ablation_extra_no_repeat_penalty_seed777	/data/42-julia-hpc-ai-cv-students/s471802/nn-gpt-runs/parallel_runs/20260624_1700_4pattern_a18_cifar10_e5_p3500_c1200_s800_long_l40s5_ablation_extra_no_repeat_penalty_seed777/slurm/abl-no_repeat_penalty-s777-2760893.out
2760894	20260624_1700_4pattern_a18_cifar10_e5_p3500_c1200_s800_h100x5_ablation_extra_no_diversity_bonus_seed777	/data/42-julia-hpc-ai-cv-students/s471802/nn-gpt-runs/parallel_runs/20260624_1700_4pattern_a18_cifar10_e5_p3500_c1200_s800_h100x5_ablation_extra_no_diversity_bonus_seed777/slurm/abl-no_diversity_bonus-s777-2760894.err
2760894	20260624_1700_4pattern_a18_cifar10_e5_p3500_c1200_s800_h100x5_ablation_extra_no_diversity_bonus_seed777	/data/42-julia-hpc-ai-cv-students/s471802/nn-gpt-runs/parallel_runs/20260624_1700_4pattern_a18_cifar10_e5_p3500_c1200_s800_h100x5_ablation_extra_no_diversity_bonus_seed777/slurm/abl-no_diversity_bonus-s777-2760894.out
2760897	20260624_3x3_gen100_heldout_test	/data/42-julia-hpc-ai-cv-students/s471802/nn-gpt-runs/parallel_runs/20260624_3x3_gen100_heldout_test/slurm/e3x3-catchup-c10_u030_039-2760897.err
2760897	20260624_3x3_gen100_heldout_test	/data/42-julia-hpc-ai-cv-students/s471802/nn-gpt-runs/parallel_runs/20260624_3x3_gen100_heldout_test/slurm/e3x3-catchup-c10_u030_039-2760897.out
2760898	20260624_3x3_gen100_heldout_test	/data/42-julia-hpc-ai-cv-students/s471802/nn-gpt-runs/parallel_runs/20260624_3x3_gen100_heldout_test/slurm/e3x3-catchup-c10_u040_049-2760898.err
2760898	20260624_3x3_gen100_heldout_test	/data/42-julia-hpc-ai-cv-students/s471802/nn-gpt-runs/parallel_runs/20260624_3x3_gen100_heldout_test/slurm/e3x3-catchup-c10_u040_049-2760898.out
2760899	20260624_3x3_gen100_heldout_test	/data/42-julia-hpc-ai-cv-students/s471802/nn-gpt-runs/parallel_runs/20260624_3x3_gen100_heldout_test/slurm/e3x3-catchup-c10_u050_059-2760899.err
2760899	20260624_3x3_gen100_heldout_test	/data/42-julia-hpc-ai-cv-students/s471802/nn-gpt-runs/parallel_runs/20260624_3x3_gen100_heldout_test/slurm/e3x3-catchup-c10_u050_059-2760899.out
2760900	20260624_3x3_gen100_heldout_test	/data/42-julia-hpc-ai-cv-students/s471802/nn-gpt-runs/parallel_runs/20260624_3x3_gen100_heldout_test/slurm/e3x3-catchup-img_u015_025-2760900.err
2760900	20260624_3x3_gen100_heldout_test	/data/42-julia-hpc-ai-cv-students/s471802/nn-gpt-runs/parallel_runs/20260624_3x3_gen100_heldout_test/slurm/e3x3-catchup-img_u015_025-2760900.out
2760901	20260624_3x3_gen100_heldout_test	/data/42-julia-hpc-ai-cv-students/s471802/nn-gpt-runs/parallel_runs/20260624_3x3_gen100_heldout_test/slurm/e3x3-catchup-img_u026_036-2760901.err
2760901	20260624_3x3_gen100_heldout_test	/data/42-julia-hpc-ai-cv-students/s471802/nn-gpt-runs/parallel_runs/20260624_3x3_gen100_heldout_test/slurm/e3x3-catchup-img_u026_036-2760901.out
2760902	20260624_3x3_gen100_heldout_test	/data/42-julia-hpc-ai-cv-students/s471802/nn-gpt-runs/parallel_runs/20260624_3x3_gen100_heldout_test/slurm/e3x3-catchup-img_u037_047-2760902.err
2760902	20260624_3x3_gen100_heldout_test	/data/42-julia-hpc-ai-cv-students/s471802/nn-gpt-runs/parallel_runs/20260624_3x3_gen100_heldout_test/slurm/e3x3-catchup-img_u037_047-2760902.out
2760903	20260624_3x3_gen100_heldout_test	/data/42-julia-hpc-ai-cv-students/s471802/nn-gpt-runs/parallel_runs/20260624_3x3_gen100_heldout_test/slurm/e3x3-catchup-img_u048_059-2760903.err
2760903	20260624_3x3_gen100_heldout_test	/data/42-julia-hpc-ai-cv-students/s471802/nn-gpt-runs/parallel_runs/20260624_3x3_gen100_heldout_test/slurm/e3x3-catchup-img_u048_059-2760903.out
2760915	20260624_3x3_gen100_heldout_test	/data/42-julia-hpc-ai-cv-students/s471802/nn-gpt-runs/parallel_runs/20260624_3x3_gen100_heldout_test/slurm/e3x3-fast-c10_u066_068-2760915.err
2760915	20260624_3x3_gen100_heldout_test	/data/42-julia-hpc-ai-cv-students/s471802/nn-gpt-runs/parallel_runs/20260624_3x3_gen100_heldout_test/slurm/e3x3-fast-c10_u066_068-2760915.out
2760916	20260624_3x3_gen100_heldout_test	/data/42-julia-hpc-ai-cv-students/s471802/nn-gpt-runs/parallel_runs/20260624_3x3_gen100_heldout_test/slurm/e3x3-fast-c10_u069_071-2760916.err
2760916	20260624_3x3_gen100_heldout_test	/data/42-julia-hpc-ai-cv-students/s471802/nn-gpt-runs/parallel_runs/20260624_3x3_gen100_heldout_test/slurm/e3x3-fast-c10_u069_071-2760916.out
2760917	20260624_3x3_gen100_heldout_test	/data/42-julia-hpc-ai-cv-students/s471802/nn-gpt-runs/parallel_runs/20260624_3x3_gen100_heldout_test/slurm/e3x3-fast-c10_u072_074-2760917.err
2760917	20260624_3x3_gen100_heldout_test	/data/42-julia-hpc-ai-cv-students/s471802/nn-gpt-runs/parallel_runs/20260624_3x3_gen100_heldout_test/slurm/e3x3-fast-c10_u072_074-2760917.out
2760918	20260624_3x3_gen100_heldout_test	/data/42-julia-hpc-ai-cv-students/s471802/nn-gpt-runs/parallel_runs/20260624_3x3_gen100_heldout_test/slurm/e3x3-fast-c100_u063_065-2760918.err
2760918	20260624_3x3_gen100_heldout_test	/data/42-julia-hpc-ai-cv-students/s471802/nn-gpt-runs/parallel_runs/20260624_3x3_gen100_heldout_test/slurm/e3x3-fast-c100_u063_065-2760918.out
2760919	20260624_3x3_gen100_heldout_test	/data/42-julia-hpc-ai-cv-students/s471802/nn-gpt-runs/parallel_runs/20260624_3x3_gen100_heldout_test/slurm/e3x3-fast-c100_u066_068-2760919.err
2760919	20260624_3x3_gen100_heldout_test	/data/42-julia-hpc-ai-cv-students/s471802/nn-gpt-runs/parallel_runs/20260624_3x3_gen100_heldout_test/slurm/e3x3-fast-c100_u066_068-2760919.out
2760920	20260624_3x3_gen100_heldout_test	/data/42-julia-hpc-ai-cv-students/s471802/nn-gpt-runs/parallel_runs/20260624_3x3_gen100_heldout_test/slurm/e3x3-fast-c100_u069_071-2760920.err
2760920	20260624_3x3_gen100_heldout_test	/data/42-julia-hpc-ai-cv-students/s471802/nn-gpt-runs/parallel_runs/20260624_3x3_gen100_heldout_test/slurm/e3x3-fast-c100_u069_071-2760920.out
2760921	20260624_3x3_gen100_heldout_test	/data/42-julia-hpc-ai-cv-students/s471802/nn-gpt-runs/parallel_runs/20260624_3x3_gen100_heldout_test/slurm/e3x3-fast-c100_u072_074-2760921.err
2760921	20260624_3x3_gen100_heldout_test	/data/42-julia-hpc-ai-cv-students/s471802/nn-gpt-runs/parallel_runs/20260624_3x3_gen100_heldout_test/slurm/e3x3-fast-c100_u072_074-2760921.out
2760922	20260624_3x3_gen100_heldout_test	/data/42-julia-hpc-ai-cv-students/s471802/nn-gpt-runs/parallel_runs/20260624_3x3_gen100_heldout_test/slurm/e3x3-fast-img_u063_074-2760922.err
2760922	20260624_3x3_gen100_heldout_test	/data/42-julia-hpc-ai-cv-students/s471802/nn-gpt-runs/parallel_runs/20260624_3x3_gen100_heldout_test/slurm/e3x3-fast-img_u063_074-2760922.out
2760923	20260624_3x3_gen100_heldout_test	/data/42-julia-hpc-ai-cv-students/s471802/nn-gpt-runs/parallel_runs/20260624_3x3_gen100_heldout_test/slurm/e3x3-merge-2760923.err
2760923	20260624_3x3_gen100_heldout_test	/data/42-julia-hpc-ai-cv-students/s471802/nn-gpt-runs/parallel_runs/20260624_3x3_gen100_heldout_test/slurm/e3x3-merge-2760923.out
2760934	20260624_1756_4pattern_a18_cifar10_e5_p3500_c1200_s800_h100x4_ablation_extra_no_diversity_bonus_seed777	/data/42-julia-hpc-ai-cv-students/s471802/nn-gpt-runs/parallel_runs/20260624_1756_4pattern_a18_cifar10_e5_p3500_c1200_s800_h100x4_ablation_extra_no_diversity_bonus_seed777/slurm/abl-no_diversity_bonus-s777-2760934.err
2760934	20260624_1756_4pattern_a18_cifar10_e5_p3500_c1200_s800_h100x4_ablation_extra_no_diversity_bonus_seed777	/data/42-julia-hpc-ai-cv-students/s471802/nn-gpt-runs/parallel_runs/20260624_1756_4pattern_a18_cifar10_e5_p3500_c1200_s800_h100x4_ablation_extra_no_diversity_bonus_seed777/slurm/abl-no_diversity_bonus-s777-2760934.out
2771080	20260625_1448_4pattern_a18_cifar10_e5_p3500_c1200_s800_h100x4_ablation_extra_no_repeat_penalty_seed777	/data/42-julia-hpc-ai-cv-students/s471802/nn-gpt-runs/parallel_runs/20260625_1448_4pattern_a18_cifar10_e5_p3500_c1200_s800_h100x4_ablation_extra_no_repeat_penalty_seed777/slurm/abl-no_repeat_penalty-s777-2771080.err
2771080	20260625_1448_4pattern_a18_cifar10_e5_p3500_c1200_s800_h100x4_ablation_extra_no_repeat_penalty_seed777	/data/42-julia-hpc-ai-cv-students/s471802/nn-gpt-runs/parallel_runs/20260625_1448_4pattern_a18_cifar10_e5_p3500_c1200_s800_h100x4_ablation_extra_no_repeat_penalty_seed777/slurm/abl-no_repeat_penalty-s777-2771080.out
2771489	20260625_1535_4pattern_a18_cifar10_e5_p3500_c1200_s800_h100x8_ablation_extra_no_repeat_penalty_seed777	/data/42-julia-hpc-ai-cv-students/s471802/nn-gpt-runs/parallel_runs/20260625_1535_4pattern_a18_cifar10_e5_p3500_c1200_s800_h100x8_ablation_extra_no_repeat_penalty_seed777/slurm/abl-no_repeat_penalty-s777-2771489.err
2771489	20260625_1535_4pattern_a18_cifar10_e5_p3500_c1200_s800_h100x8_ablation_extra_no_repeat_penalty_seed777	/data/42-julia-hpc-ai-cv-students/s471802/nn-gpt-runs/parallel_runs/20260625_1535_4pattern_a18_cifar10_e5_p3500_c1200_s800_h100x8_ablation_extra_no_repeat_penalty_seed777/slurm/abl-no_repeat_penalty-s777-2771489.out
2775189	20260626_rc_sampler_3x3_heldout_e1	/data/42-julia-hpc-ai-cv-students/s471802/nn-gpt-runs/parallel_runs/20260626_rc_sampler_3x3_heldout_e1/slurm/rc3x3-brute-gen-2775189.err
2775189	20260626_rc_sampler_3x3_heldout_e1	/data/42-julia-hpc-ai-cv-students/s471802/nn-gpt-runs/parallel_runs/20260626_rc_sampler_3x3_heldout_e1/slurm/rc3x3-brute-gen-2775189.out
2775190	20260626_rc_sampler_3x3_heldout_e1	/data/42-julia-hpc-ai-cv-students/s471802/nn-gpt-runs/parallel_runs/20260626_rc_sampler_3x3_heldout_e1/slurm/rc3x3-cifar10-2775190.err
2775190	20260626_rc_sampler_3x3_heldout_e1	/data/42-julia-hpc-ai-cv-students/s471802/nn-gpt-runs/parallel_runs/20260626_rc_sampler_3x3_heldout_e1/slurm/rc3x3-cifar10-2775190.out
2775191	20260626_rc_sampler_3x3_heldout_e1	/data/42-julia-hpc-ai-cv-students/s471802/nn-gpt-runs/parallel_runs/20260626_rc_sampler_3x3_heldout_e1/slurm/rc3x3-cifar100-2775191.err
2775191	20260626_rc_sampler_3x3_heldout_e1	/data/42-julia-hpc-ai-cv-students/s471802/nn-gpt-runs/parallel_runs/20260626_rc_sampler_3x3_heldout_e1/slurm/rc3x3-cifar100-2775191.out
2775202	20260626_rc_sampler_3x3_heldout_e1	/data/42-julia-hpc-ai-cv-students/s471802/nn-gpt-runs/parallel_runs/20260626_rc_sampler_3x3_heldout_e1/slurm/rc3x3-imagenette-l40s-2775202.err
2775202	20260626_rc_sampler_3x3_heldout_e1	/data/42-julia-hpc-ai-cv-students/s471802/nn-gpt-runs/parallel_runs/20260626_rc_sampler_3x3_heldout_e1/slurm/rc3x3-imagenette-l40s-2775202.out
2775247	20260626_rc_sampler_3x3_heldout_e1	/data/42-julia-hpc-ai-cv-students/s471802/nn-gpt-runs/parallel_runs/20260626_rc_sampler_3x3_heldout_e1/slurm/rc3x3-c10-000_024-2775247.err
2775247	20260626_rc_sampler_3x3_heldout_e1	/data/42-julia-hpc-ai-cv-students/s471802/nn-gpt-runs/parallel_runs/20260626_rc_sampler_3x3_heldout_e1/slurm/rc3x3-c10-000_024-2775247.out
2775248	20260626_rc_sampler_3x3_heldout_e1	/data/42-julia-hpc-ai-cv-students/s471802/nn-gpt-runs/parallel_runs/20260626_rc_sampler_3x3_heldout_e1/slurm/rc3x3-c10-025_049-2775248.err
2775248	20260626_rc_sampler_3x3_heldout_e1	/data/42-julia-hpc-ai-cv-students/s471802/nn-gpt-runs/parallel_runs/20260626_rc_sampler_3x3_heldout_e1/slurm/rc3x3-c10-025_049-2775248.out
2775249	20260626_rc_sampler_3x3_heldout_e1	/data/42-julia-hpc-ai-cv-students/s471802/nn-gpt-runs/parallel_runs/20260626_rc_sampler_3x3_heldout_e1/slurm/rc3x3-c10-050_074-2775249.err
2775249	20260626_rc_sampler_3x3_heldout_e1	/data/42-julia-hpc-ai-cv-students/s471802/nn-gpt-runs/parallel_runs/20260626_rc_sampler_3x3_heldout_e1/slurm/rc3x3-c10-050_074-2775249.out
2775250	20260626_rc_sampler_3x3_heldout_e1	/data/42-julia-hpc-ai-cv-students/s471802/nn-gpt-runs/parallel_runs/20260626_rc_sampler_3x3_heldout_e1/slurm/rc3x3-c10-075_099-2775250.err
2775250	20260626_rc_sampler_3x3_heldout_e1	/data/42-julia-hpc-ai-cv-students/s471802/nn-gpt-runs/parallel_runs/20260626_rc_sampler_3x3_heldout_e1/slurm/rc3x3-c10-075_099-2775250.out
2776904	20260627_4pattern_a18_cifar10_e5_p3500_c1200_s100_h100x4_shared_full_full_reward_seed114	/data/42-julia-hpc-ai-cv-students/s471802/nn-gpt-runs/parallel_runs/20260627_4pattern_a18_cifar10_e5_p3500_c1200_s100_h100x4_shared_full_full_reward_seed114/slurm/abl-full_reward-s114-2776904.err
2776904	20260627_4pattern_a18_cifar10_e5_p3500_c1200_s100_h100x4_shared_full_full_reward_seed114	/data/42-julia-hpc-ai-cv-students/s471802/nn-gpt-runs/parallel_runs/20260627_4pattern_a18_cifar10_e5_p3500_c1200_s100_h100x4_shared_full_full_reward_seed114/slurm/abl-full_reward-s114-2776904.out
2776904	20260627_4pattern_a18_cifar10_e5_p3500_c1200_s100_h100x4_shared_full_full_reward_seed114	/data/42-julia-hpc-ai-cv-students/s471802/nn-gpt-runs/parallel_runs/20260627_4pattern_a18_cifar10_e5_p3500_c1200_s100_h100x4_shared_full_full_reward_seed114/slurm/tunerl-finalize-4p_full_s114-2776904.err
2776904	20260627_4pattern_a18_cifar10_e5_p3500_c1200_s100_h100x4_shared_full_full_reward_seed114	/data/42-julia-hpc-ai-cv-students/s471802/nn-gpt-runs/parallel_runs/20260627_4pattern_a18_cifar10_e5_p3500_c1200_s100_h100x4_shared_full_full_reward_seed114/slurm/tunerl-finalize-4p_full_s114-2776904.out
2776906	20260627_4pattern_a18_cifar10_e5_p3500_c1200_s100_h100x4_shared_full_full_reward_seed514	/data/42-julia-hpc-ai-cv-students/s471802/nn-gpt-runs/parallel_runs/20260627_4pattern_a18_cifar10_e5_p3500_c1200_s100_h100x4_shared_full_full_reward_seed514/slurm/abl-full_reward-s514-2776906.err
2776906	20260627_4pattern_a18_cifar10_e5_p3500_c1200_s100_h100x4_shared_full_full_reward_seed514	/data/42-julia-hpc-ai-cv-students/s471802/nn-gpt-runs/parallel_runs/20260627_4pattern_a18_cifar10_e5_p3500_c1200_s100_h100x4_shared_full_full_reward_seed514/slurm/abl-full_reward-s514-2776906.out
2776906	20260627_4pattern_a18_cifar10_e5_p3500_c1200_s100_h100x4_shared_full_full_reward_seed514	/data/42-julia-hpc-ai-cv-students/s471802/nn-gpt-runs/parallel_runs/20260627_4pattern_a18_cifar10_e5_p3500_c1200_s100_h100x4_shared_full_full_reward_seed514/slurm/tunerl-finalize-4p_full_s514-2776906.err
2776906	20260627_4pattern_a18_cifar10_e5_p3500_c1200_s100_h100x4_shared_full_full_reward_seed514	/data/42-julia-hpc-ai-cv-students/s471802/nn-gpt-runs/parallel_runs/20260627_4pattern_a18_cifar10_e5_p3500_c1200_s100_h100x4_shared_full_full_reward_seed514/slurm/tunerl-finalize-4p_full_s514-2776906.out
2776908	20260627_1pattern_a9_cifar10_e5_p3500_c1200_s100_h100x4_shared_full_full_reward_seed114	/data/42-julia-hpc-ai-cv-students/s471802/nn-gpt-runs/parallel_runs/20260627_1pattern_a9_cifar10_e5_p3500_c1200_s100_h100x4_shared_full_full_reward_seed114/slurm/abl-full_reward-s114-2776908.err
2776908	20260627_1pattern_a9_cifar10_e5_p3500_c1200_s100_h100x4_shared_full_full_reward_seed114	/data/42-julia-hpc-ai-cv-students/s471802/nn-gpt-runs/parallel_runs/20260627_1pattern_a9_cifar10_e5_p3500_c1200_s100_h100x4_shared_full_full_reward_seed114/slurm/abl-full_reward-s114-2776908.out
2776908	20260627_1pattern_a9_cifar10_e5_p3500_c1200_s100_h100x4_shared_full_full_reward_seed114	/data/42-julia-hpc-ai-cv-students/s471802/nn-gpt-runs/parallel_runs/20260627_1pattern_a9_cifar10_e5_p3500_c1200_s100_h100x4_shared_full_full_reward_seed114/slurm/tunerl-finalize-1p_full_s114-2776908.err
2776908	20260627_1pattern_a9_cifar10_e5_p3500_c1200_s100_h100x4_shared_full_full_reward_seed114	/data/42-julia-hpc-ai-cv-students/s471802/nn-gpt-runs/parallel_runs/20260627_1pattern_a9_cifar10_e5_p3500_c1200_s100_h100x4_shared_full_full_reward_seed114/slurm/tunerl-finalize-1p_full_s114-2776908.out
2776910	20260627_1pattern_a9_cifar10_e5_p3500_c1200_s100_h100x4_shared_full_full_reward_seed514	/data/42-julia-hpc-ai-cv-students/s471802/nn-gpt-runs/parallel_runs/20260627_1pattern_a9_cifar10_e5_p3500_c1200_s100_h100x4_shared_full_full_reward_seed514/slurm/abl-full_reward-s514-2776910.err
2776910	20260627_1pattern_a9_cifar10_e5_p3500_c1200_s100_h100x4_shared_full_full_reward_seed514	/data/42-julia-hpc-ai-cv-students/s471802/nn-gpt-runs/parallel_runs/20260627_1pattern_a9_cifar10_e5_p3500_c1200_s100_h100x4_shared_full_full_reward_seed514/slurm/abl-full_reward-s514-2776910.out
2776910	20260627_1pattern_a9_cifar10_e5_p3500_c1200_s100_h100x4_shared_full_full_reward_seed514	/data/42-julia-hpc-ai-cv-students/s471802/nn-gpt-runs/parallel_runs/20260627_1pattern_a9_cifar10_e5_p3500_c1200_s100_h100x4_shared_full_full_reward_seed514/slurm/tunerl-finalize-1p_full_s514-2776910.err
2776910	20260627_1pattern_a9_cifar10_e5_p3500_c1200_s100_h100x4_shared_full_full_reward_seed514	/data/42-julia-hpc-ai-cv-students/s471802/nn-gpt-runs/parallel_runs/20260627_1pattern_a9_cifar10_e5_p3500_c1200_s100_h100x4_shared_full_full_reward_seed514/slurm/tunerl-finalize-1p_full_s514-2776910.out
2777817	20260627_4pattern_a18_cifar10_e5_p3500_c1200_s100_h100x4_shared_full_full_reward_seed919	/data/42-julia-hpc-ai-cv-students/s471802/nn-gpt-runs/parallel_runs/20260627_4pattern_a18_cifar10_e5_p3500_c1200_s100_h100x4_shared_full_full_reward_seed919/slurm/abl-full_reward-s919-2777817.err
2777817	20260627_4pattern_a18_cifar10_e5_p3500_c1200_s100_h100x4_shared_full_full_reward_seed919	/data/42-julia-hpc-ai-cv-students/s471802/nn-gpt-runs/parallel_runs/20260627_4pattern_a18_cifar10_e5_p3500_c1200_s100_h100x4_shared_full_full_reward_seed919/slurm/abl-full_reward-s919-2777817.out
2777817	20260627_4pattern_a18_cifar10_e5_p3500_c1200_s100_h100x4_shared_full_full_reward_seed919	/data/42-julia-hpc-ai-cv-students/s471802/nn-gpt-runs/parallel_runs/20260627_4pattern_a18_cifar10_e5_p3500_c1200_s100_h100x4_shared_full_full_reward_seed919/slurm/tunerl-finalize-4p_full_s919-2777817.err
2777817	20260627_4pattern_a18_cifar10_e5_p3500_c1200_s100_h100x4_shared_full_full_reward_seed919	/data/42-julia-hpc-ai-cv-students/s471802/nn-gpt-runs/parallel_runs/20260627_4pattern_a18_cifar10_e5_p3500_c1200_s100_h100x4_shared_full_full_reward_seed919/slurm/tunerl-finalize-4p_full_s919-2777817.out
2777842	20260627_1pattern_a9_cifar10_e5_p3500_c1200_s100_h100x4_shared_full_full_reward_seed919	/data/42-julia-hpc-ai-cv-students/s471802/nn-gpt-runs/parallel_runs/20260627_1pattern_a9_cifar10_e5_p3500_c1200_s100_h100x4_shared_full_full_reward_seed919/slurm/tunerl-1p_full_s919-2777842.err
2777842	20260627_1pattern_a9_cifar10_e5_p3500_c1200_s100_h100x4_shared_full_full_reward_seed919	/data/42-julia-hpc-ai-cv-students/s471802/nn-gpt-runs/parallel_runs/20260627_1pattern_a9_cifar10_e5_p3500_c1200_s100_h100x4_shared_full_full_reward_seed919/slurm/tunerl-1p_full_s919-2777842.out
2777842	20260627_1pattern_a9_cifar10_e5_p3500_c1200_s100_h100x4_shared_full_full_reward_seed919	/data/42-julia-hpc-ai-cv-students/s471802/nn-gpt-runs/parallel_runs/20260627_1pattern_a9_cifar10_e5_p3500_c1200_s100_h100x4_shared_full_full_reward_seed919/slurm/tunerl-finalize-1p_full_s919-2777842.err
2777842	20260627_1pattern_a9_cifar10_e5_p3500_c1200_s100_h100x4_shared_full_full_reward_seed919	/data/42-julia-hpc-ai-cv-students/s471802/nn-gpt-runs/parallel_runs/20260627_1pattern_a9_cifar10_e5_p3500_c1200_s100_h100x4_shared_full_full_reward_seed919/slurm/tunerl-finalize-1p_full_s919-2777842.out
2791300	20260703_proxy_top20_unfrozen20_standard	/data/42-julia-hpc-ai-cv-students/s471802/nn-gpt-runs/parallel_runs/20260703_proxy_top20_unfrozen20_standard/slurm/proxy-unf20-2791300_0.err
2791300	20260703_proxy_top20_unfrozen20_standard	/data/42-julia-hpc-ai-cv-students/s471802/nn-gpt-runs/parallel_runs/20260703_proxy_top20_unfrozen20_standard/slurm/proxy-unf20-2791300_0.out
2791300	20260703_proxy_top20_unfrozen20_standard	/data/42-julia-hpc-ai-cv-students/s471802/nn-gpt-runs/parallel_runs/20260703_proxy_top20_unfrozen20_standard/slurm/proxy-unf20-2791300_1.err
2791300	20260703_proxy_top20_unfrozen20_standard	/data/42-julia-hpc-ai-cv-students/s471802/nn-gpt-runs/parallel_runs/20260703_proxy_top20_unfrozen20_standard/slurm/proxy-unf20-2791300_1.out
2791300	20260703_proxy_top20_unfrozen20_standard	/data/42-julia-hpc-ai-cv-students/s471802/nn-gpt-runs/parallel_runs/20260703_proxy_top20_unfrozen20_standard/slurm/proxy-unf20-2791300_10.err
2791300	20260703_proxy_top20_unfrozen20_standard	/data/42-julia-hpc-ai-cv-students/s471802/nn-gpt-runs/parallel_runs/20260703_proxy_top20_unfrozen20_standard/slurm/proxy-unf20-2791300_10.out
2791300	20260703_proxy_top20_unfrozen20_standard	/data/42-julia-hpc-ai-cv-students/s471802/nn-gpt-runs/parallel_runs/20260703_proxy_top20_unfrozen20_standard/slurm/proxy-unf20-2791300_11.err
2791300	20260703_proxy_top20_unfrozen20_standard	/data/42-julia-hpc-ai-cv-students/s471802/nn-gpt-runs/parallel_runs/20260703_proxy_top20_unfrozen20_standard/slurm/proxy-unf20-2791300_11.out
2791300	20260703_proxy_top20_unfrozen20_standard	/data/42-julia-hpc-ai-cv-students/s471802/nn-gpt-runs/parallel_runs/20260703_proxy_top20_unfrozen20_standard/slurm/proxy-unf20-2791300_12.err
2791300	20260703_proxy_top20_unfrozen20_standard	/data/42-julia-hpc-ai-cv-students/s471802/nn-gpt-runs/parallel_runs/20260703_proxy_top20_unfrozen20_standard/slurm/proxy-unf20-2791300_12.out
2791300	20260703_proxy_top20_unfrozen20_standard	/data/42-julia-hpc-ai-cv-students/s471802/nn-gpt-runs/parallel_runs/20260703_proxy_top20_unfrozen20_standard/slurm/proxy-unf20-2791300_13.err
2791300	20260703_proxy_top20_unfrozen20_standard	/data/42-julia-hpc-ai-cv-students/s471802/nn-gpt-runs/parallel_runs/20260703_proxy_top20_unfrozen20_standard/slurm/proxy-unf20-2791300_13.out
2791300	20260703_proxy_top20_unfrozen20_standard	/data/42-julia-hpc-ai-cv-students/s471802/nn-gpt-runs/parallel_runs/20260703_proxy_top20_unfrozen20_standard/slurm/proxy-unf20-2791300_14.err
2791300	20260703_proxy_top20_unfrozen20_standard	/data/42-julia-hpc-ai-cv-students/s471802/nn-gpt-runs/parallel_runs/20260703_proxy_top20_unfrozen20_standard/slurm/proxy-unf20-2791300_14.out
2791300	20260703_proxy_top20_unfrozen20_standard	/data/42-julia-hpc-ai-cv-students/s471802/nn-gpt-runs/parallel_runs/20260703_proxy_top20_unfrozen20_standard/slurm/proxy-unf20-2791300_15.err
2791300	20260703_proxy_top20_unfrozen20_standard	/data/42-julia-hpc-ai-cv-students/s471802/nn-gpt-runs/parallel_runs/20260703_proxy_top20_unfrozen20_standard/slurm/proxy-unf20-2791300_15.out
2791300	20260703_proxy_top20_unfrozen20_standard	/data/42-julia-hpc-ai-cv-students/s471802/nn-gpt-runs/parallel_runs/20260703_proxy_top20_unfrozen20_standard/slurm/proxy-unf20-2791300_16.err
2791300	20260703_proxy_top20_unfrozen20_standard	/data/42-julia-hpc-ai-cv-students/s471802/nn-gpt-runs/parallel_runs/20260703_proxy_top20_unfrozen20_standard/slurm/proxy-unf20-2791300_16.out
2791300	20260703_proxy_top20_unfrozen20_standard	/data/42-julia-hpc-ai-cv-students/s471802/nn-gpt-runs/parallel_runs/20260703_proxy_top20_unfrozen20_standard/slurm/proxy-unf20-2791300_17.err
2791300	20260703_proxy_top20_unfrozen20_standard	/data/42-julia-hpc-ai-cv-students/s471802/nn-gpt-runs/parallel_runs/20260703_proxy_top20_unfrozen20_standard/slurm/proxy-unf20-2791300_17.out
2791300	20260703_proxy_top20_unfrozen20_standard	/data/42-julia-hpc-ai-cv-students/s471802/nn-gpt-runs/parallel_runs/20260703_proxy_top20_unfrozen20_standard/slurm/proxy-unf20-2791300_18.err
2791300	20260703_proxy_top20_unfrozen20_standard	/data/42-julia-hpc-ai-cv-students/s471802/nn-gpt-runs/parallel_runs/20260703_proxy_top20_unfrozen20_standard/slurm/proxy-unf20-2791300_18.out
2791300	20260703_proxy_top20_unfrozen20_standard	/data/42-julia-hpc-ai-cv-students/s471802/nn-gpt-runs/parallel_runs/20260703_proxy_top20_unfrozen20_standard/slurm/proxy-unf20-2791300_19.err
2791300	20260703_proxy_top20_unfrozen20_standard	/data/42-julia-hpc-ai-cv-students/s471802/nn-gpt-runs/parallel_runs/20260703_proxy_top20_unfrozen20_standard/slurm/proxy-unf20-2791300_19.out
2791300	20260703_proxy_top20_unfrozen20_standard	/data/42-julia-hpc-ai-cv-students/s471802/nn-gpt-runs/parallel_runs/20260703_proxy_top20_unfrozen20_standard/slurm/proxy-unf20-2791300_2.err
2791300	20260703_proxy_top20_unfrozen20_standard	/data/42-julia-hpc-ai-cv-students/s471802/nn-gpt-runs/parallel_runs/20260703_proxy_top20_unfrozen20_standard/slurm/proxy-unf20-2791300_2.out
2791300	20260703_proxy_top20_unfrozen20_standard	/data/42-julia-hpc-ai-cv-students/s471802/nn-gpt-runs/parallel_runs/20260703_proxy_top20_unfrozen20_standard/slurm/proxy-unf20-2791300_3.err
2791300	20260703_proxy_top20_unfrozen20_standard	/data/42-julia-hpc-ai-cv-students/s471802/nn-gpt-runs/parallel_runs/20260703_proxy_top20_unfrozen20_standard/slurm/proxy-unf20-2791300_3.out
2791300	20260703_proxy_top20_unfrozen20_standard	/data/42-julia-hpc-ai-cv-students/s471802/nn-gpt-runs/parallel_runs/20260703_proxy_top20_unfrozen20_standard/slurm/proxy-unf20-2791300_4.err
2791300	20260703_proxy_top20_unfrozen20_standard	/data/42-julia-hpc-ai-cv-students/s471802/nn-gpt-runs/parallel_runs/20260703_proxy_top20_unfrozen20_standard/slurm/proxy-unf20-2791300_4.out
2791300	20260703_proxy_top20_unfrozen20_standard	/data/42-julia-hpc-ai-cv-students/s471802/nn-gpt-runs/parallel_runs/20260703_proxy_top20_unfrozen20_standard/slurm/proxy-unf20-2791300_5.err
2791300	20260703_proxy_top20_unfrozen20_standard	/data/42-julia-hpc-ai-cv-students/s471802/nn-gpt-runs/parallel_runs/20260703_proxy_top20_unfrozen20_standard/slurm/proxy-unf20-2791300_5.out
2791300	20260703_proxy_top20_unfrozen20_standard	/data/42-julia-hpc-ai-cv-students/s471802/nn-gpt-runs/parallel_runs/20260703_proxy_top20_unfrozen20_standard/slurm/proxy-unf20-2791300_6.err
2791300	20260703_proxy_top20_unfrozen20_standard	/data/42-julia-hpc-ai-cv-students/s471802/nn-gpt-runs/parallel_runs/20260703_proxy_top20_unfrozen20_standard/slurm/proxy-unf20-2791300_6.out
2791300	20260703_proxy_top20_unfrozen20_standard	/data/42-julia-hpc-ai-cv-students/s471802/nn-gpt-runs/parallel_runs/20260703_proxy_top20_unfrozen20_standard/slurm/proxy-unf20-2791300_7.err
2791300	20260703_proxy_top20_unfrozen20_standard	/data/42-julia-hpc-ai-cv-students/s471802/nn-gpt-runs/parallel_runs/20260703_proxy_top20_unfrozen20_standard/slurm/proxy-unf20-2791300_7.out
2791300	20260703_proxy_top20_unfrozen20_standard	/data/42-julia-hpc-ai-cv-students/s471802/nn-gpt-runs/parallel_runs/20260703_proxy_top20_unfrozen20_standard/slurm/proxy-unf20-2791300_8.err
2791300	20260703_proxy_top20_unfrozen20_standard	/data/42-julia-hpc-ai-cv-students/s471802/nn-gpt-runs/parallel_runs/20260703_proxy_top20_unfrozen20_standard/slurm/proxy-unf20-2791300_8.out
2791300	20260703_proxy_top20_unfrozen20_standard	/data/42-julia-hpc-ai-cv-students/s471802/nn-gpt-runs/parallel_runs/20260703_proxy_top20_unfrozen20_standard/slurm/proxy-unf20-2791300_9.err
2791300	20260703_proxy_top20_unfrozen20_standard	/data/42-julia-hpc-ai-cv-students/s471802/nn-gpt-runs/parallel_runs/20260703_proxy_top20_unfrozen20_standard/slurm/proxy-unf20-2791300_9.out
2791320	20260703_proxy_top20_unfrozen20_standard	/data/42-julia-hpc-ai-cv-students/s471802/nn-gpt-runs/parallel_runs/20260703_proxy_top20_unfrozen20_standard/slurm/proxy-unf20-r2-2791320_0.err
2791320	20260703_proxy_top20_unfrozen20_standard	/data/42-julia-hpc-ai-cv-students/s471802/nn-gpt-runs/parallel_runs/20260703_proxy_top20_unfrozen20_standard/slurm/proxy-unf20-r2-2791320_0.out
2791320	20260703_proxy_top20_unfrozen20_standard	/data/42-julia-hpc-ai-cv-students/s471802/nn-gpt-runs/parallel_runs/20260703_proxy_top20_unfrozen20_standard/slurm/proxy-unf20-r2-2791320_1.err
2791320	20260703_proxy_top20_unfrozen20_standard	/data/42-julia-hpc-ai-cv-students/s471802/nn-gpt-runs/parallel_runs/20260703_proxy_top20_unfrozen20_standard/slurm/proxy-unf20-r2-2791320_1.out
2791320	20260703_proxy_top20_unfrozen20_standard	/data/42-julia-hpc-ai-cv-students/s471802/nn-gpt-runs/parallel_runs/20260703_proxy_top20_unfrozen20_standard/slurm/proxy-unf20-r2-2791320_10.err
2791320	20260703_proxy_top20_unfrozen20_standard	/data/42-julia-hpc-ai-cv-students/s471802/nn-gpt-runs/parallel_runs/20260703_proxy_top20_unfrozen20_standard/slurm/proxy-unf20-r2-2791320_10.out
2791320	20260703_proxy_top20_unfrozen20_standard	/data/42-julia-hpc-ai-cv-students/s471802/nn-gpt-runs/parallel_runs/20260703_proxy_top20_unfrozen20_standard/slurm/proxy-unf20-r2-2791320_11.err
2791320	20260703_proxy_top20_unfrozen20_standard	/data/42-julia-hpc-ai-cv-students/s471802/nn-gpt-runs/parallel_runs/20260703_proxy_top20_unfrozen20_standard/slurm/proxy-unf20-r2-2791320_11.out
2791320	20260703_proxy_top20_unfrozen20_standard	/data/42-julia-hpc-ai-cv-students/s471802/nn-gpt-runs/parallel_runs/20260703_proxy_top20_unfrozen20_standard/slurm/proxy-unf20-r2-2791320_12.err
2791320	20260703_proxy_top20_unfrozen20_standard	/data/42-julia-hpc-ai-cv-students/s471802/nn-gpt-runs/parallel_runs/20260703_proxy_top20_unfrozen20_standard/slurm/proxy-unf20-r2-2791320_12.out
2791320	20260703_proxy_top20_unfrozen20_standard	/data/42-julia-hpc-ai-cv-students/s471802/nn-gpt-runs/parallel_runs/20260703_proxy_top20_unfrozen20_standard/slurm/proxy-unf20-r2-2791320_13.err
2791320	20260703_proxy_top20_unfrozen20_standard	/data/42-julia-hpc-ai-cv-students/s471802/nn-gpt-runs/parallel_runs/20260703_proxy_top20_unfrozen20_standard/slurm/proxy-unf20-r2-2791320_13.out
2791320	20260703_proxy_top20_unfrozen20_standard	/data/42-julia-hpc-ai-cv-students/s471802/nn-gpt-runs/parallel_runs/20260703_proxy_top20_unfrozen20_standard/slurm/proxy-unf20-r2-2791320_14.err
2791320	20260703_proxy_top20_unfrozen20_standard	/data/42-julia-hpc-ai-cv-students/s471802/nn-gpt-runs/parallel_runs/20260703_proxy_top20_unfrozen20_standard/slurm/proxy-unf20-r2-2791320_14.out
2791320	20260703_proxy_top20_unfrozen20_standard	/data/42-julia-hpc-ai-cv-students/s471802/nn-gpt-runs/parallel_runs/20260703_proxy_top20_unfrozen20_standard/slurm/proxy-unf20-r2-2791320_15.err
2791320	20260703_proxy_top20_unfrozen20_standard	/data/42-julia-hpc-ai-cv-students/s471802/nn-gpt-runs/parallel_runs/20260703_proxy_top20_unfrozen20_standard/slurm/proxy-unf20-r2-2791320_15.out
2791320	20260703_proxy_top20_unfrozen20_standard	/data/42-julia-hpc-ai-cv-students/s471802/nn-gpt-runs/parallel_runs/20260703_proxy_top20_unfrozen20_standard/slurm/proxy-unf20-r2-2791320_16.err
2791320	20260703_proxy_top20_unfrozen20_standard	/data/42-julia-hpc-ai-cv-students/s471802/nn-gpt-runs/parallel_runs/20260703_proxy_top20_unfrozen20_standard/slurm/proxy-unf20-r2-2791320_16.out
2791320	20260703_proxy_top20_unfrozen20_standard	/data/42-julia-hpc-ai-cv-students/s471802/nn-gpt-runs/parallel_runs/20260703_proxy_top20_unfrozen20_standard/slurm/proxy-unf20-r2-2791320_17.err
2791320	20260703_proxy_top20_unfrozen20_standard	/data/42-julia-hpc-ai-cv-students/s471802/nn-gpt-runs/parallel_runs/20260703_proxy_top20_unfrozen20_standard/slurm/proxy-unf20-r2-2791320_17.out
2791320	20260703_proxy_top20_unfrozen20_standard	/data/42-julia-hpc-ai-cv-students/s471802/nn-gpt-runs/parallel_runs/20260703_proxy_top20_unfrozen20_standard/slurm/proxy-unf20-r2-2791320_18.err
2791320	20260703_proxy_top20_unfrozen20_standard	/data/42-julia-hpc-ai-cv-students/s471802/nn-gpt-runs/parallel_runs/20260703_proxy_top20_unfrozen20_standard/slurm/proxy-unf20-r2-2791320_18.out
2791320	20260703_proxy_top20_unfrozen20_standard	/data/42-julia-hpc-ai-cv-students/s471802/nn-gpt-runs/parallel_runs/20260703_proxy_top20_unfrozen20_standard/slurm/proxy-unf20-r2-2791320_19.err
2791320	20260703_proxy_top20_unfrozen20_standard	/data/42-julia-hpc-ai-cv-students/s471802/nn-gpt-runs/parallel_runs/20260703_proxy_top20_unfrozen20_standard/slurm/proxy-unf20-r2-2791320_19.out
2791320	20260703_proxy_top20_unfrozen20_standard	/data/42-julia-hpc-ai-cv-students/s471802/nn-gpt-runs/parallel_runs/20260703_proxy_top20_unfrozen20_standard/slurm/proxy-unf20-r2-2791320_2.err
2791320	20260703_proxy_top20_unfrozen20_standard	/data/42-julia-hpc-ai-cv-students/s471802/nn-gpt-runs/parallel_runs/20260703_proxy_top20_unfrozen20_standard/slurm/proxy-unf20-r2-2791320_2.out
2791320	20260703_proxy_top20_unfrozen20_standard	/data/42-julia-hpc-ai-cv-students/s471802/nn-gpt-runs/parallel_runs/20260703_proxy_top20_unfrozen20_standard/slurm/proxy-unf20-r2-2791320_3.err
2791320	20260703_proxy_top20_unfrozen20_standard	/data/42-julia-hpc-ai-cv-students/s471802/nn-gpt-runs/parallel_runs/20260703_proxy_top20_unfrozen20_standard/slurm/proxy-unf20-r2-2791320_3.out
2791320	20260703_proxy_top20_unfrozen20_standard	/data/42-julia-hpc-ai-cv-students/s471802/nn-gpt-runs/parallel_runs/20260703_proxy_top20_unfrozen20_standard/slurm/proxy-unf20-r2-2791320_4.err
2791320	20260703_proxy_top20_unfrozen20_standard	/data/42-julia-hpc-ai-cv-students/s471802/nn-gpt-runs/parallel_runs/20260703_proxy_top20_unfrozen20_standard/slurm/proxy-unf20-r2-2791320_4.out
2791320	20260703_proxy_top20_unfrozen20_standard	/data/42-julia-hpc-ai-cv-students/s471802/nn-gpt-runs/parallel_runs/20260703_proxy_top20_unfrozen20_standard/slurm/proxy-unf20-r2-2791320_5.err
2791320	20260703_proxy_top20_unfrozen20_standard	/data/42-julia-hpc-ai-cv-students/s471802/nn-gpt-runs/parallel_runs/20260703_proxy_top20_unfrozen20_standard/slurm/proxy-unf20-r2-2791320_5.out
2791320	20260703_proxy_top20_unfrozen20_standard	/data/42-julia-hpc-ai-cv-students/s471802/nn-gpt-runs/parallel_runs/20260703_proxy_top20_unfrozen20_standard/slurm/proxy-unf20-r2-2791320_6.err
2791320	20260703_proxy_top20_unfrozen20_standard	/data/42-julia-hpc-ai-cv-students/s471802/nn-gpt-runs/parallel_runs/20260703_proxy_top20_unfrozen20_standard/slurm/proxy-unf20-r2-2791320_6.out
2791320	20260703_proxy_top20_unfrozen20_standard	/data/42-julia-hpc-ai-cv-students/s471802/nn-gpt-runs/parallel_runs/20260703_proxy_top20_unfrozen20_standard/slurm/proxy-unf20-r2-2791320_7.err
2791320	20260703_proxy_top20_unfrozen20_standard	/data/42-julia-hpc-ai-cv-students/s471802/nn-gpt-runs/parallel_runs/20260703_proxy_top20_unfrozen20_standard/slurm/proxy-unf20-r2-2791320_7.out
2791320	20260703_proxy_top20_unfrozen20_standard	/data/42-julia-hpc-ai-cv-students/s471802/nn-gpt-runs/parallel_runs/20260703_proxy_top20_unfrozen20_standard/slurm/proxy-unf20-r2-2791320_8.err
2791320	20260703_proxy_top20_unfrozen20_standard	/data/42-julia-hpc-ai-cv-students/s471802/nn-gpt-runs/parallel_runs/20260703_proxy_top20_unfrozen20_standard/slurm/proxy-unf20-r2-2791320_8.out
2791320	20260703_proxy_top20_unfrozen20_standard	/data/42-julia-hpc-ai-cv-students/s471802/nn-gpt-runs/parallel_runs/20260703_proxy_top20_unfrozen20_standard/slurm/proxy-unf20-r2-2791320_9.err
2791320	20260703_proxy_top20_unfrozen20_standard	/data/42-julia-hpc-ai-cv-students/s471802/nn-gpt-runs/parallel_runs/20260703_proxy_top20_unfrozen20_standard/slurm/proxy-unf20-r2-2791320_9.out
2791340	20260703_proxy_top20_unfrozen20_standard	/data/42-julia-hpc-ai-cv-students/s471802/nn-gpt-runs/parallel_runs/20260703_proxy_top20_unfrozen20_standard/slurm/proxy-unf20-r3-2791340_0.err
2791340	20260703_proxy_top20_unfrozen20_standard	/data/42-julia-hpc-ai-cv-students/s471802/nn-gpt-runs/parallel_runs/20260703_proxy_top20_unfrozen20_standard/slurm/proxy-unf20-r3-2791340_0.out
2791340	20260703_proxy_top20_unfrozen20_standard	/data/42-julia-hpc-ai-cv-students/s471802/nn-gpt-runs/parallel_runs/20260703_proxy_top20_unfrozen20_standard/slurm/proxy-unf20-r3-2791340_1.err
2791340	20260703_proxy_top20_unfrozen20_standard	/data/42-julia-hpc-ai-cv-students/s471802/nn-gpt-runs/parallel_runs/20260703_proxy_top20_unfrozen20_standard/slurm/proxy-unf20-r3-2791340_1.out
2791340	20260703_proxy_top20_unfrozen20_standard	/data/42-julia-hpc-ai-cv-students/s471802/nn-gpt-runs/parallel_runs/20260703_proxy_top20_unfrozen20_standard/slurm/proxy-unf20-r3-2791340_10.err
2791340	20260703_proxy_top20_unfrozen20_standard	/data/42-julia-hpc-ai-cv-students/s471802/nn-gpt-runs/parallel_runs/20260703_proxy_top20_unfrozen20_standard/slurm/proxy-unf20-r3-2791340_10.out
2791340	20260703_proxy_top20_unfrozen20_standard	/data/42-julia-hpc-ai-cv-students/s471802/nn-gpt-runs/parallel_runs/20260703_proxy_top20_unfrozen20_standard/slurm/proxy-unf20-r3-2791340_11.err
2791340	20260703_proxy_top20_unfrozen20_standard	/data/42-julia-hpc-ai-cv-students/s471802/nn-gpt-runs/parallel_runs/20260703_proxy_top20_unfrozen20_standard/slurm/proxy-unf20-r3-2791340_11.out
2791340	20260703_proxy_top20_unfrozen20_standard	/data/42-julia-hpc-ai-cv-students/s471802/nn-gpt-runs/parallel_runs/20260703_proxy_top20_unfrozen20_standard/slurm/proxy-unf20-r3-2791340_12.err
2791340	20260703_proxy_top20_unfrozen20_standard	/data/42-julia-hpc-ai-cv-students/s471802/nn-gpt-runs/parallel_runs/20260703_proxy_top20_unfrozen20_standard/slurm/proxy-unf20-r3-2791340_12.out
2791340	20260703_proxy_top20_unfrozen20_standard	/data/42-julia-hpc-ai-cv-students/s471802/nn-gpt-runs/parallel_runs/20260703_proxy_top20_unfrozen20_standard/slurm/proxy-unf20-r3-2791340_13.err
2791340	20260703_proxy_top20_unfrozen20_standard	/data/42-julia-hpc-ai-cv-students/s471802/nn-gpt-runs/parallel_runs/20260703_proxy_top20_unfrozen20_standard/slurm/proxy-unf20-r3-2791340_13.out
2791340	20260703_proxy_top20_unfrozen20_standard	/data/42-julia-hpc-ai-cv-students/s471802/nn-gpt-runs/parallel_runs/20260703_proxy_top20_unfrozen20_standard/slurm/proxy-unf20-r3-2791340_14.err
2791340	20260703_proxy_top20_unfrozen20_standard	/data/42-julia-hpc-ai-cv-students/s471802/nn-gpt-runs/parallel_runs/20260703_proxy_top20_unfrozen20_standard/slurm/proxy-unf20-r3-2791340_14.out
2791340	20260703_proxy_top20_unfrozen20_standard	/data/42-julia-hpc-ai-cv-students/s471802/nn-gpt-runs/parallel_runs/20260703_proxy_top20_unfrozen20_standard/slurm/proxy-unf20-r3-2791340_15.err
2791340	20260703_proxy_top20_unfrozen20_standard	/data/42-julia-hpc-ai-cv-students/s471802/nn-gpt-runs/parallel_runs/20260703_proxy_top20_unfrozen20_standard/slurm/proxy-unf20-r3-2791340_15.out
2791340	20260703_proxy_top20_unfrozen20_standard	/data/42-julia-hpc-ai-cv-students/s471802/nn-gpt-runs/parallel_runs/20260703_proxy_top20_unfrozen20_standard/slurm/proxy-unf20-r3-2791340_16.err
2791340	20260703_proxy_top20_unfrozen20_standard	/data/42-julia-hpc-ai-cv-students/s471802/nn-gpt-runs/parallel_runs/20260703_proxy_top20_unfrozen20_standard/slurm/proxy-unf20-r3-2791340_16.out
2791340	20260703_proxy_top20_unfrozen20_standard	/data/42-julia-hpc-ai-cv-students/s471802/nn-gpt-runs/parallel_runs/20260703_proxy_top20_unfrozen20_standard/slurm/proxy-unf20-r3-2791340_17.err
2791340	20260703_proxy_top20_unfrozen20_standard	/data/42-julia-hpc-ai-cv-students/s471802/nn-gpt-runs/parallel_runs/20260703_proxy_top20_unfrozen20_standard/slurm/proxy-unf20-r3-2791340_17.out
2791340	20260703_proxy_top20_unfrozen20_standard	/data/42-julia-hpc-ai-cv-students/s471802/nn-gpt-runs/parallel_runs/20260703_proxy_top20_unfrozen20_standard/slurm/proxy-unf20-r3-2791340_18.err
2791340	20260703_proxy_top20_unfrozen20_standard	/data/42-julia-hpc-ai-cv-students/s471802/nn-gpt-runs/parallel_runs/20260703_proxy_top20_unfrozen20_standard/slurm/proxy-unf20-r3-2791340_18.out
2791340	20260703_proxy_top20_unfrozen20_standard	/data/42-julia-hpc-ai-cv-students/s471802/nn-gpt-runs/parallel_runs/20260703_proxy_top20_unfrozen20_standard/slurm/proxy-unf20-r3-2791340_19.err
2791340	20260703_proxy_top20_unfrozen20_standard	/data/42-julia-hpc-ai-cv-students/s471802/nn-gpt-runs/parallel_runs/20260703_proxy_top20_unfrozen20_standard/slurm/proxy-unf20-r3-2791340_19.out
2791340	20260703_proxy_top20_unfrozen20_standard	/data/42-julia-hpc-ai-cv-students/s471802/nn-gpt-runs/parallel_runs/20260703_proxy_top20_unfrozen20_standard/slurm/proxy-unf20-r3-2791340_2.err
2791340	20260703_proxy_top20_unfrozen20_standard	/data/42-julia-hpc-ai-cv-students/s471802/nn-gpt-runs/parallel_runs/20260703_proxy_top20_unfrozen20_standard/slurm/proxy-unf20-r3-2791340_2.out
2791340	20260703_proxy_top20_unfrozen20_standard	/data/42-julia-hpc-ai-cv-students/s471802/nn-gpt-runs/parallel_runs/20260703_proxy_top20_unfrozen20_standard/slurm/proxy-unf20-r3-2791340_3.err
2791340	20260703_proxy_top20_unfrozen20_standard	/data/42-julia-hpc-ai-cv-students/s471802/nn-gpt-runs/parallel_runs/20260703_proxy_top20_unfrozen20_standard/slurm/proxy-unf20-r3-2791340_3.out
2791340	20260703_proxy_top20_unfrozen20_standard	/data/42-julia-hpc-ai-cv-students/s471802/nn-gpt-runs/parallel_runs/20260703_proxy_top20_unfrozen20_standard/slurm/proxy-unf20-r3-2791340_4.err
2791340	20260703_proxy_top20_unfrozen20_standard	/data/42-julia-hpc-ai-cv-students/s471802/nn-gpt-runs/parallel_runs/20260703_proxy_top20_unfrozen20_standard/slurm/proxy-unf20-r3-2791340_4.out
2791340	20260703_proxy_top20_unfrozen20_standard	/data/42-julia-hpc-ai-cv-students/s471802/nn-gpt-runs/parallel_runs/20260703_proxy_top20_unfrozen20_standard/slurm/proxy-unf20-r3-2791340_5.err
2791340	20260703_proxy_top20_unfrozen20_standard	/data/42-julia-hpc-ai-cv-students/s471802/nn-gpt-runs/parallel_runs/20260703_proxy_top20_unfrozen20_standard/slurm/proxy-unf20-r3-2791340_5.out
2791340	20260703_proxy_top20_unfrozen20_standard	/data/42-julia-hpc-ai-cv-students/s471802/nn-gpt-runs/parallel_runs/20260703_proxy_top20_unfrozen20_standard/slurm/proxy-unf20-r3-2791340_6.err
2791340	20260703_proxy_top20_unfrozen20_standard	/data/42-julia-hpc-ai-cv-students/s471802/nn-gpt-runs/parallel_runs/20260703_proxy_top20_unfrozen20_standard/slurm/proxy-unf20-r3-2791340_6.out
2791340	20260703_proxy_top20_unfrozen20_standard	/data/42-julia-hpc-ai-cv-students/s471802/nn-gpt-runs/parallel_runs/20260703_proxy_top20_unfrozen20_standard/slurm/proxy-unf20-r3-2791340_7.err
2791340	20260703_proxy_top20_unfrozen20_standard	/data/42-julia-hpc-ai-cv-students/s471802/nn-gpt-runs/parallel_runs/20260703_proxy_top20_unfrozen20_standard/slurm/proxy-unf20-r3-2791340_7.out
2791340	20260703_proxy_top20_unfrozen20_standard	/data/42-julia-hpc-ai-cv-students/s471802/nn-gpt-runs/parallel_runs/20260703_proxy_top20_unfrozen20_standard/slurm/proxy-unf20-r3-2791340_8.err
2791340	20260703_proxy_top20_unfrozen20_standard	/data/42-julia-hpc-ai-cv-students/s471802/nn-gpt-runs/parallel_runs/20260703_proxy_top20_unfrozen20_standard/slurm/proxy-unf20-r3-2791340_8.out
2791340	20260703_proxy_top20_unfrozen20_standard	/data/42-julia-hpc-ai-cv-students/s471802/nn-gpt-runs/parallel_runs/20260703_proxy_top20_unfrozen20_standard/slurm/proxy-unf20-r3-2791340_9.err
2791340	20260703_proxy_top20_unfrozen20_standard	/data/42-julia-hpc-ai-cv-students/s471802/nn-gpt-runs/parallel_runs/20260703_proxy_top20_unfrozen20_standard/slurm/proxy-unf20-r3-2791340_9.out
2791360	20260703_proxy_top20_unfrozen20_standard	/data/42-julia-hpc-ai-cv-students/s471802/nn-gpt-runs/parallel_runs/20260703_proxy_top20_unfrozen20_standard/slurm/proxy-unf20-r4-2791360_0.err
2791360	20260703_proxy_top20_unfrozen20_standard	/data/42-julia-hpc-ai-cv-students/s471802/nn-gpt-runs/parallel_runs/20260703_proxy_top20_unfrozen20_standard/slurm/proxy-unf20-r4-2791360_0.out
2791360	20260703_proxy_top20_unfrozen20_standard	/data/42-julia-hpc-ai-cv-students/s471802/nn-gpt-runs/parallel_runs/20260703_proxy_top20_unfrozen20_standard/slurm/proxy-unf20-r4-2791360_1.err
2791360	20260703_proxy_top20_unfrozen20_standard	/data/42-julia-hpc-ai-cv-students/s471802/nn-gpt-runs/parallel_runs/20260703_proxy_top20_unfrozen20_standard/slurm/proxy-unf20-r4-2791360_1.out
2791360	20260703_proxy_top20_unfrozen20_standard	/data/42-julia-hpc-ai-cv-students/s471802/nn-gpt-runs/parallel_runs/20260703_proxy_top20_unfrozen20_standard/slurm/proxy-unf20-r4-2791360_10.err
2791360	20260703_proxy_top20_unfrozen20_standard	/data/42-julia-hpc-ai-cv-students/s471802/nn-gpt-runs/parallel_runs/20260703_proxy_top20_unfrozen20_standard/slurm/proxy-unf20-r4-2791360_10.out
2791360	20260703_proxy_top20_unfrozen20_standard	/data/42-julia-hpc-ai-cv-students/s471802/nn-gpt-runs/parallel_runs/20260703_proxy_top20_unfrozen20_standard/slurm/proxy-unf20-r4-2791360_11.err
2791360	20260703_proxy_top20_unfrozen20_standard	/data/42-julia-hpc-ai-cv-students/s471802/nn-gpt-runs/parallel_runs/20260703_proxy_top20_unfrozen20_standard/slurm/proxy-unf20-r4-2791360_11.out
2791360	20260703_proxy_top20_unfrozen20_standard	/data/42-julia-hpc-ai-cv-students/s471802/nn-gpt-runs/parallel_runs/20260703_proxy_top20_unfrozen20_standard/slurm/proxy-unf20-r4-2791360_12.err
2791360	20260703_proxy_top20_unfrozen20_standard	/data/42-julia-hpc-ai-cv-students/s471802/nn-gpt-runs/parallel_runs/20260703_proxy_top20_unfrozen20_standard/slurm/proxy-unf20-r4-2791360_12.out
2791360	20260703_proxy_top20_unfrozen20_standard	/data/42-julia-hpc-ai-cv-students/s471802/nn-gpt-runs/parallel_runs/20260703_proxy_top20_unfrozen20_standard/slurm/proxy-unf20-r4-2791360_13.err
2791360	20260703_proxy_top20_unfrozen20_standard	/data/42-julia-hpc-ai-cv-students/s471802/nn-gpt-runs/parallel_runs/20260703_proxy_top20_unfrozen20_standard/slurm/proxy-unf20-r4-2791360_13.out
2791360	20260703_proxy_top20_unfrozen20_standard	/data/42-julia-hpc-ai-cv-students/s471802/nn-gpt-runs/parallel_runs/20260703_proxy_top20_unfrozen20_standard/slurm/proxy-unf20-r4-2791360_14.err
2791360	20260703_proxy_top20_unfrozen20_standard	/data/42-julia-hpc-ai-cv-students/s471802/nn-gpt-runs/parallel_runs/20260703_proxy_top20_unfrozen20_standard/slurm/proxy-unf20-r4-2791360_14.out
2791360	20260703_proxy_top20_unfrozen20_standard	/data/42-julia-hpc-ai-cv-students/s471802/nn-gpt-runs/parallel_runs/20260703_proxy_top20_unfrozen20_standard/slurm/proxy-unf20-r4-2791360_15.err
2791360	20260703_proxy_top20_unfrozen20_standard	/data/42-julia-hpc-ai-cv-students/s471802/nn-gpt-runs/parallel_runs/20260703_proxy_top20_unfrozen20_standard/slurm/proxy-unf20-r4-2791360_15.out
2791360	20260703_proxy_top20_unfrozen20_standard	/data/42-julia-hpc-ai-cv-students/s471802/nn-gpt-runs/parallel_runs/20260703_proxy_top20_unfrozen20_standard/slurm/proxy-unf20-r4-2791360_16.err
2791360	20260703_proxy_top20_unfrozen20_standard	/data/42-julia-hpc-ai-cv-students/s471802/nn-gpt-runs/parallel_runs/20260703_proxy_top20_unfrozen20_standard/slurm/proxy-unf20-r4-2791360_16.out
2791360	20260703_proxy_top20_unfrozen20_standard	/data/42-julia-hpc-ai-cv-students/s471802/nn-gpt-runs/parallel_runs/20260703_proxy_top20_unfrozen20_standard/slurm/proxy-unf20-r4-2791360_17.err
2791360	20260703_proxy_top20_unfrozen20_standard	/data/42-julia-hpc-ai-cv-students/s471802/nn-gpt-runs/parallel_runs/20260703_proxy_top20_unfrozen20_standard/slurm/proxy-unf20-r4-2791360_17.out
2791360	20260703_proxy_top20_unfrozen20_standard	/data/42-julia-hpc-ai-cv-students/s471802/nn-gpt-runs/parallel_runs/20260703_proxy_top20_unfrozen20_standard/slurm/proxy-unf20-r4-2791360_18.err
2791360	20260703_proxy_top20_unfrozen20_standard	/data/42-julia-hpc-ai-cv-students/s471802/nn-gpt-runs/parallel_runs/20260703_proxy_top20_unfrozen20_standard/slurm/proxy-unf20-r4-2791360_18.out
2791360	20260703_proxy_top20_unfrozen20_standard	/data/42-julia-hpc-ai-cv-students/s471802/nn-gpt-runs/parallel_runs/20260703_proxy_top20_unfrozen20_standard/slurm/proxy-unf20-r4-2791360_19.err
2791360	20260703_proxy_top20_unfrozen20_standard	/data/42-julia-hpc-ai-cv-students/s471802/nn-gpt-runs/parallel_runs/20260703_proxy_top20_unfrozen20_standard/slurm/proxy-unf20-r4-2791360_19.out
2791360	20260703_proxy_top20_unfrozen20_standard	/data/42-julia-hpc-ai-cv-students/s471802/nn-gpt-runs/parallel_runs/20260703_proxy_top20_unfrozen20_standard/slurm/proxy-unf20-r4-2791360_2.err
2791360	20260703_proxy_top20_unfrozen20_standard	/data/42-julia-hpc-ai-cv-students/s471802/nn-gpt-runs/parallel_runs/20260703_proxy_top20_unfrozen20_standard/slurm/proxy-unf20-r4-2791360_2.out
2791360	20260703_proxy_top20_unfrozen20_standard	/data/42-julia-hpc-ai-cv-students/s471802/nn-gpt-runs/parallel_runs/20260703_proxy_top20_unfrozen20_standard/slurm/proxy-unf20-r4-2791360_3.err
2791360	20260703_proxy_top20_unfrozen20_standard	/data/42-julia-hpc-ai-cv-students/s471802/nn-gpt-runs/parallel_runs/20260703_proxy_top20_unfrozen20_standard/slurm/proxy-unf20-r4-2791360_3.out
2791360	20260703_proxy_top20_unfrozen20_standard	/data/42-julia-hpc-ai-cv-students/s471802/nn-gpt-runs/parallel_runs/20260703_proxy_top20_unfrozen20_standard/slurm/proxy-unf20-r4-2791360_4.err
2791360	20260703_proxy_top20_unfrozen20_standard	/data/42-julia-hpc-ai-cv-students/s471802/nn-gpt-runs/parallel_runs/20260703_proxy_top20_unfrozen20_standard/slurm/proxy-unf20-r4-2791360_4.out
2791360	20260703_proxy_top20_unfrozen20_standard	/data/42-julia-hpc-ai-cv-students/s471802/nn-gpt-runs/parallel_runs/20260703_proxy_top20_unfrozen20_standard/slurm/proxy-unf20-r4-2791360_5.err
2791360	20260703_proxy_top20_unfrozen20_standard	/data/42-julia-hpc-ai-cv-students/s471802/nn-gpt-runs/parallel_runs/20260703_proxy_top20_unfrozen20_standard/slurm/proxy-unf20-r4-2791360_5.out
2791360	20260703_proxy_top20_unfrozen20_standard	/data/42-julia-hpc-ai-cv-students/s471802/nn-gpt-runs/parallel_runs/20260703_proxy_top20_unfrozen20_standard/slurm/proxy-unf20-r4-2791360_6.err
2791360	20260703_proxy_top20_unfrozen20_standard	/data/42-julia-hpc-ai-cv-students/s471802/nn-gpt-runs/parallel_runs/20260703_proxy_top20_unfrozen20_standard/slurm/proxy-unf20-r4-2791360_6.out
2791360	20260703_proxy_top20_unfrozen20_standard	/data/42-julia-hpc-ai-cv-students/s471802/nn-gpt-runs/parallel_runs/20260703_proxy_top20_unfrozen20_standard/slurm/proxy-unf20-r4-2791360_7.err
2791360	20260703_proxy_top20_unfrozen20_standard	/data/42-julia-hpc-ai-cv-students/s471802/nn-gpt-runs/parallel_runs/20260703_proxy_top20_unfrozen20_standard/slurm/proxy-unf20-r4-2791360_7.out
2791360	20260703_proxy_top20_unfrozen20_standard	/data/42-julia-hpc-ai-cv-students/s471802/nn-gpt-runs/parallel_runs/20260703_proxy_top20_unfrozen20_standard/slurm/proxy-unf20-r4-2791360_8.err
2791360	20260703_proxy_top20_unfrozen20_standard	/data/42-julia-hpc-ai-cv-students/s471802/nn-gpt-runs/parallel_runs/20260703_proxy_top20_unfrozen20_standard/slurm/proxy-unf20-r4-2791360_8.out
2791360	20260703_proxy_top20_unfrozen20_standard	/data/42-julia-hpc-ai-cv-students/s471802/nn-gpt-runs/parallel_runs/20260703_proxy_top20_unfrozen20_standard/slurm/proxy-unf20-r4-2791360_9.err
2791360	20260703_proxy_top20_unfrozen20_standard	/data/42-julia-hpc-ai-cv-students/s471802/nn-gpt-runs/parallel_runs/20260703_proxy_top20_unfrozen20_standard/slurm/proxy-unf20-r4-2791360_9.out
2791380	20260703_proxy_top20_unfrozen20_standard	/data/42-julia-hpc-ai-cv-students/s471802/nn-gpt-runs/parallel_runs/20260703_proxy_top20_unfrozen20_standard/slurm/proxy-unf20-r5-2791380_0.err
2791380	20260703_proxy_top20_unfrozen20_standard	/data/42-julia-hpc-ai-cv-students/s471802/nn-gpt-runs/parallel_runs/20260703_proxy_top20_unfrozen20_standard/slurm/proxy-unf20-r5-2791380_0.out
2791380	20260703_proxy_top20_unfrozen20_standard	/data/42-julia-hpc-ai-cv-students/s471802/nn-gpt-runs/parallel_runs/20260703_proxy_top20_unfrozen20_standard/slurm/proxy-unf20-r5-2791380_1.err
2791380	20260703_proxy_top20_unfrozen20_standard	/data/42-julia-hpc-ai-cv-students/s471802/nn-gpt-runs/parallel_runs/20260703_proxy_top20_unfrozen20_standard/slurm/proxy-unf20-r5-2791380_1.out
2791380	20260703_proxy_top20_unfrozen20_standard	/data/42-julia-hpc-ai-cv-students/s471802/nn-gpt-runs/parallel_runs/20260703_proxy_top20_unfrozen20_standard/slurm/proxy-unf20-r5-2791380_10.err
2791380	20260703_proxy_top20_unfrozen20_standard	/data/42-julia-hpc-ai-cv-students/s471802/nn-gpt-runs/parallel_runs/20260703_proxy_top20_unfrozen20_standard/slurm/proxy-unf20-r5-2791380_10.out
2791380	20260703_proxy_top20_unfrozen20_standard	/data/42-julia-hpc-ai-cv-students/s471802/nn-gpt-runs/parallel_runs/20260703_proxy_top20_unfrozen20_standard/slurm/proxy-unf20-r5-2791380_11.err
2791380	20260703_proxy_top20_unfrozen20_standard	/data/42-julia-hpc-ai-cv-students/s471802/nn-gpt-runs/parallel_runs/20260703_proxy_top20_unfrozen20_standard/slurm/proxy-unf20-r5-2791380_11.out
2791380	20260703_proxy_top20_unfrozen20_standard	/data/42-julia-hpc-ai-cv-students/s471802/nn-gpt-runs/parallel_runs/20260703_proxy_top20_unfrozen20_standard/slurm/proxy-unf20-r5-2791380_12.err
2791380	20260703_proxy_top20_unfrozen20_standard	/data/42-julia-hpc-ai-cv-students/s471802/nn-gpt-runs/parallel_runs/20260703_proxy_top20_unfrozen20_standard/slurm/proxy-unf20-r5-2791380_12.out
2791380	20260703_proxy_top20_unfrozen20_standard	/data/42-julia-hpc-ai-cv-students/s471802/nn-gpt-runs/parallel_runs/20260703_proxy_top20_unfrozen20_standard/slurm/proxy-unf20-r5-2791380_13.err
2791380	20260703_proxy_top20_unfrozen20_standard	/data/42-julia-hpc-ai-cv-students/s471802/nn-gpt-runs/parallel_runs/20260703_proxy_top20_unfrozen20_standard/slurm/proxy-unf20-r5-2791380_13.out
2791380	20260703_proxy_top20_unfrozen20_standard	/data/42-julia-hpc-ai-cv-students/s471802/nn-gpt-runs/parallel_runs/20260703_proxy_top20_unfrozen20_standard/slurm/proxy-unf20-r5-2791380_14.err
2791380	20260703_proxy_top20_unfrozen20_standard	/data/42-julia-hpc-ai-cv-students/s471802/nn-gpt-runs/parallel_runs/20260703_proxy_top20_unfrozen20_standard/slurm/proxy-unf20-r5-2791380_14.out
2791380	20260703_proxy_top20_unfrozen20_standard	/data/42-julia-hpc-ai-cv-students/s471802/nn-gpt-runs/parallel_runs/20260703_proxy_top20_unfrozen20_standard/slurm/proxy-unf20-r5-2791380_15.err
2791380	20260703_proxy_top20_unfrozen20_standard	/data/42-julia-hpc-ai-cv-students/s471802/nn-gpt-runs/parallel_runs/20260703_proxy_top20_unfrozen20_standard/slurm/proxy-unf20-r5-2791380_15.out
2791380	20260703_proxy_top20_unfrozen20_standard	/data/42-julia-hpc-ai-cv-students/s471802/nn-gpt-runs/parallel_runs/20260703_proxy_top20_unfrozen20_standard/slurm/proxy-unf20-r5-2791380_16.err
2791380	20260703_proxy_top20_unfrozen20_standard	/data/42-julia-hpc-ai-cv-students/s471802/nn-gpt-runs/parallel_runs/20260703_proxy_top20_unfrozen20_standard/slurm/proxy-unf20-r5-2791380_16.out
2791380	20260703_proxy_top20_unfrozen20_standard	/data/42-julia-hpc-ai-cv-students/s471802/nn-gpt-runs/parallel_runs/20260703_proxy_top20_unfrozen20_standard/slurm/proxy-unf20-r5-2791380_17.err
2791380	20260703_proxy_top20_unfrozen20_standard	/data/42-julia-hpc-ai-cv-students/s471802/nn-gpt-runs/parallel_runs/20260703_proxy_top20_unfrozen20_standard/slurm/proxy-unf20-r5-2791380_17.out
2791380	20260703_proxy_top20_unfrozen20_standard	/data/42-julia-hpc-ai-cv-students/s471802/nn-gpt-runs/parallel_runs/20260703_proxy_top20_unfrozen20_standard/slurm/proxy-unf20-r5-2791380_18.err
2791380	20260703_proxy_top20_unfrozen20_standard	/data/42-julia-hpc-ai-cv-students/s471802/nn-gpt-runs/parallel_runs/20260703_proxy_top20_unfrozen20_standard/slurm/proxy-unf20-r5-2791380_18.out
2791380	20260703_proxy_top20_unfrozen20_standard	/data/42-julia-hpc-ai-cv-students/s471802/nn-gpt-runs/parallel_runs/20260703_proxy_top20_unfrozen20_standard/slurm/proxy-unf20-r5-2791380_19.err
2791380	20260703_proxy_top20_unfrozen20_standard	/data/42-julia-hpc-ai-cv-students/s471802/nn-gpt-runs/parallel_runs/20260703_proxy_top20_unfrozen20_standard/slurm/proxy-unf20-r5-2791380_19.out
2791380	20260703_proxy_top20_unfrozen20_standard	/data/42-julia-hpc-ai-cv-students/s471802/nn-gpt-runs/parallel_runs/20260703_proxy_top20_unfrozen20_standard/slurm/proxy-unf20-r5-2791380_2.err
2791380	20260703_proxy_top20_unfrozen20_standard	/data/42-julia-hpc-ai-cv-students/s471802/nn-gpt-runs/parallel_runs/20260703_proxy_top20_unfrozen20_standard/slurm/proxy-unf20-r5-2791380_2.out
2791380	20260703_proxy_top20_unfrozen20_standard	/data/42-julia-hpc-ai-cv-students/s471802/nn-gpt-runs/parallel_runs/20260703_proxy_top20_unfrozen20_standard/slurm/proxy-unf20-r5-2791380_3.err
2791380	20260703_proxy_top20_unfrozen20_standard	/data/42-julia-hpc-ai-cv-students/s471802/nn-gpt-runs/parallel_runs/20260703_proxy_top20_unfrozen20_standard/slurm/proxy-unf20-r5-2791380_3.out
2791380	20260703_proxy_top20_unfrozen20_standard	/data/42-julia-hpc-ai-cv-students/s471802/nn-gpt-runs/parallel_runs/20260703_proxy_top20_unfrozen20_standard/slurm/proxy-unf20-r5-2791380_4.err
2791380	20260703_proxy_top20_unfrozen20_standard	/data/42-julia-hpc-ai-cv-students/s471802/nn-gpt-runs/parallel_runs/20260703_proxy_top20_unfrozen20_standard/slurm/proxy-unf20-r5-2791380_4.out
2791380	20260703_proxy_top20_unfrozen20_standard	/data/42-julia-hpc-ai-cv-students/s471802/nn-gpt-runs/parallel_runs/20260703_proxy_top20_unfrozen20_standard/slurm/proxy-unf20-r5-2791380_5.err
2791380	20260703_proxy_top20_unfrozen20_standard	/data/42-julia-hpc-ai-cv-students/s471802/nn-gpt-runs/parallel_runs/20260703_proxy_top20_unfrozen20_standard/slurm/proxy-unf20-r5-2791380_5.out
2791380	20260703_proxy_top20_unfrozen20_standard	/data/42-julia-hpc-ai-cv-students/s471802/nn-gpt-runs/parallel_runs/20260703_proxy_top20_unfrozen20_standard/slurm/proxy-unf20-r5-2791380_6.err
2791380	20260703_proxy_top20_unfrozen20_standard	/data/42-julia-hpc-ai-cv-students/s471802/nn-gpt-runs/parallel_runs/20260703_proxy_top20_unfrozen20_standard/slurm/proxy-unf20-r5-2791380_6.out
2791380	20260703_proxy_top20_unfrozen20_standard	/data/42-julia-hpc-ai-cv-students/s471802/nn-gpt-runs/parallel_runs/20260703_proxy_top20_unfrozen20_standard/slurm/proxy-unf20-r5-2791380_7.err
2791380	20260703_proxy_top20_unfrozen20_standard	/data/42-julia-hpc-ai-cv-students/s471802/nn-gpt-runs/parallel_runs/20260703_proxy_top20_unfrozen20_standard/slurm/proxy-unf20-r5-2791380_7.out
2791380	20260703_proxy_top20_unfrozen20_standard	/data/42-julia-hpc-ai-cv-students/s471802/nn-gpt-runs/parallel_runs/20260703_proxy_top20_unfrozen20_standard/slurm/proxy-unf20-r5-2791380_8.err
2791380	20260703_proxy_top20_unfrozen20_standard	/data/42-julia-hpc-ai-cv-students/s471802/nn-gpt-runs/parallel_runs/20260703_proxy_top20_unfrozen20_standard/slurm/proxy-unf20-r5-2791380_8.out
2791380	20260703_proxy_top20_unfrozen20_standard	/data/42-julia-hpc-ai-cv-students/s471802/nn-gpt-runs/parallel_runs/20260703_proxy_top20_unfrozen20_standard/slurm/proxy-unf20-r5-2791380_9.err
2791380	20260703_proxy_top20_unfrozen20_standard	/data/42-julia-hpc-ai-cv-students/s471802/nn-gpt-runs/parallel_runs/20260703_proxy_top20_unfrozen20_standard/slurm/proxy-unf20-r5-2791380_9.out
2791401	20260703_proxy_top20_unfrozen20_standard	/data/42-julia-hpc-ai-cv-students/s471802/nn-gpt-runs/parallel_runs/20260703_proxy_top20_unfrozen20_standard/slurm/proxy-unf20-r6-2791401_0.err
2791401	20260703_proxy_top20_unfrozen20_standard	/data/42-julia-hpc-ai-cv-students/s471802/nn-gpt-runs/parallel_runs/20260703_proxy_top20_unfrozen20_standard/slurm/proxy-unf20-r6-2791401_0.out
2791401	20260703_proxy_top20_unfrozen20_standard	/data/42-julia-hpc-ai-cv-students/s471802/nn-gpt-runs/parallel_runs/20260703_proxy_top20_unfrozen20_standard/slurm/proxy-unf20-r6-2791401_1.err
2791401	20260703_proxy_top20_unfrozen20_standard	/data/42-julia-hpc-ai-cv-students/s471802/nn-gpt-runs/parallel_runs/20260703_proxy_top20_unfrozen20_standard/slurm/proxy-unf20-r6-2791401_1.out
2791401	20260703_proxy_top20_unfrozen20_standard	/data/42-julia-hpc-ai-cv-students/s471802/nn-gpt-runs/parallel_runs/20260703_proxy_top20_unfrozen20_standard/slurm/proxy-unf20-r6-2791401_10.err
2791401	20260703_proxy_top20_unfrozen20_standard	/data/42-julia-hpc-ai-cv-students/s471802/nn-gpt-runs/parallel_runs/20260703_proxy_top20_unfrozen20_standard/slurm/proxy-unf20-r6-2791401_10.out
2791401	20260703_proxy_top20_unfrozen20_standard	/data/42-julia-hpc-ai-cv-students/s471802/nn-gpt-runs/parallel_runs/20260703_proxy_top20_unfrozen20_standard/slurm/proxy-unf20-r6-2791401_11.err
2791401	20260703_proxy_top20_unfrozen20_standard	/data/42-julia-hpc-ai-cv-students/s471802/nn-gpt-runs/parallel_runs/20260703_proxy_top20_unfrozen20_standard/slurm/proxy-unf20-r6-2791401_11.out
2791401	20260703_proxy_top20_unfrozen20_standard	/data/42-julia-hpc-ai-cv-students/s471802/nn-gpt-runs/parallel_runs/20260703_proxy_top20_unfrozen20_standard/slurm/proxy-unf20-r6-2791401_12.err
2791401	20260703_proxy_top20_unfrozen20_standard	/data/42-julia-hpc-ai-cv-students/s471802/nn-gpt-runs/parallel_runs/20260703_proxy_top20_unfrozen20_standard/slurm/proxy-unf20-r6-2791401_12.out
2791401	20260703_proxy_top20_unfrozen20_standard	/data/42-julia-hpc-ai-cv-students/s471802/nn-gpt-runs/parallel_runs/20260703_proxy_top20_unfrozen20_standard/slurm/proxy-unf20-r6-2791401_13.err
2791401	20260703_proxy_top20_unfrozen20_standard	/data/42-julia-hpc-ai-cv-students/s471802/nn-gpt-runs/parallel_runs/20260703_proxy_top20_unfrozen20_standard/slurm/proxy-unf20-r6-2791401_13.out
2791401	20260703_proxy_top20_unfrozen20_standard	/data/42-julia-hpc-ai-cv-students/s471802/nn-gpt-runs/parallel_runs/20260703_proxy_top20_unfrozen20_standard/slurm/proxy-unf20-r6-2791401_14.err
2791401	20260703_proxy_top20_unfrozen20_standard	/data/42-julia-hpc-ai-cv-students/s471802/nn-gpt-runs/parallel_runs/20260703_proxy_top20_unfrozen20_standard/slurm/proxy-unf20-r6-2791401_14.out
2791401	20260703_proxy_top20_unfrozen20_standard	/data/42-julia-hpc-ai-cv-students/s471802/nn-gpt-runs/parallel_runs/20260703_proxy_top20_unfrozen20_standard/slurm/proxy-unf20-r6-2791401_15.err
2791401	20260703_proxy_top20_unfrozen20_standard	/data/42-julia-hpc-ai-cv-students/s471802/nn-gpt-runs/parallel_runs/20260703_proxy_top20_unfrozen20_standard/slurm/proxy-unf20-r6-2791401_15.out
2791401	20260703_proxy_top20_unfrozen20_standard	/data/42-julia-hpc-ai-cv-students/s471802/nn-gpt-runs/parallel_runs/20260703_proxy_top20_unfrozen20_standard/slurm/proxy-unf20-r6-2791401_16.err
2791401	20260703_proxy_top20_unfrozen20_standard	/data/42-julia-hpc-ai-cv-students/s471802/nn-gpt-runs/parallel_runs/20260703_proxy_top20_unfrozen20_standard/slurm/proxy-unf20-r6-2791401_16.out
2791401	20260703_proxy_top20_unfrozen20_standard	/data/42-julia-hpc-ai-cv-students/s471802/nn-gpt-runs/parallel_runs/20260703_proxy_top20_unfrozen20_standard/slurm/proxy-unf20-r6-2791401_17.err
2791401	20260703_proxy_top20_unfrozen20_standard	/data/42-julia-hpc-ai-cv-students/s471802/nn-gpt-runs/parallel_runs/20260703_proxy_top20_unfrozen20_standard/slurm/proxy-unf20-r6-2791401_17.out
2791401	20260703_proxy_top20_unfrozen20_standard	/data/42-julia-hpc-ai-cv-students/s471802/nn-gpt-runs/parallel_runs/20260703_proxy_top20_unfrozen20_standard/slurm/proxy-unf20-r6-2791401_18.err
2791401	20260703_proxy_top20_unfrozen20_standard	/data/42-julia-hpc-ai-cv-students/s471802/nn-gpt-runs/parallel_runs/20260703_proxy_top20_unfrozen20_standard/slurm/proxy-unf20-r6-2791401_18.out
2791401	20260703_proxy_top20_unfrozen20_standard	/data/42-julia-hpc-ai-cv-students/s471802/nn-gpt-runs/parallel_runs/20260703_proxy_top20_unfrozen20_standard/slurm/proxy-unf20-r6-2791401_19.err
2791401	20260703_proxy_top20_unfrozen20_standard	/data/42-julia-hpc-ai-cv-students/s471802/nn-gpt-runs/parallel_runs/20260703_proxy_top20_unfrozen20_standard/slurm/proxy-unf20-r6-2791401_19.out
2791401	20260703_proxy_top20_unfrozen20_standard	/data/42-julia-hpc-ai-cv-students/s471802/nn-gpt-runs/parallel_runs/20260703_proxy_top20_unfrozen20_standard/slurm/proxy-unf20-r6-2791401_2.err
2791401	20260703_proxy_top20_unfrozen20_standard	/data/42-julia-hpc-ai-cv-students/s471802/nn-gpt-runs/parallel_runs/20260703_proxy_top20_unfrozen20_standard/slurm/proxy-unf20-r6-2791401_2.out
2791401	20260703_proxy_top20_unfrozen20_standard	/data/42-julia-hpc-ai-cv-students/s471802/nn-gpt-runs/parallel_runs/20260703_proxy_top20_unfrozen20_standard/slurm/proxy-unf20-r6-2791401_3.err
2791401	20260703_proxy_top20_unfrozen20_standard	/data/42-julia-hpc-ai-cv-students/s471802/nn-gpt-runs/parallel_runs/20260703_proxy_top20_unfrozen20_standard/slurm/proxy-unf20-r6-2791401_3.out
2791401	20260703_proxy_top20_unfrozen20_standard	/data/42-julia-hpc-ai-cv-students/s471802/nn-gpt-runs/parallel_runs/20260703_proxy_top20_unfrozen20_standard/slurm/proxy-unf20-r6-2791401_4.err
2791401	20260703_proxy_top20_unfrozen20_standard	/data/42-julia-hpc-ai-cv-students/s471802/nn-gpt-runs/parallel_runs/20260703_proxy_top20_unfrozen20_standard/slurm/proxy-unf20-r6-2791401_4.out
2791401	20260703_proxy_top20_unfrozen20_standard	/data/42-julia-hpc-ai-cv-students/s471802/nn-gpt-runs/parallel_runs/20260703_proxy_top20_unfrozen20_standard/slurm/proxy-unf20-r6-2791401_5.err
2791401	20260703_proxy_top20_unfrozen20_standard	/data/42-julia-hpc-ai-cv-students/s471802/nn-gpt-runs/parallel_runs/20260703_proxy_top20_unfrozen20_standard/slurm/proxy-unf20-r6-2791401_5.out
2791401	20260703_proxy_top20_unfrozen20_standard	/data/42-julia-hpc-ai-cv-students/s471802/nn-gpt-runs/parallel_runs/20260703_proxy_top20_unfrozen20_standard/slurm/proxy-unf20-r6-2791401_6.err
2791401	20260703_proxy_top20_unfrozen20_standard	/data/42-julia-hpc-ai-cv-students/s471802/nn-gpt-runs/parallel_runs/20260703_proxy_top20_unfrozen20_standard/slurm/proxy-unf20-r6-2791401_6.out
2791401	20260703_proxy_top20_unfrozen20_standard	/data/42-julia-hpc-ai-cv-students/s471802/nn-gpt-runs/parallel_runs/20260703_proxy_top20_unfrozen20_standard/slurm/proxy-unf20-r6-2791401_7.err
2791401	20260703_proxy_top20_unfrozen20_standard	/data/42-julia-hpc-ai-cv-students/s471802/nn-gpt-runs/parallel_runs/20260703_proxy_top20_unfrozen20_standard/slurm/proxy-unf20-r6-2791401_7.out
2791401	20260703_proxy_top20_unfrozen20_standard	/data/42-julia-hpc-ai-cv-students/s471802/nn-gpt-runs/parallel_runs/20260703_proxy_top20_unfrozen20_standard/slurm/proxy-unf20-r6-2791401_8.err
2791401	20260703_proxy_top20_unfrozen20_standard	/data/42-julia-hpc-ai-cv-students/s471802/nn-gpt-runs/parallel_runs/20260703_proxy_top20_unfrozen20_standard/slurm/proxy-unf20-r6-2791401_8.out
2791401	20260703_proxy_top20_unfrozen20_standard	/data/42-julia-hpc-ai-cv-students/s471802/nn-gpt-runs/parallel_runs/20260703_proxy_top20_unfrozen20_standard/slurm/proxy-unf20-r6-2791401_9.err
2791401	20260703_proxy_top20_unfrozen20_standard	/data/42-julia-hpc-ai-cv-students/s471802/nn-gpt-runs/parallel_runs/20260703_proxy_top20_unfrozen20_standard/slurm/proxy-unf20-r6-2791401_9.out
2791416	20260703_qwen_cifar10_e5_seed42	/data/42-julia-hpc-ai-cv-students/s471802/nn-gpt-runs/parallel_runs/20260703_qwen_cifar10_e5_seed42/slurm/qwen-c10-e5-s42-2791416.err
2791416	20260703_qwen_cifar10_e5_seed42	/data/42-julia-hpc-ai-cv-students/s471802/nn-gpt-runs/parallel_runs/20260703_qwen_cifar10_e5_seed42/slurm/qwen-c10-e5-s42-2791416.out
2791417	20260703_qwen_cifar10_e5_seed123	/data/42-julia-hpc-ai-cv-students/s471802/nn-gpt-runs/parallel_runs/20260703_qwen_cifar10_e5_seed123/slurm/qwen-c10-e5-s123-2791417.err
2791417	20260703_qwen_cifar10_e5_seed123	/data/42-julia-hpc-ai-cv-students/s471802/nn-gpt-runs/parallel_runs/20260703_qwen_cifar10_e5_seed123/slurm/qwen-c10-e5-s123-2791417.out
2791418	20260703_qwen_cifar10_e5_seed777	/data/42-julia-hpc-ai-cv-students/s471802/nn-gpt-runs/parallel_runs/20260703_qwen_cifar10_e5_seed777/slurm/qwen-c10-e5-s777-2791418.err
2791418	20260703_qwen_cifar10_e5_seed777	/data/42-julia-hpc-ai-cv-students/s471802/nn-gpt-runs/parallel_runs/20260703_qwen_cifar10_e5_seed777/slurm/qwen-c10-e5-s777-2791418.out
2791927	20260704_qwen_cifar10_e5_seed42	/data/42-julia-hpc-ai-cv-students/s471802/nn-gpt-runs/parallel_runs/20260704_qwen_cifar10_e5_seed42/slurm/qwen-c10-e5-s42-2791927.err
2791927	20260704_qwen_cifar10_e5_seed42	/data/42-julia-hpc-ai-cv-students/s471802/nn-gpt-runs/parallel_runs/20260704_qwen_cifar10_e5_seed42/slurm/qwen-c10-e5-s42-2791927.out
2791928	20260704_qwen_cifar10_e5_seed123	/data/42-julia-hpc-ai-cv-students/s471802/nn-gpt-runs/parallel_runs/20260704_qwen_cifar10_e5_seed123/slurm/qwen-c10-e5-s123-2791928.err
2791928	20260704_qwen_cifar10_e5_seed123	/data/42-julia-hpc-ai-cv-students/s471802/nn-gpt-runs/parallel_runs/20260704_qwen_cifar10_e5_seed123/slurm/qwen-c10-e5-s123-2791928.out
2791929	20260704_qwen_cifar10_e5_seed777	/data/42-julia-hpc-ai-cv-students/s471802/nn-gpt-runs/parallel_runs/20260704_qwen_cifar10_e5_seed777/slurm/qwen-c10-e5-s777-2791929.err
2791929	20260704_qwen_cifar10_e5_seed777	/data/42-julia-hpc-ai-cv-students/s471802/nn-gpt-runs/parallel_runs/20260704_qwen_cifar10_e5_seed777/slurm/qwen-c10-e5-s777-2791929.out
2791929	20260704_qwen_cifar10_e5_seed777_backup_before_resume_20260705_1117	/data/42-julia-hpc-ai-cv-students/s471802/nn-gpt-runs/parallel_runs/20260704_qwen_cifar10_e5_seed777_backup_before_resume_20260705_1117/slurm/qwen-c10-e5-s777-2791929.err
2791929	20260704_qwen_cifar10_e5_seed777_backup_before_resume_20260705_1117	/data/42-julia-hpc-ai-cv-students/s471802/nn-gpt-runs/parallel_runs/20260704_qwen_cifar10_e5_seed777_backup_before_resume_20260705_1117/slurm/qwen-c10-e5-s777-2791929.out
2793551	20260704_qwen_cifar10_e5_seed777	/data/42-julia-hpc-ai-cv-students/s471802/nn-gpt-runs/parallel_runs/20260704_qwen_cifar10_e5_seed777/slurm/qwen-c10-e5-s777-resume-2793551.err
2793551	20260704_qwen_cifar10_e5_seed777	/data/42-julia-hpc-ai-cv-students/s471802/nn-gpt-runs/parallel_runs/20260704_qwen_cifar10_e5_seed777/slurm/qwen-c10-e5-s777-resume-2793551.out
2793551	20260704_qwen_cifar10_e5_seed777_backup_before_resume_20260705_1117	/data/42-julia-hpc-ai-cv-students/s471802/nn-gpt-runs/parallel_runs/20260704_qwen_cifar10_e5_seed777_backup_before_resume_20260705_1117/slurm/qwen-c10-e5-s777-resume-2793551.err
2793551	20260704_qwen_cifar10_e5_seed777_backup_before_resume_20260705_1117	/data/42-julia-hpc-ai-cv-students/s471802/nn-gpt-runs/parallel_runs/20260704_qwen_cifar10_e5_seed777_backup_before_resume_20260705_1117/slurm/qwen-c10-e5-s777-resume-2793551.out
2793555	20260704_qwen_cifar10_e5_seed777	/data/42-julia-hpc-ai-cv-students/s471802/nn-gpt-runs/parallel_runs/20260704_qwen_cifar10_e5_seed777/slurm/qwen-c10-e5-s777-resume-fixed-2793555.err
2793555	20260704_qwen_cifar10_e5_seed777	/data/42-julia-hpc-ai-cv-students/s471802/nn-gpt-runs/parallel_runs/20260704_qwen_cifar10_e5_seed777/slurm/qwen-c10-e5-s777-resume-fixed-2793555.out
2793568	20260704_qwen_cifar10_e5_seed777	/data/42-julia-hpc-ai-cv-students/s471802/nn-gpt-runs/parallel_runs/20260704_qwen_cifar10_e5_seed777/slurm/qwen-c10-e5-s777-resume-final-2793568.err
2793568	20260704_qwen_cifar10_e5_seed777	/data/42-julia-hpc-ai-cv-students/s471802/nn-gpt-runs/parallel_runs/20260704_qwen_cifar10_e5_seed777/slurm/qwen-c10-e5-s777-resume-final-2793568.out
2866647	20260718_1pattern_a9_cifar100_e5_p3500_c1200_s100_h100x4_shared_full_reward_seed42	/data/42-julia-hpc-ai-cv-students/s471802/nn-gpt-runs/parallel_runs/20260718_1pattern_a9_cifar100_e5_p3500_c1200_s100_h100x4_shared_full_reward_seed42/slurm/rl-1p-c100-s42-2866647.err
2866647	20260718_1pattern_a9_cifar100_e5_p3500_c1200_s100_h100x4_shared_full_reward_seed42	/data/42-julia-hpc-ai-cv-students/s471802/nn-gpt-runs/parallel_runs/20260718_1pattern_a9_cifar100_e5_p3500_c1200_s100_h100x4_shared_full_reward_seed42/slurm/rl-1p-c100-s42-2866647.out
2866647	20260718_1pattern_a9_cifar100_e5_p3500_c1200_s100_h100x4_shared_full_reward_seed42	/data/42-julia-hpc-ai-cv-students/s471802/nn-gpt-runs/parallel_runs/20260718_1pattern_a9_cifar100_e5_p3500_c1200_s100_h100x4_shared_full_reward_seed42/slurm/tunerl-finalize-1p_c100_e5_s42-2866647.err
2866647	20260718_1pattern_a9_cifar100_e5_p3500_c1200_s100_h100x4_shared_full_reward_seed42	/data/42-julia-hpc-ai-cv-students/s471802/nn-gpt-runs/parallel_runs/20260718_1pattern_a9_cifar100_e5_p3500_c1200_s100_h100x4_shared_full_reward_seed42/slurm/tunerl-finalize-1p_c100_e5_s42-2866647.out
2878976	20260720_1pattern_a9_cifar100_e5_p3500_c1200_s100_l40sx4_excl_full_reward_seed123	/data/42-julia-hpc-ai-cv-students/s471802/nn-gpt-runs/parallel_runs/20260720_1pattern_a9_cifar100_e5_p3500_c1200_s100_l40sx4_excl_full_reward_seed123/slurm/rl-1p-c100-s123-2878976.err
2878976	20260720_1pattern_a9_cifar100_e5_p3500_c1200_s100_l40sx4_excl_full_reward_seed123	/data/42-julia-hpc-ai-cv-students/s471802/nn-gpt-runs/parallel_runs/20260720_1pattern_a9_cifar100_e5_p3500_c1200_s100_l40sx4_excl_full_reward_seed123/slurm/rl-1p-c100-s123-2878976.out
2943044	20260723_1pattern_a9_cifar100_e5_p3500_c1200_s100_h100x4_shared_full_reward_seed123_rerun	/data/42-julia-hpc-ai-cv-students/s471802/nn-gpt-runs/parallel_runs/20260723_1pattern_a9_cifar100_e5_p3500_c1200_s100_h100x4_shared_full_reward_seed123_rerun/slurm/rl-1p-c100-s123-rerun-2943044.err
2943044	20260723_1pattern_a9_cifar100_e5_p3500_c1200_s100_h100x4_shared_full_reward_seed123_rerun	/data/42-julia-hpc-ai-cv-students/s471802/nn-gpt-runs/parallel_runs/20260723_1pattern_a9_cifar100_e5_p3500_c1200_s100_h100x4_shared_full_reward_seed123_rerun/slurm/rl-1p-c100-s123-rerun-2943044.out
2943044	20260723_1pattern_a9_cifar100_e5_p3500_c1200_s100_h100x4_shared_full_reward_seed123_rerun	/data/42-julia-hpc-ai-cv-students/s471802/nn-gpt-runs/parallel_runs/20260723_1pattern_a9_cifar100_e5_p3500_c1200_s100_h100x4_shared_full_reward_seed123_rerun/slurm/tunerl-finalize-1p_c100_e5_s123_rerun-2943044.err
2943044	20260723_1pattern_a9_cifar100_e5_p3500_c1200_s100_h100x4_shared_full_reward_seed123_rerun	/data/42-julia-hpc-ai-cv-students/s471802/nn-gpt-runs/parallel_runs/20260723_1pattern_a9_cifar100_e5_p3500_c1200_s100_h100x4_shared_full_reward_seed123_rerun/slurm/tunerl-finalize-1p_c100_e5_s123_rerun-2943044.out
2944149	20260723_1pattern_a9_cifar100_e5_p3500_c1200_s100_h100x4_shared_full_reward_seed777	/data/42-julia-hpc-ai-cv-students/s471802/nn-gpt-runs/parallel_runs/20260723_1pattern_a9_cifar100_e5_p3500_c1200_s100_h100x4_shared_full_reward_seed777/slurm/rl-1p-c100-s777-2944149.err
2944149	20260723_1pattern_a9_cifar100_e5_p3500_c1200_s100_h100x4_shared_full_reward_seed777	/data/42-julia-hpc-ai-cv-students/s471802/nn-gpt-runs/parallel_runs/20260723_1pattern_a9_cifar100_e5_p3500_c1200_s100_h100x4_shared_full_reward_seed777/slurm/rl-1p-c100-s777-2944149.out
2944149	20260723_1pattern_a9_cifar100_e5_p3500_c1200_s100_h100x4_shared_full_reward_seed777	/data/42-julia-hpc-ai-cv-students/s471802/nn-gpt-runs/parallel_runs/20260723_1pattern_a9_cifar100_e5_p3500_c1200_s100_h100x4_shared_full_reward_seed777/slurm/tunerl-finalize-1p_c100_e5_s777-2944149.err
2944149	20260723_1pattern_a9_cifar100_e5_p3500_c1200_s100_h100x4_shared_full_reward_seed777	/data/42-julia-hpc-ai-cv-students/s471802/nn-gpt-runs/parallel_runs/20260723_1pattern_a9_cifar100_e5_p3500_c1200_s100_h100x4_shared_full_reward_seed777/slurm/tunerl-finalize-1p_c100_e5_s777-2944149.out
2960907	20260726_4pattern_a18_cifar100_e5_p3500_c1200_s100_h100x4_shared_full_reward_seed42	/data/42-julia-hpc-ai-cv-students/s471802/nn-gpt-runs/parallel_runs/20260726_4pattern_a18_cifar100_e5_p3500_c1200_s100_h100x4_shared_full_reward_seed42/slurm/rl-4p-c100-s42-2960907.err
2960907	20260726_4pattern_a18_cifar100_e5_p3500_c1200_s100_h100x4_shared_full_reward_seed42	/data/42-julia-hpc-ai-cv-students/s471802/nn-gpt-runs/parallel_runs/20260726_4pattern_a18_cifar100_e5_p3500_c1200_s100_h100x4_shared_full_reward_seed42/slurm/rl-4p-c100-s42-2960907.out
2960907	20260726_4pattern_a18_cifar100_e5_p3500_c1200_s100_h100x4_shared_full_reward_seed42	/data/42-julia-hpc-ai-cv-students/s471802/nn-gpt-runs/parallel_runs/20260726_4pattern_a18_cifar100_e5_p3500_c1200_s100_h100x4_shared_full_reward_seed42/slurm/tunerl-finalize-4p_c100_e5_s42-2960907.err
2960907	20260726_4pattern_a18_cifar100_e5_p3500_c1200_s100_h100x4_shared_full_reward_seed42	/data/42-julia-hpc-ai-cv-students/s471802/nn-gpt-runs/parallel_runs/20260726_4pattern_a18_cifar100_e5_p3500_c1200_s100_h100x4_shared_full_reward_seed42/slurm/tunerl-finalize-4p_c100_e5_s42-2960907.out
2960909	20260726_4pattern_a18_cifar100_e5_p3500_c1200_s100_h100x4_shared_full_reward_seed123	/data/42-julia-hpc-ai-cv-students/s471802/nn-gpt-runs/parallel_runs/20260726_4pattern_a18_cifar100_e5_p3500_c1200_s100_h100x4_shared_full_reward_seed123/slurm/rl-4p-c100-s123-2960909.err
2960909	20260726_4pattern_a18_cifar100_e5_p3500_c1200_s100_h100x4_shared_full_reward_seed123	/data/42-julia-hpc-ai-cv-students/s471802/nn-gpt-runs/parallel_runs/20260726_4pattern_a18_cifar100_e5_p3500_c1200_s100_h100x4_shared_full_reward_seed123/slurm/rl-4p-c100-s123-2960909.out
2960911	20260726_4pattern_a18_cifar100_e5_p3500_c1200_s100_h100x4_shared_full_reward_seed777	/data/42-julia-hpc-ai-cv-students/s471802/nn-gpt-runs/parallel_runs/20260726_4pattern_a18_cifar100_e5_p3500_c1200_s100_h100x4_shared_full_reward_seed777/slurm/rl-4p-c100-s777-2960911.err
2960911	20260726_4pattern_a18_cifar100_e5_p3500_c1200_s100_h100x4_shared_full_reward_seed777	/data/42-julia-hpc-ai-cv-students/s471802/nn-gpt-runs/parallel_runs/20260726_4pattern_a18_cifar100_e5_p3500_c1200_s100_h100x4_shared_full_reward_seed777/slurm/rl-4p-c100-s777-2960911.out
2968439	20260726_4pattern_a18_cifar100_e5_p3500_c1200_s100_h100x4_shared_full_reward_seed42	/data/42-julia-hpc-ai-cv-students/s471802/nn-gpt-runs/parallel_runs/20260726_4pattern_a18_cifar100_e5_p3500_c1200_s100_h100x4_shared_full_reward_seed42/slurm/rl-4p-c100-s42-resume-2968439.err
2968439	20260726_4pattern_a18_cifar100_e5_p3500_c1200_s100_h100x4_shared_full_reward_seed42	/data/42-julia-hpc-ai-cv-students/s471802/nn-gpt-runs/parallel_runs/20260726_4pattern_a18_cifar100_e5_p3500_c1200_s100_h100x4_shared_full_reward_seed42/slurm/rl-4p-c100-s42-resume-2968439.out
2968441	20260726_4pattern_a18_cifar100_e5_p3500_c1200_s100_h100x4_shared_full_reward_seed123	/data/42-julia-hpc-ai-cv-students/s471802/nn-gpt-runs/parallel_runs/20260726_4pattern_a18_cifar100_e5_p3500_c1200_s100_h100x4_shared_full_reward_seed123/slurm/rl-4p-c100-s123-resume-2968441.err
2968441	20260726_4pattern_a18_cifar100_e5_p3500_c1200_s100_h100x4_shared_full_reward_seed123	/data/42-julia-hpc-ai-cv-students/s471802/nn-gpt-runs/parallel_runs/20260726_4pattern_a18_cifar100_e5_p3500_c1200_s100_h100x4_shared_full_reward_seed123/slurm/rl-4p-c100-s123-resume-2968441.out
2968443	20260726_4pattern_a18_cifar100_e5_p3500_c1200_s100_h100x4_shared_full_reward_seed777	/data/42-julia-hpc-ai-cv-students/s471802/nn-gpt-runs/parallel_runs/20260726_4pattern_a18_cifar100_e5_p3500_c1200_s100_h100x4_shared_full_reward_seed777/slurm/rl-4p-c100-s777-resume-2968443.err
2968443	20260726_4pattern_a18_cifar100_e5_p3500_c1200_s100_h100x4_shared_full_reward_seed777	/data/42-julia-hpc-ai-cv-students/s471802/nn-gpt-runs/parallel_runs/20260726_4pattern_a18_cifar100_e5_p3500_c1200_s100_h100x4_shared_full_reward_seed777/slurm/rl-4p-c100-s777-resume-2968443.out
2968450	20260727_proxy_wide38_unfrozen20_standard	/data/42-julia-hpc-ai-cv-students/s471802/nn-gpt-runs/parallel_runs/20260727_proxy_wide38_unfrozen20_standard/slurm/proxy-wide38-2968450_0.err
2968450	20260727_proxy_wide38_unfrozen20_standard	/data/42-julia-hpc-ai-cv-students/s471802/nn-gpt-runs/parallel_runs/20260727_proxy_wide38_unfrozen20_standard/slurm/proxy-wide38-2968450_0.out
2968450	20260727_proxy_wide38_unfrozen20_standard	/data/42-julia-hpc-ai-cv-students/s471802/nn-gpt-runs/parallel_runs/20260727_proxy_wide38_unfrozen20_standard/slurm/proxy-wide38-2968450_1.err
2968450	20260727_proxy_wide38_unfrozen20_standard	/data/42-julia-hpc-ai-cv-students/s471802/nn-gpt-runs/parallel_runs/20260727_proxy_wide38_unfrozen20_standard/slurm/proxy-wide38-2968450_1.out
2968450	20260727_proxy_wide38_unfrozen20_standard	/data/42-julia-hpc-ai-cv-students/s471802/nn-gpt-runs/parallel_runs/20260727_proxy_wide38_unfrozen20_standard/slurm/proxy-wide38-2968450_10.err
2968450	20260727_proxy_wide38_unfrozen20_standard	/data/42-julia-hpc-ai-cv-students/s471802/nn-gpt-runs/parallel_runs/20260727_proxy_wide38_unfrozen20_standard/slurm/proxy-wide38-2968450_10.out
2968450	20260727_proxy_wide38_unfrozen20_standard	/data/42-julia-hpc-ai-cv-students/s471802/nn-gpt-runs/parallel_runs/20260727_proxy_wide38_unfrozen20_standard/slurm/proxy-wide38-2968450_11.err
2968450	20260727_proxy_wide38_unfrozen20_standard	/data/42-julia-hpc-ai-cv-students/s471802/nn-gpt-runs/parallel_runs/20260727_proxy_wide38_unfrozen20_standard/slurm/proxy-wide38-2968450_11.out
2968450	20260727_proxy_wide38_unfrozen20_standard	/data/42-julia-hpc-ai-cv-students/s471802/nn-gpt-runs/parallel_runs/20260727_proxy_wide38_unfrozen20_standard/slurm/proxy-wide38-2968450_12.err
2968450	20260727_proxy_wide38_unfrozen20_standard	/data/42-julia-hpc-ai-cv-students/s471802/nn-gpt-runs/parallel_runs/20260727_proxy_wide38_unfrozen20_standard/slurm/proxy-wide38-2968450_12.out
2968450	20260727_proxy_wide38_unfrozen20_standard	/data/42-julia-hpc-ai-cv-students/s471802/nn-gpt-runs/parallel_runs/20260727_proxy_wide38_unfrozen20_standard/slurm/proxy-wide38-2968450_13.err
2968450	20260727_proxy_wide38_unfrozen20_standard	/data/42-julia-hpc-ai-cv-students/s471802/nn-gpt-runs/parallel_runs/20260727_proxy_wide38_unfrozen20_standard/slurm/proxy-wide38-2968450_13.out
2968450	20260727_proxy_wide38_unfrozen20_standard	/data/42-julia-hpc-ai-cv-students/s471802/nn-gpt-runs/parallel_runs/20260727_proxy_wide38_unfrozen20_standard/slurm/proxy-wide38-2968450_14.err
2968450	20260727_proxy_wide38_unfrozen20_standard	/data/42-julia-hpc-ai-cv-students/s471802/nn-gpt-runs/parallel_runs/20260727_proxy_wide38_unfrozen20_standard/slurm/proxy-wide38-2968450_14.out
2968450	20260727_proxy_wide38_unfrozen20_standard	/data/42-julia-hpc-ai-cv-students/s471802/nn-gpt-runs/parallel_runs/20260727_proxy_wide38_unfrozen20_standard/slurm/proxy-wide38-2968450_15.err
2968450	20260727_proxy_wide38_unfrozen20_standard	/data/42-julia-hpc-ai-cv-students/s471802/nn-gpt-runs/parallel_runs/20260727_proxy_wide38_unfrozen20_standard/slurm/proxy-wide38-2968450_15.out
2968450	20260727_proxy_wide38_unfrozen20_standard	/data/42-julia-hpc-ai-cv-students/s471802/nn-gpt-runs/parallel_runs/20260727_proxy_wide38_unfrozen20_standard/slurm/proxy-wide38-2968450_16.err
2968450	20260727_proxy_wide38_unfrozen20_standard	/data/42-julia-hpc-ai-cv-students/s471802/nn-gpt-runs/parallel_runs/20260727_proxy_wide38_unfrozen20_standard/slurm/proxy-wide38-2968450_16.out
2968450	20260727_proxy_wide38_unfrozen20_standard	/data/42-julia-hpc-ai-cv-students/s471802/nn-gpt-runs/parallel_runs/20260727_proxy_wide38_unfrozen20_standard/slurm/proxy-wide38-2968450_17.err
2968450	20260727_proxy_wide38_unfrozen20_standard	/data/42-julia-hpc-ai-cv-students/s471802/nn-gpt-runs/parallel_runs/20260727_proxy_wide38_unfrozen20_standard/slurm/proxy-wide38-2968450_17.out
2968450	20260727_proxy_wide38_unfrozen20_standard	/data/42-julia-hpc-ai-cv-students/s471802/nn-gpt-runs/parallel_runs/20260727_proxy_wide38_unfrozen20_standard/slurm/proxy-wide38-2968450_18.err
2968450	20260727_proxy_wide38_unfrozen20_standard	/data/42-julia-hpc-ai-cv-students/s471802/nn-gpt-runs/parallel_runs/20260727_proxy_wide38_unfrozen20_standard/slurm/proxy-wide38-2968450_18.out
2968450	20260727_proxy_wide38_unfrozen20_standard	/data/42-julia-hpc-ai-cv-students/s471802/nn-gpt-runs/parallel_runs/20260727_proxy_wide38_unfrozen20_standard/slurm/proxy-wide38-2968450_19.err
2968450	20260727_proxy_wide38_unfrozen20_standard	/data/42-julia-hpc-ai-cv-students/s471802/nn-gpt-runs/parallel_runs/20260727_proxy_wide38_unfrozen20_standard/slurm/proxy-wide38-2968450_19.out
2968450	20260727_proxy_wide38_unfrozen20_standard	/data/42-julia-hpc-ai-cv-students/s471802/nn-gpt-runs/parallel_runs/20260727_proxy_wide38_unfrozen20_standard/slurm/proxy-wide38-2968450_2.err
2968450	20260727_proxy_wide38_unfrozen20_standard	/data/42-julia-hpc-ai-cv-students/s471802/nn-gpt-runs/parallel_runs/20260727_proxy_wide38_unfrozen20_standard/slurm/proxy-wide38-2968450_2.out
2968450	20260727_proxy_wide38_unfrozen20_standard	/data/42-julia-hpc-ai-cv-students/s471802/nn-gpt-runs/parallel_runs/20260727_proxy_wide38_unfrozen20_standard/slurm/proxy-wide38-2968450_20.err
2968450	20260727_proxy_wide38_unfrozen20_standard	/data/42-julia-hpc-ai-cv-students/s471802/nn-gpt-runs/parallel_runs/20260727_proxy_wide38_unfrozen20_standard/slurm/proxy-wide38-2968450_20.out
2968450	20260727_proxy_wide38_unfrozen20_standard	/data/42-julia-hpc-ai-cv-students/s471802/nn-gpt-runs/parallel_runs/20260727_proxy_wide38_unfrozen20_standard/slurm/proxy-wide38-2968450_21.err
2968450	20260727_proxy_wide38_unfrozen20_standard	/data/42-julia-hpc-ai-cv-students/s471802/nn-gpt-runs/parallel_runs/20260727_proxy_wide38_unfrozen20_standard/slurm/proxy-wide38-2968450_21.out
2968450	20260727_proxy_wide38_unfrozen20_standard	/data/42-julia-hpc-ai-cv-students/s471802/nn-gpt-runs/parallel_runs/20260727_proxy_wide38_unfrozen20_standard/slurm/proxy-wide38-2968450_22.err
2968450	20260727_proxy_wide38_unfrozen20_standard	/data/42-julia-hpc-ai-cv-students/s471802/nn-gpt-runs/parallel_runs/20260727_proxy_wide38_unfrozen20_standard/slurm/proxy-wide38-2968450_22.out
2968450	20260727_proxy_wide38_unfrozen20_standard	/data/42-julia-hpc-ai-cv-students/s471802/nn-gpt-runs/parallel_runs/20260727_proxy_wide38_unfrozen20_standard/slurm/proxy-wide38-2968450_23.err
2968450	20260727_proxy_wide38_unfrozen20_standard	/data/42-julia-hpc-ai-cv-students/s471802/nn-gpt-runs/parallel_runs/20260727_proxy_wide38_unfrozen20_standard/slurm/proxy-wide38-2968450_23.out
2968450	20260727_proxy_wide38_unfrozen20_standard	/data/42-julia-hpc-ai-cv-students/s471802/nn-gpt-runs/parallel_runs/20260727_proxy_wide38_unfrozen20_standard/slurm/proxy-wide38-2968450_24.err
2968450	20260727_proxy_wide38_unfrozen20_standard	/data/42-julia-hpc-ai-cv-students/s471802/nn-gpt-runs/parallel_runs/20260727_proxy_wide38_unfrozen20_standard/slurm/proxy-wide38-2968450_24.out
2968450	20260727_proxy_wide38_unfrozen20_standard	/data/42-julia-hpc-ai-cv-students/s471802/nn-gpt-runs/parallel_runs/20260727_proxy_wide38_unfrozen20_standard/slurm/proxy-wide38-2968450_25.err
2968450	20260727_proxy_wide38_unfrozen20_standard	/data/42-julia-hpc-ai-cv-students/s471802/nn-gpt-runs/parallel_runs/20260727_proxy_wide38_unfrozen20_standard/slurm/proxy-wide38-2968450_25.out
2968450	20260727_proxy_wide38_unfrozen20_standard	/data/42-julia-hpc-ai-cv-students/s471802/nn-gpt-runs/parallel_runs/20260727_proxy_wide38_unfrozen20_standard/slurm/proxy-wide38-2968450_26.err
2968450	20260727_proxy_wide38_unfrozen20_standard	/data/42-julia-hpc-ai-cv-students/s471802/nn-gpt-runs/parallel_runs/20260727_proxy_wide38_unfrozen20_standard/slurm/proxy-wide38-2968450_26.out
2968450	20260727_proxy_wide38_unfrozen20_standard	/data/42-julia-hpc-ai-cv-students/s471802/nn-gpt-runs/parallel_runs/20260727_proxy_wide38_unfrozen20_standard/slurm/proxy-wide38-2968450_27.err
2968450	20260727_proxy_wide38_unfrozen20_standard	/data/42-julia-hpc-ai-cv-students/s471802/nn-gpt-runs/parallel_runs/20260727_proxy_wide38_unfrozen20_standard/slurm/proxy-wide38-2968450_27.out
2968450	20260727_proxy_wide38_unfrozen20_standard	/data/42-julia-hpc-ai-cv-students/s471802/nn-gpt-runs/parallel_runs/20260727_proxy_wide38_unfrozen20_standard/slurm/proxy-wide38-2968450_28.err
2968450	20260727_proxy_wide38_unfrozen20_standard	/data/42-julia-hpc-ai-cv-students/s471802/nn-gpt-runs/parallel_runs/20260727_proxy_wide38_unfrozen20_standard/slurm/proxy-wide38-2968450_28.out
2968450	20260727_proxy_wide38_unfrozen20_standard	/data/42-julia-hpc-ai-cv-students/s471802/nn-gpt-runs/parallel_runs/20260727_proxy_wide38_unfrozen20_standard/slurm/proxy-wide38-2968450_29.err
2968450	20260727_proxy_wide38_unfrozen20_standard	/data/42-julia-hpc-ai-cv-students/s471802/nn-gpt-runs/parallel_runs/20260727_proxy_wide38_unfrozen20_standard/slurm/proxy-wide38-2968450_29.out
2968450	20260727_proxy_wide38_unfrozen20_standard	/data/42-julia-hpc-ai-cv-students/s471802/nn-gpt-runs/parallel_runs/20260727_proxy_wide38_unfrozen20_standard/slurm/proxy-wide38-2968450_3.err
2968450	20260727_proxy_wide38_unfrozen20_standard	/data/42-julia-hpc-ai-cv-students/s471802/nn-gpt-runs/parallel_runs/20260727_proxy_wide38_unfrozen20_standard/slurm/proxy-wide38-2968450_3.out
2968450	20260727_proxy_wide38_unfrozen20_standard	/data/42-julia-hpc-ai-cv-students/s471802/nn-gpt-runs/parallel_runs/20260727_proxy_wide38_unfrozen20_standard/slurm/proxy-wide38-2968450_30.err
2968450	20260727_proxy_wide38_unfrozen20_standard	/data/42-julia-hpc-ai-cv-students/s471802/nn-gpt-runs/parallel_runs/20260727_proxy_wide38_unfrozen20_standard/slurm/proxy-wide38-2968450_30.out
2968450	20260727_proxy_wide38_unfrozen20_standard	/data/42-julia-hpc-ai-cv-students/s471802/nn-gpt-runs/parallel_runs/20260727_proxy_wide38_unfrozen20_standard/slurm/proxy-wide38-2968450_31.err
2968450	20260727_proxy_wide38_unfrozen20_standard	/data/42-julia-hpc-ai-cv-students/s471802/nn-gpt-runs/parallel_runs/20260727_proxy_wide38_unfrozen20_standard/slurm/proxy-wide38-2968450_31.out
2968450	20260727_proxy_wide38_unfrozen20_standard	/data/42-julia-hpc-ai-cv-students/s471802/nn-gpt-runs/parallel_runs/20260727_proxy_wide38_unfrozen20_standard/slurm/proxy-wide38-2968450_32.err
2968450	20260727_proxy_wide38_unfrozen20_standard	/data/42-julia-hpc-ai-cv-students/s471802/nn-gpt-runs/parallel_runs/20260727_proxy_wide38_unfrozen20_standard/slurm/proxy-wide38-2968450_32.out
2968450	20260727_proxy_wide38_unfrozen20_standard	/data/42-julia-hpc-ai-cv-students/s471802/nn-gpt-runs/parallel_runs/20260727_proxy_wide38_unfrozen20_standard/slurm/proxy-wide38-2968450_33.err
2968450	20260727_proxy_wide38_unfrozen20_standard	/data/42-julia-hpc-ai-cv-students/s471802/nn-gpt-runs/parallel_runs/20260727_proxy_wide38_unfrozen20_standard/slurm/proxy-wide38-2968450_33.out
2968450	20260727_proxy_wide38_unfrozen20_standard	/data/42-julia-hpc-ai-cv-students/s471802/nn-gpt-runs/parallel_runs/20260727_proxy_wide38_unfrozen20_standard/slurm/proxy-wide38-2968450_34.err
2968450	20260727_proxy_wide38_unfrozen20_standard	/data/42-julia-hpc-ai-cv-students/s471802/nn-gpt-runs/parallel_runs/20260727_proxy_wide38_unfrozen20_standard/slurm/proxy-wide38-2968450_34.out
2968450	20260727_proxy_wide38_unfrozen20_standard	/data/42-julia-hpc-ai-cv-students/s471802/nn-gpt-runs/parallel_runs/20260727_proxy_wide38_unfrozen20_standard/slurm/proxy-wide38-2968450_35.err
2968450	20260727_proxy_wide38_unfrozen20_standard	/data/42-julia-hpc-ai-cv-students/s471802/nn-gpt-runs/parallel_runs/20260727_proxy_wide38_unfrozen20_standard/slurm/proxy-wide38-2968450_35.out
2968450	20260727_proxy_wide38_unfrozen20_standard	/data/42-julia-hpc-ai-cv-students/s471802/nn-gpt-runs/parallel_runs/20260727_proxy_wide38_unfrozen20_standard/slurm/proxy-wide38-2968450_36.err
2968450	20260727_proxy_wide38_unfrozen20_standard	/data/42-julia-hpc-ai-cv-students/s471802/nn-gpt-runs/parallel_runs/20260727_proxy_wide38_unfrozen20_standard/slurm/proxy-wide38-2968450_36.out
2968450	20260727_proxy_wide38_unfrozen20_standard	/data/42-julia-hpc-ai-cv-students/s471802/nn-gpt-runs/parallel_runs/20260727_proxy_wide38_unfrozen20_standard/slurm/proxy-wide38-2968450_37.err
2968450	20260727_proxy_wide38_unfrozen20_standard	/data/42-julia-hpc-ai-cv-students/s471802/nn-gpt-runs/parallel_runs/20260727_proxy_wide38_unfrozen20_standard/slurm/proxy-wide38-2968450_37.out
2968450	20260727_proxy_wide38_unfrozen20_standard	/data/42-julia-hpc-ai-cv-students/s471802/nn-gpt-runs/parallel_runs/20260727_proxy_wide38_unfrozen20_standard/slurm/proxy-wide38-2968450_4.err
2968450	20260727_proxy_wide38_unfrozen20_standard	/data/42-julia-hpc-ai-cv-students/s471802/nn-gpt-runs/parallel_runs/20260727_proxy_wide38_unfrozen20_standard/slurm/proxy-wide38-2968450_4.out
2968450	20260727_proxy_wide38_unfrozen20_standard	/data/42-julia-hpc-ai-cv-students/s471802/nn-gpt-runs/parallel_runs/20260727_proxy_wide38_unfrozen20_standard/slurm/proxy-wide38-2968450_5.err
2968450	20260727_proxy_wide38_unfrozen20_standard	/data/42-julia-hpc-ai-cv-students/s471802/nn-gpt-runs/parallel_runs/20260727_proxy_wide38_unfrozen20_standard/slurm/proxy-wide38-2968450_5.out
2968450	20260727_proxy_wide38_unfrozen20_standard	/data/42-julia-hpc-ai-cv-students/s471802/nn-gpt-runs/parallel_runs/20260727_proxy_wide38_unfrozen20_standard/slurm/proxy-wide38-2968450_6.err
2968450	20260727_proxy_wide38_unfrozen20_standard	/data/42-julia-hpc-ai-cv-students/s471802/nn-gpt-runs/parallel_runs/20260727_proxy_wide38_unfrozen20_standard/slurm/proxy-wide38-2968450_6.out
2968450	20260727_proxy_wide38_unfrozen20_standard	/data/42-julia-hpc-ai-cv-students/s471802/nn-gpt-runs/parallel_runs/20260727_proxy_wide38_unfrozen20_standard/slurm/proxy-wide38-2968450_7.err
2968450	20260727_proxy_wide38_unfrozen20_standard	/data/42-julia-hpc-ai-cv-students/s471802/nn-gpt-runs/parallel_runs/20260727_proxy_wide38_unfrozen20_standard/slurm/proxy-wide38-2968450_7.out
2968450	20260727_proxy_wide38_unfrozen20_standard	/data/42-julia-hpc-ai-cv-students/s471802/nn-gpt-runs/parallel_runs/20260727_proxy_wide38_unfrozen20_standard/slurm/proxy-wide38-2968450_8.err
2968450	20260727_proxy_wide38_unfrozen20_standard	/data/42-julia-hpc-ai-cv-students/s471802/nn-gpt-runs/parallel_runs/20260727_proxy_wide38_unfrozen20_standard/slurm/proxy-wide38-2968450_8.out
2968450	20260727_proxy_wide38_unfrozen20_standard	/data/42-julia-hpc-ai-cv-students/s471802/nn-gpt-runs/parallel_runs/20260727_proxy_wide38_unfrozen20_standard/slurm/proxy-wide38-2968450_9.err
2968450	20260727_proxy_wide38_unfrozen20_standard	/data/42-julia-hpc-ai-cv-students/s471802/nn-gpt-runs/parallel_runs/20260727_proxy_wide38_unfrozen20_standard/slurm/proxy-wide38-2968450_9.out
2968490	20260727_proxy_wide38_unfrozen20_standard	/data/42-julia-hpc-ai-cv-students/s471802/nn-gpt-runs/parallel_runs/20260727_proxy_wide38_unfrozen20_standard/slurm/proxy-wide38-smoke-2968490_0.err
2968490	20260727_proxy_wide38_unfrozen20_standard	/data/42-julia-hpc-ai-cv-students/s471802/nn-gpt-runs/parallel_runs/20260727_proxy_wide38_unfrozen20_standard/slurm/proxy-wide38-smoke-2968490_0.out
2968494	20260727_proxy_wide38_unfrozen20_standard	/data/42-julia-hpc-ai-cv-students/s471802/nn-gpt-runs/parallel_runs/20260727_proxy_wide38_unfrozen20_standard/slurm/proxy-wide38-2968494_1.err
2968494	20260727_proxy_wide38_unfrozen20_standard	/data/42-julia-hpc-ai-cv-students/s471802/nn-gpt-runs/parallel_runs/20260727_proxy_wide38_unfrozen20_standard/slurm/proxy-wide38-2968494_1.out
2968494	20260727_proxy_wide38_unfrozen20_standard	/data/42-julia-hpc-ai-cv-students/s471802/nn-gpt-runs/parallel_runs/20260727_proxy_wide38_unfrozen20_standard/slurm/proxy-wide38-2968494_10.err
2968494	20260727_proxy_wide38_unfrozen20_standard	/data/42-julia-hpc-ai-cv-students/s471802/nn-gpt-runs/parallel_runs/20260727_proxy_wide38_unfrozen20_standard/slurm/proxy-wide38-2968494_10.out
2968494	20260727_proxy_wide38_unfrozen20_standard	/data/42-julia-hpc-ai-cv-students/s471802/nn-gpt-runs/parallel_runs/20260727_proxy_wide38_unfrozen20_standard/slurm/proxy-wide38-2968494_11.err
2968494	20260727_proxy_wide38_unfrozen20_standard	/data/42-julia-hpc-ai-cv-students/s471802/nn-gpt-runs/parallel_runs/20260727_proxy_wide38_unfrozen20_standard/slurm/proxy-wide38-2968494_11.out
2968494	20260727_proxy_wide38_unfrozen20_standard	/data/42-julia-hpc-ai-cv-students/s471802/nn-gpt-runs/parallel_runs/20260727_proxy_wide38_unfrozen20_standard/slurm/proxy-wide38-2968494_12.err
2968494	20260727_proxy_wide38_unfrozen20_standard	/data/42-julia-hpc-ai-cv-students/s471802/nn-gpt-runs/parallel_runs/20260727_proxy_wide38_unfrozen20_standard/slurm/proxy-wide38-2968494_12.out
2968494	20260727_proxy_wide38_unfrozen20_standard	/data/42-julia-hpc-ai-cv-students/s471802/nn-gpt-runs/parallel_runs/20260727_proxy_wide38_unfrozen20_standard/slurm/proxy-wide38-2968494_13.err
2968494	20260727_proxy_wide38_unfrozen20_standard	/data/42-julia-hpc-ai-cv-students/s471802/nn-gpt-runs/parallel_runs/20260727_proxy_wide38_unfrozen20_standard/slurm/proxy-wide38-2968494_13.out
2968494	20260727_proxy_wide38_unfrozen20_standard	/data/42-julia-hpc-ai-cv-students/s471802/nn-gpt-runs/parallel_runs/20260727_proxy_wide38_unfrozen20_standard/slurm/proxy-wide38-2968494_14.err
2968494	20260727_proxy_wide38_unfrozen20_standard	/data/42-julia-hpc-ai-cv-students/s471802/nn-gpt-runs/parallel_runs/20260727_proxy_wide38_unfrozen20_standard/slurm/proxy-wide38-2968494_14.out
2968494	20260727_proxy_wide38_unfrozen20_standard	/data/42-julia-hpc-ai-cv-students/s471802/nn-gpt-runs/parallel_runs/20260727_proxy_wide38_unfrozen20_standard/slurm/proxy-wide38-2968494_15.err
2968494	20260727_proxy_wide38_unfrozen20_standard	/data/42-julia-hpc-ai-cv-students/s471802/nn-gpt-runs/parallel_runs/20260727_proxy_wide38_unfrozen20_standard/slurm/proxy-wide38-2968494_15.out
2968494	20260727_proxy_wide38_unfrozen20_standard	/data/42-julia-hpc-ai-cv-students/s471802/nn-gpt-runs/parallel_runs/20260727_proxy_wide38_unfrozen20_standard/slurm/proxy-wide38-2968494_16.err
2968494	20260727_proxy_wide38_unfrozen20_standard	/data/42-julia-hpc-ai-cv-students/s471802/nn-gpt-runs/parallel_runs/20260727_proxy_wide38_unfrozen20_standard/slurm/proxy-wide38-2968494_16.out
2968494	20260727_proxy_wide38_unfrozen20_standard	/data/42-julia-hpc-ai-cv-students/s471802/nn-gpt-runs/parallel_runs/20260727_proxy_wide38_unfrozen20_standard/slurm/proxy-wide38-2968494_17.err
2968494	20260727_proxy_wide38_unfrozen20_standard	/data/42-julia-hpc-ai-cv-students/s471802/nn-gpt-runs/parallel_runs/20260727_proxy_wide38_unfrozen20_standard/slurm/proxy-wide38-2968494_17.out
2968494	20260727_proxy_wide38_unfrozen20_standard	/data/42-julia-hpc-ai-cv-students/s471802/nn-gpt-runs/parallel_runs/20260727_proxy_wide38_unfrozen20_standard/slurm/proxy-wide38-2968494_18.err
2968494	20260727_proxy_wide38_unfrozen20_standard	/data/42-julia-hpc-ai-cv-students/s471802/nn-gpt-runs/parallel_runs/20260727_proxy_wide38_unfrozen20_standard/slurm/proxy-wide38-2968494_18.out
2968494	20260727_proxy_wide38_unfrozen20_standard	/data/42-julia-hpc-ai-cv-students/s471802/nn-gpt-runs/parallel_runs/20260727_proxy_wide38_unfrozen20_standard/slurm/proxy-wide38-2968494_19.err
2968494	20260727_proxy_wide38_unfrozen20_standard	/data/42-julia-hpc-ai-cv-students/s471802/nn-gpt-runs/parallel_runs/20260727_proxy_wide38_unfrozen20_standard/slurm/proxy-wide38-2968494_19.out
2968494	20260727_proxy_wide38_unfrozen20_standard	/data/42-julia-hpc-ai-cv-students/s471802/nn-gpt-runs/parallel_runs/20260727_proxy_wide38_unfrozen20_standard/slurm/proxy-wide38-2968494_2.err
2968494	20260727_proxy_wide38_unfrozen20_standard	/data/42-julia-hpc-ai-cv-students/s471802/nn-gpt-runs/parallel_runs/20260727_proxy_wide38_unfrozen20_standard/slurm/proxy-wide38-2968494_2.out
2968494	20260727_proxy_wide38_unfrozen20_standard	/data/42-julia-hpc-ai-cv-students/s471802/nn-gpt-runs/parallel_runs/20260727_proxy_wide38_unfrozen20_standard/slurm/proxy-wide38-2968494_20.err
2968494	20260727_proxy_wide38_unfrozen20_standard	/data/42-julia-hpc-ai-cv-students/s471802/nn-gpt-runs/parallel_runs/20260727_proxy_wide38_unfrozen20_standard/slurm/proxy-wide38-2968494_20.out
2968494	20260727_proxy_wide38_unfrozen20_standard	/data/42-julia-hpc-ai-cv-students/s471802/nn-gpt-runs/parallel_runs/20260727_proxy_wide38_unfrozen20_standard/slurm/proxy-wide38-2968494_21.err
2968494	20260727_proxy_wide38_unfrozen20_standard	/data/42-julia-hpc-ai-cv-students/s471802/nn-gpt-runs/parallel_runs/20260727_proxy_wide38_unfrozen20_standard/slurm/proxy-wide38-2968494_21.out
2968494	20260727_proxy_wide38_unfrozen20_standard	/data/42-julia-hpc-ai-cv-students/s471802/nn-gpt-runs/parallel_runs/20260727_proxy_wide38_unfrozen20_standard/slurm/proxy-wide38-2968494_22.err
2968494	20260727_proxy_wide38_unfrozen20_standard	/data/42-julia-hpc-ai-cv-students/s471802/nn-gpt-runs/parallel_runs/20260727_proxy_wide38_unfrozen20_standard/slurm/proxy-wide38-2968494_22.out
2968494	20260727_proxy_wide38_unfrozen20_standard	/data/42-julia-hpc-ai-cv-students/s471802/nn-gpt-runs/parallel_runs/20260727_proxy_wide38_unfrozen20_standard/slurm/proxy-wide38-2968494_23.err
2968494	20260727_proxy_wide38_unfrozen20_standard	/data/42-julia-hpc-ai-cv-students/s471802/nn-gpt-runs/parallel_runs/20260727_proxy_wide38_unfrozen20_standard/slurm/proxy-wide38-2968494_23.out
2968494	20260727_proxy_wide38_unfrozen20_standard	/data/42-julia-hpc-ai-cv-students/s471802/nn-gpt-runs/parallel_runs/20260727_proxy_wide38_unfrozen20_standard/slurm/proxy-wide38-2968494_24.err
2968494	20260727_proxy_wide38_unfrozen20_standard	/data/42-julia-hpc-ai-cv-students/s471802/nn-gpt-runs/parallel_runs/20260727_proxy_wide38_unfrozen20_standard/slurm/proxy-wide38-2968494_24.out
2968494	20260727_proxy_wide38_unfrozen20_standard	/data/42-julia-hpc-ai-cv-students/s471802/nn-gpt-runs/parallel_runs/20260727_proxy_wide38_unfrozen20_standard/slurm/proxy-wide38-2968494_25.err
2968494	20260727_proxy_wide38_unfrozen20_standard	/data/42-julia-hpc-ai-cv-students/s471802/nn-gpt-runs/parallel_runs/20260727_proxy_wide38_unfrozen20_standard/slurm/proxy-wide38-2968494_25.out
2968494	20260727_proxy_wide38_unfrozen20_standard	/data/42-julia-hpc-ai-cv-students/s471802/nn-gpt-runs/parallel_runs/20260727_proxy_wide38_unfrozen20_standard/slurm/proxy-wide38-2968494_26.err
2968494	20260727_proxy_wide38_unfrozen20_standard	/data/42-julia-hpc-ai-cv-students/s471802/nn-gpt-runs/parallel_runs/20260727_proxy_wide38_unfrozen20_standard/slurm/proxy-wide38-2968494_26.out
2968494	20260727_proxy_wide38_unfrozen20_standard	/data/42-julia-hpc-ai-cv-students/s471802/nn-gpt-runs/parallel_runs/20260727_proxy_wide38_unfrozen20_standard/slurm/proxy-wide38-2968494_27.err
2968494	20260727_proxy_wide38_unfrozen20_standard	/data/42-julia-hpc-ai-cv-students/s471802/nn-gpt-runs/parallel_runs/20260727_proxy_wide38_unfrozen20_standard/slurm/proxy-wide38-2968494_27.out
2968494	20260727_proxy_wide38_unfrozen20_standard	/data/42-julia-hpc-ai-cv-students/s471802/nn-gpt-runs/parallel_runs/20260727_proxy_wide38_unfrozen20_standard/slurm/proxy-wide38-2968494_28.err
2968494	20260727_proxy_wide38_unfrozen20_standard	/data/42-julia-hpc-ai-cv-students/s471802/nn-gpt-runs/parallel_runs/20260727_proxy_wide38_unfrozen20_standard/slurm/proxy-wide38-2968494_28.out
2968494	20260727_proxy_wide38_unfrozen20_standard	/data/42-julia-hpc-ai-cv-students/s471802/nn-gpt-runs/parallel_runs/20260727_proxy_wide38_unfrozen20_standard/slurm/proxy-wide38-2968494_29.err
2968494	20260727_proxy_wide38_unfrozen20_standard	/data/42-julia-hpc-ai-cv-students/s471802/nn-gpt-runs/parallel_runs/20260727_proxy_wide38_unfrozen20_standard/slurm/proxy-wide38-2968494_29.out
2968494	20260727_proxy_wide38_unfrozen20_standard	/data/42-julia-hpc-ai-cv-students/s471802/nn-gpt-runs/parallel_runs/20260727_proxy_wide38_unfrozen20_standard/slurm/proxy-wide38-2968494_3.err
2968494	20260727_proxy_wide38_unfrozen20_standard	/data/42-julia-hpc-ai-cv-students/s471802/nn-gpt-runs/parallel_runs/20260727_proxy_wide38_unfrozen20_standard/slurm/proxy-wide38-2968494_3.out
2968494	20260727_proxy_wide38_unfrozen20_standard	/data/42-julia-hpc-ai-cv-students/s471802/nn-gpt-runs/parallel_runs/20260727_proxy_wide38_unfrozen20_standard/slurm/proxy-wide38-2968494_30.err
2968494	20260727_proxy_wide38_unfrozen20_standard	/data/42-julia-hpc-ai-cv-students/s471802/nn-gpt-runs/parallel_runs/20260727_proxy_wide38_unfrozen20_standard/slurm/proxy-wide38-2968494_30.out
2968494	20260727_proxy_wide38_unfrozen20_standard	/data/42-julia-hpc-ai-cv-students/s471802/nn-gpt-runs/parallel_runs/20260727_proxy_wide38_unfrozen20_standard/slurm/proxy-wide38-2968494_31.err
2968494	20260727_proxy_wide38_unfrozen20_standard	/data/42-julia-hpc-ai-cv-students/s471802/nn-gpt-runs/parallel_runs/20260727_proxy_wide38_unfrozen20_standard/slurm/proxy-wide38-2968494_31.out
2968494	20260727_proxy_wide38_unfrozen20_standard	/data/42-julia-hpc-ai-cv-students/s471802/nn-gpt-runs/parallel_runs/20260727_proxy_wide38_unfrozen20_standard/slurm/proxy-wide38-2968494_32.err
2968494	20260727_proxy_wide38_unfrozen20_standard	/data/42-julia-hpc-ai-cv-students/s471802/nn-gpt-runs/parallel_runs/20260727_proxy_wide38_unfrozen20_standard/slurm/proxy-wide38-2968494_32.out
2968494	20260727_proxy_wide38_unfrozen20_standard	/data/42-julia-hpc-ai-cv-students/s471802/nn-gpt-runs/parallel_runs/20260727_proxy_wide38_unfrozen20_standard/slurm/proxy-wide38-2968494_33.err
2968494	20260727_proxy_wide38_unfrozen20_standard	/data/42-julia-hpc-ai-cv-students/s471802/nn-gpt-runs/parallel_runs/20260727_proxy_wide38_unfrozen20_standard/slurm/proxy-wide38-2968494_33.out
2968494	20260727_proxy_wide38_unfrozen20_standard	/data/42-julia-hpc-ai-cv-students/s471802/nn-gpt-runs/parallel_runs/20260727_proxy_wide38_unfrozen20_standard/slurm/proxy-wide38-2968494_34.err
2968494	20260727_proxy_wide38_unfrozen20_standard	/data/42-julia-hpc-ai-cv-students/s471802/nn-gpt-runs/parallel_runs/20260727_proxy_wide38_unfrozen20_standard/slurm/proxy-wide38-2968494_34.out
2968494	20260727_proxy_wide38_unfrozen20_standard	/data/42-julia-hpc-ai-cv-students/s471802/nn-gpt-runs/parallel_runs/20260727_proxy_wide38_unfrozen20_standard/slurm/proxy-wide38-2968494_35.err
2968494	20260727_proxy_wide38_unfrozen20_standard	/data/42-julia-hpc-ai-cv-students/s471802/nn-gpt-runs/parallel_runs/20260727_proxy_wide38_unfrozen20_standard/slurm/proxy-wide38-2968494_35.out
2968494	20260727_proxy_wide38_unfrozen20_standard	/data/42-julia-hpc-ai-cv-students/s471802/nn-gpt-runs/parallel_runs/20260727_proxy_wide38_unfrozen20_standard/slurm/proxy-wide38-2968494_36.err
2968494	20260727_proxy_wide38_unfrozen20_standard	/data/42-julia-hpc-ai-cv-students/s471802/nn-gpt-runs/parallel_runs/20260727_proxy_wide38_unfrozen20_standard/slurm/proxy-wide38-2968494_36.out
2968494	20260727_proxy_wide38_unfrozen20_standard	/data/42-julia-hpc-ai-cv-students/s471802/nn-gpt-runs/parallel_runs/20260727_proxy_wide38_unfrozen20_standard/slurm/proxy-wide38-2968494_37.err
2968494	20260727_proxy_wide38_unfrozen20_standard	/data/42-julia-hpc-ai-cv-students/s471802/nn-gpt-runs/parallel_runs/20260727_proxy_wide38_unfrozen20_standard/slurm/proxy-wide38-2968494_37.out
2968494	20260727_proxy_wide38_unfrozen20_standard	/data/42-julia-hpc-ai-cv-students/s471802/nn-gpt-runs/parallel_runs/20260727_proxy_wide38_unfrozen20_standard/slurm/proxy-wide38-2968494_4.err
2968494	20260727_proxy_wide38_unfrozen20_standard	/data/42-julia-hpc-ai-cv-students/s471802/nn-gpt-runs/parallel_runs/20260727_proxy_wide38_unfrozen20_standard/slurm/proxy-wide38-2968494_4.out
2968494	20260727_proxy_wide38_unfrozen20_standard	/data/42-julia-hpc-ai-cv-students/s471802/nn-gpt-runs/parallel_runs/20260727_proxy_wide38_unfrozen20_standard/slurm/proxy-wide38-2968494_5.err
2968494	20260727_proxy_wide38_unfrozen20_standard	/data/42-julia-hpc-ai-cv-students/s471802/nn-gpt-runs/parallel_runs/20260727_proxy_wide38_unfrozen20_standard/slurm/proxy-wide38-2968494_5.out
2968494	20260727_proxy_wide38_unfrozen20_standard	/data/42-julia-hpc-ai-cv-students/s471802/nn-gpt-runs/parallel_runs/20260727_proxy_wide38_unfrozen20_standard/slurm/proxy-wide38-2968494_6.err
2968494	20260727_proxy_wide38_unfrozen20_standard	/data/42-julia-hpc-ai-cv-students/s471802/nn-gpt-runs/parallel_runs/20260727_proxy_wide38_unfrozen20_standard/slurm/proxy-wide38-2968494_6.out
2968494	20260727_proxy_wide38_unfrozen20_standard	/data/42-julia-hpc-ai-cv-students/s471802/nn-gpt-runs/parallel_runs/20260727_proxy_wide38_unfrozen20_standard/slurm/proxy-wide38-2968494_7.err
2968494	20260727_proxy_wide38_unfrozen20_standard	/data/42-julia-hpc-ai-cv-students/s471802/nn-gpt-runs/parallel_runs/20260727_proxy_wide38_unfrozen20_standard/slurm/proxy-wide38-2968494_7.out
2968494	20260727_proxy_wide38_unfrozen20_standard	/data/42-julia-hpc-ai-cv-students/s471802/nn-gpt-runs/parallel_runs/20260727_proxy_wide38_unfrozen20_standard/slurm/proxy-wide38-2968494_8.err
2968494	20260727_proxy_wide38_unfrozen20_standard	/data/42-julia-hpc-ai-cv-students/s471802/nn-gpt-runs/parallel_runs/20260727_proxy_wide38_unfrozen20_standard/slurm/proxy-wide38-2968494_8.out
2968494	20260727_proxy_wide38_unfrozen20_standard	/data/42-julia-hpc-ai-cv-students/s471802/nn-gpt-runs/parallel_runs/20260727_proxy_wide38_unfrozen20_standard/slurm/proxy-wide38-2968494_9.err
2968494	20260727_proxy_wide38_unfrozen20_standard	/data/42-julia-hpc-ai-cv-students/s471802/nn-gpt-runs/parallel_runs/20260727_proxy_wide38_unfrozen20_standard/slurm/proxy-wide38-2968494_9.out
3043612	20260728_sftonly_cifar10_e5_1pattern_seed42	/data/42-julia-hpc-ai-cv-students/s471802/nn-gpt-runs/parallel_runs/20260728_sftonly_cifar10_e5_1pattern_seed42/slurm_sharded_20260807/sftg-1p42-00-3043612.err
3043612	20260728_sftonly_cifar10_e5_1pattern_seed42	/data/42-julia-hpc-ai-cv-students/s471802/nn-gpt-runs/parallel_runs/20260728_sftonly_cifar10_e5_1pattern_seed42/slurm_sharded_20260807/sftg-1p42-00-3043612.out
3043620	20260728_sftonly_cifar10_e5_1pattern_seed42	/data/42-julia-hpc-ai-cv-students/s471802/nn-gpt-runs/parallel_runs/20260728_sftonly_cifar10_e5_1pattern_seed42/slurm_sharded_20260807/sftg-1p42-01-3043620.err
3043620	20260728_sftonly_cifar10_e5_1pattern_seed42	/data/42-julia-hpc-ai-cv-students/s471802/nn-gpt-runs/parallel_runs/20260728_sftonly_cifar10_e5_1pattern_seed42/slurm_sharded_20260807/sftg-1p42-01-3043620.out
3043621	20260728_sftonly_cifar10_e5_1pattern_seed42	/data/42-julia-hpc-ai-cv-students/s471802/nn-gpt-runs/parallel_runs/20260728_sftonly_cifar10_e5_1pattern_seed42/slurm_sharded_20260807/sftg-1p42-02-3043621.err
3043621	20260728_sftonly_cifar10_e5_1pattern_seed42	/data/42-julia-hpc-ai-cv-students/s471802/nn-gpt-runs/parallel_runs/20260728_sftonly_cifar10_e5_1pattern_seed42/slurm_sharded_20260807/sftg-1p42-02-3043621.out
3043622	20260728_sftonly_cifar10_e5_1pattern_seed42	/data/42-julia-hpc-ai-cv-students/s471802/nn-gpt-runs/parallel_runs/20260728_sftonly_cifar10_e5_1pattern_seed42/slurm_sharded_20260807/sftg-1p42-03-3043622.err
3043622	20260728_sftonly_cifar10_e5_1pattern_seed42	/data/42-julia-hpc-ai-cv-students/s471802/nn-gpt-runs/parallel_runs/20260728_sftonly_cifar10_e5_1pattern_seed42/slurm_sharded_20260807/sftg-1p42-03-3043622.out
3043623	20260728_sftonly_cifar10_e5_1pattern_seed42	/data/42-julia-hpc-ai-cv-students/s471802/nn-gpt-runs/parallel_runs/20260728_sftonly_cifar10_e5_1pattern_seed42/slurm_sharded_20260807/sftg-1p42-04-3043623.err
3043623	20260728_sftonly_cifar10_e5_1pattern_seed42	/data/42-julia-hpc-ai-cv-students/s471802/nn-gpt-runs/parallel_runs/20260728_sftonly_cifar10_e5_1pattern_seed42/slurm_sharded_20260807/sftg-1p42-04-3043623.out
3043624	20260728_sftonly_cifar10_e5_1pattern_seed42	/data/42-julia-hpc-ai-cv-students/s471802/nn-gpt-runs/parallel_runs/20260728_sftonly_cifar10_e5_1pattern_seed42/slurm_sharded_20260807/sftg-1p42-05-3043624.err
3043624	20260728_sftonly_cifar10_e5_1pattern_seed42	/data/42-julia-hpc-ai-cv-students/s471802/nn-gpt-runs/parallel_runs/20260728_sftonly_cifar10_e5_1pattern_seed42/slurm_sharded_20260807/sftg-1p42-05-3043624.out
3043625	20260728_sftonly_cifar10_e5_1pattern_seed42	/data/42-julia-hpc-ai-cv-students/s471802/nn-gpt-runs/parallel_runs/20260728_sftonly_cifar10_e5_1pattern_seed42/slurm_sharded_20260807/sftg-1p42-06-3043625.err
3043625	20260728_sftonly_cifar10_e5_1pattern_seed42	/data/42-julia-hpc-ai-cv-students/s471802/nn-gpt-runs/parallel_runs/20260728_sftonly_cifar10_e5_1pattern_seed42/slurm_sharded_20260807/sftg-1p42-06-3043625.out
3043626	20260728_sftonly_cifar10_e5_1pattern_seed42	/data/42-julia-hpc-ai-cv-students/s471802/nn-gpt-runs/parallel_runs/20260728_sftonly_cifar10_e5_1pattern_seed42/slurm_sharded_20260807/sftg-1p42-07-3043626.err
3043626	20260728_sftonly_cifar10_e5_1pattern_seed42	/data/42-julia-hpc-ai-cv-students/s471802/nn-gpt-runs/parallel_runs/20260728_sftonly_cifar10_e5_1pattern_seed42/slurm_sharded_20260807/sftg-1p42-07-3043626.out
3043645	20260728_sftonly_cifar10_e5_1pattern_seed777	/data/42-julia-hpc-ai-cv-students/s471802/nn-gpt-runs/parallel_runs/20260728_sftonly_cifar10_e5_1pattern_seed777/slurm_sharded_20260807/sftg-1p777-00-3043645.err
3043645	20260728_sftonly_cifar10_e5_1pattern_seed777	/data/42-julia-hpc-ai-cv-students/s471802/nn-gpt-runs/parallel_runs/20260728_sftonly_cifar10_e5_1pattern_seed777/slurm_sharded_20260807/sftg-1p777-00-3043645.out
3043646	20260728_sftonly_cifar10_e5_1pattern_seed777	/data/42-julia-hpc-ai-cv-students/s471802/nn-gpt-runs/parallel_runs/20260728_sftonly_cifar10_e5_1pattern_seed777/slurm_sharded_20260807/sftg-1p777-01-3043646.err
3043646	20260728_sftonly_cifar10_e5_1pattern_seed777	/data/42-julia-hpc-ai-cv-students/s471802/nn-gpt-runs/parallel_runs/20260728_sftonly_cifar10_e5_1pattern_seed777/slurm_sharded_20260807/sftg-1p777-01-3043646.out
3043647	20260728_sftonly_cifar10_e5_1pattern_seed777	/data/42-julia-hpc-ai-cv-students/s471802/nn-gpt-runs/parallel_runs/20260728_sftonly_cifar10_e5_1pattern_seed777/slurm_sharded_20260807/sftg-1p777-02-3043647.err
3043647	20260728_sftonly_cifar10_e5_1pattern_seed777	/data/42-julia-hpc-ai-cv-students/s471802/nn-gpt-runs/parallel_runs/20260728_sftonly_cifar10_e5_1pattern_seed777/slurm_sharded_20260807/sftg-1p777-02-3043647.out
3043648	20260728_sftonly_cifar10_e5_1pattern_seed777	/data/42-julia-hpc-ai-cv-students/s471802/nn-gpt-runs/parallel_runs/20260728_sftonly_cifar10_e5_1pattern_seed777/slurm_sharded_20260807/sftg-1p777-03-3043648.err
3043648	20260728_sftonly_cifar10_e5_1pattern_seed777	/data/42-julia-hpc-ai-cv-students/s471802/nn-gpt-runs/parallel_runs/20260728_sftonly_cifar10_e5_1pattern_seed777/slurm_sharded_20260807/sftg-1p777-03-3043648.out
3043649	20260728_sftonly_cifar10_e5_1pattern_seed777	/data/42-julia-hpc-ai-cv-students/s471802/nn-gpt-runs/parallel_runs/20260728_sftonly_cifar10_e5_1pattern_seed777/slurm_sharded_20260807/sftg-1p777-04-3043649.err
3043649	20260728_sftonly_cifar10_e5_1pattern_seed777	/data/42-julia-hpc-ai-cv-students/s471802/nn-gpt-runs/parallel_runs/20260728_sftonly_cifar10_e5_1pattern_seed777/slurm_sharded_20260807/sftg-1p777-04-3043649.out
3043650	20260728_sftonly_cifar10_e5_1pattern_seed777	/data/42-julia-hpc-ai-cv-students/s471802/nn-gpt-runs/parallel_runs/20260728_sftonly_cifar10_e5_1pattern_seed777/slurm_sharded_20260807/sftg-1p777-05-3043650.err
3043650	20260728_sftonly_cifar10_e5_1pattern_seed777	/data/42-julia-hpc-ai-cv-students/s471802/nn-gpt-runs/parallel_runs/20260728_sftonly_cifar10_e5_1pattern_seed777/slurm_sharded_20260807/sftg-1p777-05-3043650.out
3043651	20260728_sftonly_cifar10_e5_1pattern_seed777	/data/42-julia-hpc-ai-cv-students/s471802/nn-gpt-runs/parallel_runs/20260728_sftonly_cifar10_e5_1pattern_seed777/slurm_sharded_20260807/sftg-1p777-06-3043651.err
3043651	20260728_sftonly_cifar10_e5_1pattern_seed777	/data/42-julia-hpc-ai-cv-students/s471802/nn-gpt-runs/parallel_runs/20260728_sftonly_cifar10_e5_1pattern_seed777/slurm_sharded_20260807/sftg-1p777-06-3043651.out
3043652	20260728_sftonly_cifar10_e5_1pattern_seed777	/data/42-julia-hpc-ai-cv-students/s471802/nn-gpt-runs/parallel_runs/20260728_sftonly_cifar10_e5_1pattern_seed777/slurm_sharded_20260807/sftg-1p777-07-3043652.err
3043652	20260728_sftonly_cifar10_e5_1pattern_seed777	/data/42-julia-hpc-ai-cv-students/s471802/nn-gpt-runs/parallel_runs/20260728_sftonly_cifar10_e5_1pattern_seed777/slurm_sharded_20260807/sftg-1p777-07-3043652.out
3043671	20260728_sftonly_cifar10_e5_1pattern_seed919	/data/42-julia-hpc-ai-cv-students/s471802/nn-gpt-runs/parallel_runs/20260728_sftonly_cifar10_e5_1pattern_seed919/slurm_sharded_20260807/sftg-1p919-00-3043671.err
3043671	20260728_sftonly_cifar10_e5_1pattern_seed919	/data/42-julia-hpc-ai-cv-students/s471802/nn-gpt-runs/parallel_runs/20260728_sftonly_cifar10_e5_1pattern_seed919/slurm_sharded_20260807/sftg-1p919-00-3043671.out
3043672	20260728_sftonly_cifar10_e5_1pattern_seed919	/data/42-julia-hpc-ai-cv-students/s471802/nn-gpt-runs/parallel_runs/20260728_sftonly_cifar10_e5_1pattern_seed919/slurm_sharded_20260807/sftg-1p919-01-3043672.err
3043672	20260728_sftonly_cifar10_e5_1pattern_seed919	/data/42-julia-hpc-ai-cv-students/s471802/nn-gpt-runs/parallel_runs/20260728_sftonly_cifar10_e5_1pattern_seed919/slurm_sharded_20260807/sftg-1p919-01-3043672.out
3043673	20260728_sftonly_cifar10_e5_1pattern_seed919	/data/42-julia-hpc-ai-cv-students/s471802/nn-gpt-runs/parallel_runs/20260728_sftonly_cifar10_e5_1pattern_seed919/slurm_sharded_20260807/sftg-1p919-02-3043673.err
3043673	20260728_sftonly_cifar10_e5_1pattern_seed919	/data/42-julia-hpc-ai-cv-students/s471802/nn-gpt-runs/parallel_runs/20260728_sftonly_cifar10_e5_1pattern_seed919/slurm_sharded_20260807/sftg-1p919-02-3043673.out
3043674	20260728_sftonly_cifar10_e5_1pattern_seed919	/data/42-julia-hpc-ai-cv-students/s471802/nn-gpt-runs/parallel_runs/20260728_sftonly_cifar10_e5_1pattern_seed919/slurm_sharded_20260807/sftg-1p919-03-3043674.err
3043674	20260728_sftonly_cifar10_e5_1pattern_seed919	/data/42-julia-hpc-ai-cv-students/s471802/nn-gpt-runs/parallel_runs/20260728_sftonly_cifar10_e5_1pattern_seed919/slurm_sharded_20260807/sftg-1p919-03-3043674.out
3043675	20260728_sftonly_cifar10_e5_1pattern_seed919	/data/42-julia-hpc-ai-cv-students/s471802/nn-gpt-runs/parallel_runs/20260728_sftonly_cifar10_e5_1pattern_seed919/slurm_sharded_20260807/sftg-1p919-04-3043675.err
3043675	20260728_sftonly_cifar10_e5_1pattern_seed919	/data/42-julia-hpc-ai-cv-students/s471802/nn-gpt-runs/parallel_runs/20260728_sftonly_cifar10_e5_1pattern_seed919/slurm_sharded_20260807/sftg-1p919-04-3043675.out
3043676	20260728_sftonly_cifar10_e5_1pattern_seed919	/data/42-julia-hpc-ai-cv-students/s471802/nn-gpt-runs/parallel_runs/20260728_sftonly_cifar10_e5_1pattern_seed919/slurm_sharded_20260807/sftg-1p919-05-3043676.err
3043676	20260728_sftonly_cifar10_e5_1pattern_seed919	/data/42-julia-hpc-ai-cv-students/s471802/nn-gpt-runs/parallel_runs/20260728_sftonly_cifar10_e5_1pattern_seed919/slurm_sharded_20260807/sftg-1p919-05-3043676.out
3043677	20260728_sftonly_cifar10_e5_1pattern_seed919	/data/42-julia-hpc-ai-cv-students/s471802/nn-gpt-runs/parallel_runs/20260728_sftonly_cifar10_e5_1pattern_seed919/slurm_sharded_20260807/sftg-1p919-06-3043677.err
3043677	20260728_sftonly_cifar10_e5_1pattern_seed919	/data/42-julia-hpc-ai-cv-students/s471802/nn-gpt-runs/parallel_runs/20260728_sftonly_cifar10_e5_1pattern_seed919/slurm_sharded_20260807/sftg-1p919-06-3043677.out
3043678	20260728_sftonly_cifar10_e5_1pattern_seed919	/data/42-julia-hpc-ai-cv-students/s471802/nn-gpt-runs/parallel_runs/20260728_sftonly_cifar10_e5_1pattern_seed919/slurm_sharded_20260807/sftg-1p919-07-3043678.err
3043678	20260728_sftonly_cifar10_e5_1pattern_seed919	/data/42-julia-hpc-ai-cv-students/s471802/nn-gpt-runs/parallel_runs/20260728_sftonly_cifar10_e5_1pattern_seed919/slurm_sharded_20260807/sftg-1p919-07-3043678.out
3043697	20260728_sftonly_cifar10_e5_4pattern_seed42	/data/42-julia-hpc-ai-cv-students/s471802/nn-gpt-runs/parallel_runs/20260728_sftonly_cifar10_e5_4pattern_seed42/slurm_sharded_20260807/sftg-4p42-00-3043697.err
3043697	20260728_sftonly_cifar10_e5_4pattern_seed42	/data/42-julia-hpc-ai-cv-students/s471802/nn-gpt-runs/parallel_runs/20260728_sftonly_cifar10_e5_4pattern_seed42/slurm_sharded_20260807/sftg-4p42-00-3043697.out
3043698	20260728_sftonly_cifar10_e5_4pattern_seed42	/data/42-julia-hpc-ai-cv-students/s471802/nn-gpt-runs/parallel_runs/20260728_sftonly_cifar10_e5_4pattern_seed42/slurm_sharded_20260807/sftg-4p42-01-3043698.err
3043698	20260728_sftonly_cifar10_e5_4pattern_seed42	/data/42-julia-hpc-ai-cv-students/s471802/nn-gpt-runs/parallel_runs/20260728_sftonly_cifar10_e5_4pattern_seed42/slurm_sharded_20260807/sftg-4p42-01-3043698.out
3043699	20260728_sftonly_cifar10_e5_4pattern_seed42	/data/42-julia-hpc-ai-cv-students/s471802/nn-gpt-runs/parallel_runs/20260728_sftonly_cifar10_e5_4pattern_seed42/slurm_sharded_20260807/sftg-4p42-02-3043699.err
3043699	20260728_sftonly_cifar10_e5_4pattern_seed42	/data/42-julia-hpc-ai-cv-students/s471802/nn-gpt-runs/parallel_runs/20260728_sftonly_cifar10_e5_4pattern_seed42/slurm_sharded_20260807/sftg-4p42-02-3043699.out
3043700	20260728_sftonly_cifar10_e5_4pattern_seed42	/data/42-julia-hpc-ai-cv-students/s471802/nn-gpt-runs/parallel_runs/20260728_sftonly_cifar10_e5_4pattern_seed42/slurm_sharded_20260807/sftg-4p42-03-3043700.err
3043700	20260728_sftonly_cifar10_e5_4pattern_seed42	/data/42-julia-hpc-ai-cv-students/s471802/nn-gpt-runs/parallel_runs/20260728_sftonly_cifar10_e5_4pattern_seed42/slurm_sharded_20260807/sftg-4p42-03-3043700.out
3043701	20260728_sftonly_cifar10_e5_4pattern_seed42	/data/42-julia-hpc-ai-cv-students/s471802/nn-gpt-runs/parallel_runs/20260728_sftonly_cifar10_e5_4pattern_seed42/slurm_sharded_20260807/sftg-4p42-04-3043701.err
3043701	20260728_sftonly_cifar10_e5_4pattern_seed42	/data/42-julia-hpc-ai-cv-students/s471802/nn-gpt-runs/parallel_runs/20260728_sftonly_cifar10_e5_4pattern_seed42/slurm_sharded_20260807/sftg-4p42-04-3043701.out
3043702	20260728_sftonly_cifar10_e5_4pattern_seed42	/data/42-julia-hpc-ai-cv-students/s471802/nn-gpt-runs/parallel_runs/20260728_sftonly_cifar10_e5_4pattern_seed42/slurm_sharded_20260807/sftg-4p42-05-3043702.err
3043702	20260728_sftonly_cifar10_e5_4pattern_seed42	/data/42-julia-hpc-ai-cv-students/s471802/nn-gpt-runs/parallel_runs/20260728_sftonly_cifar10_e5_4pattern_seed42/slurm_sharded_20260807/sftg-4p42-05-3043702.out
3043703	20260728_sftonly_cifar10_e5_4pattern_seed42	/data/42-julia-hpc-ai-cv-students/s471802/nn-gpt-runs/parallel_runs/20260728_sftonly_cifar10_e5_4pattern_seed42/slurm_sharded_20260807/sftg-4p42-06-3043703.err
3043703	20260728_sftonly_cifar10_e5_4pattern_seed42	/data/42-julia-hpc-ai-cv-students/s471802/nn-gpt-runs/parallel_runs/20260728_sftonly_cifar10_e5_4pattern_seed42/slurm_sharded_20260807/sftg-4p42-06-3043703.out
3043704	20260728_sftonly_cifar10_e5_4pattern_seed42	/data/42-julia-hpc-ai-cv-students/s471802/nn-gpt-runs/parallel_runs/20260728_sftonly_cifar10_e5_4pattern_seed42/slurm_sharded_20260807/sftg-4p42-07-3043704.err
3043704	20260728_sftonly_cifar10_e5_4pattern_seed42	/data/42-julia-hpc-ai-cv-students/s471802/nn-gpt-runs/parallel_runs/20260728_sftonly_cifar10_e5_4pattern_seed42/slurm_sharded_20260807/sftg-4p42-07-3043704.out
3043723	20260728_sftonly_cifar10_e5_4pattern_seed514	/data/42-julia-hpc-ai-cv-students/s471802/nn-gpt-runs/parallel_runs/20260728_sftonly_cifar10_e5_4pattern_seed514/slurm_sharded_20260807/sftg-4p514-00-3043723.err
3043723	20260728_sftonly_cifar10_e5_4pattern_seed514	/data/42-julia-hpc-ai-cv-students/s471802/nn-gpt-runs/parallel_runs/20260728_sftonly_cifar10_e5_4pattern_seed514/slurm_sharded_20260807/sftg-4p514-00-3043723.out
3043724	20260728_sftonly_cifar10_e5_4pattern_seed514	/data/42-julia-hpc-ai-cv-students/s471802/nn-gpt-runs/parallel_runs/20260728_sftonly_cifar10_e5_4pattern_seed514/slurm_sharded_20260807/sftg-4p514-01-3043724.err
3043724	20260728_sftonly_cifar10_e5_4pattern_seed514	/data/42-julia-hpc-ai-cv-students/s471802/nn-gpt-runs/parallel_runs/20260728_sftonly_cifar10_e5_4pattern_seed514/slurm_sharded_20260807/sftg-4p514-01-3043724.out
3043725	20260728_sftonly_cifar10_e5_4pattern_seed514	/data/42-julia-hpc-ai-cv-students/s471802/nn-gpt-runs/parallel_runs/20260728_sftonly_cifar10_e5_4pattern_seed514/slurm_sharded_20260807/sftg-4p514-02-3043725.err
3043725	20260728_sftonly_cifar10_e5_4pattern_seed514	/data/42-julia-hpc-ai-cv-students/s471802/nn-gpt-runs/parallel_runs/20260728_sftonly_cifar10_e5_4pattern_seed514/slurm_sharded_20260807/sftg-4p514-02-3043725.out
3043726	20260728_sftonly_cifar10_e5_4pattern_seed514	/data/42-julia-hpc-ai-cv-students/s471802/nn-gpt-runs/parallel_runs/20260728_sftonly_cifar10_e5_4pattern_seed514/slurm_sharded_20260807/sftg-4p514-03-3043726.err
3043726	20260728_sftonly_cifar10_e5_4pattern_seed514	/data/42-julia-hpc-ai-cv-students/s471802/nn-gpt-runs/parallel_runs/20260728_sftonly_cifar10_e5_4pattern_seed514/slurm_sharded_20260807/sftg-4p514-03-3043726.out
3043728	20260728_sftonly_cifar10_e5_4pattern_seed514	/data/42-julia-hpc-ai-cv-students/s471802/nn-gpt-runs/parallel_runs/20260728_sftonly_cifar10_e5_4pattern_seed514/slurm_sharded_20260807/sftg-4p514-05-3043728.err
3043728	20260728_sftonly_cifar10_e5_4pattern_seed514	/data/42-julia-hpc-ai-cv-students/s471802/nn-gpt-runs/parallel_runs/20260728_sftonly_cifar10_e5_4pattern_seed514/slurm_sharded_20260807/sftg-4p514-05-3043728.out
3043729	20260728_sftonly_cifar10_e5_4pattern_seed514	/data/42-julia-hpc-ai-cv-students/s471802/nn-gpt-runs/parallel_runs/20260728_sftonly_cifar10_e5_4pattern_seed514/slurm_sharded_20260807/sftg-4p514-06-3043729.err
3043729	20260728_sftonly_cifar10_e5_4pattern_seed514	/data/42-julia-hpc-ai-cv-students/s471802/nn-gpt-runs/parallel_runs/20260728_sftonly_cifar10_e5_4pattern_seed514/slurm_sharded_20260807/sftg-4p514-06-3043729.out
3043730	20260728_sftonly_cifar10_e5_4pattern_seed514	/data/42-julia-hpc-ai-cv-students/s471802/nn-gpt-runs/parallel_runs/20260728_sftonly_cifar10_e5_4pattern_seed514/slurm_sharded_20260807/sftg-4p514-07-3043730.err
3043730	20260728_sftonly_cifar10_e5_4pattern_seed514	/data/42-julia-hpc-ai-cv-students/s471802/nn-gpt-runs/parallel_runs/20260728_sftonly_cifar10_e5_4pattern_seed514/slurm_sharded_20260807/sftg-4p514-07-3043730.out
3043774	20260728_sftonly_cifar10_e5_4pattern_seed123	/data/42-julia-hpc-ai-cv-students/s471802/nn-gpt-runs/parallel_runs/20260728_sftonly_cifar10_e5_4pattern_seed123/slurm_sharded_20260807/sfte-4p123-00-3043774.err
3043774	20260728_sftonly_cifar10_e5_4pattern_seed123	/data/42-julia-hpc-ai-cv-students/s471802/nn-gpt-runs/parallel_runs/20260728_sftonly_cifar10_e5_4pattern_seed123/slurm_sharded_20260807/sfte-4p123-00-3043774.out
3043775	20260728_sftonly_cifar10_e5_4pattern_seed123	/data/42-julia-hpc-ai-cv-students/s471802/nn-gpt-runs/parallel_runs/20260728_sftonly_cifar10_e5_4pattern_seed123/slurm_sharded_20260807/sfte-4p123-02-3043775.err
3043775	20260728_sftonly_cifar10_e5_4pattern_seed123	/data/42-julia-hpc-ai-cv-students/s471802/nn-gpt-runs/parallel_runs/20260728_sftonly_cifar10_e5_4pattern_seed123/slurm_sharded_20260807/sfte-4p123-02-3043775.out
3043776	20260728_sftonly_cifar10_e5_4pattern_seed123	/data/42-julia-hpc-ai-cv-students/s471802/nn-gpt-runs/parallel_runs/20260728_sftonly_cifar10_e5_4pattern_seed123/slurm_sharded_20260807/sfte-4p123-03-3043776.err
3043776	20260728_sftonly_cifar10_e5_4pattern_seed123	/data/42-julia-hpc-ai-cv-students/s471802/nn-gpt-runs/parallel_runs/20260728_sftonly_cifar10_e5_4pattern_seed123/slurm_sharded_20260807/sfte-4p123-03-3043776.out
3043777	20260728_sftonly_cifar10_e5_4pattern_seed123	/data/42-julia-hpc-ai-cv-students/s471802/nn-gpt-runs/parallel_runs/20260728_sftonly_cifar10_e5_4pattern_seed123/slurm_sharded_20260807/sfte-4p123-04-3043777.err
3043777	20260728_sftonly_cifar10_e5_4pattern_seed123	/data/42-julia-hpc-ai-cv-students/s471802/nn-gpt-runs/parallel_runs/20260728_sftonly_cifar10_e5_4pattern_seed123/slurm_sharded_20260807/sfte-4p123-04-3043777.out
3043778	20260728_sftonly_cifar10_e5_4pattern_seed123	/data/42-julia-hpc-ai-cv-students/s471802/nn-gpt-runs/parallel_runs/20260728_sftonly_cifar10_e5_4pattern_seed123/slurm_sharded_20260807/sfte-4p123-05-3043778.err
3043778	20260728_sftonly_cifar10_e5_4pattern_seed123	/data/42-julia-hpc-ai-cv-students/s471802/nn-gpt-runs/parallel_runs/20260728_sftonly_cifar10_e5_4pattern_seed123/slurm_sharded_20260807/sfte-4p123-05-3043778.out
3043779	20260728_sftonly_cifar10_e5_4pattern_seed123	/data/42-julia-hpc-ai-cv-students/s471802/nn-gpt-runs/parallel_runs/20260728_sftonly_cifar10_e5_4pattern_seed123/slurm_sharded_20260807/sfte-4p123-09-3043779.err
3043779	20260728_sftonly_cifar10_e5_4pattern_seed123	/data/42-julia-hpc-ai-cv-students/s471802/nn-gpt-runs/parallel_runs/20260728_sftonly_cifar10_e5_4pattern_seed123/slurm_sharded_20260807/sfte-4p123-09-3043779.out
3043780	20260728_sftonly_cifar10_e5_4pattern_seed123	/data/42-julia-hpc-ai-cv-students/s471802/nn-gpt-runs/parallel_runs/20260728_sftonly_cifar10_e5_4pattern_seed123/slurm_sharded_20260807/sfte-4p123-11-3043780.err
3043780	20260728_sftonly_cifar10_e5_4pattern_seed123	/data/42-julia-hpc-ai-cv-students/s471802/nn-gpt-runs/parallel_runs/20260728_sftonly_cifar10_e5_4pattern_seed123/slurm_sharded_20260807/sfte-4p123-11-3043780.out
3043782	20260728_sftonly_cifar10_e5_1pattern_seed123	/data/42-julia-hpc-ai-cv-students/s471802/nn-gpt-runs/parallel_runs/20260728_sftonly_cifar10_e5_1pattern_seed123/slurm_sharded_20260807/sfte-1p123-c06-3043782.err
3043782	20260728_sftonly_cifar10_e5_1pattern_seed123	/data/42-julia-hpc-ai-cv-students/s471802/nn-gpt-runs/parallel_runs/20260728_sftonly_cifar10_e5_1pattern_seed123/slurm_sharded_20260807/sfte-1p123-c06-3043782.out
3043789	20260726_4pattern_a18_cifar100_e5_p3500_c1200_s100_h100x4_shared_full_reward_seed42	/data/42-julia-hpc-ai-cv-students/s471802/nn-gpt-runs/parallel_runs/20260726_4pattern_a18_cifar100_e5_p3500_c1200_s100_h100x4_shared_full_reward_seed42/slurm/rl-4p-c100-s42-q-3043789.err
3043789	20260726_4pattern_a18_cifar100_e5_p3500_c1200_s100_h100x4_shared_full_reward_seed42	/data/42-julia-hpc-ai-cv-students/s471802/nn-gpt-runs/parallel_runs/20260726_4pattern_a18_cifar100_e5_p3500_c1200_s100_h100x4_shared_full_reward_seed42/slurm/rl-4p-c100-s42-q-3043789.out
3043789	20260726_4pattern_a18_cifar100_e5_p3500_c1200_s100_h100x4_shared_full_reward_seed42	/data/42-julia-hpc-ai-cv-students/s471802/nn-gpt-runs/parallel_runs/20260726_4pattern_a18_cifar100_e5_p3500_c1200_s100_h100x4_shared_full_reward_seed42/slurm/tunerl-finalize-4p-c100-s42-3043789.err
3043789	20260726_4pattern_a18_cifar100_e5_p3500_c1200_s100_h100x4_shared_full_reward_seed42	/data/42-julia-hpc-ai-cv-students/s471802/nn-gpt-runs/parallel_runs/20260726_4pattern_a18_cifar100_e5_p3500_c1200_s100_h100x4_shared_full_reward_seed42/slurm/tunerl-finalize-4p-c100-s42-3043789.out
3043791	20260726_4pattern_a18_cifar100_e5_p3500_c1200_s100_h100x4_shared_full_reward_seed123	/data/42-julia-hpc-ai-cv-students/s471802/nn-gpt-runs/parallel_runs/20260726_4pattern_a18_cifar100_e5_p3500_c1200_s100_h100x4_shared_full_reward_seed123/slurm/rl-4p-c100-s123-q-3043791.err
3043791	20260726_4pattern_a18_cifar100_e5_p3500_c1200_s100_h100x4_shared_full_reward_seed123	/data/42-julia-hpc-ai-cv-students/s471802/nn-gpt-runs/parallel_runs/20260726_4pattern_a18_cifar100_e5_p3500_c1200_s100_h100x4_shared_full_reward_seed123/slurm/rl-4p-c100-s123-q-3043791.out
3043791	20260726_4pattern_a18_cifar100_e5_p3500_c1200_s100_h100x4_shared_full_reward_seed123	/data/42-julia-hpc-ai-cv-students/s471802/nn-gpt-runs/parallel_runs/20260726_4pattern_a18_cifar100_e5_p3500_c1200_s100_h100x4_shared_full_reward_seed123/slurm/tunerl-finalize-4p-c100-s123-3043791.err
3043791	20260726_4pattern_a18_cifar100_e5_p3500_c1200_s100_h100x4_shared_full_reward_seed123	/data/42-julia-hpc-ai-cv-students/s471802/nn-gpt-runs/parallel_runs/20260726_4pattern_a18_cifar100_e5_p3500_c1200_s100_h100x4_shared_full_reward_seed123/slurm/tunerl-finalize-4p-c100-s123-3043791.out
3043793	20260726_4pattern_a18_cifar100_e5_p3500_c1200_s100_h100x4_shared_full_reward_seed777	/data/42-julia-hpc-ai-cv-students/s471802/nn-gpt-runs/parallel_runs/20260726_4pattern_a18_cifar100_e5_p3500_c1200_s100_h100x4_shared_full_reward_seed777/slurm/rl-4p-c100-s777-q-3043793.err
3043793	20260726_4pattern_a18_cifar100_e5_p3500_c1200_s100_h100x4_shared_full_reward_seed777	/data/42-julia-hpc-ai-cv-students/s471802/nn-gpt-runs/parallel_runs/20260726_4pattern_a18_cifar100_e5_p3500_c1200_s100_h100x4_shared_full_reward_seed777/slurm/rl-4p-c100-s777-q-3043793.out
3043793	20260726_4pattern_a18_cifar100_e5_p3500_c1200_s100_h100x4_shared_full_reward_seed777	/data/42-julia-hpc-ai-cv-students/s471802/nn-gpt-runs/parallel_runs/20260726_4pattern_a18_cifar100_e5_p3500_c1200_s100_h100x4_shared_full_reward_seed777/slurm/tunerl-finalize-4p-c100-s777-3043793.err
3043793	20260726_4pattern_a18_cifar100_e5_p3500_c1200_s100_h100x4_shared_full_reward_seed777	/data/42-julia-hpc-ai-cv-students/s471802/nn-gpt-runs/parallel_runs/20260726_4pattern_a18_cifar100_e5_p3500_c1200_s100_h100x4_shared_full_reward_seed777/slurm/tunerl-finalize-4p-c100-s777-3043793.out
3043853	20260728_sftonly_cifar10_e5_4pattern_seed514	/data/42-julia-hpc-ai-cv-students/s471802/nn-gpt-runs/parallel_runs/20260728_sftonly_cifar10_e5_4pattern_seed514/slurm_sharded_20260807/sftg-4p514-04r-3043853.err
3043853	20260728_sftonly_cifar10_e5_4pattern_seed514	/data/42-julia-hpc-ai-cv-students/s471802/nn-gpt-runs/parallel_runs/20260728_sftonly_cifar10_e5_4pattern_seed514/slurm_sharded_20260807/sftg-4p514-04r-3043853.out
3043943	20260728_sftonly_cifar10_e5_4pattern_seed42	/data/42-julia-hpc-ai-cv-students/s471802/nn-gpt-runs/parallel_runs/20260728_sftonly_cifar10_e5_4pattern_seed42/slurm_sharded_20260807/sftg-4p42-02c-3043943.err
3043943	20260728_sftonly_cifar10_e5_4pattern_seed42	/data/42-julia-hpc-ai-cv-students/s471802/nn-gpt-runs/parallel_runs/20260728_sftonly_cifar10_e5_4pattern_seed42/slurm_sharded_20260807/sftg-4p42-02c-3043943.out
3043944	20260728_sftonly_cifar10_e5_4pattern_seed42	/data/42-julia-hpc-ai-cv-students/s471802/nn-gpt-runs/parallel_runs/20260728_sftonly_cifar10_e5_4pattern_seed42/slurm_sharded_20260807/sftg-4p42-03c-3043944.err
3043944	20260728_sftonly_cifar10_e5_4pattern_seed42	/data/42-julia-hpc-ai-cv-students/s471802/nn-gpt-runs/parallel_runs/20260728_sftonly_cifar10_e5_4pattern_seed42/slurm_sharded_20260807/sftg-4p42-03c-3043944.out
3044074	20260728_sftonly_cifar10_e5_1pattern_seed42	/data/42-julia-hpc-ai-cv-students/s471802/nn-gpt-runs/parallel_runs/20260728_sftonly_cifar10_e5_1pattern_seed42/slurm_20260807_reduce400/sftgm-1p42-400-3044074.err
3044074	20260728_sftonly_cifar10_e5_1pattern_seed42	/data/42-julia-hpc-ai-cv-students/s471802/nn-gpt-runs/parallel_runs/20260728_sftonly_cifar10_e5_1pattern_seed42/slurm_20260807_reduce400/sftgm-1p42-400-3044074.out
3044075	20260728_sftonly_cifar10_e5_1pattern_seed42	/data/42-julia-hpc-ai-cv-students/s471802/nn-gpt-runs/parallel_runs/20260728_sftonly_cifar10_e5_1pattern_seed42/slurm_20260807_reduce400/sfte-1p42-400-0-3044075.err
3044075	20260728_sftonly_cifar10_e5_1pattern_seed42	/data/42-julia-hpc-ai-cv-students/s471802/nn-gpt-runs/parallel_runs/20260728_sftonly_cifar10_e5_1pattern_seed42/slurm_20260807_reduce400/sfte-1p42-400-0-3044075.out
3044076	20260728_sftonly_cifar10_e5_1pattern_seed42	/data/42-julia-hpc-ai-cv-students/s471802/nn-gpt-runs/parallel_runs/20260728_sftonly_cifar10_e5_1pattern_seed42/slurm_20260807_reduce400/sfte-1p42-400-1-3044076.err
3044076	20260728_sftonly_cifar10_e5_1pattern_seed42	/data/42-julia-hpc-ai-cv-students/s471802/nn-gpt-runs/parallel_runs/20260728_sftonly_cifar10_e5_1pattern_seed42/slurm_20260807_reduce400/sfte-1p42-400-1-3044076.out
3044077	20260728_sftonly_cifar10_e5_1pattern_seed42	/data/42-julia-hpc-ai-cv-students/s471802/nn-gpt-runs/parallel_runs/20260728_sftonly_cifar10_e5_1pattern_seed42/slurm_20260807_reduce400/sfte-1p42-400-2-3044077.err
3044077	20260728_sftonly_cifar10_e5_1pattern_seed42	/data/42-julia-hpc-ai-cv-students/s471802/nn-gpt-runs/parallel_runs/20260728_sftonly_cifar10_e5_1pattern_seed42/slurm_20260807_reduce400/sfte-1p42-400-2-3044077.out
3044078	20260728_sftonly_cifar10_e5_1pattern_seed42	/data/42-julia-hpc-ai-cv-students/s471802/nn-gpt-runs/parallel_runs/20260728_sftonly_cifar10_e5_1pattern_seed42/slurm_20260807_reduce400/sfte-1p42-400-3-3044078.err
3044078	20260728_sftonly_cifar10_e5_1pattern_seed42	/data/42-julia-hpc-ai-cv-students/s471802/nn-gpt-runs/parallel_runs/20260728_sftonly_cifar10_e5_1pattern_seed42/slurm_20260807_reduce400/sfte-1p42-400-3-3044078.out
3044079	20260728_sftonly_cifar10_e5_1pattern_seed42	/data/42-julia-hpc-ai-cv-students/s471802/nn-gpt-runs/parallel_runs/20260728_sftonly_cifar10_e5_1pattern_seed42/slurm_20260807_reduce400/sfte-1p42-400-4-3044079.err
3044079	20260728_sftonly_cifar10_e5_1pattern_seed42	/data/42-julia-hpc-ai-cv-students/s471802/nn-gpt-runs/parallel_runs/20260728_sftonly_cifar10_e5_1pattern_seed42/slurm_20260807_reduce400/sfte-1p42-400-4-3044079.out
3044080	20260728_sftonly_cifar10_e5_1pattern_seed42	/data/42-julia-hpc-ai-cv-students/s471802/nn-gpt-runs/parallel_runs/20260728_sftonly_cifar10_e5_1pattern_seed42/slurm_20260807_reduce400/sfte-1p42-400-5-3044080.err
3044080	20260728_sftonly_cifar10_e5_1pattern_seed42	/data/42-julia-hpc-ai-cv-students/s471802/nn-gpt-runs/parallel_runs/20260728_sftonly_cifar10_e5_1pattern_seed42/slurm_20260807_reduce400/sfte-1p42-400-5-3044080.out
3044081	20260728_sftonly_cifar10_e5_1pattern_seed42	/data/42-julia-hpc-ai-cv-students/s471802/nn-gpt-runs/parallel_runs/20260728_sftonly_cifar10_e5_1pattern_seed42/slurm_20260807_reduce400/sfte-1p42-400-6-3044081.err
3044081	20260728_sftonly_cifar10_e5_1pattern_seed42	/data/42-julia-hpc-ai-cv-students/s471802/nn-gpt-runs/parallel_runs/20260728_sftonly_cifar10_e5_1pattern_seed42/slurm_20260807_reduce400/sfte-1p42-400-6-3044081.out
3044082	20260728_sftonly_cifar10_e5_1pattern_seed42	/data/42-julia-hpc-ai-cv-students/s471802/nn-gpt-runs/parallel_runs/20260728_sftonly_cifar10_e5_1pattern_seed42/slurm_20260807_reduce400/sfte-1p42-400-7-3044082.err
3044082	20260728_sftonly_cifar10_e5_1pattern_seed42	/data/42-julia-hpc-ai-cv-students/s471802/nn-gpt-runs/parallel_runs/20260728_sftonly_cifar10_e5_1pattern_seed42/slurm_20260807_reduce400/sfte-1p42-400-7-3044082.out
3044083	20260728_sftonly_cifar10_e5_1pattern_seed42	/data/42-julia-hpc-ai-cv-students/s471802/nn-gpt-runs/parallel_runs/20260728_sftonly_cifar10_e5_1pattern_seed42/slurm_20260807_reduce400/sftm-1p42-400-3044083.err
3044083	20260728_sftonly_cifar10_e5_1pattern_seed42	/data/42-julia-hpc-ai-cv-students/s471802/nn-gpt-runs/parallel_runs/20260728_sftonly_cifar10_e5_1pattern_seed42/slurm_20260807_reduce400/sftm-1p42-400-3044083.out
3044084	20260728_sftonly_cifar10_e5_1pattern_seed777	/data/42-julia-hpc-ai-cv-students/s471802/nn-gpt-runs/parallel_runs/20260728_sftonly_cifar10_e5_1pattern_seed777/slurm_20260807_reduce400/sftgm-1p777-400-3044084.err
3044084	20260728_sftonly_cifar10_e5_1pattern_seed777	/data/42-julia-hpc-ai-cv-students/s471802/nn-gpt-runs/parallel_runs/20260728_sftonly_cifar10_e5_1pattern_seed777/slurm_20260807_reduce400/sftgm-1p777-400-3044084.out
3044085	20260728_sftonly_cifar10_e5_1pattern_seed777	/data/42-julia-hpc-ai-cv-students/s471802/nn-gpt-runs/parallel_runs/20260728_sftonly_cifar10_e5_1pattern_seed777/slurm_20260807_reduce400/sfte-1p777-400-0-3044085.err
3044085	20260728_sftonly_cifar10_e5_1pattern_seed777	/data/42-julia-hpc-ai-cv-students/s471802/nn-gpt-runs/parallel_runs/20260728_sftonly_cifar10_e5_1pattern_seed777/slurm_20260807_reduce400/sfte-1p777-400-0-3044085.out
3044086	20260728_sftonly_cifar10_e5_1pattern_seed777	/data/42-julia-hpc-ai-cv-students/s471802/nn-gpt-runs/parallel_runs/20260728_sftonly_cifar10_e5_1pattern_seed777/slurm_20260807_reduce400/sfte-1p777-400-1-3044086.err
3044086	20260728_sftonly_cifar10_e5_1pattern_seed777	/data/42-julia-hpc-ai-cv-students/s471802/nn-gpt-runs/parallel_runs/20260728_sftonly_cifar10_e5_1pattern_seed777/slurm_20260807_reduce400/sfte-1p777-400-1-3044086.out
3044087	20260728_sftonly_cifar10_e5_1pattern_seed777	/data/42-julia-hpc-ai-cv-students/s471802/nn-gpt-runs/parallel_runs/20260728_sftonly_cifar10_e5_1pattern_seed777/slurm_20260807_reduce400/sfte-1p777-400-2-3044087.err
3044087	20260728_sftonly_cifar10_e5_1pattern_seed777	/data/42-julia-hpc-ai-cv-students/s471802/nn-gpt-runs/parallel_runs/20260728_sftonly_cifar10_e5_1pattern_seed777/slurm_20260807_reduce400/sfte-1p777-400-2-3044087.out
3044088	20260728_sftonly_cifar10_e5_1pattern_seed777	/data/42-julia-hpc-ai-cv-students/s471802/nn-gpt-runs/parallel_runs/20260728_sftonly_cifar10_e5_1pattern_seed777/slurm_20260807_reduce400/sfte-1p777-400-3-3044088.err
3044088	20260728_sftonly_cifar10_e5_1pattern_seed777	/data/42-julia-hpc-ai-cv-students/s471802/nn-gpt-runs/parallel_runs/20260728_sftonly_cifar10_e5_1pattern_seed777/slurm_20260807_reduce400/sfte-1p777-400-3-3044088.out
3044089	20260728_sftonly_cifar10_e5_1pattern_seed777	/data/42-julia-hpc-ai-cv-students/s471802/nn-gpt-runs/parallel_runs/20260728_sftonly_cifar10_e5_1pattern_seed777/slurm_20260807_reduce400/sfte-1p777-400-4-3044089.err
3044089	20260728_sftonly_cifar10_e5_1pattern_seed777	/data/42-julia-hpc-ai-cv-students/s471802/nn-gpt-runs/parallel_runs/20260728_sftonly_cifar10_e5_1pattern_seed777/slurm_20260807_reduce400/sfte-1p777-400-4-3044089.out
3044090	20260728_sftonly_cifar10_e5_1pattern_seed777	/data/42-julia-hpc-ai-cv-students/s471802/nn-gpt-runs/parallel_runs/20260728_sftonly_cifar10_e5_1pattern_seed777/slurm_20260807_reduce400/sfte-1p777-400-5-3044090.err
3044090	20260728_sftonly_cifar10_e5_1pattern_seed777	/data/42-julia-hpc-ai-cv-students/s471802/nn-gpt-runs/parallel_runs/20260728_sftonly_cifar10_e5_1pattern_seed777/slurm_20260807_reduce400/sfte-1p777-400-5-3044090.out
3044091	20260728_sftonly_cifar10_e5_1pattern_seed777	/data/42-julia-hpc-ai-cv-students/s471802/nn-gpt-runs/parallel_runs/20260728_sftonly_cifar10_e5_1pattern_seed777/slurm_20260807_reduce400/sfte-1p777-400-6-3044091.err
3044091	20260728_sftonly_cifar10_e5_1pattern_seed777	/data/42-julia-hpc-ai-cv-students/s471802/nn-gpt-runs/parallel_runs/20260728_sftonly_cifar10_e5_1pattern_seed777/slurm_20260807_reduce400/sfte-1p777-400-6-3044091.out
3044092	20260728_sftonly_cifar10_e5_1pattern_seed777	/data/42-julia-hpc-ai-cv-students/s471802/nn-gpt-runs/parallel_runs/20260728_sftonly_cifar10_e5_1pattern_seed777/slurm_20260807_reduce400/sfte-1p777-400-7-3044092.err
3044092	20260728_sftonly_cifar10_e5_1pattern_seed777	/data/42-julia-hpc-ai-cv-students/s471802/nn-gpt-runs/parallel_runs/20260728_sftonly_cifar10_e5_1pattern_seed777/slurm_20260807_reduce400/sfte-1p777-400-7-3044092.out
3044093	20260728_sftonly_cifar10_e5_1pattern_seed777	/data/42-julia-hpc-ai-cv-students/s471802/nn-gpt-runs/parallel_runs/20260728_sftonly_cifar10_e5_1pattern_seed777/slurm_20260807_reduce400/sftm-1p777-400-3044093.err
3044093	20260728_sftonly_cifar10_e5_1pattern_seed777	/data/42-julia-hpc-ai-cv-students/s471802/nn-gpt-runs/parallel_runs/20260728_sftonly_cifar10_e5_1pattern_seed777/slurm_20260807_reduce400/sftm-1p777-400-3044093.out
3044094	20260728_sftonly_cifar10_e5_4pattern_seed42	/data/42-julia-hpc-ai-cv-students/s471802/nn-gpt-runs/parallel_runs/20260728_sftonly_cifar10_e5_4pattern_seed42/slurm_20260807_reduce400/sftgm-4p42-400-3044094.err
3044094	20260728_sftonly_cifar10_e5_4pattern_seed42	/data/42-julia-hpc-ai-cv-students/s471802/nn-gpt-runs/parallel_runs/20260728_sftonly_cifar10_e5_4pattern_seed42/slurm_20260807_reduce400/sftgm-4p42-400-3044094.out
3044095	20260728_sftonly_cifar10_e5_4pattern_seed42	/data/42-julia-hpc-ai-cv-students/s471802/nn-gpt-runs/parallel_runs/20260728_sftonly_cifar10_e5_4pattern_seed42/slurm_20260807_reduce400/sfte-4p42-400-0-3044095.err
3044095	20260728_sftonly_cifar10_e5_4pattern_seed42	/data/42-julia-hpc-ai-cv-students/s471802/nn-gpt-runs/parallel_runs/20260728_sftonly_cifar10_e5_4pattern_seed42/slurm_20260807_reduce400/sfte-4p42-400-0-3044095.out
3044096	20260728_sftonly_cifar10_e5_4pattern_seed42	/data/42-julia-hpc-ai-cv-students/s471802/nn-gpt-runs/parallel_runs/20260728_sftonly_cifar10_e5_4pattern_seed42/slurm_20260807_reduce400/sfte-4p42-400-1-3044096.err
3044096	20260728_sftonly_cifar10_e5_4pattern_seed42	/data/42-julia-hpc-ai-cv-students/s471802/nn-gpt-runs/parallel_runs/20260728_sftonly_cifar10_e5_4pattern_seed42/slurm_20260807_reduce400/sfte-4p42-400-1-3044096.out
3044097	20260728_sftonly_cifar10_e5_4pattern_seed42	/data/42-julia-hpc-ai-cv-students/s471802/nn-gpt-runs/parallel_runs/20260728_sftonly_cifar10_e5_4pattern_seed42/slurm_20260807_reduce400/sfte-4p42-400-2-3044097.err
3044097	20260728_sftonly_cifar10_e5_4pattern_seed42	/data/42-julia-hpc-ai-cv-students/s471802/nn-gpt-runs/parallel_runs/20260728_sftonly_cifar10_e5_4pattern_seed42/slurm_20260807_reduce400/sfte-4p42-400-2-3044097.out
3044098	20260728_sftonly_cifar10_e5_4pattern_seed42	/data/42-julia-hpc-ai-cv-students/s471802/nn-gpt-runs/parallel_runs/20260728_sftonly_cifar10_e5_4pattern_seed42/slurm_20260807_reduce400/sfte-4p42-400-3-3044098.err
3044098	20260728_sftonly_cifar10_e5_4pattern_seed42	/data/42-julia-hpc-ai-cv-students/s471802/nn-gpt-runs/parallel_runs/20260728_sftonly_cifar10_e5_4pattern_seed42/slurm_20260807_reduce400/sfte-4p42-400-3-3044098.out
3044099	20260728_sftonly_cifar10_e5_4pattern_seed42	/data/42-julia-hpc-ai-cv-students/s471802/nn-gpt-runs/parallel_runs/20260728_sftonly_cifar10_e5_4pattern_seed42/slurm_20260807_reduce400/sfte-4p42-400-4-3044099.err
3044099	20260728_sftonly_cifar10_e5_4pattern_seed42	/data/42-julia-hpc-ai-cv-students/s471802/nn-gpt-runs/parallel_runs/20260728_sftonly_cifar10_e5_4pattern_seed42/slurm_20260807_reduce400/sfte-4p42-400-4-3044099.out
3044100	20260728_sftonly_cifar10_e5_4pattern_seed42	/data/42-julia-hpc-ai-cv-students/s471802/nn-gpt-runs/parallel_runs/20260728_sftonly_cifar10_e5_4pattern_seed42/slurm_20260807_reduce400/sfte-4p42-400-5-3044100.err
3044100	20260728_sftonly_cifar10_e5_4pattern_seed42	/data/42-julia-hpc-ai-cv-students/s471802/nn-gpt-runs/parallel_runs/20260728_sftonly_cifar10_e5_4pattern_seed42/slurm_20260807_reduce400/sfte-4p42-400-5-3044100.out
3044101	20260728_sftonly_cifar10_e5_4pattern_seed42	/data/42-julia-hpc-ai-cv-students/s471802/nn-gpt-runs/parallel_runs/20260728_sftonly_cifar10_e5_4pattern_seed42/slurm_20260807_reduce400/sfte-4p42-400-6-3044101.err
3044101	20260728_sftonly_cifar10_e5_4pattern_seed42	/data/42-julia-hpc-ai-cv-students/s471802/nn-gpt-runs/parallel_runs/20260728_sftonly_cifar10_e5_4pattern_seed42/slurm_20260807_reduce400/sfte-4p42-400-6-3044101.out
3044102	20260728_sftonly_cifar10_e5_4pattern_seed42	/data/42-julia-hpc-ai-cv-students/s471802/nn-gpt-runs/parallel_runs/20260728_sftonly_cifar10_e5_4pattern_seed42/slurm_20260807_reduce400/sfte-4p42-400-7-3044102.err
3044102	20260728_sftonly_cifar10_e5_4pattern_seed42	/data/42-julia-hpc-ai-cv-students/s471802/nn-gpt-runs/parallel_runs/20260728_sftonly_cifar10_e5_4pattern_seed42/slurm_20260807_reduce400/sfte-4p42-400-7-3044102.out
3044103	20260728_sftonly_cifar10_e5_4pattern_seed42	/data/42-julia-hpc-ai-cv-students/s471802/nn-gpt-runs/parallel_runs/20260728_sftonly_cifar10_e5_4pattern_seed42/slurm_20260807_reduce400/sftm-4p42-400-3044103.err
3044103	20260728_sftonly_cifar10_e5_4pattern_seed42	/data/42-julia-hpc-ai-cv-students/s471802/nn-gpt-runs/parallel_runs/20260728_sftonly_cifar10_e5_4pattern_seed42/slurm_20260807_reduce400/sftm-4p42-400-3044103.out
3044104	20260728_sftonly_cifar10_e5_1pattern_seed123	/data/42-julia-hpc-ai-cv-students/s471802/nn-gpt-runs/parallel_runs/20260728_sftonly_cifar10_e5_1pattern_seed123/slurm_20260807_reduce400/sftm-1p123-400-3044104.err
3044104	20260728_sftonly_cifar10_e5_1pattern_seed123	/data/42-julia-hpc-ai-cv-students/s471802/nn-gpt-runs/parallel_runs/20260728_sftonly_cifar10_e5_1pattern_seed123/slurm_20260807_reduce400/sftm-1p123-400-3044104.out
3044105	20260728_sftonly_cifar10_e5_4pattern_seed123	/data/42-julia-hpc-ai-cv-students/s471802/nn-gpt-runs/parallel_runs/20260728_sftonly_cifar10_e5_4pattern_seed123/slurm_20260807_reduce400/sftm-4p123-400-3044105.err
3044105	20260728_sftonly_cifar10_e5_4pattern_seed123	/data/42-julia-hpc-ai-cv-students/s471802/nn-gpt-runs/parallel_runs/20260728_sftonly_cifar10_e5_4pattern_seed123/slurm_20260807_reduce400/sftm-4p123-400-3044105.out
3044106	20260728_sftonly_cifar10_e5_4pattern_seed777	/data/42-julia-hpc-ai-cv-students/s471802/nn-gpt-runs/parallel_runs/20260728_sftonly_cifar10_e5_4pattern_seed777/slurm_20260807_reduce400/sftm-4p777-400-3044106.err
3044106	20260728_sftonly_cifar10_e5_4pattern_seed777	/data/42-julia-hpc-ai-cv-students/s471802/nn-gpt-runs/parallel_runs/20260728_sftonly_cifar10_e5_4pattern_seed777/slurm_20260807_reduce400/sftm-4p777-400-3044106.out
3045381	20260726_4pattern_a18_cifar100_e5_p3500_c1200_s100_h100x4_shared_full_reward_seed777	/data/42-julia-hpc-ai-cv-students/s471802/nn-gpt-runs/parallel_runs/20260726_4pattern_a18_cifar100_e5_p3500_c1200_s100_h100x4_shared_full_reward_seed777/slurm/rl-stop-s777-800-3045381.err
3045381	20260726_4pattern_a18_cifar100_e5_p3500_c1200_s100_h100x4_shared_full_reward_seed777	/data/42-julia-hpc-ai-cv-students/s471802/nn-gpt-runs/parallel_runs/20260726_4pattern_a18_cifar100_e5_p3500_c1200_s100_h100x4_shared_full_reward_seed777/slurm/rl-stop-s777-800-3045381.out
