kind	source_path	archive_member	bytes	sha256
code	/home/s471802/nn-gpt/out/nngpt/new_lemur/nn/rl-bb-struct1-v2-sftcycle-007a52947163da2dc469e359677f4db2.py	nn/rl-bb-struct1-v2-sftcycle-007a52947163da2dc469e359677f4db2.py	11084	f68295edcb9724c5a72d76c7741cbc68705b82f5f390c3714ccfc8f64635454a
code	/home/s471802/nn-gpt/out/nngpt/new_lemur/nn/rl-bb-struct1-v2-sftcycle-0102e6e2c5555b70ec7e53db6f77d38b.py	nn/rl-bb-struct1-v2-sftcycle-0102e6e2c5555b70ec7e53db6f77d38b.py	11065	99f40746e00e6968e54b60c1c45498da04cfae2d8b8c9e7d4fb86e88341b3a2b
code	/home/s471802/nn-gpt/out/nngpt/new_lemur/nn/rl-bb-struct1-v2-sftcycle-014996f6b75a272f6e3ced0ba259f758.py	nn/rl-bb-struct1-v2-sftcycle-014996f6b75a272f6e3ced0ba259f758.py	11105	8f9f5208f27d502623f8909fe7cd3d8a731586ca7ea51c5e248912f2071928f2
code	/home/s471802/nn-gpt/out/nngpt/new_lemur/nn/rl-bb-struct1-v2-sftcycle-01a8fcc6bd0d1d44f9d090373adfffed.py	nn/rl-bb-struct1-v2-sftcycle-01a8fcc6bd0d1d44f9d090373adfffed.py	10967	d7d94102e8c8f0305d88c7e5deacfcd04045c735908320cd8d07bfc341ab4710
code	/home/s471802/nn-gpt/out/nngpt/new_lemur/nn/rl-bb-struct1-v2-sftcycle-01fcba2dd9944fb7356ab61d7e6bb994.py	nn/rl-bb-struct1-v2-sftcycle-01fcba2dd9944fb7356ab61d7e6bb994.py	11058	2a6eb643e02933ec0338624fc4630ce37cbfc604db9e55916925b688df280451
code	/home/s471802/nn-gpt/out/nngpt/new_lemur/nn/rl-bb-struct1-v2-sftcycle-02591937b610438e8aa2bf093f75a195.py	nn/rl-bb-struct1-v2-sftcycle-02591937b610438e8aa2bf093f75a195.py	10930	8550599b7af5fb68a1a51cf3ebbeb981a9a66f79c01449bb69fa42e94b32afa5
code	/home/s471802/nn-gpt/out/nngpt/new_lemur/nn/rl-bb-struct1-v2-sftcycle-02953889c8056157478cf8bb0eea60ad.py	nn/rl-bb-struct1-v2-sftcycle-02953889c8056157478cf8bb0eea60ad.py	11020	da81088e9bbc49b2ddd6da302ba77e595f2a62f178adcf61a963ab533adc586e
code	/home/s471802/nn-gpt/out/nngpt/new_lemur/nn/rl-bb-struct1-v2-sftcycle-0334bfa227bfe97487be3a70b085b620.py	nn/rl-bb-struct1-v2-sftcycle-0334bfa227bfe97487be3a70b085b620.py	10985	9e5bbb0e12d4f58afea0246937fb5c12583cee37d4da5df12f110703daaf93ff
code	/home/s471802/nn-gpt/out/nngpt/new_lemur/nn/rl-bb-struct1-v2-sftcycle-0390fda463c3db69a8903c851ee24b84.py	nn/rl-bb-struct1-v2-sftcycle-0390fda463c3db69a8903c851ee24b84.py	11011	ba27596fc0569dd4d4ecf1e72fcfdcbe039c917dff04e99dadbfff3ea23b42d0
code	/home/s471802/nn-gpt/out/nngpt/new_lemur/nn/rl-bb-struct1-v2-sftcycle-03e0d940604f2cb7f7c22051f7f30955.py	nn/rl-bb-struct1-v2-sftcycle-03e0d940604f2cb7f7c22051f7f30955.py	11073	39aebc18b6941b79e2802f00fd596d72652046e46f36a53e91db4cca24784471
code	/home/s471802/nn-gpt/out/nngpt/new_lemur/nn/rl-bb-struct1-v2-sftcycle-03f33514ac96fb33564ba40b8e8ed20d.py	nn/rl-bb-struct1-v2-sftcycle-03f33514ac96fb33564ba40b8e8ed20d.py	10946	c9df1fa06904797b5e0a90fdff567ea246b600ad2e58059fc7c1281629f7b0d1
code	/home/s471802/nn-gpt/out/nngpt/new_lemur/nn/rl-bb-struct1-v2-sftcycle-040a4acec5442fb7f8a58574e9413ce8.py	nn/rl-bb-struct1-v2-sftcycle-040a4acec5442fb7f8a58574e9413ce8.py	10996	8127c9db609bc29701212092bead98fa31899b79b66ee41fe52b341be0bb9bcf
code	/home/s471802/nn-gpt/out/nngpt/new_lemur/nn/rl-bb-struct1-v2-sftcycle-04271ef40f481159daec785ec6464e21.py	nn/rl-bb-struct1-v2-sftcycle-04271ef40f481159daec785ec6464e21.py	10999	a24cdac49f35e01a909da694ccf64bb668b6905b05dae8e1fdff340463d514bb
code	/home/s471802/nn-gpt/out/nngpt/new_lemur/nn/rl-bb-struct1-v2-sftcycle-046330f385c80b8b6cc5de37a761a12b.py	nn/rl-bb-struct1-v2-sftcycle-046330f385c80b8b6cc5de37a761a12b.py	10984	ccb4499af3139c932366f89530788a32aad59d9767e3101f6d2fa6196297f012
code	/home/s471802/nn-gpt/out/nngpt/new_lemur/nn/rl-bb-struct1-v2-sftcycle-067afd725f2994670f622f5d356c2aa2.py	nn/rl-bb-struct1-v2-sftcycle-067afd725f2994670f622f5d356c2aa2.py	11065	28b7bfa48cb51ccc086a9dbaaffccd807bddda5b7ffec2e765f1fd17b2534203
code	/home/s471802/nn-gpt/out/nngpt/new_lemur/nn/rl-bb-struct1-v2-sftcycle-087b72ee1a488aed5004a89805d8cb42.py	nn/rl-bb-struct1-v2-sftcycle-087b72ee1a488aed5004a89805d8cb42.py	11030	9daa29b8932f55aa437ff1ddb00af75cb287b94e8c6e318db022a75e84bc4526
code	/home/s471802/nn-gpt/out/nngpt/new_lemur/nn/rl-bb-struct1-v2-sftcycle-08a5431485afd8e0e5c7308312535e42.py	nn/rl-bb-struct1-v2-sftcycle-08a5431485afd8e0e5c7308312535e42.py	10986	6c141de3a9a8989d87b44732f9784c688da46e460c9546217d831220cce27cc1
code	/home/s471802/nn-gpt/out/nngpt/new_lemur/nn/rl-bb-struct1-v2-sftcycle-0a0eb7b10aa19f4e76616114f5bb45c8.py	nn/rl-bb-struct1-v2-sftcycle-0a0eb7b10aa19f4e76616114f5bb45c8.py	10963	0664bfccccf6f778420e72a6c5ed57d36fcaf8578db0f8975e1f99c9faf8a958
code	/home/s471802/nn-gpt/out/nngpt/new_lemur/nn/rl-bb-struct1-v2-sftcycle-0a25313c4819126bb8307fed63500ae3.py	nn/rl-bb-struct1-v2-sftcycle-0a25313c4819126bb8307fed63500ae3.py	10996	69ab4626da0919f4d53a3ea7458936dda77bdc35e54e6288f91d9b9f67674d28
code	/home/s471802/nn-gpt/out/nngpt/new_lemur/nn/rl-bb-struct1-v2-sftcycle-0bbd8318314d6cd98d24b46f716533f2.py	nn/rl-bb-struct1-v2-sftcycle-0bbd8318314d6cd98d24b46f716533f2.py	10914	063ae730e4e4edb485cc97cfc791e1a3f9ff62e976035d43beb29d47fcdacd50
code	/home/s471802/nn-gpt/out/nngpt/new_lemur/nn/rl-bb-struct1-v2-sftcycle-0c38b2344a2a75c977cfd42d92e4c389.py	nn/rl-bb-struct1-v2-sftcycle-0c38b2344a2a75c977cfd42d92e4c389.py	11186	fd2db54fc7e1086fce7e8aa764acd1a75d82635814d858c9658833a59a7ec40a
code	/home/s471802/nn-gpt/out/nngpt/new_lemur/nn/rl-bb-struct1-v2-sftcycle-0d240f33d2b2018b80f35242edb7592b.py	nn/rl-bb-struct1-v2-sftcycle-0d240f33d2b2018b80f35242edb7592b.py	10904	bcd06b202d3f8d1757f677c60548a3ce91b19fba480fcfd91972decef81f0388
code	/home/s471802/nn-gpt/out/nngpt/new_lemur/nn/rl-bb-struct1-v2-sftcycle-0d60e5739a5fe76c1b0b2f526242a275.py	nn/rl-bb-struct1-v2-sftcycle-0d60e5739a5fe76c1b0b2f526242a275.py	10946	1e8306ada083abb60b09b86c6497194f39730d9173a32933c3529273d5f2c7d0
code	/home/s471802/nn-gpt/out/nngpt/new_lemur/nn/rl-bb-struct1-v2-sftcycle-0dfa16c217a38ff7c4440a129b6f798b.py	nn/rl-bb-struct1-v2-sftcycle-0dfa16c217a38ff7c4440a129b6f798b.py	10992	5e2e7c4dd3f6515b329399e9057c41fc9500bb5c1283a6a7f5959de1490d3ded
code	/home/s471802/nn-gpt/out/nngpt/new_lemur/nn/rl-bb-struct1-v2-sftcycle-0e2b16fc5206fe11ea8681d2296af734.py	nn/rl-bb-struct1-v2-sftcycle-0e2b16fc5206fe11ea8681d2296af734.py	10970	f32a02280ae7f2476ca42195adbc1a49a527fc84a7d62695693f6853d9e96966
code	/home/s471802/nn-gpt/out/nngpt/new_lemur/nn/rl-bb-struct1-v2-sftcycle-0ec59f551bf603361441cac102ade3f3.py	nn/rl-bb-struct1-v2-sftcycle-0ec59f551bf603361441cac102ade3f3.py	11066	0f2444fee00d9d4e367538bfdf9329c7367a35025a70e4520688546571aa3565
code	/home/s471802/nn-gpt/out/nngpt/new_lemur/nn/rl-bb-struct1-v2-sftcycle-0ed04577396674b107397a9b6d8918f3.py	nn/rl-bb-struct1-v2-sftcycle-0ed04577396674b107397a9b6d8918f3.py	11022	534c74e0bf74ee977763bd4054bf38c017a2b637788c7db65e3e2a39df0cef26
code	/home/s471802/nn-gpt/out/nngpt/new_lemur/nn/rl-bb-struct1-v2-sftcycle-0f4e2f5f911a507f5d1d62b857048912.py	nn/rl-bb-struct1-v2-sftcycle-0f4e2f5f911a507f5d1d62b857048912.py	10984	d5238921a68460a32d63aff2bd27da457daf6603256d96fc328d8d57c0d4ca93
code	/home/s471802/nn-gpt/out/nngpt/new_lemur/nn/rl-bb-struct1-v2-sftcycle-102a5f8788f6b016d891dd35ca8966f9.py	nn/rl-bb-struct1-v2-sftcycle-102a5f8788f6b016d891dd35ca8966f9.py	11016	2328af09c12fca17c97ec85b8fb95c44cb8667d03ba57cb2441fd9e89c9d0bac
code	/home/s471802/nn-gpt/out/nngpt/new_lemur/nn/rl-bb-struct1-v2-sftcycle-1038503a858d86be0a00d4846b30155a.py	nn/rl-bb-struct1-v2-sftcycle-1038503a858d86be0a00d4846b30155a.py	10916	b336d72f251e02bc953019b6d6cd89f2eeacef70b7b65d567c933166e05f9412
code	/home/s471802/nn-gpt/out/nngpt/new_lemur/nn/rl-bb-struct1-v2-sftcycle-10c218270686224057cf6a459aeaa4c3.py	nn/rl-bb-struct1-v2-sftcycle-10c218270686224057cf6a459aeaa4c3.py	10942	de4d06173d17e083962cadda09c0ff333265008bf366855d62de9c23c0d19049
code	/home/s471802/nn-gpt/out/nngpt/new_lemur/nn/rl-bb-struct1-v2-sftcycle-10c6cd6abc2968723e8eedeff9954e73.py	nn/rl-bb-struct1-v2-sftcycle-10c6cd6abc2968723e8eedeff9954e73.py	10924	7fa4d59ce2673422ca88d97848d30f8925023ddd4f6539facd69eda719dcdee9
code	/home/s471802/nn-gpt/out/nngpt/new_lemur/nn/rl-bb-struct1-v2-sftcycle-10e61d666fa8646535a407403ee35539.py	nn/rl-bb-struct1-v2-sftcycle-10e61d666fa8646535a407403ee35539.py	11054	e0507b9ae91ceb1dc0f8045e767b733b61740d5447bf4c20da828752db7a571e
code	/home/s471802/nn-gpt/out/nngpt/new_lemur/nn/rl-bb-struct1-v2-sftcycle-1121e0691c6c5b087024ad7b2ea13b9e.py	nn/rl-bb-struct1-v2-sftcycle-1121e0691c6c5b087024ad7b2ea13b9e.py	11158	80b8564a19ff1bac83e2e01eeb1e131dfe249dd920926d28e587fdef167803f8
code	/home/s471802/nn-gpt/out/nngpt/new_lemur/nn/rl-bb-struct1-v2-sftcycle-11633582c9efdee1d18b033c287be125.py	nn/rl-bb-struct1-v2-sftcycle-11633582c9efdee1d18b033c287be125.py	11098	23d3bef982a50b60eb2026b5254b7bb79559faabcbff91f23d849fe71704e407
code	/home/s471802/nn-gpt/out/nngpt/new_lemur/nn/rl-bb-struct1-v2-sftcycle-121a4c81c487238008d50d396354dd07.py	nn/rl-bb-struct1-v2-sftcycle-121a4c81c487238008d50d396354dd07.py	10985	f46bbb22c54f8d98c8547c88e5f61fb2cedf0a56beccb9428ab9644954eba2af
code	/home/s471802/nn-gpt/out/nngpt/new_lemur/nn/rl-bb-struct1-v2-sftcycle-122935d762ff0f924cc66b7860ae0311.py	nn/rl-bb-struct1-v2-sftcycle-122935d762ff0f924cc66b7860ae0311.py	11065	c0066da224227ea006353aa8d790217fe694bcf6849cb82159854cacdc5660ab
code	/home/s471802/nn-gpt/out/nngpt/new_lemur/nn/rl-bb-struct1-v2-sftcycle-1287d2c73e8fe431710ab4f0d1932a09.py	nn/rl-bb-struct1-v2-sftcycle-1287d2c73e8fe431710ab4f0d1932a09.py	11125	7c6e72378b12a01a435e2d730cc902bd288045426f9d2918757135fcdfdb0c30
code	/home/s471802/nn-gpt/out/nngpt/new_lemur/nn/rl-bb-struct1-v2-sftcycle-139633b6b39d6848aa745ef5a00bb079.py	nn/rl-bb-struct1-v2-sftcycle-139633b6b39d6848aa745ef5a00bb079.py	10984	e2225152982dbc6e5447bdf04b4ae6e8f68d849e05335d7080307ced17bab9a3
code	/home/s471802/nn-gpt/out/nngpt/new_lemur/nn/rl-bb-struct1-v2-sftcycle-13b11e3ac90e5f8afefd2136542c4ae3.py	nn/rl-bb-struct1-v2-sftcycle-13b11e3ac90e5f8afefd2136542c4ae3.py	10919	72406e8e298710ed62127de760064c2f24a53e529b2e69d37122cd5ae167a8c1
code	/home/s471802/nn-gpt/out/nngpt/new_lemur/nn/rl-bb-struct1-v2-sftcycle-13b47642875f1e882f978fb527ddcd56.py	nn/rl-bb-struct1-v2-sftcycle-13b47642875f1e882f978fb527ddcd56.py	10999	c274c84c65193f4983a2bc2de9e52f0bc07a8a8ed7ab213a13b54baead5c9747
code	/home/s471802/nn-gpt/out/nngpt/new_lemur/nn/rl-bb-struct1-v2-sftcycle-13ecf16793d7de49d615e56e423742a6.py	nn/rl-bb-struct1-v2-sftcycle-13ecf16793d7de49d615e56e423742a6.py	10988	c934a2e214ee0f8ad47bbf79e8dc24fa53616387610f663a31be47c15811ac5f
code	/home/s471802/nn-gpt/out/nngpt/new_lemur/nn/rl-bb-struct1-v2-sftcycle-1463c0ed1ccba8946f2fc91a9e3dd765.py	nn/rl-bb-struct1-v2-sftcycle-1463c0ed1ccba8946f2fc91a9e3dd765.py	10915	ece4c96d886a6f098f53939683f78123763f9b99a7e31057c5ff08eec5307536
code	/home/s471802/nn-gpt/out/nngpt/new_lemur/nn/rl-bb-struct1-v2-sftcycle-15117b9095c235ea13864b5ecdd71d7b.py	nn/rl-bb-struct1-v2-sftcycle-15117b9095c235ea13864b5ecdd71d7b.py	11120	3c01ad5e831455d9714f7ab8b75660ecb97f902f64481b7b3a7f5c6a947585b4
code	/home/s471802/nn-gpt/out/nngpt/new_lemur/nn/rl-bb-struct1-v2-sftcycle-1609f006b381181c0f336596af060b88.py	nn/rl-bb-struct1-v2-sftcycle-1609f006b381181c0f336596af060b88.py	10989	f5b922f97c867cff9c59652dac31ef84d21689027da1ee4ec6a502eaeb68344b
code	/home/s471802/nn-gpt/out/nngpt/new_lemur/nn/rl-bb-struct1-v2-sftcycle-165486bea640eed4b0333e5c79c0a488.py	nn/rl-bb-struct1-v2-sftcycle-165486bea640eed4b0333e5c79c0a488.py	11149	92b9a88afdac13b069c432da51a699207d3bb4dc2e75aefc456b0305ce1ca1da
code	/home/s471802/nn-gpt/out/nngpt/new_lemur/nn/rl-bb-struct1-v2-sftcycle-166098ccd4696c6a34c33462c64b22b4.py	nn/rl-bb-struct1-v2-sftcycle-166098ccd4696c6a34c33462c64b22b4.py	11103	33c976487ca96d274c9a89094d51a744d987b3705cbc7fd755b4f802b9a6821b
code	/home/s471802/nn-gpt/out/nngpt/new_lemur/nn/rl-bb-struct1-v2-sftcycle-16cb8c9f0f30793708a35f7d26ed7b74.py	nn/rl-bb-struct1-v2-sftcycle-16cb8c9f0f30793708a35f7d26ed7b74.py	10946	7d3227ce91f5224101b59ede2503ebe6dea59befe51f4ef222676d195ee4ae7b
code	/home/s471802/nn-gpt/out/nngpt/new_lemur/nn/rl-bb-struct1-v2-sftcycle-1733009228f08bb6f7b9f03f8bbd7b72.py	nn/rl-bb-struct1-v2-sftcycle-1733009228f08bb6f7b9f03f8bbd7b72.py	11016	261d87c7ac02e9b59470839fe58e2f1cfa0708e74954c907e20ed07d9da7aa6a
code	/home/s471802/nn-gpt/out/nngpt/new_lemur/nn/rl-bb-struct1-v2-sftcycle-17341437a9959e0158da6d796abe1380.py	nn/rl-bb-struct1-v2-sftcycle-17341437a9959e0158da6d796abe1380.py	11040	626f48bdde48ae272ecf6e0fe251e624cc4c9050a884663f92f21eef86b18d47
code	/home/s471802/nn-gpt/out/nngpt/new_lemur/nn/rl-bb-struct1-v2-sftcycle-1745766c1376794511edabbea6081d88.py	nn/rl-bb-struct1-v2-sftcycle-1745766c1376794511edabbea6081d88.py	11019	b9b99061e3e6c500e9384884689c9d072e368f7a23455e5b6a77c1a901d2cf47
code	/home/s471802/nn-gpt/out/nngpt/new_lemur/nn/rl-bb-struct1-v2-sftcycle-176eed9abd9e5c260d59ad37296cf5ab.py	nn/rl-bb-struct1-v2-sftcycle-176eed9abd9e5c260d59ad37296cf5ab.py	10896	e43057054541cdaae62e713c9f5c070843731994dff718f2d4f5620d17b97d2c
code	/home/s471802/nn-gpt/out/nngpt/new_lemur/nn/rl-bb-struct1-v2-sftcycle-17d9a73b342d5db671a94d89c9d07ec0.py	nn/rl-bb-struct1-v2-sftcycle-17d9a73b342d5db671a94d89c9d07ec0.py	11023	c64691ed862674522f3f7c42c325b9554c70575a76b1ed63edb80930389340e5
code	/home/s471802/nn-gpt/out/nngpt/new_lemur/nn/rl-bb-struct1-v2-sftcycle-18ec6eb45b2135c92b9e2cc7fd670283.py	nn/rl-bb-struct1-v2-sftcycle-18ec6eb45b2135c92b9e2cc7fd670283.py	10945	7fc17addd0f36845852522998125102046e4a742757d498e5de111f1e02ef542
code	/home/s471802/nn-gpt/out/nngpt/new_lemur/nn/rl-bb-struct1-v2-sftcycle-1a182bfeb5012d1f0d005786fa281888.py	nn/rl-bb-struct1-v2-sftcycle-1a182bfeb5012d1f0d005786fa281888.py	11107	199f71005a354b05305cbff2bd0278929fb970da15c6bd15a08d994b1a1744c2
code	/home/s471802/nn-gpt/out/nngpt/new_lemur/nn/rl-bb-struct1-v2-sftcycle-1a44cacd8f4faa24f4e193be4c12c9b4.py	nn/rl-bb-struct1-v2-sftcycle-1a44cacd8f4faa24f4e193be4c12c9b4.py	11003	4684b1a559453eafc6c54ac32b3bd2571c4042ef19c5c879c4d0dc9fab4afa88
code	/home/s471802/nn-gpt/out/nngpt/new_lemur/nn/rl-bb-struct1-v2-sftcycle-1a6ca1a1a04381166401e8d8064e5fdc.py	nn/rl-bb-struct1-v2-sftcycle-1a6ca1a1a04381166401e8d8064e5fdc.py	11113	a466b077f8a5ad4ad51fcb21d3406ad4d268889fa09a615955b16566594d6755
code	/home/s471802/nn-gpt/out/nngpt/new_lemur/nn/rl-bb-struct1-v2-sftcycle-1bd99b794d738a4d3506b407c34ca2db.py	nn/rl-bb-struct1-v2-sftcycle-1bd99b794d738a4d3506b407c34ca2db.py	11142	fed6c571527a6b22a46d5652416ccfcc42d4e5dae0d25d3f2c9533bf36f1bff6
code	/home/s471802/nn-gpt/out/nngpt/new_lemur/nn/rl-bb-struct1-v2-sftcycle-1c27315d5c91eb0d1675ea6427c0c0a4.py	nn/rl-bb-struct1-v2-sftcycle-1c27315d5c91eb0d1675ea6427c0c0a4.py	10933	d6ef31b6c2d8675ac10d4ddcd0ead25e67390c63a09117cf3b5b8a35ab499e1e
code	/home/s471802/nn-gpt/out/nngpt/new_lemur/nn/rl-bb-struct1-v2-sftcycle-1c532042e8d8336e18a6cc27352516aa.py	nn/rl-bb-struct1-v2-sftcycle-1c532042e8d8336e18a6cc27352516aa.py	11103	b85d3589fff3a1461c9b23b2af7370e63d778861228c277f7ae22ea36833dc75
code	/home/s471802/nn-gpt/out/nngpt/new_lemur/nn/rl-bb-struct1-v2-sftcycle-1cc93cac8ed36df182cb7040592fc770.py	nn/rl-bb-struct1-v2-sftcycle-1cc93cac8ed36df182cb7040592fc770.py	11008	e5856ffec9f55b88796b42ef5d3d3b5520b18a22ce1ed3429793e02a7ecb5dd0
code	/home/s471802/nn-gpt/out/nngpt/new_lemur/nn/rl-bb-struct1-v2-sftcycle-1cfef93e9589e808fab0e56f22c9263f.py	nn/rl-bb-struct1-v2-sftcycle-1cfef93e9589e808fab0e56f22c9263f.py	10992	34b665d1d9f8873ad348f7ef65668570cb1717b93dbcb4fcfed20d8f2068dce6
code	/home/s471802/nn-gpt/out/nngpt/new_lemur/nn/rl-bb-struct1-v2-sftcycle-1e07eed3fc9b1e3d43ddc0146885487b.py	nn/rl-bb-struct1-v2-sftcycle-1e07eed3fc9b1e3d43ddc0146885487b.py	10963	ee197adc8e4f9880969210405420da5563ba4a8f25fd2af832002c19a72fe425
code	/home/s471802/nn-gpt/out/nngpt/new_lemur/nn/rl-bb-struct1-v2-sftcycle-1fd63135995062c202b640812726cb91.py	nn/rl-bb-struct1-v2-sftcycle-1fd63135995062c202b640812726cb91.py	11036	34460f3b6e3077a0cf5b51c8550fbf2cd6350cc751f919825ed33a2295942bc1
code	/home/s471802/nn-gpt/out/nngpt/new_lemur/nn/rl-bb-struct1-v2-sftcycle-20085ca0fc6b1dc805ce2a2eb0c9fbc3.py	nn/rl-bb-struct1-v2-sftcycle-20085ca0fc6b1dc805ce2a2eb0c9fbc3.py	10904	3d306ca4f176597aaaea0c7d1fcc2e9539a7795f707cbd04d85a0f7c6a04f87a
code	/home/s471802/nn-gpt/out/nngpt/new_lemur/nn/rl-bb-struct1-v2-sftcycle-20098a2be2f3962cd3da496fa0b5c853.py	nn/rl-bb-struct1-v2-sftcycle-20098a2be2f3962cd3da496fa0b5c853.py	11071	5ef865f89a5128b6af2a7f0196ba7b48429d136a00cee496b3f5a4895cc85216
code	/home/s471802/nn-gpt/out/nngpt/new_lemur/nn/rl-bb-struct1-v2-sftcycle-2014d280d5234033d98a1fff5e3f19b9.py	nn/rl-bb-struct1-v2-sftcycle-2014d280d5234033d98a1fff5e3f19b9.py	10950	b27b03b6e887c3ecb44ab2cfd9506bd38ba57cdfc7f97a6f5c5caad5d7c11331
code	/home/s471802/nn-gpt/out/nngpt/new_lemur/nn/rl-bb-struct1-v2-sftcycle-20e45c706e85cd186e8921b568b2a374.py	nn/rl-bb-struct1-v2-sftcycle-20e45c706e85cd186e8921b568b2a374.py	10983	483ff8162beefa7d6dfedbafb79daf5d58614b270a1de6a62b3532d1216e98bf
code	/home/s471802/nn-gpt/out/nngpt/new_lemur/nn/rl-bb-struct1-v2-sftcycle-21010f2f44cf181ae982ce5983765f3c.py	nn/rl-bb-struct1-v2-sftcycle-21010f2f44cf181ae982ce5983765f3c.py	10925	434cfbdbff7236a6b4a868a5c34235863ca71837473fa2d0338cfa3824ea568d
code	/home/s471802/nn-gpt/out/nngpt/new_lemur/nn/rl-bb-struct1-v2-sftcycle-216dc17a48fc4a7a2e49427fb7bd2679.py	nn/rl-bb-struct1-v2-sftcycle-216dc17a48fc4a7a2e49427fb7bd2679.py	11014	7e3b16faa84aa5331769642abef320ac32a5f2459b328041664d4edd9ce9cf80
code	/home/s471802/nn-gpt/out/nngpt/new_lemur/nn/rl-bb-struct1-v2-sftcycle-222d73c2de6babc17686096c73a1a646.py	nn/rl-bb-struct1-v2-sftcycle-222d73c2de6babc17686096c73a1a646.py	11078	6d9337a3eeb53dbb45042804c916b011ae7646f1751208fcff3b2d11087c8815
code	/home/s471802/nn-gpt/out/nngpt/new_lemur/nn/rl-bb-struct1-v2-sftcycle-228c6d636e11225a92956862472de9ba.py	nn/rl-bb-struct1-v2-sftcycle-228c6d636e11225a92956862472de9ba.py	10984	2fbb2240a196fbdc5b3cffee32a7f14667cb0bbc7ebd6362c3f996821a90323d
code	/home/s471802/nn-gpt/out/nngpt/new_lemur/nn/rl-bb-struct1-v2-sftcycle-22a075e69458273bbddc81a9ea98ba67.py	nn/rl-bb-struct1-v2-sftcycle-22a075e69458273bbddc81a9ea98ba67.py	11009	d041e85284af51767edc97c5175e3c3cfd8cf127b278b376862811a1a0bf44a0
code	/home/s471802/nn-gpt/out/nngpt/new_lemur/nn/rl-bb-struct1-v2-sftcycle-232647434fc97550b8accb4afb20d869.py	nn/rl-bb-struct1-v2-sftcycle-232647434fc97550b8accb4afb20d869.py	10977	d6f80fde12f2338b6400366d27c76a54a9fc55826bb93b8c61668f5938fa71cb
code	/home/s471802/nn-gpt/out/nngpt/new_lemur/nn/rl-bb-struct1-v2-sftcycle-234caab31547498d9ddf7154d8e0c109.py	nn/rl-bb-struct1-v2-sftcycle-234caab31547498d9ddf7154d8e0c109.py	10908	bcbb0cbbd965dfc096d37876fc3102be5532844ef4367b3f76560b790f151b3b
code	/home/s471802/nn-gpt/out/nngpt/new_lemur/nn/rl-bb-struct1-v2-sftcycle-238e600c868f7e8f9ae0434554d1deda.py	nn/rl-bb-struct1-v2-sftcycle-238e600c868f7e8f9ae0434554d1deda.py	11017	5e8b47bda7d3cc06bc797bd2134e7e9dd3beb86d4eb6fc8515bd1ebf9a11e705
code	/home/s471802/nn-gpt/out/nngpt/new_lemur/nn/rl-bb-struct1-v2-sftcycle-2426cc7237450d805e91f8a4665ccc81.py	nn/rl-bb-struct1-v2-sftcycle-2426cc7237450d805e91f8a4665ccc81.py	10984	065201d69c5c576e7dde457beb42f5c816536d3d60f187f27525bfc808c14dec
code	/home/s471802/nn-gpt/out/nngpt/new_lemur/nn/rl-bb-struct1-v2-sftcycle-2450156a32841638ecd2d45948885cac.py	nn/rl-bb-struct1-v2-sftcycle-2450156a32841638ecd2d45948885cac.py	10993	fa2e7c04102a3eaba2e07ca3ea09f7e755282dd15b2f7042d46acb994ee432f8
code	/home/s471802/nn-gpt/out/nngpt/new_lemur/nn/rl-bb-struct1-v2-sftcycle-25990201e59f463ac9ac0ae8b6711107.py	nn/rl-bb-struct1-v2-sftcycle-25990201e59f463ac9ac0ae8b6711107.py	11000	575a77ac143624f7aa911e4bacb04a59a5e782e149463319bb6fe194f490b373
code	/home/s471802/nn-gpt/out/nngpt/new_lemur/nn/rl-bb-struct1-v2-sftcycle-25a68e87dc55ae112b88d2b31f44d22b.py	nn/rl-bb-struct1-v2-sftcycle-25a68e87dc55ae112b88d2b31f44d22b.py	11136	146725f65c80258ca307a194c573dfd5de77a503a664167273c8a188d7729bb6
code	/home/s471802/nn-gpt/out/nngpt/new_lemur/nn/rl-bb-struct1-v2-sftcycle-2659a19c8afe0ea9c5814a75a2dece90.py	nn/rl-bb-struct1-v2-sftcycle-2659a19c8afe0ea9c5814a75a2dece90.py	10973	7d3252e43fdfdc8589a8016e82193b0616ad80d65356fe0fbf2f745acbc69b47
code	/home/s471802/nn-gpt/out/nngpt/new_lemur/nn/rl-bb-struct1-v2-sftcycle-2699a19122304dbbdc7065a5e8b3c23b.py	nn/rl-bb-struct1-v2-sftcycle-2699a19122304dbbdc7065a5e8b3c23b.py	10994	c813a8f5a2af8413a1e2de09166df73a5d8bdc64224eebf689828ac5c73c0d5b
code	/home/s471802/nn-gpt/out/nngpt/new_lemur/nn/rl-bb-struct1-v2-sftcycle-269ab37f37b206dd81b71caf2a02f5bd.py	nn/rl-bb-struct1-v2-sftcycle-269ab37f37b206dd81b71caf2a02f5bd.py	10894	20178ca508cac97051805cf1d08597a533ed05da8aba772868160a6bb1f95887
code	/home/s471802/nn-gpt/out/nngpt/new_lemur/nn/rl-bb-struct1-v2-sftcycle-26d62b559fd6623761d1c1906b580882.py	nn/rl-bb-struct1-v2-sftcycle-26d62b559fd6623761d1c1906b580882.py	11010	caefff7c07e2c13924b351c9aadb7fac7414710786f2671e2e3388e6dc12d500
code	/home/s471802/nn-gpt/out/nngpt/new_lemur/nn/rl-bb-struct1-v2-sftcycle-2708fe953180f4b752b193723120f561.py	nn/rl-bb-struct1-v2-sftcycle-2708fe953180f4b752b193723120f561.py	11015	8a57c3e47129415d514402d93644512b31ebb564edad82d5ce117e87d6596a0e
code	/home/s471802/nn-gpt/out/nngpt/new_lemur/nn/rl-bb-struct1-v2-sftcycle-284d3f8a58a7b3c43fb00bfb959995ae.py	nn/rl-bb-struct1-v2-sftcycle-284d3f8a58a7b3c43fb00bfb959995ae.py	11108	63b536448976970cc1906d43e10d83192ef8d951d6dfd30345dafb356f5d6ad1
code	/home/s471802/nn-gpt/out/nngpt/new_lemur/nn/rl-bb-struct1-v2-sftcycle-293c07b0f0b76daf6a5ab350783cc179.py	nn/rl-bb-struct1-v2-sftcycle-293c07b0f0b76daf6a5ab350783cc179.py	10953	469f98b2f33ec04050f40cdb091621069a2ee844270cf7b39dd94007b4bc8575
code	/home/s471802/nn-gpt/out/nngpt/new_lemur/nn/rl-bb-struct1-v2-sftcycle-297051e1472661ed15b3b159e20e684d.py	nn/rl-bb-struct1-v2-sftcycle-297051e1472661ed15b3b159e20e684d.py	10926	cb35e73928498552099add5c1f35e650787ff9386f5f0eda83b7b06445c7cef9
code	/home/s471802/nn-gpt/out/nngpt/new_lemur/nn/rl-bb-struct1-v2-sftcycle-29963c6974a59e0ceddf8d6fbf453111.py	nn/rl-bb-struct1-v2-sftcycle-29963c6974a59e0ceddf8d6fbf453111.py	10993	2cab0837bffcf521359b3e0b004910e8063c7b13dad4243be89694001891611e
code	/home/s471802/nn-gpt/out/nngpt/new_lemur/nn/rl-bb-struct1-v2-sftcycle-29d4fea8ba8cd4686e3dbfc7d5b6cdfb.py	nn/rl-bb-struct1-v2-sftcycle-29d4fea8ba8cd4686e3dbfc7d5b6cdfb.py	11012	ea61f2c2b4e242aacb4a4ee11ec11d0125ccf8a8a25dc8233dd9a4b7e81376df
code	/home/s471802/nn-gpt/out/nngpt/new_lemur/nn/rl-bb-struct1-v2-sftcycle-29fcf426a60737cbc4b65389f8303d97.py	nn/rl-bb-struct1-v2-sftcycle-29fcf426a60737cbc4b65389f8303d97.py	10992	bf495614f9bf8cd8bf0375b684b08664ce348385f3c894e49495bfc6af1eaf70
code	/home/s471802/nn-gpt/out/nngpt/new_lemur/nn/rl-bb-struct1-v2-sftcycle-2a850a123ec72f9c5c7117562b5df866.py	nn/rl-bb-struct1-v2-sftcycle-2a850a123ec72f9c5c7117562b5df866.py	11064	714bde49c534183b2f58d075a0d7e0a853f8d84fd815fc9a5441a5de2c4bccf4
code	/home/s471802/nn-gpt/out/nngpt/new_lemur/nn/rl-bb-struct1-v2-sftcycle-2aaa652d67a63e4048c52fb06d555f0b.py	nn/rl-bb-struct1-v2-sftcycle-2aaa652d67a63e4048c52fb06d555f0b.py	10991	31dda790760f76d0a971c0f960e958d224be69cd0345de31c524e6d8bd2e2495
code	/home/s471802/nn-gpt/out/nngpt/new_lemur/nn/rl-bb-struct1-v2-sftcycle-2acb22832843f05feb8b97d3e87bbab7.py	nn/rl-bb-struct1-v2-sftcycle-2acb22832843f05feb8b97d3e87bbab7.py	11095	3138209e1016e21db61a085cc0b1b70eff03fad58fc0d48e4892de941f3c5670
code	/home/s471802/nn-gpt/out/nngpt/new_lemur/nn/rl-bb-struct1-v2-sftcycle-2adf41ec8ec5f353c03b12c8e871a195.py	nn/rl-bb-struct1-v2-sftcycle-2adf41ec8ec5f353c03b12c8e871a195.py	10929	1b616329b4426593d1a15d3ef9d1e39658b4fe30902445413f2eabbb35c52da5
code	/home/s471802/nn-gpt/out/nngpt/new_lemur/nn/rl-bb-struct1-v2-sftcycle-2b6b7cefcc84ec76b06d3990d1209c08.py	nn/rl-bb-struct1-v2-sftcycle-2b6b7cefcc84ec76b06d3990d1209c08.py	10980	89d1182508b3a5b499714b56220be098053f23e2a44a026a9ff3e761a9d156dc
code	/home/s471802/nn-gpt/out/nngpt/new_lemur/nn/rl-bb-struct1-v2-sftcycle-2bc6c9dc17b2d04e33cab244e57710f8.py	nn/rl-bb-struct1-v2-sftcycle-2bc6c9dc17b2d04e33cab244e57710f8.py	10865	74b8957d7769b1d372fe9569e58cdac12f6f2a01f0ce6918a240506a5bb07049
code	/home/s471802/nn-gpt/out/nngpt/new_lemur/nn/rl-bb-struct1-v2-sftcycle-2d45c9a4269af23bc2f399b0dfe40773.py	nn/rl-bb-struct1-v2-sftcycle-2d45c9a4269af23bc2f399b0dfe40773.py	11082	05132987c911daa5e7335ed20539cb746df4b7e5d7421820230c12142de57515
code	/home/s471802/nn-gpt/out/nngpt/new_lemur/nn/rl-bb-struct1-v2-sftcycle-2d8eee6819b43bd82ecf1e1fd7d119c4.py	nn/rl-bb-struct1-v2-sftcycle-2d8eee6819b43bd82ecf1e1fd7d119c4.py	10922	d87a63ccebbb50789c5a9c61a6acc90ec079dd3fec5a95f0ff01e49cec6d9c61
code	/home/s471802/nn-gpt/out/nngpt/new_lemur/nn/rl-bb-struct1-v2-sftcycle-2ee037aacda0d011849bf2b6987adfcd.py	nn/rl-bb-struct1-v2-sftcycle-2ee037aacda0d011849bf2b6987adfcd.py	10988	6cad798e93d04218ff971577ba0d5049b1037c188bce17bcaa4476ac1faf8e99
code	/home/s471802/nn-gpt/out/nngpt/new_lemur/nn/rl-bb-struct1-v2-sftcycle-2f0eff45702974f467b9f27735f84267.py	nn/rl-bb-struct1-v2-sftcycle-2f0eff45702974f467b9f27735f84267.py	10981	c324906976753b7c3c0ce96949c1337a4a840626f1c210f0eeda2a82e210fa95
code	/home/s471802/nn-gpt/out/nngpt/new_lemur/nn/rl-bb-struct1-v2-sftcycle-2fcc9a9f6ba93a87435cbd676af660db.py	nn/rl-bb-struct1-v2-sftcycle-2fcc9a9f6ba93a87435cbd676af660db.py	11107	21e7b00a81532023bdc02fae915688579ad13ad6755465dab4c9a2dc5984cb0e
code	/home/s471802/nn-gpt/out/nngpt/new_lemur/nn/rl-bb-struct1-v2-sftcycle-300d33b86177ddaf250f78837e52c35e.py	nn/rl-bb-struct1-v2-sftcycle-300d33b86177ddaf250f78837e52c35e.py	11114	6cc2453258087a6b1951b0dfb4042499ae7648eeec6c5cfd122ae442f597515d
code	/home/s471802/nn-gpt/out/nngpt/new_lemur/nn/rl-bb-struct1-v2-sftcycle-30362ff987c000562f36a8f77934889d.py	nn/rl-bb-struct1-v2-sftcycle-30362ff987c000562f36a8f77934889d.py	11260	e4b5529ccf638da350f10dffa6214de8a667979aadc2a5cb34d55de1c45cab58
code	/home/s471802/nn-gpt/out/nngpt/new_lemur/nn/rl-bb-struct1-v2-sftcycle-304e381e8af0a81d37f136763826e6ff.py	nn/rl-bb-struct1-v2-sftcycle-304e381e8af0a81d37f136763826e6ff.py	10947	3697cb896836d099f7f3c65ee40ec421a3585983cb3656df0503dad2ba080624
code	/home/s471802/nn-gpt/out/nngpt/new_lemur/nn/rl-bb-struct1-v2-sftcycle-30dded2e0b6f988929610e79321c6b65.py	nn/rl-bb-struct1-v2-sftcycle-30dded2e0b6f988929610e79321c6b65.py	11126	32d910caf8d3677c9b677beb3941ddf94d038756a002b8b8cc30a1685af29e4d
code	/home/s471802/nn-gpt/out/nngpt/new_lemur/nn/rl-bb-struct1-v2-sftcycle-31ea0f7bc8378bb83e93b0e93e96303a.py	nn/rl-bb-struct1-v2-sftcycle-31ea0f7bc8378bb83e93b0e93e96303a.py	11040	d322aa58a34d876294640b5dcefcfa216e4551297e13c96b0896538b48a4cb5f
code	/home/s471802/nn-gpt/out/nngpt/new_lemur/nn/rl-bb-struct1-v2-sftcycle-3318c7d3b9d394d32c16b99673a492a8.py	nn/rl-bb-struct1-v2-sftcycle-3318c7d3b9d394d32c16b99673a492a8.py	11120	623686dac98b190c3bf089e5ad300be2eee3fa88b6872d206b47c1ecb94e7428
code	/home/s471802/nn-gpt/out/nngpt/new_lemur/nn/rl-bb-struct1-v2-sftcycle-334cde0372019d4a986946f98919de72.py	nn/rl-bb-struct1-v2-sftcycle-334cde0372019d4a986946f98919de72.py	11078	c293e27afe6924445ce45b04b8db6c298e2169cc1509f4911d0e7ce341591481
code	/home/s471802/nn-gpt/out/nngpt/new_lemur/nn/rl-bb-struct1-v2-sftcycle-33cbceb7dcb6cbdafb94564d316b3c00.py	nn/rl-bb-struct1-v2-sftcycle-33cbceb7dcb6cbdafb94564d316b3c00.py	11100	fdd243b27f84f3f0fe6b9a72d3f6aaa6b0f064ceb3a65b60854a54a8d8d2a34b
code	/home/s471802/nn-gpt/out/nngpt/new_lemur/nn/rl-bb-struct1-v2-sftcycle-34ab990bf5fb4e6f3ab5862079bddd05.py	nn/rl-bb-struct1-v2-sftcycle-34ab990bf5fb4e6f3ab5862079bddd05.py	11067	8cefbcf69a844f3ce96cb3872ea4b8ac0d6d3a9e79d5cc35fb216277adfeac07
code	/home/s471802/nn-gpt/out/nngpt/new_lemur/nn/rl-bb-struct1-v2-sftcycle-34e5849b35c944ff026056964504488d.py	nn/rl-bb-struct1-v2-sftcycle-34e5849b35c944ff026056964504488d.py	10973	c5e9bbb247de66ac2a4255b3cef2005ee665844dbdec9b4e0d2b3e9a0745e247
code	/home/s471802/nn-gpt/out/nngpt/new_lemur/nn/rl-bb-struct1-v2-sftcycle-35ebc858ca62cefcc84a33d6474f2cba.py	nn/rl-bb-struct1-v2-sftcycle-35ebc858ca62cefcc84a33d6474f2cba.py	11081	5b95e5b6660e2bba6f9ac8d39476862351767a0e7b1e05727aef878536240068
code	/home/s471802/nn-gpt/out/nngpt/new_lemur/nn/rl-bb-struct1-v2-sftcycle-362968814bc0fcb287a5dde965c40c53.py	nn/rl-bb-struct1-v2-sftcycle-362968814bc0fcb287a5dde965c40c53.py	10923	4b9b3d15d7dcde7dddb00d5538c1a90b4d2b97a8ef2e917a182e786ceb6236a4
code	/home/s471802/nn-gpt/out/nngpt/new_lemur/nn/rl-bb-struct1-v2-sftcycle-3658e7a2fc8c3460ee04359b78c97c72.py	nn/rl-bb-struct1-v2-sftcycle-3658e7a2fc8c3460ee04359b78c97c72.py	11151	96626bbf582010b8881d712e956da575bb8594f601e64fe78f7c0e69933db409
code	/home/s471802/nn-gpt/out/nngpt/new_lemur/nn/rl-bb-struct1-v2-sftcycle-36bdd7adaae3148aa64fef099ef956ea.py	nn/rl-bb-struct1-v2-sftcycle-36bdd7adaae3148aa64fef099ef956ea.py	10999	44f6cce02e51481d5850eed4738cdc491e46e80cec08dc0781dc097db76b5704
code	/home/s471802/nn-gpt/out/nngpt/new_lemur/nn/rl-bb-struct1-v2-sftcycle-36c6b2c1caf86515d0cc5571fdf11fb7.py	nn/rl-bb-struct1-v2-sftcycle-36c6b2c1caf86515d0cc5571fdf11fb7.py	10840	5fafd51f156cbcd15ab94113b4217d7e6f3e6fe74b34fff591c77faacfff9ffd
code	/home/s471802/nn-gpt/out/nngpt/new_lemur/nn/rl-bb-struct1-v2-sftcycle-37545121c5c30fa07f74367092697044.py	nn/rl-bb-struct1-v2-sftcycle-37545121c5c30fa07f74367092697044.py	10975	bf897991e523d59273245fa1a210ce64e3e08808171b0f8d50c0586f51a73880
code	/home/s471802/nn-gpt/out/nngpt/new_lemur/nn/rl-bb-struct1-v2-sftcycle-3763be85bc6314d6428988b76ac5c544.py	nn/rl-bb-struct1-v2-sftcycle-3763be85bc6314d6428988b76ac5c544.py	10976	4a09c652b8b0667392c31deee4fe6a21bd550947de0df3bad56141c3c69ed90a
code	/home/s471802/nn-gpt/out/nngpt/new_lemur/nn/rl-bb-struct1-v2-sftcycle-3786fb68bcede03e0f27469b67fee9e9.py	nn/rl-bb-struct1-v2-sftcycle-3786fb68bcede03e0f27469b67fee9e9.py	10997	91903909f2beb4d6ea0604ad8b355c0e664fa8baae63a910ab30e04fec0aeb0e
code	/home/s471802/nn-gpt/out/nngpt/new_lemur/nn/rl-bb-struct1-v2-sftcycle-37f7b068fe6cd0fbbe442c71ab0d5cb9.py	nn/rl-bb-struct1-v2-sftcycle-37f7b068fe6cd0fbbe442c71ab0d5cb9.py	10907	b723e00a46af88a722a55855643e9b03613a5d535a4a9ea4122ecdb9ecfacf92
code	/home/s471802/nn-gpt/out/nngpt/new_lemur/nn/rl-bb-struct1-v2-sftcycle-396fd1cc01ef19b86758e261f21a4a66.py	nn/rl-bb-struct1-v2-sftcycle-396fd1cc01ef19b86758e261f21a4a66.py	10949	598d3cad3a0fdc79f21a947c9ba6a858a17e37237b2c415e44cba0bef097f1d3
code	/home/s471802/nn-gpt/out/nngpt/new_lemur/nn/rl-bb-struct1-v2-sftcycle-3a244368dbfc76ba19b96d46263bb456.py	nn/rl-bb-struct1-v2-sftcycle-3a244368dbfc76ba19b96d46263bb456.py	10898	028cafa253bbca8d54b99bd0ae5cb93135c17197b76b7d7df0ec30e6c664aa28
code	/home/s471802/nn-gpt/out/nngpt/new_lemur/nn/rl-bb-struct1-v2-sftcycle-3a7e36cc49fda645c82d417449873e1e.py	nn/rl-bb-struct1-v2-sftcycle-3a7e36cc49fda645c82d417449873e1e.py	11016	71fb71ab3f84e51fdef360ee28834663b0a3e36f2c06e1e16e60ff379a02d7c6
code	/home/s471802/nn-gpt/out/nngpt/new_lemur/nn/rl-bb-struct1-v2-sftcycle-3b1d4c83b5295933ee77d134d06bfbe9.py	nn/rl-bb-struct1-v2-sftcycle-3b1d4c83b5295933ee77d134d06bfbe9.py	11009	b74527792740f808c975829ba5e592d9a7667d5b5c0554e088a0aba2d0ee4bee
code	/home/s471802/nn-gpt/out/nngpt/new_lemur/nn/rl-bb-struct1-v2-sftcycle-3b2788a4cdca1b66e1a1e23c1551a4e7.py	nn/rl-bb-struct1-v2-sftcycle-3b2788a4cdca1b66e1a1e23c1551a4e7.py	10882	5e897bb152a3b7c1802fff054ee2193e40fe33102afb0e3e804872c2899760bc
code	/home/s471802/nn-gpt/out/nngpt/new_lemur/nn/rl-bb-struct1-v2-sftcycle-3b4c2bdceca4e55fecd62a0619165111.py	nn/rl-bb-struct1-v2-sftcycle-3b4c2bdceca4e55fecd62a0619165111.py	10986	576094313a9bcb1d1bb238ca930bc744a868935f60c41f01657128e4103d5126
code	/home/s471802/nn-gpt/out/nngpt/new_lemur/nn/rl-bb-struct1-v2-sftcycle-3b9273a44d00bd28b2eba926b0456f77.py	nn/rl-bb-struct1-v2-sftcycle-3b9273a44d00bd28b2eba926b0456f77.py	11009	357a7b683e25f449867f1a6af8b3504af3d286f30851b54cd54436f0ce031738
code	/home/s471802/nn-gpt/out/nngpt/new_lemur/nn/rl-bb-struct1-v2-sftcycle-3beb17a078b60ecaac468e97cf638fa2.py	nn/rl-bb-struct1-v2-sftcycle-3beb17a078b60ecaac468e97cf638fa2.py	11060	e5fa14a5956cac0fed0c7f7f17944965cb31e3c01c678fa0e41d54f58d3a93d0
code	/home/s471802/nn-gpt/out/nngpt/new_lemur/nn/rl-bb-struct1-v2-sftcycle-3bf42c5f8dde3f88837055ba4c768507.py	nn/rl-bb-struct1-v2-sftcycle-3bf42c5f8dde3f88837055ba4c768507.py	11019	9d556d52429e086a9569df4a91c4cf55c5e2684ed4ed5f09506e6785d7209c9d
code	/home/s471802/nn-gpt/out/nngpt/new_lemur/nn/rl-bb-struct1-v2-sftcycle-3c175a3a117ee37ecfd068ddf7d477ec.py	nn/rl-bb-struct1-v2-sftcycle-3c175a3a117ee37ecfd068ddf7d477ec.py	11152	db945a17a5cc54d41506fe90fc640f2d0dfa0ec17b62f42267b2c2fb68d1ccda
code	/home/s471802/nn-gpt/out/nngpt/new_lemur/nn/rl-bb-struct1-v2-sftcycle-3c81737baa9ff840eaa96c2c99d214ec.py	nn/rl-bb-struct1-v2-sftcycle-3c81737baa9ff840eaa96c2c99d214ec.py	11080	679255f88131a95bc0863b3e8b4d9d0db97a119d04998e0e2a950bb0571874df
code	/home/s471802/nn-gpt/out/nngpt/new_lemur/nn/rl-bb-struct1-v2-sftcycle-3cb204d01eb477d9faa77194a9f8d89d.py	nn/rl-bb-struct1-v2-sftcycle-3cb204d01eb477d9faa77194a9f8d89d.py	11069	2ccbd4cbb14c456426d65ef202cc9ce1c34d6308e94f176ad3134b63c234f9ee
code	/home/s471802/nn-gpt/out/nngpt/new_lemur/nn/rl-bb-struct1-v2-sftcycle-3cb90cb4d91fe2406a286df67b462d58.py	nn/rl-bb-struct1-v2-sftcycle-3cb90cb4d91fe2406a286df67b462d58.py	10969	9e0a45dcf1b679249ed3b6a5e46e765be342789131bc50daa2c9d04700f62088
code	/home/s471802/nn-gpt/out/nngpt/new_lemur/nn/rl-bb-struct1-v2-sftcycle-3d423979abb6ca527673f896553f6f09.py	nn/rl-bb-struct1-v2-sftcycle-3d423979abb6ca527673f896553f6f09.py	10979	978bf866c40d16a7004c37bdaedb176e3aad8f3cf7409e4401cbbb0f2d723ad3
code	/home/s471802/nn-gpt/out/nngpt/new_lemur/nn/rl-bb-struct1-v2-sftcycle-3d5efcef511a9f7cdef6e79eac4e079c.py	nn/rl-bb-struct1-v2-sftcycle-3d5efcef511a9f7cdef6e79eac4e079c.py	11056	929547b0cd49611629cdd27cc48a212fe3a395cf044465fe018d06a75721358f
code	/home/s471802/nn-gpt/out/nngpt/new_lemur/nn/rl-bb-struct1-v2-sftcycle-3d61a57272ea4669ef78610e3e4973e5.py	nn/rl-bb-struct1-v2-sftcycle-3d61a57272ea4669ef78610e3e4973e5.py	11114	13064b65974cef683b591a497c8a7e82ae0e9bd2f7b28833f11c2efadb8d52f4
code	/home/s471802/nn-gpt/out/nngpt/new_lemur/nn/rl-bb-struct1-v2-sftcycle-3d83ddc0bae216c6f5823c86b48d286c.py	nn/rl-bb-struct1-v2-sftcycle-3d83ddc0bae216c6f5823c86b48d286c.py	10956	a431e62b24167b510be4f84675dd14c196ceaa5ec2c6995dedf2026c7e91bc78
code	/home/s471802/nn-gpt/out/nngpt/new_lemur/nn/rl-bb-struct1-v2-sftcycle-3e64388d9045b022a3fc8332de400e74.py	nn/rl-bb-struct1-v2-sftcycle-3e64388d9045b022a3fc8332de400e74.py	10506	7e5072f0c04e53347d6802c5793d94683399981bdddeb10f79d9bd6c79cf92f1
code	/home/s471802/nn-gpt/out/nngpt/new_lemur/nn/rl-bb-struct1-v2-sftcycle-3e9714ff7d0853ccd7cc38f9c16b9f17.py	nn/rl-bb-struct1-v2-sftcycle-3e9714ff7d0853ccd7cc38f9c16b9f17.py	10988	6e1894208e78c8a4a736aa4bbf42514329bb124777d6d4f3fe8563be35aa3229
code	/home/s471802/nn-gpt/out/nngpt/new_lemur/nn/rl-bb-struct1-v2-sftcycle-3ed8f081a8918ce1ed937822be8b6f43.py	nn/rl-bb-struct1-v2-sftcycle-3ed8f081a8918ce1ed937822be8b6f43.py	10981	2294229d180af01d3f8d4ebc8bf23964c37f6f0494ec6f8ac0b3ef869af6f733
code	/home/s471802/nn-gpt/out/nngpt/new_lemur/nn/rl-bb-struct1-v2-sftcycle-3f0702febdf95cc4826e210cd33cf634.py	nn/rl-bb-struct1-v2-sftcycle-3f0702febdf95cc4826e210cd33cf634.py	11015	98733a1146e44cfa8366b460b2acde675d9b32b0eaf37b512110628e06c389ad
code	/home/s471802/nn-gpt/out/nngpt/new_lemur/nn/rl-bb-struct1-v2-sftcycle-3f65f4cc8d10fe45d0c8d9f989359847.py	nn/rl-bb-struct1-v2-sftcycle-3f65f4cc8d10fe45d0c8d9f989359847.py	10360	065a2b65cde533c3fe3596ad1ef87b7a8dabdd7e672c5b981b33448d92afdc90
code	/home/s471802/nn-gpt/out/nngpt/new_lemur/nn/rl-bb-struct1-v2-sftcycle-3fa8afb43113e5849ab13aa15505f5b3.py	nn/rl-bb-struct1-v2-sftcycle-3fa8afb43113e5849ab13aa15505f5b3.py	10980	3d4d94a76e83c9dc7102be5a17d8f505c6d421e2fcc6f6c8d774f6af49181cb0
code	/home/s471802/nn-gpt/out/nngpt/new_lemur/nn/rl-bb-struct1-v2-sftcycle-40e92b40c153671696bcecb78212e8c4.py	nn/rl-bb-struct1-v2-sftcycle-40e92b40c153671696bcecb78212e8c4.py	11056	eec340bd1b788c342c2ed09625f44954795235ef88a9ba5f8e487f4e88ec1238
code	/home/s471802/nn-gpt/out/nngpt/new_lemur/nn/rl-bb-struct1-v2-sftcycle-419d761596457a28586861557cef075b.py	nn/rl-bb-struct1-v2-sftcycle-419d761596457a28586861557cef075b.py	11006	96bc37869760c8b09752b09ebb8b0a9afb98c0d425c81c2c99194285dcbc6f01
code	/home/s471802/nn-gpt/out/nngpt/new_lemur/nn/rl-bb-struct1-v2-sftcycle-41de39d3736e2d737054637f19907aad.py	nn/rl-bb-struct1-v2-sftcycle-41de39d3736e2d737054637f19907aad.py	11032	de6b3b42b75a7fef4acc69d7fef1934617eaaad472e8676f6c2ee966a81232b4
code	/home/s471802/nn-gpt/out/nngpt/new_lemur/nn/rl-bb-struct1-v2-sftcycle-425de13dc0d60b05553d6f6cfd278a8b.py	nn/rl-bb-struct1-v2-sftcycle-425de13dc0d60b05553d6f6cfd278a8b.py	11003	a4c9dfd0abf660c5a6dfa24e317b4bcbe3675d46347715f8c23c03326013c4ef
code	/home/s471802/nn-gpt/out/nngpt/new_lemur/nn/rl-bb-struct1-v2-sftcycle-42685ecda6633f4abe0db82b8e07f984.py	nn/rl-bb-struct1-v2-sftcycle-42685ecda6633f4abe0db82b8e07f984.py	11023	1d48ede05da6cc4a2e89808f3b3e782e4f5288a2055c8d0d7c838bdbc5dae0e3
code	/home/s471802/nn-gpt/out/nngpt/new_lemur/nn/rl-bb-struct1-v2-sftcycle-42856b7d9f52246062496d864e0f830b.py	nn/rl-bb-struct1-v2-sftcycle-42856b7d9f52246062496d864e0f830b.py	11075	e2312cf3b763a7cce47d0e5806a8f8531fa4103af1ac959214172674ae72b418
code	/home/s471802/nn-gpt/out/nngpt/new_lemur/nn/rl-bb-struct1-v2-sftcycle-429b73e946262390806505566262a775.py	nn/rl-bb-struct1-v2-sftcycle-429b73e946262390806505566262a775.py	10940	578cdf8d1df1df65b6b96bc8f766c94f61306764a18d780ecf2132e659922e14
code	/home/s471802/nn-gpt/out/nngpt/new_lemur/nn/rl-bb-struct1-v2-sftcycle-43fd4705b9beaff0af92411ae75d1128.py	nn/rl-bb-struct1-v2-sftcycle-43fd4705b9beaff0af92411ae75d1128.py	11002	7bd0b9bbc956e123fe67481e871312a6195174e499ee3d16c4ebc10d4373e462
code	/home/s471802/nn-gpt/out/nngpt/new_lemur/nn/rl-bb-struct1-v2-sftcycle-446d50fba72e41328e4826040e0d4cd8.py	nn/rl-bb-struct1-v2-sftcycle-446d50fba72e41328e4826040e0d4cd8.py	11061	7a99604e580320ea74daa387bbfe77d59eb676d316af05ec13a51119f2cd27d9
code	/home/s471802/nn-gpt/out/nngpt/new_lemur/nn/rl-bb-struct1-v2-sftcycle-456855c174d79c17917363bcdd44d1a7.py	nn/rl-bb-struct1-v2-sftcycle-456855c174d79c17917363bcdd44d1a7.py	11042	1b6ecbd91f3748f7478f8a21c7e84080b523160e5abf0d6beb87c56f26026a22
code	/home/s471802/nn-gpt/out/nngpt/new_lemur/nn/rl-bb-struct1-v2-sftcycle-4578a1767364249245e25fac7a23f724.py	nn/rl-bb-struct1-v2-sftcycle-4578a1767364249245e25fac7a23f724.py	10994	8a080e0e6b6b7a148ff99d391dae2f2daf1f0cd10956fc5beb12cbb54dfe69c4
code	/home/s471802/nn-gpt/out/nngpt/new_lemur/nn/rl-bb-struct1-v2-sftcycle-46b855e23cdd6d5b7cccbe8cf910eb9c.py	nn/rl-bb-struct1-v2-sftcycle-46b855e23cdd6d5b7cccbe8cf910eb9c.py	10939	cf1903e1eb3d9ec2d4bff5564e674f0676cc89bd0eea7681af395d03dd24dc6c
code	/home/s471802/nn-gpt/out/nngpt/new_lemur/nn/rl-bb-struct1-v2-sftcycle-47532fedfed5a3838900aa457bb55ccc.py	nn/rl-bb-struct1-v2-sftcycle-47532fedfed5a3838900aa457bb55ccc.py	10983	616066539e7c6b3b434c919bd0c1ed572edb23f96d944997d5a05f7cc8911eab
code	/home/s471802/nn-gpt/out/nngpt/new_lemur/nn/rl-bb-struct1-v2-sftcycle-47847c3c79694f81b2988a537a655cee.py	nn/rl-bb-struct1-v2-sftcycle-47847c3c79694f81b2988a537a655cee.py	11103	a0a14070bf237417bf247b73e954ed0ca52ee79adf58f0a7aff92ad878573fc7
code	/home/s471802/nn-gpt/out/nngpt/new_lemur/nn/rl-bb-struct1-v2-sftcycle-4785ae3929ad1db1ecac8957a9bb36fc.py	nn/rl-bb-struct1-v2-sftcycle-4785ae3929ad1db1ecac8957a9bb36fc.py	11122	b9891568873367da733488deb9d1aa74df107949473fc49b903d7919adbc4e06
code	/home/s471802/nn-gpt/out/nngpt/new_lemur/nn/rl-bb-struct1-v2-sftcycle-47928219b77d1faffc0152fd13fa7ddf.py	nn/rl-bb-struct1-v2-sftcycle-47928219b77d1faffc0152fd13fa7ddf.py	10967	5f816242c65951b6432ea92681eefd2631be0089b1b8d6111cbdf8ce9c076970
code	/home/s471802/nn-gpt/out/nngpt/new_lemur/nn/rl-bb-struct1-v2-sftcycle-47e8a146a14d2c0823bb3161e6732ef1.py	nn/rl-bb-struct1-v2-sftcycle-47e8a146a14d2c0823bb3161e6732ef1.py	11096	5a20cae431abc2b08cf324719e225c45f6fc7d14bf81b1f686dde753447b4de1
code	/home/s471802/nn-gpt/out/nngpt/new_lemur/nn/rl-bb-struct1-v2-sftcycle-47f8a461ce843b61a9a391330b7beab9.py	nn/rl-bb-struct1-v2-sftcycle-47f8a461ce843b61a9a391330b7beab9.py	11080	1d89a37574b1c18f9992954ee3146ed6c1c47d60ce77f736cdecd45d4e3cdd0e
code	/home/s471802/nn-gpt/out/nngpt/new_lemur/nn/rl-bb-struct1-v2-sftcycle-481af98938c4a0af69f3a3dbe9c747c2.py	nn/rl-bb-struct1-v2-sftcycle-481af98938c4a0af69f3a3dbe9c747c2.py	10948	3aaf2ad51514e9f5cbf8a3d53f73b4b900e5dd874552ffc1670bc5b835f15dc3
code	/home/s471802/nn-gpt/out/nngpt/new_lemur/nn/rl-bb-struct1-v2-sftcycle-4832936707883f00c668a0ef64a2869f.py	nn/rl-bb-struct1-v2-sftcycle-4832936707883f00c668a0ef64a2869f.py	11161	4877907f6648767a3b34bbfdbc2ce26fda8be6b212597a123a9411d2b3fee154
code	/home/s471802/nn-gpt/out/nngpt/new_lemur/nn/rl-bb-struct1-v2-sftcycle-48a27cea7ba4bb70cd0bd781a3e703bf.py	nn/rl-bb-struct1-v2-sftcycle-48a27cea7ba4bb70cd0bd781a3e703bf.py	11034	c8f9af88495c775da70fab6ad81e63c864e006e64fb029a19e9cb2ab1d016b8d
code	/home/s471802/nn-gpt/out/nngpt/new_lemur/nn/rl-bb-struct1-v2-sftcycle-48b04468501196ec369feed68e9f93e6.py	nn/rl-bb-struct1-v2-sftcycle-48b04468501196ec369feed68e9f93e6.py	10995	c86b242e3edf7e6c53c7177dc53cec2fce488a8b4a6edafe3cc6de9762161b53
code	/home/s471802/nn-gpt/out/nngpt/new_lemur/nn/rl-bb-struct1-v2-sftcycle-49f2e0b58e983abc11c5424a3b1d1a28.py	nn/rl-bb-struct1-v2-sftcycle-49f2e0b58e983abc11c5424a3b1d1a28.py	10983	90abb54a2a3bf6512415e6cf2c63867a1b3fe5b8dadc95702b245c7e212160f5
code	/home/s471802/nn-gpt/out/nngpt/new_lemur/nn/rl-bb-struct1-v2-sftcycle-4a5bea90ce32db7fc215e36f786418d6.py	nn/rl-bb-struct1-v2-sftcycle-4a5bea90ce32db7fc215e36f786418d6.py	10992	4dcc520aea82787b968b413f567a28cb2ac24cb7e1d9228f76dbc0abc435c5d4
code	/home/s471802/nn-gpt/out/nngpt/new_lemur/nn/rl-bb-struct1-v2-sftcycle-4ac3ad944e4b7279f9da8ee4d52d09cd.py	nn/rl-bb-struct1-v2-sftcycle-4ac3ad944e4b7279f9da8ee4d52d09cd.py	11021	2c41ca10b64e11da093538091cc121684b1a2cbac11d0d61f1252c2e7945a504
code	/home/s471802/nn-gpt/out/nngpt/new_lemur/nn/rl-bb-struct1-v2-sftcycle-4b1bc78ddeb31ff8922913120d710c7f.py	nn/rl-bb-struct1-v2-sftcycle-4b1bc78ddeb31ff8922913120d710c7f.py	11035	372af834ca57e91e603fa30bdc49bc044afc44d062b466a2ce8de52b4c6b79e2
code	/home/s471802/nn-gpt/out/nngpt/new_lemur/nn/rl-bb-struct1-v2-sftcycle-4b2afca74dfd255cfec12336461350cd.py	nn/rl-bb-struct1-v2-sftcycle-4b2afca74dfd255cfec12336461350cd.py	11037	79e4b3a404c63dc13e8bb99ee4ef2942ecf1a2e5b069d288982e80f685af4c1f
code	/home/s471802/nn-gpt/out/nngpt/new_lemur/nn/rl-bb-struct1-v2-sftcycle-4b62552e0aa073690e6cfde32a4cee10.py	nn/rl-bb-struct1-v2-sftcycle-4b62552e0aa073690e6cfde32a4cee10.py	11032	2c80c6f84465698662f9e384a6306ee781416bff0b39576e45ef77f8a5229acc
code	/home/s471802/nn-gpt/out/nngpt/new_lemur/nn/rl-bb-struct1-v2-sftcycle-4bbc0676e019b71a27ea90916c691684.py	nn/rl-bb-struct1-v2-sftcycle-4bbc0676e019b71a27ea90916c691684.py	11117	2f560c71406b8a4bf992004d3b97bfdb54b680cc77e4694543a96867fce78986
code	/home/s471802/nn-gpt/out/nngpt/new_lemur/nn/rl-bb-struct1-v2-sftcycle-4dff4fd66e09182f100f8b13711f3f53.py	nn/rl-bb-struct1-v2-sftcycle-4dff4fd66e09182f100f8b13711f3f53.py	10946	a18d6fd95108fdc084a2bf14d9753d664fd3e582038b17c69c2b34b4ae3d4ee3
code	/home/s471802/nn-gpt/out/nngpt/new_lemur/nn/rl-bb-struct1-v2-sftcycle-4e2252bfb9ae7f7d58209cfcfe6aeb69.py	nn/rl-bb-struct1-v2-sftcycle-4e2252bfb9ae7f7d58209cfcfe6aeb69.py	10922	3c435bb3694e2a0a9ae77694ac0994a693327f43dde562bdd5c5fcb660476b1f
code	/home/s471802/nn-gpt/out/nngpt/new_lemur/nn/rl-bb-struct1-v2-sftcycle-4e915c06a66b7910c815155b00d960e1.py	nn/rl-bb-struct1-v2-sftcycle-4e915c06a66b7910c815155b00d960e1.py	10988	1fcd17dfee645c580240c40cf0af0f7f2805c2ade5d215a4d6f96237907da6fb
code	/home/s471802/nn-gpt/out/nngpt/new_lemur/nn/rl-bb-struct1-v2-sftcycle-4eb3e6016a912e9e9eead95c1e209db5.py	nn/rl-bb-struct1-v2-sftcycle-4eb3e6016a912e9e9eead95c1e209db5.py	10937	47b10f10b05a079f3bd8f382e041469d28e1e12f9c9afc93e9c7f15f3576a4ae
code	/home/s471802/nn-gpt/out/nngpt/new_lemur/nn/rl-bb-struct1-v2-sftcycle-4eb6d570dbc1f0aa886bb922464f343f.py	nn/rl-bb-struct1-v2-sftcycle-4eb6d570dbc1f0aa886bb922464f343f.py	11076	a0c302087c18cd02135a9607a4bbf4fdafbec80bbe9ac07df9430c21406d4b76
code	/home/s471802/nn-gpt/out/nngpt/new_lemur/nn/rl-bb-struct1-v2-sftcycle-4f064e7d7be78372b582bd91edfe0598.py	nn/rl-bb-struct1-v2-sftcycle-4f064e7d7be78372b582bd91edfe0598.py	11120	a45acabf38f78ff5772125a35c6f98f4979ef6d9ca80fc93ce243807662338dd
code	/home/s471802/nn-gpt/out/nngpt/new_lemur/nn/rl-bb-struct1-v2-sftcycle-4f241b26fcac2df82a9c5c65a1d74496.py	nn/rl-bb-struct1-v2-sftcycle-4f241b26fcac2df82a9c5c65a1d74496.py	11358	4043f5c9f4a973c900fc3d300f9b52580a9af9fac420d85ae3fd25b6e9333058
code	/home/s471802/nn-gpt/out/nngpt/new_lemur/nn/rl-bb-struct1-v2-sftcycle-4f52cadbf5722b019d47f0ae2bd65633.py	nn/rl-bb-struct1-v2-sftcycle-4f52cadbf5722b019d47f0ae2bd65633.py	11036	1564b70313bd42770f79b4fb802b537756982923ff52f1fd2e0892fca4ffe922
code	/home/s471802/nn-gpt/out/nngpt/new_lemur/nn/rl-bb-struct1-v2-sftcycle-4fa1f57a6cf5d50e78692a25b5ac80ac.py	nn/rl-bb-struct1-v2-sftcycle-4fa1f57a6cf5d50e78692a25b5ac80ac.py	11015	bf85569dbd5d5c0bb75c0c1b0ba5147b63dd013977f75c0c7af1a35dc8402ba1
code	/home/s471802/nn-gpt/out/nngpt/new_lemur/nn/rl-bb-struct1-v2-sftcycle-50c234fd79830830826e6b12f9e0cac3.py	nn/rl-bb-struct1-v2-sftcycle-50c234fd79830830826e6b12f9e0cac3.py	10975	940a2fde1765e39fc86916faa24e48b164acf5bfe7f8f06f4505b808dbb11f55
code	/home/s471802/nn-gpt/out/nngpt/new_lemur/nn/rl-bb-struct1-v2-sftcycle-512b4eda8923f6c72c36caef0efb19a3.py	nn/rl-bb-struct1-v2-sftcycle-512b4eda8923f6c72c36caef0efb19a3.py	11081	068aa86d799db471ef15662e7616a250aab448bc978a221f2a166ee9d875141f
code	/home/s471802/nn-gpt/out/nngpt/new_lemur/nn/rl-bb-struct1-v2-sftcycle-512d0d10e4c41d16b0551e47fdbad158.py	nn/rl-bb-struct1-v2-sftcycle-512d0d10e4c41d16b0551e47fdbad158.py	11010	d18d1bfb8762e512999951faf034bbab92dfce71ad3c41b85af57db20c81542d
code	/home/s471802/nn-gpt/out/nngpt/new_lemur/nn/rl-bb-struct1-v2-sftcycle-51b19dee363add9a7a42523bd79ca06c.py	nn/rl-bb-struct1-v2-sftcycle-51b19dee363add9a7a42523bd79ca06c.py	11027	a113a05ea608d9a878b26edf97998f4b6875ba078d98eb367c06c4041d593330
code	/home/s471802/nn-gpt/out/nngpt/new_lemur/nn/rl-bb-struct1-v2-sftcycle-52b2eda3cd6e527084a38c79dbb189a8.py	nn/rl-bb-struct1-v2-sftcycle-52b2eda3cd6e527084a38c79dbb189a8.py	11013	73d17a1398276b3208b932e872639365739066608912ea1c6ab50569eb6ec25a
code	/home/s471802/nn-gpt/out/nngpt/new_lemur/nn/rl-bb-struct1-v2-sftcycle-53bd5b6076f8dfa67dcc31f230706cd2.py	nn/rl-bb-struct1-v2-sftcycle-53bd5b6076f8dfa67dcc31f230706cd2.py	11079	0e627f814f88b3299d5951d22d6f85ea15a1244bd6413794c18afdd5f7080d84
code	/home/s471802/nn-gpt/out/nngpt/new_lemur/nn/rl-bb-struct1-v2-sftcycle-5425473968bf337df229a2e513c20b89.py	nn/rl-bb-struct1-v2-sftcycle-5425473968bf337df229a2e513c20b89.py	11010	37d31e20b8d9ffe7e5b44684e0ba1a16626ce128c32f2121c61034b83c004a53
code	/home/s471802/nn-gpt/out/nngpt/new_lemur/nn/rl-bb-struct1-v2-sftcycle-5437d40a9ae06f1107fd38625d21a224.py	nn/rl-bb-struct1-v2-sftcycle-5437d40a9ae06f1107fd38625d21a224.py	11077	685af56dd7c8b1aa0961b509a94245f2583188de424241bb65b9454ba49dc766
code	/home/s471802/nn-gpt/out/nngpt/new_lemur/nn/rl-bb-struct1-v2-sftcycle-544fd512c5b67e4967af15c8eea6c755.py	nn/rl-bb-struct1-v2-sftcycle-544fd512c5b67e4967af15c8eea6c755.py	10958	6913fc536ea0eb08eed354227f58d57e0301768d2f07a569fb21e049bd08a426
code	/home/s471802/nn-gpt/out/nngpt/new_lemur/nn/rl-bb-struct1-v2-sftcycle-55ccac0c83ad9f73900dcc848a439444.py	nn/rl-bb-struct1-v2-sftcycle-55ccac0c83ad9f73900dcc848a439444.py	10988	a997987a23ae2e1c8a5be1f3ff40221c0cf58910e9f1d6bbab0c31476b4e0599
code	/home/s471802/nn-gpt/out/nngpt/new_lemur/nn/rl-bb-struct1-v2-sftcycle-56b70931ae85b5e48751b6995bba5417.py	nn/rl-bb-struct1-v2-sftcycle-56b70931ae85b5e48751b6995bba5417.py	11026	9415c23b7bb9e3dd93657eef06933a41ad9b57e7b040dff91e2d9a163ddebed7
code	/home/s471802/nn-gpt/out/nngpt/new_lemur/nn/rl-bb-struct1-v2-sftcycle-56fe292a4ef947475f0ae220eb164e85.py	nn/rl-bb-struct1-v2-sftcycle-56fe292a4ef947475f0ae220eb164e85.py	11125	b701c96021d265020e210a243ced830eee307bfc87c22cb04149c033fb730048
code	/home/s471802/nn-gpt/out/nngpt/new_lemur/nn/rl-bb-struct1-v2-sftcycle-57290e0bea67b7eaced890e9bf80604a.py	nn/rl-bb-struct1-v2-sftcycle-57290e0bea67b7eaced890e9bf80604a.py	10992	14373e3462d67fac751ee42400d23e3e6003aa9f4df55c43503b2f56b1c9c33c
code	/home/s471802/nn-gpt/out/nngpt/new_lemur/nn/rl-bb-struct1-v2-sftcycle-576a90439dea885193e462e66eac6692.py	nn/rl-bb-struct1-v2-sftcycle-576a90439dea885193e462e66eac6692.py	10895	92625225768037c6462e4f8c32541b02f8ebb750e86a628802300faef3daf15b
code	/home/s471802/nn-gpt/out/nngpt/new_lemur/nn/rl-bb-struct1-v2-sftcycle-584851bdd8cb4584aab694d50b2acf6c.py	nn/rl-bb-struct1-v2-sftcycle-584851bdd8cb4584aab694d50b2acf6c.py	11022	049bff24b679d2e3672f2a35fa04522dd531cf326aaa94cd7c425966c64e0096
code	/home/s471802/nn-gpt/out/nngpt/new_lemur/nn/rl-bb-struct1-v2-sftcycle-58a84c65fdb8a99960a803af65029f65.py	nn/rl-bb-struct1-v2-sftcycle-58a84c65fdb8a99960a803af65029f65.py	11021	a77de50195076627fca86310b9d8ab078f8ce8d35162aacf5f751f24ed1bc090
code	/home/s471802/nn-gpt/out/nngpt/new_lemur/nn/rl-bb-struct1-v2-sftcycle-58ff391e8d4015f682916570f9b7f83f.py	nn/rl-bb-struct1-v2-sftcycle-58ff391e8d4015f682916570f9b7f83f.py	11023	6f503a80143938ea7483fb4a19affb0a5ac5150afcb370d52d40ef0062315bef
code	/home/s471802/nn-gpt/out/nngpt/new_lemur/nn/rl-bb-struct1-v2-sftcycle-5923f762be4219f9ceff90727717d277.py	nn/rl-bb-struct1-v2-sftcycle-5923f762be4219f9ceff90727717d277.py	11069	c15c4ab2012774e7fe958548bed4ff478794a9b1e756da5c02be0a3ef8203f5b
code	/home/s471802/nn-gpt/out/nngpt/new_lemur/nn/rl-bb-struct1-v2-sftcycle-5a374d0b506e6de5db7b23874dcdf634.py	nn/rl-bb-struct1-v2-sftcycle-5a374d0b506e6de5db7b23874dcdf634.py	10221	c4ecac6ac7621514bba0ecce4149cc5320fd8018c98302924a2d8250ab07e157
code	/home/s471802/nn-gpt/out/nngpt/new_lemur/nn/rl-bb-struct1-v2-sftcycle-5a38182e3b62ea96e23ec556ec41d0c8.py	nn/rl-bb-struct1-v2-sftcycle-5a38182e3b62ea96e23ec556ec41d0c8.py	10925	8d6195f99e57cf6cffe6dd3beefa4343b1f7c9eca77be70ea020724a27a6ddbd
code	/home/s471802/nn-gpt/out/nngpt/new_lemur/nn/rl-bb-struct1-v2-sftcycle-5b268afab416a4f2766d542c2caff63e.py	nn/rl-bb-struct1-v2-sftcycle-5b268afab416a4f2766d542c2caff63e.py	11015	360bce12e4d8de6e2270043e03477427d101619b26a35e5d300ab6ffeec7bab6
code	/home/s471802/nn-gpt/out/nngpt/new_lemur/nn/rl-bb-struct1-v2-sftcycle-5b2c074141f08338a28cfefabfb0a353.py	nn/rl-bb-struct1-v2-sftcycle-5b2c074141f08338a28cfefabfb0a353.py	10932	9dace7380e31134cc619465ebb6dad1cb15ddfe46c47b596e4afac83ba58dd1a
code	/home/s471802/nn-gpt/out/nngpt/new_lemur/nn/rl-bb-struct1-v2-sftcycle-5b433bed608744c3e804326f8a7a1497.py	nn/rl-bb-struct1-v2-sftcycle-5b433bed608744c3e804326f8a7a1497.py	10929	2ab509923d2ddd2272391099ccfe938cccf086138a59d247bb1e321767f1f200
code	/home/s471802/nn-gpt/out/nngpt/new_lemur/nn/rl-bb-struct1-v2-sftcycle-5b573d0a6abec2fa90175316b4c9a808.py	nn/rl-bb-struct1-v2-sftcycle-5b573d0a6abec2fa90175316b4c9a808.py	10903	c8826c4671a79baa6c9a126ce06d262614e5da7afc4f621774ca64efd15a89a9
code	/home/s471802/nn-gpt/out/nngpt/new_lemur/nn/rl-bb-struct1-v2-sftcycle-5bd7e532c664ba65cd10b31269cdd3d7.py	nn/rl-bb-struct1-v2-sftcycle-5bd7e532c664ba65cd10b31269cdd3d7.py	11035	5f36e8f718ceb9dd97cb85ea77b577ac39609e990190d5a560ea4bda54db0e8f
code	/home/s471802/nn-gpt/out/nngpt/new_lemur/nn/rl-bb-struct1-v2-sftcycle-5bfc35c511d10ffb014f33cc026d77ba.py	nn/rl-bb-struct1-v2-sftcycle-5bfc35c511d10ffb014f33cc026d77ba.py	10984	d4fa25fae7b4dab4b7fc0281b6bcde14f5b5c31f7712d625fdd3ebc5a628599c
code	/home/s471802/nn-gpt/out/nngpt/new_lemur/nn/rl-bb-struct1-v2-sftcycle-5c4e81cede99974023080fb619a58b08.py	nn/rl-bb-struct1-v2-sftcycle-5c4e81cede99974023080fb619a58b08.py	10946	a400192b65797cabe024e7d5b4cb1838461e880ed912db215f30eee33d642921
code	/home/s471802/nn-gpt/out/nngpt/new_lemur/nn/rl-bb-struct1-v2-sftcycle-5ccb783a1a0d2026a8896ebd93db8e48.py	nn/rl-bb-struct1-v2-sftcycle-5ccb783a1a0d2026a8896ebd93db8e48.py	10998	ea2ecc1a6c9b458a5ca566e5772fe7994e2f5872682fc032677175eceef9b42d
code	/home/s471802/nn-gpt/out/nngpt/new_lemur/nn/rl-bb-struct1-v2-sftcycle-5cd3f95fc4d6deba432660c00d01b3b3.py	nn/rl-bb-struct1-v2-sftcycle-5cd3f95fc4d6deba432660c00d01b3b3.py	11093	42cf6296f27ed8aa09b4162b08848356d79802f35253f2be669f9f8a4a9af90b
code	/home/s471802/nn-gpt/out/nngpt/new_lemur/nn/rl-bb-struct1-v2-sftcycle-5db0fc0c6ec45112dcf2fb2ee7b9e4cf.py	nn/rl-bb-struct1-v2-sftcycle-5db0fc0c6ec45112dcf2fb2ee7b9e4cf.py	11058	710a7272a84b61105e6b00087e9d58df73350ca40d2362322b88e9cda6168c8a
code	/home/s471802/nn-gpt/out/nngpt/new_lemur/nn/rl-bb-struct1-v2-sftcycle-5ddeecfe6e1f872ad6034ff8277b5917.py	nn/rl-bb-struct1-v2-sftcycle-5ddeecfe6e1f872ad6034ff8277b5917.py	10936	00a4b333279ce6f201e45a45d15ae88dbe3d6c23acb206239434a57d6558ae4e
code	/home/s471802/nn-gpt/out/nngpt/new_lemur/nn/rl-bb-struct1-v2-sftcycle-5ea1d752993c2f887efc7674af749969.py	nn/rl-bb-struct1-v2-sftcycle-5ea1d752993c2f887efc7674af749969.py	10997	ae6763f5d5172bb3beefe5488dba5d2f05afebdb29235e80c5676eae39dfdc61
code	/home/s471802/nn-gpt/out/nngpt/new_lemur/nn/rl-bb-struct1-v2-sftcycle-5f9fccf6b94dfe2627b53841e3f7e35b.py	nn/rl-bb-struct1-v2-sftcycle-5f9fccf6b94dfe2627b53841e3f7e35b.py	11088	b4432645426495f607b69caeae6dc8922b86b901fb0a374dde14ddc0afd76f04
code	/home/s471802/nn-gpt/out/nngpt/new_lemur/nn/rl-bb-struct1-v2-sftcycle-5ff71b71644deb95de38c0cb4cf77b6f.py	nn/rl-bb-struct1-v2-sftcycle-5ff71b71644deb95de38c0cb4cf77b6f.py	10923	980e4859e4f085f36800b2a6bc6b1d0c1a4a6fd03e53de22b5d775229e449ec1
code	/home/s471802/nn-gpt/out/nngpt/new_lemur/nn/rl-bb-struct1-v2-sftcycle-6103c2b876db481336195ed129520525.py	nn/rl-bb-struct1-v2-sftcycle-6103c2b876db481336195ed129520525.py	11094	c4a0520e90ee54ee4d06bc7a2011e6cd3f898eb867a7621f85a8ee27456566dc
code	/home/s471802/nn-gpt/out/nngpt/new_lemur/nn/rl-bb-struct1-v2-sftcycle-6158e1754b07995788ea4a201b7d0feb.py	nn/rl-bb-struct1-v2-sftcycle-6158e1754b07995788ea4a201b7d0feb.py	11087	b4118ef4cf099ed7014762745ca87069137dccd263ec1d2100bc843c992978cf
code	/home/s471802/nn-gpt/out/nngpt/new_lemur/nn/rl-bb-struct1-v2-sftcycle-616ce197c70bbae75fe4947f3b2c435e.py	nn/rl-bb-struct1-v2-sftcycle-616ce197c70bbae75fe4947f3b2c435e.py	10969	f0bbda6022da1265f63844260fcc8c27672ca82efa1c0bee9a9e22e4c300b692
code	/home/s471802/nn-gpt/out/nngpt/new_lemur/nn/rl-bb-struct1-v2-sftcycle-6189940960b4b531c487e8ad1bcd1bf7.py	nn/rl-bb-struct1-v2-sftcycle-6189940960b4b531c487e8ad1bcd1bf7.py	10975	12418c5f7153eb73e735fee2619cd2fd5a2fb111606b6721854ef91bbd17d5f6
code	/home/s471802/nn-gpt/out/nngpt/new_lemur/nn/rl-bb-struct1-v2-sftcycle-621b13f40a3ebc79dfc8270a7b761e1f.py	nn/rl-bb-struct1-v2-sftcycle-621b13f40a3ebc79dfc8270a7b761e1f.py	11047	fe166bca24e013606825ce41123a1ad4948236c694fc9f55c919761a970e2458
code	/home/s471802/nn-gpt/out/nngpt/new_lemur/nn/rl-bb-struct1-v2-sftcycle-62478ccdc17c2e3aa7ba8eab1e8bf43f.py	nn/rl-bb-struct1-v2-sftcycle-62478ccdc17c2e3aa7ba8eab1e8bf43f.py	11032	472ce4813dfcb9b72ac1114c993fca1734e1f4dd336c29df9a3805e9d4b39a99
code	/home/s471802/nn-gpt/out/nngpt/new_lemur/nn/rl-bb-struct1-v2-sftcycle-62a3462e06a755c33bf04bdb7c8bac3e.py	nn/rl-bb-struct1-v2-sftcycle-62a3462e06a755c33bf04bdb7c8bac3e.py	10999	1d2f9d27ee8e8b730993ce7eb2cad79f1f19a52f2e80e2c7caeab214dd36ee3b
code	/home/s471802/nn-gpt/out/nngpt/new_lemur/nn/rl-bb-struct1-v2-sftcycle-6349a6406619ba6cdde840c19fe93313.py	nn/rl-bb-struct1-v2-sftcycle-6349a6406619ba6cdde840c19fe93313.py	11034	1344cc7baa4d0d1d3e1bf6eb68c037fd7ae487c9c9d1ef66d7055c3fe6d9f651
code	/home/s471802/nn-gpt/out/nngpt/new_lemur/nn/rl-bb-struct1-v2-sftcycle-63cb22b99745cc78f09fbb7489a23e47.py	nn/rl-bb-struct1-v2-sftcycle-63cb22b99745cc78f09fbb7489a23e47.py	10927	89f2146b49136c7d4c52b503cb8ca11a32aa43bb05d85e271e5e44bd2257534e
code	/home/s471802/nn-gpt/out/nngpt/new_lemur/nn/rl-bb-struct1-v2-sftcycle-6474f490d3f808084610bbd142879c43.py	nn/rl-bb-struct1-v2-sftcycle-6474f490d3f808084610bbd142879c43.py	11016	eaa2e9bcc03749395f71bad91a1c526639a1514f0cea252fe0a728e1cad3bc48
code	/home/s471802/nn-gpt/out/nngpt/new_lemur/nn/rl-bb-struct1-v2-sftcycle-647ef148cb6a062e4673d3cfcc7c984a.py	nn/rl-bb-struct1-v2-sftcycle-647ef148cb6a062e4673d3cfcc7c984a.py	10998	c747d62bb559e9476d621cc8a46f45310a3459e78e38dc6a2edc877f1f72f36c
code	/home/s471802/nn-gpt/out/nngpt/new_lemur/nn/rl-bb-struct1-v2-sftcycle-6487e540987e5d61cef76dba96b2b4a5.py	nn/rl-bb-struct1-v2-sftcycle-6487e540987e5d61cef76dba96b2b4a5.py	10975	66bd283a4c7ff75807160ae266cc04b21640f35509c3794de90ddd3e7d0e8a9f
code	/home/s471802/nn-gpt/out/nngpt/new_lemur/nn/rl-bb-struct1-v2-sftcycle-64998e5e9c1e4ebb74b7f23edec11ff2.py	nn/rl-bb-struct1-v2-sftcycle-64998e5e9c1e4ebb74b7f23edec11ff2.py	11155	f06740bcf2ecdfe8e4982bedea35fe8db5a95f6499b50787ddf3e1e1f6339093
code	/home/s471802/nn-gpt/out/nngpt/new_lemur/nn/rl-bb-struct1-v2-sftcycle-65a3bf400d9e867af4a6f28db16c60a0.py	nn/rl-bb-struct1-v2-sftcycle-65a3bf400d9e867af4a6f28db16c60a0.py	10903	7e78bb86063022aa1a3519f34ee07bf9bd8a2d30ef9bff7e92c0cb5c68a84595
code	/home/s471802/nn-gpt/out/nngpt/new_lemur/nn/rl-bb-struct1-v2-sftcycle-65a96f58d1d15ac6e64a37bd5e1865c9.py	nn/rl-bb-struct1-v2-sftcycle-65a96f58d1d15ac6e64a37bd5e1865c9.py	10973	3be66674ed7f1533b014dbe51ce0c0efb8f50d7d7d9f3a7f9f8b4092e107fc57
code	/home/s471802/nn-gpt/out/nngpt/new_lemur/nn/rl-bb-struct1-v2-sftcycle-6674f8167c44dc306fac7577403ec8bb.py	nn/rl-bb-struct1-v2-sftcycle-6674f8167c44dc306fac7577403ec8bb.py	11196	596f928b6db4b61736f8c8d67895557f8fc761df9fa1b498d6d19bfb1d4b9370
code	/home/s471802/nn-gpt/out/nngpt/new_lemur/nn/rl-bb-struct1-v2-sftcycle-66db2a768e0760d7fb979079f41d9775.py	nn/rl-bb-struct1-v2-sftcycle-66db2a768e0760d7fb979079f41d9775.py	11170	59d81ee494d7b7bfe8d5213dad69417e40f6124ca8c9e403f8df3eace6caf626
code	/home/s471802/nn-gpt/out/nngpt/new_lemur/nn/rl-bb-struct1-v2-sftcycle-66f57bd00fd8c21629bf7ec4546e907e.py	nn/rl-bb-struct1-v2-sftcycle-66f57bd00fd8c21629bf7ec4546e907e.py	11112	b1bd93b21d3ead3aac6e83996b3922e858282423fb41deed446d063569be1f56
code	/home/s471802/nn-gpt/out/nngpt/new_lemur/nn/rl-bb-struct1-v2-sftcycle-678ad553b101c188220dbb525dc6dfa7.py	nn/rl-bb-struct1-v2-sftcycle-678ad553b101c188220dbb525dc6dfa7.py	10919	eb42dc001e3d6843e334309ad52d4d1b4fd52f9c013f507253207e42f6f1a184
code	/home/s471802/nn-gpt/out/nngpt/new_lemur/nn/rl-bb-struct1-v2-sftcycle-67c314810425212873c75a08b075c04a.py	nn/rl-bb-struct1-v2-sftcycle-67c314810425212873c75a08b075c04a.py	11001	ccfe06ca4c208a8d34a077bedd12a7653785abe9392417ee4a55492df1230a65
code	/home/s471802/nn-gpt/out/nngpt/new_lemur/nn/rl-bb-struct1-v2-sftcycle-686f8a9a87bcb79edc412dd30e9cfe50.py	nn/rl-bb-struct1-v2-sftcycle-686f8a9a87bcb79edc412dd30e9cfe50.py	11030	9920002a7f79bf580b7ce8388de591ff0c989db41c10d430191377d6aa6147d5
code	/home/s471802/nn-gpt/out/nngpt/new_lemur/nn/rl-bb-struct1-v2-sftcycle-69b5331715b935f607a87d591c8fd5f2.py	nn/rl-bb-struct1-v2-sftcycle-69b5331715b935f607a87d591c8fd5f2.py	10995	501953050911cb4990a1723a69dcce72403fac99790c9c6ba8060836703fd654
code	/home/s471802/nn-gpt/out/nngpt/new_lemur/nn/rl-bb-struct1-v2-sftcycle-69ccc060bd6ab42f602ffb9fa585dee6.py	nn/rl-bb-struct1-v2-sftcycle-69ccc060bd6ab42f602ffb9fa585dee6.py	11146	c6f746d47bffe6bf3a86d56a61c0efa423e1ba07da9ff72c67dfe737c18409d0
code	/home/s471802/nn-gpt/out/nngpt/new_lemur/nn/rl-bb-struct1-v2-sftcycle-6abd3423286f00a766acfe6086d033f1.py	nn/rl-bb-struct1-v2-sftcycle-6abd3423286f00a766acfe6086d033f1.py	10985	078e3c73d02a169e44aa99d5e3e05de8831282816829bf220513ee30dbfe83f1
code	/home/s471802/nn-gpt/out/nngpt/new_lemur/nn/rl-bb-struct1-v2-sftcycle-6b55064df6c202c353400b488b863d60.py	nn/rl-bb-struct1-v2-sftcycle-6b55064df6c202c353400b488b863d60.py	11092	a9ed652f68b92fab4019815eb84311a9bc5616363570249474ef7d65a81d6587
code	/home/s471802/nn-gpt/out/nngpt/new_lemur/nn/rl-bb-struct1-v2-sftcycle-6b96dffb546910affaba0e558d595879.py	nn/rl-bb-struct1-v2-sftcycle-6b96dffb546910affaba0e558d595879.py	10978	076d7007fd407555c33c620f0592ea1c3ab54e08984ccad7ad939de8bd04555e
code	/home/s471802/nn-gpt/out/nngpt/new_lemur/nn/rl-bb-struct1-v2-sftcycle-6c327730a58a5a0df975b309eefa344a.py	nn/rl-bb-struct1-v2-sftcycle-6c327730a58a5a0df975b309eefa344a.py	11077	e709c793c8a7ae1b2c6e8f2f1c88207309dd1b0f4dabcbc3aa3efd5ef4d46ac1
code	/home/s471802/nn-gpt/out/nngpt/new_lemur/nn/rl-bb-struct1-v2-sftcycle-6ca3ede1577afa3f8006fbc92f706385.py	nn/rl-bb-struct1-v2-sftcycle-6ca3ede1577afa3f8006fbc92f706385.py	10959	464de703797f08c4900d32c0beab87e96c9f67598a0b1416136c64981786f631
code	/home/s471802/nn-gpt/out/nngpt/new_lemur/nn/rl-bb-struct1-v2-sftcycle-6ca5892c8f951797fbf586c99dd202a2.py	nn/rl-bb-struct1-v2-sftcycle-6ca5892c8f951797fbf586c99dd202a2.py	11058	096c6dfc4d5d1679abd980f18f7a5c037fb2f1c214dd7722105b96697051ec82
code	/home/s471802/nn-gpt/out/nngpt/new_lemur/nn/rl-bb-struct1-v2-sftcycle-6e82e1960a52d9cf68b3f2c8f5b2c505.py	nn/rl-bb-struct1-v2-sftcycle-6e82e1960a52d9cf68b3f2c8f5b2c505.py	11002	1c51d382fa52a5339879e6637f4913bccb811dfaa042749326d40cc24cc3eabd
code	/home/s471802/nn-gpt/out/nngpt/new_lemur/nn/rl-bb-struct1-v2-sftcycle-6f385289a22fa4c03f7a40ce3b9638e1.py	nn/rl-bb-struct1-v2-sftcycle-6f385289a22fa4c03f7a40ce3b9638e1.py	10988	7ee6ca7d3c6fbfe655aa8900bdb623c07c189e00e7a90ad96726dab19747a4c8
code	/home/s471802/nn-gpt/out/nngpt/new_lemur/nn/rl-bb-struct1-v2-sftcycle-7081eecea4fe738cc73563faa4f97eac.py	nn/rl-bb-struct1-v2-sftcycle-7081eecea4fe738cc73563faa4f97eac.py	11022	9829131331643bcf60da99c093622ea14abcac1c85030b95149ff532d71d95f8
code	/home/s471802/nn-gpt/out/nngpt/new_lemur/nn/rl-bb-struct1-v2-sftcycle-719490a5ae61a4b393449489794c27fd.py	nn/rl-bb-struct1-v2-sftcycle-719490a5ae61a4b393449489794c27fd.py	10915	c397d4c118896776662246b78d7fd48eb9096a345a450073b91120a721b67eeb
code	/home/s471802/nn-gpt/out/nngpt/new_lemur/nn/rl-bb-struct1-v2-sftcycle-727664727ee1c2c1a0f188fd7d8a9a39.py	nn/rl-bb-struct1-v2-sftcycle-727664727ee1c2c1a0f188fd7d8a9a39.py	11049	4596a36b16d18b45ee43fddd13d4bdb2834adc54b82df8b2e73dfed6da5cc4c7
code	/home/s471802/nn-gpt/out/nngpt/new_lemur/nn/rl-bb-struct1-v2-sftcycle-72dc58eff0b736357364c29c0684e520.py	nn/rl-bb-struct1-v2-sftcycle-72dc58eff0b736357364c29c0684e520.py	10973	6a90d56a9b79fe500e9b700b7c4c0c54be0b30e1cfa26ae48af867ed5d63e59a
code	/home/s471802/nn-gpt/out/nngpt/new_lemur/nn/rl-bb-struct1-v2-sftcycle-7300dce0366a928210687d08f486f78f.py	nn/rl-bb-struct1-v2-sftcycle-7300dce0366a928210687d08f486f78f.py	11067	fd3f2f814fa29c241884decbed5c06218f5ea999bb4d6595742ea3219d0ab30b
code	/home/s471802/nn-gpt/out/nngpt/new_lemur/nn/rl-bb-struct1-v2-sftcycle-738bd5ffbc9af4d99de1e05a1b11f160.py	nn/rl-bb-struct1-v2-sftcycle-738bd5ffbc9af4d99de1e05a1b11f160.py	10991	560e5f4a2e88948eb8fd13b57e15518c60ea1a1f6336218cef3d8c6172fc83b4
code	/home/s471802/nn-gpt/out/nngpt/new_lemur/nn/rl-bb-struct1-v2-sftcycle-753dc56cb3c85c3b1db2d1dcefeeb801.py	nn/rl-bb-struct1-v2-sftcycle-753dc56cb3c85c3b1db2d1dcefeeb801.py	11060	8461342c14258a7824f424c8975909c5f39cda7c95bb6e7ead4854a81cd002ba
code	/home/s471802/nn-gpt/out/nngpt/new_lemur/nn/rl-bb-struct1-v2-sftcycle-768e9114648ba82c1c97cb28cd6b643c.py	nn/rl-bb-struct1-v2-sftcycle-768e9114648ba82c1c97cb28cd6b643c.py	11110	504b2eb55e081ce709f23a3e61f9c040a2dfc00194a8a4a2434b0db625b8bc11
code	/home/s471802/nn-gpt/out/nngpt/new_lemur/nn/rl-bb-struct1-v2-sftcycle-77bda8cae4a063516af701bf6a292af5.py	nn/rl-bb-struct1-v2-sftcycle-77bda8cae4a063516af701bf6a292af5.py	11013	b64ac4efddffcaf6fa8bc753226647565899374a44ed15d87650a82db64a56c9
code	/home/s471802/nn-gpt/out/nngpt/new_lemur/nn/rl-bb-struct1-v2-sftcycle-77dfe6c85df414eebaf3608720f024e1.py	nn/rl-bb-struct1-v2-sftcycle-77dfe6c85df414eebaf3608720f024e1.py	11043	db477565f3e7d56e88a7d8738a5e663de70d2943e4d15592b0f686f23771355f
code	/home/s471802/nn-gpt/out/nngpt/new_lemur/nn/rl-bb-struct1-v2-sftcycle-7834493fc58a87f4e64461e120a23080.py	nn/rl-bb-struct1-v2-sftcycle-7834493fc58a87f4e64461e120a23080.py	11009	ca6c35fdc0f7193127133e2310460915d4944c69fd4e3086e2a9a84ee9cda184
code	/home/s471802/nn-gpt/out/nngpt/new_lemur/nn/rl-bb-struct1-v2-sftcycle-783c028790f3775e1b1d96d0d0495679.py	nn/rl-bb-struct1-v2-sftcycle-783c028790f3775e1b1d96d0d0495679.py	10997	f3353d835d668df619c73b4e8e8761719d74ac8cc4accbc3cf19492ee1a3c85f
code	/home/s471802/nn-gpt/out/nngpt/new_lemur/nn/rl-bb-struct1-v2-sftcycle-78422787338a3672c0faaa4fb8345c29.py	nn/rl-bb-struct1-v2-sftcycle-78422787338a3672c0faaa4fb8345c29.py	11065	8aac41795b74bf1c98b6d8ebe5634f0c3b6fdf42146d123d48c313a4f5e4fbea
code	/home/s471802/nn-gpt/out/nngpt/new_lemur/nn/rl-bb-struct1-v2-sftcycle-7864844664846ea93cf75853e5ebb476.py	nn/rl-bb-struct1-v2-sftcycle-7864844664846ea93cf75853e5ebb476.py	11005	3c06699929181cf80802f99d52f898021ad90df876a5c9f2f43030ded8c4aeac
code	/home/s471802/nn-gpt/out/nngpt/new_lemur/nn/rl-bb-struct1-v2-sftcycle-78c90a16202d7a53c3430adc7d488710.py	nn/rl-bb-struct1-v2-sftcycle-78c90a16202d7a53c3430adc7d488710.py	11000	3e519248876285e9ac94e1f17c5767a7afe4f8a00a59e9fdabca790ade0add7c
code	/home/s471802/nn-gpt/out/nngpt/new_lemur/nn/rl-bb-struct1-v2-sftcycle-798891d093d0a44c7ecb4a06e6dad95d.py	nn/rl-bb-struct1-v2-sftcycle-798891d093d0a44c7ecb4a06e6dad95d.py	10896	ad09d847023d508bb5047ca3835a82ba0b223a27d897d85aa610c3f3094ec794
code	/home/s471802/nn-gpt/out/nngpt/new_lemur/nn/rl-bb-struct1-v2-sftcycle-7abe0433851a8aea486f76c3d29aeab3.py	nn/rl-bb-struct1-v2-sftcycle-7abe0433851a8aea486f76c3d29aeab3.py	11012	dd4c33f38e43cb3c6c7586203a68f51935f1c92c10106afa7f0fdcda8f4fb8d6
code	/home/s471802/nn-gpt/out/nngpt/new_lemur/nn/rl-bb-struct1-v2-sftcycle-7b0b7e808ef5d706c2ab10b03c454fb3.py	nn/rl-bb-struct1-v2-sftcycle-7b0b7e808ef5d706c2ab10b03c454fb3.py	10967	391d5306ee8cfa2d50bfeb798c1095ea00e54ff0e7419013877aa77a68ffd344
code	/home/s471802/nn-gpt/out/nngpt/new_lemur/nn/rl-bb-struct1-v2-sftcycle-7b5350b4240cdbe9df09142c7ad1eb14.py	nn/rl-bb-struct1-v2-sftcycle-7b5350b4240cdbe9df09142c7ad1eb14.py	10953	58e0599d1c567d5f65a753c0f942e09d7a3617d173c975dab424e0f8430c618a
code	/home/s471802/nn-gpt/out/nngpt/new_lemur/nn/rl-bb-struct1-v2-sftcycle-7b9fe614dd76be97af99ba11570ed916.py	nn/rl-bb-struct1-v2-sftcycle-7b9fe614dd76be97af99ba11570ed916.py	11105	27dddda7691c645d8aea6c6f566227bdf3d609550c9fa123edcd1d026ceaac43
code	/home/s471802/nn-gpt/out/nngpt/new_lemur/nn/rl-bb-struct1-v2-sftcycle-7bf0220b5e320ce95b2e4372b634094f.py	nn/rl-bb-struct1-v2-sftcycle-7bf0220b5e320ce95b2e4372b634094f.py	11047	9f528d0e859eebb8bdae925a96a5a596f0faf9adfdcb572fc963f81967d51d2b
code	/home/s471802/nn-gpt/out/nngpt/new_lemur/nn/rl-bb-struct1-v2-sftcycle-7c003134047667c5ed73db01bdfb1a88.py	nn/rl-bb-struct1-v2-sftcycle-7c003134047667c5ed73db01bdfb1a88.py	11076	840acac72dbea8ff566e26487e278b99c5421a96fbb3d5deb9e4309e1b075f7a
code	/home/s471802/nn-gpt/out/nngpt/new_lemur/nn/rl-bb-struct1-v2-sftcycle-7c48bd7146b2e61761789c7071c92de5.py	nn/rl-bb-struct1-v2-sftcycle-7c48bd7146b2e61761789c7071c92de5.py	10942	09699010111cbcece61966766ded58f8bb07ed7548401aeda9c0dd991b205302
code	/home/s471802/nn-gpt/out/nngpt/new_lemur/nn/rl-bb-struct1-v2-sftcycle-7c92f34ed568f6fd3a21d57a6474f23b.py	nn/rl-bb-struct1-v2-sftcycle-7c92f34ed568f6fd3a21d57a6474f23b.py	10879	fd8ff4bb40744dcc7d56860bf9b639b7327ba6ab38eb1acc601c8e5550a44d05
code	/home/s471802/nn-gpt/out/nngpt/new_lemur/nn/rl-bb-struct1-v2-sftcycle-7d497974c0fce06dfd508b92354dc07c.py	nn/rl-bb-struct1-v2-sftcycle-7d497974c0fce06dfd508b92354dc07c.py	11101	9599b771167fb7d8e515df04172986b506db99fa3a4e37062f949a535fcfa4b1
code	/home/s471802/nn-gpt/out/nngpt/new_lemur/nn/rl-bb-struct1-v2-sftcycle-7d67e986b01c796b3ef8c5a41287bf25.py	nn/rl-bb-struct1-v2-sftcycle-7d67e986b01c796b3ef8c5a41287bf25.py	11050	b478f110dacf262ed1977b118248d79c93a1d8e8cd93b0d7262802d74cc33b8b
code	/home/s471802/nn-gpt/out/nngpt/new_lemur/nn/rl-bb-struct1-v2-sftcycle-7f1bb981464c42f1b8020b783fd209ab.py	nn/rl-bb-struct1-v2-sftcycle-7f1bb981464c42f1b8020b783fd209ab.py	11021	88d6d9a1077962f44405dc5017d8e77865b9e90b5c7baae2884057606b7bc50c
code	/home/s471802/nn-gpt/out/nngpt/new_lemur/nn/rl-bb-struct1-v2-sftcycle-7fc3c4c27032dadb81ec96eff8825bdd.py	nn/rl-bb-struct1-v2-sftcycle-7fc3c4c27032dadb81ec96eff8825bdd.py	10963	fedb33098a750fd8f4329d711790f5671417bf252786d6c205e2d6154c41049f
code	/home/s471802/nn-gpt/out/nngpt/new_lemur/nn/rl-bb-struct1-v2-sftcycle-7ff003187424813e4101ebd33b6d2af3.py	nn/rl-bb-struct1-v2-sftcycle-7ff003187424813e4101ebd33b6d2af3.py	11085	bacb12b8d501e89a64464934c1a815d98b8c39d0e68d88c03675efee267179ae
code	/home/s471802/nn-gpt/out/nngpt/new_lemur/nn/rl-bb-struct1-v2-sftcycle-810abf87f2940a1d39f1e231b574ff46.py	nn/rl-bb-struct1-v2-sftcycle-810abf87f2940a1d39f1e231b574ff46.py	11119	0fbe1dd45463d909e384ff58ed62fd730177b750cf28682aba6c4c235d3a5740
code	/home/s471802/nn-gpt/out/nngpt/new_lemur/nn/rl-bb-struct1-v2-sftcycle-8198dad7ddc30cf37d1b989f5c6f151e.py	nn/rl-bb-struct1-v2-sftcycle-8198dad7ddc30cf37d1b989f5c6f151e.py	10945	dcb919ee09222aaedb2d9825ce1fe8e28d11f7069a425bb35b7ad611b6e3514c
code	/home/s471802/nn-gpt/out/nngpt/new_lemur/nn/rl-bb-struct1-v2-sftcycle-823caa5dc37c6a7b9fad762aae6776b3.py	nn/rl-bb-struct1-v2-sftcycle-823caa5dc37c6a7b9fad762aae6776b3.py	11088	abb94aa59cb088b29e156381b5a3caf3baeeb38fc044da16e58892a554f54d83
code	/home/s471802/nn-gpt/out/nngpt/new_lemur/nn/rl-bb-struct1-v2-sftcycle-82800e4157075a744d1f94eadaac7b41.py	nn/rl-bb-struct1-v2-sftcycle-82800e4157075a744d1f94eadaac7b41.py	10975	ec609982fa94a9066d8d23e1aee0837bf8da27dc23f519d7b5c23fa96f2f459d
code	/home/s471802/nn-gpt/out/nngpt/new_lemur/nn/rl-bb-struct1-v2-sftcycle-829109f243342145c54c9020002f51a9.py	nn/rl-bb-struct1-v2-sftcycle-829109f243342145c54c9020002f51a9.py	10997	25361eff45882982fe35c21a02592e86948e03c0e0df97431c75a028c742de5c
code	/home/s471802/nn-gpt/out/nngpt/new_lemur/nn/rl-bb-struct1-v2-sftcycle-829b4fd798ec1c7f1ac2ca5e24403b7d.py	nn/rl-bb-struct1-v2-sftcycle-829b4fd798ec1c7f1ac2ca5e24403b7d.py	11009	a00eb4b3e45810cc24ccfb421a2a05a5deab5880eca90a10530206ace21aa36b
code	/home/s471802/nn-gpt/out/nngpt/new_lemur/nn/rl-bb-struct1-v2-sftcycle-83668eaabddcec82eee261393cf7e85d.py	nn/rl-bb-struct1-v2-sftcycle-83668eaabddcec82eee261393cf7e85d.py	10947	6391083593a8e54dca1077ee29e5bddd5e54eb88c51a07291779d33d2b2ddf1c
code	/home/s471802/nn-gpt/out/nngpt/new_lemur/nn/rl-bb-struct1-v2-sftcycle-83d15bd340bac3d249b54fa1a8628782.py	nn/rl-bb-struct1-v2-sftcycle-83d15bd340bac3d249b54fa1a8628782.py	10987	3b55118845bfbff9b8eef876860788ac6d292215e2eee1b42404beebcc95d252
code	/home/s471802/nn-gpt/out/nngpt/new_lemur/nn/rl-bb-struct1-v2-sftcycle-854604fcd3496a0b0d8115a47b69fac1.py	nn/rl-bb-struct1-v2-sftcycle-854604fcd3496a0b0d8115a47b69fac1.py	11000	e65cab6d1fa05d9090a4962efe208f116856e749e0ec8be51a658ab24943146e
code	/home/s471802/nn-gpt/out/nngpt/new_lemur/nn/rl-bb-struct1-v2-sftcycle-85bdf089217da9ebbaf42ca5d0aa9b0e.py	nn/rl-bb-struct1-v2-sftcycle-85bdf089217da9ebbaf42ca5d0aa9b0e.py	11222	89a8b1d5af5fd1946b2c8e9e843776f63b8ceae7982ad4fed43c54ad76670691
code	/home/s471802/nn-gpt/out/nngpt/new_lemur/nn/rl-bb-struct1-v2-sftcycle-85c0f05f175a10f70a792166dd5c9e06.py	nn/rl-bb-struct1-v2-sftcycle-85c0f05f175a10f70a792166dd5c9e06.py	11091	5660c26963293e535f5ab49655fd6d0f05b530ae0c52af94039a7075c5664621
code	/home/s471802/nn-gpt/out/nngpt/new_lemur/nn/rl-bb-struct1-v2-sftcycle-861e592e2dcf53cdbfcac511876ee821.py	nn/rl-bb-struct1-v2-sftcycle-861e592e2dcf53cdbfcac511876ee821.py	11060	88f2573eccdd5905617fbafbd2455670aa51a46ef7e3ec10a7f7799a5d92b0d2
code	/home/s471802/nn-gpt/out/nngpt/new_lemur/nn/rl-bb-struct1-v2-sftcycle-8641a4dbaed2430d236977a623797402.py	nn/rl-bb-struct1-v2-sftcycle-8641a4dbaed2430d236977a623797402.py	10984	ae5d9b69af430173920c08d4b15ca0280814bdede1c7515eb0cf6e5f0f345d14
code	/home/s471802/nn-gpt/out/nngpt/new_lemur/nn/rl-bb-struct1-v2-sftcycle-8651439b33e91bf759f0429a96d30b9a.py	nn/rl-bb-struct1-v2-sftcycle-8651439b33e91bf759f0429a96d30b9a.py	11118	9fa09dff0cc162669c51ee3e24a6c5d63c618a2faba5bf21f728315c47d16ad8
code	/home/s471802/nn-gpt/out/nngpt/new_lemur/nn/rl-bb-struct1-v2-sftcycle-865b7cb986894b10bdfdd1e98dd8dc22.py	nn/rl-bb-struct1-v2-sftcycle-865b7cb986894b10bdfdd1e98dd8dc22.py	11038	82c6eb5e12da892a96df4a82a8260fa52e3bd21b38d3df6d26ed69c95c6fcb18
code	/home/s471802/nn-gpt/out/nngpt/new_lemur/nn/rl-bb-struct1-v2-sftcycle-86c39c0e4fa6623f5ff2ad77a6130f1e.py	nn/rl-bb-struct1-v2-sftcycle-86c39c0e4fa6623f5ff2ad77a6130f1e.py	10376	eb45bb44a3ed20f5e4cb3ac9c214eb1c1e6f75c3b740b8d90054cc56fd8d0068
code	/home/s471802/nn-gpt/out/nngpt/new_lemur/nn/rl-bb-struct1-v2-sftcycle-86ce99d271ed1928d79f3b1ca39fdd71.py	nn/rl-bb-struct1-v2-sftcycle-86ce99d271ed1928d79f3b1ca39fdd71.py	10999	33acd4755d2198583ddf146c99059ef864603029d3466ba88d67610ee061c2f5
code	/home/s471802/nn-gpt/out/nngpt/new_lemur/nn/rl-bb-struct1-v2-sftcycle-8720ae01ca1ad979001a96c12b32743c.py	nn/rl-bb-struct1-v2-sftcycle-8720ae01ca1ad979001a96c12b32743c.py	10966	2c4318f04a16cc84ef2df7f4cb41f68a029fe1b34d98e5b9e0251d0c01b1fcb9
code	/home/s471802/nn-gpt/out/nngpt/new_lemur/nn/rl-bb-struct1-v2-sftcycle-873577b3a87b0c4924388da7e31113cd.py	nn/rl-bb-struct1-v2-sftcycle-873577b3a87b0c4924388da7e31113cd.py	11079	e223e06501f33d0b3d4efcc8fdf05eac5533d657173c5190c80908ed5404c9e2
code	/home/s471802/nn-gpt/out/nngpt/new_lemur/nn/rl-bb-struct1-v2-sftcycle-8764a832059dc592e9ab84ca906522ad.py	nn/rl-bb-struct1-v2-sftcycle-8764a832059dc592e9ab84ca906522ad.py	11042	b914df578a52f511390e491cfbed89f2ae90e5e143fb4185d1d82128449c49e2
code	/home/s471802/nn-gpt/out/nngpt/new_lemur/nn/rl-bb-struct1-v2-sftcycle-8779383f19a636ec516b464442c2a89e.py	nn/rl-bb-struct1-v2-sftcycle-8779383f19a636ec516b464442c2a89e.py	10946	5c1a205d79061924c151c6c453347f35b0175b834f948fb41b02422b9450563b
code	/home/s471802/nn-gpt/out/nngpt/new_lemur/nn/rl-bb-struct1-v2-sftcycle-87863406a1e295a5b88e28e92739d243.py	nn/rl-bb-struct1-v2-sftcycle-87863406a1e295a5b88e28e92739d243.py	11038	90d1687156d335614e17ce4bc4786655087357c3f3731b0ab0eecdbee2be9687
code	/home/s471802/nn-gpt/out/nngpt/new_lemur/nn/rl-bb-struct1-v2-sftcycle-882cbdb23c7bc0d75d4bfd4c1c9def5c.py	nn/rl-bb-struct1-v2-sftcycle-882cbdb23c7bc0d75d4bfd4c1c9def5c.py	10982	dea6413aed6f2acd41c912cbb1af2aab178e96b8001265e14c39f3169f16bbfe
code	/home/s471802/nn-gpt/out/nngpt/new_lemur/nn/rl-bb-struct1-v2-sftcycle-88d9338ec4b91aa1194ab69663e638c8.py	nn/rl-bb-struct1-v2-sftcycle-88d9338ec4b91aa1194ab69663e638c8.py	11073	166b1cf4a17b3750b815014a818bd9d89ccf330b2c37f9c9bf9963966aa36f7c
code	/home/s471802/nn-gpt/out/nngpt/new_lemur/nn/rl-bb-struct1-v2-sftcycle-891ee6b70e16ed73cadac0d935919cc2.py	nn/rl-bb-struct1-v2-sftcycle-891ee6b70e16ed73cadac0d935919cc2.py	11034	e5e29a8955171e0d209b082833047fa26ecb1723f8ed53902df4f3e7a523d3c8
code	/home/s471802/nn-gpt/out/nngpt/new_lemur/nn/rl-bb-struct1-v2-sftcycle-893f66b09bc8e829250c75058b682bdb.py	nn/rl-bb-struct1-v2-sftcycle-893f66b09bc8e829250c75058b682bdb.py	11021	a231c843dce8c0d79b1bedd332f65fca7112245f151cbe3e3208cd0a3c54aa23
code	/home/s471802/nn-gpt/out/nngpt/new_lemur/nn/rl-bb-struct1-v2-sftcycle-89c0b5dc7a1a1eec4130eb8adaded3a0.py	nn/rl-bb-struct1-v2-sftcycle-89c0b5dc7a1a1eec4130eb8adaded3a0.py	11131	3593960f74a2aa1b60e85dea4f532c35c91778d31ee222daf0a466aba6754ba7
code	/home/s471802/nn-gpt/out/nngpt/new_lemur/nn/rl-bb-struct1-v2-sftcycle-89e90adf0d16ca0a79214ac0743cf68c.py	nn/rl-bb-struct1-v2-sftcycle-89e90adf0d16ca0a79214ac0743cf68c.py	11036	8ef9c5eb86ef0d1e8d9af79961be3295c09466c6b5896aa64396022beec6098c
code	/home/s471802/nn-gpt/out/nngpt/new_lemur/nn/rl-bb-struct1-v2-sftcycle-8a250f3fb5b5e7de0e66b2a941ccf0b0.py	nn/rl-bb-struct1-v2-sftcycle-8a250f3fb5b5e7de0e66b2a941ccf0b0.py	11176	e85bce7067ac7a32e2c4154e701e99f7832ae26c8c0d379298c1e08f5b55d13a
code	/home/s471802/nn-gpt/out/nngpt/new_lemur/nn/rl-bb-struct1-v2-sftcycle-8a3bcd82db77353b2139cda5e314fa2b.py	nn/rl-bb-struct1-v2-sftcycle-8a3bcd82db77353b2139cda5e314fa2b.py	10980	22f6cbfd7cbd2da903c9698818c1a18dfe8470bb04415742b3a48052afc607be
code	/home/s471802/nn-gpt/out/nngpt/new_lemur/nn/rl-bb-struct1-v2-sftcycle-8a41072985fdda4bd5b42d838d611d15.py	nn/rl-bb-struct1-v2-sftcycle-8a41072985fdda4bd5b42d838d611d15.py	11036	48fb4c04b92fd25c62a6be8db12b1ceaf6483158777ef8b89a2903c1b9be8715
code	/home/s471802/nn-gpt/out/nngpt/new_lemur/nn/rl-bb-struct1-v2-sftcycle-8a82ac252dffe9956d8652cc5c4cc01e.py	nn/rl-bb-struct1-v2-sftcycle-8a82ac252dffe9956d8652cc5c4cc01e.py	11043	a46c3d0bd000a46f0662cfc2b510adcf5b037a48dcb2f42b6e0120d174836b27
code	/home/s471802/nn-gpt/out/nngpt/new_lemur/nn/rl-bb-struct1-v2-sftcycle-8aced91b74399f38ee838df9c74d28ee.py	nn/rl-bb-struct1-v2-sftcycle-8aced91b74399f38ee838df9c74d28ee.py	11020	37d151b5aecb115b7bc05e5a5b861c178ff0763c0c28420d4efacb99832773c8
code	/home/s471802/nn-gpt/out/nngpt/new_lemur/nn/rl-bb-struct1-v2-sftcycle-8ba7c6d1970b90c1d1dca4fe0ff770ca.py	nn/rl-bb-struct1-v2-sftcycle-8ba7c6d1970b90c1d1dca4fe0ff770ca.py	11104	4faef1f59557479887147ac4edfc9beeee7b94755a328a6ececd21caa91201e8
code	/home/s471802/nn-gpt/out/nngpt/new_lemur/nn/rl-bb-struct1-v2-sftcycle-8fc6ee56b691ed27912c772b66f53786.py	nn/rl-bb-struct1-v2-sftcycle-8fc6ee56b691ed27912c772b66f53786.py	11030	3b31b3ffec7cc43c041daac2950da754c5e597dc12938af486083f98469b6f4e
code	/home/s471802/nn-gpt/out/nngpt/new_lemur/nn/rl-bb-struct1-v2-sftcycle-90266495fd908d36b93d31ac1873058f.py	nn/rl-bb-struct1-v2-sftcycle-90266495fd908d36b93d31ac1873058f.py	10905	d5121319389d6f55364ca0ffe34d2eb96bcb2c1a1f4c4f46b15fbad2800f9ad9
code	/home/s471802/nn-gpt/out/nngpt/new_lemur/nn/rl-bb-struct1-v2-sftcycle-91e1a8a97a8e1c94f39f1a120e571cbe.py	nn/rl-bb-struct1-v2-sftcycle-91e1a8a97a8e1c94f39f1a120e571cbe.py	10991	8cf0fcebdccf30ca16d475d606bf5dd111cef421e09a62aff8d34e77028efd1b
code	/home/s471802/nn-gpt/out/nngpt/new_lemur/nn/rl-bb-struct1-v2-sftcycle-92d4a18cdf40600e3c517ee922b8cab8.py	nn/rl-bb-struct1-v2-sftcycle-92d4a18cdf40600e3c517ee922b8cab8.py	10862	3ba7d2b5020eb15089761806a3af9352c35b17bcf59753ecfe11e1b30a29ca6a
code	/home/s471802/nn-gpt/out/nngpt/new_lemur/nn/rl-bb-struct1-v2-sftcycle-934b2ea5f432480d22ae0c04b425d823.py	nn/rl-bb-struct1-v2-sftcycle-934b2ea5f432480d22ae0c04b425d823.py	10932	2734ef8575e8c72640b731ecdaf5f64bc6080db9b8b699fe237ad5a902f87900
code	/home/s471802/nn-gpt/out/nngpt/new_lemur/nn/rl-bb-struct1-v2-sftcycle-944cbd0ad4335ae8f4e80c70df45c763.py	nn/rl-bb-struct1-v2-sftcycle-944cbd0ad4335ae8f4e80c70df45c763.py	11127	cd944b589b18d03b4f2717d10e96d931107e2d2fbc2665127195ebbbc411db40
code	/home/s471802/nn-gpt/out/nngpt/new_lemur/nn/rl-bb-struct1-v2-sftcycle-94c21efb0570510dbf68a52cf14b2775.py	nn/rl-bb-struct1-v2-sftcycle-94c21efb0570510dbf68a52cf14b2775.py	11013	f13012e03382f10699af5d103ae15351cb1f0333c26b88abc6395deeb44850fd
code	/home/s471802/nn-gpt/out/nngpt/new_lemur/nn/rl-bb-struct1-v2-sftcycle-961e9695d625636c8a898288afcff943.py	nn/rl-bb-struct1-v2-sftcycle-961e9695d625636c8a898288afcff943.py	10947	44d9a65e7a98e571cf73cbc6c47a6b337a5ebf5f56b7b4e0ec9e26163bceb2cd
code	/home/s471802/nn-gpt/out/nngpt/new_lemur/nn/rl-bb-struct1-v2-sftcycle-964141cbdbb644dda0e4978347d29367.py	nn/rl-bb-struct1-v2-sftcycle-964141cbdbb644dda0e4978347d29367.py	10988	94d68469958ce818dd7fd72b07a12024d9c49deb489c109d8e4ebf7535b376cf
code	/home/s471802/nn-gpt/out/nngpt/new_lemur/nn/rl-bb-struct1-v2-sftcycle-968ebd27de3d2e7b650021971ee5cfe5.py	nn/rl-bb-struct1-v2-sftcycle-968ebd27de3d2e7b650021971ee5cfe5.py	11202	57ff53f097cda3e5e35217ed04fb71de73b71a66b75d1645ac7131b08ae80729
code	/home/s471802/nn-gpt/out/nngpt/new_lemur/nn/rl-bb-struct1-v2-sftcycle-977852d1ad22dbdca025b2eaefce9c51.py	nn/rl-bb-struct1-v2-sftcycle-977852d1ad22dbdca025b2eaefce9c51.py	11016	5e8229ca89a892a76f8ed848a979587b1197c6c31b5eb770d3d1d24ebbea3767
code	/home/s471802/nn-gpt/out/nngpt/new_lemur/nn/rl-bb-struct1-v2-sftcycle-98208c480fe07432cd4aaf8297024213.py	nn/rl-bb-struct1-v2-sftcycle-98208c480fe07432cd4aaf8297024213.py	11110	c2675e338ce3c048cb1fce10b0f8954a14cb2e98c5406e11a79ab34845b7235d
code	/home/s471802/nn-gpt/out/nngpt/new_lemur/nn/rl-bb-struct1-v2-sftcycle-991eb05e98a08f55496874c65d617f4a.py	nn/rl-bb-struct1-v2-sftcycle-991eb05e98a08f55496874c65d617f4a.py	10950	2c7229faa217475dc3ec2ac03f1ffba29c9e2e123f611d976f63352d1ce67282
code	/home/s471802/nn-gpt/out/nngpt/new_lemur/nn/rl-bb-struct1-v2-sftcycle-9977edeba38be7d0c771714bf9a7e236.py	nn/rl-bb-struct1-v2-sftcycle-9977edeba38be7d0c771714bf9a7e236.py	11099	ec7f6115569e66b85ee2eda8c3062a70ccddc0d9a610d6e4799ff221d3e14e20
code	/home/s471802/nn-gpt/out/nngpt/new_lemur/nn/rl-bb-struct1-v2-sftcycle-9b0d94046afd54c6e8ce622d5cb22b77.py	nn/rl-bb-struct1-v2-sftcycle-9b0d94046afd54c6e8ce622d5cb22b77.py	10920	9fc6b3670d25415c14e11f5f733de09e00e491fb6a6d4db59120958224d10de2
code	/home/s471802/nn-gpt/out/nngpt/new_lemur/nn/rl-bb-struct1-v2-sftcycle-9bc41a522ffd6e93c8fc127b95342cbd.py	nn/rl-bb-struct1-v2-sftcycle-9bc41a522ffd6e93c8fc127b95342cbd.py	11089	f20d1b43334aaf13fc78c42b389d38beffa8e6042f1dfb1179b9536c6958b79a
code	/home/s471802/nn-gpt/out/nngpt/new_lemur/nn/rl-bb-struct1-v2-sftcycle-9c57686edcb6c0fd1d551a28289b068f.py	nn/rl-bb-struct1-v2-sftcycle-9c57686edcb6c0fd1d551a28289b068f.py	11101	b068e81b102e9303b2ae5f1ae0c617959cef078b3f1d487bdb5bacf64c4c008f
code	/home/s471802/nn-gpt/out/nngpt/new_lemur/nn/rl-bb-struct1-v2-sftcycle-9d7696b4dab04569de62c265d5d35691.py	nn/rl-bb-struct1-v2-sftcycle-9d7696b4dab04569de62c265d5d35691.py	11039	ecde17c32df9bcd2e215a8a1d6ee60450388b9f7508b0a23c875bbb7dc8109d4
code	/home/s471802/nn-gpt/out/nngpt/new_lemur/nn/rl-bb-struct1-v2-sftcycle-9e301fe7b8dd969899ee8996d8344af9.py	nn/rl-bb-struct1-v2-sftcycle-9e301fe7b8dd969899ee8996d8344af9.py	10907	788b59ecf70d99a4b3edb66d5061f2592f4fb52427916f4856020185381bc61a
code	/home/s471802/nn-gpt/out/nngpt/new_lemur/nn/rl-bb-struct1-v2-sftcycle-9e510f7faec9148c820b9e1ea00c4a68.py	nn/rl-bb-struct1-v2-sftcycle-9e510f7faec9148c820b9e1ea00c4a68.py	11030	dd45486f126e18e0eb8b7520e12b93faaca724f1724533fc01867738f33f1a32
code	/home/s471802/nn-gpt/out/nngpt/new_lemur/nn/rl-bb-struct1-v2-sftcycle-9ea8e39f138c66d486c7ddab3edc1ecb.py	nn/rl-bb-struct1-v2-sftcycle-9ea8e39f138c66d486c7ddab3edc1ecb.py	11088	29c91e7758f6b5b3587e7f62af3595cdc523a1d62ac07467383d8094d97dc233
code	/home/s471802/nn-gpt/out/nngpt/new_lemur/nn/rl-bb-struct1-v2-sftcycle-9f67217d3790e14a4ca6edd72400dca9.py	nn/rl-bb-struct1-v2-sftcycle-9f67217d3790e14a4ca6edd72400dca9.py	11048	779f37cf82dfc3e135c0b8787658e6b4f5aab1ff1994db198eeebc70e0d44b54
code	/home/s471802/nn-gpt/out/nngpt/new_lemur/nn/rl-bb-struct1-v2-sftcycle-9f89e4009a33a634cde4fe5593f1b274.py	nn/rl-bb-struct1-v2-sftcycle-9f89e4009a33a634cde4fe5593f1b274.py	10949	ff76c41201234c62ffeea185266012eab58a08a5df47e9331fcd896cd6ff226d
code	/home/s471802/nn-gpt/out/nngpt/new_lemur/nn/rl-bb-struct1-v2-sftcycle-a0954de05b690b5ee5d9dfcb803f4bb9.py	nn/rl-bb-struct1-v2-sftcycle-a0954de05b690b5ee5d9dfcb803f4bb9.py	11107	831de20bdd28cb067e8a29789f36ab248cae781378966b30b558d670d10c8790
code	/home/s471802/nn-gpt/out/nngpt/new_lemur/nn/rl-bb-struct1-v2-sftcycle-a0a5d620b8b6eedb266cb5c42b166f8f.py	nn/rl-bb-struct1-v2-sftcycle-a0a5d620b8b6eedb266cb5c42b166f8f.py	11020	5885961cdf8cb2dd63d892153da1aa54a94e42ffc079c93b16cfcdd11a604908
code	/home/s471802/nn-gpt/out/nngpt/new_lemur/nn/rl-bb-struct1-v2-sftcycle-a0e1c94eb5a886ae9d02668a13f7599c.py	nn/rl-bb-struct1-v2-sftcycle-a0e1c94eb5a886ae9d02668a13f7599c.py	10969	ef07611b4fd030d10fba14bd2aef6e52a1f615d5ec465703c3afad15c409f52e
code	/home/s471802/nn-gpt/out/nngpt/new_lemur/nn/rl-bb-struct1-v2-sftcycle-a0e21517f142f0415f9d03ccae6c5fd2.py	nn/rl-bb-struct1-v2-sftcycle-a0e21517f142f0415f9d03ccae6c5fd2.py	11006	ffb84893cfce4d1e4741329fbadf422eb6efecd2f74a0c1ee6b16680056c1629
code	/home/s471802/nn-gpt/out/nngpt/new_lemur/nn/rl-bb-struct1-v2-sftcycle-a1109d5baf016e349cc1dcc7cb7fcddc.py	nn/rl-bb-struct1-v2-sftcycle-a1109d5baf016e349cc1dcc7cb7fcddc.py	11089	f73bbc83a5c99ec121b17548f25e9bcae85dbcba4bbf5a1c59b77e24dd3c426f
code	/home/s471802/nn-gpt/out/nngpt/new_lemur/nn/rl-bb-struct1-v2-sftcycle-a1c71d848ddbed5eabe20317c1b95849.py	nn/rl-bb-struct1-v2-sftcycle-a1c71d848ddbed5eabe20317c1b95849.py	11020	1d5f6826dcd68aba5b75b67c7442e71822dee4547afbc9c5aa50e6aac20e1807
code	/home/s471802/nn-gpt/out/nngpt/new_lemur/nn/rl-bb-struct1-v2-sftcycle-a1d9da30144b881928c02f5eeb92cb9b.py	nn/rl-bb-struct1-v2-sftcycle-a1d9da30144b881928c02f5eeb92cb9b.py	10943	c34459c6a6968499a94a44912ea0b985da3d6318ce88ae49728909d6519fb08b
code	/home/s471802/nn-gpt/out/nngpt/new_lemur/nn/rl-bb-struct1-v2-sftcycle-a2cecde0afcd05022dbccfb920fee039.py	nn/rl-bb-struct1-v2-sftcycle-a2cecde0afcd05022dbccfb920fee039.py	11254	88a2621d677e9b1e8ee6527c54c3a2c3f74d8f036fe2aa0f180fb2243cff8528
code	/home/s471802/nn-gpt/out/nngpt/new_lemur/nn/rl-bb-struct1-v2-sftcycle-a31ec6edaa515d6e34fd9178d0ab01e5.py	nn/rl-bb-struct1-v2-sftcycle-a31ec6edaa515d6e34fd9178d0ab01e5.py	11066	9a507366d45ebb60fc16de70a0c8149414856d2708d6e8c0a9aebabe0d8c16dd
code	/home/s471802/nn-gpt/out/nngpt/new_lemur/nn/rl-bb-struct1-v2-sftcycle-a33e620745a02c1d938a5452e80f813c.py	nn/rl-bb-struct1-v2-sftcycle-a33e620745a02c1d938a5452e80f813c.py	10972	a449ca02e160d25ee221641c79a6f118b59742404d1ca67c72bd221b50f85d81
code	/home/s471802/nn-gpt/out/nngpt/new_lemur/nn/rl-bb-struct1-v2-sftcycle-a392e38027774b12934b7787c90fda7d.py	nn/rl-bb-struct1-v2-sftcycle-a392e38027774b12934b7787c90fda7d.py	10976	392571aafcb76e294e4806eb0dd5d7be7725621ce035d90d466d43b017afc0ad
code	/home/s471802/nn-gpt/out/nngpt/new_lemur/nn/rl-bb-struct1-v2-sftcycle-a4235e10eb1c920e6dc0bda2175247fb.py	nn/rl-bb-struct1-v2-sftcycle-a4235e10eb1c920e6dc0bda2175247fb.py	11018	ff16066ea434be80aec083b79b00594ea67a5c360205683773fa277e9ff538e5
code	/home/s471802/nn-gpt/out/nngpt/new_lemur/nn/rl-bb-struct1-v2-sftcycle-a4b75353f32582511a661f8a24c9f96d.py	nn/rl-bb-struct1-v2-sftcycle-a4b75353f32582511a661f8a24c9f96d.py	10233	e2ace99106466b71265611e60984f9d6e57d1cf13cea1b3d3d3ce2451c722f32
code	/home/s471802/nn-gpt/out/nngpt/new_lemur/nn/rl-bb-struct1-v2-sftcycle-a4e552a781e6518c5d815695de3a07c0.py	nn/rl-bb-struct1-v2-sftcycle-a4e552a781e6518c5d815695de3a07c0.py	10983	e97b13011fd32b81aa64ad52d30e242a03b14510f03e34627573e020051ff879
code	/home/s471802/nn-gpt/out/nngpt/new_lemur/nn/rl-bb-struct1-v2-sftcycle-a61f80dc9381398558fa070944a4c6dc.py	nn/rl-bb-struct1-v2-sftcycle-a61f80dc9381398558fa070944a4c6dc.py	11002	31be023659800d2ba6bf2b7b47a0edac9b79ad259dd1132f447f59b032d60ae7
code	/home/s471802/nn-gpt/out/nngpt/new_lemur/nn/rl-bb-struct1-v2-sftcycle-a70b842993e464756b8c17e46da5ae5b.py	nn/rl-bb-struct1-v2-sftcycle-a70b842993e464756b8c17e46da5ae5b.py	11026	22e768b33a1076c9489a421c8d3c24fc435e705873c3c1121c95b32b5098c3fc
code	/home/s471802/nn-gpt/out/nngpt/new_lemur/nn/rl-bb-struct1-v2-sftcycle-a7172994b7ba1d1881565baadc76affd.py	nn/rl-bb-struct1-v2-sftcycle-a7172994b7ba1d1881565baadc76affd.py	10959	1524be26eef1c2b63a9f6a74d154009fec40c4ba57bff146803c738c675d36be
code	/home/s471802/nn-gpt/out/nngpt/new_lemur/nn/rl-bb-struct1-v2-sftcycle-a76433ed999fecff44b4fdf072b94735.py	nn/rl-bb-struct1-v2-sftcycle-a76433ed999fecff44b4fdf072b94735.py	10986	3c26d75be0c0f5ca46ab3e79eaca3a28bf9099d574a33d06d49f6eb5b4084df7
code	/home/s471802/nn-gpt/out/nngpt/new_lemur/nn/rl-bb-struct1-v2-sftcycle-aa497874c1063df3480d2d7323fbcd25.py	nn/rl-bb-struct1-v2-sftcycle-aa497874c1063df3480d2d7323fbcd25.py	11128	de8b4363c5ebcfe79900663e2e5d0824e1d9a7a049a41d3784257566a60bcb5f
code	/home/s471802/nn-gpt/out/nngpt/new_lemur/nn/rl-bb-struct1-v2-sftcycle-ab13ea223869ec3f98a0c3eb3c65afa5.py	nn/rl-bb-struct1-v2-sftcycle-ab13ea223869ec3f98a0c3eb3c65afa5.py	10943	34abf451088ad7067eeecc779aa5102af4c8398fe4385c70ac97d83149470819
code	/home/s471802/nn-gpt/out/nngpt/new_lemur/nn/rl-bb-struct1-v2-sftcycle-ab821b9f93f4faace6085137d3114a3e.py	nn/rl-bb-struct1-v2-sftcycle-ab821b9f93f4faace6085137d3114a3e.py	10969	31a8a4e349c4f68513cfbf3282aaeb1a5f91e1f7feb3ff3fc0fe906addc18443
code	/home/s471802/nn-gpt/out/nngpt/new_lemur/nn/rl-bb-struct1-v2-sftcycle-ac11ed309b87547290be3109ac01506f.py	nn/rl-bb-struct1-v2-sftcycle-ac11ed309b87547290be3109ac01506f.py	11001	be07842945d38b7d53aa0d57f7cce81759e340f32075d72d9b8dc08e87b11868
code	/home/s471802/nn-gpt/out/nngpt/new_lemur/nn/rl-bb-struct1-v2-sftcycle-ac92a07d6bb934a78edb5fb224a7c33c.py	nn/rl-bb-struct1-v2-sftcycle-ac92a07d6bb934a78edb5fb224a7c33c.py	11032	1400d5bc65d6ff4a2de9750656e5650f827e371b40ba8f2fba36aab121dc3cbb
code	/home/s471802/nn-gpt/out/nngpt/new_lemur/nn/rl-bb-struct1-v2-sftcycle-ad1656f3ac696e4030d22716146d8745.py	nn/rl-bb-struct1-v2-sftcycle-ad1656f3ac696e4030d22716146d8745.py	10991	731269934451dea5de76748438e430f578f3e2f3cfbe714dd8154ed5945fe904
code	/home/s471802/nn-gpt/out/nngpt/new_lemur/nn/rl-bb-struct1-v2-sftcycle-ae81f5369c8b2910f38fb118a1a6747f.py	nn/rl-bb-struct1-v2-sftcycle-ae81f5369c8b2910f38fb118a1a6747f.py	11020	e4df82d7b52e82d06044ebf26bac2dcc6a9a84c40e373411971cfbfe2ce74d99
code	/home/s471802/nn-gpt/out/nngpt/new_lemur/nn/rl-bb-struct1-v2-sftcycle-ae8a3101d75e0b31730f7769cb921ca4.py	nn/rl-bb-struct1-v2-sftcycle-ae8a3101d75e0b31730f7769cb921ca4.py	11060	ab70109b2ec3dc27e74e344933680262f546a4a45422817af8e8cf0b96f8de2e
code	/home/s471802/nn-gpt/out/nngpt/new_lemur/nn/rl-bb-struct1-v2-sftcycle-af2aff0502a7e462945b1a124a5b816f.py	nn/rl-bb-struct1-v2-sftcycle-af2aff0502a7e462945b1a124a5b816f.py	10984	c9175654025aec6ef0e42757d5a15ccb08056e4304d1dda1c312c9c315950301
code	/home/s471802/nn-gpt/out/nngpt/new_lemur/nn/rl-bb-struct1-v2-sftcycle-af7898cb3e1fd36959e43ebabf804160.py	nn/rl-bb-struct1-v2-sftcycle-af7898cb3e1fd36959e43ebabf804160.py	11073	4cd3e01613ad2fb6198f3a7f87cf40a7fff4773de9d42adbd222c50eaf89e15e
code	/home/s471802/nn-gpt/out/nngpt/new_lemur/nn/rl-bb-struct1-v2-sftcycle-b028be3f2b4509e678e53c7a2fb60e1c.py	nn/rl-bb-struct1-v2-sftcycle-b028be3f2b4509e678e53c7a2fb60e1c.py	11080	4d93afc37dc1dd313f3bb9f99e18d582fb885d6911971aec6e7b9d3c045fec9e
code	/home/s471802/nn-gpt/out/nngpt/new_lemur/nn/rl-bb-struct1-v2-sftcycle-b15343a464d30897489c9fe75e8229f6.py	nn/rl-bb-struct1-v2-sftcycle-b15343a464d30897489c9fe75e8229f6.py	11062	b82d3cc96e383e2b7f6637d672443bbfbbe550a399bb5635bda3b41afbddcf64
code	/home/s471802/nn-gpt/out/nngpt/new_lemur/nn/rl-bb-struct1-v2-sftcycle-b31e43c04a63b4d602dd7ebe9493fceb.py	nn/rl-bb-struct1-v2-sftcycle-b31e43c04a63b4d602dd7ebe9493fceb.py	10945	d96e24f23a8178c660601c11c04b5c931f84ae69064e98b38c45a9e73256f87d
code	/home/s471802/nn-gpt/out/nngpt/new_lemur/nn/rl-bb-struct1-v2-sftcycle-b38af6f9775d6fbececfb54b8c6b7860.py	nn/rl-bb-struct1-v2-sftcycle-b38af6f9775d6fbececfb54b8c6b7860.py	11082	03a44f90820c7ed8d591e725db5e19f459208f71a1a6b4218d865606e259348d
code	/home/s471802/nn-gpt/out/nngpt/new_lemur/nn/rl-bb-struct1-v2-sftcycle-b434106c0eb16d4ab00dce12e71e2985.py	nn/rl-bb-struct1-v2-sftcycle-b434106c0eb16d4ab00dce12e71e2985.py	11062	2f9c6c41169a75aa02d05f9738b87ae1adcb3fdb14fed3483ffe87b3d19f2eb5
code	/home/s471802/nn-gpt/out/nngpt/new_lemur/nn/rl-bb-struct1-v2-sftcycle-b48bead422ded138870aa5dd1a576482.py	nn/rl-bb-struct1-v2-sftcycle-b48bead422ded138870aa5dd1a576482.py	10947	af0459deff6afcf78657b036b4c9db3cdbe941d4f71ccec42c7c8528465554de
code	/home/s471802/nn-gpt/out/nngpt/new_lemur/nn/rl-bb-struct1-v2-sftcycle-b62a4999f7bd3a0ef6ac9f936c2bef8b.py	nn/rl-bb-struct1-v2-sftcycle-b62a4999f7bd3a0ef6ac9f936c2bef8b.py	11028	74eea168aad04406aa4790ce780be7520f5b5a4e01d6736c71df2ad0185cea4f
code	/home/s471802/nn-gpt/out/nngpt/new_lemur/nn/rl-bb-struct1-v2-sftcycle-b74ef25ef185c01490a87479c36517bc.py	nn/rl-bb-struct1-v2-sftcycle-b74ef25ef185c01490a87479c36517bc.py	11016	028b71964486d1966be99024d72d70f43adc7668cfd62ac302cc65eb608d2c32
code	/home/s471802/nn-gpt/out/nngpt/new_lemur/nn/rl-bb-struct1-v2-sftcycle-b7a93f119ca2b9eb90b0aaac5f43e59f.py	nn/rl-bb-struct1-v2-sftcycle-b7a93f119ca2b9eb90b0aaac5f43e59f.py	11078	09a0e5d2306e16399313c04e2071e1d50920b369787f012c418cbb9ac4ec5e3a
code	/home/s471802/nn-gpt/out/nngpt/new_lemur/nn/rl-bb-struct1-v2-sftcycle-b8231b7e63cdac838195b293eb4b87c2.py	nn/rl-bb-struct1-v2-sftcycle-b8231b7e63cdac838195b293eb4b87c2.py	11030	e7cf2fe2c9842de2034f5fdec537af21338ef6db291d6ea8285280d3cee695e1
code	/home/s471802/nn-gpt/out/nngpt/new_lemur/nn/rl-bb-struct1-v2-sftcycle-b8972119eb3185e4b1c0f52dd2502704.py	nn/rl-bb-struct1-v2-sftcycle-b8972119eb3185e4b1c0f52dd2502704.py	10986	88565b1cd8455cbd29f26d03b2a2c1e9c76905dd7349755a84bfc1fcc0b74668
code	/home/s471802/nn-gpt/out/nngpt/new_lemur/nn/rl-bb-struct1-v2-sftcycle-b9d1ad97bb44f3f99b4ec8f6f8530701.py	nn/rl-bb-struct1-v2-sftcycle-b9d1ad97bb44f3f99b4ec8f6f8530701.py	11051	b38c4c3b28f83d4333a52009368d1835bbcdb11974c3dbe406ab891a6f7931c1
code	/home/s471802/nn-gpt/out/nngpt/new_lemur/nn/rl-bb-struct1-v2-sftcycle-b9e8933c2ef883eee27f5d9a3dadc658.py	nn/rl-bb-struct1-v2-sftcycle-b9e8933c2ef883eee27f5d9a3dadc658.py	11031	17d6fef0fbd88878b794319c88fdaa4b339dcfbdff8efbed7c0efadc1eba6bbc
code	/home/s471802/nn-gpt/out/nngpt/new_lemur/nn/rl-bb-struct1-v2-sftcycle-b9ebc0f75c00b8d58cab74073e7cf5b7.py	nn/rl-bb-struct1-v2-sftcycle-b9ebc0f75c00b8d58cab74073e7cf5b7.py	11072	fdb56127de5947920271ea032b94503ae77bbf3218acf73af54c28330ab20d59
code	/home/s471802/nn-gpt/out/nngpt/new_lemur/nn/rl-bb-struct1-v2-sftcycle-ba154479758c34cf5c63de2a7c9f3acf.py	nn/rl-bb-struct1-v2-sftcycle-ba154479758c34cf5c63de2a7c9f3acf.py	11009	c4d189079f54a1c8d2969c7e7daf1db97976603204e9d88f2381a32e416d0ef9
code	/home/s471802/nn-gpt/out/nngpt/new_lemur/nn/rl-bb-struct1-v2-sftcycle-bb370cf6d2b83fbdffc2e1b9c986268f.py	nn/rl-bb-struct1-v2-sftcycle-bb370cf6d2b83fbdffc2e1b9c986268f.py	11038	b3d7c7b6e2a64ae721ea1623a1334e26e1098a9355e3bc66fa7d4d609b46624f
code	/home/s471802/nn-gpt/out/nngpt/new_lemur/nn/rl-bb-struct1-v2-sftcycle-bc26dfe7bcaad3a4a18522217c60f4d7.py	nn/rl-bb-struct1-v2-sftcycle-bc26dfe7bcaad3a4a18522217c60f4d7.py	11126	66eeff99c1282f1702770727586540604e1a6f1a7f2a3768de9320d6ebb21297
code	/home/s471802/nn-gpt/out/nngpt/new_lemur/nn/rl-bb-struct1-v2-sftcycle-bdacb0fe7cf77fe7c976b0bd09541e7c.py	nn/rl-bb-struct1-v2-sftcycle-bdacb0fe7cf77fe7c976b0bd09541e7c.py	11124	01ca482d7b51d8f1ecaf00dca11f74b5018c89d636e8b3b3010175e592989cac
code	/home/s471802/nn-gpt/out/nngpt/new_lemur/nn/rl-bb-struct1-v2-sftcycle-bdb77951044e4691e898a69a1c1d704b.py	nn/rl-bb-struct1-v2-sftcycle-bdb77951044e4691e898a69a1c1d704b.py	11036	f3310e2a4532caa4af9ce69675bf55d56befdd9d806f3915e1a362a6f17eb739
code	/home/s471802/nn-gpt/out/nngpt/new_lemur/nn/rl-bb-struct1-v2-sftcycle-be509b2d6dda7e2aa14ee9f4c7b5b61d.py	nn/rl-bb-struct1-v2-sftcycle-be509b2d6dda7e2aa14ee9f4c7b5b61d.py	10949	c7324843b86343882175bda2b4d109cd268847676486dc3313d814e4b36cb717
code	/home/s471802/nn-gpt/out/nngpt/new_lemur/nn/rl-bb-struct1-v2-sftcycle-c0046c0915d6300d5e6dde260ab1a672.py	nn/rl-bb-struct1-v2-sftcycle-c0046c0915d6300d5e6dde260ab1a672.py	11113	6d5b68d92dd85740c694673c2170fe1b47bab680d86cc625c719c83f3a90e328
code	/home/s471802/nn-gpt/out/nngpt/new_lemur/nn/rl-bb-struct1-v2-sftcycle-c0247ef43c12a724607405d0943c2e6b.py	nn/rl-bb-struct1-v2-sftcycle-c0247ef43c12a724607405d0943c2e6b.py	10957	d9e8662b8c8e2ddb7cc3cc2a7367115ca53e2c343b4e5e796bd286b8d440d2e4
code	/home/s471802/nn-gpt/out/nngpt/new_lemur/nn/rl-bb-struct1-v2-sftcycle-c03a5f89d9bbf131be716aa25933fa6d.py	nn/rl-bb-struct1-v2-sftcycle-c03a5f89d9bbf131be716aa25933fa6d.py	10901	a2aa91a60f0aaeb2bbad5024208896953fac583785d14824514eb54e8743515c
code	/home/s471802/nn-gpt/out/nngpt/new_lemur/nn/rl-bb-struct1-v2-sftcycle-c06f796d8f7e26e032c66b0ca770c79c.py	nn/rl-bb-struct1-v2-sftcycle-c06f796d8f7e26e032c66b0ca770c79c.py	11044	6e4bf84a48a0cc31e3961aa5c1820186a95f509edb76ec5305c33b3dd3067b86
code	/home/s471802/nn-gpt/out/nngpt/new_lemur/nn/rl-bb-struct1-v2-sftcycle-c171f522a61bef03d9ef314d84b0c28c.py	nn/rl-bb-struct1-v2-sftcycle-c171f522a61bef03d9ef314d84b0c28c.py	10997	817b69c5b802ca36ab041e4968017b88b5592b9720e912c0c322f393b2936940
code	/home/s471802/nn-gpt/out/nngpt/new_lemur/nn/rl-bb-struct1-v2-sftcycle-c19c7b2ca15d421ba2d0e8ee964f878b.py	nn/rl-bb-struct1-v2-sftcycle-c19c7b2ca15d421ba2d0e8ee964f878b.py	10988	df70a434688b1dfeadb88e69375a50a71826430c129350e6cafc66b19a386109
code	/home/s471802/nn-gpt/out/nngpt/new_lemur/nn/rl-bb-struct1-v2-sftcycle-c2d7f9ff2c05ac2d2f3d0468c7a04015.py	nn/rl-bb-struct1-v2-sftcycle-c2d7f9ff2c05ac2d2f3d0468c7a04015.py	10996	8d826ac209666373d013008f59766e700e99a221d4ec28bfda4a5c1dd6c15c34
code	/home/s471802/nn-gpt/out/nngpt/new_lemur/nn/rl-bb-struct1-v2-sftcycle-c2ea0906aa08857f550e6e9052feff15.py	nn/rl-bb-struct1-v2-sftcycle-c2ea0906aa08857f550e6e9052feff15.py	11080	5125cbf8ecd691f98d52080ab32601abdcad9195f1e3ac1c729b59a3aac8586f
code	/home/s471802/nn-gpt/out/nngpt/new_lemur/nn/rl-bb-struct1-v2-sftcycle-c3ba6cd057c0e9a85e8727d9dd6b48cb.py	nn/rl-bb-struct1-v2-sftcycle-c3ba6cd057c0e9a85e8727d9dd6b48cb.py	10940	941154a48a19f29eb67343f06c4d905747219be3b9726a67cb542e8816f0a186
code	/home/s471802/nn-gpt/out/nngpt/new_lemur/nn/rl-bb-struct1-v2-sftcycle-c3fe6cf7306195dcd2d390b740faad43.py	nn/rl-bb-struct1-v2-sftcycle-c3fe6cf7306195dcd2d390b740faad43.py	10987	149d07c12cfc9894012b9d9d4275e19bbc72598274319ee88f09898ce46595ee
code	/home/s471802/nn-gpt/out/nngpt/new_lemur/nn/rl-bb-struct1-v2-sftcycle-c42d969a7dc7b98b410eff70c1aecfb0.py	nn/rl-bb-struct1-v2-sftcycle-c42d969a7dc7b98b410eff70c1aecfb0.py	10923	d617efce71113e902bddb737292b5432823f8c01e6f0d0874065b06bc151b2e9
code	/home/s471802/nn-gpt/out/nngpt/new_lemur/nn/rl-bb-struct1-v2-sftcycle-c4312261389c6e073e58e0b4c02afb9c.py	nn/rl-bb-struct1-v2-sftcycle-c4312261389c6e073e58e0b4c02afb9c.py	11030	88571a183e1d0189909b59f59480f59be0a0cb5bb24b04f4ea063d955b73c074
code	/home/s471802/nn-gpt/out/nngpt/new_lemur/nn/rl-bb-struct1-v2-sftcycle-c4e06390b8f617267686ad26551a560e.py	nn/rl-bb-struct1-v2-sftcycle-c4e06390b8f617267686ad26551a560e.py	11152	acee0ec886e9554b00ce17002c618917fbb86174ac20585e491bcf5558fbd2a5
code	/home/s471802/nn-gpt/out/nngpt/new_lemur/nn/rl-bb-struct1-v2-sftcycle-c631b1bb791cad6c72d8fb589943db4b.py	nn/rl-bb-struct1-v2-sftcycle-c631b1bb791cad6c72d8fb589943db4b.py	11029	04f63a8851b76f74c106b0c952337ac9a8a911970bbbe67a73fec812121cb9f6
code	/home/s471802/nn-gpt/out/nngpt/new_lemur/nn/rl-bb-struct1-v2-sftcycle-c6344a193037d00f8925827c50ce01e3.py	nn/rl-bb-struct1-v2-sftcycle-c6344a193037d00f8925827c50ce01e3.py	11020	7bf3353a44db100d4bab21f2dbdd2eb57d09c3e1b0f01849e2521e0586186f89
code	/home/s471802/nn-gpt/out/nngpt/new_lemur/nn/rl-bb-struct1-v2-sftcycle-c6d5cfd9055ef3cf1b8cbb334635d791.py	nn/rl-bb-struct1-v2-sftcycle-c6d5cfd9055ef3cf1b8cbb334635d791.py	11030	046eb75e19f2411cec09d1af98de6b12d6398f8e34a100a000aad0d924fe06c7
code	/home/s471802/nn-gpt/out/nngpt/new_lemur/nn/rl-bb-struct1-v2-sftcycle-c70dabc34b3bcbb64ee998f9cf0477d4.py	nn/rl-bb-struct1-v2-sftcycle-c70dabc34b3bcbb64ee998f9cf0477d4.py	10920	3242176624c8dba944dbf64daed4ff82f692fbca57e3d1a2935bdefaa3d765e3
code	/home/s471802/nn-gpt/out/nngpt/new_lemur/nn/rl-bb-struct1-v2-sftcycle-c767c4581a879741630b54302fd52b45.py	nn/rl-bb-struct1-v2-sftcycle-c767c4581a879741630b54302fd52b45.py	11070	0e0394767578e0f225087957f8f71164ec64cf125a847e7932d22d884a07cd42
code	/home/s471802/nn-gpt/out/nngpt/new_lemur/nn/rl-bb-struct1-v2-sftcycle-c8fa88beaf41944bc9dba8e4217a1f14.py	nn/rl-bb-struct1-v2-sftcycle-c8fa88beaf41944bc9dba8e4217a1f14.py	11011	deab77a4aeff5b9c0542bf20fe45d9f9ee054fcf249f80db30ba3e51dab5f0d1
code	/home/s471802/nn-gpt/out/nngpt/new_lemur/nn/rl-bb-struct1-v2-sftcycle-c9a6451ee84e6a6e3afb644e7938881b.py	nn/rl-bb-struct1-v2-sftcycle-c9a6451ee84e6a6e3afb644e7938881b.py	10981	21a7ad7a542ac81a41c043e465df01a4c16b8e95f89e9890aa87c6956d79f675
code	/home/s471802/nn-gpt/out/nngpt/new_lemur/nn/rl-bb-struct1-v2-sftcycle-cac7f53e89ce7fb053f55a920c518f7f.py	nn/rl-bb-struct1-v2-sftcycle-cac7f53e89ce7fb053f55a920c518f7f.py	11044	0209fba9b081d19d31fa897ecac0409e61dd7d627890f8f2289640aa5a3e4288
code	/home/s471802/nn-gpt/out/nngpt/new_lemur/nn/rl-bb-struct1-v2-sftcycle-cbdde393c9d0f80e89381c21fa565b2e.py	nn/rl-bb-struct1-v2-sftcycle-cbdde393c9d0f80e89381c21fa565b2e.py	11066	d7cc54d83cb532baea502b4e47e81de499b09e69a75e091a27b637b9425cfccf
code	/home/s471802/nn-gpt/out/nngpt/new_lemur/nn/rl-bb-struct1-v2-sftcycle-cbde4941164eb1146dc21c605dcdcc44.py	nn/rl-bb-struct1-v2-sftcycle-cbde4941164eb1146dc21c605dcdcc44.py	11050	e1e8f18a655666f98e907f69e5f774ed15e163901e2ae85590ab44423f5085f5
code	/home/s471802/nn-gpt/out/nngpt/new_lemur/nn/rl-bb-struct1-v2-sftcycle-cc64f6f60f62e1a1d87f70bc43bf8a7c.py	nn/rl-bb-struct1-v2-sftcycle-cc64f6f60f62e1a1d87f70bc43bf8a7c.py	11036	5f5ee16f3a83c4535ca45ae90503ede8aa0b683d3850c68235924c6f981c3f40
code	/home/s471802/nn-gpt/out/nngpt/new_lemur/nn/rl-bb-struct1-v2-sftcycle-cc9814e8a0c9f128e607d2083a25d34b.py	nn/rl-bb-struct1-v2-sftcycle-cc9814e8a0c9f128e607d2083a25d34b.py	10917	8055425ec2bfb9f53d22cc8cfdc4b203a44135d91dd2f4d03231223eb6f81c92
code	/home/s471802/nn-gpt/out/nngpt/new_lemur/nn/rl-bb-struct1-v2-sftcycle-ce6815500ef5f372fd14fc482b095a42.py	nn/rl-bb-struct1-v2-sftcycle-ce6815500ef5f372fd14fc482b095a42.py	11075	b9097bdf2c733e6a5d31de593bd544d135faf5be6bc00e8932a8c5b63067ebb9
code	/home/s471802/nn-gpt/out/nngpt/new_lemur/nn/rl-bb-struct1-v2-sftcycle-cfbeff40aa9387f6dcc746b731a8c6f0.py	nn/rl-bb-struct1-v2-sftcycle-cfbeff40aa9387f6dcc746b731a8c6f0.py	11009	38e7510f4a827bd35a64616ad66e95bfb4580b5ea2e705e7a588c79c98dfccb1
code	/home/s471802/nn-gpt/out/nngpt/new_lemur/nn/rl-bb-struct1-v2-sftcycle-d003be7bc069be0b42afb59773ecd60c.py	nn/rl-bb-struct1-v2-sftcycle-d003be7bc069be0b42afb59773ecd60c.py	10949	23f4cd2f8ddcd83a2c152c4c3a4cd46ff8bc0175abb69256887a877b119b2d17
code	/home/s471802/nn-gpt/out/nngpt/new_lemur/nn/rl-bb-struct1-v2-sftcycle-d064980bdf8fae6a518d421c3235e373.py	nn/rl-bb-struct1-v2-sftcycle-d064980bdf8fae6a518d421c3235e373.py	11078	51c7307c2ad9b9dfef90a762119f5d845fdc67eaf2f6f149653719666ed8dc95
code	/home/s471802/nn-gpt/out/nngpt/new_lemur/nn/rl-bb-struct1-v2-sftcycle-d1220dfcdc7cf924ae7d78ab50f3c7d3.py	nn/rl-bb-struct1-v2-sftcycle-d1220dfcdc7cf924ae7d78ab50f3c7d3.py	10937	8a8a26bf56b94719c9247e9978464d76e3581f9880fe1cb8f28326be9be97f94
code	/home/s471802/nn-gpt/out/nngpt/new_lemur/nn/rl-bb-struct1-v2-sftcycle-d24405136f99c19a172c275308dd7158.py	nn/rl-bb-struct1-v2-sftcycle-d24405136f99c19a172c275308dd7158.py	10948	43eb8ce488d9be61b678b6b016d29814c1f1bd6434c9911ab317cf8800c14e33
code	/home/s471802/nn-gpt/out/nngpt/new_lemur/nn/rl-bb-struct1-v2-sftcycle-d29dc1419706c65326036a5b5b52c7cd.py	nn/rl-bb-struct1-v2-sftcycle-d29dc1419706c65326036a5b5b52c7cd.py	11071	863a7898872a8138d64e689a99bc25d41d0b27decf057c4bc54b23de357b0080
code	/home/s471802/nn-gpt/out/nngpt/new_lemur/nn/rl-bb-struct1-v2-sftcycle-d2cb2a6935f9b2fcd1b77599d7a7bba7.py	nn/rl-bb-struct1-v2-sftcycle-d2cb2a6935f9b2fcd1b77599d7a7bba7.py	11036	9fe685b4d8b0d210e574b9cb251113a7ea21a3717fb23cda32f3584ea4fe8dbd
code	/home/s471802/nn-gpt/out/nngpt/new_lemur/nn/rl-bb-struct1-v2-sftcycle-d33d3ced6587420e51fa13a9545608b0.py	nn/rl-bb-struct1-v2-sftcycle-d33d3ced6587420e51fa13a9545608b0.py	11205	8a0f94d4f8d01aecc11989fcd67e87e643e6efd9fa009df7b5d551616dfd6455
code	/home/s471802/nn-gpt/out/nngpt/new_lemur/nn/rl-bb-struct1-v2-sftcycle-d4786bd70349905785a6e009f65dc363.py	nn/rl-bb-struct1-v2-sftcycle-d4786bd70349905785a6e009f65dc363.py	11074	efd75cd888bfbc54559f7edf0746e54680bd674e4d9208e91d4fd314b16fa40f
code	/home/s471802/nn-gpt/out/nngpt/new_lemur/nn/rl-bb-struct1-v2-sftcycle-d54170bfdd7e420e69aee8c928890ead.py	nn/rl-bb-struct1-v2-sftcycle-d54170bfdd7e420e69aee8c928890ead.py	10905	5dd0c2556729d72a6c41cf74f9565c8b2e7c0b599dfdc58cb3cadca867f95363
code	/home/s471802/nn-gpt/out/nngpt/new_lemur/nn/rl-bb-struct1-v2-sftcycle-d635c68b88b522868cca2ccfb4e1f1e8.py	nn/rl-bb-struct1-v2-sftcycle-d635c68b88b522868cca2ccfb4e1f1e8.py	11027	d428f2e4b9a558a67a3f7b0407fc4d0968660708df0fc9917a5a73eaf18979c7
code	/home/s471802/nn-gpt/out/nngpt/new_lemur/nn/rl-bb-struct1-v2-sftcycle-d65610cc5ef5d285f9f5cf4a2bc63df1.py	nn/rl-bb-struct1-v2-sftcycle-d65610cc5ef5d285f9f5cf4a2bc63df1.py	11055	88a76f022728bcbe356533e52324ac7dfe8fd28b82fabe9c405df057d3a2617d
code	/home/s471802/nn-gpt/out/nngpt/new_lemur/nn/rl-bb-struct1-v2-sftcycle-d749496eab3f8eb0fdf4b7ac4b0f2a4f.py	nn/rl-bb-struct1-v2-sftcycle-d749496eab3f8eb0fdf4b7ac4b0f2a4f.py	10974	be9ca862afcdce227397ae85fab933518957e3b0ad82e6f630211a51557a27a6
code	/home/s471802/nn-gpt/out/nngpt/new_lemur/nn/rl-bb-struct1-v2-sftcycle-d829d2f991091bd8d2dedab7c86269c9.py	nn/rl-bb-struct1-v2-sftcycle-d829d2f991091bd8d2dedab7c86269c9.py	11020	d9fa2a2e73cf5f4090e77d4c1a73296784c9dfdc1d6de724ef1e216daaf8a441
code	/home/s471802/nn-gpt/out/nngpt/new_lemur/nn/rl-bb-struct1-v2-sftcycle-d83949311ee1971293f058ce66f48889.py	nn/rl-bb-struct1-v2-sftcycle-d83949311ee1971293f058ce66f48889.py	11217	d3ae06942dab7fa7836dc5d0ea423172192b02cdc8fab1772b3060022489a90c
code	/home/s471802/nn-gpt/out/nngpt/new_lemur/nn/rl-bb-struct1-v2-sftcycle-d859ec993a3fb382b12cb6815659d926.py	nn/rl-bb-struct1-v2-sftcycle-d859ec993a3fb382b12cb6815659d926.py	10980	d625d84295e9841d1b0af98e587e1b543a9392373f6ba7f537fa38105b06608d
code	/home/s471802/nn-gpt/out/nngpt/new_lemur/nn/rl-bb-struct1-v2-sftcycle-d8a013eaca6908170ac0ff0a4a0f5e24.py	nn/rl-bb-struct1-v2-sftcycle-d8a013eaca6908170ac0ff0a4a0f5e24.py	11006	4c62fa9978afbb6fc9eec3a082445d2f6bee89074807b6bfd23a978fe2bad094
code	/home/s471802/nn-gpt/out/nngpt/new_lemur/nn/rl-bb-struct1-v2-sftcycle-d8f71bde76bee1cfab39253aea50a22b.py	nn/rl-bb-struct1-v2-sftcycle-d8f71bde76bee1cfab39253aea50a22b.py	11029	53627633980c3fcee3dd08431fa759156d0e3185f4884397853e2d6802e09b85
code	/home/s471802/nn-gpt/out/nngpt/new_lemur/nn/rl-bb-struct1-v2-sftcycle-d95c023a353f57ae9d9274b9a4dd54c2.py	nn/rl-bb-struct1-v2-sftcycle-d95c023a353f57ae9d9274b9a4dd54c2.py	11068	9998262e1dddf5b4b1beccec03f8f67c48124b0b3d6c7aee90c7ec6df616524c
code	/home/s471802/nn-gpt/out/nngpt/new_lemur/nn/rl-bb-struct1-v2-sftcycle-d97bc73f6a1cad342c9db2c0e90f4400.py	nn/rl-bb-struct1-v2-sftcycle-d97bc73f6a1cad342c9db2c0e90f4400.py	11130	b7db0b7b560699e2d5361446c60d970d960a0c367c346a6f79c3f420f83893d2
code	/home/s471802/nn-gpt/out/nngpt/new_lemur/nn/rl-bb-struct1-v2-sftcycle-d9ab7420b4fdf4a76d5a6a52d40cbf52.py	nn/rl-bb-struct1-v2-sftcycle-d9ab7420b4fdf4a76d5a6a52d40cbf52.py	10936	ee8c84c163587025617750e842481eaea5bf9c297ab6bdc8677c37b50cbaa909
code	/home/s471802/nn-gpt/out/nngpt/new_lemur/nn/rl-bb-struct1-v2-sftcycle-da0e2cd03474ff7fecef09992114fd64.py	nn/rl-bb-struct1-v2-sftcycle-da0e2cd03474ff7fecef09992114fd64.py	10940	f6b0cfff98e48d82955ca5c1248ab98be52d9177edb1f4927b32d2cb29fa3372
code	/home/s471802/nn-gpt/out/nngpt/new_lemur/nn/rl-bb-struct1-v2-sftcycle-da893203de93b74ba9db060fcb34596a.py	nn/rl-bb-struct1-v2-sftcycle-da893203de93b74ba9db060fcb34596a.py	10949	7d5fb1c2ca9e2ee7b526cd94ce0c9fbd0f62f3ce85b81d509cbc2800f2914676
code	/home/s471802/nn-gpt/out/nngpt/new_lemur/nn/rl-bb-struct1-v2-sftcycle-daf57b5a3fc69b80727a887c4231fa5b.py	nn/rl-bb-struct1-v2-sftcycle-daf57b5a3fc69b80727a887c4231fa5b.py	11030	3d66dbe98cc8eb368d466b81c76d923e5003f3ef0f33a9da210f68d86181bfa1
code	/home/s471802/nn-gpt/out/nngpt/new_lemur/nn/rl-bb-struct1-v2-sftcycle-db01a3a159c05d04de440e78f7e1a9c1.py	nn/rl-bb-struct1-v2-sftcycle-db01a3a159c05d04de440e78f7e1a9c1.py	10997	417f8f10205aa576acc4b0bd72e5ee350caa21c7fc7c555b2c483481bc003565
code	/home/s471802/nn-gpt/out/nngpt/new_lemur/nn/rl-bb-struct1-v2-sftcycle-db88ec5bc39f5ee4675b9cf977b0e8ce.py	nn/rl-bb-struct1-v2-sftcycle-db88ec5bc39f5ee4675b9cf977b0e8ce.py	11228	a3d9c16805558aa29e7c88fc81664cb1ddf9e7ecbf283fc1cd444f344007509f
code	/home/s471802/nn-gpt/out/nngpt/new_lemur/nn/rl-bb-struct1-v2-sftcycle-dbdf96054091002f15944e2c48d87502.py	nn/rl-bb-struct1-v2-sftcycle-dbdf96054091002f15944e2c48d87502.py	10974	00f4814504aad8d7bd374f2f7e9a51fb6a905ca1c5136b9a3c67beb35a2b6715
code	/home/s471802/nn-gpt/out/nngpt/new_lemur/nn/rl-bb-struct1-v2-sftcycle-dbf431235c72d276c7a5bf18a24c74c0.py	nn/rl-bb-struct1-v2-sftcycle-dbf431235c72d276c7a5bf18a24c74c0.py	11038	7fa6af25b2a3d391896ead3670459e9860f1dd3dc8bd3f85cfa4ca80d0e4e6ed
code	/home/s471802/nn-gpt/out/nngpt/new_lemur/nn/rl-bb-struct1-v2-sftcycle-dbf6840052eb0b73b70ca7a635253771.py	nn/rl-bb-struct1-v2-sftcycle-dbf6840052eb0b73b70ca7a635253771.py	10990	fc86d589062b61cc73e81b307a7f5463e611234d636bbb9081eec65600eba074
code	/home/s471802/nn-gpt/out/nngpt/new_lemur/nn/rl-bb-struct1-v2-sftcycle-dc1b2a3e8c02aaa50db20771e9d3b306.py	nn/rl-bb-struct1-v2-sftcycle-dc1b2a3e8c02aaa50db20771e9d3b306.py	11028	8eb963df510536382f26d4b6ba0fe3a05948cfd5ea769765136d6afff4214804
code	/home/s471802/nn-gpt/out/nngpt/new_lemur/nn/rl-bb-struct1-v2-sftcycle-dd19b6ef6f126096da39630ab6a34382.py	nn/rl-bb-struct1-v2-sftcycle-dd19b6ef6f126096da39630ab6a34382.py	10983	6cb3bc52ded3a3f2c5b71700260d67a7531685b11085dfb7042737764243dcc8
code	/home/s471802/nn-gpt/out/nngpt/new_lemur/nn/rl-bb-struct1-v2-sftcycle-dd2a5e62a421522d2842fcf28498c852.py	nn/rl-bb-struct1-v2-sftcycle-dd2a5e62a421522d2842fcf28498c852.py	11011	84c06ea5b6183c40be72334d184e3c43c1cd2c79fd02d0c9e2febb0531890492
code	/home/s471802/nn-gpt/out/nngpt/new_lemur/nn/rl-bb-struct1-v2-sftcycle-dd5132f2f1c29de9a4f9ac008485eeac.py	nn/rl-bb-struct1-v2-sftcycle-dd5132f2f1c29de9a4f9ac008485eeac.py	10914	cefb481273146eb1337d309d278c9e14d48b7e1424a36406bdb71dcea500a1f6
code	/home/s471802/nn-gpt/out/nngpt/new_lemur/nn/rl-bb-struct1-v2-sftcycle-dee24375504a9b7563a6b3e4ad6db92d.py	nn/rl-bb-struct1-v2-sftcycle-dee24375504a9b7563a6b3e4ad6db92d.py	10990	ee2ac0b544bd1c9fd843ef27913d902a8071c438e23117da7cf9d267fc723283
code	/home/s471802/nn-gpt/out/nngpt/new_lemur/nn/rl-bb-struct1-v2-sftcycle-deee25027f757782dad2395fc043c995.py	nn/rl-bb-struct1-v2-sftcycle-deee25027f757782dad2395fc043c995.py	10950	a4f5ba8a84defc9108923edfbbc68efba37f00f09143005a0f2d5f4d19005583
code	/home/s471802/nn-gpt/out/nngpt/new_lemur/nn/rl-bb-struct1-v2-sftcycle-df0c14b80dd89ca0b5693dfd44eae0ae.py	nn/rl-bb-struct1-v2-sftcycle-df0c14b80dd89ca0b5693dfd44eae0ae.py	10974	3bbbb1c4a4b908d6f509ba808a0f5bc52fd15a5915afb291204658445255f641
code	/home/s471802/nn-gpt/out/nngpt/new_lemur/nn/rl-bb-struct1-v2-sftcycle-e007d4a59b9af8f06a816452cc09b5fc.py	nn/rl-bb-struct1-v2-sftcycle-e007d4a59b9af8f06a816452cc09b5fc.py	10968	7a2acec1903254e4a79036a1e9de2a4e1f88c097e51dbd3382b2a28a57d7f8be
code	/home/s471802/nn-gpt/out/nngpt/new_lemur/nn/rl-bb-struct1-v2-sftcycle-e06334203c9c05c269abf86338a5d4e0.py	nn/rl-bb-struct1-v2-sftcycle-e06334203c9c05c269abf86338a5d4e0.py	10969	2d2e9ca6070e0f4fa2293aa090514f912927085fc43dead37d13c2b05ca8caf8
code	/home/s471802/nn-gpt/out/nngpt/new_lemur/nn/rl-bb-struct1-v2-sftcycle-e0ebe37a55ca7602c4463b3cee7a30df.py	nn/rl-bb-struct1-v2-sftcycle-e0ebe37a55ca7602c4463b3cee7a30df.py	10904	7d9108008fa98c3e34b552d5ebc10f02148f9e55e99a9a6521fdc14a7dc3231f
code	/home/s471802/nn-gpt/out/nngpt/new_lemur/nn/rl-bb-struct1-v2-sftcycle-e1cc91a914e8522c1ab485f6caf92af6.py	nn/rl-bb-struct1-v2-sftcycle-e1cc91a914e8522c1ab485f6caf92af6.py	11049	beff5cc90c785e3adcb8cfd3ca42682687863f00292886aad9f7696190cbf2eb
code	/home/s471802/nn-gpt/out/nngpt/new_lemur/nn/rl-bb-struct1-v2-sftcycle-e1eceb3a910e7d92a4a8687d6e4198d6.py	nn/rl-bb-struct1-v2-sftcycle-e1eceb3a910e7d92a4a8687d6e4198d6.py	10976	0cac315dfbb4d8864cd7656c8d89ce098670a5585cedd9cf5bec15b4466470ce
code	/home/s471802/nn-gpt/out/nngpt/new_lemur/nn/rl-bb-struct1-v2-sftcycle-e22ac1c4a7134d5427500fd1d09fb58d.py	nn/rl-bb-struct1-v2-sftcycle-e22ac1c4a7134d5427500fd1d09fb58d.py	10274	576bd45dcd8a92675b523cbabd96f2340f2b447510f876a912240df414faf844
code	/home/s471802/nn-gpt/out/nngpt/new_lemur/nn/rl-bb-struct1-v2-sftcycle-e23f5bc491779b9dfcb69c18146d0bc5.py	nn/rl-bb-struct1-v2-sftcycle-e23f5bc491779b9dfcb69c18146d0bc5.py	10924	281aefcfb1d1a934ee196f965e23d5dfcf850a5675980a478d1719e913938d49
code	/home/s471802/nn-gpt/out/nngpt/new_lemur/nn/rl-bb-struct1-v2-sftcycle-e25800a34f6abeb8becc99322bcf959a.py	nn/rl-bb-struct1-v2-sftcycle-e25800a34f6abeb8becc99322bcf959a.py	11288	867ad722515ed94582292275d5b2d92c7919c629185616360110492f5453b0e8
code	/home/s471802/nn-gpt/out/nngpt/new_lemur/nn/rl-bb-struct1-v2-sftcycle-e29dae76726a2378dac75f0208057cd8.py	nn/rl-bb-struct1-v2-sftcycle-e29dae76726a2378dac75f0208057cd8.py	10940	453ac10da4178fc72b272b1006289e0ff91fcfe412b94fb68aad7c3175535230
code	/home/s471802/nn-gpt/out/nngpt/new_lemur/nn/rl-bb-struct1-v2-sftcycle-e2ac2242b17ac407ebe5ec7d756e2179.py	nn/rl-bb-struct1-v2-sftcycle-e2ac2242b17ac407ebe5ec7d756e2179.py	11001	b59c3d6eb8186c00a126d7581521a46762d06fd2b06ec4ed2d3eb8fa147c5366
code	/home/s471802/nn-gpt/out/nngpt/new_lemur/nn/rl-bb-struct1-v2-sftcycle-e2c93ee3745aee7e14058f215a7d39ef.py	nn/rl-bb-struct1-v2-sftcycle-e2c93ee3745aee7e14058f215a7d39ef.py	11077	191f3f56f48363fff98617768d48a8ff04b3b8d0419b10940e67ba75ad54e499
code	/home/s471802/nn-gpt/out/nngpt/new_lemur/nn/rl-bb-struct1-v2-sftcycle-e3759c6023a135e3cd97baa42fbf56f4.py	nn/rl-bb-struct1-v2-sftcycle-e3759c6023a135e3cd97baa42fbf56f4.py	11075	8a8d27530b96cd8c2fc32f6db4fbd683428f156ce94f346882bf56e038c2b501
code	/home/s471802/nn-gpt/out/nngpt/new_lemur/nn/rl-bb-struct1-v2-sftcycle-e41bd8b69e8a2919cfd1e97067d7ecd2.py	nn/rl-bb-struct1-v2-sftcycle-e41bd8b69e8a2919cfd1e97067d7ecd2.py	11040	f9f515a0ae50db3176b3f84e3dc8e9c05c63251678c672c12d274fe762e3aba5
code	/home/s471802/nn-gpt/out/nngpt/new_lemur/nn/rl-bb-struct1-v2-sftcycle-e421049e4744d3aff2902a24754d2768.py	nn/rl-bb-struct1-v2-sftcycle-e421049e4744d3aff2902a24754d2768.py	11048	48d7a13feb1a64fc305db36e6816991bc179d53cd99f825a787fcb54312635ee
code	/home/s471802/nn-gpt/out/nngpt/new_lemur/nn/rl-bb-struct1-v2-sftcycle-e4fd8ac1e750bdea993773d3459c91b7.py	nn/rl-bb-struct1-v2-sftcycle-e4fd8ac1e750bdea993773d3459c91b7.py	10996	10b8274653377dbb191deb72d5016a73c566f6c8c73a071f3b4f90bc241b87ec
code	/home/s471802/nn-gpt/out/nngpt/new_lemur/nn/rl-bb-struct1-v2-sftcycle-e564c65385010280abff8fe9813c50c0.py	nn/rl-bb-struct1-v2-sftcycle-e564c65385010280abff8fe9813c50c0.py	11002	b81d1d6ed4ab57189e79f0005eab0b03d65b4d0ae1d40541e7728d5fd7b7cfe7
code	/home/s471802/nn-gpt/out/nngpt/new_lemur/nn/rl-bb-struct1-v2-sftcycle-e5bf8ac014fd9069292d5dc3af922dc2.py	nn/rl-bb-struct1-v2-sftcycle-e5bf8ac014fd9069292d5dc3af922dc2.py	11026	1a8b428d3001df4ffd172847c3d6cd3cbc4b8bf55a24ef47be3650cb647a2cf5
code	/home/s471802/nn-gpt/out/nngpt/new_lemur/nn/rl-bb-struct1-v2-sftcycle-e5e93980fc5aded0bad54df710b44ffd.py	nn/rl-bb-struct1-v2-sftcycle-e5e93980fc5aded0bad54df710b44ffd.py	11075	9c6d2ec8addbd3cd01d2bb5fa053546b28e3d462a345b88010332c8bb4eeb6ba
code	/home/s471802/nn-gpt/out/nngpt/new_lemur/nn/rl-bb-struct1-v2-sftcycle-e5fae14b1595c352826546ad7fce8a6d.py	nn/rl-bb-struct1-v2-sftcycle-e5fae14b1595c352826546ad7fce8a6d.py	10986	c9e58af3018e1c4e3ea8ec2bd196ddac55b5c34827f6c3a27bfcc22d0a80834d
code	/home/s471802/nn-gpt/out/nngpt/new_lemur/nn/rl-bb-struct1-v2-sftcycle-e62dc19902b4c60aaafc2e7ff633ca24.py	nn/rl-bb-struct1-v2-sftcycle-e62dc19902b4c60aaafc2e7ff633ca24.py	10995	223639dfe56bf6f217112f9a93579505d1f77c161366fc5ba2f1d7b808b79b38
code	/home/s471802/nn-gpt/out/nngpt/new_lemur/nn/rl-bb-struct1-v2-sftcycle-e6636ce9544af14aada539c1bb3dbd47.py	nn/rl-bb-struct1-v2-sftcycle-e6636ce9544af14aada539c1bb3dbd47.py	11044	6047066e4d62adb24d5a1fbdb81cf7a778a4e94f3f9fe1b46f4d5e14dbe3190d
code	/home/s471802/nn-gpt/out/nngpt/new_lemur/nn/rl-bb-struct1-v2-sftcycle-e698887b4cd2ee8a971397d8ed10687e.py	nn/rl-bb-struct1-v2-sftcycle-e698887b4cd2ee8a971397d8ed10687e.py	11077	fd8d935e7de3bca570171a22a5a9b6290d6eb27b5d5c06bf7b8fb2ddb46e7e41
code	/home/s471802/nn-gpt/out/nngpt/new_lemur/nn/rl-bb-struct1-v2-sftcycle-e739fd5f084b2897c17b97008c325dad.py	nn/rl-bb-struct1-v2-sftcycle-e739fd5f084b2897c17b97008c325dad.py	10983	3c6aa291e8c1b1b57311daf15264d98e5715e5d83699bbd7d095b715e0703b3f
code	/home/s471802/nn-gpt/out/nngpt/new_lemur/nn/rl-bb-struct1-v2-sftcycle-e961ebf210acb692e81fe61eb715c502.py	nn/rl-bb-struct1-v2-sftcycle-e961ebf210acb692e81fe61eb715c502.py	11147	d26c922cd1ef7d6790430126e629f5ca850e34e25906432856a8532b2ad8dd7e
code	/home/s471802/nn-gpt/out/nngpt/new_lemur/nn/rl-bb-struct1-v2-sftcycle-ea74cf613216c4e1d390b8168e360a07.py	nn/rl-bb-struct1-v2-sftcycle-ea74cf613216c4e1d390b8168e360a07.py	11018	976215a30bcbb1bfd4583c5f7bc19c91a884988c6dce891bf589e3e243affd4d
code	/home/s471802/nn-gpt/out/nngpt/new_lemur/nn/rl-bb-struct1-v2-sftcycle-ea79c3fed1e8f88bef429fd611e7a40e.py	nn/rl-bb-struct1-v2-sftcycle-ea79c3fed1e8f88bef429fd611e7a40e.py	11147	7bcfb711a18a8402ad2628cf7c7a2b4c55b05aedd87d252b59d09bba1eacc703
code	/home/s471802/nn-gpt/out/nngpt/new_lemur/nn/rl-bb-struct1-v2-sftcycle-eb011eadbc12b2905c1f81798aa6c9cc.py	nn/rl-bb-struct1-v2-sftcycle-eb011eadbc12b2905c1f81798aa6c9cc.py	10953	23882c2940290236e22ac52b234bbfcafa4ba71f069a5e493de6a43f9f950448
code	/home/s471802/nn-gpt/out/nngpt/new_lemur/nn/rl-bb-struct1-v2-sftcycle-eb8d706f2750643810fd0df403fea473.py	nn/rl-bb-struct1-v2-sftcycle-eb8d706f2750643810fd0df403fea473.py	11029	47fb10dd8c86bbf33339a7ca852e0710e3c2caf4569447bc1b73f1057b4b932a
code	/home/s471802/nn-gpt/out/nngpt/new_lemur/nn/rl-bb-struct1-v2-sftcycle-ebe34bc5f988c6faa894c367856b9ce5.py	nn/rl-bb-struct1-v2-sftcycle-ebe34bc5f988c6faa894c367856b9ce5.py	10986	5edb8c641aff986ce863fa2816bb7e38c7ce9c3222d3a7fedc75c6b385769fed
code	/home/s471802/nn-gpt/out/nngpt/new_lemur/nn/rl-bb-struct1-v2-sftcycle-ec07771597b6d8da78d4ca3af3496155.py	nn/rl-bb-struct1-v2-sftcycle-ec07771597b6d8da78d4ca3af3496155.py	10970	0453de13b4770957fec12f7a0aa0ff9c352e1bc44c30ee0a20bc61c35a6274f9
code	/home/s471802/nn-gpt/out/nngpt/new_lemur/nn/rl-bb-struct1-v2-sftcycle-ec189af22d71c8f28d13a8fe245dbb15.py	nn/rl-bb-struct1-v2-sftcycle-ec189af22d71c8f28d13a8fe245dbb15.py	11005	a9028f7e4f679c0b6a45519110d142e37abf2f29cd34267a96d0f6877900631d
code	/home/s471802/nn-gpt/out/nngpt/new_lemur/nn/rl-bb-struct1-v2-sftcycle-ec29837747864c44058a1f9c044f9802.py	nn/rl-bb-struct1-v2-sftcycle-ec29837747864c44058a1f9c044f9802.py	11006	347fc528967352a10535bd50628a4aae559f23c2d4e72ca382ad071f0713cbab
code	/home/s471802/nn-gpt/out/nngpt/new_lemur/nn/rl-bb-struct1-v2-sftcycle-ec361d4e7f8732cadd12b9e7b61af331.py	nn/rl-bb-struct1-v2-sftcycle-ec361d4e7f8732cadd12b9e7b61af331.py	10999	9766d5ace0dce998ff91f6a68a7913810f7b5d686e755bb032657812b659b203
code	/home/s471802/nn-gpt/out/nngpt/new_lemur/nn/rl-bb-struct1-v2-sftcycle-ecba41cc2bacfb954e0c814a07612ffd.py	nn/rl-bb-struct1-v2-sftcycle-ecba41cc2bacfb954e0c814a07612ffd.py	10944	9c0bfc22555fd8460f3b6766f8a3841d0a558757eef74ccfb809f3536e19ed68
code	/home/s471802/nn-gpt/out/nngpt/new_lemur/nn/rl-bb-struct1-v2-sftcycle-ed4951e29ec35a7a9ef728a4f368f3ae.py	nn/rl-bb-struct1-v2-sftcycle-ed4951e29ec35a7a9ef728a4f368f3ae.py	10911	c34da535358cb23b14293f4b814f75db867a77d2c68f243300aed23ca36de9af
code	/home/s471802/nn-gpt/out/nngpt/new_lemur/nn/rl-bb-struct1-v2-sftcycle-ed60dfe054eb2da85c25db90290ac6ab.py	nn/rl-bb-struct1-v2-sftcycle-ed60dfe054eb2da85c25db90290ac6ab.py	10964	c5a83636fc8b7790e1baaa251a05cdf2d5dcbc316bcb3ad8b7d949eb52f0cb89
code	/home/s471802/nn-gpt/out/nngpt/new_lemur/nn/rl-bb-struct1-v2-sftcycle-ee669b8893d677785921e13e41ff33aa.py	nn/rl-bb-struct1-v2-sftcycle-ee669b8893d677785921e13e41ff33aa.py	10942	fd671c6af651a39b5984fb74830b2a21b952bd6bc13c20deb3cb70ebfe220153
code	/home/s471802/nn-gpt/out/nngpt/new_lemur/nn/rl-bb-struct1-v2-sftcycle-ee6e53b82f2a45b513bf445d980bd659.py	nn/rl-bb-struct1-v2-sftcycle-ee6e53b82f2a45b513bf445d980bd659.py	10959	33ccda7cebd5e642e7050bc0a5a584eedea8064025c17c2b0b5ec751036050a7
code	/home/s471802/nn-gpt/out/nngpt/new_lemur/nn/rl-bb-struct1-v2-sftcycle-efe1bf1f135c931797d137de0dd6114b.py	nn/rl-bb-struct1-v2-sftcycle-efe1bf1f135c931797d137de0dd6114b.py	11088	e74ded0eaa3c1f95c918f48af94708f14e4bd0921c40914f57a67d0298840967
code	/home/s471802/nn-gpt/out/nngpt/new_lemur/nn/rl-bb-struct1-v2-sftcycle-f0a956f45046bf86a6398a7b13fddfba.py	nn/rl-bb-struct1-v2-sftcycle-f0a956f45046bf86a6398a7b13fddfba.py	10983	01dd840d470fdf27a949b71beceda711e31cf1910a46ea4f3115a55364e517b3
code	/home/s471802/nn-gpt/out/nngpt/new_lemur/nn/rl-bb-struct1-v2-sftcycle-f11973760198c529d1f8d323363dabe8.py	nn/rl-bb-struct1-v2-sftcycle-f11973760198c529d1f8d323363dabe8.py	10926	2af9265acbb1d0982ac9542a9201f1e667a0b6f8c0ba37db875fccf0104087a4
code	/home/s471802/nn-gpt/out/nngpt/new_lemur/nn/rl-bb-struct1-v2-sftcycle-f1d9a6ad53e9c7e08c943ca7a9376e14.py	nn/rl-bb-struct1-v2-sftcycle-f1d9a6ad53e9c7e08c943ca7a9376e14.py	10982	a15948798ce25e5d6ac7bce3a3a720152ff818bb5bda212bdd2f074758d429d3
code	/home/s471802/nn-gpt/out/nngpt/new_lemur/nn/rl-bb-struct1-v2-sftcycle-f3a2f1ea8d51e8efc672f290410c46c3.py	nn/rl-bb-struct1-v2-sftcycle-f3a2f1ea8d51e8efc672f290410c46c3.py	10965	5ab49d8a56dd6fd0ad6cd68369d8cc0e294bad8f26f6608416807f165803dd94
code	/home/s471802/nn-gpt/out/nngpt/new_lemur/nn/rl-bb-struct1-v2-sftcycle-f4556af9dd3244284be39bb8ca2bc61e.py	nn/rl-bb-struct1-v2-sftcycle-f4556af9dd3244284be39bb8ca2bc61e.py	10987	b82abc2ced769c662c18ff77043070b6369924c31fadc15bc61513762493e31a
code	/home/s471802/nn-gpt/out/nngpt/new_lemur/nn/rl-bb-struct1-v2-sftcycle-f486ccc87b4cedfe3244b5499697d3c6.py	nn/rl-bb-struct1-v2-sftcycle-f486ccc87b4cedfe3244b5499697d3c6.py	11096	fd08b3fb552a736874022fdf4e25fdd3988dd78383cf286ec6dc1230d94ea4d0
code	/home/s471802/nn-gpt/out/nngpt/new_lemur/nn/rl-bb-struct1-v2-sftcycle-f4d0ce46698249a6dce5d5e17f640d6d.py	nn/rl-bb-struct1-v2-sftcycle-f4d0ce46698249a6dce5d5e17f640d6d.py	11202	0dcaa22b5b0f5b04170b8a5ed3096d8ff3aacb678ff817aa269b72ffddd0e3ff
code	/home/s471802/nn-gpt/out/nngpt/new_lemur/nn/rl-bb-struct1-v2-sftcycle-f52e0902805d74bfcb2c1b864db36807.py	nn/rl-bb-struct1-v2-sftcycle-f52e0902805d74bfcb2c1b864db36807.py	11015	395f1bdfc36506ead1ebffa3d4224d7048dfef812d6e0ebe40cc2893c2615450
code	/home/s471802/nn-gpt/out/nngpt/new_lemur/nn/rl-bb-struct1-v2-sftcycle-f5c8f8e64f06de06a938f29a9c051cbf.py	nn/rl-bb-struct1-v2-sftcycle-f5c8f8e64f06de06a938f29a9c051cbf.py	11019	7a8a9358b48215d51d550b1036ee74e5f0812d1f6c02b4a6d17602b1f9142c6f
code	/home/s471802/nn-gpt/out/nngpt/new_lemur/nn/rl-bb-struct1-v2-sftcycle-f6bd40ca91fff1af8803978f0d7e5cf9.py	nn/rl-bb-struct1-v2-sftcycle-f6bd40ca91fff1af8803978f0d7e5cf9.py	10966	1fa561305ffbe02ae22e8bb7989b7ca55cbfbbafce7d6cc48e6e6f506d2cdedc
code	/home/s471802/nn-gpt/out/nngpt/new_lemur/nn/rl-bb-struct1-v2-sftcycle-f7af3cac441c32ac203fb5384679f32e.py	nn/rl-bb-struct1-v2-sftcycle-f7af3cac441c32ac203fb5384679f32e.py	10966	20eae396c6571ef4f5568b432efd9c07dc2dc73300db90e56b90ea98bc4f454a
code	/home/s471802/nn-gpt/out/nngpt/new_lemur/nn/rl-bb-struct1-v2-sftcycle-f807b1af46204f1fbef9c6abc19ec8ad.py	nn/rl-bb-struct1-v2-sftcycle-f807b1af46204f1fbef9c6abc19ec8ad.py	10953	1879ffb8ba4ad85ae0a6277017397f5f318686583814c2e6fc81d3997b8b64b9
code	/home/s471802/nn-gpt/out/nngpt/new_lemur/nn/rl-bb-struct1-v2-sftcycle-f87ad6804f3da2fdf26202d40e612757.py	nn/rl-bb-struct1-v2-sftcycle-f87ad6804f3da2fdf26202d40e612757.py	10991	40e9ad40a68c481fd892d5d7959da896b1d96fb8973a435ea6a1b9324bbc2c06
code	/home/s471802/nn-gpt/out/nngpt/new_lemur/nn/rl-bb-struct1-v2-sftcycle-f96228f113b71b08b6a60c2e27bacc2a.py	nn/rl-bb-struct1-v2-sftcycle-f96228f113b71b08b6a60c2e27bacc2a.py	11080	d91b81b7bb45896e431333419c171d836d8db6c7bf49692adc908c94e065f346
code	/home/s471802/nn-gpt/out/nngpt/new_lemur/nn/rl-bb-struct1-v2-sftcycle-fb1fcda8c1e0a51d679faea0b3c555a2.py	nn/rl-bb-struct1-v2-sftcycle-fb1fcda8c1e0a51d679faea0b3c555a2.py	10897	b4af4f7b261453bb098e68cd0ece7cd88df37d7845f5d3f6387e530812f073f0
code	/home/s471802/nn-gpt/out/nngpt/new_lemur/nn/rl-bb-struct1-v2-sftcycle-fb772d59d57c86b3fd92d8cee5f63816.py	nn/rl-bb-struct1-v2-sftcycle-fb772d59d57c86b3fd92d8cee5f63816.py	10933	edb522383c7c7d573ec49874936ae468291be9b88020d08c419e49f72f02a2e8
code	/home/s471802/nn-gpt/out/nngpt/new_lemur/nn/rl-bb-struct1-v2-sftcycle-fb7d51479dc52f33e834a0acad20aa48.py	nn/rl-bb-struct1-v2-sftcycle-fb7d51479dc52f33e834a0acad20aa48.py	11162	e32152967828163108ba22c1a9294eb50cf29031da0a578b2eda3c3967819849
code	/home/s471802/nn-gpt/out/nngpt/new_lemur/nn/rl-bb-struct1-v2-sftcycle-fc2b7ae962630a8f7fda7d4e768813b3.py	nn/rl-bb-struct1-v2-sftcycle-fc2b7ae962630a8f7fda7d4e768813b3.py	11138	410f961fe157dcd33e77977d0c6c1bb36f815ed7cda6df9f111d248396ead130
code	/home/s471802/nn-gpt/out/nngpt/new_lemur/nn/rl-bb-struct1-v2-sftcycle-fce4e3bdb4630ec07f37bc423cfcfc7c.py	nn/rl-bb-struct1-v2-sftcycle-fce4e3bdb4630ec07f37bc423cfcfc7c.py	10930	61f3e3bfff267eb9b034d0311a1757f3400fd18bf04f4abc7422dc172295358f
code	/home/s471802/nn-gpt/out/nngpt/new_lemur/nn/rl-bb-struct1-v2-sftcycle-fcf6f79ddf652ef740d7a6046ed7c65d.py	nn/rl-bb-struct1-v2-sftcycle-fcf6f79ddf652ef740d7a6046ed7c65d.py	11015	a6973f8a4bbd115cabde93215d6273a936f87ef2631a5a73cf3a18d3555bea1f
code	/home/s471802/nn-gpt/out/nngpt/new_lemur/nn/rl-bb-struct1-v2-sftcycle-fd7462e850d90dd85e3615d1bee9d888.py	nn/rl-bb-struct1-v2-sftcycle-fd7462e850d90dd85e3615d1bee9d888.py	10965	c3404a86a65441444614f3f6af709827188158ae50d63233693ccc2aa300c1fb
code	/home/s471802/nn-gpt/out/nngpt/new_lemur/nn/rl-bb-struct1-v2-sftcycle-fdb12ff2e8df285eff5f33faa0d0e983.py	nn/rl-bb-struct1-v2-sftcycle-fdb12ff2e8df285eff5f33faa0d0e983.py	10997	1a66add34a09d133ced006142e45bfd11f76914218ae42635b9dfd4440f4c2f1
code	/home/s471802/nn-gpt/out/nngpt/new_lemur/nn/rl-bb-struct1-v2-sftcycle-ff66ca40db03b6a1f7efcb9fe0055fc9.py	nn/rl-bb-struct1-v2-sftcycle-ff66ca40db03b6a1f7efcb9fe0055fc9.py	11124	d4d11b52c9251b12ec5ef9ec9700d0c9555c8e3ac1a2f961064c434b8adc3cc4
code	/home/s471802/nn-gpt/out/nngpt/new_lemur/nn/rl-bb-struct1-v2-sftcycle-ff7ae9907cf11f7966c73a230b3723eb.py	nn/rl-bb-struct1-v2-sftcycle-ff7ae9907cf11f7966c73a230b3723eb.py	11019	67044ee402fd42bb155b169e7ff6b69ff91712a6cd0e5e59788106ef98de0365
code	/home/s471802/nn-gpt/out/nngpt/new_lemur/nn/rl-bb-struct1-v2-sftcycle-ffede6f1e1cf9f6623e7a97414b34907.py	nn/rl-bb-struct1-v2-sftcycle-ffede6f1e1cf9f6623e7a97414b34907.py	11072	314cfbc033ca806a0d25f411f41219ed8232a262985c2d515f5eecbf8b5a7413
evaluation_stat	/home/s471802/nn-gpt/out/nngpt/new_lemur/train/img-classification_cifar-10_acc_rl-bb-struct1-v2-sftcycle-007a52947163da2dc469e359677f4db2/1.json	train/img-classification_cifar-10_acc_rl-bb-struct1-v2-sftcycle-007a52947163da2dc469e359677f4db2/1.json	1425	53c79020c31125ea2e0cd78428e811bc486cc9176cb5a41ce1b01cc61ad793cd
evaluation_stat	/home/s471802/nn-gpt/out/nngpt/new_lemur/train/img-classification_cifar-10_acc_rl-bb-struct1-v2-sftcycle-0102e6e2c5555b70ec7e53db6f77d38b/1.json	train/img-classification_cifar-10_acc_rl-bb-struct1-v2-sftcycle-0102e6e2c5555b70ec7e53db6f77d38b/1.json	1425	78c7ddc4548ecd4c0efb2e149ad2d32a619f3c2cf9ba085e0f9802195b3f151a
evaluation_stat	/home/s471802/nn-gpt/out/nngpt/new_lemur/train/img-classification_cifar-10_acc_rl-bb-struct1-v2-sftcycle-014996f6b75a272f6e3ced0ba259f758/1.json	train/img-classification_cifar-10_acc_rl-bb-struct1-v2-sftcycle-014996f6b75a272f6e3ced0ba259f758/1.json	1426	e68b685ae4a84b8d15672f31e53b5a89e411269c64b046dd4eb1d0546e317487
evaluation_stat	/home/s471802/nn-gpt/out/nngpt/new_lemur/train/img-classification_cifar-10_acc_rl-bb-struct1-v2-sftcycle-01a8fcc6bd0d1d44f9d090373adfffed/1.json	train/img-classification_cifar-10_acc_rl-bb-struct1-v2-sftcycle-01a8fcc6bd0d1d44f9d090373adfffed/1.json	1426	dce8f98836075691941c6cefc27c909b864e29a679fffc6f5d09e8f8fa6a09c2
evaluation_stat	/home/s471802/nn-gpt/out/nngpt/new_lemur/train/img-classification_cifar-10_acc_rl-bb-struct1-v2-sftcycle-01fcba2dd9944fb7356ab61d7e6bb994/1.json	train/img-classification_cifar-10_acc_rl-bb-struct1-v2-sftcycle-01fcba2dd9944fb7356ab61d7e6bb994/1.json	1426	61e14f601c7ba600d1912f58b91efcfddfcaecbce65b1890f3c16f8f4dbc081b
evaluation_stat	/home/s471802/nn-gpt/out/nngpt/new_lemur/train/img-classification_cifar-10_acc_rl-bb-struct1-v2-sftcycle-02591937b610438e8aa2bf093f75a195/1.json	train/img-classification_cifar-10_acc_rl-bb-struct1-v2-sftcycle-02591937b610438e8aa2bf093f75a195/1.json	1424	eb15f8735f041d046d1d7deee4996a4e3d0c4a2150e74d22d14d8037e48946d5
evaluation_stat	/home/s471802/nn-gpt/out/nngpt/new_lemur/train/img-classification_cifar-10_acc_rl-bb-struct1-v2-sftcycle-02953889c8056157478cf8bb0eea60ad/1.json	train/img-classification_cifar-10_acc_rl-bb-struct1-v2-sftcycle-02953889c8056157478cf8bb0eea60ad/1.json	1426	8045b8f2b3b54cf6214e95d8747209b669a39d0793a928a032febb851e26f6a8
evaluation_stat	/home/s471802/nn-gpt/out/nngpt/new_lemur/train/img-classification_cifar-10_acc_rl-bb-struct1-v2-sftcycle-0334bfa227bfe97487be3a70b085b620/1.json	train/img-classification_cifar-10_acc_rl-bb-struct1-v2-sftcycle-0334bfa227bfe97487be3a70b085b620/1.json	1424	314f5aff694ad3a3f85d814f0cb74bbaa5ebf393f30327f8d1d1352cb8f8f804
evaluation_stat	/home/s471802/nn-gpt/out/nngpt/new_lemur/train/img-classification_cifar-10_acc_rl-bb-struct1-v2-sftcycle-0390fda463c3db69a8903c851ee24b84/1.json	train/img-classification_cifar-10_acc_rl-bb-struct1-v2-sftcycle-0390fda463c3db69a8903c851ee24b84/1.json	1425	5e488542f3628bc59628974a6ca1b8ebe90a139bcadef72e4e78cd677bc7648c
evaluation_stat	/home/s471802/nn-gpt/out/nngpt/new_lemur/train/img-classification_cifar-10_acc_rl-bb-struct1-v2-sftcycle-03e0d940604f2cb7f7c22051f7f30955/1.json	train/img-classification_cifar-10_acc_rl-bb-struct1-v2-sftcycle-03e0d940604f2cb7f7c22051f7f30955/1.json	1426	4cfaf642d6e4cd4875b915929d68ae900de8ae0a4512ccee83a1e00c54055d4d
evaluation_stat	/home/s471802/nn-gpt/out/nngpt/new_lemur/train/img-classification_cifar-10_acc_rl-bb-struct1-v2-sftcycle-03f33514ac96fb33564ba40b8e8ed20d/1.json	train/img-classification_cifar-10_acc_rl-bb-struct1-v2-sftcycle-03f33514ac96fb33564ba40b8e8ed20d/1.json	1428	5884bdee3770e1c0a6605de1610aeca093861fd16b13b8772562b418077b0337
evaluation_stat	/home/s471802/nn-gpt/out/nngpt/new_lemur/train/img-classification_cifar-10_acc_rl-bb-struct1-v2-sftcycle-040a4acec5442fb7f8a58574e9413ce8/1.json	train/img-classification_cifar-10_acc_rl-bb-struct1-v2-sftcycle-040a4acec5442fb7f8a58574e9413ce8/1.json	1425	0bad8865f0907cfbad3eaf66e59e1b02e691e5afa0fa2756f88cb8b90396016f
evaluation_stat	/home/s471802/nn-gpt/out/nngpt/new_lemur/train/img-classification_cifar-10_acc_rl-bb-struct1-v2-sftcycle-04271ef40f481159daec785ec6464e21/1.json	train/img-classification_cifar-10_acc_rl-bb-struct1-v2-sftcycle-04271ef40f481159daec785ec6464e21/1.json	1427	ff0789f05fd69b4f7b0d20d500e8085cf2e6a91dbb1fa7bb1bfb6ec20a7126c8
evaluation_stat	/home/s471802/nn-gpt/out/nngpt/new_lemur/train/img-classification_cifar-10_acc_rl-bb-struct1-v2-sftcycle-046330f385c80b8b6cc5de37a761a12b/1.json	train/img-classification_cifar-10_acc_rl-bb-struct1-v2-sftcycle-046330f385c80b8b6cc5de37a761a12b/1.json	1425	3a60f5acf762a401edbc88aab90dc7c7940e05544425a14a6ed0f7e520256c6b
evaluation_stat	/home/s471802/nn-gpt/out/nngpt/new_lemur/train/img-classification_cifar-10_acc_rl-bb-struct1-v2-sftcycle-067afd725f2994670f622f5d356c2aa2/1.json	train/img-classification_cifar-10_acc_rl-bb-struct1-v2-sftcycle-067afd725f2994670f622f5d356c2aa2/1.json	1426	936377bfa86122dd84c2d7db436d6417f994981d1bd060d7a8725d7de38c524d
evaluation_stat	/home/s471802/nn-gpt/out/nngpt/new_lemur/train/img-classification_cifar-10_acc_rl-bb-struct1-v2-sftcycle-087b72ee1a488aed5004a89805d8cb42/1.json	train/img-classification_cifar-10_acc_rl-bb-struct1-v2-sftcycle-087b72ee1a488aed5004a89805d8cb42/1.json	1428	6ae2b27b81caed5b2b68dbec571b1c40035f32f3f67622ddbaa0607da5110365
evaluation_stat	/home/s471802/nn-gpt/out/nngpt/new_lemur/train/img-classification_cifar-10_acc_rl-bb-struct1-v2-sftcycle-08a5431485afd8e0e5c7308312535e42/1.json	train/img-classification_cifar-10_acc_rl-bb-struct1-v2-sftcycle-08a5431485afd8e0e5c7308312535e42/1.json	1427	ee5895c80e180fe8300abf8ab122dba31f7bb87a99f4618dd3715ab49f2b058b
evaluation_stat	/home/s471802/nn-gpt/out/nngpt/new_lemur/train/img-classification_cifar-10_acc_rl-bb-struct1-v2-sftcycle-0a0eb7b10aa19f4e76616114f5bb45c8/1.json	train/img-classification_cifar-10_acc_rl-bb-struct1-v2-sftcycle-0a0eb7b10aa19f4e76616114f5bb45c8/1.json	1425	b2049721626c70ada56b73655a355f99f43d58c0fe7f3d9fa1b75fe1a4e5f7a6
evaluation_stat	/home/s471802/nn-gpt/out/nngpt/new_lemur/train/img-classification_cifar-10_acc_rl-bb-struct1-v2-sftcycle-0a25313c4819126bb8307fed63500ae3/1.json	train/img-classification_cifar-10_acc_rl-bb-struct1-v2-sftcycle-0a25313c4819126bb8307fed63500ae3/1.json	1427	a8f330f95f4e60aab4df805b8628bcde0199602b0aa70028026b68bb4dd3d3ab
evaluation_stat	/home/s471802/nn-gpt/out/nngpt/new_lemur/train/img-classification_cifar-10_acc_rl-bb-struct1-v2-sftcycle-0bbd8318314d6cd98d24b46f716533f2/1.json	train/img-classification_cifar-10_acc_rl-bb-struct1-v2-sftcycle-0bbd8318314d6cd98d24b46f716533f2/1.json	1429	99e3547ac5c83c40aef108fe179263c4ffce1d3fc405d1562f0810d54d1c1d6b
evaluation_stat	/home/s471802/nn-gpt/out/nngpt/new_lemur/train/img-classification_cifar-10_acc_rl-bb-struct1-v2-sftcycle-0c38b2344a2a75c977cfd42d92e4c389/1.json	train/img-classification_cifar-10_acc_rl-bb-struct1-v2-sftcycle-0c38b2344a2a75c977cfd42d92e4c389/1.json	1427	d344d6dcec768ac4b6c571aca4336693ceb86ae271cc13f9b1b72978fd5a60b3
evaluation_stat	/home/s471802/nn-gpt/out/nngpt/new_lemur/train/img-classification_cifar-10_acc_rl-bb-struct1-v2-sftcycle-0d240f33d2b2018b80f35242edb7592b/1.json	train/img-classification_cifar-10_acc_rl-bb-struct1-v2-sftcycle-0d240f33d2b2018b80f35242edb7592b/1.json	1426	01f5cc32ea3280d55bc7d6bb92fba743aafe160761471e232c30737f4a543e8e
evaluation_stat	/home/s471802/nn-gpt/out/nngpt/new_lemur/train/img-classification_cifar-10_acc_rl-bb-struct1-v2-sftcycle-0d60e5739a5fe76c1b0b2f526242a275/1.json	train/img-classification_cifar-10_acc_rl-bb-struct1-v2-sftcycle-0d60e5739a5fe76c1b0b2f526242a275/1.json	1426	7be2b5fd28c4167f51ccf687386496523f1c17fe2f5b98bdc15b332acca63f1f
evaluation_stat	/home/s471802/nn-gpt/out/nngpt/new_lemur/train/img-classification_cifar-10_acc_rl-bb-struct1-v2-sftcycle-0dfa16c217a38ff7c4440a129b6f798b/1.json	train/img-classification_cifar-10_acc_rl-bb-struct1-v2-sftcycle-0dfa16c217a38ff7c4440a129b6f798b/1.json	1430	358da6b31a39aadf6f62d4327ff930b27f425c6692b2926d4c9c04c0ffaa8625
evaluation_stat	/home/s471802/nn-gpt/out/nngpt/new_lemur/train/img-classification_cifar-10_acc_rl-bb-struct1-v2-sftcycle-0e2b16fc5206fe11ea8681d2296af734/1.json	train/img-classification_cifar-10_acc_rl-bb-struct1-v2-sftcycle-0e2b16fc5206fe11ea8681d2296af734/1.json	1425	15e806f21032a71f0a6dcce12cbf71079915ced7ad45ff9223a08d5a48a21ede
evaluation_stat	/home/s471802/nn-gpt/out/nngpt/new_lemur/train/img-classification_cifar-10_acc_rl-bb-struct1-v2-sftcycle-0ec59f551bf603361441cac102ade3f3/1.json	train/img-classification_cifar-10_acc_rl-bb-struct1-v2-sftcycle-0ec59f551bf603361441cac102ade3f3/1.json	1421	0dbd6f87c07e9059130fc063f0a6aa9ce0cebd609d2d60292774723fb9403fe6
evaluation_stat	/home/s471802/nn-gpt/out/nngpt/new_lemur/train/img-classification_cifar-10_acc_rl-bb-struct1-v2-sftcycle-0ed04577396674b107397a9b6d8918f3/1.json	train/img-classification_cifar-10_acc_rl-bb-struct1-v2-sftcycle-0ed04577396674b107397a9b6d8918f3/1.json	1428	d01af471cd84e88d469f4393603434b618280b897b899bfc9effb06d1d7eae86
evaluation_stat	/home/s471802/nn-gpt/out/nngpt/new_lemur/train/img-classification_cifar-10_acc_rl-bb-struct1-v2-sftcycle-0f4e2f5f911a507f5d1d62b857048912/1.json	train/img-classification_cifar-10_acc_rl-bb-struct1-v2-sftcycle-0f4e2f5f911a507f5d1d62b857048912/1.json	1427	28e8ad12705e32b563ec3142236366511543f14541258daacabd750043b11cec
evaluation_stat	/home/s471802/nn-gpt/out/nngpt/new_lemur/train/img-classification_cifar-10_acc_rl-bb-struct1-v2-sftcycle-102a5f8788f6b016d891dd35ca8966f9/1.json	train/img-classification_cifar-10_acc_rl-bb-struct1-v2-sftcycle-102a5f8788f6b016d891dd35ca8966f9/1.json	1428	5f44a6bd68eac0050e7b729857b8c29e29f6d1c688cacea77fd9fc4e33045276
evaluation_stat	/home/s471802/nn-gpt/out/nngpt/new_lemur/train/img-classification_cifar-10_acc_rl-bb-struct1-v2-sftcycle-1038503a858d86be0a00d4846b30155a/1.json	train/img-classification_cifar-10_acc_rl-bb-struct1-v2-sftcycle-1038503a858d86be0a00d4846b30155a/1.json	1428	561efc8449bc4c8edc117574fc49725b21661216029c115a6aa02e277faceca1
evaluation_stat	/home/s471802/nn-gpt/out/nngpt/new_lemur/train/img-classification_cifar-10_acc_rl-bb-struct1-v2-sftcycle-10c218270686224057cf6a459aeaa4c3/1.json	train/img-classification_cifar-10_acc_rl-bb-struct1-v2-sftcycle-10c218270686224057cf6a459aeaa4c3/1.json	1426	d78107ecdc3c0ffd11bd52ef6c94cf4eba859024990ea73eb3b493c96d7d9e00
evaluation_stat	/home/s471802/nn-gpt/out/nngpt/new_lemur/train/img-classification_cifar-10_acc_rl-bb-struct1-v2-sftcycle-10c6cd6abc2968723e8eedeff9954e73/1.json	train/img-classification_cifar-10_acc_rl-bb-struct1-v2-sftcycle-10c6cd6abc2968723e8eedeff9954e73/1.json	1422	61b6fb688bd9c97ed4ca5ee34f70b814246bedc0b6d2c95b54630ee45eb760ef
evaluation_stat	/home/s471802/nn-gpt/out/nngpt/new_lemur/train/img-classification_cifar-10_acc_rl-bb-struct1-v2-sftcycle-10e61d666fa8646535a407403ee35539/1.json	train/img-classification_cifar-10_acc_rl-bb-struct1-v2-sftcycle-10e61d666fa8646535a407403ee35539/1.json	1427	602f266f5a833f77ab4c17bfdc20c05f2b4dac966c496c0f25c206803ff3fadc
evaluation_stat	/home/s471802/nn-gpt/out/nngpt/new_lemur/train/img-classification_cifar-10_acc_rl-bb-struct1-v2-sftcycle-1121e0691c6c5b087024ad7b2ea13b9e/1.json	train/img-classification_cifar-10_acc_rl-bb-struct1-v2-sftcycle-1121e0691c6c5b087024ad7b2ea13b9e/1.json	1426	c0be6c70c6526017add2ff0812a912698e7ed78f43b206f9a02a9b7a975ee250
evaluation_stat	/home/s471802/nn-gpt/out/nngpt/new_lemur/train/img-classification_cifar-10_acc_rl-bb-struct1-v2-sftcycle-11633582c9efdee1d18b033c287be125/1.json	train/img-classification_cifar-10_acc_rl-bb-struct1-v2-sftcycle-11633582c9efdee1d18b033c287be125/1.json	1427	d21bf46fb92bd6df2b165ffb0a6654def4483061440f103f88002131a6d63abb
evaluation_stat	/home/s471802/nn-gpt/out/nngpt/new_lemur/train/img-classification_cifar-10_acc_rl-bb-struct1-v2-sftcycle-121a4c81c487238008d50d396354dd07/1.json	train/img-classification_cifar-10_acc_rl-bb-struct1-v2-sftcycle-121a4c81c487238008d50d396354dd07/1.json	1425	12c6a317ce27ac8af5f3a9fd073339c7fb5366bd82a46bebe5ec74741a79369c
evaluation_stat	/home/s471802/nn-gpt/out/nngpt/new_lemur/train/img-classification_cifar-10_acc_rl-bb-struct1-v2-sftcycle-122935d762ff0f924cc66b7860ae0311/1.json	train/img-classification_cifar-10_acc_rl-bb-struct1-v2-sftcycle-122935d762ff0f924cc66b7860ae0311/1.json	1423	6ffe708d6730c28e3bd755076f6acd31375bdbb1176bb82da1544e5fb55e7585
evaluation_stat	/home/s471802/nn-gpt/out/nngpt/new_lemur/train/img-classification_cifar-10_acc_rl-bb-struct1-v2-sftcycle-1287d2c73e8fe431710ab4f0d1932a09/1.json	train/img-classification_cifar-10_acc_rl-bb-struct1-v2-sftcycle-1287d2c73e8fe431710ab4f0d1932a09/1.json	1426	f154f77ed4e409e30fafb6c188cc62ed7681148859c4fbb3431d804d802f7fbc
evaluation_stat	/home/s471802/nn-gpt/out/nngpt/new_lemur/train/img-classification_cifar-10_acc_rl-bb-struct1-v2-sftcycle-139633b6b39d6848aa745ef5a00bb079/1.json	train/img-classification_cifar-10_acc_rl-bb-struct1-v2-sftcycle-139633b6b39d6848aa745ef5a00bb079/1.json	1424	2bcbb5e981e4955bc548d9125ea1eef1319d1650c796ca4baf7b0cdd38c0cf79
evaluation_stat	/home/s471802/nn-gpt/out/nngpt/new_lemur/train/img-classification_cifar-10_acc_rl-bb-struct1-v2-sftcycle-13b11e3ac90e5f8afefd2136542c4ae3/1.json	train/img-classification_cifar-10_acc_rl-bb-struct1-v2-sftcycle-13b11e3ac90e5f8afefd2136542c4ae3/1.json	1428	36d20add6df72038cd38bdfbf39ede90da5c031987b1f28fc9fe669fda44fe02
evaluation_stat	/home/s471802/nn-gpt/out/nngpt/new_lemur/train/img-classification_cifar-10_acc_rl-bb-struct1-v2-sftcycle-13b47642875f1e882f978fb527ddcd56/1.json	train/img-classification_cifar-10_acc_rl-bb-struct1-v2-sftcycle-13b47642875f1e882f978fb527ddcd56/1.json	1428	310a810f31c062ee7319d5bfcfe0d18170b11770090c07ccdccca50cbbe50c3e
evaluation_stat	/home/s471802/nn-gpt/out/nngpt/new_lemur/train/img-classification_cifar-10_acc_rl-bb-struct1-v2-sftcycle-13ecf16793d7de49d615e56e423742a6/1.json	train/img-classification_cifar-10_acc_rl-bb-struct1-v2-sftcycle-13ecf16793d7de49d615e56e423742a6/1.json	1426	dc728771335420d32a8912264af85671183bb21dc66c79e78dfa30ae7e00a67a
evaluation_stat	/home/s471802/nn-gpt/out/nngpt/new_lemur/train/img-classification_cifar-10_acc_rl-bb-struct1-v2-sftcycle-1463c0ed1ccba8946f2fc91a9e3dd765/1.json	train/img-classification_cifar-10_acc_rl-bb-struct1-v2-sftcycle-1463c0ed1ccba8946f2fc91a9e3dd765/1.json	1426	9b0062b5419efbfc8a27b0f1bd939354c46498e41447138c3c4efc3047c102c7
evaluation_stat	/home/s471802/nn-gpt/out/nngpt/new_lemur/train/img-classification_cifar-10_acc_rl-bb-struct1-v2-sftcycle-15117b9095c235ea13864b5ecdd71d7b/1.json	train/img-classification_cifar-10_acc_rl-bb-struct1-v2-sftcycle-15117b9095c235ea13864b5ecdd71d7b/1.json	1429	360b0b736e11b33df5bcbe7918979c61bef38d3d320f9dff90ca8556569d1583
evaluation_stat	/home/s471802/nn-gpt/out/nngpt/new_lemur/train/img-classification_cifar-10_acc_rl-bb-struct1-v2-sftcycle-1609f006b381181c0f336596af060b88/1.json	train/img-classification_cifar-10_acc_rl-bb-struct1-v2-sftcycle-1609f006b381181c0f336596af060b88/1.json	1425	8b2c6a10eeb589264957635a2b8e3f7abf6631b05efa0a65d7cf7f35e3cfabe9
evaluation_stat	/home/s471802/nn-gpt/out/nngpt/new_lemur/train/img-classification_cifar-10_acc_rl-bb-struct1-v2-sftcycle-165486bea640eed4b0333e5c79c0a488/1.json	train/img-classification_cifar-10_acc_rl-bb-struct1-v2-sftcycle-165486bea640eed4b0333e5c79c0a488/1.json	1427	61eedfc28214f840ef05ba8aeac680dfc875a3253029ba3e6b69b3156b4a199f
evaluation_stat	/home/s471802/nn-gpt/out/nngpt/new_lemur/train/img-classification_cifar-10_acc_rl-bb-struct1-v2-sftcycle-166098ccd4696c6a34c33462c64b22b4/1.json	train/img-classification_cifar-10_acc_rl-bb-struct1-v2-sftcycle-166098ccd4696c6a34c33462c64b22b4/1.json	1430	a14e149dd5e6673974fc1cf9f0b9eecbc1f38ab293f66f93d0e7f6891d3f07bc
evaluation_stat	/home/s471802/nn-gpt/out/nngpt/new_lemur/train/img-classification_cifar-10_acc_rl-bb-struct1-v2-sftcycle-16cb8c9f0f30793708a35f7d26ed7b74/1.json	train/img-classification_cifar-10_acc_rl-bb-struct1-v2-sftcycle-16cb8c9f0f30793708a35f7d26ed7b74/1.json	1426	a5e5f65fb38dcb4ea364240cd27ca5815f6554fbbb79611d99a6abaebc9d9dd5
evaluation_stat	/home/s471802/nn-gpt/out/nngpt/new_lemur/train/img-classification_cifar-10_acc_rl-bb-struct1-v2-sftcycle-1733009228f08bb6f7b9f03f8bbd7b72/1.json	train/img-classification_cifar-10_acc_rl-bb-struct1-v2-sftcycle-1733009228f08bb6f7b9f03f8bbd7b72/1.json	1427	79ce841a60aa771205972272c20008ea1f1a2dc62ee30b6e6da94c3178802002
evaluation_stat	/home/s471802/nn-gpt/out/nngpt/new_lemur/train/img-classification_cifar-10_acc_rl-bb-struct1-v2-sftcycle-17341437a9959e0158da6d796abe1380/1.json	train/img-classification_cifar-10_acc_rl-bb-struct1-v2-sftcycle-17341437a9959e0158da6d796abe1380/1.json	1426	21fcd6b6340b3577447a0dabccb54204b4755cd59fa7a05a03c45cba5b33cd50
evaluation_stat	/home/s471802/nn-gpt/out/nngpt/new_lemur/train/img-classification_cifar-10_acc_rl-bb-struct1-v2-sftcycle-1745766c1376794511edabbea6081d88/1.json	train/img-classification_cifar-10_acc_rl-bb-struct1-v2-sftcycle-1745766c1376794511edabbea6081d88/1.json	1427	2afff62746c8ca579f7a68e6c2152d37e18051dad5246f2b2baefd5ce5177101
evaluation_stat	/home/s471802/nn-gpt/out/nngpt/new_lemur/train/img-classification_cifar-10_acc_rl-bb-struct1-v2-sftcycle-176eed9abd9e5c260d59ad37296cf5ab/1.json	train/img-classification_cifar-10_acc_rl-bb-struct1-v2-sftcycle-176eed9abd9e5c260d59ad37296cf5ab/1.json	1426	9523eb3ba229185b11ee0da356a888842b0e071ae5ba54b13ab128fdc355e704
evaluation_stat	/home/s471802/nn-gpt/out/nngpt/new_lemur/train/img-classification_cifar-10_acc_rl-bb-struct1-v2-sftcycle-17d9a73b342d5db671a94d89c9d07ec0/1.json	train/img-classification_cifar-10_acc_rl-bb-struct1-v2-sftcycle-17d9a73b342d5db671a94d89c9d07ec0/1.json	1427	c056c29705dccaa53b8152109600ea4162eada8510417d1baf016a5666598822
evaluation_stat	/home/s471802/nn-gpt/out/nngpt/new_lemur/train/img-classification_cifar-10_acc_rl-bb-struct1-v2-sftcycle-18ec6eb45b2135c92b9e2cc7fd670283/1.json	train/img-classification_cifar-10_acc_rl-bb-struct1-v2-sftcycle-18ec6eb45b2135c92b9e2cc7fd670283/1.json	1427	2e338067be639e76ec72a5dd8f437fc2cde8e4e81705d85f67360b1d1e8bc596
evaluation_stat	/home/s471802/nn-gpt/out/nngpt/new_lemur/train/img-classification_cifar-10_acc_rl-bb-struct1-v2-sftcycle-1a182bfeb5012d1f0d005786fa281888/1.json	train/img-classification_cifar-10_acc_rl-bb-struct1-v2-sftcycle-1a182bfeb5012d1f0d005786fa281888/1.json	1426	0f4080408d6ba76e5c09cfa6ca74e60ada7ff2860a56cefeb3f8297868d52b8c
evaluation_stat	/home/s471802/nn-gpt/out/nngpt/new_lemur/train/img-classification_cifar-10_acc_rl-bb-struct1-v2-sftcycle-1a44cacd8f4faa24f4e193be4c12c9b4/1.json	train/img-classification_cifar-10_acc_rl-bb-struct1-v2-sftcycle-1a44cacd8f4faa24f4e193be4c12c9b4/1.json	1422	172ca46fc169072a8838c968b9027d3ef0f8b45f47f602e552f4b96b9aa78b52
evaluation_stat	/home/s471802/nn-gpt/out/nngpt/new_lemur/train/img-classification_cifar-10_acc_rl-bb-struct1-v2-sftcycle-1a6ca1a1a04381166401e8d8064e5fdc/1.json	train/img-classification_cifar-10_acc_rl-bb-struct1-v2-sftcycle-1a6ca1a1a04381166401e8d8064e5fdc/1.json	1425	1926287d0bc8c8f754535518348ff8edb628dc4fa67f08a080ce4e5562cbc1e8
evaluation_stat	/home/s471802/nn-gpt/out/nngpt/new_lemur/train/img-classification_cifar-10_acc_rl-bb-struct1-v2-sftcycle-1bd99b794d738a4d3506b407c34ca2db/1.json	train/img-classification_cifar-10_acc_rl-bb-struct1-v2-sftcycle-1bd99b794d738a4d3506b407c34ca2db/1.json	1426	0c806758291a0a68bfa921ec0d9ae9a733764bcf40de3bb08d982e09be5617fb
evaluation_stat	/home/s471802/nn-gpt/out/nngpt/new_lemur/train/img-classification_cifar-10_acc_rl-bb-struct1-v2-sftcycle-1c27315d5c91eb0d1675ea6427c0c0a4/1.json	train/img-classification_cifar-10_acc_rl-bb-struct1-v2-sftcycle-1c27315d5c91eb0d1675ea6427c0c0a4/1.json	1426	7901fc943542bdba4e8c04067ff917232d2b47cc4108b1282b7ac7132f71b6b1
evaluation_stat	/home/s471802/nn-gpt/out/nngpt/new_lemur/train/img-classification_cifar-10_acc_rl-bb-struct1-v2-sftcycle-1c532042e8d8336e18a6cc27352516aa/1.json	train/img-classification_cifar-10_acc_rl-bb-struct1-v2-sftcycle-1c532042e8d8336e18a6cc27352516aa/1.json	1426	05993e4e1f1783a5377d24866c953794330463b3564459c8f45658dec70c15d3
evaluation_stat	/home/s471802/nn-gpt/out/nngpt/new_lemur/train/img-classification_cifar-10_acc_rl-bb-struct1-v2-sftcycle-1cc93cac8ed36df182cb7040592fc770/1.json	train/img-classification_cifar-10_acc_rl-bb-struct1-v2-sftcycle-1cc93cac8ed36df182cb7040592fc770/1.json	1427	d6050e88d66dd1450efdc5e5fa34010c2e1ac9d00988af404dd81efcf502816b
evaluation_stat	/home/s471802/nn-gpt/out/nngpt/new_lemur/train/img-classification_cifar-10_acc_rl-bb-struct1-v2-sftcycle-1cfef93e9589e808fab0e56f22c9263f/1.json	train/img-classification_cifar-10_acc_rl-bb-struct1-v2-sftcycle-1cfef93e9589e808fab0e56f22c9263f/1.json	1424	104613c6613e08a85c962d8549108cff83aa8da379912441dc9d474a84013841
evaluation_stat	/home/s471802/nn-gpt/out/nngpt/new_lemur/train/img-classification_cifar-10_acc_rl-bb-struct1-v2-sftcycle-1e07eed3fc9b1e3d43ddc0146885487b/1.json	train/img-classification_cifar-10_acc_rl-bb-struct1-v2-sftcycle-1e07eed3fc9b1e3d43ddc0146885487b/1.json	1428	29ca32de38fdd8b8eaa250755acb4ff48918c874b099aa86a5c1ee8f667e6a5d
evaluation_stat	/home/s471802/nn-gpt/out/nngpt/new_lemur/train/img-classification_cifar-10_acc_rl-bb-struct1-v2-sftcycle-1fd63135995062c202b640812726cb91/1.json	train/img-classification_cifar-10_acc_rl-bb-struct1-v2-sftcycle-1fd63135995062c202b640812726cb91/1.json	1427	6f8a942d15d9a9d71d5084ec15db05147cbadeb3e173c8e8c14d99b44c732108
evaluation_stat	/home/s471802/nn-gpt/out/nngpt/new_lemur/train/img-classification_cifar-10_acc_rl-bb-struct1-v2-sftcycle-20085ca0fc6b1dc805ce2a2eb0c9fbc3/1.json	train/img-classification_cifar-10_acc_rl-bb-struct1-v2-sftcycle-20085ca0fc6b1dc805ce2a2eb0c9fbc3/1.json	1426	a08bd4648a39bb9b455e4fc187aefc9d5c415e4ebc4032f9d19580778a2a66e9
evaluation_stat	/home/s471802/nn-gpt/out/nngpt/new_lemur/train/img-classification_cifar-10_acc_rl-bb-struct1-v2-sftcycle-20098a2be2f3962cd3da496fa0b5c853/1.json	train/img-classification_cifar-10_acc_rl-bb-struct1-v2-sftcycle-20098a2be2f3962cd3da496fa0b5c853/1.json	1428	564ddf14ea6d233cb5d2ec6787daeb860cdbaa15c826502e3fd5cfa71eb3dc89
evaluation_stat	/home/s471802/nn-gpt/out/nngpt/new_lemur/train/img-classification_cifar-10_acc_rl-bb-struct1-v2-sftcycle-2014d280d5234033d98a1fff5e3f19b9/1.json	train/img-classification_cifar-10_acc_rl-bb-struct1-v2-sftcycle-2014d280d5234033d98a1fff5e3f19b9/1.json	1424	ac7d20741d7ab91f2e4970bfd4903e4193a6bf62568905696d714dd107ab339a
evaluation_stat	/home/s471802/nn-gpt/out/nngpt/new_lemur/train/img-classification_cifar-10_acc_rl-bb-struct1-v2-sftcycle-20e45c706e85cd186e8921b568b2a374/1.json	train/img-classification_cifar-10_acc_rl-bb-struct1-v2-sftcycle-20e45c706e85cd186e8921b568b2a374/1.json	1428	3ca5803a095e2983813b9bc69d13804d5a60170eeb93a289cefa4f7be7e47ac9
evaluation_stat	/home/s471802/nn-gpt/out/nngpt/new_lemur/train/img-classification_cifar-10_acc_rl-bb-struct1-v2-sftcycle-21010f2f44cf181ae982ce5983765f3c/1.json	train/img-classification_cifar-10_acc_rl-bb-struct1-v2-sftcycle-21010f2f44cf181ae982ce5983765f3c/1.json	1427	bb9f3c229fc6295562942d05ee05668f68e15ae5bea244f99a9cb6ff77d6b7b2
evaluation_stat	/home/s471802/nn-gpt/out/nngpt/new_lemur/train/img-classification_cifar-10_acc_rl-bb-struct1-v2-sftcycle-216dc17a48fc4a7a2e49427fb7bd2679/1.json	train/img-classification_cifar-10_acc_rl-bb-struct1-v2-sftcycle-216dc17a48fc4a7a2e49427fb7bd2679/1.json	1425	588fcc77b09325b6bf2a625d2dc78957baa2110d1660b6949c23bb7b1a2cfc18
evaluation_stat	/home/s471802/nn-gpt/out/nngpt/new_lemur/train/img-classification_cifar-10_acc_rl-bb-struct1-v2-sftcycle-222d73c2de6babc17686096c73a1a646/1.json	train/img-classification_cifar-10_acc_rl-bb-struct1-v2-sftcycle-222d73c2de6babc17686096c73a1a646/1.json	1426	6aa5217e6001327f62c49158c16bfe36a0f4e887483bdbfd399aa8d835f7351e
evaluation_stat	/home/s471802/nn-gpt/out/nngpt/new_lemur/train/img-classification_cifar-10_acc_rl-bb-struct1-v2-sftcycle-228c6d636e11225a92956862472de9ba/1.json	train/img-classification_cifar-10_acc_rl-bb-struct1-v2-sftcycle-228c6d636e11225a92956862472de9ba/1.json	1426	e948107c9e82845b77c055e312e194b5b5fe9b34c75218cdb4f009224dcaceb4
evaluation_stat	/home/s471802/nn-gpt/out/nngpt/new_lemur/train/img-classification_cifar-10_acc_rl-bb-struct1-v2-sftcycle-22a075e69458273bbddc81a9ea98ba67/1.json	train/img-classification_cifar-10_acc_rl-bb-struct1-v2-sftcycle-22a075e69458273bbddc81a9ea98ba67/1.json	1426	d682ebd63ce02d2cac18adac57a0f2374f833baa76ab8b31520c809c0745473f
evaluation_stat	/home/s471802/nn-gpt/out/nngpt/new_lemur/train/img-classification_cifar-10_acc_rl-bb-struct1-v2-sftcycle-232647434fc97550b8accb4afb20d869/1.json	train/img-classification_cifar-10_acc_rl-bb-struct1-v2-sftcycle-232647434fc97550b8accb4afb20d869/1.json	1425	37b455f1a53eb9d8a762efdae56f6a8ac17a397eb58331114879caf2626446ed
evaluation_stat	/home/s471802/nn-gpt/out/nngpt/new_lemur/train/img-classification_cifar-10_acc_rl-bb-struct1-v2-sftcycle-234caab31547498d9ddf7154d8e0c109/1.json	train/img-classification_cifar-10_acc_rl-bb-struct1-v2-sftcycle-234caab31547498d9ddf7154d8e0c109/1.json	1430	28b60aaed630a68d26e479f9e457d00632ba2a724c3871c31d177aaee813ad8f
evaluation_stat	/home/s471802/nn-gpt/out/nngpt/new_lemur/train/img-classification_cifar-10_acc_rl-bb-struct1-v2-sftcycle-238e600c868f7e8f9ae0434554d1deda/1.json	train/img-classification_cifar-10_acc_rl-bb-struct1-v2-sftcycle-238e600c868f7e8f9ae0434554d1deda/1.json	1424	4446f8cebc5ea5efdc7c9706210cf4edd75cb18f995c79da876d7dd73be714c2
evaluation_stat	/home/s471802/nn-gpt/out/nngpt/new_lemur/train/img-classification_cifar-10_acc_rl-bb-struct1-v2-sftcycle-2426cc7237450d805e91f8a4665ccc81/1.json	train/img-classification_cifar-10_acc_rl-bb-struct1-v2-sftcycle-2426cc7237450d805e91f8a4665ccc81/1.json	1426	f90ce7a7bf2190d1449c72618c70c09d37a82092ed100545bcef036e7bef5f4a
evaluation_stat	/home/s471802/nn-gpt/out/nngpt/new_lemur/train/img-classification_cifar-10_acc_rl-bb-struct1-v2-sftcycle-2450156a32841638ecd2d45948885cac/1.json	train/img-classification_cifar-10_acc_rl-bb-struct1-v2-sftcycle-2450156a32841638ecd2d45948885cac/1.json	1419	8b816ac8d3d4536ead831187b47d76c667c3f483cc0b6269c89d657cf3052bd8
evaluation_stat	/home/s471802/nn-gpt/out/nngpt/new_lemur/train/img-classification_cifar-10_acc_rl-bb-struct1-v2-sftcycle-25990201e59f463ac9ac0ae8b6711107/1.json	train/img-classification_cifar-10_acc_rl-bb-struct1-v2-sftcycle-25990201e59f463ac9ac0ae8b6711107/1.json	1422	9d7cf1f78f42a03fdd1f425e6e2cf22046f08bd2be10c412658b8b3cefef2c17
evaluation_stat	/home/s471802/nn-gpt/out/nngpt/new_lemur/train/img-classification_cifar-10_acc_rl-bb-struct1-v2-sftcycle-25a68e87dc55ae112b88d2b31f44d22b/1.json	train/img-classification_cifar-10_acc_rl-bb-struct1-v2-sftcycle-25a68e87dc55ae112b88d2b31f44d22b/1.json	1424	9c174c021d6aee4c441b9637e73b884adfb7c76f8717a1fb915ded9054da294c
evaluation_stat	/home/s471802/nn-gpt/out/nngpt/new_lemur/train/img-classification_cifar-10_acc_rl-bb-struct1-v2-sftcycle-2659a19c8afe0ea9c5814a75a2dece90/1.json	train/img-classification_cifar-10_acc_rl-bb-struct1-v2-sftcycle-2659a19c8afe0ea9c5814a75a2dece90/1.json	1427	bd64429eda1054dc8985481872156e7ecf32cfeca52f88bac0a6b42fab4c8120
evaluation_stat	/home/s471802/nn-gpt/out/nngpt/new_lemur/train/img-classification_cifar-10_acc_rl-bb-struct1-v2-sftcycle-2699a19122304dbbdc7065a5e8b3c23b/1.json	train/img-classification_cifar-10_acc_rl-bb-struct1-v2-sftcycle-2699a19122304dbbdc7065a5e8b3c23b/1.json	1428	03331b3cabe449b9c207175f16bf86f87675bb0d384f5c09867c750eebf8cfc8
evaluation_stat	/home/s471802/nn-gpt/out/nngpt/new_lemur/train/img-classification_cifar-10_acc_rl-bb-struct1-v2-sftcycle-269ab37f37b206dd81b71caf2a02f5bd/1.json	train/img-classification_cifar-10_acc_rl-bb-struct1-v2-sftcycle-269ab37f37b206dd81b71caf2a02f5bd/1.json	1426	0e8654a1b5e39abf69aacd97bc44128865291ca6d18b7d04f06e3c7a80cfd696
evaluation_stat	/home/s471802/nn-gpt/out/nngpt/new_lemur/train/img-classification_cifar-10_acc_rl-bb-struct1-v2-sftcycle-26d62b559fd6623761d1c1906b580882/1.json	train/img-classification_cifar-10_acc_rl-bb-struct1-v2-sftcycle-26d62b559fd6623761d1c1906b580882/1.json	1426	f5e5ed582a4b1664a558bd954acc70eac567167209c5374a7781d339e43cca5f
evaluation_stat	/home/s471802/nn-gpt/out/nngpt/new_lemur/train/img-classification_cifar-10_acc_rl-bb-struct1-v2-sftcycle-2708fe953180f4b752b193723120f561/1.json	train/img-classification_cifar-10_acc_rl-bb-struct1-v2-sftcycle-2708fe953180f4b752b193723120f561/1.json	1426	ae679956b611afb41d3499907f61d7cfe1536a4d52709ef1841af9aa958acba8
evaluation_stat	/home/s471802/nn-gpt/out/nngpt/new_lemur/train/img-classification_cifar-10_acc_rl-bb-struct1-v2-sftcycle-284d3f8a58a7b3c43fb00bfb959995ae/1.json	train/img-classification_cifar-10_acc_rl-bb-struct1-v2-sftcycle-284d3f8a58a7b3c43fb00bfb959995ae/1.json	1429	62b7d7bf8a8b04c8db6358b6ee59c699f509f449d4bed2916189436eafdf145d
evaluation_stat	/home/s471802/nn-gpt/out/nngpt/new_lemur/train/img-classification_cifar-10_acc_rl-bb-struct1-v2-sftcycle-293c07b0f0b76daf6a5ab350783cc179/1.json	train/img-classification_cifar-10_acc_rl-bb-struct1-v2-sftcycle-293c07b0f0b76daf6a5ab350783cc179/1.json	1425	4d8d1c3780ce44b375aee6b3e20d72a90ac949a50ccd66b145567944ff361a15
evaluation_stat	/home/s471802/nn-gpt/out/nngpt/new_lemur/train/img-classification_cifar-10_acc_rl-bb-struct1-v2-sftcycle-297051e1472661ed15b3b159e20e684d/1.json	train/img-classification_cifar-10_acc_rl-bb-struct1-v2-sftcycle-297051e1472661ed15b3b159e20e684d/1.json	1426	fefecf40854dcbb050d0edf0e78e00a4b19fc275889cdb906fba9a69b5371c6a
evaluation_stat	/home/s471802/nn-gpt/out/nngpt/new_lemur/train/img-classification_cifar-10_acc_rl-bb-struct1-v2-sftcycle-29963c6974a59e0ceddf8d6fbf453111/1.json	train/img-classification_cifar-10_acc_rl-bb-struct1-v2-sftcycle-29963c6974a59e0ceddf8d6fbf453111/1.json	1426	e36b8ab18780a4172f2a0ab34d12256a77e841ad0e544ae5e94ef00b5889a297
evaluation_stat	/home/s471802/nn-gpt/out/nngpt/new_lemur/train/img-classification_cifar-10_acc_rl-bb-struct1-v2-sftcycle-29d4fea8ba8cd4686e3dbfc7d5b6cdfb/1.json	train/img-classification_cifar-10_acc_rl-bb-struct1-v2-sftcycle-29d4fea8ba8cd4686e3dbfc7d5b6cdfb/1.json	1427	ea39b6db1b10e3485bf5a1c315246836cf8b411e6f0d9c73cfcc4f3ecf3f1f3e
evaluation_stat	/home/s471802/nn-gpt/out/nngpt/new_lemur/train/img-classification_cifar-10_acc_rl-bb-struct1-v2-sftcycle-29fcf426a60737cbc4b65389f8303d97/1.json	train/img-classification_cifar-10_acc_rl-bb-struct1-v2-sftcycle-29fcf426a60737cbc4b65389f8303d97/1.json	1421	38ea765476c8756b477844bdba0e534e1de559652d980451203da44c34d0b789
evaluation_stat	/home/s471802/nn-gpt/out/nngpt/new_lemur/train/img-classification_cifar-10_acc_rl-bb-struct1-v2-sftcycle-2a850a123ec72f9c5c7117562b5df866/1.json	train/img-classification_cifar-10_acc_rl-bb-struct1-v2-sftcycle-2a850a123ec72f9c5c7117562b5df866/1.json	1427	48813081b7f7d98a598ddb2585f432143d0716f76469f8a501699aea9674c996
evaluation_stat	/home/s471802/nn-gpt/out/nngpt/new_lemur/train/img-classification_cifar-10_acc_rl-bb-struct1-v2-sftcycle-2aaa652d67a63e4048c52fb06d555f0b/1.json	train/img-classification_cifar-10_acc_rl-bb-struct1-v2-sftcycle-2aaa652d67a63e4048c52fb06d555f0b/1.json	1425	27abaab40f7f9b36091bf487b62861ea21bc988632657d81bccdb8347c14e202
evaluation_stat	/home/s471802/nn-gpt/out/nngpt/new_lemur/train/img-classification_cifar-10_acc_rl-bb-struct1-v2-sftcycle-2acb22832843f05feb8b97d3e87bbab7/1.json	train/img-classification_cifar-10_acc_rl-bb-struct1-v2-sftcycle-2acb22832843f05feb8b97d3e87bbab7/1.json	1425	d920ac14e4f11a255f28320c934c74823ec1adbd2d343c2b086d6ba71c9fccb4
evaluation_stat	/home/s471802/nn-gpt/out/nngpt/new_lemur/train/img-classification_cifar-10_acc_rl-bb-struct1-v2-sftcycle-2adf41ec8ec5f353c03b12c8e871a195/1.json	train/img-classification_cifar-10_acc_rl-bb-struct1-v2-sftcycle-2adf41ec8ec5f353c03b12c8e871a195/1.json	1426	f896ae8a2b0cfc29c537a5bc9a5da8c7ca75c054af3138ddf10177f768cae723
evaluation_stat	/home/s471802/nn-gpt/out/nngpt/new_lemur/train/img-classification_cifar-10_acc_rl-bb-struct1-v2-sftcycle-2b6b7cefcc84ec76b06d3990d1209c08/1.json	train/img-classification_cifar-10_acc_rl-bb-struct1-v2-sftcycle-2b6b7cefcc84ec76b06d3990d1209c08/1.json	1425	b5c5f1593cf3a3356f01495413f60001d44263aa67da1fc1671b68f46249f836
evaluation_stat	/home/s471802/nn-gpt/out/nngpt/new_lemur/train/img-classification_cifar-10_acc_rl-bb-struct1-v2-sftcycle-2bc6c9dc17b2d04e33cab244e57710f8/1.json	train/img-classification_cifar-10_acc_rl-bb-struct1-v2-sftcycle-2bc6c9dc17b2d04e33cab244e57710f8/1.json	1425	72866500d61a8a67665202497e6228ab73d60e2c5b9dcf97b32674fd2e41713f
evaluation_stat	/home/s471802/nn-gpt/out/nngpt/new_lemur/train/img-classification_cifar-10_acc_rl-bb-struct1-v2-sftcycle-2d45c9a4269af23bc2f399b0dfe40773/1.json	train/img-classification_cifar-10_acc_rl-bb-struct1-v2-sftcycle-2d45c9a4269af23bc2f399b0dfe40773/1.json	1421	9637d9ec3f3e0629979239e57249dac6b6c2ebff5f22dc8a842de19465caf2b6
evaluation_stat	/home/s471802/nn-gpt/out/nngpt/new_lemur/train/img-classification_cifar-10_acc_rl-bb-struct1-v2-sftcycle-2d8eee6819b43bd82ecf1e1fd7d119c4/1.json	train/img-classification_cifar-10_acc_rl-bb-struct1-v2-sftcycle-2d8eee6819b43bd82ecf1e1fd7d119c4/1.json	1425	be165bd80e217d8d144bd538efbf57e66bff732df6a4b9509f37a7890a70b078
evaluation_stat	/home/s471802/nn-gpt/out/nngpt/new_lemur/train/img-classification_cifar-10_acc_rl-bb-struct1-v2-sftcycle-2ee037aacda0d011849bf2b6987adfcd/1.json	train/img-classification_cifar-10_acc_rl-bb-struct1-v2-sftcycle-2ee037aacda0d011849bf2b6987adfcd/1.json	1428	9a5eefb02ecc8611a5ca731742c6bd21cd1b9792d0a8acff4ed591c3b034fdea
evaluation_stat	/home/s471802/nn-gpt/out/nngpt/new_lemur/train/img-classification_cifar-10_acc_rl-bb-struct1-v2-sftcycle-2f0eff45702974f467b9f27735f84267/1.json	train/img-classification_cifar-10_acc_rl-bb-struct1-v2-sftcycle-2f0eff45702974f467b9f27735f84267/1.json	1424	c70b416c38602d4a0ca35ecf2d680f56368909a0376fd44f330863e2afdc134e
evaluation_stat	/home/s471802/nn-gpt/out/nngpt/new_lemur/train/img-classification_cifar-10_acc_rl-bb-struct1-v2-sftcycle-2fcc9a9f6ba93a87435cbd676af660db/1.json	train/img-classification_cifar-10_acc_rl-bb-struct1-v2-sftcycle-2fcc9a9f6ba93a87435cbd676af660db/1.json	1426	3f60c316f603b7272ec36a9f32b81c646c236c1da399cc225e99afc6aabbfef6
evaluation_stat	/home/s471802/nn-gpt/out/nngpt/new_lemur/train/img-classification_cifar-10_acc_rl-bb-struct1-v2-sftcycle-300d33b86177ddaf250f78837e52c35e/1.json	train/img-classification_cifar-10_acc_rl-bb-struct1-v2-sftcycle-300d33b86177ddaf250f78837e52c35e/1.json	1426	8cd3e230222eb569864bd5ec9d1242aafb92b2283475d624cb128c663957b75c
evaluation_stat	/home/s471802/nn-gpt/out/nngpt/new_lemur/train/img-classification_cifar-10_acc_rl-bb-struct1-v2-sftcycle-30362ff987c000562f36a8f77934889d/1.json	train/img-classification_cifar-10_acc_rl-bb-struct1-v2-sftcycle-30362ff987c000562f36a8f77934889d/1.json	1424	31b9cebffd50be7790e010d05cd68c4bd89f47d73823776ac69cb11ecf817252
evaluation_stat	/home/s471802/nn-gpt/out/nngpt/new_lemur/train/img-classification_cifar-10_acc_rl-bb-struct1-v2-sftcycle-304e381e8af0a81d37f136763826e6ff/1.json	train/img-classification_cifar-10_acc_rl-bb-struct1-v2-sftcycle-304e381e8af0a81d37f136763826e6ff/1.json	1427	9fbb6295b0fa37eff4059560623645d2146f38b3c22db7f36be6c8e7b75383f3
evaluation_stat	/home/s471802/nn-gpt/out/nngpt/new_lemur/train/img-classification_cifar-10_acc_rl-bb-struct1-v2-sftcycle-30dded2e0b6f988929610e79321c6b65/1.json	train/img-classification_cifar-10_acc_rl-bb-struct1-v2-sftcycle-30dded2e0b6f988929610e79321c6b65/1.json	1426	4237df04a8eb3816f382d37dd3b10dd5b48f6fdfb06eba423f49b63c04c7e5db
evaluation_stat	/home/s471802/nn-gpt/out/nngpt/new_lemur/train/img-classification_cifar-10_acc_rl-bb-struct1-v2-sftcycle-31ea0f7bc8378bb83e93b0e93e96303a/1.json	train/img-classification_cifar-10_acc_rl-bb-struct1-v2-sftcycle-31ea0f7bc8378bb83e93b0e93e96303a/1.json	1426	659e411a5a2a40d4d022283905133b99707f762b8ae211244066681d3b9b00a0
evaluation_stat	/home/s471802/nn-gpt/out/nngpt/new_lemur/train/img-classification_cifar-10_acc_rl-bb-struct1-v2-sftcycle-3318c7d3b9d394d32c16b99673a492a8/1.json	train/img-classification_cifar-10_acc_rl-bb-struct1-v2-sftcycle-3318c7d3b9d394d32c16b99673a492a8/1.json	1428	b0734eeeeb2caeaf471a48cfa1078fb3b437d47540f6b9952df13408f2777c9f
evaluation_stat	/home/s471802/nn-gpt/out/nngpt/new_lemur/train/img-classification_cifar-10_acc_rl-bb-struct1-v2-sftcycle-334cde0372019d4a986946f98919de72/1.json	train/img-classification_cifar-10_acc_rl-bb-struct1-v2-sftcycle-334cde0372019d4a986946f98919de72/1.json	1427	84a37a9345d7eeb5e310ce0326d0127d81136c64e2b769a0591673608b39f8e5
evaluation_stat	/home/s471802/nn-gpt/out/nngpt/new_lemur/train/img-classification_cifar-10_acc_rl-bb-struct1-v2-sftcycle-33cbceb7dcb6cbdafb94564d316b3c00/1.json	train/img-classification_cifar-10_acc_rl-bb-struct1-v2-sftcycle-33cbceb7dcb6cbdafb94564d316b3c00/1.json	1425	78764c175a8ab5c9bd3abe49929b1c283ca17c8af162f9791bff8dfa9e33d3ad
evaluation_stat	/home/s471802/nn-gpt/out/nngpt/new_lemur/train/img-classification_cifar-10_acc_rl-bb-struct1-v2-sftcycle-34ab990bf5fb4e6f3ab5862079bddd05/1.json	train/img-classification_cifar-10_acc_rl-bb-struct1-v2-sftcycle-34ab990bf5fb4e6f3ab5862079bddd05/1.json	1427	dd6a693743256cd6a85eeb1a838578a0a03b44ead6bfb10b428a678147592f17
evaluation_stat	/home/s471802/nn-gpt/out/nngpt/new_lemur/train/img-classification_cifar-10_acc_rl-bb-struct1-v2-sftcycle-34e5849b35c944ff026056964504488d/1.json	train/img-classification_cifar-10_acc_rl-bb-struct1-v2-sftcycle-34e5849b35c944ff026056964504488d/1.json	1425	954680214203fee6b52b4699691b73cfb4da48ac499df6b5f3627121380a9c3f
evaluation_stat	/home/s471802/nn-gpt/out/nngpt/new_lemur/train/img-classification_cifar-10_acc_rl-bb-struct1-v2-sftcycle-35ebc858ca62cefcc84a33d6474f2cba/1.json	train/img-classification_cifar-10_acc_rl-bb-struct1-v2-sftcycle-35ebc858ca62cefcc84a33d6474f2cba/1.json	1424	b3a96619037e10547bbf494eff457a7479029e3229806d1afda016d055908280
evaluation_stat	/home/s471802/nn-gpt/out/nngpt/new_lemur/train/img-classification_cifar-10_acc_rl-bb-struct1-v2-sftcycle-362968814bc0fcb287a5dde965c40c53/1.json	train/img-classification_cifar-10_acc_rl-bb-struct1-v2-sftcycle-362968814bc0fcb287a5dde965c40c53/1.json	1426	b6a66a9cadcc0d6ef4e91ffc634ae4d7663381931ca1cdc843cca35037ee79f5
evaluation_stat	/home/s471802/nn-gpt/out/nngpt/new_lemur/train/img-classification_cifar-10_acc_rl-bb-struct1-v2-sftcycle-3658e7a2fc8c3460ee04359b78c97c72/1.json	train/img-classification_cifar-10_acc_rl-bb-struct1-v2-sftcycle-3658e7a2fc8c3460ee04359b78c97c72/1.json	1426	7186b0519d8f77e1ad0651d783f232bbab217c8f3bb84f2420c4d7d12189b52e
evaluation_stat	/home/s471802/nn-gpt/out/nngpt/new_lemur/train/img-classification_cifar-10_acc_rl-bb-struct1-v2-sftcycle-36bdd7adaae3148aa64fef099ef956ea/1.json	train/img-classification_cifar-10_acc_rl-bb-struct1-v2-sftcycle-36bdd7adaae3148aa64fef099ef956ea/1.json	1428	afd94886fbbfe136234096ecb9929aa5fa5e8493b45b396dfaf961bf2f40f0a7
evaluation_stat	/home/s471802/nn-gpt/out/nngpt/new_lemur/train/img-classification_cifar-10_acc_rl-bb-struct1-v2-sftcycle-36c6b2c1caf86515d0cc5571fdf11fb7/1.json	train/img-classification_cifar-10_acc_rl-bb-struct1-v2-sftcycle-36c6b2c1caf86515d0cc5571fdf11fb7/1.json	1426	553c0af1e32e8c1fa533c57cec017a1e1550ca67cdd35620f0306542dcf7d150
evaluation_stat	/home/s471802/nn-gpt/out/nngpt/new_lemur/train/img-classification_cifar-10_acc_rl-bb-struct1-v2-sftcycle-37545121c5c30fa07f74367092697044/1.json	train/img-classification_cifar-10_acc_rl-bb-struct1-v2-sftcycle-37545121c5c30fa07f74367092697044/1.json	1427	f68e7f5483eef858d1b9c88bd2fdcc6e8492b49160602e7d6a6a9574c63e07d8
evaluation_stat	/home/s471802/nn-gpt/out/nngpt/new_lemur/train/img-classification_cifar-10_acc_rl-bb-struct1-v2-sftcycle-3763be85bc6314d6428988b76ac5c544/1.json	train/img-classification_cifar-10_acc_rl-bb-struct1-v2-sftcycle-3763be85bc6314d6428988b76ac5c544/1.json	1420	37788e68129dfe304e42736c7874f8ccfa1ff18017068c5a4e313630e53219e1
evaluation_stat	/home/s471802/nn-gpt/out/nngpt/new_lemur/train/img-classification_cifar-10_acc_rl-bb-struct1-v2-sftcycle-3786fb68bcede03e0f27469b67fee9e9/1.json	train/img-classification_cifar-10_acc_rl-bb-struct1-v2-sftcycle-3786fb68bcede03e0f27469b67fee9e9/1.json	1424	6558f3baae5e886f324016ab3e2dc29e5d999a2c3eae89cb718c29fc918b825f
evaluation_stat	/home/s471802/nn-gpt/out/nngpt/new_lemur/train/img-classification_cifar-10_acc_rl-bb-struct1-v2-sftcycle-37f7b068fe6cd0fbbe442c71ab0d5cb9/1.json	train/img-classification_cifar-10_acc_rl-bb-struct1-v2-sftcycle-37f7b068fe6cd0fbbe442c71ab0d5cb9/1.json	1425	818a9c4bf9ffeca6bd199d5ebbba6babce4d1f00bb26e475927236133c467698
evaluation_stat	/home/s471802/nn-gpt/out/nngpt/new_lemur/train/img-classification_cifar-10_acc_rl-bb-struct1-v2-sftcycle-396fd1cc01ef19b86758e261f21a4a66/1.json	train/img-classification_cifar-10_acc_rl-bb-struct1-v2-sftcycle-396fd1cc01ef19b86758e261f21a4a66/1.json	1420	35abffaeee0d6ce7fa59fa4ea8486066864c9e8d612234163cd4eea0d26ee2be
evaluation_stat	/home/s471802/nn-gpt/out/nngpt/new_lemur/train/img-classification_cifar-10_acc_rl-bb-struct1-v2-sftcycle-3a244368dbfc76ba19b96d46263bb456/1.json	train/img-classification_cifar-10_acc_rl-bb-struct1-v2-sftcycle-3a244368dbfc76ba19b96d46263bb456/1.json	1426	1b3e82844396c32b36743ec1954416717ed4a5a0d786860b1004834edc652b47
evaluation_stat	/home/s471802/nn-gpt/out/nngpt/new_lemur/train/img-classification_cifar-10_acc_rl-bb-struct1-v2-sftcycle-3a7e36cc49fda645c82d417449873e1e/1.json	train/img-classification_cifar-10_acc_rl-bb-struct1-v2-sftcycle-3a7e36cc49fda645c82d417449873e1e/1.json	1426	dbe67a8cf3ec5a1e239a2e37e8dfded3946c875cc5b619f571083ed2dfea038c
evaluation_stat	/home/s471802/nn-gpt/out/nngpt/new_lemur/train/img-classification_cifar-10_acc_rl-bb-struct1-v2-sftcycle-3b1d4c83b5295933ee77d134d06bfbe9/1.json	train/img-classification_cifar-10_acc_rl-bb-struct1-v2-sftcycle-3b1d4c83b5295933ee77d134d06bfbe9/1.json	1427	c9f317dff268ee58890cc4f061948b06154ea5edf7a0898c9c84b909de32e12d
evaluation_stat	/home/s471802/nn-gpt/out/nngpt/new_lemur/train/img-classification_cifar-10_acc_rl-bb-struct1-v2-sftcycle-3b2788a4cdca1b66e1a1e23c1551a4e7/1.json	train/img-classification_cifar-10_acc_rl-bb-struct1-v2-sftcycle-3b2788a4cdca1b66e1a1e23c1551a4e7/1.json	1428	6c2199440afe5653eaab9f1c470eee6a153a0aa3bb4e3cb94e2dcc9bd558316f
evaluation_stat	/home/s471802/nn-gpt/out/nngpt/new_lemur/train/img-classification_cifar-10_acc_rl-bb-struct1-v2-sftcycle-3b4c2bdceca4e55fecd62a0619165111/1.json	train/img-classification_cifar-10_acc_rl-bb-struct1-v2-sftcycle-3b4c2bdceca4e55fecd62a0619165111/1.json	1422	f1c2ce5eff40287f53b73ab678c1038d6e558aa006ecf2031dbd5dfa0b8bb37a
evaluation_stat	/home/s471802/nn-gpt/out/nngpt/new_lemur/train/img-classification_cifar-10_acc_rl-bb-struct1-v2-sftcycle-3b9273a44d00bd28b2eba926b0456f77/1.json	train/img-classification_cifar-10_acc_rl-bb-struct1-v2-sftcycle-3b9273a44d00bd28b2eba926b0456f77/1.json	1426	0f1013663214051e47bfbe2660c5801a570c17ba625cbdb4c3919011c54a78e7
evaluation_stat	/home/s471802/nn-gpt/out/nngpt/new_lemur/train/img-classification_cifar-10_acc_rl-bb-struct1-v2-sftcycle-3beb17a078b60ecaac468e97cf638fa2/1.json	train/img-classification_cifar-10_acc_rl-bb-struct1-v2-sftcycle-3beb17a078b60ecaac468e97cf638fa2/1.json	1428	52e774eac19515c78e26338183d2dbbb454cf19c1d3db9b706ee15eaa511b7a4
evaluation_stat	/home/s471802/nn-gpt/out/nngpt/new_lemur/train/img-classification_cifar-10_acc_rl-bb-struct1-v2-sftcycle-3bf42c5f8dde3f88837055ba4c768507/1.json	train/img-classification_cifar-10_acc_rl-bb-struct1-v2-sftcycle-3bf42c5f8dde3f88837055ba4c768507/1.json	1425	2f58aaf1937e20e51171ae40884ffcb88eed712a553be3b023ae664d202e96b8
evaluation_stat	/home/s471802/nn-gpt/out/nngpt/new_lemur/train/img-classification_cifar-10_acc_rl-bb-struct1-v2-sftcycle-3c175a3a117ee37ecfd068ddf7d477ec/1.json	train/img-classification_cifar-10_acc_rl-bb-struct1-v2-sftcycle-3c175a3a117ee37ecfd068ddf7d477ec/1.json	1427	91748cc469eaecc16852732d455bb99e947e7e8ac6c456f1fce52d74d8372ebc
evaluation_stat	/home/s471802/nn-gpt/out/nngpt/new_lemur/train/img-classification_cifar-10_acc_rl-bb-struct1-v2-sftcycle-3c81737baa9ff840eaa96c2c99d214ec/1.json	train/img-classification_cifar-10_acc_rl-bb-struct1-v2-sftcycle-3c81737baa9ff840eaa96c2c99d214ec/1.json	1427	b30419e6115185b4a70b849c8963c6192d2c05e77dd735de7695734984012677
evaluation_stat	/home/s471802/nn-gpt/out/nngpt/new_lemur/train/img-classification_cifar-10_acc_rl-bb-struct1-v2-sftcycle-3cb204d01eb477d9faa77194a9f8d89d/1.json	train/img-classification_cifar-10_acc_rl-bb-struct1-v2-sftcycle-3cb204d01eb477d9faa77194a9f8d89d/1.json	1424	bc658e0bd37e86fa6a4ca23608ab3469358423b15b9c7585adeba8184b8f2993
evaluation_stat	/home/s471802/nn-gpt/out/nngpt/new_lemur/train/img-classification_cifar-10_acc_rl-bb-struct1-v2-sftcycle-3cb90cb4d91fe2406a286df67b462d58/1.json	train/img-classification_cifar-10_acc_rl-bb-struct1-v2-sftcycle-3cb90cb4d91fe2406a286df67b462d58/1.json	1427	4a0007d0088b8fd4f4ea04adb1190c7bd724d4dbf5aa26a84081fc29664becf4
evaluation_stat	/home/s471802/nn-gpt/out/nngpt/new_lemur/train/img-classification_cifar-10_acc_rl-bb-struct1-v2-sftcycle-3d423979abb6ca527673f896553f6f09/1.json	train/img-classification_cifar-10_acc_rl-bb-struct1-v2-sftcycle-3d423979abb6ca527673f896553f6f09/1.json	1426	f336e6915e317bc51df7a1cf9793db1d8efa18dd6218fbba4a666010f2c8db1d
evaluation_stat	/home/s471802/nn-gpt/out/nngpt/new_lemur/train/img-classification_cifar-10_acc_rl-bb-struct1-v2-sftcycle-3d5efcef511a9f7cdef6e79eac4e079c/1.json	train/img-classification_cifar-10_acc_rl-bb-struct1-v2-sftcycle-3d5efcef511a9f7cdef6e79eac4e079c/1.json	1422	0534de7ee6758427f1fe699ef9db6e25f0d50ab26992a68e933941529219d97f
evaluation_stat	/home/s471802/nn-gpt/out/nngpt/new_lemur/train/img-classification_cifar-10_acc_rl-bb-struct1-v2-sftcycle-3d61a57272ea4669ef78610e3e4973e5/1.json	train/img-classification_cifar-10_acc_rl-bb-struct1-v2-sftcycle-3d61a57272ea4669ef78610e3e4973e5/1.json	1427	8230910befbed8761d49ccc9cd4366fe82a569636ceac802d9e0a547d597fa7f
evaluation_stat	/home/s471802/nn-gpt/out/nngpt/new_lemur/train/img-classification_cifar-10_acc_rl-bb-struct1-v2-sftcycle-3d83ddc0bae216c6f5823c86b48d286c/1.json	train/img-classification_cifar-10_acc_rl-bb-struct1-v2-sftcycle-3d83ddc0bae216c6f5823c86b48d286c/1.json	1425	c872822610c117e0e05bbce322ada0af4783e365b08f73baf564a2d4f5f2d18c
evaluation_stat	/home/s471802/nn-gpt/out/nngpt/new_lemur/train/img-classification_cifar-10_acc_rl-bb-struct1-v2-sftcycle-3e64388d9045b022a3fc8332de400e74/1.json	train/img-classification_cifar-10_acc_rl-bb-struct1-v2-sftcycle-3e64388d9045b022a3fc8332de400e74/1.json	1426	72793cec8cfb4feaa7494303c9ac290f922f7bee25169424b4c286943fc8d3b3
evaluation_stat	/home/s471802/nn-gpt/out/nngpt/new_lemur/train/img-classification_cifar-10_acc_rl-bb-struct1-v2-sftcycle-3e9714ff7d0853ccd7cc38f9c16b9f17/1.json	train/img-classification_cifar-10_acc_rl-bb-struct1-v2-sftcycle-3e9714ff7d0853ccd7cc38f9c16b9f17/1.json	1426	7ecec4e191e33cde98194c3bd4756016c508bfc8c255784309247d9eea04384d
evaluation_stat	/home/s471802/nn-gpt/out/nngpt/new_lemur/train/img-classification_cifar-10_acc_rl-bb-struct1-v2-sftcycle-3ed8f081a8918ce1ed937822be8b6f43/1.json	train/img-classification_cifar-10_acc_rl-bb-struct1-v2-sftcycle-3ed8f081a8918ce1ed937822be8b6f43/1.json	1425	22abe772be7e956fc7bcfd6f505e8a18ae87031cd8d52b0a1e58c42109d3b0d7
evaluation_stat	/home/s471802/nn-gpt/out/nngpt/new_lemur/train/img-classification_cifar-10_acc_rl-bb-struct1-v2-sftcycle-3f0702febdf95cc4826e210cd33cf634/1.json	train/img-classification_cifar-10_acc_rl-bb-struct1-v2-sftcycle-3f0702febdf95cc4826e210cd33cf634/1.json	1428	296ac81fe5219da11e4faf6385a8470252b4ebf00bdf80679487b009bda0873e
evaluation_stat	/home/s471802/nn-gpt/out/nngpt/new_lemur/train/img-classification_cifar-10_acc_rl-bb-struct1-v2-sftcycle-3f65f4cc8d10fe45d0c8d9f989359847/1.json	train/img-classification_cifar-10_acc_rl-bb-struct1-v2-sftcycle-3f65f4cc8d10fe45d0c8d9f989359847/1.json	1428	4d9eefc5f31fc71f9a5117b356e453c805676eecc93075d0dd589c048bfb1bcc
evaluation_stat	/home/s471802/nn-gpt/out/nngpt/new_lemur/train/img-classification_cifar-10_acc_rl-bb-struct1-v2-sftcycle-3fa8afb43113e5849ab13aa15505f5b3/1.json	train/img-classification_cifar-10_acc_rl-bb-struct1-v2-sftcycle-3fa8afb43113e5849ab13aa15505f5b3/1.json	1425	86772bffc9c833808cf1afcd683020980427cc146ca45ee357fc1f08ec39b660
evaluation_stat	/home/s471802/nn-gpt/out/nngpt/new_lemur/train/img-classification_cifar-10_acc_rl-bb-struct1-v2-sftcycle-40e92b40c153671696bcecb78212e8c4/1.json	train/img-classification_cifar-10_acc_rl-bb-struct1-v2-sftcycle-40e92b40c153671696bcecb78212e8c4/1.json	1426	57d531906e9405da7d1d072454499fa0681b327b2b5015d43f73181db15dab05
evaluation_stat	/home/s471802/nn-gpt/out/nngpt/new_lemur/train/img-classification_cifar-10_acc_rl-bb-struct1-v2-sftcycle-419d761596457a28586861557cef075b/1.json	train/img-classification_cifar-10_acc_rl-bb-struct1-v2-sftcycle-419d761596457a28586861557cef075b/1.json	1425	5b00cfc9de5645673d6c44d71e5741245b18cffb4095dd2b1834d930bdcd2e63
evaluation_stat	/home/s471802/nn-gpt/out/nngpt/new_lemur/train/img-classification_cifar-10_acc_rl-bb-struct1-v2-sftcycle-41de39d3736e2d737054637f19907aad/1.json	train/img-classification_cifar-10_acc_rl-bb-struct1-v2-sftcycle-41de39d3736e2d737054637f19907aad/1.json	1425	b5bbef61afb33fea23290f83d69ce9b6c6f2c85761ea5c4bf3fe50b98314bca9
evaluation_stat	/home/s471802/nn-gpt/out/nngpt/new_lemur/train/img-classification_cifar-10_acc_rl-bb-struct1-v2-sftcycle-425de13dc0d60b05553d6f6cfd278a8b/1.json	train/img-classification_cifar-10_acc_rl-bb-struct1-v2-sftcycle-425de13dc0d60b05553d6f6cfd278a8b/1.json	1425	f1212e44c7279cec4694e6001d287f895816407187c9a1a8ee75f8917693a7ac
evaluation_stat	/home/s471802/nn-gpt/out/nngpt/new_lemur/train/img-classification_cifar-10_acc_rl-bb-struct1-v2-sftcycle-42685ecda6633f4abe0db82b8e07f984/1.json	train/img-classification_cifar-10_acc_rl-bb-struct1-v2-sftcycle-42685ecda6633f4abe0db82b8e07f984/1.json	1424	89bf9d42d9fca62612abdb904c11de82961e23c2d4bb0f100f9b870ab9b369b3
evaluation_stat	/home/s471802/nn-gpt/out/nngpt/new_lemur/train/img-classification_cifar-10_acc_rl-bb-struct1-v2-sftcycle-42856b7d9f52246062496d864e0f830b/1.json	train/img-classification_cifar-10_acc_rl-bb-struct1-v2-sftcycle-42856b7d9f52246062496d864e0f830b/1.json	1428	026b0805d7a981f35ee4888673a937a5afd40fa116003018edb224da059c2ee9
evaluation_stat	/home/s471802/nn-gpt/out/nngpt/new_lemur/train/img-classification_cifar-10_acc_rl-bb-struct1-v2-sftcycle-429b73e946262390806505566262a775/1.json	train/img-classification_cifar-10_acc_rl-bb-struct1-v2-sftcycle-429b73e946262390806505566262a775/1.json	1428	a836be8ed500569f5074494cd49bc89221856b33ab4efc7711c6f6741190ed59
evaluation_stat	/home/s471802/nn-gpt/out/nngpt/new_lemur/train/img-classification_cifar-10_acc_rl-bb-struct1-v2-sftcycle-43fd4705b9beaff0af92411ae75d1128/1.json	train/img-classification_cifar-10_acc_rl-bb-struct1-v2-sftcycle-43fd4705b9beaff0af92411ae75d1128/1.json	1424	d14b7889f36dca131c926964d813ad502d5d6b4e1d71aed54d84b5784fa956e1
evaluation_stat	/home/s471802/nn-gpt/out/nngpt/new_lemur/train/img-classification_cifar-10_acc_rl-bb-struct1-v2-sftcycle-446d50fba72e41328e4826040e0d4cd8/1.json	train/img-classification_cifar-10_acc_rl-bb-struct1-v2-sftcycle-446d50fba72e41328e4826040e0d4cd8/1.json	1427	9b4fbabe4fa1a3df2d00be9c7aba9d1382a6d0733ed4ada30ec49f36ab6515c0
evaluation_stat	/home/s471802/nn-gpt/out/nngpt/new_lemur/train/img-classification_cifar-10_acc_rl-bb-struct1-v2-sftcycle-456855c174d79c17917363bcdd44d1a7/1.json	train/img-classification_cifar-10_acc_rl-bb-struct1-v2-sftcycle-456855c174d79c17917363bcdd44d1a7/1.json	1428	94ed8c3db192c4bcf350143610a5fdbec90228ec8f4579991b17e4488bcd3866
evaluation_stat	/home/s471802/nn-gpt/out/nngpt/new_lemur/train/img-classification_cifar-10_acc_rl-bb-struct1-v2-sftcycle-4578a1767364249245e25fac7a23f724/1.json	train/img-classification_cifar-10_acc_rl-bb-struct1-v2-sftcycle-4578a1767364249245e25fac7a23f724/1.json	1424	d4b367135d0f7280146352545fe9c528bd111a56a2f6bc173af7ce0a60501ada
evaluation_stat	/home/s471802/nn-gpt/out/nngpt/new_lemur/train/img-classification_cifar-10_acc_rl-bb-struct1-v2-sftcycle-46b855e23cdd6d5b7cccbe8cf910eb9c/1.json	train/img-classification_cifar-10_acc_rl-bb-struct1-v2-sftcycle-46b855e23cdd6d5b7cccbe8cf910eb9c/1.json	1427	15d2f62a42eaca19a618e57ede69068545f7d5d41f6f125b6b3a94a86a0896b1
evaluation_stat	/home/s471802/nn-gpt/out/nngpt/new_lemur/train/img-classification_cifar-10_acc_rl-bb-struct1-v2-sftcycle-47532fedfed5a3838900aa457bb55ccc/1.json	train/img-classification_cifar-10_acc_rl-bb-struct1-v2-sftcycle-47532fedfed5a3838900aa457bb55ccc/1.json	1428	7b61c2564237549700a74d7f514cd524091af4ae35a283ea17b0754e5dbe3d20
evaluation_stat	/home/s471802/nn-gpt/out/nngpt/new_lemur/train/img-classification_cifar-10_acc_rl-bb-struct1-v2-sftcycle-47847c3c79694f81b2988a537a655cee/1.json	train/img-classification_cifar-10_acc_rl-bb-struct1-v2-sftcycle-47847c3c79694f81b2988a537a655cee/1.json	1419	69fd96bfbc32f40f32fa603d666ed07c5374a43440cee76cade9a01498e5ca91
evaluation_stat	/home/s471802/nn-gpt/out/nngpt/new_lemur/train/img-classification_cifar-10_acc_rl-bb-struct1-v2-sftcycle-4785ae3929ad1db1ecac8957a9bb36fc/1.json	train/img-classification_cifar-10_acc_rl-bb-struct1-v2-sftcycle-4785ae3929ad1db1ecac8957a9bb36fc/1.json	1427	a31f9c68d15a003a86b1103c8412ef8a7460b953b7a660a9fe1b43cf848a5d35
evaluation_stat	/home/s471802/nn-gpt/out/nngpt/new_lemur/train/img-classification_cifar-10_acc_rl-bb-struct1-v2-sftcycle-47928219b77d1faffc0152fd13fa7ddf/1.json	train/img-classification_cifar-10_acc_rl-bb-struct1-v2-sftcycle-47928219b77d1faffc0152fd13fa7ddf/1.json	1427	66c6adef767b81f7aabde59676cbd7d181635ca0028193004b3da4c789453181
evaluation_stat	/home/s471802/nn-gpt/out/nngpt/new_lemur/train/img-classification_cifar-10_acc_rl-bb-struct1-v2-sftcycle-47e8a146a14d2c0823bb3161e6732ef1/1.json	train/img-classification_cifar-10_acc_rl-bb-struct1-v2-sftcycle-47e8a146a14d2c0823bb3161e6732ef1/1.json	1427	c7958c553ec3d4bce63ebae05a5d2481d28c3e09e3f671331548c82e0e03d496
evaluation_stat	/home/s471802/nn-gpt/out/nngpt/new_lemur/train/img-classification_cifar-10_acc_rl-bb-struct1-v2-sftcycle-47f8a461ce843b61a9a391330b7beab9/1.json	train/img-classification_cifar-10_acc_rl-bb-struct1-v2-sftcycle-47f8a461ce843b61a9a391330b7beab9/1.json	1427	bf4741022806abbe4f1f9ea258707614ec2eb21eb382a450f8851d791f972a51
evaluation_stat	/home/s471802/nn-gpt/out/nngpt/new_lemur/train/img-classification_cifar-10_acc_rl-bb-struct1-v2-sftcycle-481af98938c4a0af69f3a3dbe9c747c2/1.json	train/img-classification_cifar-10_acc_rl-bb-struct1-v2-sftcycle-481af98938c4a0af69f3a3dbe9c747c2/1.json	1426	d8fc0ddc18b21aa93be10c6af3020a7e5d1dc610a1226055aa13bed5ad95161d
evaluation_stat	/home/s471802/nn-gpt/out/nngpt/new_lemur/train/img-classification_cifar-10_acc_rl-bb-struct1-v2-sftcycle-4832936707883f00c668a0ef64a2869f/1.json	train/img-classification_cifar-10_acc_rl-bb-struct1-v2-sftcycle-4832936707883f00c668a0ef64a2869f/1.json	1428	4eb638cedc690e0a85d053b1926c406e6c00e0303dc49300d853962f5a428641
evaluation_stat	/home/s471802/nn-gpt/out/nngpt/new_lemur/train/img-classification_cifar-10_acc_rl-bb-struct1-v2-sftcycle-48a27cea7ba4bb70cd0bd781a3e703bf/1.json	train/img-classification_cifar-10_acc_rl-bb-struct1-v2-sftcycle-48a27cea7ba4bb70cd0bd781a3e703bf/1.json	1426	c92a54f53ab3f765f9dfc2981036e2da4f1eadf9ed0f7b29196b8b1ad92369c0
evaluation_stat	/home/s471802/nn-gpt/out/nngpt/new_lemur/train/img-classification_cifar-10_acc_rl-bb-struct1-v2-sftcycle-48b04468501196ec369feed68e9f93e6/1.json	train/img-classification_cifar-10_acc_rl-bb-struct1-v2-sftcycle-48b04468501196ec369feed68e9f93e6/1.json	1424	656fc42c4761b434e6752e194b159fdef443edeb74c2fa0ddcd77713cbc6f9ca
evaluation_stat	/home/s471802/nn-gpt/out/nngpt/new_lemur/train/img-classification_cifar-10_acc_rl-bb-struct1-v2-sftcycle-49f2e0b58e983abc11c5424a3b1d1a28/1.json	train/img-classification_cifar-10_acc_rl-bb-struct1-v2-sftcycle-49f2e0b58e983abc11c5424a3b1d1a28/1.json	1427	bb7f44cf43b0f1e1a27fec748f7878047771583701ed258c28eef2802a363fba
evaluation_stat	/home/s471802/nn-gpt/out/nngpt/new_lemur/train/img-classification_cifar-10_acc_rl-bb-struct1-v2-sftcycle-4a5bea90ce32db7fc215e36f786418d6/1.json	train/img-classification_cifar-10_acc_rl-bb-struct1-v2-sftcycle-4a5bea90ce32db7fc215e36f786418d6/1.json	1427	cbedb85d337f3c55b75dab4a5f5c81f2076cd3dc1b767c55eaeb36a337beb2cd
evaluation_stat	/home/s471802/nn-gpt/out/nngpt/new_lemur/train/img-classification_cifar-10_acc_rl-bb-struct1-v2-sftcycle-4ac3ad944e4b7279f9da8ee4d52d09cd/1.json	train/img-classification_cifar-10_acc_rl-bb-struct1-v2-sftcycle-4ac3ad944e4b7279f9da8ee4d52d09cd/1.json	1426	128252a52e87d68eb933745bc1b23d8297932977b166c71e3550cf2c7bdb3b34
evaluation_stat	/home/s471802/nn-gpt/out/nngpt/new_lemur/train/img-classification_cifar-10_acc_rl-bb-struct1-v2-sftcycle-4b1bc78ddeb31ff8922913120d710c7f/1.json	train/img-classification_cifar-10_acc_rl-bb-struct1-v2-sftcycle-4b1bc78ddeb31ff8922913120d710c7f/1.json	1425	46fcaf002ddd32bdf57a6d1a6c2fe77127d79ffd98f7d270f1e929eb88074994
evaluation_stat	/home/s471802/nn-gpt/out/nngpt/new_lemur/train/img-classification_cifar-10_acc_rl-bb-struct1-v2-sftcycle-4b2afca74dfd255cfec12336461350cd/1.json	train/img-classification_cifar-10_acc_rl-bb-struct1-v2-sftcycle-4b2afca74dfd255cfec12336461350cd/1.json	1419	0d3db338e524a48bdd25a5d0e9cbdb23d67cbbe146b51fe8ab9b1ac9d01267bc
evaluation_stat	/home/s471802/nn-gpt/out/nngpt/new_lemur/train/img-classification_cifar-10_acc_rl-bb-struct1-v2-sftcycle-4b62552e0aa073690e6cfde32a4cee10/1.json	train/img-classification_cifar-10_acc_rl-bb-struct1-v2-sftcycle-4b62552e0aa073690e6cfde32a4cee10/1.json	1428	051191d28d1e88472c3d6c264d9dd989313002dffe2b000021e3c7277e59d669
evaluation_stat	/home/s471802/nn-gpt/out/nngpt/new_lemur/train/img-classification_cifar-10_acc_rl-bb-struct1-v2-sftcycle-4bbc0676e019b71a27ea90916c691684/1.json	train/img-classification_cifar-10_acc_rl-bb-struct1-v2-sftcycle-4bbc0676e019b71a27ea90916c691684/1.json	1425	2ce6acc44c8a16dbb9c90382582af2c802c812639bcaffdbe912ce23cea056f7
evaluation_stat	/home/s471802/nn-gpt/out/nngpt/new_lemur/train/img-classification_cifar-10_acc_rl-bb-struct1-v2-sftcycle-4dff4fd66e09182f100f8b13711f3f53/1.json	train/img-classification_cifar-10_acc_rl-bb-struct1-v2-sftcycle-4dff4fd66e09182f100f8b13711f3f53/1.json	1429	639f940c1bdd4e5cfc9ff017986e30da35de0bef61bcc41f3731db5d632f6cbb
evaluation_stat	/home/s471802/nn-gpt/out/nngpt/new_lemur/train/img-classification_cifar-10_acc_rl-bb-struct1-v2-sftcycle-4e2252bfb9ae7f7d58209cfcfe6aeb69/1.json	train/img-classification_cifar-10_acc_rl-bb-struct1-v2-sftcycle-4e2252bfb9ae7f7d58209cfcfe6aeb69/1.json	1427	e891bb02936ed07b95e553ae37b70e150c3dce1f7d71f3ec7beebda403f325a5
evaluation_stat	/home/s471802/nn-gpt/out/nngpt/new_lemur/train/img-classification_cifar-10_acc_rl-bb-struct1-v2-sftcycle-4e915c06a66b7910c815155b00d960e1/1.json	train/img-classification_cifar-10_acc_rl-bb-struct1-v2-sftcycle-4e915c06a66b7910c815155b00d960e1/1.json	1425	1b56f06ce78aa7f90e18fbae5cc36e4f57eee7b94f1280ccf81102751bb0ac18
evaluation_stat	/home/s471802/nn-gpt/out/nngpt/new_lemur/train/img-classification_cifar-10_acc_rl-bb-struct1-v2-sftcycle-4eb3e6016a912e9e9eead95c1e209db5/1.json	train/img-classification_cifar-10_acc_rl-bb-struct1-v2-sftcycle-4eb3e6016a912e9e9eead95c1e209db5/1.json	1428	62c441451e3d202621a19f153bfd3f92f80e647a348f6665aea36f778960c8b3
evaluation_stat	/home/s471802/nn-gpt/out/nngpt/new_lemur/train/img-classification_cifar-10_acc_rl-bb-struct1-v2-sftcycle-4eb6d570dbc1f0aa886bb922464f343f/1.json	train/img-classification_cifar-10_acc_rl-bb-struct1-v2-sftcycle-4eb6d570dbc1f0aa886bb922464f343f/1.json	1423	e529a6457f2b1312e6c0f606ece89b7da4350b00cd37c8cfb38ced321c2a7e55
evaluation_stat	/home/s471802/nn-gpt/out/nngpt/new_lemur/train/img-classification_cifar-10_acc_rl-bb-struct1-v2-sftcycle-4f064e7d7be78372b582bd91edfe0598/1.json	train/img-classification_cifar-10_acc_rl-bb-struct1-v2-sftcycle-4f064e7d7be78372b582bd91edfe0598/1.json	1426	490d359ad92bcf1582c5b43cc98d2709f263fbbfe5d30de3687f03d308a066b6
evaluation_stat	/home/s471802/nn-gpt/out/nngpt/new_lemur/train/img-classification_cifar-10_acc_rl-bb-struct1-v2-sftcycle-4f241b26fcac2df82a9c5c65a1d74496/1.json	train/img-classification_cifar-10_acc_rl-bb-struct1-v2-sftcycle-4f241b26fcac2df82a9c5c65a1d74496/1.json	1425	ee50d9b986584caf23f25cb2f864a7dab99e8b62baa93d48bbdeb11e6a80215c
evaluation_stat	/home/s471802/nn-gpt/out/nngpt/new_lemur/train/img-classification_cifar-10_acc_rl-bb-struct1-v2-sftcycle-4f52cadbf5722b019d47f0ae2bd65633/1.json	train/img-classification_cifar-10_acc_rl-bb-struct1-v2-sftcycle-4f52cadbf5722b019d47f0ae2bd65633/1.json	1423	7c47cc8a2568beb139ea9b13c40b9a775a7b515ea626a23f35d7be039237e5af
evaluation_stat	/home/s471802/nn-gpt/out/nngpt/new_lemur/train/img-classification_cifar-10_acc_rl-bb-struct1-v2-sftcycle-4fa1f57a6cf5d50e78692a25b5ac80ac/1.json	train/img-classification_cifar-10_acc_rl-bb-struct1-v2-sftcycle-4fa1f57a6cf5d50e78692a25b5ac80ac/1.json	1428	fcb43a2f5fb8ce1a988993050151a015ba663cd658a44cd8ceb5d78a5bacbfbe
evaluation_stat	/home/s471802/nn-gpt/out/nngpt/new_lemur/train/img-classification_cifar-10_acc_rl-bb-struct1-v2-sftcycle-50c234fd79830830826e6b12f9e0cac3/1.json	train/img-classification_cifar-10_acc_rl-bb-struct1-v2-sftcycle-50c234fd79830830826e6b12f9e0cac3/1.json	1422	8e509078b4c6d761110b6e40b7e1f8e523a90f8d8e55f84c3bc0a750869117a6
evaluation_stat	/home/s471802/nn-gpt/out/nngpt/new_lemur/train/img-classification_cifar-10_acc_rl-bb-struct1-v2-sftcycle-512b4eda8923f6c72c36caef0efb19a3/1.json	train/img-classification_cifar-10_acc_rl-bb-struct1-v2-sftcycle-512b4eda8923f6c72c36caef0efb19a3/1.json	1426	c2e31641d07c166afa75af3b6afc6f43984fcb133bd730f618e4b4f97d09d74b
evaluation_stat	/home/s471802/nn-gpt/out/nngpt/new_lemur/train/img-classification_cifar-10_acc_rl-bb-struct1-v2-sftcycle-512d0d10e4c41d16b0551e47fdbad158/1.json	train/img-classification_cifar-10_acc_rl-bb-struct1-v2-sftcycle-512d0d10e4c41d16b0551e47fdbad158/1.json	1424	e6e0bf1c0edfb79cf5019a36e1e02c6f7edada15a68b11e895fa09dd2596f225
evaluation_stat	/home/s471802/nn-gpt/out/nngpt/new_lemur/train/img-classification_cifar-10_acc_rl-bb-struct1-v2-sftcycle-51b19dee363add9a7a42523bd79ca06c/1.json	train/img-classification_cifar-10_acc_rl-bb-struct1-v2-sftcycle-51b19dee363add9a7a42523bd79ca06c/1.json	1426	953244ac671d84378c1473633c29b2df4fced4cc026b0c36ccee575af89217e6
evaluation_stat	/home/s471802/nn-gpt/out/nngpt/new_lemur/train/img-classification_cifar-10_acc_rl-bb-struct1-v2-sftcycle-52b2eda3cd6e527084a38c79dbb189a8/1.json	train/img-classification_cifar-10_acc_rl-bb-struct1-v2-sftcycle-52b2eda3cd6e527084a38c79dbb189a8/1.json	1428	2755d0ef2b71516ef77d899885c31745138a7c43b54284d3fe3c9fbaa3099a3d
evaluation_stat	/home/s471802/nn-gpt/out/nngpt/new_lemur/train/img-classification_cifar-10_acc_rl-bb-struct1-v2-sftcycle-53bd5b6076f8dfa67dcc31f230706cd2/1.json	train/img-classification_cifar-10_acc_rl-bb-struct1-v2-sftcycle-53bd5b6076f8dfa67dcc31f230706cd2/1.json	1425	0c3839d7e2dccead644686734d1914397b3356570645d3c475560b18f020092f
evaluation_stat	/home/s471802/nn-gpt/out/nngpt/new_lemur/train/img-classification_cifar-10_acc_rl-bb-struct1-v2-sftcycle-5425473968bf337df229a2e513c20b89/1.json	train/img-classification_cifar-10_acc_rl-bb-struct1-v2-sftcycle-5425473968bf337df229a2e513c20b89/1.json	1427	c5e7c11d8bbb73a678903649a6ff70a3ee5291f0c6c2fb3f20e69c22472f00fa
evaluation_stat	/home/s471802/nn-gpt/out/nngpt/new_lemur/train/img-classification_cifar-10_acc_rl-bb-struct1-v2-sftcycle-5437d40a9ae06f1107fd38625d21a224/1.json	train/img-classification_cifar-10_acc_rl-bb-struct1-v2-sftcycle-5437d40a9ae06f1107fd38625d21a224/1.json	1428	fd49223f405d0ec617ec9228276b12e03096a6c952ff7215b775c54287ba4969
evaluation_stat	/home/s471802/nn-gpt/out/nngpt/new_lemur/train/img-classification_cifar-10_acc_rl-bb-struct1-v2-sftcycle-544fd512c5b67e4967af15c8eea6c755/1.json	train/img-classification_cifar-10_acc_rl-bb-struct1-v2-sftcycle-544fd512c5b67e4967af15c8eea6c755/1.json	1425	04101b16b24105296c375a198b22139f62679b7c91de88b4290cb68599790b14
evaluation_stat	/home/s471802/nn-gpt/out/nngpt/new_lemur/train/img-classification_cifar-10_acc_rl-bb-struct1-v2-sftcycle-55ccac0c83ad9f73900dcc848a439444/1.json	train/img-classification_cifar-10_acc_rl-bb-struct1-v2-sftcycle-55ccac0c83ad9f73900dcc848a439444/1.json	1425	971bafeef4cc7cb758bdb8aa0bc961af058e3fee46cdd158fe5137b61f74c01a
evaluation_stat	/home/s471802/nn-gpt/out/nngpt/new_lemur/train/img-classification_cifar-10_acc_rl-bb-struct1-v2-sftcycle-56b70931ae85b5e48751b6995bba5417/1.json	train/img-classification_cifar-10_acc_rl-bb-struct1-v2-sftcycle-56b70931ae85b5e48751b6995bba5417/1.json	1427	5015f94e8c3b92fecbb64d0368f2510c470c03486652ca1917001868b420b150
evaluation_stat	/home/s471802/nn-gpt/out/nngpt/new_lemur/train/img-classification_cifar-10_acc_rl-bb-struct1-v2-sftcycle-56fe292a4ef947475f0ae220eb164e85/1.json	train/img-classification_cifar-10_acc_rl-bb-struct1-v2-sftcycle-56fe292a4ef947475f0ae220eb164e85/1.json	1425	4ec343d4152725c4a86937eb67ecca1797b0c844c0563dd0688c5f12dfbe21f0
evaluation_stat	/home/s471802/nn-gpt/out/nngpt/new_lemur/train/img-classification_cifar-10_acc_rl-bb-struct1-v2-sftcycle-57290e0bea67b7eaced890e9bf80604a/1.json	train/img-classification_cifar-10_acc_rl-bb-struct1-v2-sftcycle-57290e0bea67b7eaced890e9bf80604a/1.json	1425	0b8e348e46e598b3f930fac0ea6478f99823b37f4236bb8937f78ecc5cc9a576
evaluation_stat	/home/s471802/nn-gpt/out/nngpt/new_lemur/train/img-classification_cifar-10_acc_rl-bb-struct1-v2-sftcycle-576a90439dea885193e462e66eac6692/1.json	train/img-classification_cifar-10_acc_rl-bb-struct1-v2-sftcycle-576a90439dea885193e462e66eac6692/1.json	1425	11af48250ebe49058382b2f0b5cd39d876c578f71ebae83f4b2f7af7e7bcae2f
evaluation_stat	/home/s471802/nn-gpt/out/nngpt/new_lemur/train/img-classification_cifar-10_acc_rl-bb-struct1-v2-sftcycle-584851bdd8cb4584aab694d50b2acf6c/1.json	train/img-classification_cifar-10_acc_rl-bb-struct1-v2-sftcycle-584851bdd8cb4584aab694d50b2acf6c/1.json	1425	8a021c63f17cb8908712e4ea1f616357a23a0a9cce3e108c9955f67e7d5174b8
evaluation_stat	/home/s471802/nn-gpt/out/nngpt/new_lemur/train/img-classification_cifar-10_acc_rl-bb-struct1-v2-sftcycle-58a84c65fdb8a99960a803af65029f65/1.json	train/img-classification_cifar-10_acc_rl-bb-struct1-v2-sftcycle-58a84c65fdb8a99960a803af65029f65/1.json	1424	5dc383a89b8df4296f7083b645a9acabf11f4334a3a169c2559bf73135a80d29
evaluation_stat	/home/s471802/nn-gpt/out/nngpt/new_lemur/train/img-classification_cifar-10_acc_rl-bb-struct1-v2-sftcycle-58ff391e8d4015f682916570f9b7f83f/1.json	train/img-classification_cifar-10_acc_rl-bb-struct1-v2-sftcycle-58ff391e8d4015f682916570f9b7f83f/1.json	1425	29689807c747f1c87e588776911256eb7783a6971fc18eb74a52546b817a3a90
evaluation_stat	/home/s471802/nn-gpt/out/nngpt/new_lemur/train/img-classification_cifar-10_acc_rl-bb-struct1-v2-sftcycle-5923f762be4219f9ceff90727717d277/1.json	train/img-classification_cifar-10_acc_rl-bb-struct1-v2-sftcycle-5923f762be4219f9ceff90727717d277/1.json	1427	1e0642e92965138f09ac6725c6f779c479cea7b911fba6029f6b79582456a3ba
evaluation_stat	/home/s471802/nn-gpt/out/nngpt/new_lemur/train/img-classification_cifar-10_acc_rl-bb-struct1-v2-sftcycle-5a374d0b506e6de5db7b23874dcdf634/1.json	train/img-classification_cifar-10_acc_rl-bb-struct1-v2-sftcycle-5a374d0b506e6de5db7b23874dcdf634/1.json	1423	648345e534b0de3f8f9976ce89d34f99cfafa755ae01fd4cb8154ceb0ab81b77
evaluation_stat	/home/s471802/nn-gpt/out/nngpt/new_lemur/train/img-classification_cifar-10_acc_rl-bb-struct1-v2-sftcycle-5a38182e3b62ea96e23ec556ec41d0c8/1.json	train/img-classification_cifar-10_acc_rl-bb-struct1-v2-sftcycle-5a38182e3b62ea96e23ec556ec41d0c8/1.json	1427	7085d8f204762a984d0d9d0acbb16b9f648225f885e8e652f48e0c00eedb23e8
evaluation_stat	/home/s471802/nn-gpt/out/nngpt/new_lemur/train/img-classification_cifar-10_acc_rl-bb-struct1-v2-sftcycle-5b268afab416a4f2766d542c2caff63e/1.json	train/img-classification_cifar-10_acc_rl-bb-struct1-v2-sftcycle-5b268afab416a4f2766d542c2caff63e/1.json	1424	4631abb9e3bcbad0fd58e87a247f49dbf91320c7429372e7e9bf2379431b644a
evaluation_stat	/home/s471802/nn-gpt/out/nngpt/new_lemur/train/img-classification_cifar-10_acc_rl-bb-struct1-v2-sftcycle-5b2c074141f08338a28cfefabfb0a353/1.json	train/img-classification_cifar-10_acc_rl-bb-struct1-v2-sftcycle-5b2c074141f08338a28cfefabfb0a353/1.json	1428	8cdec15d4a8c3ae294d7904990eda9fe5365e28bd522a19071ee56f4d024fb7b
evaluation_stat	/home/s471802/nn-gpt/out/nngpt/new_lemur/train/img-classification_cifar-10_acc_rl-bb-struct1-v2-sftcycle-5b433bed608744c3e804326f8a7a1497/1.json	train/img-classification_cifar-10_acc_rl-bb-struct1-v2-sftcycle-5b433bed608744c3e804326f8a7a1497/1.json	1423	19546ad029e378e3008d1a4c8db4b174e03d167d5123bf61cc3e8e404d6845a5
evaluation_stat	/home/s471802/nn-gpt/out/nngpt/new_lemur/train/img-classification_cifar-10_acc_rl-bb-struct1-v2-sftcycle-5b573d0a6abec2fa90175316b4c9a808/1.json	train/img-classification_cifar-10_acc_rl-bb-struct1-v2-sftcycle-5b573d0a6abec2fa90175316b4c9a808/1.json	1426	bc3f3397eded6a1657b413edf19ae00a1d6e80df95ed2c189559ad87edb6bc41
evaluation_stat	/home/s471802/nn-gpt/out/nngpt/new_lemur/train/img-classification_cifar-10_acc_rl-bb-struct1-v2-sftcycle-5bd7e532c664ba65cd10b31269cdd3d7/1.json	train/img-classification_cifar-10_acc_rl-bb-struct1-v2-sftcycle-5bd7e532c664ba65cd10b31269cdd3d7/1.json	1424	a6babb06d255abc8fdc9b3183457cc3e8a7d2b1b8b9778b0d663fab222b48d15
evaluation_stat	/home/s471802/nn-gpt/out/nngpt/new_lemur/train/img-classification_cifar-10_acc_rl-bb-struct1-v2-sftcycle-5bfc35c511d10ffb014f33cc026d77ba/1.json	train/img-classification_cifar-10_acc_rl-bb-struct1-v2-sftcycle-5bfc35c511d10ffb014f33cc026d77ba/1.json	1426	9c790ca799d282614e15c3bd44ed206675d9fbd77a0a4c7cfcbc6704e0150ec0
evaluation_stat	/home/s471802/nn-gpt/out/nngpt/new_lemur/train/img-classification_cifar-10_acc_rl-bb-struct1-v2-sftcycle-5c4e81cede99974023080fb619a58b08/1.json	train/img-classification_cifar-10_acc_rl-bb-struct1-v2-sftcycle-5c4e81cede99974023080fb619a58b08/1.json	1426	bbb620f0782613e5a99415fc44fcba8555fb204bbce5fcdfcf20ee9205f41872
evaluation_stat	/home/s471802/nn-gpt/out/nngpt/new_lemur/train/img-classification_cifar-10_acc_rl-bb-struct1-v2-sftcycle-5ccb783a1a0d2026a8896ebd93db8e48/1.json	train/img-classification_cifar-10_acc_rl-bb-struct1-v2-sftcycle-5ccb783a1a0d2026a8896ebd93db8e48/1.json	1426	1c0a78b962b2893f6a2b7192daa7996b776160da749ec168f882c30a809d9e3d
evaluation_stat	/home/s471802/nn-gpt/out/nngpt/new_lemur/train/img-classification_cifar-10_acc_rl-bb-struct1-v2-sftcycle-5cd3f95fc4d6deba432660c00d01b3b3/1.json	train/img-classification_cifar-10_acc_rl-bb-struct1-v2-sftcycle-5cd3f95fc4d6deba432660c00d01b3b3/1.json	1427	530e71f77be5e20c6d17107f5c65c394d0c59729fbedce32313dc6ba6789b397
evaluation_stat	/home/s471802/nn-gpt/out/nngpt/new_lemur/train/img-classification_cifar-10_acc_rl-bb-struct1-v2-sftcycle-5db0fc0c6ec45112dcf2fb2ee7b9e4cf/1.json	train/img-classification_cifar-10_acc_rl-bb-struct1-v2-sftcycle-5db0fc0c6ec45112dcf2fb2ee7b9e4cf/1.json	1425	9f87119d5e8b75f3a5b719316ff07c6021fb3f1c2bea12b4dd43acfabeb03876
evaluation_stat	/home/s471802/nn-gpt/out/nngpt/new_lemur/train/img-classification_cifar-10_acc_rl-bb-struct1-v2-sftcycle-5ddeecfe6e1f872ad6034ff8277b5917/1.json	train/img-classification_cifar-10_acc_rl-bb-struct1-v2-sftcycle-5ddeecfe6e1f872ad6034ff8277b5917/1.json	1423	622d8e1c24bb477a82b2ae1a35b892ffab3575b0e2ddfa7897f8bdcbba5b473b
evaluation_stat	/home/s471802/nn-gpt/out/nngpt/new_lemur/train/img-classification_cifar-10_acc_rl-bb-struct1-v2-sftcycle-5ea1d752993c2f887efc7674af749969/1.json	train/img-classification_cifar-10_acc_rl-bb-struct1-v2-sftcycle-5ea1d752993c2f887efc7674af749969/1.json	1428	53b530930014d4ce21cc7d1f7ddc464d1b9c245eaddba1ca9871d2c29d3e5357
evaluation_stat	/home/s471802/nn-gpt/out/nngpt/new_lemur/train/img-classification_cifar-10_acc_rl-bb-struct1-v2-sftcycle-5f9fccf6b94dfe2627b53841e3f7e35b/1.json	train/img-classification_cifar-10_acc_rl-bb-struct1-v2-sftcycle-5f9fccf6b94dfe2627b53841e3f7e35b/1.json	1424	61f7dd86f05dc263331570cdf2aba8cc26470d6047676d69f50322695c7eb27c
evaluation_stat	/home/s471802/nn-gpt/out/nngpt/new_lemur/train/img-classification_cifar-10_acc_rl-bb-struct1-v2-sftcycle-5ff71b71644deb95de38c0cb4cf77b6f/1.json	train/img-classification_cifar-10_acc_rl-bb-struct1-v2-sftcycle-5ff71b71644deb95de38c0cb4cf77b6f/1.json	1428	fb5a1c89f9d8f7a041f1ea8181743f19a01fa1f4ee506fd96b7dc028ac7b1e9b
evaluation_stat	/home/s471802/nn-gpt/out/nngpt/new_lemur/train/img-classification_cifar-10_acc_rl-bb-struct1-v2-sftcycle-6103c2b876db481336195ed129520525/1.json	train/img-classification_cifar-10_acc_rl-bb-struct1-v2-sftcycle-6103c2b876db481336195ed129520525/1.json	1425	52565b63c31e824c805f5a27d8259791fe7a389d32baf0d106e6819d4328fd13
evaluation_stat	/home/s471802/nn-gpt/out/nngpt/new_lemur/train/img-classification_cifar-10_acc_rl-bb-struct1-v2-sftcycle-6158e1754b07995788ea4a201b7d0feb/1.json	train/img-classification_cifar-10_acc_rl-bb-struct1-v2-sftcycle-6158e1754b07995788ea4a201b7d0feb/1.json	1428	5c87aaf6e006a80ad71a195a2e133ee6474b4a58ce524c33e7827503c10b8e91
evaluation_stat	/home/s471802/nn-gpt/out/nngpt/new_lemur/train/img-classification_cifar-10_acc_rl-bb-struct1-v2-sftcycle-616ce197c70bbae75fe4947f3b2c435e/1.json	train/img-classification_cifar-10_acc_rl-bb-struct1-v2-sftcycle-616ce197c70bbae75fe4947f3b2c435e/1.json	1426	13449d92f0bfe4674725d7823e494779e1a975a36f1844d159734f613ddd941e
evaluation_stat	/home/s471802/nn-gpt/out/nngpt/new_lemur/train/img-classification_cifar-10_acc_rl-bb-struct1-v2-sftcycle-6189940960b4b531c487e8ad1bcd1bf7/1.json	train/img-classification_cifar-10_acc_rl-bb-struct1-v2-sftcycle-6189940960b4b531c487e8ad1bcd1bf7/1.json	1424	4d3ecd05e6fe2789312ba8f88c906db26acd297395787680dd4dafc65e6ff608
evaluation_stat	/home/s471802/nn-gpt/out/nngpt/new_lemur/train/img-classification_cifar-10_acc_rl-bb-struct1-v2-sftcycle-621b13f40a3ebc79dfc8270a7b761e1f/1.json	train/img-classification_cifar-10_acc_rl-bb-struct1-v2-sftcycle-621b13f40a3ebc79dfc8270a7b761e1f/1.json	1426	d3a450c75b2602ef93da10ba5d1ce2879924b4a3aee0b2cd6210d470b995c89e
evaluation_stat	/home/s471802/nn-gpt/out/nngpt/new_lemur/train/img-classification_cifar-10_acc_rl-bb-struct1-v2-sftcycle-62478ccdc17c2e3aa7ba8eab1e8bf43f/1.json	train/img-classification_cifar-10_acc_rl-bb-struct1-v2-sftcycle-62478ccdc17c2e3aa7ba8eab1e8bf43f/1.json	1423	65ee5af082b13d4963edf00ca225e05db8556608eaae440a02f336851cc6a0c9
evaluation_stat	/home/s471802/nn-gpt/out/nngpt/new_lemur/train/img-classification_cifar-10_acc_rl-bb-struct1-v2-sftcycle-62a3462e06a755c33bf04bdb7c8bac3e/1.json	train/img-classification_cifar-10_acc_rl-bb-struct1-v2-sftcycle-62a3462e06a755c33bf04bdb7c8bac3e/1.json	1427	d6f588ffd083d5929fcc776f0c5ba431cff7c2944f7566f2da203e2eeeef6994
evaluation_stat	/home/s471802/nn-gpt/out/nngpt/new_lemur/train/img-classification_cifar-10_acc_rl-bb-struct1-v2-sftcycle-6349a6406619ba6cdde840c19fe93313/1.json	train/img-classification_cifar-10_acc_rl-bb-struct1-v2-sftcycle-6349a6406619ba6cdde840c19fe93313/1.json	1428	0c60805053c418829700f28ede8f68ccf3633e54ca03a7852288982d74a5b283
evaluation_stat	/home/s471802/nn-gpt/out/nngpt/new_lemur/train/img-classification_cifar-10_acc_rl-bb-struct1-v2-sftcycle-63cb22b99745cc78f09fbb7489a23e47/1.json	train/img-classification_cifar-10_acc_rl-bb-struct1-v2-sftcycle-63cb22b99745cc78f09fbb7489a23e47/1.json	1425	6f1f41366a75c7f90da9af2159530968d7a483d458a5c72f53d4d92adcc7b7ee
evaluation_stat	/home/s471802/nn-gpt/out/nngpt/new_lemur/train/img-classification_cifar-10_acc_rl-bb-struct1-v2-sftcycle-6474f490d3f808084610bbd142879c43/1.json	train/img-classification_cifar-10_acc_rl-bb-struct1-v2-sftcycle-6474f490d3f808084610bbd142879c43/1.json	1426	3e121dc17ee63ae3ae75d192adaab343fa58028106ba21f2211286c1697b3dfb
evaluation_stat	/home/s471802/nn-gpt/out/nngpt/new_lemur/train/img-classification_cifar-10_acc_rl-bb-struct1-v2-sftcycle-647ef148cb6a062e4673d3cfcc7c984a/1.json	train/img-classification_cifar-10_acc_rl-bb-struct1-v2-sftcycle-647ef148cb6a062e4673d3cfcc7c984a/1.json	1426	b5c1dedcc9732376d314c0c3de43a86dba955159c005cface7c4b398573aa969
evaluation_stat	/home/s471802/nn-gpt/out/nngpt/new_lemur/train/img-classification_cifar-10_acc_rl-bb-struct1-v2-sftcycle-6487e540987e5d61cef76dba96b2b4a5/1.json	train/img-classification_cifar-10_acc_rl-bb-struct1-v2-sftcycle-6487e540987e5d61cef76dba96b2b4a5/1.json	1426	63afe03ce29c9e0b7239818b77f0aa7aa32720c9711ca5c3ab1147d6e99d18e9
evaluation_stat	/home/s471802/nn-gpt/out/nngpt/new_lemur/train/img-classification_cifar-10_acc_rl-bb-struct1-v2-sftcycle-64998e5e9c1e4ebb74b7f23edec11ff2/1.json	train/img-classification_cifar-10_acc_rl-bb-struct1-v2-sftcycle-64998e5e9c1e4ebb74b7f23edec11ff2/1.json	1426	ac8d1e57d87703c9d93eaa0ac651113166b13aab106cb45c4d449ebd2831d3c9
evaluation_stat	/home/s471802/nn-gpt/out/nngpt/new_lemur/train/img-classification_cifar-10_acc_rl-bb-struct1-v2-sftcycle-65a3bf400d9e867af4a6f28db16c60a0/1.json	train/img-classification_cifar-10_acc_rl-bb-struct1-v2-sftcycle-65a3bf400d9e867af4a6f28db16c60a0/1.json	1426	cde3e05026e15faf37c37791f1900a108bc9e02fe707f6a8d13e14f8e1ef0602
evaluation_stat	/home/s471802/nn-gpt/out/nngpt/new_lemur/train/img-classification_cifar-10_acc_rl-bb-struct1-v2-sftcycle-65a96f58d1d15ac6e64a37bd5e1865c9/1.json	train/img-classification_cifar-10_acc_rl-bb-struct1-v2-sftcycle-65a96f58d1d15ac6e64a37bd5e1865c9/1.json	1425	268a2a93fb38d5718d65d7e44cad14622f9e4ce22f53d4441d7d4963e83a98da
evaluation_stat	/home/s471802/nn-gpt/out/nngpt/new_lemur/train/img-classification_cifar-10_acc_rl-bb-struct1-v2-sftcycle-6674f8167c44dc306fac7577403ec8bb/1.json	train/img-classification_cifar-10_acc_rl-bb-struct1-v2-sftcycle-6674f8167c44dc306fac7577403ec8bb/1.json	1426	dbb2b01162f9f1f127d6ed2d397015015ab1b622d2c4151c27b5292cf47bf2d5
evaluation_stat	/home/s471802/nn-gpt/out/nngpt/new_lemur/train/img-classification_cifar-10_acc_rl-bb-struct1-v2-sftcycle-66db2a768e0760d7fb979079f41d9775/1.json	train/img-classification_cifar-10_acc_rl-bb-struct1-v2-sftcycle-66db2a768e0760d7fb979079f41d9775/1.json	1426	3bd05940bf83616df48d3b8a26bb01f08e0898131ada79bfc1f7b215d6759594
evaluation_stat	/home/s471802/nn-gpt/out/nngpt/new_lemur/train/img-classification_cifar-10_acc_rl-bb-struct1-v2-sftcycle-66f57bd00fd8c21629bf7ec4546e907e/1.json	train/img-classification_cifar-10_acc_rl-bb-struct1-v2-sftcycle-66f57bd00fd8c21629bf7ec4546e907e/1.json	1425	ed2cc52ee22c3423801d49fbf25ad46561a2e75d4cb80924b0a6f783b9c2695a
evaluation_stat	/home/s471802/nn-gpt/out/nngpt/new_lemur/train/img-classification_cifar-10_acc_rl-bb-struct1-v2-sftcycle-678ad553b101c188220dbb525dc6dfa7/1.json	train/img-classification_cifar-10_acc_rl-bb-struct1-v2-sftcycle-678ad553b101c188220dbb525dc6dfa7/1.json	1427	229e71e5e90fe071ec5e66592bc3c7781257941b98a7324ac6036a5eeae21bb3
evaluation_stat	/home/s471802/nn-gpt/out/nngpt/new_lemur/train/img-classification_cifar-10_acc_rl-bb-struct1-v2-sftcycle-67c314810425212873c75a08b075c04a/1.json	train/img-classification_cifar-10_acc_rl-bb-struct1-v2-sftcycle-67c314810425212873c75a08b075c04a/1.json	1425	54504937de56e51ce3d0ce265f87fa5efc39f33e43591e8bf0698d9e70d9c3b0
evaluation_stat	/home/s471802/nn-gpt/out/nngpt/new_lemur/train/img-classification_cifar-10_acc_rl-bb-struct1-v2-sftcycle-686f8a9a87bcb79edc412dd30e9cfe50/1.json	train/img-classification_cifar-10_acc_rl-bb-struct1-v2-sftcycle-686f8a9a87bcb79edc412dd30e9cfe50/1.json	1428	d932c3109f81fd5757d4a18ce417c6816657cb3adad2a2b455cb60cdbd605276
evaluation_stat	/home/s471802/nn-gpt/out/nngpt/new_lemur/train/img-classification_cifar-10_acc_rl-bb-struct1-v2-sftcycle-69b5331715b935f607a87d591c8fd5f2/1.json	train/img-classification_cifar-10_acc_rl-bb-struct1-v2-sftcycle-69b5331715b935f607a87d591c8fd5f2/1.json	1425	f96177db4a9b7d9118e617f4e6c87eb01f742760e2b7d1c3b47bf6dde8844bed
evaluation_stat	/home/s471802/nn-gpt/out/nngpt/new_lemur/train/img-classification_cifar-10_acc_rl-bb-struct1-v2-sftcycle-69ccc060bd6ab42f602ffb9fa585dee6/1.json	train/img-classification_cifar-10_acc_rl-bb-struct1-v2-sftcycle-69ccc060bd6ab42f602ffb9fa585dee6/1.json	1426	2223d3f3e72b27cdbdedad48f53aa8fbb0e682ef1cdde09a24c54335635e8089
evaluation_stat	/home/s471802/nn-gpt/out/nngpt/new_lemur/train/img-classification_cifar-10_acc_rl-bb-struct1-v2-sftcycle-6abd3423286f00a766acfe6086d033f1/1.json	train/img-classification_cifar-10_acc_rl-bb-struct1-v2-sftcycle-6abd3423286f00a766acfe6086d033f1/1.json	1428	cb35d55dd0dbcbdb6a5bf775ee2168c4a2ec78c52c75baa448afa9efe22e8eb2
evaluation_stat	/home/s471802/nn-gpt/out/nngpt/new_lemur/train/img-classification_cifar-10_acc_rl-bb-struct1-v2-sftcycle-6b55064df6c202c353400b488b863d60/1.json	train/img-classification_cifar-10_acc_rl-bb-struct1-v2-sftcycle-6b55064df6c202c353400b488b863d60/1.json	1422	0926e94dd7cb075353cdd99139c39dbc82b8074ceb5ab3e2f7fafe0ba081af1a
evaluation_stat	/home/s471802/nn-gpt/out/nngpt/new_lemur/train/img-classification_cifar-10_acc_rl-bb-struct1-v2-sftcycle-6b96dffb546910affaba0e558d595879/1.json	train/img-classification_cifar-10_acc_rl-bb-struct1-v2-sftcycle-6b96dffb546910affaba0e558d595879/1.json	1429	720c73c5ae0196366e9cbce5e14745c8e73cf9c90a1ff896ff852fe20e6d8004
evaluation_stat	/home/s471802/nn-gpt/out/nngpt/new_lemur/train/img-classification_cifar-10_acc_rl-bb-struct1-v2-sftcycle-6c327730a58a5a0df975b309eefa344a/1.json	train/img-classification_cifar-10_acc_rl-bb-struct1-v2-sftcycle-6c327730a58a5a0df975b309eefa344a/1.json	1425	762fce1255833d918fed73f7187f7c0fc6beda126536c4c853fb697a77f5bf73
evaluation_stat	/home/s471802/nn-gpt/out/nngpt/new_lemur/train/img-classification_cifar-10_acc_rl-bb-struct1-v2-sftcycle-6ca3ede1577afa3f8006fbc92f706385/1.json	train/img-classification_cifar-10_acc_rl-bb-struct1-v2-sftcycle-6ca3ede1577afa3f8006fbc92f706385/1.json	1422	a4da6e93fb3c2b76e08723911f1789f9d23b3ea1cd1481ff65b9a5a0da788327
evaluation_stat	/home/s471802/nn-gpt/out/nngpt/new_lemur/train/img-classification_cifar-10_acc_rl-bb-struct1-v2-sftcycle-6ca5892c8f951797fbf586c99dd202a2/1.json	train/img-classification_cifar-10_acc_rl-bb-struct1-v2-sftcycle-6ca5892c8f951797fbf586c99dd202a2/1.json	1426	df868c000e17e76432edde2ee900da3e6a544b9a82ecc823a0b5f393231d01c3
evaluation_stat	/home/s471802/nn-gpt/out/nngpt/new_lemur/train/img-classification_cifar-10_acc_rl-bb-struct1-v2-sftcycle-6e82e1960a52d9cf68b3f2c8f5b2c505/1.json	train/img-classification_cifar-10_acc_rl-bb-struct1-v2-sftcycle-6e82e1960a52d9cf68b3f2c8f5b2c505/1.json	1426	57f4e3bfa27d9c7b6e52a0ef517115e620d6eec8deaf6f18718dda02ad8b6d63
evaluation_stat	/home/s471802/nn-gpt/out/nngpt/new_lemur/train/img-classification_cifar-10_acc_rl-bb-struct1-v2-sftcycle-6f385289a22fa4c03f7a40ce3b9638e1/1.json	train/img-classification_cifar-10_acc_rl-bb-struct1-v2-sftcycle-6f385289a22fa4c03f7a40ce3b9638e1/1.json	1427	deff60d5875e109004eb68f4cb367db8180259eb0d18efbcae18967e999f3284
evaluation_stat	/home/s471802/nn-gpt/out/nngpt/new_lemur/train/img-classification_cifar-10_acc_rl-bb-struct1-v2-sftcycle-7081eecea4fe738cc73563faa4f97eac/1.json	train/img-classification_cifar-10_acc_rl-bb-struct1-v2-sftcycle-7081eecea4fe738cc73563faa4f97eac/1.json	1426	bf058c5aa1d9d1d7b203503eaa89a9f031ae6f6f3cfc8d58ddc844241c865602
evaluation_stat	/home/s471802/nn-gpt/out/nngpt/new_lemur/train/img-classification_cifar-10_acc_rl-bb-struct1-v2-sftcycle-719490a5ae61a4b393449489794c27fd/1.json	train/img-classification_cifar-10_acc_rl-bb-struct1-v2-sftcycle-719490a5ae61a4b393449489794c27fd/1.json	1427	da4d065dfbeb5572238dc9110bf391212d0d3ffbc16165322dcc239bb1de334d
evaluation_stat	/home/s471802/nn-gpt/out/nngpt/new_lemur/train/img-classification_cifar-10_acc_rl-bb-struct1-v2-sftcycle-727664727ee1c2c1a0f188fd7d8a9a39/1.json	train/img-classification_cifar-10_acc_rl-bb-struct1-v2-sftcycle-727664727ee1c2c1a0f188fd7d8a9a39/1.json	1424	d1fd43b92445b9259da44b24df5a0b15a3029f52abfe5d46009d465ac6f948c8
evaluation_stat	/home/s471802/nn-gpt/out/nngpt/new_lemur/train/img-classification_cifar-10_acc_rl-bb-struct1-v2-sftcycle-72dc58eff0b736357364c29c0684e520/1.json	train/img-classification_cifar-10_acc_rl-bb-struct1-v2-sftcycle-72dc58eff0b736357364c29c0684e520/1.json	1426	176422f1c4987f7c9925e2eb9bc1bdf897cb92358bc56266ed0c260bc3f1acd8
evaluation_stat	/home/s471802/nn-gpt/out/nngpt/new_lemur/train/img-classification_cifar-10_acc_rl-bb-struct1-v2-sftcycle-7300dce0366a928210687d08f486f78f/1.json	train/img-classification_cifar-10_acc_rl-bb-struct1-v2-sftcycle-7300dce0366a928210687d08f486f78f/1.json	1425	cb83404cc6ba6e65ce764588fd41d586c57234d7f820d85d07a3509dae79e116
evaluation_stat	/home/s471802/nn-gpt/out/nngpt/new_lemur/train/img-classification_cifar-10_acc_rl-bb-struct1-v2-sftcycle-738bd5ffbc9af4d99de1e05a1b11f160/1.json	train/img-classification_cifar-10_acc_rl-bb-struct1-v2-sftcycle-738bd5ffbc9af4d99de1e05a1b11f160/1.json	1427	13eaf7f0bb47da0c3085d17ab1661f809ed0102506347ef7ef7a6c000d798a2f
evaluation_stat	/home/s471802/nn-gpt/out/nngpt/new_lemur/train/img-classification_cifar-10_acc_rl-bb-struct1-v2-sftcycle-753dc56cb3c85c3b1db2d1dcefeeb801/1.json	train/img-classification_cifar-10_acc_rl-bb-struct1-v2-sftcycle-753dc56cb3c85c3b1db2d1dcefeeb801/1.json	1427	c4bfe207b0466ccd00560a9abd69e28385f9df60cced95c815bcdad74d0cf10a
evaluation_stat	/home/s471802/nn-gpt/out/nngpt/new_lemur/train/img-classification_cifar-10_acc_rl-bb-struct1-v2-sftcycle-768e9114648ba82c1c97cb28cd6b643c/1.json	train/img-classification_cifar-10_acc_rl-bb-struct1-v2-sftcycle-768e9114648ba82c1c97cb28cd6b643c/1.json	1428	a14256f2241a9699c24ccc2082106201e0fdb8a5a45966f44bcd7e289f03fbb0
evaluation_stat	/home/s471802/nn-gpt/out/nngpt/new_lemur/train/img-classification_cifar-10_acc_rl-bb-struct1-v2-sftcycle-77bda8cae4a063516af701bf6a292af5/1.json	train/img-classification_cifar-10_acc_rl-bb-struct1-v2-sftcycle-77bda8cae4a063516af701bf6a292af5/1.json	1426	174f71b01393a3cc5162b4dabe1096faf18df2acc54544971331ff7c15a8efd1
evaluation_stat	/home/s471802/nn-gpt/out/nngpt/new_lemur/train/img-classification_cifar-10_acc_rl-bb-struct1-v2-sftcycle-77dfe6c85df414eebaf3608720f024e1/1.json	train/img-classification_cifar-10_acc_rl-bb-struct1-v2-sftcycle-77dfe6c85df414eebaf3608720f024e1/1.json	1426	792dfc58825a1c260b43465294fe56b2360a52daf9587dab8d4377fedfb2360b
evaluation_stat	/home/s471802/nn-gpt/out/nngpt/new_lemur/train/img-classification_cifar-10_acc_rl-bb-struct1-v2-sftcycle-7834493fc58a87f4e64461e120a23080/1.json	train/img-classification_cifar-10_acc_rl-bb-struct1-v2-sftcycle-7834493fc58a87f4e64461e120a23080/1.json	1427	8367ecbb44d1d283a6d835b29569439361a77f6f19d3a9973e6cb162a7f0fac7
evaluation_stat	/home/s471802/nn-gpt/out/nngpt/new_lemur/train/img-classification_cifar-10_acc_rl-bb-struct1-v2-sftcycle-783c028790f3775e1b1d96d0d0495679/1.json	train/img-classification_cifar-10_acc_rl-bb-struct1-v2-sftcycle-783c028790f3775e1b1d96d0d0495679/1.json	1426	62ca2975a8c006909ff6d4d6b3900736c24c1c8747faa1c4b454d62fb8e39a19
evaluation_stat	/home/s471802/nn-gpt/out/nngpt/new_lemur/train/img-classification_cifar-10_acc_rl-bb-struct1-v2-sftcycle-78422787338a3672c0faaa4fb8345c29/1.json	train/img-classification_cifar-10_acc_rl-bb-struct1-v2-sftcycle-78422787338a3672c0faaa4fb8345c29/1.json	1424	110ec8405f6b03570be922aff27ab25f3e71be63d9f7c359034a27e7a894ee51
evaluation_stat	/home/s471802/nn-gpt/out/nngpt/new_lemur/train/img-classification_cifar-10_acc_rl-bb-struct1-v2-sftcycle-7864844664846ea93cf75853e5ebb476/1.json	train/img-classification_cifar-10_acc_rl-bb-struct1-v2-sftcycle-7864844664846ea93cf75853e5ebb476/1.json	1426	8c0e2364636c2b26822470fb264f9bd19014941bb993c62777f8b1df7798dba0
evaluation_stat	/home/s471802/nn-gpt/out/nngpt/new_lemur/train/img-classification_cifar-10_acc_rl-bb-struct1-v2-sftcycle-78c90a16202d7a53c3430adc7d488710/1.json	train/img-classification_cifar-10_acc_rl-bb-struct1-v2-sftcycle-78c90a16202d7a53c3430adc7d488710/1.json	1427	c25ea2ef6770a31a9cdd5df10191b0dda458223dba8ca4e9791d15dae1467a9c
evaluation_stat	/home/s471802/nn-gpt/out/nngpt/new_lemur/train/img-classification_cifar-10_acc_rl-bb-struct1-v2-sftcycle-798891d093d0a44c7ecb4a06e6dad95d/1.json	train/img-classification_cifar-10_acc_rl-bb-struct1-v2-sftcycle-798891d093d0a44c7ecb4a06e6dad95d/1.json	1426	cf77fbc03d2e090dee1f47b4b8745991b96d18189e2d26c8801d6fc80c0644f5
evaluation_stat	/home/s471802/nn-gpt/out/nngpt/new_lemur/train/img-classification_cifar-10_acc_rl-bb-struct1-v2-sftcycle-7abe0433851a8aea486f76c3d29aeab3/1.json	train/img-classification_cifar-10_acc_rl-bb-struct1-v2-sftcycle-7abe0433851a8aea486f76c3d29aeab3/1.json	1426	c8a881945f2b1ee4e76ae54f6a19dec6587ba11cc708b9c2a9530ee5811127a8
evaluation_stat	/home/s471802/nn-gpt/out/nngpt/new_lemur/train/img-classification_cifar-10_acc_rl-bb-struct1-v2-sftcycle-7b0b7e808ef5d706c2ab10b03c454fb3/1.json	train/img-classification_cifar-10_acc_rl-bb-struct1-v2-sftcycle-7b0b7e808ef5d706c2ab10b03c454fb3/1.json	1423	9a17def28ced408d17c91d1a816be84dff01a694b3b0720716e153a7982c2134
evaluation_stat	/home/s471802/nn-gpt/out/nngpt/new_lemur/train/img-classification_cifar-10_acc_rl-bb-struct1-v2-sftcycle-7b5350b4240cdbe9df09142c7ad1eb14/1.json	train/img-classification_cifar-10_acc_rl-bb-struct1-v2-sftcycle-7b5350b4240cdbe9df09142c7ad1eb14/1.json	1426	4f6183b6b2d4bc06a97d5b7bdc8f971e7aa76d0023f05f9b6214b52dfb91a948
evaluation_stat	/home/s471802/nn-gpt/out/nngpt/new_lemur/train/img-classification_cifar-10_acc_rl-bb-struct1-v2-sftcycle-7b9fe614dd76be97af99ba11570ed916/1.json	train/img-classification_cifar-10_acc_rl-bb-struct1-v2-sftcycle-7b9fe614dd76be97af99ba11570ed916/1.json	1427	839dae1c9684e16b4e9ec4eacf29330d408fa33a3a0730ef48da464f2f07a06b
evaluation_stat	/home/s471802/nn-gpt/out/nngpt/new_lemur/train/img-classification_cifar-10_acc_rl-bb-struct1-v2-sftcycle-7bf0220b5e320ce95b2e4372b634094f/1.json	train/img-classification_cifar-10_acc_rl-bb-struct1-v2-sftcycle-7bf0220b5e320ce95b2e4372b634094f/1.json	1426	42fda000d8d86fc7339b4d4d59e5b5d35cb7902adc1aee95f571f954e53ce224
evaluation_stat	/home/s471802/nn-gpt/out/nngpt/new_lemur/train/img-classification_cifar-10_acc_rl-bb-struct1-v2-sftcycle-7c003134047667c5ed73db01bdfb1a88/1.json	train/img-classification_cifar-10_acc_rl-bb-struct1-v2-sftcycle-7c003134047667c5ed73db01bdfb1a88/1.json	1424	9fa6be365b2f330a6fad2ad0b74f68a55089056a876c3145a9ee1ada3f6c0b1b
evaluation_stat	/home/s471802/nn-gpt/out/nngpt/new_lemur/train/img-classification_cifar-10_acc_rl-bb-struct1-v2-sftcycle-7c48bd7146b2e61761789c7071c92de5/1.json	train/img-classification_cifar-10_acc_rl-bb-struct1-v2-sftcycle-7c48bd7146b2e61761789c7071c92de5/1.json	1429	2094af51f919cf0320ffdb16a6d4b3bb592a4228107ec27bcd2b7ec26803e6b1
evaluation_stat	/home/s471802/nn-gpt/out/nngpt/new_lemur/train/img-classification_cifar-10_acc_rl-bb-struct1-v2-sftcycle-7c92f34ed568f6fd3a21d57a6474f23b/1.json	train/img-classification_cifar-10_acc_rl-bb-struct1-v2-sftcycle-7c92f34ed568f6fd3a21d57a6474f23b/1.json	1427	d1a21115f7cf54fcce6b4e6e9a94cd1c67040bf990b8ade96b89e6189d88166e
evaluation_stat	/home/s471802/nn-gpt/out/nngpt/new_lemur/train/img-classification_cifar-10_acc_rl-bb-struct1-v2-sftcycle-7d497974c0fce06dfd508b92354dc07c/1.json	train/img-classification_cifar-10_acc_rl-bb-struct1-v2-sftcycle-7d497974c0fce06dfd508b92354dc07c/1.json	1429	0ab074f4bf0b7c3aff8d7a418bd66f25bccc9b9b48cc356cae52b52a38335874
evaluation_stat	/home/s471802/nn-gpt/out/nngpt/new_lemur/train/img-classification_cifar-10_acc_rl-bb-struct1-v2-sftcycle-7d67e986b01c796b3ef8c5a41287bf25/1.json	train/img-classification_cifar-10_acc_rl-bb-struct1-v2-sftcycle-7d67e986b01c796b3ef8c5a41287bf25/1.json	1424	29ee6c4b07b170216c1411f3b4f2aac03cd17f56cc6e43bf52eef3eee083664b
evaluation_stat	/home/s471802/nn-gpt/out/nngpt/new_lemur/train/img-classification_cifar-10_acc_rl-bb-struct1-v2-sftcycle-7f1bb981464c42f1b8020b783fd209ab/1.json	train/img-classification_cifar-10_acc_rl-bb-struct1-v2-sftcycle-7f1bb981464c42f1b8020b783fd209ab/1.json	1427	8ca7bd38008be85f6c2253f58cd66d3a40732b966c62ac47b8216314d37e53bf
evaluation_stat	/home/s471802/nn-gpt/out/nngpt/new_lemur/train/img-classification_cifar-10_acc_rl-bb-struct1-v2-sftcycle-7fc3c4c27032dadb81ec96eff8825bdd/1.json	train/img-classification_cifar-10_acc_rl-bb-struct1-v2-sftcycle-7fc3c4c27032dadb81ec96eff8825bdd/1.json	1427	5d51380515d60c6c7435a50f9088add1275ec475f5621947238a87089e24d994
evaluation_stat	/home/s471802/nn-gpt/out/nngpt/new_lemur/train/img-classification_cifar-10_acc_rl-bb-struct1-v2-sftcycle-7ff003187424813e4101ebd33b6d2af3/1.json	train/img-classification_cifar-10_acc_rl-bb-struct1-v2-sftcycle-7ff003187424813e4101ebd33b6d2af3/1.json	1427	ee21e18700ada6f71256a54dcffe438363cf9bd0bbb467c05b22d783ab300a9a
evaluation_stat	/home/s471802/nn-gpt/out/nngpt/new_lemur/train/img-classification_cifar-10_acc_rl-bb-struct1-v2-sftcycle-810abf87f2940a1d39f1e231b574ff46/1.json	train/img-classification_cifar-10_acc_rl-bb-struct1-v2-sftcycle-810abf87f2940a1d39f1e231b574ff46/1.json	1427	ab1e20dbfba2e117026cdedca41a5f275725d3c62bc49ada8453087c5b7605fa
evaluation_stat	/home/s471802/nn-gpt/out/nngpt/new_lemur/train/img-classification_cifar-10_acc_rl-bb-struct1-v2-sftcycle-8198dad7ddc30cf37d1b989f5c6f151e/1.json	train/img-classification_cifar-10_acc_rl-bb-struct1-v2-sftcycle-8198dad7ddc30cf37d1b989f5c6f151e/1.json	1427	b27fa066dcb2882926a241ebadf0946fdacf4809d0e5e4f9bf5d74cf3ca207ff
evaluation_stat	/home/s471802/nn-gpt/out/nngpt/new_lemur/train/img-classification_cifar-10_acc_rl-bb-struct1-v2-sftcycle-823caa5dc37c6a7b9fad762aae6776b3/1.json	train/img-classification_cifar-10_acc_rl-bb-struct1-v2-sftcycle-823caa5dc37c6a7b9fad762aae6776b3/1.json	1428	2cce014d6c6d889321a186a3c242915096ae05a148542c37d5065b6060ed7e83
evaluation_stat	/home/s471802/nn-gpt/out/nngpt/new_lemur/train/img-classification_cifar-10_acc_rl-bb-struct1-v2-sftcycle-82800e4157075a744d1f94eadaac7b41/1.json	train/img-classification_cifar-10_acc_rl-bb-struct1-v2-sftcycle-82800e4157075a744d1f94eadaac7b41/1.json	1426	559f1b1fd6c0327adacabb4777c20ecef9f7852b17a3b349156d70392dde13f5
evaluation_stat	/home/s471802/nn-gpt/out/nngpt/new_lemur/train/img-classification_cifar-10_acc_rl-bb-struct1-v2-sftcycle-829109f243342145c54c9020002f51a9/1.json	train/img-classification_cifar-10_acc_rl-bb-struct1-v2-sftcycle-829109f243342145c54c9020002f51a9/1.json	1425	520da1093d4f3815117048e4bdf2feffdf5bb5c85c2c7a6ab13b32986e594577
evaluation_stat	/home/s471802/nn-gpt/out/nngpt/new_lemur/train/img-classification_cifar-10_acc_rl-bb-struct1-v2-sftcycle-829b4fd798ec1c7f1ac2ca5e24403b7d/1.json	train/img-classification_cifar-10_acc_rl-bb-struct1-v2-sftcycle-829b4fd798ec1c7f1ac2ca5e24403b7d/1.json	1427	b436d4bf78a407cf36ed4a9f4bc4b6919dcc61f0a102c7d8a5039918cb206fd4
evaluation_stat	/home/s471802/nn-gpt/out/nngpt/new_lemur/train/img-classification_cifar-10_acc_rl-bb-struct1-v2-sftcycle-83668eaabddcec82eee261393cf7e85d/1.json	train/img-classification_cifar-10_acc_rl-bb-struct1-v2-sftcycle-83668eaabddcec82eee261393cf7e85d/1.json	1429	eb486d3b4c1a9e2cff82cd9e9c978cfce0fccd67d17a8e7d9775bdc638886916
evaluation_stat	/home/s471802/nn-gpt/out/nngpt/new_lemur/train/img-classification_cifar-10_acc_rl-bb-struct1-v2-sftcycle-83d15bd340bac3d249b54fa1a8628782/1.json	train/img-classification_cifar-10_acc_rl-bb-struct1-v2-sftcycle-83d15bd340bac3d249b54fa1a8628782/1.json	1424	d4a9a8a8408f79d1fabc4665c72f208d189d7e419f576e3a16b4a94a7d9d7d41
evaluation_stat	/home/s471802/nn-gpt/out/nngpt/new_lemur/train/img-classification_cifar-10_acc_rl-bb-struct1-v2-sftcycle-854604fcd3496a0b0d8115a47b69fac1/1.json	train/img-classification_cifar-10_acc_rl-bb-struct1-v2-sftcycle-854604fcd3496a0b0d8115a47b69fac1/1.json	1426	0dad6693a7a5a7e5afecbd5b9cfe10b7e8d46ffca65d354a537c875db783af76
evaluation_stat	/home/s471802/nn-gpt/out/nngpt/new_lemur/train/img-classification_cifar-10_acc_rl-bb-struct1-v2-sftcycle-85bdf089217da9ebbaf42ca5d0aa9b0e/1.json	train/img-classification_cifar-10_acc_rl-bb-struct1-v2-sftcycle-85bdf089217da9ebbaf42ca5d0aa9b0e/1.json	1427	0226d493a6762c6ec4eff8c5a4415730194f4a4c41f8e0804b117800a6e696e8
evaluation_stat	/home/s471802/nn-gpt/out/nngpt/new_lemur/train/img-classification_cifar-10_acc_rl-bb-struct1-v2-sftcycle-85c0f05f175a10f70a792166dd5c9e06/1.json	train/img-classification_cifar-10_acc_rl-bb-struct1-v2-sftcycle-85c0f05f175a10f70a792166dd5c9e06/1.json	1428	563cf5235ce4bbf66791dbb8ac00fe1065a296b23585b5d737971b1fc32144ca
evaluation_stat	/home/s471802/nn-gpt/out/nngpt/new_lemur/train/img-classification_cifar-10_acc_rl-bb-struct1-v2-sftcycle-861e592e2dcf53cdbfcac511876ee821/1.json	train/img-classification_cifar-10_acc_rl-bb-struct1-v2-sftcycle-861e592e2dcf53cdbfcac511876ee821/1.json	1429	c6c85e007ba80422979e8d157cac26e4929324948fedc48a5f824d1d6850ef70
evaluation_stat	/home/s471802/nn-gpt/out/nngpt/new_lemur/train/img-classification_cifar-10_acc_rl-bb-struct1-v2-sftcycle-8641a4dbaed2430d236977a623797402/1.json	train/img-classification_cifar-10_acc_rl-bb-struct1-v2-sftcycle-8641a4dbaed2430d236977a623797402/1.json	1425	47e0ce6a93d4976aa668a7d6db6e1465de0cd0ac12e18f6ae7178021aa3f671b
evaluation_stat	/home/s471802/nn-gpt/out/nngpt/new_lemur/train/img-classification_cifar-10_acc_rl-bb-struct1-v2-sftcycle-8651439b33e91bf759f0429a96d30b9a/1.json	train/img-classification_cifar-10_acc_rl-bb-struct1-v2-sftcycle-8651439b33e91bf759f0429a96d30b9a/1.json	1425	e3b4fa86605450a450f37b05ca0092d498eb2fa84ebde51feb8e6d3097b3c079
evaluation_stat	/home/s471802/nn-gpt/out/nngpt/new_lemur/train/img-classification_cifar-10_acc_rl-bb-struct1-v2-sftcycle-865b7cb986894b10bdfdd1e98dd8dc22/1.json	train/img-classification_cifar-10_acc_rl-bb-struct1-v2-sftcycle-865b7cb986894b10bdfdd1e98dd8dc22/1.json	1427	d9d30973dba1f978c172b51f2e687b0401e0d85e5a0c33ca05397dd7602b3e69
evaluation_stat	/home/s471802/nn-gpt/out/nngpt/new_lemur/train/img-classification_cifar-10_acc_rl-bb-struct1-v2-sftcycle-86c39c0e4fa6623f5ff2ad77a6130f1e/1.json	train/img-classification_cifar-10_acc_rl-bb-struct1-v2-sftcycle-86c39c0e4fa6623f5ff2ad77a6130f1e/1.json	1424	b22f6269249c6cbfd8157614706ff5e0c55a948b548909205dc3954a3424d6e9
evaluation_stat	/home/s471802/nn-gpt/out/nngpt/new_lemur/train/img-classification_cifar-10_acc_rl-bb-struct1-v2-sftcycle-86ce99d271ed1928d79f3b1ca39fdd71/1.json	train/img-classification_cifar-10_acc_rl-bb-struct1-v2-sftcycle-86ce99d271ed1928d79f3b1ca39fdd71/1.json	1427	ca5a9484c967eb1a6bcde84a24e6e88dae6942e444be189a663092146c66c1d0
evaluation_stat	/home/s471802/nn-gpt/out/nngpt/new_lemur/train/img-classification_cifar-10_acc_rl-bb-struct1-v2-sftcycle-8720ae01ca1ad979001a96c12b32743c/1.json	train/img-classification_cifar-10_acc_rl-bb-struct1-v2-sftcycle-8720ae01ca1ad979001a96c12b32743c/1.json	1427	d1af6c10f9ee18e26c4f4c110f3048b5d90ac73076ef208ace04e3f7554b4ab7
evaluation_stat	/home/s471802/nn-gpt/out/nngpt/new_lemur/train/img-classification_cifar-10_acc_rl-bb-struct1-v2-sftcycle-873577b3a87b0c4924388da7e31113cd/1.json	train/img-classification_cifar-10_acc_rl-bb-struct1-v2-sftcycle-873577b3a87b0c4924388da7e31113cd/1.json	1428	11252c5d4d460ac9ba6df3fec530f0383e5856d33e93aefe65ca500258c3c1c7
evaluation_stat	/home/s471802/nn-gpt/out/nngpt/new_lemur/train/img-classification_cifar-10_acc_rl-bb-struct1-v2-sftcycle-8764a832059dc592e9ab84ca906522ad/1.json	train/img-classification_cifar-10_acc_rl-bb-struct1-v2-sftcycle-8764a832059dc592e9ab84ca906522ad/1.json	1423	ecd0ea26d9b7d6cea2f760439e90d0d6461ee45a17714ea43a036b8bb1bcce4d
evaluation_stat	/home/s471802/nn-gpt/out/nngpt/new_lemur/train/img-classification_cifar-10_acc_rl-bb-struct1-v2-sftcycle-8779383f19a636ec516b464442c2a89e/1.json	train/img-classification_cifar-10_acc_rl-bb-struct1-v2-sftcycle-8779383f19a636ec516b464442c2a89e/1.json	1423	9f45da4e961367030c0930e0abe47b7d841fe71b69480992ef6518113d156757
evaluation_stat	/home/s471802/nn-gpt/out/nngpt/new_lemur/train/img-classification_cifar-10_acc_rl-bb-struct1-v2-sftcycle-87863406a1e295a5b88e28e92739d243/1.json	train/img-classification_cifar-10_acc_rl-bb-struct1-v2-sftcycle-87863406a1e295a5b88e28e92739d243/1.json	1427	c824ce01051bf441ddadd159f1ede0ed1fa33b6ec9e2d5ae51db9513581895be
evaluation_stat	/home/s471802/nn-gpt/out/nngpt/new_lemur/train/img-classification_cifar-10_acc_rl-bb-struct1-v2-sftcycle-882cbdb23c7bc0d75d4bfd4c1c9def5c/1.json	train/img-classification_cifar-10_acc_rl-bb-struct1-v2-sftcycle-882cbdb23c7bc0d75d4bfd4c1c9def5c/1.json	1426	035542945c7bfd1a33e71372c6ef6ae9a89dd4f1aaf60b5f2609256a671f754c
evaluation_stat	/home/s471802/nn-gpt/out/nngpt/new_lemur/train/img-classification_cifar-10_acc_rl-bb-struct1-v2-sftcycle-88d9338ec4b91aa1194ab69663e638c8/1.json	train/img-classification_cifar-10_acc_rl-bb-struct1-v2-sftcycle-88d9338ec4b91aa1194ab69663e638c8/1.json	1427	38e2bc8e549f8147ca9eef91386860d3318f01481dc4052048612f48d1d1a0fa
evaluation_stat	/home/s471802/nn-gpt/out/nngpt/new_lemur/train/img-classification_cifar-10_acc_rl-bb-struct1-v2-sftcycle-891ee6b70e16ed73cadac0d935919cc2/1.json	train/img-classification_cifar-10_acc_rl-bb-struct1-v2-sftcycle-891ee6b70e16ed73cadac0d935919cc2/1.json	1427	d4803b5942dc8c8b307f812d264582e1d4b2151cfa4a476a5ed164d2d76deba0
evaluation_stat	/home/s471802/nn-gpt/out/nngpt/new_lemur/train/img-classification_cifar-10_acc_rl-bb-struct1-v2-sftcycle-893f66b09bc8e829250c75058b682bdb/1.json	train/img-classification_cifar-10_acc_rl-bb-struct1-v2-sftcycle-893f66b09bc8e829250c75058b682bdb/1.json	1423	3b77eeb4a5997e52bd4e07e9e84d4bfd19d1d57bef2953cfc83108722a6d3888
evaluation_stat	/home/s471802/nn-gpt/out/nngpt/new_lemur/train/img-classification_cifar-10_acc_rl-bb-struct1-v2-sftcycle-89c0b5dc7a1a1eec4130eb8adaded3a0/1.json	train/img-classification_cifar-10_acc_rl-bb-struct1-v2-sftcycle-89c0b5dc7a1a1eec4130eb8adaded3a0/1.json	1426	f6651fb629540a4c41be977786cfa0e9ad8371f5f3dff38f9fd496947dc5b17e
evaluation_stat	/home/s471802/nn-gpt/out/nngpt/new_lemur/train/img-classification_cifar-10_acc_rl-bb-struct1-v2-sftcycle-89e90adf0d16ca0a79214ac0743cf68c/1.json	train/img-classification_cifar-10_acc_rl-bb-struct1-v2-sftcycle-89e90adf0d16ca0a79214ac0743cf68c/1.json	1427	e932215d4e19deb7701e64361e2570ac6ca9c0f8d684fc396d73b83885a95d08
evaluation_stat	/home/s471802/nn-gpt/out/nngpt/new_lemur/train/img-classification_cifar-10_acc_rl-bb-struct1-v2-sftcycle-8a250f3fb5b5e7de0e66b2a941ccf0b0/1.json	train/img-classification_cifar-10_acc_rl-bb-struct1-v2-sftcycle-8a250f3fb5b5e7de0e66b2a941ccf0b0/1.json	1426	685e27bb990c1fd233c217baedd4688f0c3739e1e0e3abf79ccd7b8fce949b08
evaluation_stat	/home/s471802/nn-gpt/out/nngpt/new_lemur/train/img-classification_cifar-10_acc_rl-bb-struct1-v2-sftcycle-8a3bcd82db77353b2139cda5e314fa2b/1.json	train/img-classification_cifar-10_acc_rl-bb-struct1-v2-sftcycle-8a3bcd82db77353b2139cda5e314fa2b/1.json	1427	1bee4049138627788bb67665d93585fdddb1ee5523ebb8b317a506e08f88ce87
evaluation_stat	/home/s471802/nn-gpt/out/nngpt/new_lemur/train/img-classification_cifar-10_acc_rl-bb-struct1-v2-sftcycle-8a41072985fdda4bd5b42d838d611d15/1.json	train/img-classification_cifar-10_acc_rl-bb-struct1-v2-sftcycle-8a41072985fdda4bd5b42d838d611d15/1.json	1426	a27c867eebea24e1f7a21f4385c9b0600671b08191304e2e2c000cfa94a8311c
evaluation_stat	/home/s471802/nn-gpt/out/nngpt/new_lemur/train/img-classification_cifar-10_acc_rl-bb-struct1-v2-sftcycle-8a82ac252dffe9956d8652cc5c4cc01e/1.json	train/img-classification_cifar-10_acc_rl-bb-struct1-v2-sftcycle-8a82ac252dffe9956d8652cc5c4cc01e/1.json	1428	adea3374453fa0328ad9cdb20c362d546199b6f4e8273039ec5a1418f1f6126f
evaluation_stat	/home/s471802/nn-gpt/out/nngpt/new_lemur/train/img-classification_cifar-10_acc_rl-bb-struct1-v2-sftcycle-8aced91b74399f38ee838df9c74d28ee/1.json	train/img-classification_cifar-10_acc_rl-bb-struct1-v2-sftcycle-8aced91b74399f38ee838df9c74d28ee/1.json	1427	42d611ff83c61ac1e1f124f6f9e504d92f5c83ab9ee6b340bb30e1db0c46f762
evaluation_stat	/home/s471802/nn-gpt/out/nngpt/new_lemur/train/img-classification_cifar-10_acc_rl-bb-struct1-v2-sftcycle-8ba7c6d1970b90c1d1dca4fe0ff770ca/1.json	train/img-classification_cifar-10_acc_rl-bb-struct1-v2-sftcycle-8ba7c6d1970b90c1d1dca4fe0ff770ca/1.json	1429	e2869194fb217ff9332f2cdc5299911924aa866c65ee80db527d5bef14ecad73
evaluation_stat	/home/s471802/nn-gpt/out/nngpt/new_lemur/train/img-classification_cifar-10_acc_rl-bb-struct1-v2-sftcycle-8fc6ee56b691ed27912c772b66f53786/1.json	train/img-classification_cifar-10_acc_rl-bb-struct1-v2-sftcycle-8fc6ee56b691ed27912c772b66f53786/1.json	1425	e20a217558bd64470d22a5f620173b74c5ed25bb957f2e498b46d9b247b5fcb0
evaluation_stat	/home/s471802/nn-gpt/out/nngpt/new_lemur/train/img-classification_cifar-10_acc_rl-bb-struct1-v2-sftcycle-90266495fd908d36b93d31ac1873058f/1.json	train/img-classification_cifar-10_acc_rl-bb-struct1-v2-sftcycle-90266495fd908d36b93d31ac1873058f/1.json	1423	3c7bc4eab15fd2ecf115184515e0f61003c1675cbd0c0e5e1c0d59f124ea56ee
evaluation_stat	/home/s471802/nn-gpt/out/nngpt/new_lemur/train/img-classification_cifar-10_acc_rl-bb-struct1-v2-sftcycle-91e1a8a97a8e1c94f39f1a120e571cbe/1.json	train/img-classification_cifar-10_acc_rl-bb-struct1-v2-sftcycle-91e1a8a97a8e1c94f39f1a120e571cbe/1.json	1426	f0602ae2c60eebc5a0e11d23a4047f985e6fa8ca4ecb19fae2947b9d2e26d3e2
evaluation_stat	/home/s471802/nn-gpt/out/nngpt/new_lemur/train/img-classification_cifar-10_acc_rl-bb-struct1-v2-sftcycle-92d4a18cdf40600e3c517ee922b8cab8/1.json	train/img-classification_cifar-10_acc_rl-bb-struct1-v2-sftcycle-92d4a18cdf40600e3c517ee922b8cab8/1.json	1423	728cdfae827217d9922b6457179eb7c913a74e41303df5f26188ec107891db4e
evaluation_stat	/home/s471802/nn-gpt/out/nngpt/new_lemur/train/img-classification_cifar-10_acc_rl-bb-struct1-v2-sftcycle-934b2ea5f432480d22ae0c04b425d823/1.json	train/img-classification_cifar-10_acc_rl-bb-struct1-v2-sftcycle-934b2ea5f432480d22ae0c04b425d823/1.json	1424	b73bc7d929c87669f1284e3301ad32e4e5d0be6301f7051b86a0f352a567bd4d
evaluation_stat	/home/s471802/nn-gpt/out/nngpt/new_lemur/train/img-classification_cifar-10_acc_rl-bb-struct1-v2-sftcycle-944cbd0ad4335ae8f4e80c70df45c763/1.json	train/img-classification_cifar-10_acc_rl-bb-struct1-v2-sftcycle-944cbd0ad4335ae8f4e80c70df45c763/1.json	1426	8ba662e926c6bdea79199f74511bea6da29b8def38b559cdb13ce39747b91bf9
evaluation_stat	/home/s471802/nn-gpt/out/nngpt/new_lemur/train/img-classification_cifar-10_acc_rl-bb-struct1-v2-sftcycle-94c21efb0570510dbf68a52cf14b2775/1.json	train/img-classification_cifar-10_acc_rl-bb-struct1-v2-sftcycle-94c21efb0570510dbf68a52cf14b2775/1.json	1424	e29422becb68a433de64bbd65452ba791a317fa64d638941c61fd6ba76b0a00d
evaluation_stat	/home/s471802/nn-gpt/out/nngpt/new_lemur/train/img-classification_cifar-10_acc_rl-bb-struct1-v2-sftcycle-961e9695d625636c8a898288afcff943/1.json	train/img-classification_cifar-10_acc_rl-bb-struct1-v2-sftcycle-961e9695d625636c8a898288afcff943/1.json	1425	5b78d7978f458bb875fc958f8a0be4dbaa2bc1a4b1391715b4cb0aadaf90139f
evaluation_stat	/home/s471802/nn-gpt/out/nngpt/new_lemur/train/img-classification_cifar-10_acc_rl-bb-struct1-v2-sftcycle-964141cbdbb644dda0e4978347d29367/1.json	train/img-classification_cifar-10_acc_rl-bb-struct1-v2-sftcycle-964141cbdbb644dda0e4978347d29367/1.json	1426	3e09355daa45d2c446e551fce2769e61a3596eb65260b6a0da15c437e556ee5e
evaluation_stat	/home/s471802/nn-gpt/out/nngpt/new_lemur/train/img-classification_cifar-10_acc_rl-bb-struct1-v2-sftcycle-968ebd27de3d2e7b650021971ee5cfe5/1.json	train/img-classification_cifar-10_acc_rl-bb-struct1-v2-sftcycle-968ebd27de3d2e7b650021971ee5cfe5/1.json	1425	a19daefd09b688bd529e4a412404f64ee0ebebfc32755c9e331a6f78c58af0c3
evaluation_stat	/home/s471802/nn-gpt/out/nngpt/new_lemur/train/img-classification_cifar-10_acc_rl-bb-struct1-v2-sftcycle-977852d1ad22dbdca025b2eaefce9c51/1.json	train/img-classification_cifar-10_acc_rl-bb-struct1-v2-sftcycle-977852d1ad22dbdca025b2eaefce9c51/1.json	1427	ae52d42ba3c7a1d16a66b55ad673e823de53afed675c3f48b03575b3b954a495
evaluation_stat	/home/s471802/nn-gpt/out/nngpt/new_lemur/train/img-classification_cifar-10_acc_rl-bb-struct1-v2-sftcycle-98208c480fe07432cd4aaf8297024213/1.json	train/img-classification_cifar-10_acc_rl-bb-struct1-v2-sftcycle-98208c480fe07432cd4aaf8297024213/1.json	1427	86a613b6fdd27ce46c8fadf0d1d688242a5ba82bce08ae7da2bfb66aea3356d2
evaluation_stat	/home/s471802/nn-gpt/out/nngpt/new_lemur/train/img-classification_cifar-10_acc_rl-bb-struct1-v2-sftcycle-991eb05e98a08f55496874c65d617f4a/1.json	train/img-classification_cifar-10_acc_rl-bb-struct1-v2-sftcycle-991eb05e98a08f55496874c65d617f4a/1.json	1428	52795fedbbe95251dc1a92bdc2983c0e545467336efc4abe21cf8da6570729c9
evaluation_stat	/home/s471802/nn-gpt/out/nngpt/new_lemur/train/img-classification_cifar-10_acc_rl-bb-struct1-v2-sftcycle-9977edeba38be7d0c771714bf9a7e236/1.json	train/img-classification_cifar-10_acc_rl-bb-struct1-v2-sftcycle-9977edeba38be7d0c771714bf9a7e236/1.json	1427	2ac07265703264cff249bc4c2735004e9c11ba2e2b9df4a99009a3e2d35f1ed2
evaluation_stat	/home/s471802/nn-gpt/out/nngpt/new_lemur/train/img-classification_cifar-10_acc_rl-bb-struct1-v2-sftcycle-9b0d94046afd54c6e8ce622d5cb22b77/1.json	train/img-classification_cifar-10_acc_rl-bb-struct1-v2-sftcycle-9b0d94046afd54c6e8ce622d5cb22b77/1.json	1425	901ef0e36091064160a361cc7cd70af9cc06326e3e1723ffea452b2b6a203a1e
evaluation_stat	/home/s471802/nn-gpt/out/nngpt/new_lemur/train/img-classification_cifar-10_acc_rl-bb-struct1-v2-sftcycle-9bc41a522ffd6e93c8fc127b95342cbd/1.json	train/img-classification_cifar-10_acc_rl-bb-struct1-v2-sftcycle-9bc41a522ffd6e93c8fc127b95342cbd/1.json	1422	9a715af8b2575d4b03024ade8cadaf28b7efb7b8ab2aaffcb4ac09fdf9898a35
evaluation_stat	/home/s471802/nn-gpt/out/nngpt/new_lemur/train/img-classification_cifar-10_acc_rl-bb-struct1-v2-sftcycle-9c57686edcb6c0fd1d551a28289b068f/1.json	train/img-classification_cifar-10_acc_rl-bb-struct1-v2-sftcycle-9c57686edcb6c0fd1d551a28289b068f/1.json	1426	13535fc8ed9dd6b270dfda62a09fc2ea2c66286ac660814b7aee3812c23e5f56
evaluation_stat	/home/s471802/nn-gpt/out/nngpt/new_lemur/train/img-classification_cifar-10_acc_rl-bb-struct1-v2-sftcycle-9d7696b4dab04569de62c265d5d35691/1.json	train/img-classification_cifar-10_acc_rl-bb-struct1-v2-sftcycle-9d7696b4dab04569de62c265d5d35691/1.json	1426	fead93d99d260846547796682a110658e7aaa6943e8a7d74fad880b0689e5f2c
evaluation_stat	/home/s471802/nn-gpt/out/nngpt/new_lemur/train/img-classification_cifar-10_acc_rl-bb-struct1-v2-sftcycle-9e301fe7b8dd969899ee8996d8344af9/1.json	train/img-classification_cifar-10_acc_rl-bb-struct1-v2-sftcycle-9e301fe7b8dd969899ee8996d8344af9/1.json	1427	5ca486d9f56e89997fdb203d2dfa116a042a4f76a7999d3dee63d47facead984
evaluation_stat	/home/s471802/nn-gpt/out/nngpt/new_lemur/train/img-classification_cifar-10_acc_rl-bb-struct1-v2-sftcycle-9e510f7faec9148c820b9e1ea00c4a68/1.json	train/img-classification_cifar-10_acc_rl-bb-struct1-v2-sftcycle-9e510f7faec9148c820b9e1ea00c4a68/1.json	1428	d28d2569b272cccf0aa79dfe1442705b29823cb2fa2ed06686fd5ce58bbb6f3c
evaluation_stat	/home/s471802/nn-gpt/out/nngpt/new_lemur/train/img-classification_cifar-10_acc_rl-bb-struct1-v2-sftcycle-9ea8e39f138c66d486c7ddab3edc1ecb/1.json	train/img-classification_cifar-10_acc_rl-bb-struct1-v2-sftcycle-9ea8e39f138c66d486c7ddab3edc1ecb/1.json	1426	0edeb7006d577254d69f3446e4c3186b087fef7b150f8303f30b5b52a9198a4a
evaluation_stat	/home/s471802/nn-gpt/out/nngpt/new_lemur/train/img-classification_cifar-10_acc_rl-bb-struct1-v2-sftcycle-9f67217d3790e14a4ca6edd72400dca9/1.json	train/img-classification_cifar-10_acc_rl-bb-struct1-v2-sftcycle-9f67217d3790e14a4ca6edd72400dca9/1.json	1427	248982bc2b5c76cc7cd17ed9baddb525e731884be677d3ca45f7c0eb26f680b0
evaluation_stat	/home/s471802/nn-gpt/out/nngpt/new_lemur/train/img-classification_cifar-10_acc_rl-bb-struct1-v2-sftcycle-9f89e4009a33a634cde4fe5593f1b274/1.json	train/img-classification_cifar-10_acc_rl-bb-struct1-v2-sftcycle-9f89e4009a33a634cde4fe5593f1b274/1.json	1424	35c943a6cc89ddc28d0477a53b03c4f654754a9bff32fc29f01be3c22efd6c12
evaluation_stat	/home/s471802/nn-gpt/out/nngpt/new_lemur/train/img-classification_cifar-10_acc_rl-bb-struct1-v2-sftcycle-a0954de05b690b5ee5d9dfcb803f4bb9/1.json	train/img-classification_cifar-10_acc_rl-bb-struct1-v2-sftcycle-a0954de05b690b5ee5d9dfcb803f4bb9/1.json	1427	a1442dd6508f309754451db37719b8989b0b9affbb9b64f75b333c8b834b5021
evaluation_stat	/home/s471802/nn-gpt/out/nngpt/new_lemur/train/img-classification_cifar-10_acc_rl-bb-struct1-v2-sftcycle-a0a5d620b8b6eedb266cb5c42b166f8f/1.json	train/img-classification_cifar-10_acc_rl-bb-struct1-v2-sftcycle-a0a5d620b8b6eedb266cb5c42b166f8f/1.json	1428	9e1d7dd5a2047239129e1e9ff671539dd1d1a9f3a6aea75cec057007ab099234
evaluation_stat	/home/s471802/nn-gpt/out/nngpt/new_lemur/train/img-classification_cifar-10_acc_rl-bb-struct1-v2-sftcycle-a0e1c94eb5a886ae9d02668a13f7599c/1.json	train/img-classification_cifar-10_acc_rl-bb-struct1-v2-sftcycle-a0e1c94eb5a886ae9d02668a13f7599c/1.json	1425	687944a85f179d8f50ffede5f5e985ce9f9d462dbe631cf52f47ca46c69751e4
evaluation_stat	/home/s471802/nn-gpt/out/nngpt/new_lemur/train/img-classification_cifar-10_acc_rl-bb-struct1-v2-sftcycle-a0e21517f142f0415f9d03ccae6c5fd2/1.json	train/img-classification_cifar-10_acc_rl-bb-struct1-v2-sftcycle-a0e21517f142f0415f9d03ccae6c5fd2/1.json	1425	ec715cf02369bbdeea10d552a87814d044b4ccb962c91ec15a34398cb4f9a59a
evaluation_stat	/home/s471802/nn-gpt/out/nngpt/new_lemur/train/img-classification_cifar-10_acc_rl-bb-struct1-v2-sftcycle-a1109d5baf016e349cc1dcc7cb7fcddc/1.json	train/img-classification_cifar-10_acc_rl-bb-struct1-v2-sftcycle-a1109d5baf016e349cc1dcc7cb7fcddc/1.json	1427	155b490bfa905a21bc8d384508384d42d7f03c740e2bb432e5a9264ae51073f8
evaluation_stat	/home/s471802/nn-gpt/out/nngpt/new_lemur/train/img-classification_cifar-10_acc_rl-bb-struct1-v2-sftcycle-a1c71d848ddbed5eabe20317c1b95849/1.json	train/img-classification_cifar-10_acc_rl-bb-struct1-v2-sftcycle-a1c71d848ddbed5eabe20317c1b95849/1.json	1424	91d8c8b041c1b9eff7eed71b1c5a181e6d78b85e249b0fc6a7ecec76933ac5c2
evaluation_stat	/home/s471802/nn-gpt/out/nngpt/new_lemur/train/img-classification_cifar-10_acc_rl-bb-struct1-v2-sftcycle-a1d9da30144b881928c02f5eeb92cb9b/1.json	train/img-classification_cifar-10_acc_rl-bb-struct1-v2-sftcycle-a1d9da30144b881928c02f5eeb92cb9b/1.json	1426	7a5c7f3c7a51e87c946b3eb745f262416c89d8fc677bd16d1875f80552b868ed
evaluation_stat	/home/s471802/nn-gpt/out/nngpt/new_lemur/train/img-classification_cifar-10_acc_rl-bb-struct1-v2-sftcycle-a2cecde0afcd05022dbccfb920fee039/1.json	train/img-classification_cifar-10_acc_rl-bb-struct1-v2-sftcycle-a2cecde0afcd05022dbccfb920fee039/1.json	1427	20cf7bd5573774a2da771c0721dbe9dd6bd64de701a07ce2c50c2931a0f271c1
evaluation_stat	/home/s471802/nn-gpt/out/nngpt/new_lemur/train/img-classification_cifar-10_acc_rl-bb-struct1-v2-sftcycle-a31ec6edaa515d6e34fd9178d0ab01e5/1.json	train/img-classification_cifar-10_acc_rl-bb-struct1-v2-sftcycle-a31ec6edaa515d6e34fd9178d0ab01e5/1.json	1424	f4ab27a7f074535cf11340db2abea6d90b498d42968e80c73ce0dc820cf729c8
evaluation_stat	/home/s471802/nn-gpt/out/nngpt/new_lemur/train/img-classification_cifar-10_acc_rl-bb-struct1-v2-sftcycle-a33e620745a02c1d938a5452e80f813c/1.json	train/img-classification_cifar-10_acc_rl-bb-struct1-v2-sftcycle-a33e620745a02c1d938a5452e80f813c/1.json	1420	ebcf02027c311ed9ae7a352acd9935a048f4cdebad031eac4f30ca0c142fb787
evaluation_stat	/home/s471802/nn-gpt/out/nngpt/new_lemur/train/img-classification_cifar-10_acc_rl-bb-struct1-v2-sftcycle-a392e38027774b12934b7787c90fda7d/1.json	train/img-classification_cifar-10_acc_rl-bb-struct1-v2-sftcycle-a392e38027774b12934b7787c90fda7d/1.json	1426	c50861773d74ad42e1bc5b21f5388c8a3a2bd2c06d915ae2a54cca9a8aecdbec
evaluation_stat	/home/s471802/nn-gpt/out/nngpt/new_lemur/train/img-classification_cifar-10_acc_rl-bb-struct1-v2-sftcycle-a4235e10eb1c920e6dc0bda2175247fb/1.json	train/img-classification_cifar-10_acc_rl-bb-struct1-v2-sftcycle-a4235e10eb1c920e6dc0bda2175247fb/1.json	1428	3dbdfcb5d9bc56ca023e8fec018136d964f32b8e8e6e6cb180381b4dbc9cac67
evaluation_stat	/home/s471802/nn-gpt/out/nngpt/new_lemur/train/img-classification_cifar-10_acc_rl-bb-struct1-v2-sftcycle-a4b75353f32582511a661f8a24c9f96d/1.json	train/img-classification_cifar-10_acc_rl-bb-struct1-v2-sftcycle-a4b75353f32582511a661f8a24c9f96d/1.json	1425	689a7421ac8f1ac73521fc664dcabfe6575fbfb0239d18b24d0846bdf8d7596b
evaluation_stat	/home/s471802/nn-gpt/out/nngpt/new_lemur/train/img-classification_cifar-10_acc_rl-bb-struct1-v2-sftcycle-a4e552a781e6518c5d815695de3a07c0/1.json	train/img-classification_cifar-10_acc_rl-bb-struct1-v2-sftcycle-a4e552a781e6518c5d815695de3a07c0/1.json	1428	b1c154bd5b94e95635ff699a6fbcdf1b4a1790ba6359ecec15a999b9b4934f9a
evaluation_stat	/home/s471802/nn-gpt/out/nngpt/new_lemur/train/img-classification_cifar-10_acc_rl-bb-struct1-v2-sftcycle-a61f80dc9381398558fa070944a4c6dc/1.json	train/img-classification_cifar-10_acc_rl-bb-struct1-v2-sftcycle-a61f80dc9381398558fa070944a4c6dc/1.json	1426	6fc782fe5de107b24353dafd10b47bf16da24d62d8eb57ec48bd0fb8a4942e44
evaluation_stat	/home/s471802/nn-gpt/out/nngpt/new_lemur/train/img-classification_cifar-10_acc_rl-bb-struct1-v2-sftcycle-a70b842993e464756b8c17e46da5ae5b/1.json	train/img-classification_cifar-10_acc_rl-bb-struct1-v2-sftcycle-a70b842993e464756b8c17e46da5ae5b/1.json	1428	1caa4599b5102b94576ef3d0cd1ea03520d28f47ed43ed95602f4e0e6af24f8d
evaluation_stat	/home/s471802/nn-gpt/out/nngpt/new_lemur/train/img-classification_cifar-10_acc_rl-bb-struct1-v2-sftcycle-a7172994b7ba1d1881565baadc76affd/1.json	train/img-classification_cifar-10_acc_rl-bb-struct1-v2-sftcycle-a7172994b7ba1d1881565baadc76affd/1.json	1426	9fce9f47ca101e56b90dae6b07b83eabaaec0d6f98576dd1bc7d340fbd280aa3
evaluation_stat	/home/s471802/nn-gpt/out/nngpt/new_lemur/train/img-classification_cifar-10_acc_rl-bb-struct1-v2-sftcycle-a76433ed999fecff44b4fdf072b94735/1.json	train/img-classification_cifar-10_acc_rl-bb-struct1-v2-sftcycle-a76433ed999fecff44b4fdf072b94735/1.json	1425	b73ddc75f113cb7cf317ff8de3e58b2217debb76e8c86b87a2b5b5e134fe01f0
evaluation_stat	/home/s471802/nn-gpt/out/nngpt/new_lemur/train/img-classification_cifar-10_acc_rl-bb-struct1-v2-sftcycle-aa497874c1063df3480d2d7323fbcd25/1.json	train/img-classification_cifar-10_acc_rl-bb-struct1-v2-sftcycle-aa497874c1063df3480d2d7323fbcd25/1.json	1425	52f91d2e770dc021be73856358a20ab2d5d72c902f271b7e96feec94b1903aae
evaluation_stat	/home/s471802/nn-gpt/out/nngpt/new_lemur/train/img-classification_cifar-10_acc_rl-bb-struct1-v2-sftcycle-ab13ea223869ec3f98a0c3eb3c65afa5/1.json	train/img-classification_cifar-10_acc_rl-bb-struct1-v2-sftcycle-ab13ea223869ec3f98a0c3eb3c65afa5/1.json	1424	69e60ec6574514bd6eeb64f81fbb72a4ac033ddb538fb37067d55612e14cd194
evaluation_stat	/home/s471802/nn-gpt/out/nngpt/new_lemur/train/img-classification_cifar-10_acc_rl-bb-struct1-v2-sftcycle-ab821b9f93f4faace6085137d3114a3e/1.json	train/img-classification_cifar-10_acc_rl-bb-struct1-v2-sftcycle-ab821b9f93f4faace6085137d3114a3e/1.json	1426	6c4ba742ed954c5c91cb1c85ada5fbc1b788034ef9ddb38e47ff06e093b9b8a2
evaluation_stat	/home/s471802/nn-gpt/out/nngpt/new_lemur/train/img-classification_cifar-10_acc_rl-bb-struct1-v2-sftcycle-ac11ed309b87547290be3109ac01506f/1.json	train/img-classification_cifar-10_acc_rl-bb-struct1-v2-sftcycle-ac11ed309b87547290be3109ac01506f/1.json	1423	2b256a99567d077f4091f901a16d55cb38aac88c6334b99779aa8c78bd88e9cc
evaluation_stat	/home/s471802/nn-gpt/out/nngpt/new_lemur/train/img-classification_cifar-10_acc_rl-bb-struct1-v2-sftcycle-ac92a07d6bb934a78edb5fb224a7c33c/1.json	train/img-classification_cifar-10_acc_rl-bb-struct1-v2-sftcycle-ac92a07d6bb934a78edb5fb224a7c33c/1.json	1425	3e38cf2bc2e20caf05ee47359a43773290bd5f96ac5166703e4d9ba6cc683eb7
evaluation_stat	/home/s471802/nn-gpt/out/nngpt/new_lemur/train/img-classification_cifar-10_acc_rl-bb-struct1-v2-sftcycle-ad1656f3ac696e4030d22716146d8745/1.json	train/img-classification_cifar-10_acc_rl-bb-struct1-v2-sftcycle-ad1656f3ac696e4030d22716146d8745/1.json	1428	20cd81f0e72438bf29f356684c544d0b54f5f65e8701321e9f85f66d8fbace27
evaluation_stat	/home/s471802/nn-gpt/out/nngpt/new_lemur/train/img-classification_cifar-10_acc_rl-bb-struct1-v2-sftcycle-ae81f5369c8b2910f38fb118a1a6747f/1.json	train/img-classification_cifar-10_acc_rl-bb-struct1-v2-sftcycle-ae81f5369c8b2910f38fb118a1a6747f/1.json	1426	c54341abbcabac4e584fea2632bdce614f683763f7b2d2d6a0f1f2ede0860597
evaluation_stat	/home/s471802/nn-gpt/out/nngpt/new_lemur/train/img-classification_cifar-10_acc_rl-bb-struct1-v2-sftcycle-ae8a3101d75e0b31730f7769cb921ca4/1.json	train/img-classification_cifar-10_acc_rl-bb-struct1-v2-sftcycle-ae8a3101d75e0b31730f7769cb921ca4/1.json	1429	1e3f49fb97c0a308770fe5b14b215cd3fe1fa286529b0d7090eeba085b896ac4
evaluation_stat	/home/s471802/nn-gpt/out/nngpt/new_lemur/train/img-classification_cifar-10_acc_rl-bb-struct1-v2-sftcycle-af2aff0502a7e462945b1a124a5b816f/1.json	train/img-classification_cifar-10_acc_rl-bb-struct1-v2-sftcycle-af2aff0502a7e462945b1a124a5b816f/1.json	1420	95df8d66b5b8f5ecc968c78747126e833070fb155c0ed012a4410e77b8458bcb
evaluation_stat	/home/s471802/nn-gpt/out/nngpt/new_lemur/train/img-classification_cifar-10_acc_rl-bb-struct1-v2-sftcycle-af7898cb3e1fd36959e43ebabf804160/1.json	train/img-classification_cifar-10_acc_rl-bb-struct1-v2-sftcycle-af7898cb3e1fd36959e43ebabf804160/1.json	1427	743df378cff84f6d3f36e1f10fcb022b674faeff656b0157d3c75c63a7bda52f
evaluation_stat	/home/s471802/nn-gpt/out/nngpt/new_lemur/train/img-classification_cifar-10_acc_rl-bb-struct1-v2-sftcycle-b028be3f2b4509e678e53c7a2fb60e1c/1.json	train/img-classification_cifar-10_acc_rl-bb-struct1-v2-sftcycle-b028be3f2b4509e678e53c7a2fb60e1c/1.json	1426	e4cbdf3ce76cbe8c064c727340c57da9a785b7f1008a7227763f37f25db2864a
evaluation_stat	/home/s471802/nn-gpt/out/nngpt/new_lemur/train/img-classification_cifar-10_acc_rl-bb-struct1-v2-sftcycle-b15343a464d30897489c9fe75e8229f6/1.json	train/img-classification_cifar-10_acc_rl-bb-struct1-v2-sftcycle-b15343a464d30897489c9fe75e8229f6/1.json	1424	af0b985af64b668509ca0ccc20f9116ccbb3d56e2b2601f83fca57c204d3cb52
evaluation_stat	/home/s471802/nn-gpt/out/nngpt/new_lemur/train/img-classification_cifar-10_acc_rl-bb-struct1-v2-sftcycle-b31e43c04a63b4d602dd7ebe9493fceb/1.json	train/img-classification_cifar-10_acc_rl-bb-struct1-v2-sftcycle-b31e43c04a63b4d602dd7ebe9493fceb/1.json	1427	65f0bc48e4d360b31da25afafe1296484112e867115f0fbabd028edc476c8a0a
evaluation_stat	/home/s471802/nn-gpt/out/nngpt/new_lemur/train/img-classification_cifar-10_acc_rl-bb-struct1-v2-sftcycle-b38af6f9775d6fbececfb54b8c6b7860/1.json	train/img-classification_cifar-10_acc_rl-bb-struct1-v2-sftcycle-b38af6f9775d6fbececfb54b8c6b7860/1.json	1428	494708cdd32343182847d33359dc6a0ad7954f8fcf9333914376a36c7d38f0a7
evaluation_stat	/home/s471802/nn-gpt/out/nngpt/new_lemur/train/img-classification_cifar-10_acc_rl-bb-struct1-v2-sftcycle-b434106c0eb16d4ab00dce12e71e2985/1.json	train/img-classification_cifar-10_acc_rl-bb-struct1-v2-sftcycle-b434106c0eb16d4ab00dce12e71e2985/1.json	1425	6565ae9ee606535a4044c76fe61323da18079f1c6199fb494f8e1580ba6e9aec
evaluation_stat	/home/s471802/nn-gpt/out/nngpt/new_lemur/train/img-classification_cifar-10_acc_rl-bb-struct1-v2-sftcycle-b48bead422ded138870aa5dd1a576482/1.json	train/img-classification_cifar-10_acc_rl-bb-struct1-v2-sftcycle-b48bead422ded138870aa5dd1a576482/1.json	1428	1e2ee79f77eaab7bf026f2e504ee81ee7f6fee24152bd0e7fd4813b15ce4fd9c
evaluation_stat	/home/s471802/nn-gpt/out/nngpt/new_lemur/train/img-classification_cifar-10_acc_rl-bb-struct1-v2-sftcycle-b62a4999f7bd3a0ef6ac9f936c2bef8b/1.json	train/img-classification_cifar-10_acc_rl-bb-struct1-v2-sftcycle-b62a4999f7bd3a0ef6ac9f936c2bef8b/1.json	1427	02fb8f4d249b69adf802d274ffe6ef001d057ea935f757e2484785dfba7515a4
evaluation_stat	/home/s471802/nn-gpt/out/nngpt/new_lemur/train/img-classification_cifar-10_acc_rl-bb-struct1-v2-sftcycle-b74ef25ef185c01490a87479c36517bc/1.json	train/img-classification_cifar-10_acc_rl-bb-struct1-v2-sftcycle-b74ef25ef185c01490a87479c36517bc/1.json	1427	a2498b984867d68409d7b15865f0cda95dc3c6f3deb662674d2f16b211a795ab
evaluation_stat	/home/s471802/nn-gpt/out/nngpt/new_lemur/train/img-classification_cifar-10_acc_rl-bb-struct1-v2-sftcycle-b7a93f119ca2b9eb90b0aaac5f43e59f/1.json	train/img-classification_cifar-10_acc_rl-bb-struct1-v2-sftcycle-b7a93f119ca2b9eb90b0aaac5f43e59f/1.json	1425	100fcda3478679774b58a8d74f2f5c350ad069d5a3a8ad57a1e1f566d6282f2b
evaluation_stat	/home/s471802/nn-gpt/out/nngpt/new_lemur/train/img-classification_cifar-10_acc_rl-bb-struct1-v2-sftcycle-b8231b7e63cdac838195b293eb4b87c2/1.json	train/img-classification_cifar-10_acc_rl-bb-struct1-v2-sftcycle-b8231b7e63cdac838195b293eb4b87c2/1.json	1424	de10465e3993e11d1fe3334299f09031e8e8cce98c0c92b2cca82f1179455b0a
evaluation_stat	/home/s471802/nn-gpt/out/nngpt/new_lemur/train/img-classification_cifar-10_acc_rl-bb-struct1-v2-sftcycle-b8972119eb3185e4b1c0f52dd2502704/1.json	train/img-classification_cifar-10_acc_rl-bb-struct1-v2-sftcycle-b8972119eb3185e4b1c0f52dd2502704/1.json	1427	c2600366242690916f40c90b4274d0410206939eed57ef63cbc2b19655d2daa5
evaluation_stat	/home/s471802/nn-gpt/out/nngpt/new_lemur/train/img-classification_cifar-10_acc_rl-bb-struct1-v2-sftcycle-b9d1ad97bb44f3f99b4ec8f6f8530701/1.json	train/img-classification_cifar-10_acc_rl-bb-struct1-v2-sftcycle-b9d1ad97bb44f3f99b4ec8f6f8530701/1.json	1426	44845c0106266896da6fbf2c01e06862fec217533dae7c59834b620136508ae1
evaluation_stat	/home/s471802/nn-gpt/out/nngpt/new_lemur/train/img-classification_cifar-10_acc_rl-bb-struct1-v2-sftcycle-b9e8933c2ef883eee27f5d9a3dadc658/1.json	train/img-classification_cifar-10_acc_rl-bb-struct1-v2-sftcycle-b9e8933c2ef883eee27f5d9a3dadc658/1.json	1428	81d584d6bcdf460b33d1aa3c0fa99df4d825c263beb5bb0b0ae5f76806888d14
evaluation_stat	/home/s471802/nn-gpt/out/nngpt/new_lemur/train/img-classification_cifar-10_acc_rl-bb-struct1-v2-sftcycle-b9ebc0f75c00b8d58cab74073e7cf5b7/1.json	train/img-classification_cifar-10_acc_rl-bb-struct1-v2-sftcycle-b9ebc0f75c00b8d58cab74073e7cf5b7/1.json	1429	6e838949f8e3cfba4cd064951b0a7f4b9d054df348fc312e911fa357660acab4
evaluation_stat	/home/s471802/nn-gpt/out/nngpt/new_lemur/train/img-classification_cifar-10_acc_rl-bb-struct1-v2-sftcycle-ba154479758c34cf5c63de2a7c9f3acf/1.json	train/img-classification_cifar-10_acc_rl-bb-struct1-v2-sftcycle-ba154479758c34cf5c63de2a7c9f3acf/1.json	1427	0d3f08c021dcc8720da1173f668d329997adfa3b982a4eedf49fb39790101e52
evaluation_stat	/home/s471802/nn-gpt/out/nngpt/new_lemur/train/img-classification_cifar-10_acc_rl-bb-struct1-v2-sftcycle-bb370cf6d2b83fbdffc2e1b9c986268f/1.json	train/img-classification_cifar-10_acc_rl-bb-struct1-v2-sftcycle-bb370cf6d2b83fbdffc2e1b9c986268f/1.json	1425	ecc2e55ca8f517f8a4e0ec2902d607975fa494e42ba24bf74f2a2406e066b2f1
evaluation_stat	/home/s471802/nn-gpt/out/nngpt/new_lemur/train/img-classification_cifar-10_acc_rl-bb-struct1-v2-sftcycle-bc26dfe7bcaad3a4a18522217c60f4d7/1.json	train/img-classification_cifar-10_acc_rl-bb-struct1-v2-sftcycle-bc26dfe7bcaad3a4a18522217c60f4d7/1.json	1428	26ef1124652852265186f948b3acb54a9d668afa0dd309ee1dbcc23d370c408b
evaluation_stat	/home/s471802/nn-gpt/out/nngpt/new_lemur/train/img-classification_cifar-10_acc_rl-bb-struct1-v2-sftcycle-bdacb0fe7cf77fe7c976b0bd09541e7c/1.json	train/img-classification_cifar-10_acc_rl-bb-struct1-v2-sftcycle-bdacb0fe7cf77fe7c976b0bd09541e7c/1.json	1427	c1b8f4a53789afa7183f88ba688bb9fb5d6b1be7c66612666d3fef47a2dc9d0b
evaluation_stat	/home/s471802/nn-gpt/out/nngpt/new_lemur/train/img-classification_cifar-10_acc_rl-bb-struct1-v2-sftcycle-bdb77951044e4691e898a69a1c1d704b/1.json	train/img-classification_cifar-10_acc_rl-bb-struct1-v2-sftcycle-bdb77951044e4691e898a69a1c1d704b/1.json	1423	73a97c39d1b821f24d8cee7d2c7299f2afe35d5d8b92c2268ffe923c879b2664
evaluation_stat	/home/s471802/nn-gpt/out/nngpt/new_lemur/train/img-classification_cifar-10_acc_rl-bb-struct1-v2-sftcycle-be509b2d6dda7e2aa14ee9f4c7b5b61d/1.json	train/img-classification_cifar-10_acc_rl-bb-struct1-v2-sftcycle-be509b2d6dda7e2aa14ee9f4c7b5b61d/1.json	1427	8c31bee9c7df930edd77cc809914e0eb01975e95ca08c040119c5205c20e5e56
evaluation_stat	/home/s471802/nn-gpt/out/nngpt/new_lemur/train/img-classification_cifar-10_acc_rl-bb-struct1-v2-sftcycle-c0046c0915d6300d5e6dde260ab1a672/1.json	train/img-classification_cifar-10_acc_rl-bb-struct1-v2-sftcycle-c0046c0915d6300d5e6dde260ab1a672/1.json	1425	6b59eaa85de8e85b351949ace6b5c5735bbe779d6643e4e7484148715cddca1f
evaluation_stat	/home/s471802/nn-gpt/out/nngpt/new_lemur/train/img-classification_cifar-10_acc_rl-bb-struct1-v2-sftcycle-c0247ef43c12a724607405d0943c2e6b/1.json	train/img-classification_cifar-10_acc_rl-bb-struct1-v2-sftcycle-c0247ef43c12a724607405d0943c2e6b/1.json	1425	3d8d187eb5885ff1968b361ff9815f25d79e017f9357ec8deb3121ae6438a15d
evaluation_stat	/home/s471802/nn-gpt/out/nngpt/new_lemur/train/img-classification_cifar-10_acc_rl-bb-struct1-v2-sftcycle-c03a5f89d9bbf131be716aa25933fa6d/1.json	train/img-classification_cifar-10_acc_rl-bb-struct1-v2-sftcycle-c03a5f89d9bbf131be716aa25933fa6d/1.json	1428	24e8ff8cc5e9fc057dfed5981037a667ba2669588a0ebfa95586d0757883c52d
evaluation_stat	/home/s471802/nn-gpt/out/nngpt/new_lemur/train/img-classification_cifar-10_acc_rl-bb-struct1-v2-sftcycle-c06f796d8f7e26e032c66b0ca770c79c/1.json	train/img-classification_cifar-10_acc_rl-bb-struct1-v2-sftcycle-c06f796d8f7e26e032c66b0ca770c79c/1.json	1426	7db618cdaeb94721c6cc59bd737fecedd9f4b934929cd6c7dbe2e0c20c508e69
evaluation_stat	/home/s471802/nn-gpt/out/nngpt/new_lemur/train/img-classification_cifar-10_acc_rl-bb-struct1-v2-sftcycle-c171f522a61bef03d9ef314d84b0c28c/1.json	train/img-classification_cifar-10_acc_rl-bb-struct1-v2-sftcycle-c171f522a61bef03d9ef314d84b0c28c/1.json	1423	06a951a3dc114a21f811017bd97145b19920799b5b496b840f79f71f48f90567
evaluation_stat	/home/s471802/nn-gpt/out/nngpt/new_lemur/train/img-classification_cifar-10_acc_rl-bb-struct1-v2-sftcycle-c19c7b2ca15d421ba2d0e8ee964f878b/1.json	train/img-classification_cifar-10_acc_rl-bb-struct1-v2-sftcycle-c19c7b2ca15d421ba2d0e8ee964f878b/1.json	1426	f4d70b1c2bb20874b6287908290637001b54b3a0b574e20d174e36d67b7fecc5
evaluation_stat	/home/s471802/nn-gpt/out/nngpt/new_lemur/train/img-classification_cifar-10_acc_rl-bb-struct1-v2-sftcycle-c2d7f9ff2c05ac2d2f3d0468c7a04015/1.json	train/img-classification_cifar-10_acc_rl-bb-struct1-v2-sftcycle-c2d7f9ff2c05ac2d2f3d0468c7a04015/1.json	1427	0f9d543759cafb0282f5503400351b0b7f6ea8bd08cdb1593f2055b177dc7946
evaluation_stat	/home/s471802/nn-gpt/out/nngpt/new_lemur/train/img-classification_cifar-10_acc_rl-bb-struct1-v2-sftcycle-c2ea0906aa08857f550e6e9052feff15/1.json	train/img-classification_cifar-10_acc_rl-bb-struct1-v2-sftcycle-c2ea0906aa08857f550e6e9052feff15/1.json	1428	c5319d4259732d91512e5b28d1e00766d761f6a25a9f9ac7937b8e8bd5c9f83d
evaluation_stat	/home/s471802/nn-gpt/out/nngpt/new_lemur/train/img-classification_cifar-10_acc_rl-bb-struct1-v2-sftcycle-c3ba6cd057c0e9a85e8727d9dd6b48cb/1.json	train/img-classification_cifar-10_acc_rl-bb-struct1-v2-sftcycle-c3ba6cd057c0e9a85e8727d9dd6b48cb/1.json	1423	b8295e9b71ba94e55f3edc253dcde78983f4f4ce739d015f6146e84572ca234f
evaluation_stat	/home/s471802/nn-gpt/out/nngpt/new_lemur/train/img-classification_cifar-10_acc_rl-bb-struct1-v2-sftcycle-c3fe6cf7306195dcd2d390b740faad43/1.json	train/img-classification_cifar-10_acc_rl-bb-struct1-v2-sftcycle-c3fe6cf7306195dcd2d390b740faad43/1.json	1426	d9b84bf85bfe48cab73497caa0a0b40cb94640d6e0b30c91bf5d29374fee97f8
evaluation_stat	/home/s471802/nn-gpt/out/nngpt/new_lemur/train/img-classification_cifar-10_acc_rl-bb-struct1-v2-sftcycle-c42d969a7dc7b98b410eff70c1aecfb0/1.json	train/img-classification_cifar-10_acc_rl-bb-struct1-v2-sftcycle-c42d969a7dc7b98b410eff70c1aecfb0/1.json	1426	afbc48cecc9945355feebc859289a22736938309310bd691a63270bc9db87c8f
evaluation_stat	/home/s471802/nn-gpt/out/nngpt/new_lemur/train/img-classification_cifar-10_acc_rl-bb-struct1-v2-sftcycle-c4312261389c6e073e58e0b4c02afb9c/1.json	train/img-classification_cifar-10_acc_rl-bb-struct1-v2-sftcycle-c4312261389c6e073e58e0b4c02afb9c/1.json	1427	ef0ee97580061f471dbdd6204a8f4a1faebf4d81046fc782a950abe3fb7a6853
evaluation_stat	/home/s471802/nn-gpt/out/nngpt/new_lemur/train/img-classification_cifar-10_acc_rl-bb-struct1-v2-sftcycle-c4e06390b8f617267686ad26551a560e/1.json	train/img-classification_cifar-10_acc_rl-bb-struct1-v2-sftcycle-c4e06390b8f617267686ad26551a560e/1.json	1427	9111523beaa36283182be1bef84804ae2ed547c8f67f9dacf978bef9bbb1ea8b
evaluation_stat	/home/s471802/nn-gpt/out/nngpt/new_lemur/train/img-classification_cifar-10_acc_rl-bb-struct1-v2-sftcycle-c631b1bb791cad6c72d8fb589943db4b/1.json	train/img-classification_cifar-10_acc_rl-bb-struct1-v2-sftcycle-c631b1bb791cad6c72d8fb589943db4b/1.json	1428	322d711f10fc44f7045419b3496fa325cf336d17ce928c43da4d8a9d063d4409
evaluation_stat	/home/s471802/nn-gpt/out/nngpt/new_lemur/train/img-classification_cifar-10_acc_rl-bb-struct1-v2-sftcycle-c6344a193037d00f8925827c50ce01e3/1.json	train/img-classification_cifar-10_acc_rl-bb-struct1-v2-sftcycle-c6344a193037d00f8925827c50ce01e3/1.json	1427	55f3825ff5a6f6af8803bd756b51892a04828472232fe7f67e8a2c5cc1872bce
evaluation_stat	/home/s471802/nn-gpt/out/nngpt/new_lemur/train/img-classification_cifar-10_acc_rl-bb-struct1-v2-sftcycle-c6d5cfd9055ef3cf1b8cbb334635d791/1.json	train/img-classification_cifar-10_acc_rl-bb-struct1-v2-sftcycle-c6d5cfd9055ef3cf1b8cbb334635d791/1.json	1427	85bffaaeb1479c1d214a93d42422b25f6cc3fd7f7b64b05ebfe6a784e3d18f9a
evaluation_stat	/home/s471802/nn-gpt/out/nngpt/new_lemur/train/img-classification_cifar-10_acc_rl-bb-struct1-v2-sftcycle-c70dabc34b3bcbb64ee998f9cf0477d4/1.json	train/img-classification_cifar-10_acc_rl-bb-struct1-v2-sftcycle-c70dabc34b3bcbb64ee998f9cf0477d4/1.json	1418	34dfa3e4305cc3c472fc355c0732652725a3f910e57e0c357c998703f9d99bb7
evaluation_stat	/home/s471802/nn-gpt/out/nngpt/new_lemur/train/img-classification_cifar-10_acc_rl-bb-struct1-v2-sftcycle-c767c4581a879741630b54302fd52b45/1.json	train/img-classification_cifar-10_acc_rl-bb-struct1-v2-sftcycle-c767c4581a879741630b54302fd52b45/1.json	1425	b079edb78a514b8cb957d6bf346cb05311f964a108d3d8be18474adcd742c8f1
evaluation_stat	/home/s471802/nn-gpt/out/nngpt/new_lemur/train/img-classification_cifar-10_acc_rl-bb-struct1-v2-sftcycle-c8fa88beaf41944bc9dba8e4217a1f14/1.json	train/img-classification_cifar-10_acc_rl-bb-struct1-v2-sftcycle-c8fa88beaf41944bc9dba8e4217a1f14/1.json	1425	04dd02c3c5c4386c5bd994b67e8e1547a2c0de9ca3294079729c7846f66dd788
evaluation_stat	/home/s471802/nn-gpt/out/nngpt/new_lemur/train/img-classification_cifar-10_acc_rl-bb-struct1-v2-sftcycle-c9a6451ee84e6a6e3afb644e7938881b/1.json	train/img-classification_cifar-10_acc_rl-bb-struct1-v2-sftcycle-c9a6451ee84e6a6e3afb644e7938881b/1.json	1427	64e8884f1859bd438146eaa20aae2f98135e3d0b7a454bc6f87a651da97f75e1
evaluation_stat	/home/s471802/nn-gpt/out/nngpt/new_lemur/train/img-classification_cifar-10_acc_rl-bb-struct1-v2-sftcycle-cac7f53e89ce7fb053f55a920c518f7f/1.json	train/img-classification_cifar-10_acc_rl-bb-struct1-v2-sftcycle-cac7f53e89ce7fb053f55a920c518f7f/1.json	1426	f9958a72ca25c6b9b837ab0b8568c4bd6f830e9341ab35e91b3d63c793d205b2
evaluation_stat	/home/s471802/nn-gpt/out/nngpt/new_lemur/train/img-classification_cifar-10_acc_rl-bb-struct1-v2-sftcycle-cbdde393c9d0f80e89381c21fa565b2e/1.json	train/img-classification_cifar-10_acc_rl-bb-struct1-v2-sftcycle-cbdde393c9d0f80e89381c21fa565b2e/1.json	1426	9259b0cef6cd34c8117053e36fbeb11ed524aba9b6d0e8303acf19dc2917fcdf
evaluation_stat	/home/s471802/nn-gpt/out/nngpt/new_lemur/train/img-classification_cifar-10_acc_rl-bb-struct1-v2-sftcycle-cbde4941164eb1146dc21c605dcdcc44/1.json	train/img-classification_cifar-10_acc_rl-bb-struct1-v2-sftcycle-cbde4941164eb1146dc21c605dcdcc44/1.json	1423	7603530db75455f2c0111d04ce960e427da1f92bb54fc3e7960105313f7a9193
evaluation_stat	/home/s471802/nn-gpt/out/nngpt/new_lemur/train/img-classification_cifar-10_acc_rl-bb-struct1-v2-sftcycle-cc64f6f60f62e1a1d87f70bc43bf8a7c/1.json	train/img-classification_cifar-10_acc_rl-bb-struct1-v2-sftcycle-cc64f6f60f62e1a1d87f70bc43bf8a7c/1.json	1425	6c3e64ac451801fe539f501e92fd7ab4279a37477207d41d6ec93e638e914148
evaluation_stat	/home/s471802/nn-gpt/out/nngpt/new_lemur/train/img-classification_cifar-10_acc_rl-bb-struct1-v2-sftcycle-cc9814e8a0c9f128e607d2083a25d34b/1.json	train/img-classification_cifar-10_acc_rl-bb-struct1-v2-sftcycle-cc9814e8a0c9f128e607d2083a25d34b/1.json	1426	8470b291d9b4e4975649a05e165bf06ddf5bbb5ec4939223d3350fe7b466c412
evaluation_stat	/home/s471802/nn-gpt/out/nngpt/new_lemur/train/img-classification_cifar-10_acc_rl-bb-struct1-v2-sftcycle-ce6815500ef5f372fd14fc482b095a42/1.json	train/img-classification_cifar-10_acc_rl-bb-struct1-v2-sftcycle-ce6815500ef5f372fd14fc482b095a42/1.json	1426	a5f07bf7417b9e5b43eef633e96f0462aef415a944226ec263392e178d7772a4
evaluation_stat	/home/s471802/nn-gpt/out/nngpt/new_lemur/train/img-classification_cifar-10_acc_rl-bb-struct1-v2-sftcycle-cfbeff40aa9387f6dcc746b731a8c6f0/1.json	train/img-classification_cifar-10_acc_rl-bb-struct1-v2-sftcycle-cfbeff40aa9387f6dcc746b731a8c6f0/1.json	1425	e0d7156d26d220e7714f40c0f6099627c6044b6ffa013d404a63ae64e6238463
evaluation_stat	/home/s471802/nn-gpt/out/nngpt/new_lemur/train/img-classification_cifar-10_acc_rl-bb-struct1-v2-sftcycle-d003be7bc069be0b42afb59773ecd60c/1.json	train/img-classification_cifar-10_acc_rl-bb-struct1-v2-sftcycle-d003be7bc069be0b42afb59773ecd60c/1.json	1427	92d24f6c1dd97b4578dada0df48bf2938cf65731beca446dfa5be0bde3414578
evaluation_stat	/home/s471802/nn-gpt/out/nngpt/new_lemur/train/img-classification_cifar-10_acc_rl-bb-struct1-v2-sftcycle-d064980bdf8fae6a518d421c3235e373/1.json	train/img-classification_cifar-10_acc_rl-bb-struct1-v2-sftcycle-d064980bdf8fae6a518d421c3235e373/1.json	1423	eeb93c9a92f488f04a8cb9aa4f7d99a36a31a7c3f3e2da113513bb2dd2372797
evaluation_stat	/home/s471802/nn-gpt/out/nngpt/new_lemur/train/img-classification_cifar-10_acc_rl-bb-struct1-v2-sftcycle-d1220dfcdc7cf924ae7d78ab50f3c7d3/1.json	train/img-classification_cifar-10_acc_rl-bb-struct1-v2-sftcycle-d1220dfcdc7cf924ae7d78ab50f3c7d3/1.json	1426	1d79781ec5053af8cff8a388c31d7c39dddf54460492d9ad41b800e11d276ed5
evaluation_stat	/home/s471802/nn-gpt/out/nngpt/new_lemur/train/img-classification_cifar-10_acc_rl-bb-struct1-v2-sftcycle-d24405136f99c19a172c275308dd7158/1.json	train/img-classification_cifar-10_acc_rl-bb-struct1-v2-sftcycle-d24405136f99c19a172c275308dd7158/1.json	1427	3b8545e116b8f7f376d1ae98277576dd0d9cd207c64ba789f4b864d86c7b8c6a
evaluation_stat	/home/s471802/nn-gpt/out/nngpt/new_lemur/train/img-classification_cifar-10_acc_rl-bb-struct1-v2-sftcycle-d29dc1419706c65326036a5b5b52c7cd/1.json	train/img-classification_cifar-10_acc_rl-bb-struct1-v2-sftcycle-d29dc1419706c65326036a5b5b52c7cd/1.json	1426	22d2b52276e88d8ba1353b2efa442ddf35738b89f5c1e1ddfdae489948cc85ab
evaluation_stat	/home/s471802/nn-gpt/out/nngpt/new_lemur/train/img-classification_cifar-10_acc_rl-bb-struct1-v2-sftcycle-d2cb2a6935f9b2fcd1b77599d7a7bba7/1.json	train/img-classification_cifar-10_acc_rl-bb-struct1-v2-sftcycle-d2cb2a6935f9b2fcd1b77599d7a7bba7/1.json	1426	e3bd8cbf6d21a31d10e4d5e9923a0273b2e76d679f69add9d5f0090cfbab2e02
evaluation_stat	/home/s471802/nn-gpt/out/nngpt/new_lemur/train/img-classification_cifar-10_acc_rl-bb-struct1-v2-sftcycle-d33d3ced6587420e51fa13a9545608b0/1.json	train/img-classification_cifar-10_acc_rl-bb-struct1-v2-sftcycle-d33d3ced6587420e51fa13a9545608b0/1.json	1427	efb3372d722d4dedb1cfd8f81cb938ba7a09ccfc4120b74e3925b23b6277ccf6
evaluation_stat	/home/s471802/nn-gpt/out/nngpt/new_lemur/train/img-classification_cifar-10_acc_rl-bb-struct1-v2-sftcycle-d4786bd70349905785a6e009f65dc363/1.json	train/img-classification_cifar-10_acc_rl-bb-struct1-v2-sftcycle-d4786bd70349905785a6e009f65dc363/1.json	1425	0cfde8f498eef411a47a41a9a5bdbd154bcd375b4ec942badbb7d03ca002694f
evaluation_stat	/home/s471802/nn-gpt/out/nngpt/new_lemur/train/img-classification_cifar-10_acc_rl-bb-struct1-v2-sftcycle-d54170bfdd7e420e69aee8c928890ead/1.json	train/img-classification_cifar-10_acc_rl-bb-struct1-v2-sftcycle-d54170bfdd7e420e69aee8c928890ead/1.json	1425	e95a24ea50cd0bd9c27629185e0215df156e309c0f2b57195e38b90cf35a85d8
evaluation_stat	/home/s471802/nn-gpt/out/nngpt/new_lemur/train/img-classification_cifar-10_acc_rl-bb-struct1-v2-sftcycle-d635c68b88b522868cca2ccfb4e1f1e8/1.json	train/img-classification_cifar-10_acc_rl-bb-struct1-v2-sftcycle-d635c68b88b522868cca2ccfb4e1f1e8/1.json	1428	fe56a31a9a07f7958414981cfd3e3af81c3086b32a6c05e66f478dfb3b7936b7
evaluation_stat	/home/s471802/nn-gpt/out/nngpt/new_lemur/train/img-classification_cifar-10_acc_rl-bb-struct1-v2-sftcycle-d65610cc5ef5d285f9f5cf4a2bc63df1/1.json	train/img-classification_cifar-10_acc_rl-bb-struct1-v2-sftcycle-d65610cc5ef5d285f9f5cf4a2bc63df1/1.json	1425	7f524c4958469b39982d557cfb110821f8389a1459998b1f633d5349a959013a
evaluation_stat	/home/s471802/nn-gpt/out/nngpt/new_lemur/train/img-classification_cifar-10_acc_rl-bb-struct1-v2-sftcycle-d749496eab3f8eb0fdf4b7ac4b0f2a4f/1.json	train/img-classification_cifar-10_acc_rl-bb-struct1-v2-sftcycle-d749496eab3f8eb0fdf4b7ac4b0f2a4f/1.json	1425	5e460854cecd05cb4e1d49819e564dbc2e56c81073008c7b4791afa1135d96ab
evaluation_stat	/home/s471802/nn-gpt/out/nngpt/new_lemur/train/img-classification_cifar-10_acc_rl-bb-struct1-v2-sftcycle-d829d2f991091bd8d2dedab7c86269c9/1.json	train/img-classification_cifar-10_acc_rl-bb-struct1-v2-sftcycle-d829d2f991091bd8d2dedab7c86269c9/1.json	1426	d4a22b8ffebe9e95860e720100179233e5624115868e65369cb753f165f6118c
evaluation_stat	/home/s471802/nn-gpt/out/nngpt/new_lemur/train/img-classification_cifar-10_acc_rl-bb-struct1-v2-sftcycle-d83949311ee1971293f058ce66f48889/1.json	train/img-classification_cifar-10_acc_rl-bb-struct1-v2-sftcycle-d83949311ee1971293f058ce66f48889/1.json	1423	1cd76bd443bb5a84fcb6a4e1b53adf01d81706d45a09fd445647acce4ba09f4c
evaluation_stat	/home/s471802/nn-gpt/out/nngpt/new_lemur/train/img-classification_cifar-10_acc_rl-bb-struct1-v2-sftcycle-d859ec993a3fb382b12cb6815659d926/1.json	train/img-classification_cifar-10_acc_rl-bb-struct1-v2-sftcycle-d859ec993a3fb382b12cb6815659d926/1.json	1426	e056c11159d35ab865c52aab9122661ddbde38eee5f8080fa60cd747913012cf
evaluation_stat	/home/s471802/nn-gpt/out/nngpt/new_lemur/train/img-classification_cifar-10_acc_rl-bb-struct1-v2-sftcycle-d8a013eaca6908170ac0ff0a4a0f5e24/1.json	train/img-classification_cifar-10_acc_rl-bb-struct1-v2-sftcycle-d8a013eaca6908170ac0ff0a4a0f5e24/1.json	1426	da3f84242647f1459d8acf3a3ce84127c51e57f2107dce01306962a66b61e721
evaluation_stat	/home/s471802/nn-gpt/out/nngpt/new_lemur/train/img-classification_cifar-10_acc_rl-bb-struct1-v2-sftcycle-d8f71bde76bee1cfab39253aea50a22b/1.json	train/img-classification_cifar-10_acc_rl-bb-struct1-v2-sftcycle-d8f71bde76bee1cfab39253aea50a22b/1.json	1426	78c5b808e4bd0e78aa4e56c673efa243c4d522b1929fc8c5f539263143b771d8
evaluation_stat	/home/s471802/nn-gpt/out/nngpt/new_lemur/train/img-classification_cifar-10_acc_rl-bb-struct1-v2-sftcycle-d95c023a353f57ae9d9274b9a4dd54c2/1.json	train/img-classification_cifar-10_acc_rl-bb-struct1-v2-sftcycle-d95c023a353f57ae9d9274b9a4dd54c2/1.json	1424	8f364dc08ab86c3df34afbccb0a5edc71f5d808c255a4fbfbd18e0b6028f5717
evaluation_stat	/home/s471802/nn-gpt/out/nngpt/new_lemur/train/img-classification_cifar-10_acc_rl-bb-struct1-v2-sftcycle-d97bc73f6a1cad342c9db2c0e90f4400/1.json	train/img-classification_cifar-10_acc_rl-bb-struct1-v2-sftcycle-d97bc73f6a1cad342c9db2c0e90f4400/1.json	1427	835a063360e04c6af233afe63f348c117c22870f85a1bf80b89bfa3778c6865f
evaluation_stat	/home/s471802/nn-gpt/out/nngpt/new_lemur/train/img-classification_cifar-10_acc_rl-bb-struct1-v2-sftcycle-d9ab7420b4fdf4a76d5a6a52d40cbf52/1.json	train/img-classification_cifar-10_acc_rl-bb-struct1-v2-sftcycle-d9ab7420b4fdf4a76d5a6a52d40cbf52/1.json	1427	ce7857b86fb3d591d17c3f8441e6f74c8bc83304cf21fbdf0ae5a65088ccf2f2
evaluation_stat	/home/s471802/nn-gpt/out/nngpt/new_lemur/train/img-classification_cifar-10_acc_rl-bb-struct1-v2-sftcycle-da0e2cd03474ff7fecef09992114fd64/1.json	train/img-classification_cifar-10_acc_rl-bb-struct1-v2-sftcycle-da0e2cd03474ff7fecef09992114fd64/1.json	1426	563f5e2b7285555dbb8be29226cf3340b698084a409e1e90652166cba10976f7
evaluation_stat	/home/s471802/nn-gpt/out/nngpt/new_lemur/train/img-classification_cifar-10_acc_rl-bb-struct1-v2-sftcycle-da893203de93b74ba9db060fcb34596a/1.json	train/img-classification_cifar-10_acc_rl-bb-struct1-v2-sftcycle-da893203de93b74ba9db060fcb34596a/1.json	1428	dea8b45eaeaaa32f400bf9f191320e52bc8cd6f7031d447ba9576f31e13110f0
evaluation_stat	/home/s471802/nn-gpt/out/nngpt/new_lemur/train/img-classification_cifar-10_acc_rl-bb-struct1-v2-sftcycle-daf57b5a3fc69b80727a887c4231fa5b/1.json	train/img-classification_cifar-10_acc_rl-bb-struct1-v2-sftcycle-daf57b5a3fc69b80727a887c4231fa5b/1.json	1427	19b470abbd60d4407516b12988bc1e13b58f996f8cf56f9b5151125bc0a71fda
evaluation_stat	/home/s471802/nn-gpt/out/nngpt/new_lemur/train/img-classification_cifar-10_acc_rl-bb-struct1-v2-sftcycle-db01a3a159c05d04de440e78f7e1a9c1/1.json	train/img-classification_cifar-10_acc_rl-bb-struct1-v2-sftcycle-db01a3a159c05d04de440e78f7e1a9c1/1.json	1425	e71e70bb546973c888169340028cd62b64b4a484bc2b2f62260ae3b3ea83cae3
evaluation_stat	/home/s471802/nn-gpt/out/nngpt/new_lemur/train/img-classification_cifar-10_acc_rl-bb-struct1-v2-sftcycle-db88ec5bc39f5ee4675b9cf977b0e8ce/1.json	train/img-classification_cifar-10_acc_rl-bb-struct1-v2-sftcycle-db88ec5bc39f5ee4675b9cf977b0e8ce/1.json	1426	c6ff521fb32ea2aecfb13e9f198a8710a840f2ab7a7fd5255656588a0542d390
evaluation_stat	/home/s471802/nn-gpt/out/nngpt/new_lemur/train/img-classification_cifar-10_acc_rl-bb-struct1-v2-sftcycle-dbdf96054091002f15944e2c48d87502/1.json	train/img-classification_cifar-10_acc_rl-bb-struct1-v2-sftcycle-dbdf96054091002f15944e2c48d87502/1.json	1427	a15f02e4c0fe13d1ccc2bdca051127a2542b62358e65054f0e2652954ae513be
evaluation_stat	/home/s471802/nn-gpt/out/nngpt/new_lemur/train/img-classification_cifar-10_acc_rl-bb-struct1-v2-sftcycle-dbf431235c72d276c7a5bf18a24c74c0/1.json	train/img-classification_cifar-10_acc_rl-bb-struct1-v2-sftcycle-dbf431235c72d276c7a5bf18a24c74c0/1.json	1423	e757dfd958ea1c1859b834f538bff821ac4f5888515dbb6cd161d92c966a3d96
evaluation_stat	/home/s471802/nn-gpt/out/nngpt/new_lemur/train/img-classification_cifar-10_acc_rl-bb-struct1-v2-sftcycle-dbf6840052eb0b73b70ca7a635253771/1.json	train/img-classification_cifar-10_acc_rl-bb-struct1-v2-sftcycle-dbf6840052eb0b73b70ca7a635253771/1.json	1428	0addeb9006b4e6f63c7801ebc69faee5eeef6984d36b58160ad2224c7a8593cc
evaluation_stat	/home/s471802/nn-gpt/out/nngpt/new_lemur/train/img-classification_cifar-10_acc_rl-bb-struct1-v2-sftcycle-dc1b2a3e8c02aaa50db20771e9d3b306/1.json	train/img-classification_cifar-10_acc_rl-bb-struct1-v2-sftcycle-dc1b2a3e8c02aaa50db20771e9d3b306/1.json	1427	3bf9b8bb3f54d25fd33321205c2b480948e4c814db128b9384d7ae1f00e0206a
evaluation_stat	/home/s471802/nn-gpt/out/nngpt/new_lemur/train/img-classification_cifar-10_acc_rl-bb-struct1-v2-sftcycle-dd19b6ef6f126096da39630ab6a34382/1.json	train/img-classification_cifar-10_acc_rl-bb-struct1-v2-sftcycle-dd19b6ef6f126096da39630ab6a34382/1.json	1427	41be619c3fdf5f40ad25a10a4c081df5c1f02f303054b72d10126e60d14d7658
evaluation_stat	/home/s471802/nn-gpt/out/nngpt/new_lemur/train/img-classification_cifar-10_acc_rl-bb-struct1-v2-sftcycle-dd2a5e62a421522d2842fcf28498c852/1.json	train/img-classification_cifar-10_acc_rl-bb-struct1-v2-sftcycle-dd2a5e62a421522d2842fcf28498c852/1.json	1426	67fe0ae10fbc3eade03a43a683359412f29fd5cc548c83e7d210cc6d7ea54c61
evaluation_stat	/home/s471802/nn-gpt/out/nngpt/new_lemur/train/img-classification_cifar-10_acc_rl-bb-struct1-v2-sftcycle-dd5132f2f1c29de9a4f9ac008485eeac/1.json	train/img-classification_cifar-10_acc_rl-bb-struct1-v2-sftcycle-dd5132f2f1c29de9a4f9ac008485eeac/1.json	1426	e8217f6bf0e45bf46e738e3cd1738bba1fd2a799a706e01e48cd13b6679c08be
evaluation_stat	/home/s471802/nn-gpt/out/nngpt/new_lemur/train/img-classification_cifar-10_acc_rl-bb-struct1-v2-sftcycle-dee24375504a9b7563a6b3e4ad6db92d/1.json	train/img-classification_cifar-10_acc_rl-bb-struct1-v2-sftcycle-dee24375504a9b7563a6b3e4ad6db92d/1.json	1428	59fcd1c9936e4f3a73c248bbef19d08f3c8931d38135a6c2771d3a553a0f508b
evaluation_stat	/home/s471802/nn-gpt/out/nngpt/new_lemur/train/img-classification_cifar-10_acc_rl-bb-struct1-v2-sftcycle-deee25027f757782dad2395fc043c995/1.json	train/img-classification_cifar-10_acc_rl-bb-struct1-v2-sftcycle-deee25027f757782dad2395fc043c995/1.json	1424	16ae0888fe79e27dc83530e1f78e7555fb9992269225ccea9b48a10c5512457a
evaluation_stat	/home/s471802/nn-gpt/out/nngpt/new_lemur/train/img-classification_cifar-10_acc_rl-bb-struct1-v2-sftcycle-df0c14b80dd89ca0b5693dfd44eae0ae/1.json	train/img-classification_cifar-10_acc_rl-bb-struct1-v2-sftcycle-df0c14b80dd89ca0b5693dfd44eae0ae/1.json	1427	6f19f10108dfaf476789e626e1dde943c95cef12d0482c72ddb109eab5c47597
evaluation_stat	/home/s471802/nn-gpt/out/nngpt/new_lemur/train/img-classification_cifar-10_acc_rl-bb-struct1-v2-sftcycle-e007d4a59b9af8f06a816452cc09b5fc/1.json	train/img-classification_cifar-10_acc_rl-bb-struct1-v2-sftcycle-e007d4a59b9af8f06a816452cc09b5fc/1.json	1424	64acc26758d2f18fcd1ee9e47e3cc8c00222f50e7d5a221262344ce001a55efe
evaluation_stat	/home/s471802/nn-gpt/out/nngpt/new_lemur/train/img-classification_cifar-10_acc_rl-bb-struct1-v2-sftcycle-e06334203c9c05c269abf86338a5d4e0/1.json	train/img-classification_cifar-10_acc_rl-bb-struct1-v2-sftcycle-e06334203c9c05c269abf86338a5d4e0/1.json	1425	0c19f26cc065e54f2510a67ba7961b23e2c8b9f0fb86ee455e8e7ff9452cae06
evaluation_stat	/home/s471802/nn-gpt/out/nngpt/new_lemur/train/img-classification_cifar-10_acc_rl-bb-struct1-v2-sftcycle-e0ebe37a55ca7602c4463b3cee7a30df/1.json	train/img-classification_cifar-10_acc_rl-bb-struct1-v2-sftcycle-e0ebe37a55ca7602c4463b3cee7a30df/1.json	1426	43c3bffbab6edb9b8b28946480371d74ec532722218178888159d6f18eb438ab
evaluation_stat	/home/s471802/nn-gpt/out/nngpt/new_lemur/train/img-classification_cifar-10_acc_rl-bb-struct1-v2-sftcycle-e1cc91a914e8522c1ab485f6caf92af6/1.json	train/img-classification_cifar-10_acc_rl-bb-struct1-v2-sftcycle-e1cc91a914e8522c1ab485f6caf92af6/1.json	1427	2cd0ef9b0b691559884b26e5bc53de7462cd7af34174794b75411842f7ccff10
evaluation_stat	/home/s471802/nn-gpt/out/nngpt/new_lemur/train/img-classification_cifar-10_acc_rl-bb-struct1-v2-sftcycle-e1eceb3a910e7d92a4a8687d6e4198d6/1.json	train/img-classification_cifar-10_acc_rl-bb-struct1-v2-sftcycle-e1eceb3a910e7d92a4a8687d6e4198d6/1.json	1423	b72f598ab4d9159392dab6d45aa86756aa52627df0af56b9bcce1ba12c2e08ea
evaluation_stat	/home/s471802/nn-gpt/out/nngpt/new_lemur/train/img-classification_cifar-10_acc_rl-bb-struct1-v2-sftcycle-e22ac1c4a7134d5427500fd1d09fb58d/1.json	train/img-classification_cifar-10_acc_rl-bb-struct1-v2-sftcycle-e22ac1c4a7134d5427500fd1d09fb58d/1.json	1426	96a511feaef6da57870317ac9304fd79ce5f72f2217bafefac83b4cdc35f5f69
evaluation_stat	/home/s471802/nn-gpt/out/nngpt/new_lemur/train/img-classification_cifar-10_acc_rl-bb-struct1-v2-sftcycle-e23f5bc491779b9dfcb69c18146d0bc5/1.json	train/img-classification_cifar-10_acc_rl-bb-struct1-v2-sftcycle-e23f5bc491779b9dfcb69c18146d0bc5/1.json	1422	9805baa1a6f8bcde995577ad01969841107a07a8fb7cbfa8d61c998fae1c9108
evaluation_stat	/home/s471802/nn-gpt/out/nngpt/new_lemur/train/img-classification_cifar-10_acc_rl-bb-struct1-v2-sftcycle-e25800a34f6abeb8becc99322bcf959a/1.json	train/img-classification_cifar-10_acc_rl-bb-struct1-v2-sftcycle-e25800a34f6abeb8becc99322bcf959a/1.json	1429	7b8709a906508fadf779979a1101bd6db4de813f70cd78f5545ff5e58f79cb08
evaluation_stat	/home/s471802/nn-gpt/out/nngpt/new_lemur/train/img-classification_cifar-10_acc_rl-bb-struct1-v2-sftcycle-e29dae76726a2378dac75f0208057cd8/1.json	train/img-classification_cifar-10_acc_rl-bb-struct1-v2-sftcycle-e29dae76726a2378dac75f0208057cd8/1.json	1428	b61b6c2100c2b9d1b63e1eb3916356ce0ca7dc10d396865886eb56310ec73e8f
evaluation_stat	/home/s471802/nn-gpt/out/nngpt/new_lemur/train/img-classification_cifar-10_acc_rl-bb-struct1-v2-sftcycle-e2ac2242b17ac407ebe5ec7d756e2179/1.json	train/img-classification_cifar-10_acc_rl-bb-struct1-v2-sftcycle-e2ac2242b17ac407ebe5ec7d756e2179/1.json	1425	c83f0bb5fba83954005ab2c9663fd0961baaa8dec58512df86a982fa0462c630
evaluation_stat	/home/s471802/nn-gpt/out/nngpt/new_lemur/train/img-classification_cifar-10_acc_rl-bb-struct1-v2-sftcycle-e2c93ee3745aee7e14058f215a7d39ef/1.json	train/img-classification_cifar-10_acc_rl-bb-struct1-v2-sftcycle-e2c93ee3745aee7e14058f215a7d39ef/1.json	1429	b3bf47da484ed4ca8b5c82465d90b3e2cf328d785770d2710249481850f5b8ad
evaluation_stat	/home/s471802/nn-gpt/out/nngpt/new_lemur/train/img-classification_cifar-10_acc_rl-bb-struct1-v2-sftcycle-e3759c6023a135e3cd97baa42fbf56f4/1.json	train/img-classification_cifar-10_acc_rl-bb-struct1-v2-sftcycle-e3759c6023a135e3cd97baa42fbf56f4/1.json	1425	062b619d6f3b02eadfa9f478a7faf508652039ff3d4a0111bc598ed2a1a51ac2
evaluation_stat	/home/s471802/nn-gpt/out/nngpt/new_lemur/train/img-classification_cifar-10_acc_rl-bb-struct1-v2-sftcycle-e41bd8b69e8a2919cfd1e97067d7ecd2/1.json	train/img-classification_cifar-10_acc_rl-bb-struct1-v2-sftcycle-e41bd8b69e8a2919cfd1e97067d7ecd2/1.json	1427	3177538ee6e22fba0ca5aa98be8d7a7a5631712f51f6ff7776ee2576e4936cc8
evaluation_stat	/home/s471802/nn-gpt/out/nngpt/new_lemur/train/img-classification_cifar-10_acc_rl-bb-struct1-v2-sftcycle-e421049e4744d3aff2902a24754d2768/1.json	train/img-classification_cifar-10_acc_rl-bb-struct1-v2-sftcycle-e421049e4744d3aff2902a24754d2768/1.json	1425	052e11b7ab88344fe1b1141b2aa4ca00b5aaa8eacf5a0bf583ffac335bba2449
evaluation_stat	/home/s471802/nn-gpt/out/nngpt/new_lemur/train/img-classification_cifar-10_acc_rl-bb-struct1-v2-sftcycle-e4fd8ac1e750bdea993773d3459c91b7/1.json	train/img-classification_cifar-10_acc_rl-bb-struct1-v2-sftcycle-e4fd8ac1e750bdea993773d3459c91b7/1.json	1426	3f99baeb314724fb5a9c410ad79e06a6d49fb708d4c1f15c3e0df0469305d813
evaluation_stat	/home/s471802/nn-gpt/out/nngpt/new_lemur/train/img-classification_cifar-10_acc_rl-bb-struct1-v2-sftcycle-e564c65385010280abff8fe9813c50c0/1.json	train/img-classification_cifar-10_acc_rl-bb-struct1-v2-sftcycle-e564c65385010280abff8fe9813c50c0/1.json	1426	02a0471fad4e31a87f1d4d7f360d32376c1e6da911a01e136f855608b5a440bd
evaluation_stat	/home/s471802/nn-gpt/out/nngpt/new_lemur/train/img-classification_cifar-10_acc_rl-bb-struct1-v2-sftcycle-e5bf8ac014fd9069292d5dc3af922dc2/1.json	train/img-classification_cifar-10_acc_rl-bb-struct1-v2-sftcycle-e5bf8ac014fd9069292d5dc3af922dc2/1.json	1427	559768116bead6f6649db7da2b1d84be3c40d2e0bbbac7a51cae94273dccc71e
evaluation_stat	/home/s471802/nn-gpt/out/nngpt/new_lemur/train/img-classification_cifar-10_acc_rl-bb-struct1-v2-sftcycle-e5e93980fc5aded0bad54df710b44ffd/1.json	train/img-classification_cifar-10_acc_rl-bb-struct1-v2-sftcycle-e5e93980fc5aded0bad54df710b44ffd/1.json	1428	7baff5d82d998ef86b48f5ff1351f21ffcf265bd8fcb166f6e6ed2ecd10ed9bb
evaluation_stat	/home/s471802/nn-gpt/out/nngpt/new_lemur/train/img-classification_cifar-10_acc_rl-bb-struct1-v2-sftcycle-e5fae14b1595c352826546ad7fce8a6d/1.json	train/img-classification_cifar-10_acc_rl-bb-struct1-v2-sftcycle-e5fae14b1595c352826546ad7fce8a6d/1.json	1428	19bcbd88fe87109c81abf5b7045e1abfc9ad137a26c1a89dc2b5072855bb82aa
evaluation_stat	/home/s471802/nn-gpt/out/nngpt/new_lemur/train/img-classification_cifar-10_acc_rl-bb-struct1-v2-sftcycle-e62dc19902b4c60aaafc2e7ff633ca24/1.json	train/img-classification_cifar-10_acc_rl-bb-struct1-v2-sftcycle-e62dc19902b4c60aaafc2e7ff633ca24/1.json	1428	4b4d29a10a55b350d8f317b0052b38772a233abaf64584753dc59654c69e6460
evaluation_stat	/home/s471802/nn-gpt/out/nngpt/new_lemur/train/img-classification_cifar-10_acc_rl-bb-struct1-v2-sftcycle-e6636ce9544af14aada539c1bb3dbd47/1.json	train/img-classification_cifar-10_acc_rl-bb-struct1-v2-sftcycle-e6636ce9544af14aada539c1bb3dbd47/1.json	1424	4ef0d318f8f1cdf06ab4d53dc6e0200acaea57a5f6ac9616bda1b2b2ed3be540
evaluation_stat	/home/s471802/nn-gpt/out/nngpt/new_lemur/train/img-classification_cifar-10_acc_rl-bb-struct1-v2-sftcycle-e698887b4cd2ee8a971397d8ed10687e/1.json	train/img-classification_cifar-10_acc_rl-bb-struct1-v2-sftcycle-e698887b4cd2ee8a971397d8ed10687e/1.json	1426	12444e85b167dfc78da5cce424aea7f038372bda657bf1594fb1a95eeaf3d92b
evaluation_stat	/home/s471802/nn-gpt/out/nngpt/new_lemur/train/img-classification_cifar-10_acc_rl-bb-struct1-v2-sftcycle-e739fd5f084b2897c17b97008c325dad/1.json	train/img-classification_cifar-10_acc_rl-bb-struct1-v2-sftcycle-e739fd5f084b2897c17b97008c325dad/1.json	1423	c395c46b0c3b2c5636afc0e448ef65ad2a7dc31320e27291e2b3e0b2dc9d5511
evaluation_stat	/home/s471802/nn-gpt/out/nngpt/new_lemur/train/img-classification_cifar-10_acc_rl-bb-struct1-v2-sftcycle-e961ebf210acb692e81fe61eb715c502/1.json	train/img-classification_cifar-10_acc_rl-bb-struct1-v2-sftcycle-e961ebf210acb692e81fe61eb715c502/1.json	1427	6d8fa6da0255919a385eab0f2d9cad65ab0e9e81b314020c3fcf5110ed2b883c
evaluation_stat	/home/s471802/nn-gpt/out/nngpt/new_lemur/train/img-classification_cifar-10_acc_rl-bb-struct1-v2-sftcycle-ea74cf613216c4e1d390b8168e360a07/1.json	train/img-classification_cifar-10_acc_rl-bb-struct1-v2-sftcycle-ea74cf613216c4e1d390b8168e360a07/1.json	1427	644cccebd90ddfa7cefa4c2f2bd0fbc6f59de9c069600975537aba35c8bfd6f3
evaluation_stat	/home/s471802/nn-gpt/out/nngpt/new_lemur/train/img-classification_cifar-10_acc_rl-bb-struct1-v2-sftcycle-ea79c3fed1e8f88bef429fd611e7a40e/1.json	train/img-classification_cifar-10_acc_rl-bb-struct1-v2-sftcycle-ea79c3fed1e8f88bef429fd611e7a40e/1.json	1428	d64925426cdb1b0f3ee23a3031c9de6c74e73104e4a887916095a4e8d5d529bc
evaluation_stat	/home/s471802/nn-gpt/out/nngpt/new_lemur/train/img-classification_cifar-10_acc_rl-bb-struct1-v2-sftcycle-eb011eadbc12b2905c1f81798aa6c9cc/1.json	train/img-classification_cifar-10_acc_rl-bb-struct1-v2-sftcycle-eb011eadbc12b2905c1f81798aa6c9cc/1.json	1428	3989a52b7457c61ea8f84d59f1873ebd4ef49513e473a00e5d23184964c3ee6b
evaluation_stat	/home/s471802/nn-gpt/out/nngpt/new_lemur/train/img-classification_cifar-10_acc_rl-bb-struct1-v2-sftcycle-eb8d706f2750643810fd0df403fea473/1.json	train/img-classification_cifar-10_acc_rl-bb-struct1-v2-sftcycle-eb8d706f2750643810fd0df403fea473/1.json	1430	838efb8c54e3b63a5f2779799b20d56e068cd1639d97f7d78766debc139bda92
evaluation_stat	/home/s471802/nn-gpt/out/nngpt/new_lemur/train/img-classification_cifar-10_acc_rl-bb-struct1-v2-sftcycle-ebe34bc5f988c6faa894c367856b9ce5/1.json	train/img-classification_cifar-10_acc_rl-bb-struct1-v2-sftcycle-ebe34bc5f988c6faa894c367856b9ce5/1.json	1426	d79b21af57b09ee62dab2ea97185179f3dcebf7ec6c6860130c80f36885ff3e5
evaluation_stat	/home/s471802/nn-gpt/out/nngpt/new_lemur/train/img-classification_cifar-10_acc_rl-bb-struct1-v2-sftcycle-ec07771597b6d8da78d4ca3af3496155/1.json	train/img-classification_cifar-10_acc_rl-bb-struct1-v2-sftcycle-ec07771597b6d8da78d4ca3af3496155/1.json	1425	30818ac512f6fffc3c510b3c65cbb92b33d97978e76d69cc3d0339f459afd230
evaluation_stat	/home/s471802/nn-gpt/out/nngpt/new_lemur/train/img-classification_cifar-10_acc_rl-bb-struct1-v2-sftcycle-ec189af22d71c8f28d13a8fe245dbb15/1.json	train/img-classification_cifar-10_acc_rl-bb-struct1-v2-sftcycle-ec189af22d71c8f28d13a8fe245dbb15/1.json	1424	be27fba37735efb86d818034f514a2ab4e42df63d787884ed25d1e665449ff26
evaluation_stat	/home/s471802/nn-gpt/out/nngpt/new_lemur/train/img-classification_cifar-10_acc_rl-bb-struct1-v2-sftcycle-ec29837747864c44058a1f9c044f9802/1.json	train/img-classification_cifar-10_acc_rl-bb-struct1-v2-sftcycle-ec29837747864c44058a1f9c044f9802/1.json	1428	561930757c8e3e458ab8311ee6a970f6a8c531c213417fd27c58091a3ec37ed2
evaluation_stat	/home/s471802/nn-gpt/out/nngpt/new_lemur/train/img-classification_cifar-10_acc_rl-bb-struct1-v2-sftcycle-ec361d4e7f8732cadd12b9e7b61af331/1.json	train/img-classification_cifar-10_acc_rl-bb-struct1-v2-sftcycle-ec361d4e7f8732cadd12b9e7b61af331/1.json	1426	46c61bbd720c15f81a0cb3874f824fa3c28b6be18fc8361313d0555aa45a6b4b
evaluation_stat	/home/s471802/nn-gpt/out/nngpt/new_lemur/train/img-classification_cifar-10_acc_rl-bb-struct1-v2-sftcycle-ecba41cc2bacfb954e0c814a07612ffd/1.json	train/img-classification_cifar-10_acc_rl-bb-struct1-v2-sftcycle-ecba41cc2bacfb954e0c814a07612ffd/1.json	1426	4051416a7d9796c18d0584005d05ef336b655a8b507f4e44d26a1ce5e5142e91
evaluation_stat	/home/s471802/nn-gpt/out/nngpt/new_lemur/train/img-classification_cifar-10_acc_rl-bb-struct1-v2-sftcycle-ed4951e29ec35a7a9ef728a4f368f3ae/1.json	train/img-classification_cifar-10_acc_rl-bb-struct1-v2-sftcycle-ed4951e29ec35a7a9ef728a4f368f3ae/1.json	1425	352393f6da00e330d6a16604fc7a74b81e5a0702a22e2c6a22d5f5deb535415d
evaluation_stat	/home/s471802/nn-gpt/out/nngpt/new_lemur/train/img-classification_cifar-10_acc_rl-bb-struct1-v2-sftcycle-ed60dfe054eb2da85c25db90290ac6ab/1.json	train/img-classification_cifar-10_acc_rl-bb-struct1-v2-sftcycle-ed60dfe054eb2da85c25db90290ac6ab/1.json	1425	cc2d6941107b99acbe1b911c700c2466a4d3b88826f81580f6a7cebe78d967dd
evaluation_stat	/home/s471802/nn-gpt/out/nngpt/new_lemur/train/img-classification_cifar-10_acc_rl-bb-struct1-v2-sftcycle-ee669b8893d677785921e13e41ff33aa/1.json	train/img-classification_cifar-10_acc_rl-bb-struct1-v2-sftcycle-ee669b8893d677785921e13e41ff33aa/1.json	1426	35b6ca88c0a5c6241a079b20b96cd15fd70e4b1621fe405a1b11b54223d10e16
evaluation_stat	/home/s471802/nn-gpt/out/nngpt/new_lemur/train/img-classification_cifar-10_acc_rl-bb-struct1-v2-sftcycle-ee6e53b82f2a45b513bf445d980bd659/1.json	train/img-classification_cifar-10_acc_rl-bb-struct1-v2-sftcycle-ee6e53b82f2a45b513bf445d980bd659/1.json	1426	2a31ad485f2bf9a853b543bcf85b4c929a4586bc5b149a990462084bb498c0f8
evaluation_stat	/home/s471802/nn-gpt/out/nngpt/new_lemur/train/img-classification_cifar-10_acc_rl-bb-struct1-v2-sftcycle-efe1bf1f135c931797d137de0dd6114b/1.json	train/img-classification_cifar-10_acc_rl-bb-struct1-v2-sftcycle-efe1bf1f135c931797d137de0dd6114b/1.json	1427	52e71bd68397986c22800bc3b0bc052e480ef08a5a138749e74f2453eafac8e9
evaluation_stat	/home/s471802/nn-gpt/out/nngpt/new_lemur/train/img-classification_cifar-10_acc_rl-bb-struct1-v2-sftcycle-f0a956f45046bf86a6398a7b13fddfba/1.json	train/img-classification_cifar-10_acc_rl-bb-struct1-v2-sftcycle-f0a956f45046bf86a6398a7b13fddfba/1.json	1428	7091a76311f45c1f36360ad30eb2b91433d197dab1a01e37b4f4d1cb0eec7479
evaluation_stat	/home/s471802/nn-gpt/out/nngpt/new_lemur/train/img-classification_cifar-10_acc_rl-bb-struct1-v2-sftcycle-f11973760198c529d1f8d323363dabe8/1.json	train/img-classification_cifar-10_acc_rl-bb-struct1-v2-sftcycle-f11973760198c529d1f8d323363dabe8/1.json	1427	ff0ac48c860823d8f7d2b5c7aeccb4df0777ddc0588cc11411878d9fdcec49bb
evaluation_stat	/home/s471802/nn-gpt/out/nngpt/new_lemur/train/img-classification_cifar-10_acc_rl-bb-struct1-v2-sftcycle-f1d9a6ad53e9c7e08c943ca7a9376e14/1.json	train/img-classification_cifar-10_acc_rl-bb-struct1-v2-sftcycle-f1d9a6ad53e9c7e08c943ca7a9376e14/1.json	1427	4c5dde4a435fe57795f02e690515fe0cfe5bbaa332bfa986fdd36dc81855126b
evaluation_stat	/home/s471802/nn-gpt/out/nngpt/new_lemur/train/img-classification_cifar-10_acc_rl-bb-struct1-v2-sftcycle-f3a2f1ea8d51e8efc672f290410c46c3/1.json	train/img-classification_cifar-10_acc_rl-bb-struct1-v2-sftcycle-f3a2f1ea8d51e8efc672f290410c46c3/1.json	1427	84163d1d4e2d2798e3e3c0966719a804d1a12fc0f3908e39c3844d8217b6bf90
evaluation_stat	/home/s471802/nn-gpt/out/nngpt/new_lemur/train/img-classification_cifar-10_acc_rl-bb-struct1-v2-sftcycle-f4556af9dd3244284be39bb8ca2bc61e/1.json	train/img-classification_cifar-10_acc_rl-bb-struct1-v2-sftcycle-f4556af9dd3244284be39bb8ca2bc61e/1.json	1425	ad45a43687e961910eea2f4240d4e76ff2547c09b5da9b8875c52c991e00bca1
evaluation_stat	/home/s471802/nn-gpt/out/nngpt/new_lemur/train/img-classification_cifar-10_acc_rl-bb-struct1-v2-sftcycle-f486ccc87b4cedfe3244b5499697d3c6/1.json	train/img-classification_cifar-10_acc_rl-bb-struct1-v2-sftcycle-f486ccc87b4cedfe3244b5499697d3c6/1.json	1425	548edc825478771304a9e941202627b0aa986f6d14fd7f1abdda9f2ed31bbf38
evaluation_stat	/home/s471802/nn-gpt/out/nngpt/new_lemur/train/img-classification_cifar-10_acc_rl-bb-struct1-v2-sftcycle-f4d0ce46698249a6dce5d5e17f640d6d/1.json	train/img-classification_cifar-10_acc_rl-bb-struct1-v2-sftcycle-f4d0ce46698249a6dce5d5e17f640d6d/1.json	1425	8c5ed1b2a3da2616146e2fb231d55da77e66237381945c02c0b9c91fa0f9a150
evaluation_stat	/home/s471802/nn-gpt/out/nngpt/new_lemur/train/img-classification_cifar-10_acc_rl-bb-struct1-v2-sftcycle-f52e0902805d74bfcb2c1b864db36807/1.json	train/img-classification_cifar-10_acc_rl-bb-struct1-v2-sftcycle-f52e0902805d74bfcb2c1b864db36807/1.json	1430	941c70c30eb00d5a3ee0c859adc59cb49b90ccb972c86bf0cd658b4e1e27a01f
evaluation_stat	/home/s471802/nn-gpt/out/nngpt/new_lemur/train/img-classification_cifar-10_acc_rl-bb-struct1-v2-sftcycle-f5c8f8e64f06de06a938f29a9c051cbf/1.json	train/img-classification_cifar-10_acc_rl-bb-struct1-v2-sftcycle-f5c8f8e64f06de06a938f29a9c051cbf/1.json	1425	280b3656ec016f46b4a2176a4664ec80b982b3ea1d9d1c793e803a72ad5f0f5a
evaluation_stat	/home/s471802/nn-gpt/out/nngpt/new_lemur/train/img-classification_cifar-10_acc_rl-bb-struct1-v2-sftcycle-f6bd40ca91fff1af8803978f0d7e5cf9/1.json	train/img-classification_cifar-10_acc_rl-bb-struct1-v2-sftcycle-f6bd40ca91fff1af8803978f0d7e5cf9/1.json	1425	14dce550f9fcae0ce9ec38990795e1c15175815bd53555f11d4b69eec36f618c
evaluation_stat	/home/s471802/nn-gpt/out/nngpt/new_lemur/train/img-classification_cifar-10_acc_rl-bb-struct1-v2-sftcycle-f7af3cac441c32ac203fb5384679f32e/1.json	train/img-classification_cifar-10_acc_rl-bb-struct1-v2-sftcycle-f7af3cac441c32ac203fb5384679f32e/1.json	1429	fe2fc923b13195d8f05b801d49d2d083b05a29cee5b984e723097d7e30583500
evaluation_stat	/home/s471802/nn-gpt/out/nngpt/new_lemur/train/img-classification_cifar-10_acc_rl-bb-struct1-v2-sftcycle-f807b1af46204f1fbef9c6abc19ec8ad/1.json	train/img-classification_cifar-10_acc_rl-bb-struct1-v2-sftcycle-f807b1af46204f1fbef9c6abc19ec8ad/1.json	1425	76f25318b62ab58687d4490e574be51b8ae913d204b3f2056a61c54c594f0867
evaluation_stat	/home/s471802/nn-gpt/out/nngpt/new_lemur/train/img-classification_cifar-10_acc_rl-bb-struct1-v2-sftcycle-f87ad6804f3da2fdf26202d40e612757/1.json	train/img-classification_cifar-10_acc_rl-bb-struct1-v2-sftcycle-f87ad6804f3da2fdf26202d40e612757/1.json	1423	2296c1100d100872361370465f948f4a07dbe06836bb43fe2025a3c412aae000
evaluation_stat	/home/s471802/nn-gpt/out/nngpt/new_lemur/train/img-classification_cifar-10_acc_rl-bb-struct1-v2-sftcycle-f96228f113b71b08b6a60c2e27bacc2a/1.json	train/img-classification_cifar-10_acc_rl-bb-struct1-v2-sftcycle-f96228f113b71b08b6a60c2e27bacc2a/1.json	1422	6735c67933de328972e12e563fdab03eb0160213a38fda2181d4f7cb865c683d
evaluation_stat	/home/s471802/nn-gpt/out/nngpt/new_lemur/train/img-classification_cifar-10_acc_rl-bb-struct1-v2-sftcycle-fb1fcda8c1e0a51d679faea0b3c555a2/1.json	train/img-classification_cifar-10_acc_rl-bb-struct1-v2-sftcycle-fb1fcda8c1e0a51d679faea0b3c555a2/1.json	1425	69d579e71183347c01848aa4c914e0d6bb9d586c29249533e30542063dbb55b8
evaluation_stat	/home/s471802/nn-gpt/out/nngpt/new_lemur/train/img-classification_cifar-10_acc_rl-bb-struct1-v2-sftcycle-fb772d59d57c86b3fd92d8cee5f63816/1.json	train/img-classification_cifar-10_acc_rl-bb-struct1-v2-sftcycle-fb772d59d57c86b3fd92d8cee5f63816/1.json	1428	bfc4912a3041b7aa5e8bd4161100b7add46ac97d706f3a605046f190d5a8fe8a
evaluation_stat	/home/s471802/nn-gpt/out/nngpt/new_lemur/train/img-classification_cifar-10_acc_rl-bb-struct1-v2-sftcycle-fb7d51479dc52f33e834a0acad20aa48/1.json	train/img-classification_cifar-10_acc_rl-bb-struct1-v2-sftcycle-fb7d51479dc52f33e834a0acad20aa48/1.json	1426	0850080c6087fb62bbb7ab60f987942145c6e9190c0293bcf0a50b9b7e42320e
evaluation_stat	/home/s471802/nn-gpt/out/nngpt/new_lemur/train/img-classification_cifar-10_acc_rl-bb-struct1-v2-sftcycle-fc2b7ae962630a8f7fda7d4e768813b3/1.json	train/img-classification_cifar-10_acc_rl-bb-struct1-v2-sftcycle-fc2b7ae962630a8f7fda7d4e768813b3/1.json	1424	1d657b74c315a4f99e1db403cd9398ca7481ccdd1065d3e211d383ceca33da65
evaluation_stat	/home/s471802/nn-gpt/out/nngpt/new_lemur/train/img-classification_cifar-10_acc_rl-bb-struct1-v2-sftcycle-fce4e3bdb4630ec07f37bc423cfcfc7c/1.json	train/img-classification_cifar-10_acc_rl-bb-struct1-v2-sftcycle-fce4e3bdb4630ec07f37bc423cfcfc7c/1.json	1422	5a9fe8155b711a8e314eacccfdcfeb9896e354967ced82819d5a184cb59807f5
evaluation_stat	/home/s471802/nn-gpt/out/nngpt/new_lemur/train/img-classification_cifar-10_acc_rl-bb-struct1-v2-sftcycle-fcf6f79ddf652ef740d7a6046ed7c65d/1.json	train/img-classification_cifar-10_acc_rl-bb-struct1-v2-sftcycle-fcf6f79ddf652ef740d7a6046ed7c65d/1.json	1426	1ca287ef84d184acdd88403011ba8e36330a5b0e98bf0ddf57a7290f315075dc
evaluation_stat	/home/s471802/nn-gpt/out/nngpt/new_lemur/train/img-classification_cifar-10_acc_rl-bb-struct1-v2-sftcycle-fd7462e850d90dd85e3615d1bee9d888/1.json	train/img-classification_cifar-10_acc_rl-bb-struct1-v2-sftcycle-fd7462e850d90dd85e3615d1bee9d888/1.json	1426	73d986a702ce0e5d81052ef124074567e70a4c8979f3ce23b46169ad452430e2
evaluation_stat	/home/s471802/nn-gpt/out/nngpt/new_lemur/train/img-classification_cifar-10_acc_rl-bb-struct1-v2-sftcycle-fdb12ff2e8df285eff5f33faa0d0e983/1.json	train/img-classification_cifar-10_acc_rl-bb-struct1-v2-sftcycle-fdb12ff2e8df285eff5f33faa0d0e983/1.json	1423	986f197a306d63fc7c5506eef89727d73b7396f218bf8e54cb5c23b002f505e4
evaluation_stat	/home/s471802/nn-gpt/out/nngpt/new_lemur/train/img-classification_cifar-10_acc_rl-bb-struct1-v2-sftcycle-ff66ca40db03b6a1f7efcb9fe0055fc9/1.json	train/img-classification_cifar-10_acc_rl-bb-struct1-v2-sftcycle-ff66ca40db03b6a1f7efcb9fe0055fc9/1.json	1427	93f187fe71c46d85bdcaa5a43c3eb5e0da630b02f6810978b696a098f0e28257
evaluation_stat	/home/s471802/nn-gpt/out/nngpt/new_lemur/train/img-classification_cifar-10_acc_rl-bb-struct1-v2-sftcycle-ff7ae9907cf11f7966c73a230b3723eb/1.json	train/img-classification_cifar-10_acc_rl-bb-struct1-v2-sftcycle-ff7ae9907cf11f7966c73a230b3723eb/1.json	1429	69c773fe563add1ccb7af46fb053f2ffa204607dd1a5a20f2cb4299526f29c9e
evaluation_stat	/home/s471802/nn-gpt/out/nngpt/new_lemur/train/img-classification_cifar-10_acc_rl-bb-struct1-v2-sftcycle-ffede6f1e1cf9f6623e7a97414b34907/1.json	train/img-classification_cifar-10_acc_rl-bb-struct1-v2-sftcycle-ffede6f1e1cf9f6623e7a97414b34907/1.json	1428	aa02de6c769d1fce71c9ea6b259d5598b892e42b55be3c3bdcf9eb57c085fe29
