condition,seed,role,run_id,source,step_index,policy_entropy,trainer_reward,trainer_loss,kl,epoch
1-pattern,42,original,20260618_1pattern_a9_cifar10_e5_p3500_c1200_s100_h100x4_shared_full_full_reward_seed42,abl-full_reward-s42-2723084.out,1,0.021913404,0.16250001,-0.0182,0.22769712,0
1-pattern,42,original,20260618_1pattern_a9_cifar10_e5_p3500_c1200_s100_h100x4_shared_full_full_reward_seed42,abl-full_reward-s42-2723084.out,2,0.0208323,0.30000001,0.0095,0.23821144,0
1-pattern,42,original,20260618_1pattern_a9_cifar10_e5_p3500_c1200_s100_h100x4_shared_full_full_reward_seed42,abl-full_reward-s42-2723084.out,3,0.02301877,0.15375,0.0186,0.21315569,0.01
1-pattern,42,original,20260618_1pattern_a9_cifar10_e5_p3500_c1200_s100_h100x4_shared_full_full_reward_seed42,abl-full_reward-s42-2723084.out,4,0.027268705,-0.30124998,-0.0099,0.18722007,0.01
1-pattern,42,original,20260618_1pattern_a9_cifar10_e5_p3500_c1200_s100_h100x4_shared_full_full_reward_seed42,abl-full_reward-s42-2723084.out,5,0.020212998,0.30000001,0.008,0.20055706,0.01
1-pattern,42,original,20260618_1pattern_a9_cifar10_e5_p3500_c1200_s100_h100x4_shared_full_full_reward_seed42,abl-full_reward-s42-2723084.out,6,0.020130378,-0.12124999,-0.1047,0.26902244,0.01
1-pattern,42,original,20260618_1pattern_a9_cifar10_e5_p3500_c1200_s100_h100x4_shared_full_full_reward_seed42,abl-full_reward-s42-2723084.out,7,0.022158717,-0.83749998,-0.0624,0.20922175,0.01
1-pattern,42,original,20260618_1pattern_a9_cifar10_e5_p3500_c1200_s100_h100x4_shared_full_full_reward_seed42,abl-full_reward-s42-2723084.out,8,0.017915194,0.30000001,0.0083,0.20768578,0.02
1-pattern,42,original,20260618_1pattern_a9_cifar10_e5_p3500_c1200_s100_h100x4_shared_full_full_reward_seed42,abl-full_reward-s42-2723084.out,9,0.020507705,0.15375,0.0354,0.21414758,0.02
1-pattern,42,original,20260618_1pattern_a9_cifar10_e5_p3500_c1200_s100_h100x4_shared_full_full_reward_seed42,abl-full_reward-s42-2723084.out,10,0.018238398,0.30000001,0.0071,0.17634377,0.02
1-pattern,42,original,20260618_1pattern_a9_cifar10_e5_p3500_c1200_s100_h100x4_shared_full_full_reward_seed42,abl-full_reward-s42-2723084.out,11,0.017861866,0.30000001,0.0074,0.18668214,0.02
1-pattern,42,original,20260618_1pattern_a9_cifar10_e5_p3500_c1200_s100_h100x4_shared_full_full_reward_seed42,abl-full_reward-s42-2723084.out,12,0.016825631,0.30000001,0.0073,0.18410259,0.02
1-pattern,42,original,20260618_1pattern_a9_cifar10_e5_p3500_c1200_s100_h100x4_shared_full_full_reward_seed42,abl-full_reward-s42-2723084.out,13,0.018457872,0.30000001,0.0074,0.18591951,0.03
1-pattern,42,original,20260618_1pattern_a9_cifar10_e5_p3500_c1200_s100_h100x4_shared_full_full_reward_seed42,abl-full_reward-s42-2723084.out,14,0.017751208,0.30000001,0.0071,0.1776259,0.03
1-pattern,42,original,20260618_1pattern_a9_cifar10_e5_p3500_c1200_s100_h100x4_shared_full_full_reward_seed42,abl-full_reward-s42-2723084.out,15,0.018874103,0.30000001,0.0078,0.19578227,0.03
1-pattern,42,original,20260618_1pattern_a9_cifar10_e5_p3500_c1200_s100_h100x4_shared_full_full_reward_seed42,abl-full_reward-s42-2723084.out,16,0.018294578,0.30000001,0.0071,0.17821936,0.03
1-pattern,42,original,20260618_1pattern_a9_cifar10_e5_p3500_c1200_s100_h100x4_shared_full_full_reward_seed42,abl-full_reward-s42-2723084.out,17,0.017554045,0.30000001,0.007,0.17591521,0.03
1-pattern,42,original,20260618_1pattern_a9_cifar10_e5_p3500_c1200_s100_h100x4_shared_full_full_reward_seed42,abl-full_reward-s42-2723084.out,18,0.018466986,0.30000001,0.007,0.17507898,0.04
1-pattern,42,original,20260618_1pattern_a9_cifar10_e5_p3500_c1200_s100_h100x4_shared_full_full_reward_seed42,abl-full_reward-s42-2723084.out,19,0.019010081,0.13750002,-0.0051,0.16903646,0.04
1-pattern,42,original,20260618_1pattern_a9_cifar10_e5_p3500_c1200_s100_h100x4_shared_full_full_reward_seed42,abl-full_reward-s42-2723084.out,20,0.019626572,0.30000001,0.0062,0.15602895,0.04
1-pattern,42,original,20260618_1pattern_a9_cifar10_e5_p3500_c1200_s100_h100x4_shared_full_full_reward_seed42,abl-full_reward-s42-2723084.out,21,0.017027518,0.34472266,0.0242,0.15945742,0.04
1-pattern,42,original,20260618_1pattern_a9_cifar10_e5_p3500_c1200_s100_h100x4_shared_full_full_reward_seed42,abl-full_reward-s42-2723084.out,22,0.014976291,0.21769178,0.0138,0.15894241,0.04
1-pattern,42,original,20260618_1pattern_a9_cifar10_e5_p3500_c1200_s100_h100x4_shared_full_full_reward_seed42,abl-full_reward-s42-2723084.out,23,0.01614866,0.5397166,0.0501,0.16379511,0.05
1-pattern,42,original,20260618_1pattern_a9_cifar10_e5_p3500_c1200_s100_h100x4_shared_full_full_reward_seed42,abl-full_reward-s42-2723084.out,24,0.016467761,0.21966413,0.0168,0.15593684,0.05
1-pattern,42,original,20260618_1pattern_a9_cifar10_e5_p3500_c1200_s100_h100x4_shared_full_full_reward_seed42,abl-full_reward-s42-2723084.out,25,0.01744238,0.3929269,0.0176,0.15874025,0.05
1-pattern,42,original,20260618_1pattern_a9_cifar10_e5_p3500_c1200_s100_h100x4_shared_full_full_reward_seed42,abl-full_reward-s42-2723084.out,26,0.017642902,0.47197455,0.0158,0.16041541,0.05
1-pattern,42,original,20260618_1pattern_a9_cifar10_e5_p3500_c1200_s100_h100x4_shared_full_full_reward_seed42,abl-full_reward-s42-2723084.out,27,0.017997338,0.45961189,0.0198,0.16878087,0.05
1-pattern,42,original,20260618_1pattern_a9_cifar10_e5_p3500_c1200_s100_h100x4_shared_full_full_reward_seed42,abl-full_reward-s42-2723084.out,28,0.019965382,0.32159424,0.0598,0.16408323,0.06
1-pattern,42,original,20260618_1pattern_a9_cifar10_e5_p3500_c1200_s100_h100x4_shared_full_full_reward_seed42,abl-full_reward-s42-2723084.out,29,0.019681705,0.32471746,0.0056,0.16961749,0.06
1-pattern,42,original,20260618_1pattern_a9_cifar10_e5_p3500_c1200_s100_h100x4_shared_full_full_reward_seed42,abl-full_reward-s42-2723084.out,30,0.022222778,0.45138454,0.0231,0.18268759,0.06
1-pattern,42,original,20260618_1pattern_a9_cifar10_e5_p3500_c1200_s100_h100x4_shared_full_full_reward_seed42,abl-full_reward-s42-2723084.out,31,0.018624598,0.39617693,-0.0111,0.18300273,0.06
1-pattern,42,original,20260618_1pattern_a9_cifar10_e5_p3500_c1200_s100_h100x4_shared_full_full_reward_seed42,abl-full_reward-s42-2723084.out,32,0.020871514,0.60561657,0.022,0.17654422,0.06
1-pattern,42,original,20260618_1pattern_a9_cifar10_e5_p3500_c1200_s100_h100x4_shared_full_full_reward_seed42,abl-full_reward-s42-2723084.out,33,0.020624515,0.38996488,0.0112,0.17762592,0.07
1-pattern,42,original,20260618_1pattern_a9_cifar10_e5_p3500_c1200_s100_h100x4_shared_full_full_reward_seed42,abl-full_reward-s42-2723084.out,34,0.02406428,0.41956845,0.064,0.17389017,0.07
1-pattern,42,original,20260618_1pattern_a9_cifar10_e5_p3500_c1200_s100_h100x4_shared_full_full_reward_seed42,abl-full_reward-s42-2723084.out,35,0.025132502,0.54575801,-0.0636,0.18629647,0.07
1-pattern,42,original,20260618_1pattern_a9_cifar10_e5_p3500_c1200_s100_h100x4_shared_full_full_reward_seed42,abl-full_reward-s42-2723084.out,36,0.026617852,0.62929392,-0.0099,0.17558259,0.07
1-pattern,42,original,20260618_1pattern_a9_cifar10_e5_p3500_c1200_s100_h100x4_shared_full_full_reward_seed42,abl-full_reward-s42-2723084.out,37,0.029092866,0.3247748,0.0497,0.19712823,0.07
1-pattern,42,original,20260618_1pattern_a9_cifar10_e5_p3500_c1200_s100_h100x4_shared_full_full_reward_seed42,abl-full_reward-s42-2723084.out,38,0.029218566,0.8771981,-0.0204,0.18810622,0.08
1-pattern,42,original,20260618_1pattern_a9_cifar10_e5_p3500_c1200_s100_h100x4_shared_full_full_reward_seed42,abl-full_reward-s42-2723084.out,39,0.0278297,0.71256423,0.0247,0.18395105,0.08
1-pattern,42,original,20260618_1pattern_a9_cifar10_e5_p3500_c1200_s100_h100x4_shared_full_full_reward_seed42,abl-full_reward-s42-2723084.out,40,0.034998849,0.10202849,-0.0071,0.18109209,0.08
1-pattern,42,original,20260618_1pattern_a9_cifar10_e5_p3500_c1200_s100_h100x4_shared_full_full_reward_seed42,abl-full_reward-s42-2723084.out,41,0.027498179,0.46059021,0.0045,0.18580432,0.08
1-pattern,42,original,20260618_1pattern_a9_cifar10_e5_p3500_c1200_s100_h100x4_shared_full_full_reward_seed42,abl-full_reward-s42-2723084.out,42,0.02839004,0.6212163,0.0287,0.18199228,0.08
1-pattern,42,original,20260618_1pattern_a9_cifar10_e5_p3500_c1200_s100_h100x4_shared_full_full_reward_seed42,abl-full_reward-s42-2723084.out,43,0.028427205,0.35662925,0.0362,0.17609048,0.09
1-pattern,42,original,20260618_1pattern_a9_cifar10_e5_p3500_c1200_s100_h100x4_shared_full_full_reward_seed42,abl-full_reward-s42-2723084.out,44,0.029195369,0.37417635,0.056,0.17173414,0.09
1-pattern,42,original,20260618_1pattern_a9_cifar10_e5_p3500_c1200_s100_h100x4_shared_full_full_reward_seed42,abl-full_reward-s42-2723084.out,45,0.02626998,0.4252651,-0.0288,0.17366278,0.09
1-pattern,42,original,20260618_1pattern_a9_cifar10_e5_p3500_c1200_s100_h100x4_shared_full_full_reward_seed42,abl-full_reward-s42-2723084.out,46,0.02670967,0.43501234,-0.0052,0.17844741,0.09
1-pattern,42,original,20260618_1pattern_a9_cifar10_e5_p3500_c1200_s100_h100x4_shared_full_full_reward_seed42,abl-full_reward-s42-2723084.out,47,0.02913265,0.6276806,0.0179,0.17774774,0.09
1-pattern,42,original,20260618_1pattern_a9_cifar10_e5_p3500_c1200_s100_h100x4_shared_full_full_reward_seed42,abl-full_reward-s42-2723084.out,48,0.029733968,0.43724725,0.0057,0.17397417,0.1
1-pattern,42,original,20260618_1pattern_a9_cifar10_e5_p3500_c1200_s100_h100x4_shared_full_full_reward_seed42,abl-full_reward-s42-2723084.out,49,0.028860389,0.64533132,-0.0147,0.1772009,0.1
1-pattern,42,original,20260618_1pattern_a9_cifar10_e5_p3500_c1200_s100_h100x4_shared_full_full_reward_seed42,abl-full_reward-s42-2723084.out,50,0.032177676,0.83316463,0.0214,0.1769215,0.1
1-pattern,42,original,20260618_1pattern_a9_cifar10_e5_p3500_c1200_s100_h100x4_shared_full_full_reward_seed42,abl-full_reward-s42-2723084.out,51,0.029333926,0.72643358,-0.0086,0.18003089,0.1
1-pattern,42,original,20260618_1pattern_a9_cifar10_e5_p3500_c1200_s100_h100x4_shared_full_full_reward_seed42,abl-full_reward-s42-2723084.out,52,0.03063393,0.67343068,0.0062,0.17232345,0.1
1-pattern,42,original,20260618_1pattern_a9_cifar10_e5_p3500_c1200_s100_h100x4_shared_full_full_reward_seed42,abl-full_reward-s42-2723084.out,53,0.035238301,0.26689696,-0.0082,0.19096967,0.11
1-pattern,42,original,20260618_1pattern_a9_cifar10_e5_p3500_c1200_s100_h100x4_shared_full_full_reward_seed42,abl-full_reward-s42-2723084.out,54,0.028549691,0.68535042,-0.0323,0.17171,0.11
1-pattern,42,original,20260618_1pattern_a9_cifar10_e5_p3500_c1200_s100_h100x4_shared_full_full_reward_seed42,abl-full_reward-s42-2723084.out,55,0.032299862,0.64780045,0.0411,0.17785743,0.11
1-pattern,42,original,20260618_1pattern_a9_cifar10_e5_p3500_c1200_s100_h100x4_shared_full_full_reward_seed42,abl-full_reward-s42-2723084.out,56,0.032371894,0.90830785,-0.0013,0.18949834,0.11
1-pattern,42,original,20260618_1pattern_a9_cifar10_e5_p3500_c1200_s100_h100x4_shared_full_full_reward_seed42,abl-full_reward-s42-2723084.out,57,0.031073281,0.8030957,0.052,0.17533945,0.11
1-pattern,42,original,20260618_1pattern_a9_cifar10_e5_p3500_c1200_s100_h100x4_shared_full_full_reward_seed42,abl-full_reward-s42-2723084.out,58,0.03185519,0.84833789,-0.0396,0.17957174,0.12
1-pattern,42,original,20260618_1pattern_a9_cifar10_e5_p3500_c1200_s100_h100x4_shared_full_full_reward_seed42,abl-full_reward-s42-2723084.out,59,0.032047054,0.75001335,0.0369,0.18143555,0.12
1-pattern,42,original,20260618_1pattern_a9_cifar10_e5_p3500_c1200_s100_h100x4_shared_full_full_reward_seed42,abl-full_reward-s42-2723084.out,60,0.03006994,0.76225328,-0.0082,0.17450806,0.12
1-pattern,42,original,20260618_1pattern_a9_cifar10_e5_p3500_c1200_s100_h100x4_shared_full_full_reward_seed42,abl-full_reward-s42-2723084.out,61,0.030866814,0.42087829,0.0198,0.17776284,0.12
1-pattern,42,original,20260618_1pattern_a9_cifar10_e5_p3500_c1200_s100_h100x4_shared_full_full_reward_seed42,abl-full_reward-s42-2723084.out,62,0.029318056,0.52545309,0.0208,0.17782925,0.12
1-pattern,42,original,20260618_1pattern_a9_cifar10_e5_p3500_c1200_s100_h100x4_shared_full_full_reward_seed42,abl-full_reward-s42-2723084.out,63,0.031837317,0.55828142,0.0589,0.17777506,0.13
1-pattern,42,original,20260618_1pattern_a9_cifar10_e5_p3500_c1200_s100_h100x4_shared_full_full_reward_seed42,abl-full_reward-s42-2723084.out,64,0.031774733,0.54097319,0.008,0.17402505,0.13
1-pattern,42,original,20260618_1pattern_a9_cifar10_e5_p3500_c1200_s100_h100x4_shared_full_full_reward_seed42,abl-full_reward-s42-2723084.out,65,0.030429692,0.53847039,-0.0332,0.18899173,0.13
1-pattern,42,original,20260618_1pattern_a9_cifar10_e5_p3500_c1200_s100_h100x4_shared_full_full_reward_seed42,abl-full_reward-s42-2723084.out,66,0.029937371,0.54815102,-0.0132,0.18236886,0.13
1-pattern,42,original,20260618_1pattern_a9_cifar10_e5_p3500_c1200_s100_h100x4_shared_full_full_reward_seed42,abl-full_reward-s42-2723084.out,67,0.035110279,-0.62341905,-0.18,0.18721666,0.13
1-pattern,42,original,20260618_1pattern_a9_cifar10_e5_p3500_c1200_s100_h100x4_shared_full_full_reward_seed42,abl-full_reward-s42-2723084.out,68,0.03043044,0.64663196,-0.0188,0.17590737,0.14
1-pattern,42,original,20260618_1pattern_a9_cifar10_e5_p3500_c1200_s100_h100x4_shared_full_full_reward_seed42,abl-full_reward-s42-2723084.out,69,0.032664236,0.32721335,0.0109,0.18145393,0.14
1-pattern,42,original,20260618_1pattern_a9_cifar10_e5_p3500_c1200_s100_h100x4_shared_full_full_reward_seed42,abl-full_reward-s42-2723084.out,70,0.029372268,0.76129037,0.0209,0.17624049,0.14
1-pattern,42,original,20260618_1pattern_a9_cifar10_e5_p3500_c1200_s100_h100x4_shared_full_full_reward_seed42,abl-full_reward-s42-2723084.out,71,0.030708758,0.5673629,0.0491,0.18155459,0.14
1-pattern,42,original,20260618_1pattern_a9_cifar10_e5_p3500_c1200_s100_h100x4_shared_full_full_reward_seed42,abl-full_reward-s42-2723084.out,72,0.031706793,0.69085169,-0.0157,0.1895676,0.14
1-pattern,42,original,20260618_1pattern_a9_cifar10_e5_p3500_c1200_s100_h100x4_shared_full_full_reward_seed42,abl-full_reward-s42-2723084.out,73,0.031156697,0.78555143,0.014,0.18671635,0.15
1-pattern,42,original,20260618_1pattern_a9_cifar10_e5_p3500_c1200_s100_h100x4_shared_full_full_reward_seed42,abl-full_reward-s42-2723084.out,74,0.032438179,0.7777921,0.0674,0.19090933,0.15
1-pattern,42,original,20260618_1pattern_a9_cifar10_e5_p3500_c1200_s100_h100x4_shared_full_full_reward_seed42,abl-full_reward-s42-2723084.out,75,0.033569979,0.55330509,0.0358,0.1745188,0.15
1-pattern,42,original,20260618_1pattern_a9_cifar10_e5_p3500_c1200_s100_h100x4_shared_full_full_reward_seed42,abl-full_reward-s42-2723084.out,76,0.031153793,0.6994344,-0.0275,0.18751542,0.15
1-pattern,42,original,20260618_1pattern_a9_cifar10_e5_p3500_c1200_s100_h100x4_shared_full_full_reward_seed42,abl-full_reward-s42-2723084.out,77,0.031663244,0.68817437,0.024,0.20098413,0.15
1-pattern,42,original,20260618_1pattern_a9_cifar10_e5_p3500_c1200_s100_h100x4_shared_full_full_reward_seed42,abl-full_reward-s42-2723084.out,78,0.027641544,-0.72198558,0.2842,0.16936077,0.16
1-pattern,42,original,20260618_1pattern_a9_cifar10_e5_p3500_c1200_s100_h100x4_shared_full_full_reward_seed42,abl-full_reward-s42-2723084.out,79,0.030630252,0.59976578,-0.012,0.18914728,0.16
1-pattern,42,original,20260618_1pattern_a9_cifar10_e5_p3500_c1200_s100_h100x4_shared_full_full_reward_seed42,abl-full_reward-s42-2723084.out,80,0.029340854,0.59523171,0.0061,0.1912977,0.16
1-pattern,42,original,20260618_1pattern_a9_cifar10_e5_p3500_c1200_s100_h100x4_shared_full_full_reward_seed42,abl-full_reward-s42-2723084.out,81,0.032063512,0.77968538,0.018,0.19935878,0.16
1-pattern,42,original,20260618_1pattern_a9_cifar10_e5_p3500_c1200_s100_h100x4_shared_full_full_reward_seed42,abl-full_reward-s42-2723084.out,82,0.033253264,0.52587414,-0.0145,0.20460147,0.16
1-pattern,42,original,20260618_1pattern_a9_cifar10_e5_p3500_c1200_s100_h100x4_shared_full_full_reward_seed42,abl-full_reward-s42-2723084.out,83,0.03591114,0.62781668,0.0073,0.18366347,0.17
1-pattern,42,original,20260618_1pattern_a9_cifar10_e5_p3500_c1200_s100_h100x4_shared_full_full_reward_seed42,abl-full_reward-s42-2723084.out,84,0.031865943,0.63571352,0.0044,0.19675816,0.17
1-pattern,42,original,20260618_1pattern_a9_cifar10_e5_p3500_c1200_s100_h100x4_shared_full_full_reward_seed42,abl-full_reward-s42-2723084.out,85,0.033872097,0.46675521,-0.0084,0.18973161,0.17
1-pattern,42,original,20260618_1pattern_a9_cifar10_e5_p3500_c1200_s100_h100x4_shared_full_full_reward_seed42,abl-full_reward-s42-2723084.out,86,0.029783979,0.7395578,0.0211,0.20638992,0.17
1-pattern,42,original,20260618_1pattern_a9_cifar10_e5_p3500_c1200_s100_h100x4_shared_full_full_reward_seed42,abl-full_reward-s42-2723084.out,87,0.030958701,0.56880397,-0.0262,0.19444914,0.17
1-pattern,42,original,20260618_1pattern_a9_cifar10_e5_p3500_c1200_s100_h100x4_shared_full_full_reward_seed42,abl-full_reward-s42-2723084.out,88,0.030631502,0.65310222,-0.0448,0.19374951,0.18
1-pattern,42,original,20260618_1pattern_a9_cifar10_e5_p3500_c1200_s100_h100x4_shared_full_full_reward_seed42,abl-full_reward-s42-2723084.out,89,0.033954869,0.46257475,0.0942,0.18087253,0.18
1-pattern,42,original,20260618_1pattern_a9_cifar10_e5_p3500_c1200_s100_h100x4_shared_full_full_reward_seed42,abl-full_reward-s42-2723084.out,90,0.033359918,0.63203192,0.0172,0.18830309,0.18
1-pattern,42,original,20260618_1pattern_a9_cifar10_e5_p3500_c1200_s100_h100x4_shared_full_full_reward_seed42,abl-full_reward-s42-2723084.out,91,0.032125296,0.25424841,-0.0065,0.1962758,0.18
1-pattern,42,original,20260618_1pattern_a9_cifar10_e5_p3500_c1200_s100_h100x4_shared_full_full_reward_seed42,abl-full_reward-s42-2723084.out,92,0.030696307,0.44020194,0.0086,0.18862217,0.18
1-pattern,42,original,20260618_1pattern_a9_cifar10_e5_p3500_c1200_s100_h100x4_shared_full_full_reward_seed42,abl-full_reward-s42-2723084.out,93,0.11205762,-0.90237737,0.2516,0.16559492,0.19
1-pattern,42,original,20260618_1pattern_a9_cifar10_e5_p3500_c1200_s100_h100x4_shared_full_full_reward_seed42,abl-full_reward-s42-2723084.out,94,0.032525182,0.57421029,0.0268,0.18930104,0.19
1-pattern,42,original,20260618_1pattern_a9_cifar10_e5_p3500_c1200_s100_h100x4_shared_full_full_reward_seed42,abl-full_reward-s42-2723084.out,95,0.033540166,0.34837377,0.0464,0.18067188,0.19
1-pattern,42,original,20260618_1pattern_a9_cifar10_e5_p3500_c1200_s100_h100x4_shared_full_full_reward_seed42,abl-full_reward-s42-2723084.out,96,0.031408812,0.64657259,0.0215,0.19261768,0.19
1-pattern,42,original,20260618_1pattern_a9_cifar10_e5_p3500_c1200_s100_h100x4_shared_full_full_reward_seed42,abl-full_reward-s42-2723084.out,97,0.033076513,0.8028174,-0.0233,0.19241084,0.19
1-pattern,42,original,20260618_1pattern_a9_cifar10_e5_p3500_c1200_s100_h100x4_shared_full_full_reward_seed42,abl-full_reward-s42-2723084.out,98,0.031479407,0.48544216,0.0529,0.20201103,0.2
1-pattern,42,original,20260618_1pattern_a9_cifar10_e5_p3500_c1200_s100_h100x4_shared_full_full_reward_seed42,abl-full_reward-s42-2723084.out,99,0.032166016,0.69024366,0.011,0.1822601,0.2
1-pattern,42,original,20260618_1pattern_a9_cifar10_e5_p3500_c1200_s100_h100x4_shared_full_full_reward_seed42,abl-full_reward-s42-2723084.out,100,0.03413268,0.33815914,0.1202,0.18742043,0.2
1-pattern,123,original,20260618_1pattern_a9_cifar10_e5_p3500_c1200_s100_h100x4_shared_full_full_reward_seed123,abl-full_reward-s123-2723085.out,1,0.021665122,-0.017499998,-0.0146,0.2556604,0
1-pattern,123,original,20260618_1pattern_a9_cifar10_e5_p3500_c1200_s100_h100x4_shared_full_full_reward_seed123,abl-full_reward-s123-2723085.out,2,0.022796028,0.30000001,0.0086,0.21413294,0
1-pattern,123,original,20260618_1pattern_a9_cifar10_e5_p3500_c1200_s100_h100x4_shared_full_full_reward_seed123,abl-full_reward-s123-2723085.out,3,0.028758778,0.025000006,-0.0996,0.19083424,0.01
1-pattern,123,original,20260618_1pattern_a9_cifar10_e5_p3500_c1200_s100_h100x4_shared_full_full_reward_seed123,abl-full_reward-s123-2723085.out,4,0.024841121,0.16000001,-0.023,0.18709267,0.01
1-pattern,123,original,20260618_1pattern_a9_cifar10_e5_p3500_c1200_s100_h100x4_shared_full_full_reward_seed123,abl-full_reward-s123-2723085.out,5,0.02497605,0.16250001,-0.0462,0.18614247,0.01
1-pattern,123,original,20260618_1pattern_a9_cifar10_e5_p3500_c1200_s100_h100x4_shared_full_full_reward_seed123,abl-full_reward-s123-2723085.out,6,0.024912966,0.30000001,0.0069,0.17055268,0.01
1-pattern,123,original,20260618_1pattern_a9_cifar10_e5_p3500_c1200_s100_h100x4_shared_full_full_reward_seed123,abl-full_reward-s123-2723085.out,7,0.032966805,-0.0087499917,0.0547,0.16812588,0.01
1-pattern,123,original,20260618_1pattern_a9_cifar10_e5_p3500_c1200_s100_h100x4_shared_full_full_reward_seed123,abl-full_reward-s123-2723085.out,8,0.022226088,0.30000001,0.0061,0.15263536,0.02
1-pattern,123,original,20260618_1pattern_a9_cifar10_e5_p3500_c1200_s100_h100x4_shared_full_full_reward_seed123,abl-full_reward-s123-2723085.out,9,0.021631421,0.013750009,0.0075,0.14363629,0.02
1-pattern,123,original,20260618_1pattern_a9_cifar10_e5_p3500_c1200_s100_h100x4_shared_full_full_reward_seed123,abl-full_reward-s123-2723085.out,10,0.023245676,0.15375,-0.0103,0.14172109,0.02
1-pattern,123,original,20260618_1pattern_a9_cifar10_e5_p3500_c1200_s100_h100x4_shared_full_full_reward_seed123,abl-full_reward-s123-2723085.out,11,0.022873123,0.13750002,0.0524,0.12867123,0.02
1-pattern,123,original,20260618_1pattern_a9_cifar10_e5_p3500_c1200_s100_h100x4_shared_full_full_reward_seed123,abl-full_reward-s123-2723085.out,12,0.0202923,-0.83749998,-0.1169,0.12265461,0.02
1-pattern,123,original,20260618_1pattern_a9_cifar10_e5_p3500_c1200_s100_h100x4_shared_full_full_reward_seed123,abl-full_reward-s123-2723085.out,13,0.018997609,0.30000001,0.0057,0.14325689,0.03
1-pattern,123,original,20260618_1pattern_a9_cifar10_e5_p3500_c1200_s100_h100x4_shared_full_full_reward_seed123,abl-full_reward-s123-2723085.out,14,0.016938959,0.30000001,0.006,0.15280977,0.03
1-pattern,123,original,20260618_1pattern_a9_cifar10_e5_p3500_c1200_s100_h100x4_shared_full_full_reward_seed123,abl-full_reward-s123-2723085.out,15,0.016745492,0.30000001,0.0057,0.14246767,0.03
1-pattern,123,original,20260618_1pattern_a9_cifar10_e5_p3500_c1200_s100_h100x4_shared_full_full_reward_seed123,abl-full_reward-s123-2723085.out,16,0.017550006,0.30000001,0.0056,0.14087272,0.03
1-pattern,123,original,20260618_1pattern_a9_cifar10_e5_p3500_c1200_s100_h100x4_shared_full_full_reward_seed123,abl-full_reward-s123-2723085.out,17,0.018132408,0.30000001,0.0055,0.13811456,0.03
1-pattern,123,original,20260618_1pattern_a9_cifar10_e5_p3500_c1200_s100_h100x4_shared_full_full_reward_seed123,abl-full_reward-s123-2723085.out,18,0.01760935,0.15375,0.0221,0.15116867,0.04
1-pattern,123,original,20260618_1pattern_a9_cifar10_e5_p3500_c1200_s100_h100x4_shared_full_full_reward_seed123,abl-full_reward-s123-2723085.out,19,0.016811605,0.30000001,0.0054,0.13734935,0.04
1-pattern,123,original,20260618_1pattern_a9_cifar10_e5_p3500_c1200_s100_h100x4_shared_full_full_reward_seed123,abl-full_reward-s123-2723085.out,20,0.016594687,0.30000001,0.0055,0.13950389,0.04
1-pattern,123,original,20260618_1pattern_a9_cifar10_e5_p3500_c1200_s100_h100x4_shared_full_full_reward_seed123,abl-full_reward-s123-2723085.out,21,0.018578559,0.18792978,-0.0044,0.1471562,0.04
1-pattern,123,original,20260618_1pattern_a9_cifar10_e5_p3500_c1200_s100_h100x4_shared_full_full_reward_seed123,abl-full_reward-s123-2723085.out,22,0.017503284,0.3601836,-0.0377,0.13955219,0.04
1-pattern,123,original,20260618_1pattern_a9_cifar10_e5_p3500_c1200_s100_h100x4_shared_full_full_reward_seed123,abl-full_reward-s123-2723085.out,23,0.017281819,0.38223881,0.0064,0.14124886,0.05
1-pattern,123,original,20260618_1pattern_a9_cifar10_e5_p3500_c1200_s100_h100x4_shared_full_full_reward_seed123,abl-full_reward-s123-2723085.out,24,0.016332042,0.34495953,0.0065,0.13788578,0.05
1-pattern,123,original,20260618_1pattern_a9_cifar10_e5_p3500_c1200_s100_h100x4_shared_full_full_reward_seed123,abl-full_reward-s123-2723085.out,25,0.016391198,0.2540454,-0.0122,0.13980443,0.05
1-pattern,123,original,20260618_1pattern_a9_cifar10_e5_p3500_c1200_s100_h100x4_shared_full_full_reward_seed123,abl-full_reward-s123-2723085.out,26,0.016031668,0.46578309,-0.0121,0.13657303,0.05
1-pattern,123,original,20260618_1pattern_a9_cifar10_e5_p3500_c1200_s100_h100x4_shared_full_full_reward_seed123,abl-full_reward-s123-2723085.out,27,0.015998301,0.32425791,0.0051,0.12754411,0.05
1-pattern,123,original,20260618_1pattern_a9_cifar10_e5_p3500_c1200_s100_h100x4_shared_full_full_reward_seed123,abl-full_reward-s123-2723085.out,28,0.015417069,0.31782073,-0.0146,0.12605884,0.06
1-pattern,123,original,20260618_1pattern_a9_cifar10_e5_p3500_c1200_s100_h100x4_shared_full_full_reward_seed123,abl-full_reward-s123-2723085.out,29,0.015345435,0.27264252,-0.001,0.12506388,0.06
1-pattern,123,original,20260618_1pattern_a9_cifar10_e5_p3500_c1200_s100_h100x4_shared_full_full_reward_seed123,abl-full_reward-s123-2723085.out,30,0.018750015,0.27997616,0.0059,0.12104972,0.06
1-pattern,123,original,20260618_1pattern_a9_cifar10_e5_p3500_c1200_s100_h100x4_shared_full_full_reward_seed123,abl-full_reward-s123-2723085.out,31,0.017706617,0.34044763,0.0105,0.12119018,0.06
1-pattern,123,original,20260618_1pattern_a9_cifar10_e5_p3500_c1200_s100_h100x4_shared_full_full_reward_seed123,abl-full_reward-s123-2723085.out,32,0.016150495,0.44534454,0.0203,0.12221255,0.06
1-pattern,123,original,20260618_1pattern_a9_cifar10_e5_p3500_c1200_s100_h100x4_shared_full_full_reward_seed123,abl-full_reward-s123-2723085.out,33,0.017242578,0.37569055,-0.014,0.11872267,0.07
1-pattern,123,original,20260618_1pattern_a9_cifar10_e5_p3500_c1200_s100_h100x4_shared_full_full_reward_seed123,abl-full_reward-s123-2723085.out,34,0.021979983,0.015293784,0.0196,0.12091893,0.07
1-pattern,123,original,20260618_1pattern_a9_cifar10_e5_p3500_c1200_s100_h100x4_shared_full_full_reward_seed123,abl-full_reward-s123-2723085.out,35,0.021617897,0.35252708,0.0479,0.11432757,0.07
1-pattern,123,original,20260618_1pattern_a9_cifar10_e5_p3500_c1200_s100_h100x4_shared_full_full_reward_seed123,abl-full_reward-s123-2723085.out,36,0.022038422,-0.60750419,0.0122,0.11395929,0.07
1-pattern,123,original,20260618_1pattern_a9_cifar10_e5_p3500_c1200_s100_h100x4_shared_full_full_reward_seed123,abl-full_reward-s123-2723085.out,37,0.017170738,0.45716992,-0.0127,0.11987142,0.07
1-pattern,123,original,20260618_1pattern_a9_cifar10_e5_p3500_c1200_s100_h100x4_shared_full_full_reward_seed123,abl-full_reward-s123-2723085.out,38,0.01725739,0.48412639,0.0122,0.12286963,0.08
1-pattern,123,original,20260618_1pattern_a9_cifar10_e5_p3500_c1200_s100_h100x4_shared_full_full_reward_seed123,abl-full_reward-s123-2723085.out,39,0.017678333,0.46366933,0.0062,0.1200108,0.08
1-pattern,123,original,20260618_1pattern_a9_cifar10_e5_p3500_c1200_s100_h100x4_shared_full_full_reward_seed123,abl-full_reward-s123-2723085.out,40,0.016831539,0.43826765,0.004,0.12388518,0.08
1-pattern,123,original,20260618_1pattern_a9_cifar10_e5_p3500_c1200_s100_h100x4_shared_full_full_reward_seed123,abl-full_reward-s123-2723085.out,41,0.019170594,0.10165538,-0.0004,0.12487287,0.08
1-pattern,123,original,20260618_1pattern_a9_cifar10_e5_p3500_c1200_s100_h100x4_shared_full_full_reward_seed123,abl-full_reward-s123-2723085.out,42,0.016981493,0.16289814,0.0056,0.12016437,0.08
1-pattern,123,original,20260618_1pattern_a9_cifar10_e5_p3500_c1200_s100_h100x4_shared_full_full_reward_seed123,abl-full_reward-s123-2723085.out,43,0.01613713,0.307753,0.0047,0.12431368,0.09
1-pattern,123,original,20260618_1pattern_a9_cifar10_e5_p3500_c1200_s100_h100x4_shared_full_full_reward_seed123,abl-full_reward-s123-2723085.out,44,0.017213149,0.33577394,0.0016,0.1234237,0.09
1-pattern,123,original,20260618_1pattern_a9_cifar10_e5_p3500_c1200_s100_h100x4_shared_full_full_reward_seed123,abl-full_reward-s123-2723085.out,45,0.016521523,0.36897108,0.0177,0.12176907,0.09
1-pattern,123,original,20260618_1pattern_a9_cifar10_e5_p3500_c1200_s100_h100x4_shared_full_full_reward_seed123,abl-full_reward-s123-2723085.out,46,0.017051255,0.28990605,0.0017,0.12260727,0.09
1-pattern,123,original,20260618_1pattern_a9_cifar10_e5_p3500_c1200_s100_h100x4_shared_full_full_reward_seed123,abl-full_reward-s123-2723085.out,47,0.016923541,0.50250614,0.0065,0.12676394,0.09
1-pattern,123,original,20260618_1pattern_a9_cifar10_e5_p3500_c1200_s100_h100x4_shared_full_full_reward_seed123,abl-full_reward-s123-2723085.out,48,0.015720898,0.30058163,0.0118,0.12433142,0.1
1-pattern,123,original,20260618_1pattern_a9_cifar10_e5_p3500_c1200_s100_h100x4_shared_full_full_reward_seed123,abl-full_reward-s123-2723085.out,49,0.015595611,0.35587215,0.0144,0.1225175,0.1
1-pattern,123,original,20260618_1pattern_a9_cifar10_e5_p3500_c1200_s100_h100x4_shared_full_full_reward_seed123,abl-full_reward-s123-2723085.out,50,0.016044455,0.32270122,0.0178,0.12539373,0.1
1-pattern,123,original,20260618_1pattern_a9_cifar10_e5_p3500_c1200_s100_h100x4_shared_full_full_reward_seed123,abl-full_reward-s123-2723085.out,51,0.01504506,0.31248152,-0.0003,0.12609179,0.1
1-pattern,123,original,20260618_1pattern_a9_cifar10_e5_p3500_c1200_s100_h100x4_shared_full_full_reward_seed123,abl-full_reward-s123-2723085.out,52,0.016274838,0.48245129,-0.0053,0.12511611,0.1
1-pattern,123,original,20260618_1pattern_a9_cifar10_e5_p3500_c1200_s100_h100x4_shared_full_full_reward_seed123,abl-full_reward-s123-2723085.out,53,0.016163642,0.32749373,0.0063,0.12279375,0.11
1-pattern,123,original,20260618_1pattern_a9_cifar10_e5_p3500_c1200_s100_h100x4_shared_full_full_reward_seed123,abl-full_reward-s123-2723085.out,54,0.016527161,0.33940107,-0.0064,0.12198814,0.11
1-pattern,123,original,20260618_1pattern_a9_cifar10_e5_p3500_c1200_s100_h100x4_shared_full_full_reward_seed123,abl-full_reward-s123-2723085.out,55,0.016691448,0.41427016,0.0322,0.12016241,0.11
1-pattern,123,original,20260618_1pattern_a9_cifar10_e5_p3500_c1200_s100_h100x4_shared_full_full_reward_seed123,abl-full_reward-s123-2723085.out,56,0.016760202,0.21851704,-0.0144,0.12204438,0.11
1-pattern,123,original,20260618_1pattern_a9_cifar10_e5_p3500_c1200_s100_h100x4_shared_full_full_reward_seed123,abl-full_reward-s123-2723085.out,57,0.016888726,0.39640832,-0.0012,0.11876193,0.11
1-pattern,123,original,20260618_1pattern_a9_cifar10_e5_p3500_c1200_s100_h100x4_shared_full_full_reward_seed123,abl-full_reward-s123-2723085.out,58,0.015961538,0.28125545,0.0095,0.12105729,0.12
1-pattern,123,original,20260618_1pattern_a9_cifar10_e5_p3500_c1200_s100_h100x4_shared_full_full_reward_seed123,abl-full_reward-s123-2723085.out,59,0.017301389,0.46906009,0.0091,0.12423855,0.12
1-pattern,123,original,20260618_1pattern_a9_cifar10_e5_p3500_c1200_s100_h100x4_shared_full_full_reward_seed123,abl-full_reward-s123-2723085.out,60,0.016028404,0.34733886,0.0118,0.12534063,0.12
1-pattern,123,original,20260618_1pattern_a9_cifar10_e5_p3500_c1200_s100_h100x4_shared_full_full_reward_seed123,abl-full_reward-s123-2723085.out,61,0.016774102,0.40049002,0.0055,0.12076908,0.12
1-pattern,123,original,20260618_1pattern_a9_cifar10_e5_p3500_c1200_s100_h100x4_shared_full_full_reward_seed123,abl-full_reward-s123-2723085.out,62,0.016542616,0.34481043,0.007,0.12105807,0.12
1-pattern,123,original,20260618_1pattern_a9_cifar10_e5_p3500_c1200_s100_h100x4_shared_full_full_reward_seed123,abl-full_reward-s123-2723085.out,63,0.016516304,0.36111891,0.004,0.11926986,0.13
1-pattern,123,original,20260618_1pattern_a9_cifar10_e5_p3500_c1200_s100_h100x4_shared_full_full_reward_seed123,abl-full_reward-s123-2723085.out,64,0.01746732,0.44535565,0.0169,0.12905568,0.13
1-pattern,123,original,20260618_1pattern_a9_cifar10_e5_p3500_c1200_s100_h100x4_shared_full_full_reward_seed123,abl-full_reward-s123-2723085.out,65,0.01662729,0.40660632,-0.011,0.12438887,0.13
1-pattern,123,original,20260618_1pattern_a9_cifar10_e5_p3500_c1200_s100_h100x4_shared_full_full_reward_seed123,abl-full_reward-s123-2723085.out,66,0.017021721,0.55343962,-0.0057,0.11945068,0.13
1-pattern,123,original,20260618_1pattern_a9_cifar10_e5_p3500_c1200_s100_h100x4_shared_full_full_reward_seed123,abl-full_reward-s123-2723085.out,67,0.017075097,0.3812044,0.0044,0.11974326,0.13
1-pattern,123,original,20260618_1pattern_a9_cifar10_e5_p3500_c1200_s100_h100x4_shared_full_full_reward_seed123,abl-full_reward-s123-2723085.out,68,0.018180138,0.2827602,0.008,0.12090315,0.14
1-pattern,123,original,20260618_1pattern_a9_cifar10_e5_p3500_c1200_s100_h100x4_shared_full_full_reward_seed123,abl-full_reward-s123-2723085.out,69,0.017733227,0.38417837,0.0062,0.12129438,0.14
1-pattern,123,original,20260618_1pattern_a9_cifar10_e5_p3500_c1200_s100_h100x4_shared_full_full_reward_seed123,abl-full_reward-s123-2723085.out,70,0.01836197,0.44458139,0.0293,0.12015308,0.14
1-pattern,123,original,20260618_1pattern_a9_cifar10_e5_p3500_c1200_s100_h100x4_shared_full_full_reward_seed123,abl-full_reward-s123-2723085.out,71,0.017202926,0.41549069,0.009,0.12536265,0.14
1-pattern,123,original,20260618_1pattern_a9_cifar10_e5_p3500_c1200_s100_h100x4_shared_full_full_reward_seed123,abl-full_reward-s123-2723085.out,72,0.018530816,0.60870802,0.0296,0.12180572,0.14
1-pattern,123,original,20260618_1pattern_a9_cifar10_e5_p3500_c1200_s100_h100x4_shared_full_full_reward_seed123,abl-full_reward-s123-2723085.out,73,0.018635322,0.37581497,0.0327,0.12235737,0.15
1-pattern,123,original,20260618_1pattern_a9_cifar10_e5_p3500_c1200_s100_h100x4_shared_full_full_reward_seed123,abl-full_reward-s123-2723085.out,74,0.018989351,0.51589286,-0.0023,0.1184493,0.15
1-pattern,123,original,20260618_1pattern_a9_cifar10_e5_p3500_c1200_s100_h100x4_shared_full_full_reward_seed123,abl-full_reward-s123-2723085.out,75,0.019013909,0.38667583,-0.0005,0.11790617,0.15
1-pattern,123,original,20260618_1pattern_a9_cifar10_e5_p3500_c1200_s100_h100x4_shared_full_full_reward_seed123,abl-full_reward-s123-2723085.out,76,0.019298292,0.58313954,0.0211,0.11828909,0.15
1-pattern,123,original,20260618_1pattern_a9_cifar10_e5_p3500_c1200_s100_h100x4_shared_full_full_reward_seed123,abl-full_reward-s123-2723085.out,77,0.019335834,0.54390347,-0.0221,0.12300718,0.15
1-pattern,123,original,20260618_1pattern_a9_cifar10_e5_p3500_c1200_s100_h100x4_shared_full_full_reward_seed123,abl-full_reward-s123-2723085.out,78,0.019858632,0.42848861,-0.0014,0.12532122,0.16
1-pattern,123,original,20260618_1pattern_a9_cifar10_e5_p3500_c1200_s100_h100x4_shared_full_full_reward_seed123,abl-full_reward-s123-2723085.out,79,0.020026832,0.65367877,0.0206,0.11977429,0.16
1-pattern,123,original,20260618_1pattern_a9_cifar10_e5_p3500_c1200_s100_h100x4_shared_full_full_reward_seed123,abl-full_reward-s123-2723085.out,80,0.019705834,0.55412567,0.0092,0.12189567,0.16
1-pattern,123,original,20260618_1pattern_a9_cifar10_e5_p3500_c1200_s100_h100x4_shared_full_full_reward_seed123,abl-full_reward-s123-2723085.out,81,0.019785068,0.38082659,0.0184,0.11828116,0.16
1-pattern,123,original,20260618_1pattern_a9_cifar10_e5_p3500_c1200_s100_h100x4_shared_full_full_reward_seed123,abl-full_reward-s123-2723085.out,82,0.020040779,0.43918499,-0.0115,0.13252774,0.16
1-pattern,123,original,20260618_1pattern_a9_cifar10_e5_p3500_c1200_s100_h100x4_shared_full_full_reward_seed123,abl-full_reward-s123-2723085.out,83,0.019799968,0.59346426,0.0163,0.11782221,0.17
1-pattern,123,original,20260618_1pattern_a9_cifar10_e5_p3500_c1200_s100_h100x4_shared_full_full_reward_seed123,abl-full_reward-s123-2723085.out,84,0.020525419,0.49272722,0.0076,0.13243057,0.17
1-pattern,123,original,20260618_1pattern_a9_cifar10_e5_p3500_c1200_s100_h100x4_shared_full_full_reward_seed123,abl-full_reward-s123-2723085.out,85,0.021184295,0.43124828,-0.0157,0.12407851,0.17
1-pattern,123,original,20260618_1pattern_a9_cifar10_e5_p3500_c1200_s100_h100x4_shared_full_full_reward_seed123,abl-full_reward-s123-2723085.out,86,0.021105523,0.42980611,0.0111,0.11384475,0.17
1-pattern,123,original,20260618_1pattern_a9_cifar10_e5_p3500_c1200_s100_h100x4_shared_full_full_reward_seed123,abl-full_reward-s123-2723085.out,87,0.020681158,0.5556643,0.0177,0.12952569,0.17
1-pattern,123,original,20260618_1pattern_a9_cifar10_e5_p3500_c1200_s100_h100x4_shared_full_full_reward_seed123,abl-full_reward-s123-2723085.out,88,0.020760655,0.5200336,-0.0067,0.11903262,0.18
1-pattern,123,original,20260618_1pattern_a9_cifar10_e5_p3500_c1200_s100_h100x4_shared_full_full_reward_seed123,abl-full_reward-s123-2723085.out,89,0.020341764,0.52388978,0.0304,0.12472213,0.18
1-pattern,123,original,20260618_1pattern_a9_cifar10_e5_p3500_c1200_s100_h100x4_shared_full_full_reward_seed123,abl-full_reward-s123-2723085.out,90,0.020707699,0.37311256,-0.0302,0.11906535,0.18
1-pattern,123,original,20260618_1pattern_a9_cifar10_e5_p3500_c1200_s100_h100x4_shared_full_full_reward_seed123,abl-full_reward-s123-2723085.out,91,0.020090463,0.31804556,0.0069,0.11655561,0.18
1-pattern,123,original,20260618_1pattern_a9_cifar10_e5_p3500_c1200_s100_h100x4_shared_full_full_reward_seed123,abl-full_reward-s123-2723085.out,92,0.021352183,0.43553686,0.0073,0.12403539,0.18
1-pattern,123,original,20260618_1pattern_a9_cifar10_e5_p3500_c1200_s100_h100x4_shared_full_full_reward_seed123,abl-full_reward-s123-2723085.out,93,0.02092733,0.50733286,0.0071,0.1190121,0.19
1-pattern,123,original,20260618_1pattern_a9_cifar10_e5_p3500_c1200_s100_h100x4_shared_full_full_reward_seed123,abl-full_reward-s123-2723085.out,94,0.020415384,0.49778351,0.0125,0.12433934,0.19
1-pattern,123,original,20260618_1pattern_a9_cifar10_e5_p3500_c1200_s100_h100x4_shared_full_full_reward_seed123,abl-full_reward-s123-2723085.out,95,0.021305694,0.57464206,-0.0127,0.12007178,0.19
1-pattern,123,original,20260618_1pattern_a9_cifar10_e5_p3500_c1200_s100_h100x4_shared_full_full_reward_seed123,abl-full_reward-s123-2723085.out,96,0.020353867,0.44017094,0.031,0.12263868,0.19
1-pattern,123,original,20260618_1pattern_a9_cifar10_e5_p3500_c1200_s100_h100x4_shared_full_full_reward_seed123,abl-full_reward-s123-2723085.out,97,0.019831915,0.24631815,-0.0255,0.12468388,0.19
1-pattern,123,original,20260618_1pattern_a9_cifar10_e5_p3500_c1200_s100_h100x4_shared_full_full_reward_seed123,abl-full_reward-s123-2723085.out,98,0.020929295,0.37262434,-0.0016,0.12119565,0.2
1-pattern,123,original,20260618_1pattern_a9_cifar10_e5_p3500_c1200_s100_h100x4_shared_full_full_reward_seed123,abl-full_reward-s123-2723085.out,99,0.020797968,0.44806978,-0.0262,0.13494945,0.2
1-pattern,123,original,20260618_1pattern_a9_cifar10_e5_p3500_c1200_s100_h100x4_shared_full_full_reward_seed123,abl-full_reward-s123-2723085.out,100,0.02053868,0.49459034,0.0201,0.12693403,0.2
1-pattern,777,original,20260618_1pattern_a9_cifar10_e5_p3500_c1200_s100_h100x4_shared_full_full_reward_seed777,abl-full_reward-s777-2723086.out,1,0.026985949,0.016250007,0.0124,0.23550502,0
1-pattern,777,original,20260618_1pattern_a9_cifar10_e5_p3500_c1200_s100_h100x4_shared_full_full_reward_seed777,abl-full_reward-s777-2723086.out,2,0.025608536,0.16250001,-0.0575,0.25759286,0
1-pattern,777,original,20260618_1pattern_a9_cifar10_e5_p3500_c1200_s100_h100x4_shared_full_full_reward_seed777,abl-full_reward-s777-2723086.out,3,0.027363294,0.30000001,0.0085,0.21236316,0.01
1-pattern,777,original,20260618_1pattern_a9_cifar10_e5_p3500_c1200_s100_h100x4_shared_full_full_reward_seed777,abl-full_reward-s777-2723086.out,4,0.038896483,-0.57500005,0.0011,0.18035731,0.01
1-pattern,777,original,20260618_1pattern_a9_cifar10_e5_p3500_c1200_s100_h100x4_shared_full_full_reward_seed777,abl-full_reward-s777-2723086.out,5,0.031931537,-0.083749995,0.072,0.18391152,0.01
1-pattern,777,original,20260618_1pattern_a9_cifar10_e5_p3500_c1200_s100_h100x4_shared_full_full_reward_seed777,abl-full_reward-s777-2723086.out,6,0.023674461,0.30000001,0.008,0.19945439,0.01
1-pattern,777,original,20260618_1pattern_a9_cifar10_e5_p3500_c1200_s100_h100x4_shared_full_full_reward_seed777,abl-full_reward-s777-2723086.out,7,0.026048408,0.30000001,0.0078,0.19408587,0.01
1-pattern,777,original,20260618_1pattern_a9_cifar10_e5_p3500_c1200_s100_h100x4_shared_full_full_reward_seed777,abl-full_reward-s777-2723086.out,8,0.023968231,0.15375,0.0343,0.18304886,0.02
1-pattern,777,original,20260618_1pattern_a9_cifar10_e5_p3500_c1200_s100_h100x4_shared_full_full_reward_seed777,abl-full_reward-s777-2723086.out,9,0.021644916,0.30000001,0.0076,0.18967815,0.02
1-pattern,777,original,20260618_1pattern_a9_cifar10_e5_p3500_c1200_s100_h100x4_shared_full_full_reward_seed777,abl-full_reward-s777-2723086.out,10,0.022787021,0.30000001,0.0075,0.18807736,0.02
1-pattern,777,original,20260618_1pattern_a9_cifar10_e5_p3500_c1200_s100_h100x4_shared_full_full_reward_seed777,abl-full_reward-s777-2723086.out,11,0.02195895,0.30000001,0.0075,0.1871985,0.02
1-pattern,777,original,20260618_1pattern_a9_cifar10_e5_p3500_c1200_s100_h100x4_shared_full_full_reward_seed777,abl-full_reward-s777-2723086.out,12,0.021259077,0.30000001,0.0072,0.18071616,0.02
1-pattern,777,original,20260618_1pattern_a9_cifar10_e5_p3500_c1200_s100_h100x4_shared_full_full_reward_seed777,abl-full_reward-s777-2723086.out,13,0.021909421,0.30000001,0.0071,0.17644323,0.03
1-pattern,777,original,20260618_1pattern_a9_cifar10_e5_p3500_c1200_s100_h100x4_shared_full_full_reward_seed777,abl-full_reward-s777-2723086.out,14,0.025184766,0.13750002,0.0471,0.17192638,0.03
1-pattern,777,original,20260618_1pattern_a9_cifar10_e5_p3500_c1200_s100_h100x4_shared_full_full_reward_seed777,abl-full_reward-s777-2723086.out,15,0.026677558,-1.1336249,0.2997,0.14296677,0.03
1-pattern,777,original,20260618_1pattern_a9_cifar10_e5_p3500_c1200_s100_h100x4_shared_full_full_reward_seed777,abl-full_reward-s777-2723086.out,16,0.029099187,0.16000001,-0.0114,0.15571743,0.03
1-pattern,777,original,20260618_1pattern_a9_cifar10_e5_p3500_c1200_s100_h100x4_shared_full_full_reward_seed777,abl-full_reward-s777-2723086.out,17,0.026154373,0.30000001,0.0061,0.15241194,0.03
1-pattern,777,original,20260618_1pattern_a9_cifar10_e5_p3500_c1200_s100_h100x4_shared_full_full_reward_seed777,abl-full_reward-s777-2723086.out,18,0.027600397,0.30000001,0.0063,0.15906347,0.04
1-pattern,777,original,20260618_1pattern_a9_cifar10_e5_p3500_c1200_s100_h100x4_shared_full_full_reward_seed777,abl-full_reward-s777-2723086.out,19,0.026905006,0.30000001,0.006,0.15033089,0.04
1-pattern,777,original,20260618_1pattern_a9_cifar10_e5_p3500_c1200_s100_h100x4_shared_full_full_reward_seed777,abl-full_reward-s777-2723086.out,20,0.028297587,0.30000001,0.006,0.15083298,0.04
1-pattern,777,original,20260618_1pattern_a9_cifar10_e5_p3500_c1200_s100_h100x4_shared_full_full_reward_seed777,abl-full_reward-s777-2723086.out,21,0.030647426,0.14628215,-0.0017,0.14163103,0.04
1-pattern,777,original,20260618_1pattern_a9_cifar10_e5_p3500_c1200_s100_h100x4_shared_full_full_reward_seed777,abl-full_reward-s777-2723086.out,22,0.034231957,0.11344487,0.0334,0.14936346,0.04
1-pattern,777,original,20260618_1pattern_a9_cifar10_e5_p3500_c1200_s100_h100x4_shared_full_full_reward_seed777,abl-full_reward-s777-2723086.out,23,0.028239065,0.41823524,0.0006,0.15119047,0.05
1-pattern,777,original,20260618_1pattern_a9_cifar10_e5_p3500_c1200_s100_h100x4_shared_full_full_reward_seed777,abl-full_reward-s777-2723086.out,24,0.02807001,0.25540757,-0.0352,0.14913405,0.05
1-pattern,777,original,20260618_1pattern_a9_cifar10_e5_p3500_c1200_s100_h100x4_shared_full_full_reward_seed777,abl-full_reward-s777-2723086.out,25,0.027188804,0.44785365,0.0079,0.15664457,0.05
1-pattern,777,original,20260618_1pattern_a9_cifar10_e5_p3500_c1200_s100_h100x4_shared_full_full_reward_seed777,abl-full_reward-s777-2723086.out,26,0.025386742,0.2958647,0.0199,0.14861353,0.05
1-pattern,777,original,20260618_1pattern_a9_cifar10_e5_p3500_c1200_s100_h100x4_shared_full_full_reward_seed777,abl-full_reward-s777-2723086.out,27,0.02806172,0.59832007,0.016,0.16532493,0.05
1-pattern,777,original,20260618_1pattern_a9_cifar10_e5_p3500_c1200_s100_h100x4_shared_full_full_reward_seed777,abl-full_reward-s777-2723086.out,28,0.025380366,0.45992446,0.004,0.1567327,0.06
1-pattern,777,original,20260618_1pattern_a9_cifar10_e5_p3500_c1200_s100_h100x4_shared_full_full_reward_seed777,abl-full_reward-s777-2723086.out,29,0.027720517,0.2589981,0.0277,0.15149672,0.06
1-pattern,777,original,20260618_1pattern_a9_cifar10_e5_p3500_c1200_s100_h100x4_shared_full_full_reward_seed777,abl-full_reward-s777-2723086.out,30,0.028600387,0.40178961,-0.0124,0.15055978,0.06
1-pattern,777,original,20260618_1pattern_a9_cifar10_e5_p3500_c1200_s100_h100x4_shared_full_full_reward_seed777,abl-full_reward-s777-2723086.out,31,0.027153805,0.3850621,0.0221,0.15389442,0.06
1-pattern,777,original,20260618_1pattern_a9_cifar10_e5_p3500_c1200_s100_h100x4_shared_full_full_reward_seed777,abl-full_reward-s777-2723086.out,32,0.035359262,0.091301531,-0.0283,0.16792821,0.06
1-pattern,777,original,20260618_1pattern_a9_cifar10_e5_p3500_c1200_s100_h100x4_shared_full_full_reward_seed777,abl-full_reward-s777-2723086.out,33,0.030501356,0.44788432,0.0239,0.15092816,0.07
1-pattern,777,original,20260618_1pattern_a9_cifar10_e5_p3500_c1200_s100_h100x4_shared_full_full_reward_seed777,abl-full_reward-s777-2723086.out,34,0.030197154,0.33793324,-0.0115,0.15717097,0.07
1-pattern,777,original,20260618_1pattern_a9_cifar10_e5_p3500_c1200_s100_h100x4_shared_full_full_reward_seed777,abl-full_reward-s777-2723086.out,35,0.031682041,0.50880456,-0.0116,0.14548812,0.07
1-pattern,777,original,20260618_1pattern_a9_cifar10_e5_p3500_c1200_s100_h100x4_shared_full_full_reward_seed777,abl-full_reward-s777-2723086.out,36,0.033027336,0.47431141,0.0055,0.15578806,0.07
1-pattern,777,original,20260618_1pattern_a9_cifar10_e5_p3500_c1200_s100_h100x4_shared_full_full_reward_seed777,abl-full_reward-s777-2723086.out,37,0.031374355,0.033685565,0.1063,0.14015246,0.07
1-pattern,777,original,20260618_1pattern_a9_cifar10_e5_p3500_c1200_s100_h100x4_shared_full_full_reward_seed777,abl-full_reward-s777-2723086.out,38,0.029686072,0.47248018,0.044,0.1422974,0.08
1-pattern,777,original,20260618_1pattern_a9_cifar10_e5_p3500_c1200_s100_h100x4_shared_full_full_reward_seed777,abl-full_reward-s777-2723086.out,39,0.030357525,0.74873906,-0.009,0.16079392,0.08
1-pattern,777,original,20260618_1pattern_a9_cifar10_e5_p3500_c1200_s100_h100x4_shared_full_full_reward_seed777,abl-full_reward-s777-2723086.out,40,0.029349949,0.39328399,-0.0564,0.15284488,0.08
1-pattern,777,original,20260618_1pattern_a9_cifar10_e5_p3500_c1200_s100_h100x4_shared_full_full_reward_seed777,abl-full_reward-s777-2723086.out,41,0.036569551,0.50345254,0.0134,0.14288844,0.08
1-pattern,777,original,20260618_1pattern_a9_cifar10_e5_p3500_c1200_s100_h100x4_shared_full_full_reward_seed777,abl-full_reward-s777-2723086.out,42,0.032922744,0.45815194,0.0034,0.14098709,0.08
1-pattern,777,original,20260618_1pattern_a9_cifar10_e5_p3500_c1200_s100_h100x4_shared_full_full_reward_seed777,abl-full_reward-s777-2723086.out,43,0.036828185,0.20217884,0.0772,0.15995923,0.09
1-pattern,777,original,20260618_1pattern_a9_cifar10_e5_p3500_c1200_s100_h100x4_shared_full_full_reward_seed777,abl-full_reward-s777-2723086.out,44,0.030302581,0.5043273,-0.0683,0.15225945,0.09
1-pattern,777,original,20260618_1pattern_a9_cifar10_e5_p3500_c1200_s100_h100x4_shared_full_full_reward_seed777,abl-full_reward-s777-2723086.out,45,0.037283645,0.43523681,-0.0012,0.14593042,0.09
1-pattern,777,original,20260618_1pattern_a9_cifar10_e5_p3500_c1200_s100_h100x4_shared_full_full_reward_seed777,abl-full_reward-s777-2723086.out,46,0.03420012,0.44944006,0.1051,0.14857144,0.09
1-pattern,777,original,20260618_1pattern_a9_cifar10_e5_p3500_c1200_s100_h100x4_shared_full_full_reward_seed777,abl-full_reward-s777-2723086.out,47,0.033171931,0.081598878,-0.0601,0.15651831,0.09
1-pattern,777,original,20260618_1pattern_a9_cifar10_e5_p3500_c1200_s100_h100x4_shared_full_full_reward_seed777,abl-full_reward-s777-2723086.out,48,0.031735797,0.72446126,0.051,0.15514532,0.1
1-pattern,777,original,20260618_1pattern_a9_cifar10_e5_p3500_c1200_s100_h100x4_shared_full_full_reward_seed777,abl-full_reward-s777-2723086.out,49,0.03312978,0.73746026,-0.013,0.15479011,0.1
1-pattern,777,original,20260618_1pattern_a9_cifar10_e5_p3500_c1200_s100_h100x4_shared_full_full_reward_seed777,abl-full_reward-s777-2723086.out,50,0.035437183,0.37556398,0.0555,0.15807976,0.1
1-pattern,777,original,20260618_1pattern_a9_cifar10_e5_p3500_c1200_s100_h100x4_shared_full_full_reward_seed777,abl-full_reward-s777-2723086.out,51,0.035643133,0.51121408,-0.045,0.17129608,0.1
1-pattern,777,original,20260618_1pattern_a9_cifar10_e5_p3500_c1200_s100_h100x4_shared_full_full_reward_seed777,abl-full_reward-s777-2723086.out,52,0.03427002,0.74561197,-0.0219,0.14955814,0.1
1-pattern,777,original,20260618_1pattern_a9_cifar10_e5_p3500_c1200_s100_h100x4_shared_full_full_reward_seed777,abl-full_reward-s777-2723086.out,53,0.032984483,0.7174753,0.016,0.15464282,0.11
1-pattern,777,original,20260618_1pattern_a9_cifar10_e5_p3500_c1200_s100_h100x4_shared_full_full_reward_seed777,abl-full_reward-s777-2723086.out,54,0.034727881,0.33727381,-0.0487,0.14862983,0.11
1-pattern,777,original,20260618_1pattern_a9_cifar10_e5_p3500_c1200_s100_h100x4_shared_full_full_reward_seed777,abl-full_reward-s777-2723086.out,55,0.030518215,0.64151943,-0.0243,0.16007434,0.11
1-pattern,777,original,20260618_1pattern_a9_cifar10_e5_p3500_c1200_s100_h100x4_shared_full_full_reward_seed777,abl-full_reward-s777-2723086.out,56,0.03130582,0.31366286,-0.0299,0.16005846,0.11
1-pattern,777,original,20260618_1pattern_a9_cifar10_e5_p3500_c1200_s100_h100x4_shared_full_full_reward_seed777,abl-full_reward-s777-2723086.out,57,0.030089814,0.58142173,-0.0232,0.139887,0.11
1-pattern,777,original,20260618_1pattern_a9_cifar10_e5_p3500_c1200_s100_h100x4_shared_full_full_reward_seed777,abl-full_reward-s777-2723086.out,58,0.03106562,0.75476801,0.0015,0.14689094,0.12
1-pattern,777,original,20260618_1pattern_a9_cifar10_e5_p3500_c1200_s100_h100x4_shared_full_full_reward_seed777,abl-full_reward-s777-2723086.out,59,0.029019212,0.58674598,-0.0082,0.13577129,0.12
1-pattern,777,original,20260618_1pattern_a9_cifar10_e5_p3500_c1200_s100_h100x4_shared_full_full_reward_seed777,abl-full_reward-s777-2723086.out,60,0.031067849,0.51149845,0.0065,0.1402488,0.12
1-pattern,777,original,20260618_1pattern_a9_cifar10_e5_p3500_c1200_s100_h100x4_shared_full_full_reward_seed777,abl-full_reward-s777-2723086.out,61,0.032694778,0.34149957,0.0415,0.15490742,0.12
1-pattern,777,original,20260618_1pattern_a9_cifar10_e5_p3500_c1200_s100_h100x4_shared_full_full_reward_seed777,abl-full_reward-s777-2723086.out,62,0.033509649,0.72290963,0.0575,0.14951885,0.12
1-pattern,777,original,20260618_1pattern_a9_cifar10_e5_p3500_c1200_s100_h100x4_shared_full_full_reward_seed777,abl-full_reward-s777-2723086.out,63,0.028472038,0.53232086,0.0311,0.1325862,0.13
1-pattern,777,original,20260618_1pattern_a9_cifar10_e5_p3500_c1200_s100_h100x4_shared_full_full_reward_seed777,abl-full_reward-s777-2723086.out,64,0.030802006,0.48637849,0.0387,0.14357026,0.13
1-pattern,777,original,20260618_1pattern_a9_cifar10_e5_p3500_c1200_s100_h100x4_shared_full_full_reward_seed777,abl-full_reward-s777-2723086.out,65,0.035915417,0.33513209,0.0543,0.134878,0.13
1-pattern,777,original,20260618_1pattern_a9_cifar10_e5_p3500_c1200_s100_h100x4_shared_full_full_reward_seed777,abl-full_reward-s777-2723086.out,66,0.032839413,0.48372832,0.061,0.13256983,0.13
1-pattern,777,original,20260618_1pattern_a9_cifar10_e5_p3500_c1200_s100_h100x4_shared_full_full_reward_seed777,abl-full_reward-s777-2723086.out,67,0.032819324,0.55622637,0.0062,0.13553174,0.13
1-pattern,777,original,20260618_1pattern_a9_cifar10_e5_p3500_c1200_s100_h100x4_shared_full_full_reward_seed777,abl-full_reward-s777-2723086.out,68,0.03539741,0.42102265,-0.0042,0.14063701,0.14
1-pattern,777,original,20260618_1pattern_a9_cifar10_e5_p3500_c1200_s100_h100x4_shared_full_full_reward_seed777,abl-full_reward-s777-2723086.out,69,0.037892841,0.2131494,0.0527,0.1286938,0.14
1-pattern,777,original,20260618_1pattern_a9_cifar10_e5_p3500_c1200_s100_h100x4_shared_full_full_reward_seed777,abl-full_reward-s777-2723086.out,70,0.03218868,0.55846018,-0.0041,0.13457309,0.14
1-pattern,777,original,20260618_1pattern_a9_cifar10_e5_p3500_c1200_s100_h100x4_shared_full_full_reward_seed777,abl-full_reward-s777-2723086.out,71,0.035522416,0.48417649,-0.0174,0.12870704,0.14
1-pattern,777,original,20260618_1pattern_a9_cifar10_e5_p3500_c1200_s100_h100x4_shared_full_full_reward_seed777,abl-full_reward-s777-2723086.out,72,0.034202162,0.057495356,0.0318,0.13995917,0.14
1-pattern,777,original,20260618_1pattern_a9_cifar10_e5_p3500_c1200_s100_h100x4_shared_full_full_reward_seed777,abl-full_reward-s777-2723086.out,73,0.032495815,0.57375753,0.0515,0.13927561,0.15
1-pattern,777,original,20260618_1pattern_a9_cifar10_e5_p3500_c1200_s100_h100x4_shared_full_full_reward_seed777,abl-full_reward-s777-2723086.out,74,0.035885905,0.38188082,-0.0512,0.13290231,0.15
1-pattern,777,original,20260618_1pattern_a9_cifar10_e5_p3500_c1200_s100_h100x4_shared_full_full_reward_seed777,abl-full_reward-s777-2723086.out,75,0.033755364,0.54415458,0.0043,0.1310478,0.15
1-pattern,777,original,20260618_1pattern_a9_cifar10_e5_p3500_c1200_s100_h100x4_shared_full_full_reward_seed777,abl-full_reward-s777-2723086.out,76,0.038219507,0.51193768,0.0042,0.13728405,0.15
1-pattern,777,original,20260618_1pattern_a9_cifar10_e5_p3500_c1200_s100_h100x4_shared_full_full_reward_seed777,abl-full_reward-s777-2723086.out,77,0.035221524,0.33116421,0.1272,0.14262139,0.15
1-pattern,777,original,20260618_1pattern_a9_cifar10_e5_p3500_c1200_s100_h100x4_shared_full_full_reward_seed777,abl-full_reward-s777-2723086.out,78,0.037998948,0.26423776,0.0525,0.13071463,0.16
1-pattern,777,original,20260618_1pattern_a9_cifar10_e5_p3500_c1200_s100_h100x4_shared_full_full_reward_seed777,abl-full_reward-s777-2723086.out,79,0.032112523,0.051676303,-0.0439,0.13642338,0.16
1-pattern,777,original,20260618_1pattern_a9_cifar10_e5_p3500_c1200_s100_h100x4_shared_full_full_reward_seed777,abl-full_reward-s777-2723086.out,80,0.033144641,0.19045672,-0.0035,0.14211091,0.16
1-pattern,777,original,20260618_1pattern_a9_cifar10_e5_p3500_c1200_s100_h100x4_shared_full_full_reward_seed777,abl-full_reward-s777-2723086.out,81,0.034107381,0.66616762,0.0457,0.14007309,0.16
1-pattern,777,original,20260618_1pattern_a9_cifar10_e5_p3500_c1200_s100_h100x4_shared_full_full_reward_seed777,abl-full_reward-s777-2723086.out,82,0.034772359,0.41455156,0.0234,0.14122288,0.16
1-pattern,777,original,20260618_1pattern_a9_cifar10_e5_p3500_c1200_s100_h100x4_shared_full_full_reward_seed777,abl-full_reward-s777-2723086.out,83,0.034641978,0.75564384,0.0398,0.13047611,0.17
1-pattern,777,original,20260618_1pattern_a9_cifar10_e5_p3500_c1200_s100_h100x4_shared_full_full_reward_seed777,abl-full_reward-s777-2723086.out,84,0.034866599,0.58488184,-0.0073,0.13471642,0.17
1-pattern,777,original,20260618_1pattern_a9_cifar10_e5_p3500_c1200_s100_h100x4_shared_full_full_reward_seed777,abl-full_reward-s777-2723086.out,85,0.034817171,0.36465636,0.0878,0.12892373,0.17
1-pattern,777,original,20260618_1pattern_a9_cifar10_e5_p3500_c1200_s100_h100x4_shared_full_full_reward_seed777,abl-full_reward-s777-2723086.out,86,0.036513138,0.39043075,-0.0461,0.1499417,0.17
1-pattern,777,original,20260618_1pattern_a9_cifar10_e5_p3500_c1200_s100_h100x4_shared_full_full_reward_seed777,abl-full_reward-s777-2723086.out,87,0.035168791,0.3250778,0.0693,0.1439884,0.17
1-pattern,777,original,20260618_1pattern_a9_cifar10_e5_p3500_c1200_s100_h100x4_shared_full_full_reward_seed777,abl-full_reward-s777-2723086.out,88,0.033931106,0.52826059,-0.0258,0.14210985,0.18
1-pattern,777,original,20260618_1pattern_a9_cifar10_e5_p3500_c1200_s100_h100x4_shared_full_full_reward_seed777,abl-full_reward-s777-2723086.out,89,0.032510998,0.5916276,0.0417,0.14402076,0.18
1-pattern,777,original,20260618_1pattern_a9_cifar10_e5_p3500_c1200_s100_h100x4_shared_full_full_reward_seed777,abl-full_reward-s777-2723086.out,90,0.033380084,-0.18646359,-0.0423,0.1380749,0.18
1-pattern,777,original,20260618_1pattern_a9_cifar10_e5_p3500_c1200_s100_h100x4_shared_full_full_reward_seed777,abl-full_reward-s777-2723086.out,91,0.03621294,0.4070926,0.0051,0.13006384,0.18
1-pattern,777,original,20260618_1pattern_a9_cifar10_e5_p3500_c1200_s100_h100x4_shared_full_full_reward_seed777,abl-full_reward-s777-2723086.out,92,0.035963072,0.58815265,-0.0042,0.14107513,0.18
1-pattern,777,original,20260618_1pattern_a9_cifar10_e5_p3500_c1200_s100_h100x4_shared_full_full_reward_seed777,abl-full_reward-s777-2723086.out,93,0.034410715,0.37784448,0.0599,0.13974983,0.19
1-pattern,777,original,20260618_1pattern_a9_cifar10_e5_p3500_c1200_s100_h100x4_shared_full_full_reward_seed777,abl-full_reward-s777-2723086.out,94,0.039043056,0.5011431,0.0334,0.13283756,0.19
1-pattern,777,original,20260618_1pattern_a9_cifar10_e5_p3500_c1200_s100_h100x4_shared_full_full_reward_seed777,abl-full_reward-s777-2723086.out,95,0.035204938,0.45125678,-0.0031,0.13419684,0.19
1-pattern,777,original,20260618_1pattern_a9_cifar10_e5_p3500_c1200_s100_h100x4_shared_full_full_reward_seed777,abl-full_reward-s777-2723086.out,96,0.033425935,0.30957729,0.1483,0.13586412,0.19
1-pattern,777,original,20260618_1pattern_a9_cifar10_e5_p3500_c1200_s100_h100x4_shared_full_full_reward_seed777,abl-full_reward-s777-2723086.out,97,0.035395131,0.568178,-0.0337,0.13841696,0.19
1-pattern,777,original,20260618_1pattern_a9_cifar10_e5_p3500_c1200_s100_h100x4_shared_full_full_reward_seed777,abl-full_reward-s777-2723086.out,98,0.035897864,0.53439689,-0.0107,0.14627324,0.2
1-pattern,777,original,20260618_1pattern_a9_cifar10_e5_p3500_c1200_s100_h100x4_shared_full_full_reward_seed777,abl-full_reward-s777-2723086.out,99,0.033244963,0.54144019,0.0747,0.14255369,0.2
1-pattern,777,original,20260618_1pattern_a9_cifar10_e5_p3500_c1200_s100_h100x4_shared_full_full_reward_seed777,abl-full_reward-s777-2723086.out,100,0.034101556,0.14841786,0.0134,0.1334707,0.2
1-pattern,114,added,20260627_1pattern_a9_cifar10_e5_p3500_c1200_s100_h100x4_shared_full_full_reward_seed114,abl-full_reward-s114-2776908.out,1,0.02543866,-4.0124998,0.0441,0.3057024,0
1-pattern,114,added,20260627_1pattern_a9_cifar10_e5_p3500_c1200_s100_h100x4_shared_full_full_reward_seed114,abl-full_reward-s114-2776908.out,2,0.025904079,-2.9112501,-0.0574,0.11066557,0
1-pattern,114,added,20260627_1pattern_a9_cifar10_e5_p3500_c1200_s100_h100x4_shared_full_full_reward_seed114,abl-full_reward-s114-2776908.out,3,0.026750084,-2.3175001,0.2063,0.13229703,0.01
1-pattern,114,added,20260627_1pattern_a9_cifar10_e5_p3500_c1200_s100_h100x4_shared_full_full_reward_seed114,abl-full_reward-s114-2776908.out,4,0.027920962,-1.28625,-0.0403,0.12573067,0.01
1-pattern,114,added,20260627_1pattern_a9_cifar10_e5_p3500_c1200_s100_h100x4_shared_full_full_reward_seed114,abl-full_reward-s114-2776908.out,5,0.029740214,-2.1512499,-0.0432,0.13854884,0.01
1-pattern,114,added,20260627_1pattern_a9_cifar10_e5_p3500_c1200_s100_h100x4_shared_full_full_reward_seed114,abl-full_reward-s114-2776908.out,6,0.025155107,-1.73625,-0.0163,0.13775986,0.01
1-pattern,114,added,20260627_1pattern_a9_cifar10_e5_p3500_c1200_s100_h100x4_shared_full_full_reward_seed114,abl-full_reward-s114-2776908.out,7,0.024261659,-0.95375001,0.0036,0.13497583,0.01
1-pattern,114,added,20260627_1pattern_a9_cifar10_e5_p3500_c1200_s100_h100x4_shared_full_full_reward_seed114,abl-full_reward-s114-2776908.out,8,0.024381302,-1.54625,0.0904,0.16240221,0.02
1-pattern,114,added,20260627_1pattern_a9_cifar10_e5_p3500_c1200_s100_h100x4_shared_full_full_reward_seed114,abl-full_reward-s114-2776908.out,9,0.022008758,-0.91375005,0.0088,0.17011801,0.02
1-pattern,114,added,20260627_1pattern_a9_cifar10_e5_p3500_c1200_s100_h100x4_shared_full_full_reward_seed114,abl-full_reward-s114-2776908.out,10,0.018834463,-0.88874996,-0.0317,0.17983881,0.02
1-pattern,114,added,20260627_1pattern_a9_cifar10_e5_p3500_c1200_s100_h100x4_shared_full_full_reward_seed114,abl-full_reward-s114-2776908.out,11,0.015414962,-0.88875002,-0.0434,0.17969062,0.02
1-pattern,114,added,20260627_1pattern_a9_cifar10_e5_p3500_c1200_s100_h100x4_shared_full_full_reward_seed114,abl-full_reward-s114-2776908.out,12,0.016605837,-0.88874996,-0.0536,0.16860839,0.02
1-pattern,114,added,20260627_1pattern_a9_cifar10_e5_p3500_c1200_s100_h100x4_shared_full_full_reward_seed114,abl-full_reward-s114-2776908.out,13,0.015074619,-0.86750001,0.0057,0.17717543,0.03
1-pattern,114,added,20260627_1pattern_a9_cifar10_e5_p3500_c1200_s100_h100x4_shared_full_full_reward_seed114,abl-full_reward-s114-2776908.out,14,0.017247828,-0.91499996,-0.0074,0.18466157,0.03
1-pattern,114,added,20260627_1pattern_a9_cifar10_e5_p3500_c1200_s100_h100x4_shared_full_full_reward_seed114,abl-full_reward-s114-2776908.out,15,0.018346151,-0.88249999,0.0172,0.15116141,0.03
1-pattern,114,added,20260627_1pattern_a9_cifar10_e5_p3500_c1200_s100_h100x4_shared_full_full_reward_seed114,abl-full_reward-s114-2776908.out,16,0.018934735,-0.87625003,-0.0181,0.17625246,0.03
1-pattern,114,added,20260627_1pattern_a9_cifar10_e5_p3500_c1200_s100_h100x4_shared_full_full_reward_seed114,abl-full_reward-s114-2776908.out,17,0.017590997,-0.85500002,0.0265,0.1517482,0.03
1-pattern,114,added,20260627_1pattern_a9_cifar10_e5_p3500_c1200_s100_h100x4_shared_full_full_reward_seed114,abl-full_reward-s114-2776908.out,18,0.017353745,-0.85250002,-0.0906,0.15948625,0.04
1-pattern,114,added,20260627_1pattern_a9_cifar10_e5_p3500_c1200_s100_h100x4_shared_full_full_reward_seed114,abl-full_reward-s114-2776908.out,19,0.018816101,-1.927875,0.1624,0.12101396,0.04
1-pattern,114,added,20260627_1pattern_a9_cifar10_e5_p3500_c1200_s100_h100x4_shared_full_full_reward_seed114,abl-full_reward-s114-2776908.out,20,0.01812757,-1.6950001,0.0275,0.13159362,0.04
1-pattern,114,added,20260627_1pattern_a9_cifar10_e5_p3500_c1200_s100_h100x4_shared_full_full_reward_seed114,abl-full_reward-s114-2776908.out,21,0.016044395,-0.81500006,0.0156,0.12292461,0.04
1-pattern,114,added,20260627_1pattern_a9_cifar10_e5_p3500_c1200_s100_h100x4_shared_full_full_reward_seed114,abl-full_reward-s114-2776908.out,22,0.015348095,-0.80875003,0.0108,0.12595445,0.04
1-pattern,114,added,20260627_1pattern_a9_cifar10_e5_p3500_c1200_s100_h100x4_shared_full_full_reward_seed114,abl-full_reward-s114-2776908.out,23,0.01581968,-0.84500003,-0.0268,0.12012141,0.05
1-pattern,114,added,20260627_1pattern_a9_cifar10_e5_p3500_c1200_s100_h100x4_shared_full_full_reward_seed114,abl-full_reward-s114-2776908.out,24,0.013353804,-0.80000001,0.0052,0.13043479,0.05
1-pattern,114,added,20260627_1pattern_a9_cifar10_e5_p3500_c1200_s100_h100x4_shared_full_full_reward_seed114,abl-full_reward-s114-2776908.out,25,0.013559957,-0.80875003,0.0176,0.12587297,0.05
1-pattern,114,added,20260627_1pattern_a9_cifar10_e5_p3500_c1200_s100_h100x4_shared_full_full_reward_seed114,abl-full_reward-s114-2776908.out,26,0.012477123,-0.80875003,0.0041,0.12517611,0.05
1-pattern,114,added,20260627_1pattern_a9_cifar10_e5_p3500_c1200_s100_h100x4_shared_full_full_reward_seed114,abl-full_reward-s114-2776908.out,27,0.012368674,-0.80000001,0.0049,0.12336308,0.05
1-pattern,114,added,20260627_1pattern_a9_cifar10_e5_p3500_c1200_s100_h100x4_shared_full_full_reward_seed114,abl-full_reward-s114-2776908.out,28,0.012295231,-0.80000001,0.0052,0.13002553,0.06
1-pattern,114,added,20260627_1pattern_a9_cifar10_e5_p3500_c1200_s100_h100x4_shared_full_full_reward_seed114,abl-full_reward-s114-2776908.out,29,0.01293463,-0.80000001,0.0051,0.12723717,0.06
1-pattern,114,added,20260627_1pattern_a9_cifar10_e5_p3500_c1200_s100_h100x4_shared_full_full_reward_seed114,abl-full_reward-s114-2776908.out,30,0.013100882,-0.80000001,0.005,0.1254925,0.06
1-pattern,114,added,20260627_1pattern_a9_cifar10_e5_p3500_c1200_s100_h100x4_shared_full_full_reward_seed114,abl-full_reward-s114-2776908.out,31,0.012954787,-0.80000001,0.0049,0.12288013,0.06
1-pattern,114,added,20260627_1pattern_a9_cifar10_e5_p3500_c1200_s100_h100x4_shared_full_full_reward_seed114,abl-full_reward-s114-2776908.out,32,0.014034068,-0.80000001,0.005,0.12623286,0.06
1-pattern,114,added,20260627_1pattern_a9_cifar10_e5_p3500_c1200_s100_h100x4_shared_full_full_reward_seed114,abl-full_reward-s114-2776908.out,33,0.01850199,-0.80875003,-0.006,0.13402142,0.07
1-pattern,114,added,20260627_1pattern_a9_cifar10_e5_p3500_c1200_s100_h100x4_shared_full_full_reward_seed114,abl-full_reward-s114-2776908.out,34,0.015818989,-0.80000001,0.0049,0.12141724,0.07
1-pattern,114,added,20260627_1pattern_a9_cifar10_e5_p3500_c1200_s100_h100x4_shared_full_full_reward_seed114,abl-full_reward-s114-2776908.out,35,0.016815328,-0.80000001,0.0048,0.1213365,0.07
1-pattern,114,added,20260627_1pattern_a9_cifar10_e5_p3500_c1200_s100_h100x4_shared_full_full_reward_seed114,abl-full_reward-s114-2776908.out,36,0.014421669,-1.1375,-0.0478,0.11823115,0.07
1-pattern,114,added,20260627_1pattern_a9_cifar10_e5_p3500_c1200_s100_h100x4_shared_full_full_reward_seed114,abl-full_reward-s114-2776908.out,37,0.017545213,-0.80875003,0.0166,0.12132743,0.07
1-pattern,114,added,20260627_1pattern_a9_cifar10_e5_p3500_c1200_s100_h100x4_shared_full_full_reward_seed114,abl-full_reward-s114-2776908.out,38,0.015788524,-0.80000001,0.0051,0.12822174,0.08
1-pattern,114,added,20260627_1pattern_a9_cifar10_e5_p3500_c1200_s100_h100x4_shared_full_full_reward_seed114,abl-full_reward-s114-2776908.out,39,0.014964537,-0.80000001,0.0047,0.11855072,0.08
1-pattern,114,added,20260627_1pattern_a9_cifar10_e5_p3500_c1200_s100_h100x4_shared_full_full_reward_seed114,abl-full_reward-s114-2776908.out,40,0.016633833,-0.80000001,0.0051,0.12791833,0.08
1-pattern,114,added,20260627_1pattern_a9_cifar10_e5_p3500_c1200_s100_h100x4_shared_full_full_reward_seed114,abl-full_reward-s114-2776908.out,41,0.017003546,-0.80000001,0.0052,0.13086231,0.08
1-pattern,114,added,20260627_1pattern_a9_cifar10_e5_p3500_c1200_s100_h100x4_shared_full_full_reward_seed114,abl-full_reward-s114-2776908.out,42,0.016409141,-0.80000001,0.0053,0.13174402,0.08
1-pattern,114,added,20260627_1pattern_a9_cifar10_e5_p3500_c1200_s100_h100x4_shared_full_full_reward_seed114,abl-full_reward-s114-2776908.out,43,0.016080816,-0.80000001,0.0048,0.12094461,0.09
1-pattern,114,added,20260627_1pattern_a9_cifar10_e5_p3500_c1200_s100_h100x4_shared_full_full_reward_seed114,abl-full_reward-s114-2776908.out,44,0.017092364,-0.80000001,0.0049,0.12359255,0.09
1-pattern,114,added,20260627_1pattern_a9_cifar10_e5_p3500_c1200_s100_h100x4_shared_full_full_reward_seed114,abl-full_reward-s114-2776908.out,45,0.015399165,-0.80675,-0.0281,0.11892948,0.09
1-pattern,114,added,20260627_1pattern_a9_cifar10_e5_p3500_c1200_s100_h100x4_shared_full_full_reward_seed114,abl-full_reward-s114-2776908.out,46,0.016607145,-0.80000001,0.0046,0.11493209,0.09
1-pattern,114,added,20260627_1pattern_a9_cifar10_e5_p3500_c1200_s100_h100x4_shared_full_full_reward_seed114,abl-full_reward-s114-2776908.out,47,0.015032637,-0.80000001,0.0046,0.1143942,0.09
1-pattern,114,added,20260627_1pattern_a9_cifar10_e5_p3500_c1200_s100_h100x4_shared_full_full_reward_seed114,abl-full_reward-s114-2776908.out,48,0.015979585,-0.80000001,0.0046,0.11591547,0.1
1-pattern,114,added,20260627_1pattern_a9_cifar10_e5_p3500_c1200_s100_h100x4_shared_full_full_reward_seed114,abl-full_reward-s114-2776908.out,49,0.017270841,-0.80000001,0.0047,0.11677867,0.1
1-pattern,114,added,20260627_1pattern_a9_cifar10_e5_p3500_c1200_s100_h100x4_shared_full_full_reward_seed114,abl-full_reward-s114-2776908.out,50,0.016108827,-0.80000001,0.0045,0.11267426,0.1
1-pattern,114,added,20260627_1pattern_a9_cifar10_e5_p3500_c1200_s100_h100x4_shared_full_full_reward_seed114,abl-full_reward-s114-2776908.out,51,0.01381287,-0.80000001,0.0044,0.10974925,0.1
1-pattern,114,added,20260627_1pattern_a9_cifar10_e5_p3500_c1200_s100_h100x4_shared_full_full_reward_seed114,abl-full_reward-s114-2776908.out,52,0.015051208,-0.80000001,0.0045,0.11190913,0.1
1-pattern,114,added,20260627_1pattern_a9_cifar10_e5_p3500_c1200_s100_h100x4_shared_full_full_reward_seed114,abl-full_reward-s114-2776908.out,53,0.016083959,-0.80000001,0.0046,0.1157727,0.11
1-pattern,114,added,20260627_1pattern_a9_cifar10_e5_p3500_c1200_s100_h100x4_shared_full_full_reward_seed114,abl-full_reward-s114-2776908.out,54,0.016991265,-0.80000001,0.0044,0.11135017,0.11
1-pattern,114,added,20260627_1pattern_a9_cifar10_e5_p3500_c1200_s100_h100x4_shared_full_full_reward_seed114,abl-full_reward-s114-2776908.out,55,0.015784352,-0.80000001,0.0047,0.11818597,0.11
1-pattern,114,added,20260627_1pattern_a9_cifar10_e5_p3500_c1200_s100_h100x4_shared_full_full_reward_seed114,abl-full_reward-s114-2776908.out,56,0.017363567,-0.80875003,-0.0324,0.10704313,0.11
1-pattern,114,added,20260627_1pattern_a9_cifar10_e5_p3500_c1200_s100_h100x4_shared_full_full_reward_seed114,abl-full_reward-s114-2776908.out,57,0.019922233,-0.80375004,0.0377,0.11184386,0.11
1-pattern,114,added,20260627_1pattern_a9_cifar10_e5_p3500_c1200_s100_h100x4_shared_full_full_reward_seed114,abl-full_reward-s114-2776908.out,58,0.017272762,-0.80000001,0.0043,0.10763817,0.12
1-pattern,114,added,20260627_1pattern_a9_cifar10_e5_p3500_c1200_s100_h100x4_shared_full_full_reward_seed114,abl-full_reward-s114-2776908.out,59,0.020880344,-1.1375,-0.0783,0.11169054,0.12
1-pattern,114,added,20260627_1pattern_a9_cifar10_e5_p3500_c1200_s100_h100x4_shared_full_full_reward_seed114,abl-full_reward-s114-2776908.out,60,0.018159533,-0.80000001,0.0045,0.11190466,0.12
1-pattern,114,added,20260627_1pattern_a9_cifar10_e5_p3500_c1200_s100_h100x4_shared_full_full_reward_seed114,abl-full_reward-s114-2776908.out,61,0.017801155,-0.80000001,0.0044,0.11009145,0.12
1-pattern,114,added,20260627_1pattern_a9_cifar10_e5_p3500_c1200_s100_h100x4_shared_full_full_reward_seed114,abl-full_reward-s114-2776908.out,62,0.017523472,-0.80000001,0.0041,0.10395757,0.12
1-pattern,114,added,20260627_1pattern_a9_cifar10_e5_p3500_c1200_s100_h100x4_shared_full_full_reward_seed114,abl-full_reward-s114-2776908.out,63,0.017763222,-0.80000001,0.0042,0.10539285,0.13
1-pattern,114,added,20260627_1pattern_a9_cifar10_e5_p3500_c1200_s100_h100x4_shared_full_full_reward_seed114,abl-full_reward-s114-2776908.out,64,0.016326352,-0.80000001,0.0042,0.10613269,0.13
1-pattern,114,added,20260627_1pattern_a9_cifar10_e5_p3500_c1200_s100_h100x4_shared_full_full_reward_seed114,abl-full_reward-s114-2776908.out,65,0.015883408,-0.80000001,0.0042,0.10465147,0.13
1-pattern,114,added,20260627_1pattern_a9_cifar10_e5_p3500_c1200_s100_h100x4_shared_full_full_reward_seed114,abl-full_reward-s114-2776908.out,66,0.016272088,-0.80000001,0.0042,0.1043005,0.13
1-pattern,114,added,20260627_1pattern_a9_cifar10_e5_p3500_c1200_s100_h100x4_shared_full_full_reward_seed114,abl-full_reward-s114-2776908.out,67,0.01778521,-0.80000001,0.0043,0.10787065,0.13
1-pattern,114,added,20260627_1pattern_a9_cifar10_e5_p3500_c1200_s100_h100x4_shared_full_full_reward_seed114,abl-full_reward-s114-2776908.out,68,0.015954629,-0.80000001,0.0043,0.1076424,0.14
1-pattern,114,added,20260627_1pattern_a9_cifar10_e5_p3500_c1200_s100_h100x4_shared_full_full_reward_seed114,abl-full_reward-s114-2776908.out,69,0.016297331,-0.80000001,0.0042,0.10421815,0.14
1-pattern,114,added,20260627_1pattern_a9_cifar10_e5_p3500_c1200_s100_h100x4_shared_full_full_reward_seed114,abl-full_reward-s114-2776908.out,70,0.015672772,-0.80000001,0.0041,0.10195216,0.14
1-pattern,114,added,20260627_1pattern_a9_cifar10_e5_p3500_c1200_s100_h100x4_shared_full_full_reward_seed114,abl-full_reward-s114-2776908.out,71,0.0175206,-0.80000001,0.0041,0.10335675,0.14
1-pattern,114,added,20260627_1pattern_a9_cifar10_e5_p3500_c1200_s100_h100x4_shared_full_full_reward_seed114,abl-full_reward-s114-2776908.out,72,0.016182256,-0.80000001,0.0045,0.11256344,0.14
1-pattern,114,added,20260627_1pattern_a9_cifar10_e5_p3500_c1200_s100_h100x4_shared_full_full_reward_seed114,abl-full_reward-s114-2776908.out,73,0.017001463,-0.80000001,0.0043,0.10839624,0.15
1-pattern,114,added,20260627_1pattern_a9_cifar10_e5_p3500_c1200_s100_h100x4_shared_full_full_reward_seed114,abl-full_reward-s114-2776908.out,74,0.017278201,-0.80000001,0.0043,0.1077252,0.15
1-pattern,114,added,20260627_1pattern_a9_cifar10_e5_p3500_c1200_s100_h100x4_shared_full_full_reward_seed114,abl-full_reward-s114-2776908.out,75,0.018635616,-0.80000001,0.0042,0.10434483,0.15
1-pattern,114,added,20260627_1pattern_a9_cifar10_e5_p3500_c1200_s100_h100x4_shared_full_full_reward_seed114,abl-full_reward-s114-2776908.out,76,0.016745694,-0.80000001,0.0041,0.10328127,0.15
1-pattern,114,added,20260627_1pattern_a9_cifar10_e5_p3500_c1200_s100_h100x4_shared_full_full_reward_seed114,abl-full_reward-s114-2776908.out,77,0.016081306,-0.80000001,0.0041,0.1029219,0.15
1-pattern,114,added,20260627_1pattern_a9_cifar10_e5_p3500_c1200_s100_h100x4_shared_full_full_reward_seed114,abl-full_reward-s114-2776908.out,78,0.016833076,-0.80000001,0.0042,0.10630308,0.16
1-pattern,114,added,20260627_1pattern_a9_cifar10_e5_p3500_c1200_s100_h100x4_shared_full_full_reward_seed114,abl-full_reward-s114-2776908.out,79,0.016364392,-0.80000001,0.0043,0.1074732,0.16
1-pattern,114,added,20260627_1pattern_a9_cifar10_e5_p3500_c1200_s100_h100x4_shared_full_full_reward_seed114,abl-full_reward-s114-2776908.out,80,0.017544485,-0.80000001,0.0042,0.1041138,0.16
1-pattern,114,added,20260627_1pattern_a9_cifar10_e5_p3500_c1200_s100_h100x4_shared_full_full_reward_seed114,abl-full_reward-s114-2776908.out,81,0.017650211,-0.80000001,0.0041,0.10295608,0.16
1-pattern,114,added,20260627_1pattern_a9_cifar10_e5_p3500_c1200_s100_h100x4_shared_full_full_reward_seed114,abl-full_reward-s114-2776908.out,82,0.018334611,-0.80000001,0.0042,0.10559804,0.16
1-pattern,114,added,20260627_1pattern_a9_cifar10_e5_p3500_c1200_s100_h100x4_shared_full_full_reward_seed114,abl-full_reward-s114-2776908.out,83,0.018791568,-0.80000001,0.0042,0.10589918,0.17
1-pattern,114,added,20260627_1pattern_a9_cifar10_e5_p3500_c1200_s100_h100x4_shared_full_full_reward_seed114,abl-full_reward-s114-2776908.out,84,0.020068616,-0.81500006,0.0829,0.099980606,0.17
1-pattern,114,added,20260627_1pattern_a9_cifar10_e5_p3500_c1200_s100_h100x4_shared_full_full_reward_seed114,abl-full_reward-s114-2776908.out,85,0.016899395,-0.80000001,0.0041,0.10310274,0.17
1-pattern,114,added,20260627_1pattern_a9_cifar10_e5_p3500_c1200_s100_h100x4_shared_full_full_reward_seed114,abl-full_reward-s114-2776908.out,86,0.016642788,-0.80000001,0.0041,0.10234698,0.17
1-pattern,114,added,20260627_1pattern_a9_cifar10_e5_p3500_c1200_s100_h100x4_shared_full_full_reward_seed114,abl-full_reward-s114-2776908.out,87,0.017108784,-0.80000001,0.0042,0.10464055,0.17
1-pattern,114,added,20260627_1pattern_a9_cifar10_e5_p3500_c1200_s100_h100x4_shared_full_full_reward_seed114,abl-full_reward-s114-2776908.out,88,0.017130719,-0.80000001,0.0041,0.10168758,0.18
1-pattern,114,added,20260627_1pattern_a9_cifar10_e5_p3500_c1200_s100_h100x4_shared_full_full_reward_seed114,abl-full_reward-s114-2776908.out,89,0.017531204,-0.80000001,0.0042,0.10430204,0.18
1-pattern,114,added,20260627_1pattern_a9_cifar10_e5_p3500_c1200_s100_h100x4_shared_full_full_reward_seed114,abl-full_reward-s114-2776908.out,90,0.017100713,-0.80000001,0.0042,0.10531538,0.18
1-pattern,114,added,20260627_1pattern_a9_cifar10_e5_p3500_c1200_s100_h100x4_shared_full_full_reward_seed114,abl-full_reward-s114-2776908.out,91,0.016960026,-0.80000001,0.0042,0.10473988,0.18
1-pattern,114,added,20260627_1pattern_a9_cifar10_e5_p3500_c1200_s100_h100x4_shared_full_full_reward_seed114,abl-full_reward-s114-2776908.out,92,0.016805875,-0.80000001,0.0041,0.10396707,0.18
1-pattern,114,added,20260627_1pattern_a9_cifar10_e5_p3500_c1200_s100_h100x4_shared_full_full_reward_seed114,abl-full_reward-s114-2776908.out,93,0.017440444,-0.80000001,0.004,0.10057571,0.19
1-pattern,114,added,20260627_1pattern_a9_cifar10_e5_p3500_c1200_s100_h100x4_shared_full_full_reward_seed114,abl-full_reward-s114-2776908.out,94,0.017629861,-0.80000001,0.0042,0.10569924,0.19
1-pattern,114,added,20260627_1pattern_a9_cifar10_e5_p3500_c1200_s100_h100x4_shared_full_full_reward_seed114,abl-full_reward-s114-2776908.out,95,0.017519769,-0.80000001,0.0043,0.1063629,0.19
1-pattern,114,added,20260627_1pattern_a9_cifar10_e5_p3500_c1200_s100_h100x4_shared_full_full_reward_seed114,abl-full_reward-s114-2776908.out,96,0.01759582,-0.80000001,0.004,0.10072585,0.19
1-pattern,114,added,20260627_1pattern_a9_cifar10_e5_p3500_c1200_s100_h100x4_shared_full_full_reward_seed114,abl-full_reward-s114-2776908.out,97,0.018478122,-0.80000001,0.0041,0.10277549,0.19
1-pattern,114,added,20260627_1pattern_a9_cifar10_e5_p3500_c1200_s100_h100x4_shared_full_full_reward_seed114,abl-full_reward-s114-2776908.out,98,0.017238869,-0.80375004,0.0906,0.10354439,0.2
1-pattern,114,added,20260627_1pattern_a9_cifar10_e5_p3500_c1200_s100_h100x4_shared_full_full_reward_seed114,abl-full_reward-s114-2776908.out,99,0.017036755,-0.80000001,0.0041,0.10146071,0.2
1-pattern,114,added,20260627_1pattern_a9_cifar10_e5_p3500_c1200_s100_h100x4_shared_full_full_reward_seed114,abl-full_reward-s114-2776908.out,100,0.017138699,-0.80000001,0.0042,0.10473186,0.2
1-pattern,514,added,20260627_1pattern_a9_cifar10_e5_p3500_c1200_s100_h100x4_shared_full_full_reward_seed514,abl-full_reward-s514-2776910.out,1,0.0207648,-3.6875,-0.0513,0.21428446,0
1-pattern,514,added,20260627_1pattern_a9_cifar10_e5_p3500_c1200_s100_h100x4_shared_full_full_reward_seed514,abl-full_reward-s514-2776910.out,2,0.0094435938,-0.43124998,0.0043,0.075889993,0
1-pattern,514,added,20260627_1pattern_a9_cifar10_e5_p3500_c1200_s100_h100x4_shared_full_full_reward_seed514,abl-full_reward-s514-2776910.out,3,0.012460047,-0.47499999,-0.0019,0.086019537,0.01
1-pattern,514,added,20260627_1pattern_a9_cifar10_e5_p3500_c1200_s100_h100x4_shared_full_full_reward_seed514,abl-full_reward-s514-2776910.out,4,0.012360963,-0.18875,0.0085,0.085098641,0.01
1-pattern,514,added,20260627_1pattern_a9_cifar10_e5_p3500_c1200_s100_h100x4_shared_full_full_reward_seed514,abl-full_reward-s514-2776910.out,5,0.0078326233,0.11000001,-0.0304,0.079130362,0.01
1-pattern,514,added,20260627_1pattern_a9_cifar10_e5_p3500_c1200_s100_h100x4_shared_full_full_reward_seed514,abl-full_reward-s514-2776910.out,6,0.0090122063,-0.52750003,-0.0568,0.078081072,0.01
1-pattern,514,added,20260627_1pattern_a9_cifar10_e5_p3500_c1200_s100_h100x4_shared_full_full_reward_seed514,abl-full_reward-s514-2776910.out,7,0.0052524901,0.14750001,-0.0634,0.076932128,0.01
1-pattern,514,added,20260627_1pattern_a9_cifar10_e5_p3500_c1200_s100_h100x4_shared_full_full_reward_seed514,abl-full_reward-s514-2776910.out,8,0.0046767676,0.26250002,0.0067,0.073659629,0.02
1-pattern,514,added,20260627_1pattern_a9_cifar10_e5_p3500_c1200_s100_h100x4_shared_full_full_reward_seed514,abl-full_reward-s514-2776910.out,9,0.0061347264,0.26250002,0.0056,0.078291812,0.02
1-pattern,514,added,20260627_1pattern_a9_cifar10_e5_p3500_c1200_s100_h100x4_shared_full_full_reward_seed514,abl-full_reward-s514-2776910.out,10,0.0032041774,0.26250002,0.0027,0.067449836,0.02
1-pattern,514,added,20260627_1pattern_a9_cifar10_e5_p3500_c1200_s100_h100x4_shared_full_full_reward_seed514,abl-full_reward-s514-2776910.out,11,0.0034116875,0.30000001,0.0027,0.067545161,0.02
1-pattern,514,added,20260627_1pattern_a9_cifar10_e5_p3500_c1200_s100_h100x4_shared_full_full_reward_seed514,abl-full_reward-s514-2776910.out,12,0.0044911292,0.1875,0.0056,0.068484093,0.02
1-pattern,514,added,20260627_1pattern_a9_cifar10_e5_p3500_c1200_s100_h100x4_shared_full_full_reward_seed514,abl-full_reward-s514-2776910.out,13,0.0071882876,0.30000001,0.0031,0.076599874,0.03
1-pattern,514,added,20260627_1pattern_a9_cifar10_e5_p3500_c1200_s100_h100x4_shared_full_full_reward_seed514,abl-full_reward-s514-2776910.out,14,0.0081033495,0.30000001,0.0028,0.070574536,0.03
1-pattern,514,added,20260627_1pattern_a9_cifar10_e5_p3500_c1200_s100_h100x4_shared_full_full_reward_seed514,abl-full_reward-s514-2776910.out,15,0.01191838,0.0012500063,0.0287,0.077952771,0.03
1-pattern,514,added,20260627_1pattern_a9_cifar10_e5_p3500_c1200_s100_h100x4_shared_full_full_reward_seed514,abl-full_reward-s514-2776910.out,16,0.0075583618,-0.1275,-0.0458,0.069709823,0.03
1-pattern,514,added,20260627_1pattern_a9_cifar10_e5_p3500_c1200_s100_h100x4_shared_full_full_reward_seed514,abl-full_reward-s514-2776910.out,17,0.005672168,0.22500001,0.0069,0.0685348,0.03
1-pattern,514,added,20260627_1pattern_a9_cifar10_e5_p3500_c1200_s100_h100x4_shared_full_full_reward_seed514,abl-full_reward-s514-2776910.out,18,0.0069831893,0.26250002,-0.0295,0.07563945,0.04
1-pattern,514,added,20260627_1pattern_a9_cifar10_e5_p3500_c1200_s100_h100x4_shared_full_full_reward_seed514,abl-full_reward-s514-2776910.out,19,0.0064473944,0.1875,0.0002,0.069295359,0.04
1-pattern,514,added,20260627_1pattern_a9_cifar10_e5_p3500_c1200_s100_h100x4_shared_full_full_reward_seed514,abl-full_reward-s514-2776910.out,20,0.0073129443,0.30000001,0.0027,0.06838476,0.04
1-pattern,514,added,20260627_1pattern_a9_cifar10_e5_p3500_c1200_s100_h100x4_shared_full_full_reward_seed514,abl-full_reward-s514-2776910.out,21,0.013479521,-0.2375,-0.0384,0.086046522,0.04
1-pattern,514,added,20260627_1pattern_a9_cifar10_e5_p3500_c1200_s100_h100x4_shared_full_full_reward_seed514,abl-full_reward-s514-2776910.out,22,0.01048052,0.39624998,-0.045,0.076449055,0.04
1-pattern,514,added,20260627_1pattern_a9_cifar10_e5_p3500_c1200_s100_h100x4_shared_full_full_reward_seed514,abl-full_reward-s514-2776910.out,23,0.0071988142,0.52437502,0.0003,0.074386388,0.05
1-pattern,514,added,20260627_1pattern_a9_cifar10_e5_p3500_c1200_s100_h100x4_shared_full_full_reward_seed514,abl-full_reward-s514-2776910.out,24,0.0069488937,0.4025,-0.0108,0.067244962,0.05
1-pattern,514,added,20260627_1pattern_a9_cifar10_e5_p3500_c1200_s100_h100x4_shared_full_full_reward_seed514,abl-full_reward-s514-2776910.out,25,0.0057507227,0.58249998,0.0053,0.071549713,0.05
1-pattern,514,added,20260627_1pattern_a9_cifar10_e5_p3500_c1200_s100_h100x4_shared_full_full_reward_seed514,abl-full_reward-s514-2776910.out,26,0.0063683245,0.46625,0.0141,0.075704631,0.05
1-pattern,514,added,20260627_1pattern_a9_cifar10_e5_p3500_c1200_s100_h100x4_shared_full_full_reward_seed514,abl-full_reward-s514-2776910.out,27,0.00563437,0.49625,-0.0044,0.075772512,0.05
1-pattern,514,added,20260627_1pattern_a9_cifar10_e5_p3500_c1200_s100_h100x4_shared_full_full_reward_seed514,abl-full_reward-s514-2776910.out,28,0.0057212104,0.52437502,0.0041,0.087238635,0.06
1-pattern,514,added,20260627_1pattern_a9_cifar10_e5_p3500_c1200_s100_h100x4_shared_full_full_reward_seed514,abl-full_reward-s514-2776910.out,29,0.0058613045,0.58250004,0.0086,0.089804221,0.06
1-pattern,514,added,20260627_1pattern_a9_cifar10_e5_p3500_c1200_s100_h100x4_shared_full_full_reward_seed514,abl-full_reward-s514-2776910.out,30,0.0049361889,0.57336521,0.0012,0.083130912,0.06
1-pattern,514,added,20260627_1pattern_a9_cifar10_e5_p3500_c1200_s100_h100x4_shared_full_full_reward_seed514,abl-full_reward-s514-2776910.out,31,0.0047902495,0.47774905,0.0015,0.082820842,0.06
1-pattern,514,added,20260627_1pattern_a9_cifar10_e5_p3500_c1200_s100_h100x4_shared_full_full_reward_seed514,abl-full_reward-s514-2776910.out,32,0.0043273747,0.48875001,0.0001,0.080958729,0.06
1-pattern,514,added,20260627_1pattern_a9_cifar10_e5_p3500_c1200_s100_h100x4_shared_full_full_reward_seed514,abl-full_reward-s514-2776910.out,33,0.0036932831,0.61250001,0.0032,0.079148584,0.07
1-pattern,514,added,20260627_1pattern_a9_cifar10_e5_p3500_c1200_s100_h100x4_shared_full_full_reward_seed514,abl-full_reward-s514-2776910.out,34,0.0035766871,0.61250001,0.0032,0.078993621,0.07
1-pattern,514,added,20260627_1pattern_a9_cifar10_e5_p3500_c1200_s100_h100x4_shared_full_full_reward_seed514,abl-full_reward-s514-2776910.out,35,0.0036383955,0.55062503,0.0032,0.079171829,0.07
1-pattern,514,added,20260627_1pattern_a9_cifar10_e5_p3500_c1200_s100_h100x4_shared_full_full_reward_seed514,abl-full_reward-s514-2776910.out,36,0.0037196706,0.48679185,0.0032,0.079169682,0.07
1-pattern,514,added,20260627_1pattern_a9_cifar10_e5_p3500_c1200_s100_h100x4_shared_full_full_reward_seed514,abl-full_reward-s514-2776910.out,37,0.0038759539,0.61250001,0.0032,0.079360751,0.07
1-pattern,514,added,20260627_1pattern_a9_cifar10_e5_p3500_c1200_s100_h100x4_shared_full_full_reward_seed514,abl-full_reward-s514-2776910.out,38,0.0039509665,0.61250001,0.0032,0.079464517,0.08
1-pattern,514,added,20260627_1pattern_a9_cifar10_e5_p3500_c1200_s100_h100x4_shared_full_full_reward_seed514,abl-full_reward-s514-2776910.out,39,0.0041141064,0.55062503,0.0033,0.08310052,0.08
1-pattern,514,added,20260627_1pattern_a9_cifar10_e5_p3500_c1200_s100_h100x4_shared_full_full_reward_seed514,abl-full_reward-s514-2776910.out,40,0.0047220035,0.61250001,0.0032,0.080499532,0.08
1-pattern,514,added,20260627_1pattern_a9_cifar10_e5_p3500_c1200_s100_h100x4_shared_full_full_reward_seed514,abl-full_reward-s514-2776910.out,41,0.0038446033,0.35652477,0.0031,0.076555187,0.08
1-pattern,514,added,20260627_1pattern_a9_cifar10_e5_p3500_c1200_s100_h100x4_shared_full_full_reward_seed514,abl-full_reward-s514-2776910.out,42,0.0038574432,0.40632597,-0.0043,0.078853766,0.08
1-pattern,514,added,20260627_1pattern_a9_cifar10_e5_p3500_c1200_s100_h100x4_shared_full_full_reward_seed514,abl-full_reward-s514-2776910.out,43,0.0034158957,0.58264554,0.003,0.076088396,0.09
1-pattern,514,added,20260627_1pattern_a9_cifar10_e5_p3500_c1200_s100_h100x4_shared_full_full_reward_seed514,abl-full_reward-s514-2776910.out,44,0.0033935796,-0.34937501,0.0092,0.088053797,0.09
1-pattern,514,added,20260627_1pattern_a9_cifar10_e5_p3500_c1200_s100_h100x4_shared_full_full_reward_seed514,abl-full_reward-s514-2776910.out,45,0.0028831535,0.47331733,0.003,0.075563394,0.09
1-pattern,514,added,20260627_1pattern_a9_cifar10_e5_p3500_c1200_s100_h100x4_shared_full_full_reward_seed514,abl-full_reward-s514-2776910.out,46,0.0027270469,0.53012127,0.003,0.07580849,0.09
1-pattern,514,added,20260627_1pattern_a9_cifar10_e5_p3500_c1200_s100_h100x4_shared_full_full_reward_seed514,abl-full_reward-s514-2776910.out,47,0.0026697417,0.56879318,0.0031,0.076612126,0.09
1-pattern,514,added,20260627_1pattern_a9_cifar10_e5_p3500_c1200_s100_h100x4_shared_full_full_reward_seed514,abl-full_reward-s514-2776910.out,48,0.0026145449,0.36261338,0.003,0.075921512,0.1
1-pattern,514,added,20260627_1pattern_a9_cifar10_e5_p3500_c1200_s100_h100x4_shared_full_full_reward_seed514,abl-full_reward-s514-2776910.out,49,0.0025887893,0.59920657,0.003,0.075817941,0.1
1-pattern,514,added,20260627_1pattern_a9_cifar10_e5_p3500_c1200_s100_h100x4_shared_full_full_reward_seed514,abl-full_reward-s514-2776910.out,50,0.002573447,0.56192386,0.003,0.076176181,0.1
1-pattern,514,added,20260627_1pattern_a9_cifar10_e5_p3500_c1200_s100_h100x4_shared_full_full_reward_seed514,abl-full_reward-s514-2776910.out,51,0.0025660651,0.58370328,0.003,0.076210731,0.1
1-pattern,514,added,20260627_1pattern_a9_cifar10_e5_p3500_c1200_s100_h100x4_shared_full_full_reward_seed514,abl-full_reward-s514-2776910.out,52,0.0025496056,0.60042036,0.003,0.076153792,0.1
1-pattern,514,added,20260627_1pattern_a9_cifar10_e5_p3500_c1200_s100_h100x4_shared_full_full_reward_seed514,abl-full_reward-s514-2776910.out,53,0.0025479213,0.53273165,0.003,0.075499455,0.11
1-pattern,514,added,20260627_1pattern_a9_cifar10_e5_p3500_c1200_s100_h100x4_shared_full_full_reward_seed514,abl-full_reward-s514-2776910.out,54,0.0025530728,0.4693692,0.003,0.076202648,0.11
1-pattern,514,added,20260627_1pattern_a9_cifar10_e5_p3500_c1200_s100_h100x4_shared_full_full_reward_seed514,abl-full_reward-s514-2776910.out,55,0.0025627857,0.56591392,0.003,0.076154439,0.11
1-pattern,514,added,20260627_1pattern_a9_cifar10_e5_p3500_c1200_s100_h100x4_shared_full_full_reward_seed514,abl-full_reward-s514-2776910.out,56,0.0025506876,0.60063481,0.003,0.076000714,0.11
1-pattern,514,added,20260627_1pattern_a9_cifar10_e5_p3500_c1200_s100_h100x4_shared_full_full_reward_seed514,abl-full_reward-s514-2776910.out,57,0.0025535987,0.58482146,0.003,0.076203828,0.11
1-pattern,514,added,20260627_1pattern_a9_cifar10_e5_p3500_c1200_s100_h100x4_shared_full_full_reward_seed514,abl-full_reward-s514-2776910.out,58,0.0025699665,0.5255537,0.003,0.075844672,0.12
1-pattern,514,added,20260627_1pattern_a9_cifar10_e5_p3500_c1200_s100_h100x4_shared_full_full_reward_seed514,abl-full_reward-s514-2776910.out,59,0.0025573522,0.48114705,0.0031,0.077050558,0.12
1-pattern,514,added,20260627_1pattern_a9_cifar10_e5_p3500_c1200_s100_h100x4_shared_full_full_reward_seed514,abl-full_reward-s514-2776910.out,60,0.0025540389,0.50211972,0.003,0.07587494,0.12
1-pattern,514,added,20260627_1pattern_a9_cifar10_e5_p3500_c1200_s100_h100x4_shared_full_full_reward_seed514,abl-full_reward-s514-2776910.out,61,0.0028398918,0.64856356,0.0016,0.084042633,0.12
1-pattern,514,added,20260627_1pattern_a9_cifar10_e5_p3500_c1200_s100_h100x4_shared_full_full_reward_seed514,abl-full_reward-s514-2776910.out,62,0.0028996408,0.61000001,0.0028,0.084042577,0.12
1-pattern,514,added,20260627_1pattern_a9_cifar10_e5_p3500_c1200_s100_h100x4_shared_full_full_reward_seed514,abl-full_reward-s514-2776910.out,63,0.0027208822,0.5491454,0.003,0.075636358,0.13
1-pattern,514,added,20260627_1pattern_a9_cifar10_e5_p3500_c1200_s100_h100x4_shared_full_full_reward_seed514,abl-full_reward-s514-2776910.out,64,0.0032655354,0.57805634,0.0026,0.083082926,0.13
1-pattern,514,added,20260627_1pattern_a9_cifar10_e5_p3500_c1200_s100_h100x4_shared_full_full_reward_seed514,abl-full_reward-s514-2776910.out,65,0.0033816114,0.57429534,0.0025,0.083011603,0.13
1-pattern,514,added,20260627_1pattern_a9_cifar10_e5_p3500_c1200_s100_h100x4_shared_full_full_reward_seed514,abl-full_reward-s514-2776910.out,66,0.0033544506,0.50151575,0.0029,0.083416229,0.13
1-pattern,514,added,20260627_1pattern_a9_cifar10_e5_p3500_c1200_s100_h100x4_shared_full_full_reward_seed514,abl-full_reward-s514-2776910.out,67,0.0039757092,0.65486693,0.0021,0.080049808,0.13
1-pattern,514,added,20260627_1pattern_a9_cifar10_e5_p3500_c1200_s100_h100x4_shared_full_full_reward_seed514,abl-full_reward-s514-2776910.out,68,0.0038899434,0.58886129,0.0024,0.081922863,0.14
1-pattern,514,added,20260627_1pattern_a9_cifar10_e5_p3500_c1200_s100_h100x4_shared_full_full_reward_seed514,abl-full_reward-s514-2776910.out,69,0.0042657208,0.60625005,0.0016,0.081214705,0.14
1-pattern,514,added,20260627_1pattern_a9_cifar10_e5_p3500_c1200_s100_h100x4_shared_full_full_reward_seed514,abl-full_reward-s514-2776910.out,70,0.0039297067,0.60687506,0.0017,0.081652996,0.14
1-pattern,514,added,20260627_1pattern_a9_cifar10_e5_p3500_c1200_s100_h100x4_shared_full_full_reward_seed514,abl-full_reward-s514-2776910.out,71,0.0044536775,0.60625005,0.0031,0.07860014,0.14
1-pattern,514,added,20260627_1pattern_a9_cifar10_e5_p3500_c1200_s100_h100x4_shared_full_full_reward_seed514,abl-full_reward-s514-2776910.out,72,0.0039062265,0.54812503,0.0036,0.079166982,0.14
1-pattern,514,added,20260627_1pattern_a9_cifar10_e5_p3500_c1200_s100_h100x4_shared_full_full_reward_seed514,abl-full_reward-s514-2776910.out,73,0.0042162109,0.49245018,0.0031,0.077873405,0.15
1-pattern,514,added,20260627_1pattern_a9_cifar10_e5_p3500_c1200_s100_h100x4_shared_full_full_reward_seed514,abl-full_reward-s514-2776910.out,74,0.0040108004,0.60625005,0.0026,0.079576476,0.15
1-pattern,514,added,20260627_1pattern_a9_cifar10_e5_p3500_c1200_s100_h100x4_shared_full_full_reward_seed514,abl-full_reward-s514-2776910.out,75,0.0041597197,0.58861792,0.0031,0.077013318,0.15
1-pattern,514,added,20260627_1pattern_a9_cifar10_e5_p3500_c1200_s100_h100x4_shared_full_full_reward_seed514,abl-full_reward-s514-2776910.out,76,0.004140983,0.53760362,0.0031,0.076865444,0.15
1-pattern,514,added,20260627_1pattern_a9_cifar10_e5_p3500_c1200_s100_h100x4_shared_full_full_reward_seed514,abl-full_reward-s514-2776910.out,77,0.004173822,0.18809374,0.0031,0.076763156,0.15
1-pattern,514,added,20260627_1pattern_a9_cifar10_e5_p3500_c1200_s100_h100x4_shared_full_full_reward_seed514,abl-full_reward-s514-2776910.out,78,0.0041105094,0.49621725,0.0031,0.076256843,0.16
1-pattern,514,added,20260627_1pattern_a9_cifar10_e5_p3500_c1200_s100_h100x4_shared_full_full_reward_seed514,abl-full_reward-s514-2776910.out,79,0.0041228276,0.54562503,0.003,0.07618273,0.16
1-pattern,514,added,20260627_1pattern_a9_cifar10_e5_p3500_c1200_s100_h100x4_shared_full_full_reward_seed514,abl-full_reward-s514-2776910.out,80,0.0040735222,0.60625005,0.0031,0.076509879,0.16
1-pattern,514,added,20260627_1pattern_a9_cifar10_e5_p3500_c1200_s100_h100x4_shared_full_full_reward_seed514,abl-full_reward-s514-2776910.out,81,0.0040665927,0.50246292,0.003,0.075907513,0.16
1-pattern,514,added,20260627_1pattern_a9_cifar10_e5_p3500_c1200_s100_h100x4_shared_full_full_reward_seed514,abl-full_reward-s514-2776910.out,82,0.004054815,0.38621151,0.0031,0.076513797,0.16
1-pattern,514,added,20260627_1pattern_a9_cifar10_e5_p3500_c1200_s100_h100x4_shared_full_full_reward_seed514,abl-full_reward-s514-2776910.out,83,0.0040252384,0.55433518,0.0031,0.076540332,0.17
1-pattern,514,added,20260627_1pattern_a9_cifar10_e5_p3500_c1200_s100_h100x4_shared_full_full_reward_seed514,abl-full_reward-s514-2776910.out,84,0.0039991642,0.37983534,0.003,0.076132013,0.17
1-pattern,514,added,20260627_1pattern_a9_cifar10_e5_p3500_c1200_s100_h100x4_shared_full_full_reward_seed514,abl-full_reward-s514-2776910.out,85,0.0040344315,0.55062503,0.0031,0.076639756,0.17
1-pattern,514,added,20260627_1pattern_a9_cifar10_e5_p3500_c1200_s100_h100x4_shared_full_full_reward_seed514,abl-full_reward-s514-2776910.out,86,0.0040268912,0.67715287,0.003,0.076200688,0.17
1-pattern,514,added,20260627_1pattern_a9_cifar10_e5_p3500_c1200_s100_h100x4_shared_full_full_reward_seed514,abl-full_reward-s514-2776910.out,87,0.0039951422,0.499955,0.0031,0.076777538,0.17
1-pattern,514,added,20260627_1pattern_a9_cifar10_e5_p3500_c1200_s100_h100x4_shared_full_full_reward_seed514,abl-full_reward-s514-2776910.out,88,0.0040020107,0.61250001,0.0031,0.076666868,0.18
1-pattern,514,added,20260627_1pattern_a9_cifar10_e5_p3500_c1200_s100_h100x4_shared_full_full_reward_seed514,abl-full_reward-s514-2776910.out,89,0.0039791953,0.49995255,0.0031,0.076259655,0.18
1-pattern,514,added,20260627_1pattern_a9_cifar10_e5_p3500_c1200_s100_h100x4_shared_full_full_reward_seed514,abl-full_reward-s514-2776910.out,90,0.0040009977,0.61250001,0.003,0.07601726,0.18
1-pattern,514,added,20260627_1pattern_a9_cifar10_e5_p3500_c1200_s100_h100x4_shared_full_full_reward_seed514,abl-full_reward-s514-2776910.out,91,0.003964664,0.61250001,0.0031,0.076448262,0.18
1-pattern,514,added,20260627_1pattern_a9_cifar10_e5_p3500_c1200_s100_h100x4_shared_full_full_reward_seed514,abl-full_reward-s514-2776910.out,92,0.0039532381,0.49864799,0.0031,0.076521707,0.18
1-pattern,514,added,20260627_1pattern_a9_cifar10_e5_p3500_c1200_s100_h100x4_shared_full_full_reward_seed514,abl-full_reward-s514-2776910.out,93,0.0039887935,0.61250001,0.003,0.076199315,0.19
1-pattern,514,added,20260627_1pattern_a9_cifar10_e5_p3500_c1200_s100_h100x4_shared_full_full_reward_seed514,abl-full_reward-s514-2776910.out,94,0.0039446364,0.61250001,0.0031,0.077266633,0.19
1-pattern,514,added,20260627_1pattern_a9_cifar10_e5_p3500_c1200_s100_h100x4_shared_full_full_reward_seed514,abl-full_reward-s514-2776910.out,95,0.0039227799,0.49864131,0.0031,0.076650571,0.19
1-pattern,514,added,20260627_1pattern_a9_cifar10_e5_p3500_c1200_s100_h100x4_shared_full_full_reward_seed514,abl-full_reward-s514-2776910.out,96,0.0039460208,0.44801414,0.0031,0.07646423,0.19
1-pattern,514,added,20260627_1pattern_a9_cifar10_e5_p3500_c1200_s100_h100x4_shared_full_full_reward_seed514,abl-full_reward-s514-2776910.out,97,0.003930952,0.55806851,0.0031,0.076667531,0.19
1-pattern,514,added,20260627_1pattern_a9_cifar10_e5_p3500_c1200_s100_h100x4_shared_full_full_reward_seed514,abl-full_reward-s514-2776910.out,98,0.0039428986,0.55437499,0.003,0.076149355,0.2
1-pattern,514,added,20260627_1pattern_a9_cifar10_e5_p3500_c1200_s100_h100x4_shared_full_full_reward_seed514,abl-full_reward-s514-2776910.out,99,0.0039325158,0.67437816,0.0031,0.076518422,0.2
1-pattern,514,added,20260627_1pattern_a9_cifar10_e5_p3500_c1200_s100_h100x4_shared_full_full_reward_seed514,abl-full_reward-s514-2776910.out,100,0.0039285236,0.61250001,0.0031,0.076374498,0.2
4-pattern,42,original,20260612_4pattern_a18_cifar10_e5_p3500_c1200_s100_l40s_excl_full_full_reward_seed42,abl-full_reward-s42-2697817.out,1,0.016147855,0.29366666,0.1558,3.0786215,0
4-pattern,42,original,20260612_4pattern_a18_cifar10_e5_p3500_c1200_s100_l40s_excl_full_full_reward_seed42,abl-full_reward-s42-2697817.out,2,0.01557113,0.29929167,0.0291,0.37834894,0
4-pattern,42,original,20260612_4pattern_a18_cifar10_e5_p3500_c1200_s100_l40s_excl_full_full_reward_seed42,abl-full_reward-s42-2697817.out,3,0.015938429,0.29741669,0.0403,0.37823596,0.01
4-pattern,42,original,20260612_4pattern_a18_cifar10_e5_p3500_c1200_s100_l40s_excl_full_full_reward_seed42,abl-full_reward-s42-2697817.out,4,0.014712699,0.28920835,0.044,0.34749046,0.01
4-pattern,42,original,20260612_4pattern_a18_cifar10_e5_p3500_c1200_s100_l40s_excl_full_full_reward_seed42,abl-full_reward-s42-2697817.out,5,0.01441013,0.28716666,0.0349,0.34918299,0.01
4-pattern,42,original,20260612_4pattern_a18_cifar10_e5_p3500_c1200_s100_l40s_excl_full_full_reward_seed42,abl-full_reward-s42-2697817.out,6,0.014709558,0.29395834,0.0312,0.35156757,0.01
4-pattern,42,original,20260612_4pattern_a18_cifar10_e5_p3500_c1200_s100_l40s_excl_full_full_reward_seed42,abl-full_reward-s42-2697817.out,7,0.014239953,0.30000001,0.0149,0.37149343,0.01
4-pattern,42,original,20260612_4pattern_a18_cifar10_e5_p3500_c1200_s100_l40s_excl_full_full_reward_seed42,abl-full_reward-s42-2697817.out,8,0.01453793,0.30000001,0.015,0.37490921,0.02
4-pattern,42,original,20260612_4pattern_a18_cifar10_e5_p3500_c1200_s100_l40s_excl_full_full_reward_seed42,abl-full_reward-s42-2697817.out,9,0.015403716,0.13750002,-0.0666,0.33301533,0.02
4-pattern,42,original,20260612_4pattern_a18_cifar10_e5_p3500_c1200_s100_l40s_excl_full_full_reward_seed42,abl-full_reward-s42-2697817.out,10,0.013584614,0.16250001,-0.0748,0.31440352,0.02
4-pattern,42,original,20260612_4pattern_a18_cifar10_e5_p3500_c1200_s100_l40s_excl_full_full_reward_seed42,abl-full_reward-s42-2697817.out,11,0.01642136,-0.1525,-0.0871,0.29196014,0.02
4-pattern,42,original,20260612_4pattern_a18_cifar10_e5_p3500_c1200_s100_l40s_excl_full_full_reward_seed42,abl-full_reward-s42-2697817.out,12,0.012704608,0.30000001,0.0133,0.33066368,0.02
4-pattern,42,original,20260612_4pattern_a18_cifar10_e5_p3500_c1200_s100_l40s_excl_full_full_reward_seed42,abl-full_reward-s42-2697817.out,13,0.014816118,0.30000001,0.0123,0.30590584,0.03
4-pattern,42,original,20260612_4pattern_a18_cifar10_e5_p3500_c1200_s100_l40s_excl_full_full_reward_seed42,abl-full_reward-s42-2697817.out,14,0.013150345,0.30000001,0.0148,0.37092199,0.03
4-pattern,42,original,20260612_4pattern_a18_cifar10_e5_p3500_c1200_s100_l40s_excl_full_full_reward_seed42,abl-full_reward-s42-2697817.out,15,0.013036288,0.29890183,0.0099,0.34412691,0.03
4-pattern,42,original,20260612_4pattern_a18_cifar10_e5_p3500_c1200_s100_l40s_excl_full_full_reward_seed42,abl-full_reward-s42-2697817.out,16,0.013605475,0.30000001,0.0127,0.31669542,0.03
4-pattern,42,original,20260612_4pattern_a18_cifar10_e5_p3500_c1200_s100_l40s_excl_full_full_reward_seed42,abl-full_reward-s42-2697817.out,17,0.014570703,0.13750002,0.008,0.35123879,0.03
4-pattern,42,original,20260612_4pattern_a18_cifar10_e5_p3500_c1200_s100_l40s_excl_full_full_reward_seed42,abl-full_reward-s42-2697817.out,18,0.018507066,-0.17499998,-0.1474,0.33856469,0.04
4-pattern,42,original,20260612_4pattern_a18_cifar10_e5_p3500_c1200_s100_l40s_excl_full_full_reward_seed42,abl-full_reward-s42-2697817.out,19,0.013383686,0.29979169,0.0293,0.32782247,0.04
4-pattern,42,original,20260612_4pattern_a18_cifar10_e5_p3500_c1200_s100_l40s_excl_full_full_reward_seed42,abl-full_reward-s42-2697817.out,20,0.01555533,0.13750002,0.0181,0.29755807,0.04
4-pattern,42,original,20260612_4pattern_a18_cifar10_e5_p3500_c1200_s100_l40s_excl_full_full_reward_seed42,abl-full_reward-s42-2697817.out,21,0.015440871,0.905774,0.0075,0.28067112,0.04
4-pattern,42,original,20260612_4pattern_a18_cifar10_e5_p3500_c1200_s100_l40s_excl_full_full_reward_seed42,abl-full_reward-s42-2697817.out,22,0.013525997,0.90952969,0.0344,0.32893622,0.04
4-pattern,42,original,20260612_4pattern_a18_cifar10_e5_p3500_c1200_s100_l40s_excl_full_full_reward_seed42,abl-full_reward-s42-2697817.out,23,0.015448044,0.76685512,0.01,0.31096754,0.05
4-pattern,42,original,20260612_4pattern_a18_cifar10_e5_p3500_c1200_s100_l40s_excl_full_full_reward_seed42,abl-full_reward-s42-2697817.out,24,0.016143107,0.91814619,0.0043,0.27981708,0.05
4-pattern,42,original,20260612_4pattern_a18_cifar10_e5_p3500_c1200_s100_l40s_excl_full_full_reward_seed42,abl-full_reward-s42-2697817.out,25,0.016532733,0.94821924,0.0015,0.28470403,0.05
4-pattern,42,original,20260612_4pattern_a18_cifar10_e5_p3500_c1200_s100_l40s_excl_full_full_reward_seed42,abl-full_reward-s42-2697817.out,26,0.0154268,0.31448996,0.0038,0.3406487,0.05
4-pattern,42,original,20260612_4pattern_a18_cifar10_e5_p3500_c1200_s100_l40s_excl_full_full_reward_seed42,abl-full_reward-s42-2697817.out,27,0.017854551,0.43896008,0.0577,0.31867669,0.05
4-pattern,42,original,20260612_4pattern_a18_cifar10_e5_p3500_c1200_s100_l40s_excl_full_full_reward_seed42,abl-full_reward-s42-2697817.out,28,0.017098277,-0.070085913,0.021,0.337273,0.06
4-pattern,42,original,20260612_4pattern_a18_cifar10_e5_p3500_c1200_s100_l40s_excl_full_full_reward_seed42,abl-full_reward-s42-2697817.out,29,0.017179877,0.74308193,0.0134,0.26314008,0.06
4-pattern,42,original,20260612_4pattern_a18_cifar10_e5_p3500_c1200_s100_l40s_excl_full_full_reward_seed42,abl-full_reward-s42-2697817.out,30,0.020270961,-0.34616211,0.0224,0.26633552,0.06
4-pattern,42,original,20260612_4pattern_a18_cifar10_e5_p3500_c1200_s100_l40s_excl_full_full_reward_seed42,abl-full_reward-s42-2697817.out,31,0.017867873,0.83095127,0.0293,0.26446801,0.06
4-pattern,42,original,20260612_4pattern_a18_cifar10_e5_p3500_c1200_s100_l40s_excl_full_full_reward_seed42,abl-full_reward-s42-2697817.out,32,0.0155524,0.98217785,0.0044,0.26726606,0.06
4-pattern,42,original,20260612_4pattern_a18_cifar10_e5_p3500_c1200_s100_l40s_excl_full_full_reward_seed42,abl-full_reward-s42-2697817.out,33,0.015791511,0.92096144,0.0074,0.26183319,0.07
4-pattern,42,original,20260612_4pattern_a18_cifar10_e5_p3500_c1200_s100_l40s_excl_full_full_reward_seed42,abl-full_reward-s42-2697817.out,34,0.016522897,0.77789336,0.0143,0.26970861,0.07
4-pattern,42,original,20260612_4pattern_a18_cifar10_e5_p3500_c1200_s100_l40s_excl_full_full_reward_seed42,abl-full_reward-s42-2697817.out,35,0.015783735,0.94073898,0.0079,0.27648393,0.07
4-pattern,42,original,20260612_4pattern_a18_cifar10_e5_p3500_c1200_s100_l40s_excl_full_full_reward_seed42,abl-full_reward-s42-2697817.out,36,0.015796605,0.82869446,0.0059,0.26299072,0.07
4-pattern,42,original,20260612_4pattern_a18_cifar10_e5_p3500_c1200_s100_l40s_excl_full_full_reward_seed42,abl-full_reward-s42-2697817.out,37,0.015757319,0.98481721,0.0084,0.27615049,0.07
4-pattern,42,original,20260612_4pattern_a18_cifar10_e5_p3500_c1200_s100_l40s_excl_full_full_reward_seed42,abl-full_reward-s42-2697817.out,38,0.016175998,0.90579903,0.0042,0.27512653,0.08
4-pattern,42,original,20260612_4pattern_a18_cifar10_e5_p3500_c1200_s100_l40s_excl_full_full_reward_seed42,abl-full_reward-s42-2697817.out,39,0.017683467,0.80661416,0.01,0.26343725,0.08
4-pattern,42,original,20260612_4pattern_a18_cifar10_e5_p3500_c1200_s100_l40s_excl_full_full_reward_seed42,abl-full_reward-s42-2697817.out,40,0.01691889,0.80823076,0.0081,0.26897047,0.08
4-pattern,42,original,20260612_4pattern_a18_cifar10_e5_p3500_c1200_s100_l40s_excl_full_full_reward_seed42,abl-full_reward-s42-2697817.out,41,0.016924035,0.69760883,0.0145,0.27713405,0.08
4-pattern,42,original,20260612_4pattern_a18_cifar10_e5_p3500_c1200_s100_l40s_excl_full_full_reward_seed42,abl-full_reward-s42-2697817.out,42,0.018340873,0.7486701,0.0067,0.26911726,0.08
4-pattern,42,original,20260612_4pattern_a18_cifar10_e5_p3500_c1200_s100_l40s_excl_full_full_reward_seed42,abl-full_reward-s42-2697817.out,43,0.01712507,0.72083604,0.0178,0.26810241,0.09
4-pattern,42,original,20260612_4pattern_a18_cifar10_e5_p3500_c1200_s100_l40s_excl_full_full_reward_seed42,abl-full_reward-s42-2697817.out,44,0.019127506,0.63005555,0.0189,0.28165889,0.09
4-pattern,42,original,20260612_4pattern_a18_cifar10_e5_p3500_c1200_s100_l40s_excl_full_full_reward_seed42,abl-full_reward-s42-2697817.out,45,0.0197678,0.64915216,0.0168,0.2896627,0.09
4-pattern,42,original,20260612_4pattern_a18_cifar10_e5_p3500_c1200_s100_l40s_excl_full_full_reward_seed42,abl-full_reward-s42-2697817.out,46,0.020763667,0.68189585,0.0192,0.27576507,0.09
4-pattern,42,original,20260612_4pattern_a18_cifar10_e5_p3500_c1200_s100_l40s_excl_full_full_reward_seed42,abl-full_reward-s42-2697817.out,47,0.020601919,0.74435824,0.0048,0.27460885,0.09
4-pattern,42,original,20260612_4pattern_a18_cifar10_e5_p3500_c1200_s100_l40s_excl_full_full_reward_seed42,abl-full_reward-s42-2697817.out,48,0.019310956,0.90783769,0.0155,0.26591142,0.1
4-pattern,42,original,20260612_4pattern_a18_cifar10_e5_p3500_c1200_s100_l40s_excl_full_full_reward_seed42,abl-full_reward-s42-2697817.out,49,0.020578854,0.91894853,0.0113,0.28137787,0.1
4-pattern,42,original,20260612_4pattern_a18_cifar10_e5_p3500_c1200_s100_l40s_excl_full_full_reward_seed42,abl-full_reward-s42-2697817.out,50,0.018876903,0.88809007,0.0082,0.26778078,0.1
4-pattern,42,original,20260612_4pattern_a18_cifar10_e5_p3500_c1200_s100_l40s_excl_full_full_reward_seed42,abl-full_reward-s42-2697817.out,51,0.020139,0.14390182,0.0314,0.27058804,0.1
4-pattern,42,original,20260612_4pattern_a18_cifar10_e5_p3500_c1200_s100_l40s_excl_full_full_reward_seed42,abl-full_reward-s42-2697817.out,52,0.019250786,0.86568189,0.0112,0.26951174,0.1
4-pattern,42,original,20260612_4pattern_a18_cifar10_e5_p3500_c1200_s100_l40s_excl_full_full_reward_seed42,abl-full_reward-s42-2697817.out,53,0.019645768,0.61971861,0.0193,0.27745783,0.11
4-pattern,42,original,20260612_4pattern_a18_cifar10_e5_p3500_c1200_s100_l40s_excl_full_full_reward_seed42,abl-full_reward-s42-2697817.out,54,0.01878496,0.18219598,0.0197,0.27432391,0.11
4-pattern,42,original,20260612_4pattern_a18_cifar10_e5_p3500_c1200_s100_l40s_excl_full_full_reward_seed42,abl-full_reward-s42-2697817.out,55,0.01877618,0.97399867,0.0327,0.25767141,0.11
4-pattern,42,original,20260612_4pattern_a18_cifar10_e5_p3500_c1200_s100_l40s_excl_full_full_reward_seed42,abl-full_reward-s42-2697817.out,56,0.019153042,1.0263848,0.0038,0.27814376,0.11
4-pattern,42,original,20260612_4pattern_a18_cifar10_e5_p3500_c1200_s100_l40s_excl_full_full_reward_seed42,abl-full_reward-s42-2697817.out,57,0.019260953,0.95190203,0.0147,0.27876046,0.11
4-pattern,42,original,20260612_4pattern_a18_cifar10_e5_p3500_c1200_s100_l40s_excl_full_full_reward_seed42,abl-full_reward-s42-2697817.out,58,0.019724786,1.057803,0.006,0.27260899,0.12
4-pattern,42,original,20260612_4pattern_a18_cifar10_e5_p3500_c1200_s100_l40s_excl_full_full_reward_seed42,abl-full_reward-s42-2697817.out,59,0.017782723,1.0166625,0.0119,0.27602769,0.12
4-pattern,42,original,20260612_4pattern_a18_cifar10_e5_p3500_c1200_s100_l40s_excl_full_full_reward_seed42,abl-full_reward-s42-2697817.out,60,0.017853861,0.98049688,0.0078,0.2782506,0.12
4-pattern,42,original,20260612_4pattern_a18_cifar10_e5_p3500_c1200_s100_l40s_excl_full_full_reward_seed42,abl-full_reward-s42-2697817.out,61,0.018245902,0.94561833,0.0192,0.26415608,0.12
4-pattern,42,original,20260612_4pattern_a18_cifar10_e5_p3500_c1200_s100_l40s_excl_full_full_reward_seed42,abl-full_reward-s42-2697817.out,62,0.016866841,1.0539951,0.0464,0.2668169,0.12
4-pattern,42,original,20260612_4pattern_a18_cifar10_e5_p3500_c1200_s100_l40s_excl_full_full_reward_seed42,abl-full_reward-s42-2697817.out,63,0.0170485,0.93413818,0.013,0.26450643,0.13
4-pattern,42,original,20260612_4pattern_a18_cifar10_e5_p3500_c1200_s100_l40s_excl_full_full_reward_seed42,abl-full_reward-s42-2697817.out,64,0.016805649,0.9970631,0.0073,0.26422801,0.13
4-pattern,42,original,20260612_4pattern_a18_cifar10_e5_p3500_c1200_s100_l40s_excl_full_full_reward_seed42,abl-full_reward-s42-2697817.out,65,0.016819141,1.109184,0.0003,0.26403176,0.13
4-pattern,42,original,20260612_4pattern_a18_cifar10_e5_p3500_c1200_s100_l40s_excl_full_full_reward_seed42,abl-full_reward-s42-2697817.out,66,0.018227118,1.044884,0.0095,0.26826018,0.13
4-pattern,42,original,20260612_4pattern_a18_cifar10_e5_p3500_c1200_s100_l40s_excl_full_full_reward_seed42,abl-full_reward-s42-2697817.out,67,0.017501344,1.0799539,0.0095,0.26541871,0.13
4-pattern,42,original,20260612_4pattern_a18_cifar10_e5_p3500_c1200_s100_l40s_excl_full_full_reward_seed42,abl-full_reward-s42-2697817.out,68,0.017382642,1.0238717,0.0024,0.26363641,0.14
4-pattern,42,original,20260612_4pattern_a18_cifar10_e5_p3500_c1200_s100_l40s_excl_full_full_reward_seed42,abl-full_reward-s42-2697817.out,69,0.017554741,1.1339924,0.0131,0.26584563,0.14
4-pattern,42,original,20260612_4pattern_a18_cifar10_e5_p3500_c1200_s100_l40s_excl_full_full_reward_seed42,abl-full_reward-s42-2697817.out,70,0.018228425,0.96136975,-0.0061,0.26708581,0.14
4-pattern,42,original,20260612_4pattern_a18_cifar10_e5_p3500_c1200_s100_l40s_excl_full_full_reward_seed42,abl-full_reward-s42-2697817.out,71,0.018294231,1.0005482,0.0115,0.25863958,0.14
4-pattern,42,original,20260612_4pattern_a18_cifar10_e5_p3500_c1200_s100_l40s_excl_full_full_reward_seed42,abl-full_reward-s42-2697817.out,72,0.017666902,0.89188147,0.0055,0.27443988,0.14
4-pattern,42,original,20260612_4pattern_a18_cifar10_e5_p3500_c1200_s100_l40s_excl_full_full_reward_seed42,abl-full_reward-s42-2697817.out,73,0.016605284,0.82176274,0.0068,0.27163601,0.15
4-pattern,42,original,20260612_4pattern_a18_cifar10_e5_p3500_c1200_s100_l40s_excl_full_full_reward_seed42,abl-full_reward-s42-2697817.out,74,0.017899401,1.0227323,0.0054,0.27061124,0.15
4-pattern,42,original,20260612_4pattern_a18_cifar10_e5_p3500_c1200_s100_l40s_excl_full_full_reward_seed42,abl-full_reward-s42-2697817.out,75,0.017432207,1.0516877,-0.0031,0.26758713,0.15
4-pattern,42,original,20260612_4pattern_a18_cifar10_e5_p3500_c1200_s100_l40s_excl_full_full_reward_seed42,abl-full_reward-s42-2697817.out,76,0.017148907,1.0784316,0.0101,0.2569771,0.15
4-pattern,42,original,20260612_4pattern_a18_cifar10_e5_p3500_c1200_s100_l40s_excl_full_full_reward_seed42,abl-full_reward-s42-2697817.out,77,0.018117801,1.1053705,0.0029,0.26861501,0.15
4-pattern,42,original,20260612_4pattern_a18_cifar10_e5_p3500_c1200_s100_l40s_excl_full_full_reward_seed42,abl-full_reward-s42-2697817.out,78,0.018155557,1.0219662,0.0022,0.2689488,0.16
4-pattern,42,original,20260612_4pattern_a18_cifar10_e5_p3500_c1200_s100_l40s_excl_full_full_reward_seed42,abl-full_reward-s42-2697817.out,79,0.016777318,0.83967042,0.001,0.27367277,0.16
4-pattern,42,original,20260612_4pattern_a18_cifar10_e5_p3500_c1200_s100_l40s_excl_full_full_reward_seed42,abl-full_reward-s42-2697817.out,80,0.017984112,1.0422908,-0,0.26608229,0.16
4-pattern,42,original,20260612_4pattern_a18_cifar10_e5_p3500_c1200_s100_l40s_excl_full_full_reward_seed42,abl-full_reward-s42-2697817.out,81,0.018446928,0.75448364,0.002,0.26167821,0.16
4-pattern,42,original,20260612_4pattern_a18_cifar10_e5_p3500_c1200_s100_l40s_excl_full_full_reward_seed42,abl-full_reward-s42-2697817.out,82,0.016659098,0.61037809,-0.0022,0.26966121,0.16
4-pattern,42,original,20260612_4pattern_a18_cifar10_e5_p3500_c1200_s100_l40s_excl_full_full_reward_seed42,abl-full_reward-s42-2697817.out,83,0.016471268,0.88413763,0.0087,0.25864881,0.17
4-pattern,42,original,20260612_4pattern_a18_cifar10_e5_p3500_c1200_s100_l40s_excl_full_full_reward_seed42,abl-full_reward-s42-2697817.out,84,0.016767704,0.77103347,0.0186,0.25853354,0.17
4-pattern,42,original,20260612_4pattern_a18_cifar10_e5_p3500_c1200_s100_l40s_excl_full_full_reward_seed42,abl-full_reward-s42-2697817.out,85,0.017676777,0.74884576,-0.0021,0.28515189,0.17
4-pattern,42,original,20260612_4pattern_a18_cifar10_e5_p3500_c1200_s100_l40s_excl_full_full_reward_seed42,abl-full_reward-s42-2697817.out,86,0.017840163,0.87061703,0.0023,0.25253857,0.17
4-pattern,42,original,20260612_4pattern_a18_cifar10_e5_p3500_c1200_s100_l40s_excl_full_full_reward_seed42,abl-full_reward-s42-2697817.out,87,0.017605164,0.79462087,0.0102,0.26380664,0.17
4-pattern,42,original,20260612_4pattern_a18_cifar10_e5_p3500_c1200_s100_l40s_excl_full_full_reward_seed42,abl-full_reward-s42-2697817.out,88,0.01702489,0.75367296,0.0098,0.25793831,0.18
4-pattern,42,original,20260612_4pattern_a18_cifar10_e5_p3500_c1200_s100_l40s_excl_full_full_reward_seed42,abl-full_reward-s42-2697817.out,89,0.01743618,0.77207369,-0.011,0.2592441,0.18
4-pattern,42,original,20260612_4pattern_a18_cifar10_e5_p3500_c1200_s100_l40s_excl_full_full_reward_seed42,abl-full_reward-s42-2697817.out,90,0.016988642,0.77226841,0.0047,0.25948333,0.18
4-pattern,42,original,20260612_4pattern_a18_cifar10_e5_p3500_c1200_s100_l40s_excl_full_full_reward_seed42,abl-full_reward-s42-2697817.out,91,0.018397808,0.78715324,0.0032,0.25341544,0.18
4-pattern,42,original,20260612_4pattern_a18_cifar10_e5_p3500_c1200_s100_l40s_excl_full_full_reward_seed42,abl-full_reward-s42-2697817.out,92,0.017474396,0.7724874,-0.0081,0.26926748,0.18
4-pattern,42,original,20260612_4pattern_a18_cifar10_e5_p3500_c1200_s100_l40s_excl_full_full_reward_seed42,abl-full_reward-s42-2697817.out,93,0.017479367,0.74023509,0.0234,0.26044712,0.19
4-pattern,42,original,20260612_4pattern_a18_cifar10_e5_p3500_c1200_s100_l40s_excl_full_full_reward_seed42,abl-full_reward-s42-2697817.out,94,0.017671283,0.80712175,0.0218,0.27032787,0.19
4-pattern,42,original,20260612_4pattern_a18_cifar10_e5_p3500_c1200_s100_l40s_excl_full_full_reward_seed42,abl-full_reward-s42-2697817.out,95,0.01838941,0.80259788,0.009,0.25368912,0.19
4-pattern,42,original,20260612_4pattern_a18_cifar10_e5_p3500_c1200_s100_l40s_excl_full_full_reward_seed42,abl-full_reward-s42-2697817.out,96,0.017381061,0.7622937,-0.0022,0.26543989,0.19
4-pattern,42,original,20260612_4pattern_a18_cifar10_e5_p3500_c1200_s100_l40s_excl_full_full_reward_seed42,abl-full_reward-s42-2697817.out,97,0.017908808,0.81561232,0.0013,0.26541133,0.19
4-pattern,42,original,20260612_4pattern_a18_cifar10_e5_p3500_c1200_s100_l40s_excl_full_full_reward_seed42,abl-full_reward-s42-2697817.out,98,0.017375621,0.78396559,0.0151,0.26249035,0.2
4-pattern,42,original,20260612_4pattern_a18_cifar10_e5_p3500_c1200_s100_l40s_excl_full_full_reward_seed42,abl-full_reward-s42-2697817.out,99,0.016152363,0.82004541,-0.0144,0.26509342,0.2
4-pattern,42,original,20260612_4pattern_a18_cifar10_e5_p3500_c1200_s100_l40s_excl_full_full_reward_seed42,abl-full_reward-s42-2697817.out,100,0.017373652,0.71737772,-0.007,0.27125241,0.2
4-pattern,123,original,20260612_4pattern_a18_cifar10_e5_p3500_c1200_s100_h100x4_shared_full_full_reward_seed123,abl-full_reward-s123-2697840.out,1,0.014974301,0.29800001,0.7264,17.608794,0.01
4-pattern,123,original,20260612_4pattern_a18_cifar10_e5_p3500_c1200_s100_h100x4_shared_full_full_reward_seed123,abl-full_reward-s123-2697840.out,2,0.01484949,0.28690207,0.0447,0.35337423,0.01
4-pattern,123,original,20260612_4pattern_a18_cifar10_e5_p3500_c1200_s100_h100x4_shared_full_full_reward_seed123,abl-full_reward-s123-2697840.out,3,0.015577949,0.23604167,0.0423,0.37404048,0.01
4-pattern,123,original,20260612_4pattern_a18_cifar10_e5_p3500_c1200_s100_h100x4_shared_full_full_reward_seed123,abl-full_reward-s123-2697840.out,4,0.01509185,0.28898728,0.0335,0.34620435,0.01
4-pattern,123,original,20260612_4pattern_a18_cifar10_e5_p3500_c1200_s100_h100x4_shared_full_full_reward_seed123,abl-full_reward-s123-2697840.out,5,0.015083338,0.30000001,0.0156,0.3907326,0.01
4-pattern,123,original,20260612_4pattern_a18_cifar10_e5_p3500_c1200_s100_h100x4_shared_full_full_reward_seed123,abl-full_reward-s123-2697840.out,6,0.015615492,0.30000001,0.0153,0.38366655,0.02
4-pattern,123,original,20260612_4pattern_a18_cifar10_e5_p3500_c1200_s100_h100x4_shared_full_full_reward_seed123,abl-full_reward-s123-2697840.out,7,0.015335064,-0.18190813,-0.0185,0.34893873,0.02
4-pattern,123,original,20260612_4pattern_a18_cifar10_e5_p3500_c1200_s100_h100x4_shared_full_full_reward_seed123,abl-full_reward-s123-2697840.out,8,0.015131764,0.30000001,0.015,0.37568813,0.02
4-pattern,123,original,20260612_4pattern_a18_cifar10_e5_p3500_c1200_s100_h100x4_shared_full_full_reward_seed123,abl-full_reward-s123-2697840.out,9,0.014228338,0.30000001,0.0155,0.3886814,0.02
4-pattern,123,original,20260612_4pattern_a18_cifar10_e5_p3500_c1200_s100_h100x4_shared_full_full_reward_seed123,abl-full_reward-s123-2697840.out,10,0.01468046,0.29958335,0.035,0.37296709,0.02
4-pattern,123,original,20260612_4pattern_a18_cifar10_e5_p3500_c1200_s100_h100x4_shared_full_full_reward_seed123,abl-full_reward-s123-2697840.out,11,0.0142502,0.29941666,0.0292,0.35248166,0.03
4-pattern,123,original,20260612_4pattern_a18_cifar10_e5_p3500_c1200_s100_h100x4_shared_full_full_reward_seed123,abl-full_reward-s123-2697840.out,12,0.013789971,0.30000001,0.0153,0.38368293,0.03
4-pattern,123,original,20260612_4pattern_a18_cifar10_e5_p3500_c1200_s100_h100x4_shared_full_full_reward_seed123,abl-full_reward-s123-2697840.out,13,0.014259398,0.30000001,0.0154,0.38435253,0.03
4-pattern,123,original,20260612_4pattern_a18_cifar10_e5_p3500_c1200_s100_h100x4_shared_full_full_reward_seed123,abl-full_reward-s123-2697840.out,14,0.013099779,0.30000001,0.0151,0.37881097,0.03
4-pattern,123,original,20260612_4pattern_a18_cifar10_e5_p3500_c1200_s100_h100x4_shared_full_full_reward_seed123,abl-full_reward-s123-2697840.out,15,0.012294149,0.29912502,0.0237,0.35176439,0.03
4-pattern,123,original,20260612_4pattern_a18_cifar10_e5_p3500_c1200_s100_h100x4_shared_full_full_reward_seed123,abl-full_reward-s123-2697840.out,16,0.011895931,0.30000001,0.0152,0.38018177,0.04
4-pattern,123,original,20260612_4pattern_a18_cifar10_e5_p3500_c1200_s100_h100x4_shared_full_full_reward_seed123,abl-full_reward-s123-2697840.out,17,0.012495931,0.30000001,0.0153,0.38351753,0.04
4-pattern,123,original,20260612_4pattern_a18_cifar10_e5_p3500_c1200_s100_h100x4_shared_full_full_reward_seed123,abl-full_reward-s123-2697840.out,18,0.011827525,0.30000001,0.0152,0.37914656,0.04
4-pattern,123,original,20260612_4pattern_a18_cifar10_e5_p3500_c1200_s100_h100x4_shared_full_full_reward_seed123,abl-full_reward-s123-2697840.out,19,0.012167733,0.90209663,0.0167,0.3592675,0.04
4-pattern,123,original,20260612_4pattern_a18_cifar10_e5_p3500_c1200_s100_h100x4_shared_full_full_reward_seed123,abl-full_reward-s123-2697840.out,20,0.012310794,0.84704846,0.0381,0.36719094,0.04
4-pattern,123,original,20260612_4pattern_a18_cifar10_e5_p3500_c1200_s100_h100x4_shared_full_full_reward_seed123,abl-full_reward-s123-2697840.out,21,0.013033311,0.74400389,0.0072,0.3258041,0.05
4-pattern,123,original,20260612_4pattern_a18_cifar10_e5_p3500_c1200_s100_h100x4_shared_full_full_reward_seed123,abl-full_reward-s123-2697840.out,22,0.013320956,0.7404635,-0.0202,0.32750122,0.05
4-pattern,123,original,20260612_4pattern_a18_cifar10_e5_p3500_c1200_s100_h100x4_shared_full_full_reward_seed123,abl-full_reward-s123-2697840.out,23,0.01569059,0.66309595,-0.0684,0.35445871,0.05
4-pattern,123,original,20260612_4pattern_a18_cifar10_e5_p3500_c1200_s100_h100x4_shared_full_full_reward_seed123,abl-full_reward-s123-2697840.out,24,0.012539764,0.8828693,0.0337,0.35914087,0.05
4-pattern,123,original,20260612_4pattern_a18_cifar10_e5_p3500_c1200_s100_h100x4_shared_full_full_reward_seed123,abl-full_reward-s123-2697840.out,25,0.013401071,0.85174394,0.0177,0.36592337,0.05
4-pattern,123,original,20260612_4pattern_a18_cifar10_e5_p3500_c1200_s100_h100x4_shared_full_full_reward_seed123,abl-full_reward-s123-2697840.out,26,0.012065115,0.78100133,0.0474,0.33864661,0.06
4-pattern,123,original,20260612_4pattern_a18_cifar10_e5_p3500_c1200_s100_h100x4_shared_full_full_reward_seed123,abl-full_reward-s123-2697840.out,27,0.012410501,0.7356317,0.0414,0.33890453,0.06
4-pattern,123,original,20260612_4pattern_a18_cifar10_e5_p3500_c1200_s100_h100x4_shared_full_full_reward_seed123,abl-full_reward-s123-2697840.out,28,0.013329608,0.9654538,0.012,0.3527833,0.06
4-pattern,123,original,20260612_4pattern_a18_cifar10_e5_p3500_c1200_s100_h100x4_shared_full_full_reward_seed123,abl-full_reward-s123-2697840.out,29,0.013104481,0.70806134,0.0129,0.39089677,0.06
4-pattern,123,original,20260612_4pattern_a18_cifar10_e5_p3500_c1200_s100_h100x4_shared_full_full_reward_seed123,abl-full_reward-s123-2697840.out,30,0.014163172,0.8417207,0.021,0.321564,0.06
4-pattern,123,original,20260612_4pattern_a18_cifar10_e5_p3500_c1200_s100_h100x4_shared_full_full_reward_seed123,abl-full_reward-s123-2697840.out,31,0.01459618,0.78675973,-0.0717,0.35840254,0.07
4-pattern,123,original,20260612_4pattern_a18_cifar10_e5_p3500_c1200_s100_h100x4_shared_full_full_reward_seed123,abl-full_reward-s123-2697840.out,32,0.01366925,0.98847359,-0.0001,0.31612724,0.07
4-pattern,123,original,20260612_4pattern_a18_cifar10_e5_p3500_c1200_s100_h100x4_shared_full_full_reward_seed123,abl-full_reward-s123-2697840.out,33,0.013840492,1.0748303,0.0204,0.37745564,0.07
4-pattern,123,original,20260612_4pattern_a18_cifar10_e5_p3500_c1200_s100_h100x4_shared_full_full_reward_seed123,abl-full_reward-s123-2697840.out,34,0.012919094,0.82034993,0.0251,0.30782278,0.07
4-pattern,123,original,20260612_4pattern_a18_cifar10_e5_p3500_c1200_s100_h100x4_shared_full_full_reward_seed123,abl-full_reward-s123-2697840.out,35,0.012924051,1.0187435,0.0118,0.32990709,0.07
4-pattern,123,original,20260612_4pattern_a18_cifar10_e5_p3500_c1200_s100_h100x4_shared_full_full_reward_seed123,abl-full_reward-s123-2697840.out,36,0.012367253,0.90616775,-0,0.31782521,0.08
4-pattern,123,original,20260612_4pattern_a18_cifar10_e5_p3500_c1200_s100_h100x4_shared_full_full_reward_seed123,abl-full_reward-s123-2697840.out,37,0.012039047,1.0296746,-0.0313,0.31221448,0.08
4-pattern,123,original,20260612_4pattern_a18_cifar10_e5_p3500_c1200_s100_h100x4_shared_full_full_reward_seed123,abl-full_reward-s123-2697840.out,38,0.011724365,0.87751651,-0.0202,0.30973693,0.08
4-pattern,123,original,20260612_4pattern_a18_cifar10_e5_p3500_c1200_s100_h100x4_shared_full_full_reward_seed123,abl-full_reward-s123-2697840.out,39,0.010997513,0.9268046,0.0087,0.38588913,0.08
4-pattern,123,original,20260612_4pattern_a18_cifar10_e5_p3500_c1200_s100_h100x4_shared_full_full_reward_seed123,abl-full_reward-s123-2697840.out,40,0.013818153,0.75824767,-0.0031,0.31004827,0.08
4-pattern,123,original,20260612_4pattern_a18_cifar10_e5_p3500_c1200_s100_h100x4_shared_full_full_reward_seed123,abl-full_reward-s123-2697840.out,41,0.012554453,0.85442007,-0.0313,0.30906962,0.09
4-pattern,123,original,20260612_4pattern_a18_cifar10_e5_p3500_c1200_s100_h100x4_shared_full_full_reward_seed123,abl-full_reward-s123-2697840.out,42,0.012298234,0.87917173,-0.0002,0.33126408,0.09
4-pattern,123,original,20260612_4pattern_a18_cifar10_e5_p3500_c1200_s100_h100x4_shared_full_full_reward_seed123,abl-full_reward-s123-2697840.out,43,0.01362933,1.0035677,-0.0189,0.31260816,0.09
4-pattern,123,original,20260612_4pattern_a18_cifar10_e5_p3500_c1200_s100_h100x4_shared_full_full_reward_seed123,abl-full_reward-s123-2697840.out,44,0.015496187,0.65838838,0.0049,0.31211609,0.09
4-pattern,123,original,20260612_4pattern_a18_cifar10_e5_p3500_c1200_s100_h100x4_shared_full_full_reward_seed123,abl-full_reward-s123-2697840.out,45,0.014229876,0.49764651,0.0204,0.37266605,0.09
4-pattern,123,original,20260612_4pattern_a18_cifar10_e5_p3500_c1200_s100_h100x4_shared_full_full_reward_seed123,abl-full_reward-s123-2697840.out,46,0.015311635,0.83529294,-0.0036,0.3008494,0.1
4-pattern,123,original,20260612_4pattern_a18_cifar10_e5_p3500_c1200_s100_h100x4_shared_full_full_reward_seed123,abl-full_reward-s123-2697840.out,47,0.015174005,0.58669209,0.006,0.30332446,0.1
4-pattern,123,original,20260612_4pattern_a18_cifar10_e5_p3500_c1200_s100_h100x4_shared_full_full_reward_seed123,abl-full_reward-s123-2697840.out,48,0.016313362,0.78253019,0.0033,0.32613589,0.1
4-pattern,123,original,20260612_4pattern_a18_cifar10_e5_p3500_c1200_s100_h100x4_shared_full_full_reward_seed123,abl-full_reward-s123-2697840.out,49,0.018836971,0.70386875,-0.1235,0.28485787,0.1
4-pattern,123,original,20260612_4pattern_a18_cifar10_e5_p3500_c1200_s100_h100x4_shared_full_full_reward_seed123,abl-full_reward-s123-2697840.out,50,0.015178563,0.52272266,0.0315,0.37342076,0.1
4-pattern,123,original,20260612_4pattern_a18_cifar10_e5_p3500_c1200_s100_h100x4_shared_full_full_reward_seed123,abl-full_reward-s123-2697840.out,51,0.012402638,0.77644432,-0.0303,0.32750815,0.11
4-pattern,123,original,20260612_4pattern_a18_cifar10_e5_p3500_c1200_s100_h100x4_shared_full_full_reward_seed123,abl-full_reward-s123-2697840.out,52,0.013120067,0.81681341,-0.0161,0.31872917,0.11
4-pattern,123,original,20260612_4pattern_a18_cifar10_e5_p3500_c1200_s100_h100x4_shared_full_full_reward_seed123,abl-full_reward-s123-2697840.out,53,0.014576285,0.98835671,0.0026,0.30842982,0.11
4-pattern,123,original,20260612_4pattern_a18_cifar10_e5_p3500_c1200_s100_h100x4_shared_full_full_reward_seed123,abl-full_reward-s123-2697840.out,54,0.012464729,0.87161934,-0.0014,0.31087711,0.11
4-pattern,123,original,20260612_4pattern_a18_cifar10_e5_p3500_c1200_s100_h100x4_shared_full_full_reward_seed123,abl-full_reward-s123-2697840.out,55,0.013190539,0.91513729,0.0192,0.29939714,0.11
4-pattern,123,original,20260612_4pattern_a18_cifar10_e5_p3500_c1200_s100_h100x4_shared_full_full_reward_seed123,abl-full_reward-s123-2697840.out,56,0.012335402,1.0078927,-0.0154,0.30079681,0.12
4-pattern,123,original,20260612_4pattern_a18_cifar10_e5_p3500_c1200_s100_h100x4_shared_full_full_reward_seed123,abl-full_reward-s123-2697840.out,57,0.012872095,0.85086834,0.0248,0.36733301,0.12
4-pattern,123,original,20260612_4pattern_a18_cifar10_e5_p3500_c1200_s100_h100x4_shared_full_full_reward_seed123,abl-full_reward-s123-2697840.out,58,0.012067202,0.98423761,0.012,0.33747156,0.12
4-pattern,123,original,20260612_4pattern_a18_cifar10_e5_p3500_c1200_s100_h100x4_shared_full_full_reward_seed123,abl-full_reward-s123-2697840.out,59,0.014313254,1.1491263,0.0198,0.3581994,0.12
4-pattern,123,original,20260612_4pattern_a18_cifar10_e5_p3500_c1200_s100_h100x4_shared_full_full_reward_seed123,abl-full_reward-s123-2697840.out,60,0.013200558,0.98188066,0.0071,0.3605441,0.12
4-pattern,123,original,20260612_4pattern_a18_cifar10_e5_p3500_c1200_s100_h100x4_shared_full_full_reward_seed123,abl-full_reward-s123-2697840.out,61,0.012856349,0.99648803,-0.0134,0.34260332,0.13
4-pattern,123,original,20260612_4pattern_a18_cifar10_e5_p3500_c1200_s100_h100x4_shared_full_full_reward_seed123,abl-full_reward-s123-2697840.out,62,0.012583624,0.84433317,0.0168,0.32147138,0.13
4-pattern,123,original,20260612_4pattern_a18_cifar10_e5_p3500_c1200_s100_h100x4_shared_full_full_reward_seed123,abl-full_reward-s123-2697840.out,63,0.012945869,0.9406327,-0.0256,0.30844078,0.13
4-pattern,123,original,20260612_4pattern_a18_cifar10_e5_p3500_c1200_s100_h100x4_shared_full_full_reward_seed123,abl-full_reward-s123-2697840.out,64,0.014783028,0.85226202,-0.0273,0.3022926,0.13
4-pattern,123,original,20260612_4pattern_a18_cifar10_e5_p3500_c1200_s100_h100x4_shared_full_full_reward_seed123,abl-full_reward-s123-2697840.out,65,0.014026308,0.95354319,0.0095,0.31531716,0.13
4-pattern,123,original,20260612_4pattern_a18_cifar10_e5_p3500_c1200_s100_h100x4_shared_full_full_reward_seed123,abl-full_reward-s123-2697840.out,66,0.012483563,0.84378731,0.006,0.32107937,0.14
4-pattern,123,original,20260612_4pattern_a18_cifar10_e5_p3500_c1200_s100_h100x4_shared_full_full_reward_seed123,abl-full_reward-s123-2697840.out,67,0.015853281,0.74841797,-0.0776,0.30925998,0.14
4-pattern,123,original,20260612_4pattern_a18_cifar10_e5_p3500_c1200_s100_h100x4_shared_full_full_reward_seed123,abl-full_reward-s123-2697840.out,68,0.014620342,1.0869755,-0.0105,0.35900778,0.14
4-pattern,123,original,20260612_4pattern_a18_cifar10_e5_p3500_c1200_s100_h100x4_shared_full_full_reward_seed123,abl-full_reward-s123-2697840.out,69,0.014411372,1.1376219,0.0137,0.34890299,0.14
4-pattern,123,original,20260612_4pattern_a18_cifar10_e5_p3500_c1200_s100_h100x4_shared_full_full_reward_seed123,abl-full_reward-s123-2697840.out,70,0.012562198,0.85642487,0.0203,0.32205154,0.14
4-pattern,123,original,20260612_4pattern_a18_cifar10_e5_p3500_c1200_s100_h100x4_shared_full_full_reward_seed123,abl-full_reward-s123-2697840.out,71,0.012994958,1.018877,-0.0033,0.32985391,0.15
4-pattern,123,original,20260612_4pattern_a18_cifar10_e5_p3500_c1200_s100_h100x4_shared_full_full_reward_seed123,abl-full_reward-s123-2697840.out,72,0.013157212,0.7988677,-0.0047,0.32477654,0.15
4-pattern,123,original,20260612_4pattern_a18_cifar10_e5_p3500_c1200_s100_h100x4_shared_full_full_reward_seed123,abl-full_reward-s123-2697840.out,73,0.013749457,0.9109298,0.0178,0.33983843,0.15
4-pattern,123,original,20260612_4pattern_a18_cifar10_e5_p3500_c1200_s100_h100x4_shared_full_full_reward_seed123,abl-full_reward-s123-2697840.out,74,0.012292975,0.70744479,0.0117,0.37191327,0.15
4-pattern,123,original,20260612_4pattern_a18_cifar10_e5_p3500_c1200_s100_h100x4_shared_full_full_reward_seed123,abl-full_reward-s123-2697840.out,75,0.0125591,0.96771288,-0.0262,0.31342568,0.15
4-pattern,123,original,20260612_4pattern_a18_cifar10_e5_p3500_c1200_s100_h100x4_shared_full_full_reward_seed123,abl-full_reward-s123-2697840.out,76,0.014554732,1.0755501,-0.0159,0.33026154,0.16
4-pattern,123,original,20260612_4pattern_a18_cifar10_e5_p3500_c1200_s100_h100x4_shared_full_full_reward_seed123,abl-full_reward-s123-2697840.out,77,0.012778762,0.80674124,0.0165,0.311849,0.16
4-pattern,123,original,20260612_4pattern_a18_cifar10_e5_p3500_c1200_s100_h100x4_shared_full_full_reward_seed123,abl-full_reward-s123-2697840.out,78,0.012811309,0.46077949,-0.0043,0.37488186,0.16
4-pattern,123,original,20260612_4pattern_a18_cifar10_e5_p3500_c1200_s100_h100x4_shared_full_full_reward_seed123,abl-full_reward-s123-2697840.out,79,0.013043124,0.43846285,0.0074,0.36436518,0.16
4-pattern,123,original,20260612_4pattern_a18_cifar10_e5_p3500_c1200_s100_h100x4_shared_full_full_reward_seed123,abl-full_reward-s123-2697840.out,80,0.0142082,1.0394541,0.0176,0.32990099,0.16
4-pattern,123,original,20260612_4pattern_a18_cifar10_e5_p3500_c1200_s100_h100x4_shared_full_full_reward_seed123,abl-full_reward-s123-2697840.out,81,0.013799857,1.1318908,0.0037,0.37239829,0.17
4-pattern,123,original,20260612_4pattern_a18_cifar10_e5_p3500_c1200_s100_h100x4_shared_full_full_reward_seed123,abl-full_reward-s123-2697840.out,82,0.012776977,0.91876954,0.0001,0.31934754,0.17
4-pattern,123,original,20260612_4pattern_a18_cifar10_e5_p3500_c1200_s100_h100x4_shared_full_full_reward_seed123,abl-full_reward-s123-2697840.out,83,0.012768315,1.0327247,-0.0245,0.32950815,0.17
4-pattern,123,original,20260612_4pattern_a18_cifar10_e5_p3500_c1200_s100_h100x4_shared_full_full_reward_seed123,abl-full_reward-s123-2697840.out,84,0.012278333,1.0958186,0.0007,0.35996651,0.17
4-pattern,123,original,20260612_4pattern_a18_cifar10_e5_p3500_c1200_s100_h100x4_shared_full_full_reward_seed123,abl-full_reward-s123-2697840.out,85,0.01233083,0.51615912,0.0091,0.38655576,0.17
4-pattern,123,original,20260612_4pattern_a18_cifar10_e5_p3500_c1200_s100_h100x4_shared_full_full_reward_seed123,abl-full_reward-s123-2697840.out,86,0.013801864,0.64066082,0.0099,0.36564922,0.18
4-pattern,123,original,20260612_4pattern_a18_cifar10_e5_p3500_c1200_s100_h100x4_shared_full_full_reward_seed123,abl-full_reward-s123-2697840.out,87,0.012474795,0.41422004,0.0126,0.36995534,0.18
4-pattern,123,original,20260612_4pattern_a18_cifar10_e5_p3500_c1200_s100_h100x4_shared_full_full_reward_seed123,abl-full_reward-s123-2697840.out,88,0.013329809,1.0125568,0.0233,0.35056931,0.18
4-pattern,123,original,20260612_4pattern_a18_cifar10_e5_p3500_c1200_s100_h100x4_shared_full_full_reward_seed123,abl-full_reward-s123-2697840.out,89,0.012793773,1.0550175,0.0231,0.32854542,0.18
4-pattern,123,original,20260612_4pattern_a18_cifar10_e5_p3500_c1200_s100_h100x4_shared_full_full_reward_seed123,abl-full_reward-s123-2697840.out,90,0.014892827,0.93011874,0.0242,0.36187744,0.18
4-pattern,123,original,20260612_4pattern_a18_cifar10_e5_p3500_c1200_s100_h100x4_shared_full_full_reward_seed123,abl-full_reward-s123-2697840.out,91,0.013345081,0.75743222,0.0072,0.35646034,0.19
4-pattern,123,original,20260612_4pattern_a18_cifar10_e5_p3500_c1200_s100_h100x4_shared_full_full_reward_seed123,abl-full_reward-s123-2697840.out,92,0.013300158,0.90891784,-0.0054,0.33485585,0.19
4-pattern,123,original,20260612_4pattern_a18_cifar10_e5_p3500_c1200_s100_h100x4_shared_full_full_reward_seed123,abl-full_reward-s123-2697840.out,93,0.012283414,1.0349095,0.0155,0.36961904,0.19
4-pattern,123,original,20260612_4pattern_a18_cifar10_e5_p3500_c1200_s100_h100x4_shared_full_full_reward_seed123,abl-full_reward-s123-2697840.out,94,0.012836957,1.0482359,0.0214,0.33751038,0.19
4-pattern,123,original,20260612_4pattern_a18_cifar10_e5_p3500_c1200_s100_h100x4_shared_full_full_reward_seed123,abl-full_reward-s123-2697840.out,95,0.013257745,0.96368515,0.0058,0.33950105,0.19
4-pattern,123,original,20260612_4pattern_a18_cifar10_e5_p3500_c1200_s100_h100x4_shared_full_full_reward_seed123,abl-full_reward-s123-2697840.out,96,0.013164073,0.96443713,0.0139,0.35172283,0.2
4-pattern,123,original,20260612_4pattern_a18_cifar10_e5_p3500_c1200_s100_h100x4_shared_full_full_reward_seed123,abl-full_reward-s123-2697840.out,97,0.013622351,0.97691327,0.0018,0.36397121,0.2
4-pattern,123,original,20260612_4pattern_a18_cifar10_e5_p3500_c1200_s100_h100x4_shared_full_full_reward_seed123,abl-full_reward-s123-2697840.out,98,0.014432093,0.89300406,0.0089,0.33318764,0.2
4-pattern,777,original,20260612_4pattern_a18_cifar10_e5_p3500_c1200_s100_l40s_excl_full_full_reward_seed777,abl-full_reward-s777-2697842.out,1,0.015014041,0.28487498,0.3378,7.5260494,0
4-pattern,777,original,20260612_4pattern_a18_cifar10_e5_p3500_c1200_s100_l40s_excl_full_full_reward_seed777,abl-full_reward-s777-2697842.out,2,0.016075148,0.29170549,0.0531,0.38217124,0
4-pattern,777,original,20260612_4pattern_a18_cifar10_e5_p3500_c1200_s100_l40s_excl_full_full_reward_seed777,abl-full_reward-s777-2697842.out,3,0.016206934,0.29987502,0.0218,0.38104693,0.01
4-pattern,777,original,20260612_4pattern_a18_cifar10_e5_p3500_c1200_s100_l40s_excl_full_full_reward_seed777,abl-full_reward-s777-2697842.out,4,0.015974882,0.29970834,0.0257,0.38092044,0.01
4-pattern,777,original,20260612_4pattern_a18_cifar10_e5_p3500_c1200_s100_l40s_excl_full_full_reward_seed777,abl-full_reward-s777-2697842.out,5,0.016145086,0.29766667,0.0377,0.38229435,0.01
4-pattern,777,original,20260612_4pattern_a18_cifar10_e5_p3500_c1200_s100_l40s_excl_full_full_reward_seed777,abl-full_reward-s777-2697842.out,6,0.015204038,0.30000001,0.0154,0.38484491,0.01
4-pattern,777,original,20260612_4pattern_a18_cifar10_e5_p3500_c1200_s100_l40s_excl_full_full_reward_seed777,abl-full_reward-s777-2697842.out,7,0.014234162,0.30000001,0.0156,0.38950979,0.01
4-pattern,777,original,20260612_4pattern_a18_cifar10_e5_p3500_c1200_s100_l40s_excl_full_full_reward_seed777,abl-full_reward-s777-2697842.out,8,0.018600016,0.15375,-0.0856,0.36986097,0.02
4-pattern,777,original,20260612_4pattern_a18_cifar10_e5_p3500_c1200_s100_l40s_excl_full_full_reward_seed777,abl-full_reward-s777-2697842.out,9,0.014951509,0.29941666,0.0315,0.37721389,0.02
4-pattern,777,original,20260612_4pattern_a18_cifar10_e5_p3500_c1200_s100_l40s_excl_full_full_reward_seed777,abl-full_reward-s777-2697842.out,10,0.014065537,0.30000001,0.0154,0.38445428,0.02
4-pattern,777,original,20260612_4pattern_a18_cifar10_e5_p3500_c1200_s100_l40s_excl_full_full_reward_seed777,abl-full_reward-s777-2697842.out,11,0.014304848,0.29800001,0.0425,0.39606019,0.02
4-pattern,777,original,20260612_4pattern_a18_cifar10_e5_p3500_c1200_s100_l40s_excl_full_full_reward_seed777,abl-full_reward-s777-2697842.out,12,0.01439651,0.30000001,0.0147,0.36699779,0.02
4-pattern,777,original,20260612_4pattern_a18_cifar10_e5_p3500_c1200_s100_l40s_excl_full_full_reward_seed777,abl-full_reward-s777-2697842.out,13,0.015207096,0.13750002,0.0075,0.36645525,0.03
4-pattern,777,original,20260612_4pattern_a18_cifar10_e5_p3500_c1200_s100_l40s_excl_full_full_reward_seed777,abl-full_reward-s777-2697842.out,14,0.013943256,0.30000001,0.0151,0.37777695,0.03
4-pattern,777,original,20260612_4pattern_a18_cifar10_e5_p3500_c1200_s100_l40s_excl_full_full_reward_seed777,abl-full_reward-s777-2697842.out,15,0.011883235,0.29962501,0.019,0.35459121,0.03
4-pattern,777,original,20260612_4pattern_a18_cifar10_e5_p3500_c1200_s100_l40s_excl_full_full_reward_seed777,abl-full_reward-s777-2697842.out,16,0.01431346,-1.275,0.0156,0.38911137,0.03
4-pattern,777,original,20260612_4pattern_a18_cifar10_e5_p3500_c1200_s100_l40s_excl_full_full_reward_seed777,abl-full_reward-s777-2697842.out,17,0.013905087,0.30000001,0.0154,0.38499303,0.03
4-pattern,777,original,20260612_4pattern_a18_cifar10_e5_p3500_c1200_s100_l40s_excl_full_full_reward_seed777,abl-full_reward-s777-2697842.out,18,0.012443926,0.30000001,0.0154,0.38549451,0.04
4-pattern,777,original,20260612_4pattern_a18_cifar10_e5_p3500_c1200_s100_l40s_excl_full_full_reward_seed777,abl-full_reward-s777-2697842.out,19,0.012589048,0.30000001,0.0151,0.37712472,0.04
4-pattern,777,original,20260612_4pattern_a18_cifar10_e5_p3500_c1200_s100_l40s_excl_full_full_reward_seed777,abl-full_reward-s777-2697842.out,20,0.011926364,0.30000001,0.0142,0.35399844,0.04
4-pattern,777,original,20260612_4pattern_a18_cifar10_e5_p3500_c1200_s100_l40s_excl_full_full_reward_seed777,abl-full_reward-s777-2697842.out,21,0.013028113,0.92346561,0.0171,0.38504359,0.04
4-pattern,777,original,20260612_4pattern_a18_cifar10_e5_p3500_c1200_s100_l40s_excl_full_full_reward_seed777,abl-full_reward-s777-2697842.out,22,0.014277587,0.71376079,0.0126,0.38162927,0.04
4-pattern,777,original,20260612_4pattern_a18_cifar10_e5_p3500_c1200_s100_l40s_excl_full_full_reward_seed777,abl-full_reward-s777-2697842.out,23,0.01213146,0.78233671,0.0191,0.36001483,0.05
4-pattern,777,original,20260612_4pattern_a18_cifar10_e5_p3500_c1200_s100_l40s_excl_full_full_reward_seed777,abl-full_reward-s777-2697842.out,24,0.013756626,0.6012128,0.046,0.34853517,0.05
4-pattern,777,original,20260612_4pattern_a18_cifar10_e5_p3500_c1200_s100_l40s_excl_full_full_reward_seed777,abl-full_reward-s777-2697842.out,25,0.013779999,0.80510271,0.0138,0.38181178,0.05
4-pattern,777,original,20260612_4pattern_a18_cifar10_e5_p3500_c1200_s100_l40s_excl_full_full_reward_seed777,abl-full_reward-s777-2697842.out,26,0.013867805,1.0489016,0.0237,0.3783099,0.05
4-pattern,777,original,20260612_4pattern_a18_cifar10_e5_p3500_c1200_s100_l40s_excl_full_full_reward_seed777,abl-full_reward-s777-2697842.out,27,0.013212801,0.92520714,0.0163,0.37992394,0.05
4-pattern,777,original,20260612_4pattern_a18_cifar10_e5_p3500_c1200_s100_l40s_excl_full_full_reward_seed777,abl-full_reward-s777-2697842.out,28,0.014206941,1.1266226,0.0154,0.37908831,0.06
4-pattern,777,original,20260612_4pattern_a18_cifar10_e5_p3500_c1200_s100_l40s_excl_full_full_reward_seed777,abl-full_reward-s777-2697842.out,29,0.013003132,0.98114717,0.0178,0.38976511,0.06
4-pattern,777,original,20260612_4pattern_a18_cifar10_e5_p3500_c1200_s100_l40s_excl_full_full_reward_seed777,abl-full_reward-s777-2697842.out,30,0.012935724,0.97383261,0.0204,0.39119909,0.06
4-pattern,777,original,20260612_4pattern_a18_cifar10_e5_p3500_c1200_s100_l40s_excl_full_full_reward_seed777,abl-full_reward-s777-2697842.out,31,0.012933998,0.86446595,0.0135,0.38429278,0.06
4-pattern,777,original,20260612_4pattern_a18_cifar10_e5_p3500_c1200_s100_l40s_excl_full_full_reward_seed777,abl-full_reward-s777-2697842.out,32,0.014907861,0.25504214,-0.0083,0.35898829,0.06
4-pattern,777,original,20260612_4pattern_a18_cifar10_e5_p3500_c1200_s100_l40s_excl_full_full_reward_seed777,abl-full_reward-s777-2697842.out,33,0.014435546,0.99511874,0.0189,0.38159896,0.07
4-pattern,777,original,20260612_4pattern_a18_cifar10_e5_p3500_c1200_s100_l40s_excl_full_full_reward_seed777,abl-full_reward-s777-2697842.out,34,0.012686323,0.7373414,0.007,0.37574218,0.07
4-pattern,777,original,20260612_4pattern_a18_cifar10_e5_p3500_c1200_s100_l40s_excl_full_full_reward_seed777,abl-full_reward-s777-2697842.out,35,0.016941128,0.47218174,-0.0826,0.33557049,0.07
4-pattern,777,original,20260612_4pattern_a18_cifar10_e5_p3500_c1200_s100_l40s_excl_full_full_reward_seed777,abl-full_reward-s777-2697842.out,36,0.013670339,1.0463805,0.0055,0.39037387,0.07
4-pattern,777,original,20260612_4pattern_a18_cifar10_e5_p3500_c1200_s100_l40s_excl_full_full_reward_seed777,abl-full_reward-s777-2697842.out,37,0.013484443,0.94744533,0.0176,0.38938545,0.07
4-pattern,777,original,20260612_4pattern_a18_cifar10_e5_p3500_c1200_s100_l40s_excl_full_full_reward_seed777,abl-full_reward-s777-2697842.out,38,0.011928194,0.93851537,0.0147,0.35657209,0.08
4-pattern,777,original,20260612_4pattern_a18_cifar10_e5_p3500_c1200_s100_l40s_excl_full_full_reward_seed777,abl-full_reward-s777-2697842.out,39,0.014051656,0.90156275,0.0176,0.38460819,0.08
4-pattern,777,original,20260612_4pattern_a18_cifar10_e5_p3500_c1200_s100_l40s_excl_full_full_reward_seed777,abl-full_reward-s777-2697842.out,40,0.012597313,0.88385153,0.0099,0.36495213,0.08
4-pattern,777,original,20260612_4pattern_a18_cifar10_e5_p3500_c1200_s100_l40s_excl_full_full_reward_seed777,abl-full_reward-s777-2697842.out,41,0.014282754,0.99770057,0.0152,0.39118232,0.08
4-pattern,777,original,20260612_4pattern_a18_cifar10_e5_p3500_c1200_s100_l40s_excl_full_full_reward_seed777,abl-full_reward-s777-2697842.out,42,0.0149466,0.81942493,0.0188,0.38603701,0.08
4-pattern,777,original,20260612_4pattern_a18_cifar10_e5_p3500_c1200_s100_l40s_excl_full_full_reward_seed777,abl-full_reward-s777-2697842.out,43,0.01385128,1.0301886,0.008,0.36012875,0.09
4-pattern,777,original,20260612_4pattern_a18_cifar10_e5_p3500_c1200_s100_l40s_excl_full_full_reward_seed777,abl-full_reward-s777-2697842.out,44,0.015180525,0.95260781,0.0186,0.39625682,0.09
4-pattern,777,original,20260612_4pattern_a18_cifar10_e5_p3500_c1200_s100_l40s_excl_full_full_reward_seed777,abl-full_reward-s777-2697842.out,45,0.014722862,0.9757967,0.0134,0.36392907,0.09
4-pattern,777,original,20260612_4pattern_a18_cifar10_e5_p3500_c1200_s100_l40s_excl_full_full_reward_seed777,abl-full_reward-s777-2697842.out,46,0.014151439,0.80630237,0.0117,0.35606672,0.09
4-pattern,777,original,20260612_4pattern_a18_cifar10_e5_p3500_c1200_s100_l40s_excl_full_full_reward_seed777,abl-full_reward-s777-2697842.out,47,0.021177008,-0.1701051,0.0227,0.37762386,0.09
4-pattern,777,original,20260612_4pattern_a18_cifar10_e5_p3500_c1200_s100_l40s_excl_full_full_reward_seed777,abl-full_reward-s777-2697842.out,48,0.014104997,0.69673413,0.0145,0.36347753,0.1
4-pattern,777,original,20260612_4pattern_a18_cifar10_e5_p3500_c1200_s100_l40s_excl_full_full_reward_seed777,abl-full_reward-s777-2697842.out,49,0.017065606,0.82144767,0.0086,0.39129068,0.1
4-pattern,777,original,20260612_4pattern_a18_cifar10_e5_p3500_c1200_s100_l40s_excl_full_full_reward_seed777,abl-full_reward-s777-2697842.out,50,0.017502021,0.34586063,0.0322,0.36691592,0.1
4-pattern,777,original,20260612_4pattern_a18_cifar10_e5_p3500_c1200_s100_l40s_excl_full_full_reward_seed777,abl-full_reward-s777-2697842.out,51,0.019401562,-0.10621515,0.0247,0.39314391,0.1
4-pattern,777,original,20260612_4pattern_a18_cifar10_e5_p3500_c1200_s100_l40s_excl_full_full_reward_seed777,abl-full_reward-s777-2697842.out,52,0.016657796,0.5829004,0.0127,0.39381157,0.1
4-pattern,777,original,20260612_4pattern_a18_cifar10_e5_p3500_c1200_s100_l40s_excl_full_full_reward_seed777,abl-full_reward-s777-2697842.out,53,0.015329062,0.97977251,0.0216,0.39677181,0.11
4-pattern,777,original,20260612_4pattern_a18_cifar10_e5_p3500_c1200_s100_l40s_excl_full_full_reward_seed777,abl-full_reward-s777-2697842.out,54,0.015404775,0.91546714,0.0161,0.3864592,0.11
4-pattern,777,original,20260612_4pattern_a18_cifar10_e5_p3500_c1200_s100_l40s_excl_full_full_reward_seed777,abl-full_reward-s777-2697842.out,55,0.015181225,1.0063187,0.0158,0.39056703,0.11
4-pattern,777,original,20260612_4pattern_a18_cifar10_e5_p3500_c1200_s100_l40s_excl_full_full_reward_seed777,abl-full_reward-s777-2697842.out,56,0.015176888,0.99197268,0.0167,0.3930827,0.11
4-pattern,777,original,20260612_4pattern_a18_cifar10_e5_p3500_c1200_s100_l40s_excl_full_full_reward_seed777,abl-full_reward-s777-2697842.out,57,0.015201476,1.1121168,0.009,0.39336037,0.11
4-pattern,777,original,20260612_4pattern_a18_cifar10_e5_p3500_c1200_s100_l40s_excl_full_full_reward_seed777,abl-full_reward-s777-2697842.out,58,0.01475339,0.93812573,0.0233,0.39196467,0.12
4-pattern,777,original,20260612_4pattern_a18_cifar10_e5_p3500_c1200_s100_l40s_excl_full_full_reward_seed777,abl-full_reward-s777-2697842.out,59,0.015296243,0.73854244,0.0169,0.38988324,0.12
4-pattern,777,original,20260612_4pattern_a18_cifar10_e5_p3500_c1200_s100_l40s_excl_full_full_reward_seed777,abl-full_reward-s777-2697842.out,60,0.015127027,0.96835291,0.0219,0.39349119,0.12
4-pattern,777,original,20260612_4pattern_a18_cifar10_e5_p3500_c1200_s100_l40s_excl_full_full_reward_seed777,abl-full_reward-s777-2697842.out,61,0.01558164,0.71790171,0.0107,0.39069699,0.12
4-pattern,777,original,20260612_4pattern_a18_cifar10_e5_p3500_c1200_s100_l40s_excl_full_full_reward_seed777,abl-full_reward-s777-2697842.out,62,0.015458553,0.98783505,0.0139,0.38181711,0.12
4-pattern,777,original,20260612_4pattern_a18_cifar10_e5_p3500_c1200_s100_l40s_excl_full_full_reward_seed777,abl-full_reward-s777-2697842.out,63,0.015501288,0.92241538,0.0168,0.39280091,0.13
4-pattern,777,original,20260612_4pattern_a18_cifar10_e5_p3500_c1200_s100_l40s_excl_full_full_reward_seed777,abl-full_reward-s777-2697842.out,64,0.017235126,1.1318438,0.0193,0.39707064,0.13
4-pattern,777,original,20260612_4pattern_a18_cifar10_e5_p3500_c1200_s100_l40s_excl_full_full_reward_seed777,abl-full_reward-s777-2697842.out,65,0.015105575,0.98733598,0.0084,0.3585543,0.13
4-pattern,777,original,20260612_4pattern_a18_cifar10_e5_p3500_c1200_s100_l40s_excl_full_full_reward_seed777,abl-full_reward-s777-2697842.out,66,0.01505408,0.86643004,0.0095,0.36345341,0.13
4-pattern,777,original,20260612_4pattern_a18_cifar10_e5_p3500_c1200_s100_l40s_excl_full_full_reward_seed777,abl-full_reward-s777-2697842.out,67,0.015962241,1.0137148,0.014,0.39401871,0.13
4-pattern,777,original,20260612_4pattern_a18_cifar10_e5_p3500_c1200_s100_l40s_excl_full_full_reward_seed777,abl-full_reward-s777-2697842.out,68,0.016967795,0.83398217,-0.022,0.35192927,0.14
4-pattern,777,original,20260612_4pattern_a18_cifar10_e5_p3500_c1200_s100_l40s_excl_full_full_reward_seed777,abl-full_reward-s777-2697842.out,69,0.015748536,0.95471978,0.0162,0.38670284,0.14
4-pattern,777,original,20260612_4pattern_a18_cifar10_e5_p3500_c1200_s100_l40s_excl_full_full_reward_seed777,abl-full_reward-s777-2697842.out,70,0.014362468,1.025184,0.0137,0.36018141,0.14
4-pattern,777,original,20260612_4pattern_a18_cifar10_e5_p3500_c1200_s100_l40s_excl_full_full_reward_seed777,abl-full_reward-s777-2697842.out,71,0.014746227,0.84836602,0.0194,0.38434976,0.14
4-pattern,777,original,20260612_4pattern_a18_cifar10_e5_p3500_c1200_s100_l40s_excl_full_full_reward_seed777,abl-full_reward-s777-2697842.out,72,0.020190255,0.96446061,0.0689,0.37900822,0.14
4-pattern,777,original,20260612_4pattern_a18_cifar10_e5_p3500_c1200_s100_l40s_excl_full_full_reward_seed777,abl-full_reward-s777-2697842.out,73,0.016032159,0.86676508,0.0149,0.3912808,0.15
4-pattern,777,original,20260612_4pattern_a18_cifar10_e5_p3500_c1200_s100_l40s_excl_full_full_reward_seed777,abl-full_reward-s777-2697842.out,74,0.014083101,0.95539618,0.0148,0.35554204,0.15
4-pattern,777,original,20260612_4pattern_a18_cifar10_e5_p3500_c1200_s100_l40s_excl_full_full_reward_seed777,abl-full_reward-s777-2697842.out,75,0.014739922,1.1048605,0.0118,0.35584723,0.15
4-pattern,777,original,20260612_4pattern_a18_cifar10_e5_p3500_c1200_s100_l40s_excl_full_full_reward_seed777,abl-full_reward-s777-2697842.out,76,0.015353347,0.97297859,0.0108,0.38797754,0.15
4-pattern,777,original,20260612_4pattern_a18_cifar10_e5_p3500_c1200_s100_l40s_excl_full_full_reward_seed777,abl-full_reward-s777-2697842.out,77,0.01509549,1.1354687,-0.004,0.38287574,0.15
4-pattern,777,original,20260612_4pattern_a18_cifar10_e5_p3500_c1200_s100_l40s_excl_full_full_reward_seed777,abl-full_reward-s777-2697842.out,78,0.01527557,0.95786786,0.0109,0.39975965,0.16
4-pattern,777,original,20260612_4pattern_a18_cifar10_e5_p3500_c1200_s100_l40s_excl_full_full_reward_seed777,abl-full_reward-s777-2697842.out,79,0.014770319,1.0017731,-0.0016,0.39126045,0.16
4-pattern,777,original,20260612_4pattern_a18_cifar10_e5_p3500_c1200_s100_l40s_excl_full_full_reward_seed777,abl-full_reward-s777-2697842.out,80,0.01329261,1.0548975,0.0116,0.35839853,0.16
4-pattern,777,original,20260612_4pattern_a18_cifar10_e5_p3500_c1200_s100_l40s_excl_full_full_reward_seed777,abl-full_reward-s777-2697842.out,81,0.015210657,1.1325794,0.013,0.38061479,0.16
4-pattern,777,original,20260612_4pattern_a18_cifar10_e5_p3500_c1200_s100_l40s_excl_full_full_reward_seed777,abl-full_reward-s777-2697842.out,82,0.014088328,0.89460135,0.0125,0.39643261,0.16
4-pattern,777,original,20260612_4pattern_a18_cifar10_e5_p3500_c1200_s100_l40s_excl_full_full_reward_seed777,abl-full_reward-s777-2697842.out,83,0.014997101,0.74331599,0.0349,0.3908704,0.17
4-pattern,777,original,20260612_4pattern_a18_cifar10_e5_p3500_c1200_s100_l40s_excl_full_full_reward_seed777,abl-full_reward-s777-2697842.out,84,0.016599144,0.98567694,0.0391,0.37547982,0.17
4-pattern,777,original,20260612_4pattern_a18_cifar10_e5_p3500_c1200_s100_l40s_excl_full_full_reward_seed777,abl-full_reward-s777-2697842.out,85,0.016518525,0.79643297,0.0142,0.37103104,0.17
4-pattern,777,original,20260612_4pattern_a18_cifar10_e5_p3500_c1200_s100_l40s_excl_full_full_reward_seed777,abl-full_reward-s777-2697842.out,86,0.01399052,1.0662081,0.0101,0.36815555,0.17
4-pattern,777,original,20260612_4pattern_a18_cifar10_e5_p3500_c1200_s100_l40s_excl_full_full_reward_seed777,abl-full_reward-s777-2697842.out,87,0.014720217,0.94607973,0.0065,0.39783698,0.17
4-pattern,777,original,20260612_4pattern_a18_cifar10_e5_p3500_c1200_s100_l40s_excl_full_full_reward_seed777,abl-full_reward-s777-2697842.out,88,0.018240667,0.46956408,0.0189,0.38649315,0.18
4-pattern,777,original,20260612_4pattern_a18_cifar10_e5_p3500_c1200_s100_l40s_excl_full_full_reward_seed777,abl-full_reward-s777-2697842.out,89,0.014279186,0.99932134,0.0189,0.39878721,0.18
4-pattern,777,original,20260612_4pattern_a18_cifar10_e5_p3500_c1200_s100_l40s_excl_full_full_reward_seed777,abl-full_reward-s777-2697842.out,90,0.01407081,1.1865327,0.014,0.3628179,0.18
4-pattern,777,original,20260612_4pattern_a18_cifar10_e5_p3500_c1200_s100_l40s_excl_full_full_reward_seed777,abl-full_reward-s777-2697842.out,91,0.016683652,0.90080416,0.0166,0.38849046,0.18
4-pattern,777,original,20260612_4pattern_a18_cifar10_e5_p3500_c1200_s100_l40s_excl_full_full_reward_seed777,abl-full_reward-s777-2697842.out,92,0.016363348,0.97726941,0.0144,0.38136467,0.18
4-pattern,777,original,20260612_4pattern_a18_cifar10_e5_p3500_c1200_s100_l40s_excl_full_full_reward_seed777,abl-full_reward-s777-2697842.out,93,0.017355298,0.79921585,0.0587,0.39284888,0.19
4-pattern,777,original,20260612_4pattern_a18_cifar10_e5_p3500_c1200_s100_l40s_excl_full_full_reward_seed777,abl-full_reward-s777-2697842.out,94,0.014916912,0.69974452,0.0144,0.38720482,0.19
4-pattern,777,original,20260612_4pattern_a18_cifar10_e5_p3500_c1200_s100_l40s_excl_full_full_reward_seed777,abl-full_reward-s777-2697842.out,95,0.01368854,0.90657938,0.0078,0.36067784,0.19
4-pattern,777,original,20260612_4pattern_a18_cifar10_e5_p3500_c1200_s100_l40s_excl_full_full_reward_seed777,abl-full_reward-s777-2697842.out,96,0.014035278,1.1473905,0.0111,0.39609077,0.19
4-pattern,777,original,20260612_4pattern_a18_cifar10_e5_p3500_c1200_s100_l40s_excl_full_full_reward_seed777,abl-full_reward-s777-2697842.out,97,0.014745227,1.0333552,0.0138,0.38954326,0.19
4-pattern,777,original,20260612_4pattern_a18_cifar10_e5_p3500_c1200_s100_l40s_excl_full_full_reward_seed777,abl-full_reward-s777-2697842.out,98,0.013182627,1.1702312,0.0122,0.36248444,0.2
4-pattern,777,original,20260612_4pattern_a18_cifar10_e5_p3500_c1200_s100_l40s_excl_full_full_reward_seed777,abl-full_reward-s777-2697842.out,99,0.014619937,0.93992132,0.013,0.38874891,0.2
4-pattern,777,original,20260612_4pattern_a18_cifar10_e5_p3500_c1200_s100_l40s_excl_full_full_reward_seed777,abl-full_reward-s777-2697842.out,100,0.014767015,0.32294685,0.0051,0.37417294,0.2
4-pattern,114,added,20260627_4pattern_a18_cifar10_e5_p3500_c1200_s100_h100x4_shared_full_full_reward_seed114,abl-full_reward-s114-2776904.out,1,0.039509111,-3.8197081,0.3635,9.238846,0.01
4-pattern,114,added,20260627_4pattern_a18_cifar10_e5_p3500_c1200_s100_h100x4_shared_full_full_reward_seed114,abl-full_reward-s114-2776904.out,2,0.054253911,-4.2810001,0.0201,0.21920945,0.01
4-pattern,114,added,20260627_4pattern_a18_cifar10_e5_p3500_c1200_s100_h100x4_shared_full_full_reward_seed114,abl-full_reward-s114-2776904.out,3,0.037097508,-2.9450834,-0.0616,0.16131485,0.01
4-pattern,114,added,20260627_4pattern_a18_cifar10_e5_p3500_c1200_s100_h100x4_shared_full_full_reward_seed114,abl-full_reward-s114-2776904.out,4,0.042720693,-4.6287498,0.1491,0.18204735,0.01
4-pattern,114,added,20260627_4pattern_a18_cifar10_e5_p3500_c1200_s100_h100x4_shared_full_full_reward_seed114,abl-full_reward-s114-2776904.out,5,0.040916015,-3.6453748,0.1685,0.15024043,0.01
4-pattern,114,added,20260627_4pattern_a18_cifar10_e5_p3500_c1200_s100_h100x4_shared_full_full_reward_seed114,abl-full_reward-s114-2776904.out,6,0.033425571,-4.5657496,0.1267,0.16166742,0.02
4-pattern,114,added,20260627_4pattern_a18_cifar10_e5_p3500_c1200_s100_h100x4_shared_full_full_reward_seed114,abl-full_reward-s114-2776904.out,7,0.034551597,-3.8475001,0.0431,0.14678311,0.02
4-pattern,114,added,20260627_4pattern_a18_cifar10_e5_p3500_c1200_s100_h100x4_shared_full_full_reward_seed114,abl-full_reward-s114-2776904.out,8,0.035300505,-3.8812499,-0.1217,0.16791402,0.02
4-pattern,114,added,20260627_4pattern_a18_cifar10_e5_p3500_c1200_s100_h100x4_shared_full_full_reward_seed114,abl-full_reward-s114-2776904.out,9,0.028580228,-1.92125,-0.0065,0.14236161,0.02
4-pattern,114,added,20260627_4pattern_a18_cifar10_e5_p3500_c1200_s100_h100x4_shared_full_full_reward_seed114,abl-full_reward-s114-2776904.out,10,0.023983349,-1,0.005,0.12627557,0.02
4-pattern,114,added,20260627_4pattern_a18_cifar10_e5_p3500_c1200_s100_h100x4_shared_full_full_reward_seed114,abl-full_reward-s114-2776904.out,11,0.035928178,-1,0.0062,0.15207598,0.03
4-pattern,114,added,20260627_4pattern_a18_cifar10_e5_p3500_c1200_s100_h100x4_shared_full_full_reward_seed114,abl-full_reward-s114-2776904.out,12,0.034595462,-1.6274999,0.0372,0.16725673,0.03
4-pattern,114,added,20260627_4pattern_a18_cifar10_e5_p3500_c1200_s100_h100x4_shared_full_full_reward_seed114,abl-full_reward-s114-2776904.out,13,0.032676266,-1,0.0055,0.13710925,0.03
4-pattern,114,added,20260627_4pattern_a18_cifar10_e5_p3500_c1200_s100_h100x4_shared_full_full_reward_seed114,abl-full_reward-s114-2776904.out,14,0.028567161,-0.98374999,0.05,0.14211062,0.03
4-pattern,114,added,20260627_4pattern_a18_cifar10_e5_p3500_c1200_s100_h100x4_shared_full_full_reward_seed114,abl-full_reward-s114-2776904.out,15,0.026465319,-1.6253333,-0.04,0.15070843,0.03
4-pattern,114,added,20260627_4pattern_a18_cifar10_e5_p3500_c1200_s100_h100x4_shared_full_full_reward_seed114,abl-full_reward-s114-2776904.out,16,0.032655874,-2.0487916,-0.0074,0.15611329,0.04
4-pattern,114,added,20260627_4pattern_a18_cifar10_e5_p3500_c1200_s100_h100x4_shared_full_full_reward_seed114,abl-full_reward-s114-2776904.out,17,0.022165565,-0.96749997,0.0424,0.147985,0.04
4-pattern,114,added,20260627_4pattern_a18_cifar10_e5_p3500_c1200_s100_h100x4_shared_full_full_reward_seed114,abl-full_reward-s114-2776904.out,18,0.017245466,-0.98374999,0.0549,0.11170074,0.04
4-pattern,114,added,20260627_4pattern_a18_cifar10_e5_p3500_c1200_s100_h100x4_shared_full_full_reward_seed114,abl-full_reward-s114-2776904.out,19,0.025434232,-1.395,0.0083,0.15909986,0.04
4-pattern,114,added,20260627_4pattern_a18_cifar10_e5_p3500_c1200_s100_h100x4_shared_full_full_reward_seed114,abl-full_reward-s114-2776904.out,20,0.02562978,-1.8924999,0.101,0.1493921,0.04
4-pattern,114,added,20260627_4pattern_a18_cifar10_e5_p3500_c1200_s100_h100x4_shared_full_full_reward_seed114,abl-full_reward-s114-2776904.out,21,0.015208854,-0.90250003,-0.0194,0.16250873,0.05
4-pattern,114,added,20260627_4pattern_a18_cifar10_e5_p3500_c1200_s100_h100x4_shared_full_full_reward_seed114,abl-full_reward-s114-2776904.out,22,0.016179337,-0.87,0.0073,0.1815595,0.05
4-pattern,114,added,20260627_4pattern_a18_cifar10_e5_p3500_c1200_s100_h100x4_shared_full_full_reward_seed114,abl-full_reward-s114-2776904.out,23,0.017279213,-0.88625002,0.0786,0.17313193,0.05
4-pattern,114,added,20260627_4pattern_a18_cifar10_e5_p3500_c1200_s100_h100x4_shared_full_full_reward_seed114,abl-full_reward-s114-2776904.out,24,0.017669944,-0.88625002,0.0345,0.17714363,0.05
4-pattern,114,added,20260627_4pattern_a18_cifar10_e5_p3500_c1200_s100_h100x4_shared_full_full_reward_seed114,abl-full_reward-s114-2776904.out,25,0.019386602,-1.5599999,-0.021,0.17626113,0.05
4-pattern,114,added,20260627_4pattern_a18_cifar10_e5_p3500_c1200_s100_h100x4_shared_full_full_reward_seed114,abl-full_reward-s114-2776904.out,26,0.021790282,-0.91875005,0.0926,0.16767871,0.06
4-pattern,114,added,20260627_4pattern_a18_cifar10_e5_p3500_c1200_s100_h100x4_shared_full_full_reward_seed114,abl-full_reward-s114-2776904.out,27,0.013006778,-0.90250003,-0.0137,0.16504081,0.06
4-pattern,114,added,20260627_4pattern_a18_cifar10_e5_p3500_c1200_s100_h100x4_shared_full_full_reward_seed114,abl-full_reward-s114-2776904.out,28,0.01283655,-0.88625002,0.1002,0.17957805,0.06
4-pattern,114,added,20260627_4pattern_a18_cifar10_e5_p3500_c1200_s100_h100x4_shared_full_full_reward_seed114,abl-full_reward-s114-2776904.out,29,0.010061253,-0.87,0.0072,0.18058963,0.06
4-pattern,114,added,20260627_4pattern_a18_cifar10_e5_p3500_c1200_s100_h100x4_shared_full_full_reward_seed114,abl-full_reward-s114-2776904.out,30,0.0092491186,-0.87,0.0068,0.17067948,0.06
4-pattern,114,added,20260627_4pattern_a18_cifar10_e5_p3500_c1200_s100_h100x4_shared_full_full_reward_seed114,abl-full_reward-s114-2776904.out,31,0.009245401,-0.87,0.0066,0.16429726,0.07
4-pattern,114,added,20260627_4pattern_a18_cifar10_e5_p3500_c1200_s100_h100x4_shared_full_full_reward_seed114,abl-full_reward-s114-2776904.out,32,0.0095302974,-0.87,0.0067,0.16786347,0.07
4-pattern,114,added,20260627_4pattern_a18_cifar10_e5_p3500_c1200_s100_h100x4_shared_full_full_reward_seed114,abl-full_reward-s114-2776904.out,33,0.009204999,-0.87,0.0069,0.17384326,0.07
4-pattern,114,added,20260627_4pattern_a18_cifar10_e5_p3500_c1200_s100_h100x4_shared_full_full_reward_seed114,abl-full_reward-s114-2776904.out,34,0.0095503599,-0.87,0.0069,0.17306581,0.07
4-pattern,114,added,20260627_4pattern_a18_cifar10_e5_p3500_c1200_s100_h100x4_shared_full_full_reward_seed114,abl-full_reward-s114-2776904.out,35,0.009685286,-0.87,0.0065,0.16364299,0.07
4-pattern,114,added,20260627_4pattern_a18_cifar10_e5_p3500_c1200_s100_h100x4_shared_full_full_reward_seed114,abl-full_reward-s114-2776904.out,36,0.012623334,-0.87,0.0067,0.16715503,0.08
4-pattern,114,added,20260627_4pattern_a18_cifar10_e5_p3500_c1200_s100_h100x4_shared_full_full_reward_seed114,abl-full_reward-s114-2776904.out,37,0.01169167,-0.90250003,0.1422,0.15943745,0.08
4-pattern,114,added,20260627_4pattern_a18_cifar10_e5_p3500_c1200_s100_h100x4_shared_full_full_reward_seed114,abl-full_reward-s114-2776904.out,38,0.0089181644,-0.87,0.0071,0.17910106,0.08
4-pattern,114,added,20260627_4pattern_a18_cifar10_e5_p3500_c1200_s100_h100x4_shared_full_full_reward_seed114,abl-full_reward-s114-2776904.out,39,0.0088430023,-0.87,0.0069,0.1736772,0.08
4-pattern,114,added,20260627_4pattern_a18_cifar10_e5_p3500_c1200_s100_h100x4_shared_full_full_reward_seed114,abl-full_reward-s114-2776904.out,40,0.011041008,-1.19875,0.0265,0.16511112,0.08
4-pattern,114,added,20260627_4pattern_a18_cifar10_e5_p3500_c1200_s100_h100x4_shared_full_full_reward_seed114,abl-full_reward-s114-2776904.out,41,0.0088501928,-0.87,0.0067,0.16677856,0.09
4-pattern,114,added,20260627_4pattern_a18_cifar10_e5_p3500_c1200_s100_h100x4_shared_full_full_reward_seed114,abl-full_reward-s114-2776904.out,42,0.0098420226,-0.87,0.0071,0.1775267,0.09
4-pattern,114,added,20260627_4pattern_a18_cifar10_e5_p3500_c1200_s100_h100x4_shared_full_full_reward_seed114,abl-full_reward-s114-2776904.out,43,0.010619187,-1.2149999,-0.0376,0.1674012,0.09
4-pattern,114,added,20260627_4pattern_a18_cifar10_e5_p3500_c1200_s100_h100x4_shared_full_full_reward_seed114,abl-full_reward-s114-2776904.out,44,0.0096751645,-0.87,0.007,0.17539789,0.09
4-pattern,114,added,20260627_4pattern_a18_cifar10_e5_p3500_c1200_s100_h100x4_shared_full_full_reward_seed114,abl-full_reward-s114-2776904.out,45,0.0098554818,-0.87,0.0071,0.17799694,0.09
4-pattern,114,added,20260627_4pattern_a18_cifar10_e5_p3500_c1200_s100_h100x4_shared_full_full_reward_seed114,abl-full_reward-s114-2776904.out,46,0.010905487,-0.87,0.0069,0.17280298,0.1
4-pattern,114,added,20260627_4pattern_a18_cifar10_e5_p3500_c1200_s100_h100x4_shared_full_full_reward_seed114,abl-full_reward-s114-2776904.out,47,0.011131213,-0.87,0.0069,0.17382698,0.1
4-pattern,114,added,20260627_4pattern_a18_cifar10_e5_p3500_c1200_s100_h100x4_shared_full_full_reward_seed114,abl-full_reward-s114-2776904.out,48,0.010669202,-0.87,0.007,0.17417524,0.1
4-pattern,114,added,20260627_4pattern_a18_cifar10_e5_p3500_c1200_s100_h100x4_shared_full_full_reward_seed114,abl-full_reward-s114-2776904.out,49,0.01605203,-0.88625002,-0.0059,0.17259996,0.1
4-pattern,114,added,20260627_4pattern_a18_cifar10_e5_p3500_c1200_s100_h100x4_shared_full_full_reward_seed114,abl-full_reward-s114-2776904.out,50,0.010914719,-0.88625002,0.0154,0.16753944,0.1
4-pattern,114,added,20260627_4pattern_a18_cifar10_e5_p3500_c1200_s100_h100x4_shared_full_full_reward_seed114,abl-full_reward-s114-2776904.out,51,0.011720817,-0.87,0.0071,0.17810026,0.11
4-pattern,114,added,20260627_4pattern_a18_cifar10_e5_p3500_c1200_s100_h100x4_shared_full_full_reward_seed114,abl-full_reward-s114-2776904.out,52,0.009367951,-0.87,0.0071,0.17838261,0.11
4-pattern,114,added,20260627_4pattern_a18_cifar10_e5_p3500_c1200_s100_h100x4_shared_full_full_reward_seed114,abl-full_reward-s114-2776904.out,53,0.010911954,-0.90250003,-0.0071,0.1662071,0.11
4-pattern,114,added,20260627_4pattern_a18_cifar10_e5_p3500_c1200_s100_h100x4_shared_full_full_reward_seed114,abl-full_reward-s114-2776904.out,54,0.0097265603,-0.87,0.0069,0.1727121,0.11
4-pattern,114,added,20260627_4pattern_a18_cifar10_e5_p3500_c1200_s100_h100x4_shared_full_full_reward_seed114,abl-full_reward-s114-2776904.out,55,0.0099295558,-0.87,0.007,0.1754415,0.11
4-pattern,114,added,20260627_4pattern_a18_cifar10_e5_p3500_c1200_s100_h100x4_shared_full_full_reward_seed114,abl-full_reward-s114-2776904.out,56,0.010116622,-0.87,0.007,0.17563345,0.12
4-pattern,114,added,20260627_4pattern_a18_cifar10_e5_p3500_c1200_s100_h100x4_shared_full_full_reward_seed114,abl-full_reward-s114-2776904.out,57,0.0089243357,-0.87,0.007,0.17557358,0.12
4-pattern,114,added,20260627_4pattern_a18_cifar10_e5_p3500_c1200_s100_h100x4_shared_full_full_reward_seed114,abl-full_reward-s114-2776904.out,58,0.011121519,-0.87,0.0073,0.18242066,0.12
4-pattern,114,added,20260627_4pattern_a18_cifar10_e5_p3500_c1200_s100_h100x4_shared_full_full_reward_seed114,abl-full_reward-s114-2776904.out,59,0.0084375538,-0.87,0.0064,0.15924763,0.12
4-pattern,114,added,20260627_4pattern_a18_cifar10_e5_p3500_c1200_s100_h100x4_shared_full_full_reward_seed114,abl-full_reward-s114-2776904.out,60,0.0108209,-0.87,0.0072,0.17998785,0.12
4-pattern,114,added,20260627_4pattern_a18_cifar10_e5_p3500_c1200_s100_h100x4_shared_full_full_reward_seed114,abl-full_reward-s114-2776904.out,61,0.01077087,-0.87,0.0071,0.17773029,0.13
4-pattern,114,added,20260627_4pattern_a18_cifar10_e5_p3500_c1200_s100_h100x4_shared_full_full_reward_seed114,abl-full_reward-s114-2776904.out,62,0.010654526,-0.87,0.0071,0.17882007,0.13
4-pattern,114,added,20260627_4pattern_a18_cifar10_e5_p3500_c1200_s100_h100x4_shared_full_full_reward_seed114,abl-full_reward-s114-2776904.out,63,0.0089304529,-0.87,0.0069,0.17347003,0.13
4-pattern,114,added,20260627_4pattern_a18_cifar10_e5_p3500_c1200_s100_h100x4_shared_full_full_reward_seed114,abl-full_reward-s114-2776904.out,64,0.010058504,-0.87,0.0072,0.18030605,0.13
4-pattern,114,added,20260627_4pattern_a18_cifar10_e5_p3500_c1200_s100_h100x4_shared_full_full_reward_seed114,abl-full_reward-s114-2776904.out,65,0.0093000786,-0.87,0.0071,0.17841968,0.13
4-pattern,114,added,20260627_4pattern_a18_cifar10_e5_p3500_c1200_s100_h100x4_shared_full_full_reward_seed114,abl-full_reward-s114-2776904.out,66,0.0096986271,-0.87,0.007,0.17494529,0.14
4-pattern,114,added,20260627_4pattern_a18_cifar10_e5_p3500_c1200_s100_h100x4_shared_full_full_reward_seed114,abl-full_reward-s114-2776904.out,67,0.011232481,-0.87,0.0069,0.17352704,0.14
4-pattern,114,added,20260627_4pattern_a18_cifar10_e5_p3500_c1200_s100_h100x4_shared_full_full_reward_seed114,abl-full_reward-s114-2776904.out,68,0.011446964,-0.87,0.0073,0.1823213,0.14
4-pattern,114,added,20260627_4pattern_a18_cifar10_e5_p3500_c1200_s100_h100x4_shared_full_full_reward_seed114,abl-full_reward-s114-2776904.out,69,0.010588062,-0.87,0.0072,0.17954445,0.14
4-pattern,114,added,20260627_4pattern_a18_cifar10_e5_p3500_c1200_s100_h100x4_shared_full_full_reward_seed114,abl-full_reward-s114-2776904.out,70,0.0098181121,-0.87,0.0071,0.17696188,0.14
4-pattern,114,added,20260627_4pattern_a18_cifar10_e5_p3500_c1200_s100_h100x4_shared_full_full_reward_seed114,abl-full_reward-s114-2776904.out,71,0.0090399077,-0.87,0.0072,0.17981515,0.15
4-pattern,114,added,20260627_4pattern_a18_cifar10_e5_p3500_c1200_s100_h100x4_shared_full_full_reward_seed114,abl-full_reward-s114-2776904.out,72,0.010729735,-0.87,0.0071,0.17682906,0.15
4-pattern,114,added,20260627_4pattern_a18_cifar10_e5_p3500_c1200_s100_h100x4_shared_full_full_reward_seed114,abl-full_reward-s114-2776904.out,73,0.0099488293,-0.87,0.0072,0.17904892,0.15
4-pattern,114,added,20260627_4pattern_a18_cifar10_e5_p3500_c1200_s100_h100x4_shared_full_full_reward_seed114,abl-full_reward-s114-2776904.out,74,0.011575834,-0.87,0.007,0.17628589,0.15
4-pattern,114,added,20260627_4pattern_a18_cifar10_e5_p3500_c1200_s100_h100x4_shared_full_full_reward_seed114,abl-full_reward-s114-2776904.out,75,0.01094709,-0.87,0.007,0.17503943,0.15
4-pattern,114,added,20260627_4pattern_a18_cifar10_e5_p3500_c1200_s100_h100x4_shared_full_full_reward_seed114,abl-full_reward-s114-2776904.out,76,0.010835412,-0.87,0.007,0.17499552,0.16
4-pattern,114,added,20260627_4pattern_a18_cifar10_e5_p3500_c1200_s100_h100x4_shared_full_full_reward_seed114,abl-full_reward-s114-2776904.out,77,0.0098745178,-0.87,0.007,0.17453652,0.16
4-pattern,114,added,20260627_4pattern_a18_cifar10_e5_p3500_c1200_s100_h100x4_shared_full_full_reward_seed114,abl-full_reward-s114-2776904.out,78,0.010668346,-0.87,0.007,0.17622366,0.16
4-pattern,114,added,20260627_4pattern_a18_cifar10_e5_p3500_c1200_s100_h100x4_shared_full_full_reward_seed114,abl-full_reward-s114-2776904.out,79,0.011663653,-0.87,0.007,0.17552111,0.16
4-pattern,114,added,20260627_4pattern_a18_cifar10_e5_p3500_c1200_s100_h100x4_shared_full_full_reward_seed114,abl-full_reward-s114-2776904.out,80,0.010695624,-0.87,0.0072,0.18073017,0.16
4-pattern,114,added,20260627_4pattern_a18_cifar10_e5_p3500_c1200_s100_h100x4_shared_full_full_reward_seed114,abl-full_reward-s114-2776904.out,81,0.011094147,-0.87,0.0071,0.17815,0.17
4-pattern,114,added,20260627_4pattern_a18_cifar10_e5_p3500_c1200_s100_h100x4_shared_full_full_reward_seed114,abl-full_reward-s114-2776904.out,82,0.010220306,-0.87,0.007,0.17597709,0.17
4-pattern,114,added,20260627_4pattern_a18_cifar10_e5_p3500_c1200_s100_h100x4_shared_full_full_reward_seed114,abl-full_reward-s114-2776904.out,83,0.011045705,-0.87,0.0069,0.17205202,0.17
4-pattern,114,added,20260627_4pattern_a18_cifar10_e5_p3500_c1200_s100_h100x4_shared_full_full_reward_seed114,abl-full_reward-s114-2776904.out,84,0.010853606,-0.87,0.0071,0.17706387,0.17
4-pattern,114,added,20260627_4pattern_a18_cifar10_e5_p3500_c1200_s100_h100x4_shared_full_full_reward_seed114,abl-full_reward-s114-2776904.out,85,0.011249687,-0.87,0.0072,0.17893379,0.17
4-pattern,114,added,20260627_4pattern_a18_cifar10_e5_p3500_c1200_s100_h100x4_shared_full_full_reward_seed114,abl-full_reward-s114-2776904.out,86,0.010050906,-0.87,0.0069,0.17295672,0.18
4-pattern,114,added,20260627_4pattern_a18_cifar10_e5_p3500_c1200_s100_h100x4_shared_full_full_reward_seed114,abl-full_reward-s114-2776904.out,87,0.011219101,-0.87,0.007,0.17512819,0.18
4-pattern,114,added,20260627_4pattern_a18_cifar10_e5_p3500_c1200_s100_h100x4_shared_full_full_reward_seed114,abl-full_reward-s114-2776904.out,88,0.010477478,-0.87,0.0073,0.18250502,0.18
4-pattern,114,added,20260627_4pattern_a18_cifar10_e5_p3500_c1200_s100_h100x4_shared_full_full_reward_seed114,abl-full_reward-s114-2776904.out,89,0.012334446,-0.87,0.0071,0.17755348,0.18
4-pattern,114,added,20260627_4pattern_a18_cifar10_e5_p3500_c1200_s100_h100x4_shared_full_full_reward_seed114,abl-full_reward-s114-2776904.out,90,0.010579642,-0.87,0.0073,0.18162508,0.18
4-pattern,114,added,20260627_4pattern_a18_cifar10_e5_p3500_c1200_s100_h100x4_shared_full_full_reward_seed114,abl-full_reward-s114-2776904.out,91,0.01140678,-0.87,0.0073,0.18167619,0.19
4-pattern,114,added,20260627_4pattern_a18_cifar10_e5_p3500_c1200_s100_h100x4_shared_full_full_reward_seed114,abl-full_reward-s114-2776904.out,92,0.012297108,-0.87,0.0073,0.18141196,0.19
4-pattern,114,added,20260627_4pattern_a18_cifar10_e5_p3500_c1200_s100_h100x4_shared_full_full_reward_seed114,abl-full_reward-s114-2776904.out,93,0.012035025,-0.87,0.0071,0.17782344,0.19
4-pattern,114,added,20260627_4pattern_a18_cifar10_e5_p3500_c1200_s100_h100x4_shared_full_full_reward_seed114,abl-full_reward-s114-2776904.out,94,0.012050074,-0.87,0.0072,0.18021341,0.19
4-pattern,114,added,20260627_4pattern_a18_cifar10_e5_p3500_c1200_s100_h100x4_shared_full_full_reward_seed114,abl-full_reward-s114-2776904.out,95,0.010966858,-0.87,0.0073,0.18164228,0.19
4-pattern,114,added,20260627_4pattern_a18_cifar10_e5_p3500_c1200_s100_h100x4_shared_full_full_reward_seed114,abl-full_reward-s114-2776904.out,96,0.010502907,-0.87,0.0073,0.18247677,0.2
4-pattern,114,added,20260627_4pattern_a18_cifar10_e5_p3500_c1200_s100_h100x4_shared_full_full_reward_seed114,abl-full_reward-s114-2776904.out,97,0.011701596,-0.87,0.0071,0.17799148,0.2
4-pattern,114,added,20260627_4pattern_a18_cifar10_e5_p3500_c1200_s100_h100x4_shared_full_full_reward_seed114,abl-full_reward-s114-2776904.out,98,0.010945193,-0.87,0.007,0.17523849,0.2
4-pattern,514,added,20260627_4pattern_a18_cifar10_e5_p3500_c1200_s100_h100x4_shared_full_full_reward_seed514,abl-full_reward-s514-2776906.out,1,0.042363256,-4.1983752,0.643,16.152318,0.01
4-pattern,514,added,20260627_4pattern_a18_cifar10_e5_p3500_c1200_s100_h100x4_shared_full_full_reward_seed514,abl-full_reward-s514-2776906.out,2,0.037090988,-3.2503333,0.0083,0.17341661,0.01
4-pattern,514,added,20260627_4pattern_a18_cifar10_e5_p3500_c1200_s100_h100x4_shared_full_full_reward_seed514,abl-full_reward-s514-2776906.out,3,0.040077713,-3.3512502,0.0153,0.17821187,0.01
4-pattern,514,added,20260627_4pattern_a18_cifar10_e5_p3500_c1200_s100_h100x4_shared_full_full_reward_seed514,abl-full_reward-s514-2776906.out,4,0.036665846,-3.4375,0.0865,0.17049692,0.01
4-pattern,514,added,20260627_4pattern_a18_cifar10_e5_p3500_c1200_s100_h100x4_shared_full_full_reward_seed514,abl-full_reward-s514-2776906.out,5,0.040219516,-2.9412501,-0.003,0.17930679,0.01
4-pattern,514,added,20260627_4pattern_a18_cifar10_e5_p3500_c1200_s100_h100x4_shared_full_full_reward_seed514,abl-full_reward-s514-2776906.out,6,0.034740229,-1.75,0.0236,0.19698445,0.02
4-pattern,514,added,20260627_4pattern_a18_cifar10_e5_p3500_c1200_s100_h100x4_shared_full_full_reward_seed514,abl-full_reward-s514-2776906.out,7,0.031773994,-1.9375,0.0652,0.1974932,0.02
4-pattern,514,added,20260627_4pattern_a18_cifar10_e5_p3500_c1200_s100_h100x4_shared_full_full_reward_seed514,abl-full_reward-s514-2776906.out,8,0.030918677,-1.29625,0.0287,0.20872265,0.02
4-pattern,514,added,20260627_4pattern_a18_cifar10_e5_p3500_c1200_s100_h100x4_shared_full_full_reward_seed514,abl-full_reward-s514-2776906.out,9,0.042260012,-4.2279587,-0.0183,0.21230092,0.02
4-pattern,514,added,20260627_4pattern_a18_cifar10_e5_p3500_c1200_s100_h100x4_shared_full_full_reward_seed514,abl-full_reward-s514-2776906.out,10,0.041404239,-2.1075001,0.0022,0.2183705,0.02
4-pattern,514,added,20260627_4pattern_a18_cifar10_e5_p3500_c1200_s100_h100x4_shared_full_full_reward_seed514,abl-full_reward-s514-2776906.out,11,0.040785895,-1.6522083,0.2043,0.21333629,0.03
4-pattern,514,added,20260627_4pattern_a18_cifar10_e5_p3500_c1200_s100_h100x4_shared_full_full_reward_seed514,abl-full_reward-s514-2776906.out,12,0.027565666,-1.3162084,0.1689,0.18030508,0.03
4-pattern,514,added,20260627_4pattern_a18_cifar10_e5_p3500_c1200_s100_h100x4_shared_full_full_reward_seed514,abl-full_reward-s514-2776906.out,13,0.025769352,-1.60825,0.2264,0.17040782,0.03
4-pattern,514,added,20260627_4pattern_a18_cifar10_e5_p3500_c1200_s100_h100x4_shared_full_full_reward_seed514,abl-full_reward-s514-2776906.out,14,0.025776097,-1.505,-0.0763,0.16632247,0.03
4-pattern,514,added,20260627_4pattern_a18_cifar10_e5_p3500_c1200_s100_h100x4_shared_full_full_reward_seed514,abl-full_reward-s514-2776906.out,15,0.021976319,-0.98374999,-0.0259,0.16805873,0.03
4-pattern,514,added,20260627_4pattern_a18_cifar10_e5_p3500_c1200_s100_h100x4_shared_full_full_reward_seed514,abl-full_reward-s514-2776906.out,16,0.021275187,-1.08125,-0.0492,0.1938677,0.04
4-pattern,514,added,20260627_4pattern_a18_cifar10_e5_p3500_c1200_s100_h100x4_shared_full_full_reward_seed514,abl-full_reward-s514-2776906.out,17,0.018070871,-1.53,0.0152,0.20252781,0.04
4-pattern,514,added,20260627_4pattern_a18_cifar10_e5_p3500_c1200_s100_h100x4_shared_full_full_reward_seed514,abl-full_reward-s514-2776906.out,18,0.011702304,-0.02364517,0.0291,0.18014356,0.04
4-pattern,514,added,20260627_4pattern_a18_cifar10_e5_p3500_c1200_s100_h100x4_shared_full_full_reward_seed514,abl-full_reward-s514-2776906.out,19,0.010725753,0.52703887,0.0068,0.18018668,0.04
4-pattern,514,added,20260627_4pattern_a18_cifar10_e5_p3500_c1200_s100_h100x4_shared_full_full_reward_seed514,abl-full_reward-s514-2776906.out,20,0.012693137,0.052408218,-0.0125,0.19941046,0.04
4-pattern,514,added,20260627_4pattern_a18_cifar10_e5_p3500_c1200_s100_h100x4_shared_full_full_reward_seed514,abl-full_reward-s514-2776906.out,21,0.011377013,0.46723887,0.0007,0.17006381,0.05
4-pattern,514,added,20260627_4pattern_a18_cifar10_e5_p3500_c1200_s100_h100x4_shared_full_full_reward_seed514,abl-full_reward-s514-2776906.out,22,0.013621869,0.040690631,-0.0661,0.2031227,0.05
4-pattern,514,added,20260627_4pattern_a18_cifar10_e5_p3500_c1200_s100_h100x4_shared_full_full_reward_seed514,abl-full_reward-s514-2776906.out,23,0.014015769,-0.10225599,-0.0065,0.18114612,0.05
4-pattern,514,added,20260627_4pattern_a18_cifar10_e5_p3500_c1200_s100_h100x4_shared_full_full_reward_seed514,abl-full_reward-s514-2776906.out,24,0.0082899176,0.47575268,-0.0111,0.20464237,0.05
4-pattern,514,added,20260627_4pattern_a18_cifar10_e5_p3500_c1200_s100_h100x4_shared_full_full_reward_seed514,abl-full_reward-s514-2776906.out,25,0.010822149,-0.64195019,-0.0764,0.1697243,0.05
4-pattern,514,added,20260627_4pattern_a18_cifar10_e5_p3500_c1200_s100_h100x4_shared_full_full_reward_seed514,abl-full_reward-s514-2776906.out,26,0.007841909,0.22412884,-0.0465,0.19339216,0.06
4-pattern,514,added,20260627_4pattern_a18_cifar10_e5_p3500_c1200_s100_h100x4_shared_full_full_reward_seed514,abl-full_reward-s514-2776906.out,27,0.0088684572,0.31581724,0.044,0.19102343,0.06
4-pattern,514,added,20260627_4pattern_a18_cifar10_e5_p3500_c1200_s100_h100x4_shared_full_full_reward_seed514,abl-full_reward-s514-2776906.out,28,0.0083448883,0.43273875,-0.0216,0.16676321,0.06
4-pattern,514,added,20260627_4pattern_a18_cifar10_e5_p3500_c1200_s100_h100x4_shared_full_full_reward_seed514,abl-full_reward-s514-2776906.out,29,0.0077612161,0.49209434,0.003,0.18518273,0.06
4-pattern,514,added,20260627_4pattern_a18_cifar10_e5_p3500_c1200_s100_h100x4_shared_full_full_reward_seed514,abl-full_reward-s514-2776906.out,30,0.0079556101,0.47430187,0.0187,0.19623525,0.06
4-pattern,514,added,20260627_4pattern_a18_cifar10_e5_p3500_c1200_s100_h100x4_shared_full_full_reward_seed514,abl-full_reward-s514-2776906.out,31,0.0084499727,0.52553332,-0.0037,0.18619029,0.07
4-pattern,514,added,20260627_4pattern_a18_cifar10_e5_p3500_c1200_s100_h100x4_shared_full_full_reward_seed514,abl-full_reward-s514-2776906.out,32,0.0070633745,0.20721939,-0.0489,0.18056481,0.07
4-pattern,514,added,20260627_4pattern_a18_cifar10_e5_p3500_c1200_s100_h100x4_shared_full_full_reward_seed514,abl-full_reward-s514-2776906.out,33,0.0069288297,0.46274236,0.0021,0.18616894,0.07
4-pattern,514,added,20260627_4pattern_a18_cifar10_e5_p3500_c1200_s100_h100x4_shared_full_full_reward_seed514,abl-full_reward-s514-2776906.out,34,0.0072724008,0.51507455,0.0179,0.17663991,0.07
4-pattern,514,added,20260627_4pattern_a18_cifar10_e5_p3500_c1200_s100_h100x4_shared_full_full_reward_seed514,abl-full_reward-s514-2776906.out,35,0.0073718149,0.60863125,-0.0328,0.2066968,0.07
4-pattern,514,added,20260627_4pattern_a18_cifar10_e5_p3500_c1200_s100_h100x4_shared_full_full_reward_seed514,abl-full_reward-s514-2776906.out,36,0.0089947759,0.52349186,0.0164,0.2010448,0.08
4-pattern,514,added,20260627_4pattern_a18_cifar10_e5_p3500_c1200_s100_h100x4_shared_full_full_reward_seed514,abl-full_reward-s514-2776906.out,37,0.0078249051,0.54299098,0.0407,0.20118158,0.08
4-pattern,514,added,20260627_4pattern_a18_cifar10_e5_p3500_c1200_s100_h100x4_shared_full_full_reward_seed514,abl-full_reward-s514-2776906.out,38,0.0076741036,0.44143087,0.0054,0.20129584,0.08
4-pattern,514,added,20260627_4pattern_a18_cifar10_e5_p3500_c1200_s100_h100x4_shared_full_full_reward_seed514,abl-full_reward-s514-2776906.out,39,0.0076517285,0.12906107,-0.0163,0.17205158,0.08
4-pattern,514,added,20260627_4pattern_a18_cifar10_e5_p3500_c1200_s100_h100x4_shared_full_full_reward_seed514,abl-full_reward-s514-2776906.out,40,0.0072577575,0.35447192,0.0077,0.17727522,0.08
4-pattern,514,added,20260627_4pattern_a18_cifar10_e5_p3500_c1200_s100_h100x4_shared_full_full_reward_seed514,abl-full_reward-s514-2776906.out,41,0.0064811218,0.35931545,0.0318,0.19619548,0.09
4-pattern,514,added,20260627_4pattern_a18_cifar10_e5_p3500_c1200_s100_h100x4_shared_full_full_reward_seed514,abl-full_reward-s514-2776906.out,42,0.0064689641,0.46477306,0.0211,0.20764675,0.09
4-pattern,514,added,20260627_4pattern_a18_cifar10_e5_p3500_c1200_s100_h100x4_shared_full_full_reward_seed514,abl-full_reward-s514-2776906.out,43,0.0058947785,0.31390899,-0.0057,0.19082159,0.09
4-pattern,514,added,20260627_4pattern_a18_cifar10_e5_p3500_c1200_s100_h100x4_shared_full_full_reward_seed514,abl-full_reward-s514-2776906.out,44,0.0055302132,0.18756236,-0.0015,0.18539598,0.09
4-pattern,514,added,20260627_4pattern_a18_cifar10_e5_p3500_c1200_s100_h100x4_shared_full_full_reward_seed514,abl-full_reward-s514-2776906.out,45,0.0052585176,0.3031123,0.0081,0.20263061,0.09
4-pattern,514,added,20260627_4pattern_a18_cifar10_e5_p3500_c1200_s100_h100x4_shared_full_full_reward_seed514,abl-full_reward-s514-2776906.out,46,0.0049705521,0.20395669,0.0077,0.19300045,0.1
4-pattern,514,added,20260627_4pattern_a18_cifar10_e5_p3500_c1200_s100_h100x4_shared_full_full_reward_seed514,abl-full_reward-s514-2776906.out,47,0.004809926,0.28251764,0.0077,0.1933896,0.1
4-pattern,514,added,20260627_4pattern_a18_cifar10_e5_p3500_c1200_s100_h100x4_shared_full_full_reward_seed514,abl-full_reward-s514-2776906.out,48,0.004591022,0.32246381,0.0246,0.18650125,0.1
4-pattern,514,added,20260627_4pattern_a18_cifar10_e5_p3500_c1200_s100_h100x4_shared_full_full_reward_seed514,abl-full_reward-s514-2776906.out,49,0.0044876097,0.45821524,0.0061,0.19303614,0.1
4-pattern,514,added,20260627_4pattern_a18_cifar10_e5_p3500_c1200_s100_h100x4_shared_full_full_reward_seed514,abl-full_reward-s514-2776906.out,50,0.0043440674,0.3537181,0.0092,0.19311389,0.1
4-pattern,514,added,20260627_4pattern_a18_cifar10_e5_p3500_c1200_s100_h100x4_shared_full_full_reward_seed514,abl-full_reward-s514-2776906.out,51,0.0088719284,-0.39354378,0.0124,0.20663564,0.11
4-pattern,514,added,20260627_4pattern_a18_cifar10_e5_p3500_c1200_s100_h100x4_shared_full_full_reward_seed514,abl-full_reward-s514-2776906.out,52,0.003807427,0.25180334,0.0073,0.18130051,0.11
4-pattern,514,added,20260627_4pattern_a18_cifar10_e5_p3500_c1200_s100_h100x4_shared_full_full_reward_seed514,abl-full_reward-s514-2776906.out,53,0.0041623768,0.49783731,0.0076,0.19046518,0.11
4-pattern,514,added,20260627_4pattern_a18_cifar10_e5_p3500_c1200_s100_h100x4_shared_full_full_reward_seed514,abl-full_reward-s514-2776906.out,54,0.0034851851,0.29038078,0.0072,0.18089509,0.11
4-pattern,514,added,20260627_4pattern_a18_cifar10_e5_p3500_c1200_s100_h100x4_shared_full_full_reward_seed514,abl-full_reward-s514-2776906.out,55,0.0035609963,0.34266943,0.008,0.20088797,0.11
4-pattern,514,added,20260627_4pattern_a18_cifar10_e5_p3500_c1200_s100_h100x4_shared_full_full_reward_seed514,abl-full_reward-s514-2776906.out,56,0.0038237987,0.40546852,0.0077,0.19153887,0.12
4-pattern,514,added,20260627_4pattern_a18_cifar10_e5_p3500_c1200_s100_h100x4_shared_full_full_reward_seed514,abl-full_reward-s514-2776906.out,57,0.0042284427,0.42234364,0.0077,0.19134125,0.12
4-pattern,514,added,20260627_4pattern_a18_cifar10_e5_p3500_c1200_s100_h100x4_shared_full_full_reward_seed514,abl-full_reward-s514-2776906.out,58,0.0032175075,0.33922869,0.0072,0.18088994,0.12
4-pattern,514,added,20260627_4pattern_a18_cifar10_e5_p3500_c1200_s100_h100x4_shared_full_full_reward_seed514,abl-full_reward-s514-2776906.out,59,0.0031712527,0.24188393,0.0072,0.18045355,0.12
4-pattern,514,added,20260627_4pattern_a18_cifar10_e5_p3500_c1200_s100_h100x4_shared_full_full_reward_seed514,abl-full_reward-s514-2776906.out,60,0.0033725814,0.20195812,0.0073,0.18145457,0.12
4-pattern,514,added,20260627_4pattern_a18_cifar10_e5_p3500_c1200_s100_h100x4_shared_full_full_reward_seed514,abl-full_reward-s514-2776906.out,61,0.0032225278,0.2202498,0.0072,0.18077868,0.13
4-pattern,514,added,20260627_4pattern_a18_cifar10_e5_p3500_c1200_s100_h100x4_shared_full_full_reward_seed514,abl-full_reward-s514-2776906.out,62,0.0033128112,0.19494069,0.0076,0.18991045,0.13
4-pattern,514,added,20260627_4pattern_a18_cifar10_e5_p3500_c1200_s100_h100x4_shared_full_full_reward_seed514,abl-full_reward-s514-2776906.out,63,0.0031340227,0.25498101,0.008,0.20116612,0.13
4-pattern,514,added,20260627_4pattern_a18_cifar10_e5_p3500_c1200_s100_h100x4_shared_full_full_reward_seed514,abl-full_reward-s514-2776906.out,64,0.0030836391,0.23186296,0.0081,0.20142768,0.13
4-pattern,514,added,20260627_4pattern_a18_cifar10_e5_p3500_c1200_s100_h100x4_shared_full_full_reward_seed514,abl-full_reward-s514-2776906.out,65,0.0029723266,0.21036287,0.0072,0.18049045,0.13
4-pattern,514,added,20260627_4pattern_a18_cifar10_e5_p3500_c1200_s100_h100x4_shared_full_full_reward_seed514,abl-full_reward-s514-2776906.out,66,0.0029207029,0.21759474,0.0076,0.18964818,0.14
4-pattern,514,added,20260627_4pattern_a18_cifar10_e5_p3500_c1200_s100_h100x4_shared_full_full_reward_seed514,abl-full_reward-s514-2776906.out,67,0.0029974649,0.23590533,0.0071,0.17790392,0.14
4-pattern,514,added,20260627_4pattern_a18_cifar10_e5_p3500_c1200_s100_h100x4_shared_full_full_reward_seed514,abl-full_reward-s514-2776906.out,68,0.0029058145,0.14907432,0.0072,0.18074473,0.14
4-pattern,514,added,20260627_4pattern_a18_cifar10_e5_p3500_c1200_s100_h100x4_shared_full_full_reward_seed514,abl-full_reward-s514-2776906.out,69,0.0029002131,0.16135119,0.0076,0.18912102,0.14
4-pattern,514,added,20260627_4pattern_a18_cifar10_e5_p3500_c1200_s100_h100x4_shared_full_full_reward_seed514,abl-full_reward-s514-2776906.out,70,0.0029224745,0.13598576,0.0081,0.20157802,0.14
4-pattern,514,added,20260627_4pattern_a18_cifar10_e5_p3500_c1200_s100_h100x4_shared_full_full_reward_seed514,abl-full_reward-s514-2776906.out,71,0.0027865856,0.33955431,0.0071,0.17741511,0.15
4-pattern,514,added,20260627_4pattern_a18_cifar10_e5_p3500_c1200_s100_h100x4_shared_full_full_reward_seed514,abl-full_reward-s514-2776906.out,72,0.0029541516,0.13918692,0.0076,0.1890396,0.15
4-pattern,514,added,20260627_4pattern_a18_cifar10_e5_p3500_c1200_s100_h100x4_shared_full_full_reward_seed514,abl-full_reward-s514-2776906.out,73,0.0027034984,0.39079034,0.0071,0.17773265,0.15
4-pattern,514,added,20260627_4pattern_a18_cifar10_e5_p3500_c1200_s100_h100x4_shared_full_full_reward_seed514,abl-full_reward-s514-2776906.out,74,0.0026795547,0.15282312,0.008,0.20104428,0.15
4-pattern,514,added,20260627_4pattern_a18_cifar10_e5_p3500_c1200_s100_h100x4_shared_full_full_reward_seed514,abl-full_reward-s514-2776906.out,75,0.0025472289,0.3962099,0.0071,0.17767491,0.15
4-pattern,514,added,20260627_4pattern_a18_cifar10_e5_p3500_c1200_s100_h100x4_shared_full_full_reward_seed514,abl-full_reward-s514-2776906.out,76,0.0025843788,0.23469265,0.0072,0.18092865,0.16
4-pattern,514,added,20260627_4pattern_a18_cifar10_e5_p3500_c1200_s100_h100x4_shared_full_full_reward_seed514,abl-full_reward-s514-2776906.out,77,0.0024137348,0.42284861,0.0071,0.17821758,0.16
4-pattern,514,added,20260627_4pattern_a18_cifar10_e5_p3500_c1200_s100_h100x4_shared_full_full_reward_seed514,abl-full_reward-s514-2776906.out,78,0.0025450413,0.24476624,0.0076,0.19049034,0.16
4-pattern,514,added,20260627_4pattern_a18_cifar10_e5_p3500_c1200_s100_h100x4_shared_full_full_reward_seed514,abl-full_reward-s514-2776906.out,79,0.0023453555,0.3676976,0.0071,0.17844712,0.16
4-pattern,514,added,20260627_4pattern_a18_cifar10_e5_p3500_c1200_s100_h100x4_shared_full_full_reward_seed514,abl-full_reward-s514-2776906.out,80,0.0024098964,0.44426182,0.0073,0.18134454,0.16
4-pattern,514,added,20260627_4pattern_a18_cifar10_e5_p3500_c1200_s100_h100x4_shared_full_full_reward_seed514,abl-full_reward-s514-2776906.out,81,0.0022833433,0.31213862,0.0071,0.17873032,0.17
4-pattern,514,added,20260627_4pattern_a18_cifar10_e5_p3500_c1200_s100_h100x4_shared_full_full_reward_seed514,abl-full_reward-s514-2776906.out,82,0.002190481,0.45294404,0.0071,0.17790095,0.17
4-pattern,514,added,20260627_4pattern_a18_cifar10_e5_p3500_c1200_s100_h100x4_shared_full_full_reward_seed514,abl-full_reward-s514-2776906.out,83,0.0022914094,0.38078091,0.008,0.20120741,0.17
4-pattern,514,added,20260627_4pattern_a18_cifar10_e5_p3500_c1200_s100_h100x4_shared_full_full_reward_seed514,abl-full_reward-s514-2776906.out,84,0.0023158027,0.44756562,0.0073,0.18186786,0.17
4-pattern,514,added,20260627_4pattern_a18_cifar10_e5_p3500_c1200_s100_h100x4_shared_full_full_reward_seed514,abl-full_reward-s514-2776906.out,85,0.0023375736,0.42545462,0.0076,0.18984134,0.17
4-pattern,514,added,20260627_4pattern_a18_cifar10_e5_p3500_c1200_s100_h100x4_shared_full_full_reward_seed514,abl-full_reward-s514-2776906.out,86,0.002268741,0.43371561,0.0073,0.18202013,0.18
4-pattern,514,added,20260627_4pattern_a18_cifar10_e5_p3500_c1200_s100_h100x4_shared_full_full_reward_seed514,abl-full_reward-s514-2776906.out,87,0.0022258878,0.42675033,0.0081,0.20148714,0.18
4-pattern,514,added,20260627_4pattern_a18_cifar10_e5_p3500_c1200_s100_h100x4_shared_full_full_reward_seed514,abl-full_reward-s514-2776906.out,88,0.0022920955,0.32468784,0.0076,0.18992191,0.18
4-pattern,514,added,20260627_4pattern_a18_cifar10_e5_p3500_c1200_s100_h100x4_shared_full_full_reward_seed514,abl-full_reward-s514-2776906.out,89,0.0023700902,0.35290527,0.0077,0.19136419,0.18
4-pattern,514,added,20260627_4pattern_a18_cifar10_e5_p3500_c1200_s100_h100x4_shared_full_full_reward_seed514,abl-full_reward-s514-2776906.out,90,0.0022830304,0.40735197,0.0073,0.18157529,0.18
4-pattern,514,added,20260627_4pattern_a18_cifar10_e5_p3500_c1200_s100_h100x4_shared_full_full_reward_seed514,abl-full_reward-s514-2776906.out,91,0.0022744522,0.38167372,0.0076,0.19041667,0.19
4-pattern,514,added,20260627_4pattern_a18_cifar10_e5_p3500_c1200_s100_h100x4_shared_full_full_reward_seed514,abl-full_reward-s514-2776906.out,92,0.0021153938,0.32401583,0.0071,0.17785891,0.19
4-pattern,514,added,20260627_4pattern_a18_cifar10_e5_p3500_c1200_s100_h100x4_shared_full_full_reward_seed514,abl-full_reward-s514-2776906.out,93,0.0022403851,0.41515034,0.0073,0.18240754,0.19
4-pattern,514,added,20260627_4pattern_a18_cifar10_e5_p3500_c1200_s100_h100x4_shared_full_full_reward_seed514,abl-full_reward-s514-2776906.out,94,0.0022694985,0.35914019,0.0073,0.18289303,0.19
4-pattern,514,added,20260627_4pattern_a18_cifar10_e5_p3500_c1200_s100_h100x4_shared_full_full_reward_seed514,abl-full_reward-s514-2776906.out,95,0.0022388872,0.40683484,0.0072,0.18093057,0.19
4-pattern,514,added,20260627_4pattern_a18_cifar10_e5_p3500_c1200_s100_h100x4_shared_full_full_reward_seed514,abl-full_reward-s514-2776906.out,96,0.0021826384,0.40007746,0.0081,0.20161249,0.2
4-pattern,514,added,20260627_4pattern_a18_cifar10_e5_p3500_c1200_s100_h100x4_shared_full_full_reward_seed514,abl-full_reward-s514-2776906.out,97,0.0021458852,0.36178237,0.0072,0.17883246,0.2
4-pattern,514,added,20260627_4pattern_a18_cifar10_e5_p3500_c1200_s100_h100x4_shared_full_full_reward_seed514,abl-full_reward-s514-2776906.out,98,0.0023257571,0.47784299,0.0076,0.19117829,0.2
4-pattern,919,reserve_running,20260627_4pattern_a18_cifar10_e5_p3500_c1200_s100_h100x4_shared_full_full_reward_seed919,abl-full_reward-s919-2777817.out,1,0.037640132,-3.8375001,0.6256,14.996029,0.01
4-pattern,919,reserve_running,20260627_4pattern_a18_cifar10_e5_p3500_c1200_s100_h100x4_shared_full_full_reward_seed919,abl-full_reward-s919-2777817.out,2,0.039514908,-4.6762505,0.0222,0.18120437,0.01
4-pattern,919,reserve_running,20260627_4pattern_a18_cifar10_e5_p3500_c1200_s100_h100x4_shared_full_full_reward_seed919,abl-full_reward-s919-2777817.out,3,0.039317986,-5.164875,0.2025,0.15982647,0.01
4-pattern,919,reserve_running,20260627_4pattern_a18_cifar10_e5_p3500_c1200_s100_h100x4_shared_full_full_reward_seed919,abl-full_reward-s919-2777817.out,4,0.038759297,-4.7427502,0.085,0.18776476,0.01
4-pattern,919,reserve_running,20260627_4pattern_a18_cifar10_e5_p3500_c1200_s100_h100x4_shared_full_full_reward_seed919,abl-full_reward-s919-2777817.out,5,0.033521498,-3.625,0.0524,0.21384758,0.02
4-pattern,919,reserve_running,20260627_4pattern_a18_cifar10_e5_p3500_c1200_s100_h100x4_shared_full_full_reward_seed919,abl-full_reward-s919-2777817.out,6,0.031407416,-3.2862501,-0.0097,0.15796082,0.02
