LEMUR root /home/s471802/nn-gpt
[Reward Worker Warmup] start mode=single_rank_dedicated_fixed_pool require_gpu=True planned_gpu_workers=3 per_gpu_worker_counts=[1, 1, 1] reward_gpu_indices=[0, 1, 2] reward_gpu_tokens=['0', '1', '2'] timeout_seconds=60
[Reward Worker] Ready slot=0 pid=1575182, assigned_gpu=0, assigned_cuda_visible_device='0', worker_device=cuda:0, cuda_visible_devices='0', cuda_available=True, cuda_device_count=1, rss_gib=0.53, torch_home='', physical_gpu_index=0, physical_gpu_bus_id='00000000:01:00.0', physical_gpu_uuid='GPU-d426be61-d8f4-a3e4-dd2f-c5b892da6351', physical_binding_verified=True
[Reward Worker] Ready slot=1 pid=1575221, assigned_gpu=1, assigned_cuda_visible_device='1', worker_device=cuda:0, cuda_visible_devices='1', cuda_available=True, cuda_device_count=1, rss_gib=0.53, torch_home='', physical_gpu_index=1, physical_gpu_bus_id='00000000:41:00.0', physical_gpu_uuid='GPU-e85fecb1-cbce-326b-ac82-27b7d73ddfc1', physical_binding_verified=True
[Reward Worker] Ready slot=2 pid=1575260, assigned_gpu=2, assigned_cuda_visible_device='2', worker_device=cuda:0, cuda_visible_devices='2', cuda_available=True, cuda_device_count=1, rss_gib=0.53, torch_home='', physical_gpu_index=2, physical_gpu_bus_id='00000000:C1:00.0', physical_gpu_uuid='GPU-597c7fce-17eb-16da-e9c1-660740cba8dd', physical_binding_verified=True
[Reward Worker Pool] mode=single_rank_dedicated_fixed_pool visible_gpu_count=3 deepspeed_enabled=False rank=0 local_rank=0 world_size=1 train_gpu=0 workers_per_gpu=1 per_gpu_worker_counts=[1, 1, 1] reward_gpu_indices=[0, 1, 2] reward_gpu_tokens=['0', '1', '2'] reason='fixed_workers_override'
[Reward Worker Warmup] end mode=single_rank_dedicated_fixed_pool pool_size=3 verified_workers=3 worker_pids=[1575182, 1575221, 1575260] workers=["slot=0 pid=1575182 assigned_gpu=0 assigned_cuda_visible_device='0' physical_gpu_index=0 physical_gpu_bus_id='00000000:01:00.0' physical_binding_verified=True alive=True", "slot=1 pid=1575221 assigned_gpu=1 assigned_cuda_visible_device='1' physical_gpu_index=1 physical_gpu_bus_id='00000000:41:00.0' physical_binding_verified=True alive=True", "slot=2 pid=1575260 assigned_gpu=2 assigned_cuda_visible_device='2' physical_gpu_index=2 physical_gpu_bus_id='00000000:C1:00.0' physical_binding_verified=True alive=True"]
{"reward_worker_warmup": {"pid": 1575182, "assigned_gpu": 0, "assigned_cuda_visible_device": "0", "worker_device": "cuda:0", "cuda_visible_devices": "0", "cuda_available": true, "cuda_device_count": 1, "rss_gib": 0.5281982421875, "torch_home": "", "physical_gpu_index": 0, "physical_gpu_uuid": "GPU-d426be61-d8f4-a3e4-dd2f-c5b892da6351", "physical_gpu_bus_id": "00000000:01:00.0", "physical_gpu_name": "NVIDIA L40S", "physical_binding_verified": true, "slot": 0, "alive": true, "mode": "single_rank_dedicated_fixed_pool", "visible_gpu_count": 3, "distributed": false, "rank": 0, "local_rank": 0, "world_size": 1, "train_gpu": 0, "reward_gpu_indices": [0, 1, 2], "reward_gpu_tokens": ["0", "1", "2"], "shared_train_gpu": true, "pool_size": 3, "workers_per_gpu": 1, "per_gpu_worker_counts": [1, 1, 1], "deepspeed_enabled": false, "dynamic_scaling": false, "reason": "fixed_workers_override", "gpu_memory_snapshots": [{"device_index": 0, "device_token": "0", "total_gib": 44.39404296875, "free_gib": 43.97003173828125, "used_gib": 0.42401123046875, "allocated_gib": 0.0, "reserved_gib": 0.0, "is_train_gpu": true}, {"device_index": 1, "device_token": "1", "total_gib": 44.39404296875, "free_gib": 43.97003173828125, "used_gib": 0.42401123046875, "allocated_gib": 0.0, "reserved_gib": 0.0, "is_train_gpu": false}, {"device_index": 2, "device_token": "2", "total_gib": 44.39404296875, "free_gib": 43.97003173828125, "used_gib": 0.42401123046875, "allocated_gib": 0.0, "reserved_gib": 0.0, "is_train_gpu": false}], "worker_budget_gib": null, "reserved_headroom_gib": null, "total_rss_gib": 1.5859184265136719, "workers": [{"pid": 1575182, "assigned_gpu": 0, "assigned_cuda_visible_device": "0", "worker_device": "cuda:0", "cuda_visible_devices": "0", "cuda_available": true, "cuda_device_count": 1, "rss_gib": 0.5281982421875, "torch_home": "", "physical_gpu_index": 0, "physical_gpu_uuid": "GPU-d426be61-d8f4-a3e4-dd2f-c5b892da6351", "physical_gpu_bus_id": "00000000:01:00.0", "physical_gpu_name": "NVIDIA L40S", "physical_binding_verified": true, "slot": 0, "alive": true}, {"pid": 1575221, "assigned_gpu": 1, "assigned_cuda_visible_device": "1", "worker_device": "cuda:0", "cuda_visible_devices": "1", "cuda_available": true, "cuda_device_count": 1, "rss_gib": 0.528839111328125, "torch_home": "", "physical_gpu_index": 1, "physical_gpu_uuid": "GPU-e85fecb1-cbce-326b-ac82-27b7d73ddfc1", "physical_gpu_bus_id": "00000000:41:00.0", "physical_gpu_name": "NVIDIA L40S", "physical_binding_verified": true, "slot": 1, "alive": true}, {"pid": 1575260, "assigned_gpu": 2, "assigned_cuda_visible_device": "2", "worker_device": "cuda:0", "cuda_visible_devices": "2", "cuda_available": true, "cuda_device_count": 1, "rss_gib": 0.5288810729980469, "torch_home": "", "physical_gpu_index": 2, "physical_gpu_uuid": "GPU-597c7fce-17eb-16da-e9c1-660740cba8dd", "physical_gpu_bus_id": "00000000:C1:00.0", "physical_gpu_name": "NVIDIA L40S", "physical_binding_verified": true, "slot": 2, "alive": true}], "worker_pids": [1575182, 1575221, 1575260]}}
[eval_only] eval_concurrency=3 warmup_pool_size=3
[Reward Assign] reward_batch_index=0 batch_item=3/3 completion_index=2 worker_slot=2 assigned_gpu=2 physical_gpu=2 worker_device=cuda:0 gpu_name='NVIDIA L40S' gpu_free_gib=43.55 gpu_used_gib=0.85 gpu_total_gib=44.99 timeout_seconds=1920
[Reward Assign] reward_batch_index=0 batch_item=1/3 completion_index=0 worker_slot=0 assigned_gpu=0 physical_gpu=0 worker_device=cuda:0 gpu_name='NVIDIA L40S' gpu_free_gib=43.55 gpu_used_gib=0.85 gpu_total_gib=44.99 timeout_seconds=1920
[Reward Assign] reward_batch_index=0 batch_item=2/3 completion_index=1 worker_slot=1 assigned_gpu=1 physical_gpu=1 worker_device=cuda:0 gpu_name='NVIDIA L40S' gpu_free_gib=43.55 gpu_used_gib=0.85 gpu_total_gib=44.99 timeout_seconds=1920
LEMUR root /home/s471802/nn-gpt
LEMUR root /home/s471802/nn-gptLEMUR root /home/s471802/nn-gpt

Evaluating /home/s471802/nn-gpt/out/nn/tmp/d1b5a2ad18a96e19e8fa197c93f4038e.py...
Evaluating /home/s471802/nn-gpt/out/nn/tmp/8a7e4f71a98493bb064a4acb766c9502.py...
Evaluating /home/s471802/nn-gpt/out/nn/tmp/e21733f3e532dc496c8da534153b069a.py...
epoch 1
epoch 1
epoch 1
  Train Loss: 0.3681, Test Loss: 0.3214
  Train Acc: 0.8846, Test Acc: 0.8932
  LR: 0.010000, Grad Norm: 2.6250, Throughput: 606.6 samples/s
accuracy_to_time_metric 1.0691369920495957
epoch 2
  Train Loss: 0.2596, Test Loss: 0.3218
  Train Acc: 0.9168, Test Acc: 0.9018
  LR: 0.010000, Grad Norm: 2.6574, Throughput: 629.7 samples/s
accuracy_to_time_metric 0.5501151955071757
epoch 3
  Train Loss: 0.3685, Test Loss: 0.3040
  Train Acc: 0.8840, Test Acc: 0.9018
  LR: 0.010000, Grad Norm: 3.0000, Throughput: 249.8 samples/s
accuracy_to_time_metric 0.44514608855783144
epoch 2
  Train Loss: 0.2870, Test Loss: 0.1580
  Train Acc: 0.9070, Test Acc: 0.9432
  LR: 0.010000, Grad Norm: 3.0000, Throughput: 223.8 samples/s
accuracy_to_time_metric 0.4193065148619608
epoch 2
  Train Loss: 0.2299, Test Loss: 0.2933
  Train Acc: 0.9253, Test Acc: 0.9084
  LR: 0.010000, Grad Norm: 3.0000, Throughput: 660.9 samples/s
accuracy_to_time_metric 0.3778571364582777
epoch 4
  Train Loss: 0.2057, Test Loss: 0.3042
  Train Acc: 0.9312, Test Acc: 0.9060
  LR: 0.010000, Grad Norm: 0.6690, Throughput: 680.2 samples/s
accuracy_to_time_metric 0.2876503130587518
epoch 5
  Train Loss: 0.2644, Test Loss: 0.3288
  Train Acc: 0.9151, Test Acc: 0.8944
  LR: 0.010000, Grad Norm: 3.0000, Throughput: 271.1 samples/s
accuracy_to_time_metric 0.229444014386902
epoch 3
  Train Loss: 0.1886, Test Loss: 0.3268
  Train Acc: 0.9357, Test Acc: 0.9024
  LR: 0.010000, Grad Norm: 0.3226, Throughput: 668.3 samples/s
accuracy_to_time_metric 0.23081064620446928
epoch 6
  Train Loss: 0.1122, Test Loss: 0.1146
  Train Acc: 0.9614, Test Acc: 0.9570
  LR: 0.010000, Grad Norm: 3.0000, Throughput: 243.9 samples/s
accuracy_to_time_metric 0.2221837219428529
epoch 3
  Train Loss: 0.1782, Test Loss: 0.3043
  Train Acc: 0.9398, Test Acc: 0.9042
  LR: 0.010000, Grad Norm: 2.8553, Throughput: 674.7 samples/s
accuracy_to_time_metric 0.194041121904008
epoch 7
  Train Loss: 0.1639, Test Loss: 0.3083
  Train Acc: 0.9432, Test Acc: 0.9090
  LR: 0.010000, Grad Norm: 0.0087, Throughput: 691.4 samples/s
accuracy_to_time_metric 0.16866854695985475
epoch 8
  Train Loss: 0.2225, Test Loss: 0.3011
  Train Acc: 0.9255, Test Acc: 0.9082
  LR: 0.010000, Grad Norm: 0.7131, Throughput: 248.4 samples/s
accuracy_to_time_metric 0.15321815585555393
epoch 4
  Train Loss: 0.1607, Test Loss: 0.3092
  Train Acc: 0.9462, Test Acc: 0.9082
  LR: 0.010000, Grad Norm: 0.3667, Throughput: 514.4 samples/s
accuracy_to_time_metric 0.14248292296308251
epoch 9
  Train Loss: 0.0640, Test Loss: 0.1129
  Train Acc: 0.9788, Test Acc: 0.9604
  LR: 0.010000, Grad Norm: 3.0000, Throughput: 220.8 samples/s
accuracy_to_time_metric 0.1459314084095428
epoch 4
  Train Loss: 0.1473, Test Loss: 0.3187
  Train Acc: 0.9503, Test Acc: 0.9074
  LR: 0.010000, Grad Norm: 3.0000, Throughput: 687.2 samples/s
accuracy_to_time_metric 0.12758979382919508
epoch 10
  Train Loss: 0.2057, Test Loss: 0.3581
  Train Acc: 0.9316, Test Acc: 0.9008
  LR: 0.010000, Grad Norm: 1.8441, Throughput: 267.1 samples/s
accuracy_to_time_metric 0.11504891484399354
epoch 5
  Train Loss: 0.1417, Test Loss: 0.3280
  Train Acc: 0.9518, Test Acc: 0.9066
  LR: 0.010000, Grad Norm: 0.2848, Throughput: 669.4 samples/s
accuracy_to_time_metric 0.11520562156504986
Training summary saved to /home/s471802/nn-gpt/out/training_summary.json
  Train Loss: 0.0386, Test Loss: 0.1191
  Train Acc: 0.9871, Test Acc: 0.9634
  LR: 0.010000, Grad Norm: 3.0000, Throughput: 242.7 samples/s
accuracy_to_time_metric 0.11139197512776983
epoch 5
  Train Loss: 0.1922, Test Loss: 0.3054
  Train Acc: 0.9360, Test Acc: 0.9082
  LR: 0.010000, Grad Norm: 0.4621, Throughput: 257.4 samples/s
accuracy_to_time_metric 0.0927948263625108
epoch 6
  Train Loss: 0.0274, Test Loss: 0.1190
  Train Acc: 0.9904, Test Acc: 0.9658
  LR: 0.010000, Grad Norm: 3.0000, Throughput: 233.6 samples/s
accuracy_to_time_metric 0.08945476799123209
epoch 6
  Train Loss: 0.1784, Test Loss: 0.3093
  Train Acc: 0.9396, Test Acc: 0.9094
  LR: 0.010000, Grad Norm: 2.4352, Throughput: 271.0 samples/s
accuracy_to_time_metric 0.07804420571193581
epoch 7
  Train Loss: 0.0208, Test Loss: 0.1156
  Train Acc: 0.9932, Test Acc: 0.9664
  LR: 0.010000, Grad Norm: 3.0000, Throughput: 243.4 samples/s
accuracy_to_time_metric 0.07515122031800746
epoch 7
  Train Loss: 0.1647, Test Loss: 0.3525
  Train Acc: 0.9440, Test Acc: 0.8998
  LR: 0.010000, Grad Norm: 0.0350, Throughput: 271.0 samples/s
accuracy_to_time_metric 0.06646827362522052
epoch 8
  Train Loss: 0.0156, Test Loss: 0.1191
  Train Acc: 0.9948, Test Acc: 0.9666
  LR: 0.010000, Grad Norm: 3.0000, Throughput: 236.5 samples/s
accuracy_to_time_metric 0.06451479932414259
epoch 8
  Train Loss: 0.1621, Test Loss: 0.3127
  Train Acc: 0.9442, Test Acc: 0.9058
  LR: 0.010000, Grad Norm: 3.0000, Throughput: 260.3 samples/s
accuracy_to_time_metric 0.058550835456213764
epoch 9
  Train Loss: 0.0133, Test Loss: 0.1016
  Train Acc: 0.9960, Test Acc: 0.9686
  LR: 0.010000, Grad Norm: 3.0000, Throughput: 244.5 samples/s
accuracy_to_time_metric 0.05686795126735455
epoch 9
  Train Loss: 0.1470, Test Loss: 0.2928
  Train Acc: 0.9489, Test Acc: 0.9086
  LR: 0.010000, Grad Norm: 2.4746, Throughput: 271.1 samples/s
accuracy_to_time_metric 0.05242780503490509
epoch 10
  Train Loss: 0.1387, Test Loss: 0.3129
  Train Acc: 0.9522, Test Acc: 0.9120
  LR: 0.010000, Grad Norm: 0.6186, Throughput: 270.4 samples/s
accuracy_to_time_metric 0.04751740232513715
Training summary saved to /home/s471802/nn-gpt/out/training_summary.json
  Train Loss: 0.0096, Test Loss: 0.1036
  Train Acc: 0.9970, Test Acc: 0.9730
  LR: 0.010000, Grad Norm: 0.0083, Throughput: 243.6 samples/s
accuracy_to_time_metric 0.050985530592204974
epoch 10
[Reward Assign] error reward_batch_index=0 batch_item=3/3 completion_index=2 worker_slot=2 assigned_gpu=2 physical_gpu=2 worker_device=cuda:0 elapsed_seconds=1920.28 error=PersistentEvalWorkerError: Persistent eval worker timed out after 1920 seconds
[Reward Worker] Ready slot=2 pid=1577801, assigned_gpu=2, assigned_cuda_visible_device='2', worker_device=cuda:0, cuda_visible_devices='2', cuda_available=True, cuda_device_count=1, rss_gib=0.53, torch_home='', physical_gpu_index=2, physical_gpu_bus_id='00000000:C1:00.0', physical_gpu_uuid='GPU-597c7fce-17eb-16da-e9c1-660740cba8dd', physical_binding_verified=True
[eval_only] 1/88 article_A_cifar10_epoch10-0212 formal_success=True acc=0.912
[eval_only] 2/88 article_A_cifar10_epoch10-0213 formal_success=True acc=0.9066
[eval_only] 3/88 article_A_cifar10_epoch10-0214 formal_success=False acc=None
[Reward Assign] reward_batch_index=0 batch_item=2/3 completion_index=4 worker_slot=1 assigned_gpu=1 physical_gpu=1 worker_device=cuda:0 gpu_name='NVIDIA L40S' gpu_free_gib=43.42 gpu_used_gib=0.98 gpu_total_gib=44.99 timeout_seconds=1920
[Reward Assign] reward_batch_index=0 batch_item=3/3 completion_index=5 worker_slot=2 assigned_gpu=2 physical_gpu=2 worker_device=cuda:0 gpu_name='NVIDIA L40S' gpu_free_gib=43.55 gpu_used_gib=0.85 gpu_total_gib=44.99 timeout_seconds=1920
[Reward Assign] reward_batch_index=0 batch_item=1/3 completion_index=3 worker_slot=0 assigned_gpu=0 physical_gpu=0 worker_device=cuda:0 gpu_name='NVIDIA L40S' gpu_free_gib=43.41 gpu_used_gib=0.98 gpu_total_gib=44.99 timeout_seconds=1920
LEMUR root /home/s471802/nn-gpt
Evaluating /home/s471802/nn-gpt/out/nn/tmp/c17cddbbd38c280938bffa0221248c21.py...
Evaluating /home/s471802/nn-gpt/out/nn/tmp/a488d903786f9933d90a4228809ff45d.py...
Evaluating /home/s471802/nn-gpt/out/nn/tmp/e42b51b06595f5278ae98801ceecbe4d.py...
epoch 1
epoch 1
epoch 1
  Train Loss: 0.3369, Test Loss: 0.3036
  Train Acc: 0.8963, Test Acc: 0.9054
  LR: 0.010000, Grad Norm: 0.4298, Throughput: 645.8 samples/s
accuracy_to_time_metric 1.1556958701590563
epoch 2
  Train Loss: 0.3893, Test Loss: 0.3904
  Train Acc: 0.8837, Test Acc: 0.8868
  LR: 0.010000, Grad Norm: 3.0000, Throughput: 391.6 samples/s
accuracy_to_time_metric 0.6847109876303672
epoch 2
  Train Loss: 0.2413, Test Loss: 0.3689
  Train Acc: 0.9260, Test Acc: 0.8934
  LR: 0.010000, Grad Norm: 1.0559, Throughput: 690.5 samples/s
accuracy_to_time_metric 0.5878571386233288
epoch 3
  Train Loss: 0.2029, Test Loss: 0.2785
  Train Acc: 0.9358, Test Acc: 0.9186
  LR: 0.010000, Grad Norm: 0.2084, Throughput: 687.4 samples/s
accuracy_to_time_metric 0.4082204635945939
epoch 4
  Train Loss: 0.3428, Test Loss: 0.1526
  Train Acc: 0.8873, Test Acc: 0.9470
  LR: 0.010000, Grad Norm: 3.0000, Throughput: 192.1 samples/s
accuracy_to_time_metric 0.36152162900342333
epoch 2
  Train Loss: 0.2857, Test Loss: 0.3897
  Train Acc: 0.9137, Test Acc: 0.8892
  LR: 0.010000, Grad Norm: 3.0000, Throughput: 392.3 samples/s
accuracy_to_time_metric 0.3435414467687717
epoch 3
  Train Loss: 0.1853, Test Loss: 0.3155
  Train Acc: 0.9412, Test Acc: 0.9140
  LR: 0.010000, Grad Norm: 3.0000, Throughput: 686.7 samples/s
accuracy_to_time_metric 0.30582711739632695
epoch 5
  Train Loss: 0.1633, Test Loss: 0.3212
  Train Acc: 0.9476, Test Acc: 0.9190
  LR: 0.010000, Grad Norm: 3.0000, Throughput: 657.3 samples/s
accuracy_to_time_metric 0.24467682733837134
epoch 6
  Train Loss: 0.2576, Test Loss: 0.3715
  Train Acc: 0.9210, Test Acc: 0.8996
  LR: 0.010000, Grad Norm: 0.9702, Throughput: 388.2 samples/s
accuracy_to_time_metric 0.231259122986597
epoch 4
  Train Loss: 0.1472, Test Loss: 0.3230
  Train Acc: 0.9516, Test Acc: 0.9168
  LR: 0.010000, Grad Norm: 2.4268, Throughput: 685.1 samples/s
accuracy_to_time_metric 0.20393406722221266
epoch 7
  Train Loss: 0.1362, Test Loss: 0.3220
  Train Acc: 0.9543, Test Acc: 0.9148
  LR: 0.010000, Grad Norm: 0.1991, Throughput: 693.3 samples/s
accuracy_to_time_metric 0.175027383287484
epoch 8
  Train Loss: 0.2410, Test Loss: 0.3228
  Train Acc: 0.9264, Test Acc: 0.9122
  LR: 0.010000, Grad Norm: 3.0000, Throughput: 396.5 samples/s
accuracy_to_time_metric 0.17681690367662478
epoch 5
  Train Loss: 0.1282, Test Loss: 0.1288
  Train Acc: 0.9572, Test Acc: 0.9550
  LR: 0.010000, Grad Norm: 3.0000, Throughput: 191.2 samples/s
accuracy_to_time_metric 0.18203362293637879
epoch 3
  Train Loss: 0.1317, Test Loss: 0.3285
  Train Acc: 0.9561, Test Acc: 0.9142
  LR: 0.010000, Grad Norm: 1.7111, Throughput: 697.2 samples/s
accuracy_to_time_metric 0.15357329676073478
epoch 9
  Train Loss: 0.2076, Test Loss: 0.3619
  Train Acc: 0.9350, Test Acc: 0.8994
  LR: 0.010000, Grad Norm: 2.4035, Throughput: 398.0 samples/s
accuracy_to_time_metric 0.13962731483441573
epoch 6
  Train Loss: 0.1179, Test Loss: 0.3131
  Train Acc: 0.9601, Test Acc: 0.9146
  LR: 0.010000, Grad Norm: 0.4618, Throughput: 689.9 samples/s
accuracy_to_time_metric 0.13679231275299486
epoch 10
  Train Loss: 0.1138, Test Loss: 0.3271
  Train Acc: 0.9629, Test Acc: 0.9164
  LR: 0.010000, Grad Norm: 0.9677, Throughput: 662.7 samples/s
accuracy_to_time_metric 0.12304319592847777
Training summary saved to /home/s471802/nn-gpt/out/training_summary.json
  Train Loss: 0.2122, Test Loss: 0.3846
  Train Acc: 0.9349, Test Acc: 0.8968
  LR: 0.010000, Grad Norm: 3.0000, Throughput: 387.3 samples/s
accuracy_to_time_metric 0.11567869515246079
epoch 7
  Train Loss: 0.0736, Test Loss: 0.1086
  Train Acc: 0.9752, Test Acc: 0.9630
  LR: 0.010000, Grad Norm: 0.5096, Throughput: 192.2 samples/s
accuracy_to_time_metric 0.12260087100245823
epoch 4
  Train Loss: 0.1889, Test Loss: 0.3426
  Train Acc: 0.9410, Test Acc: 0.9084
  LR: 0.010000, Grad Norm: 0.0041, Throughput: 346.4 samples/s
accuracy_to_time_metric 0.09873006253348776
epoch 8
  Train Loss: 0.1857, Test Loss: 0.3720
  Train Acc: 0.9413, Test Acc: 0.9022
  LR: 0.010000, Grad Norm: 1.2081, Throughput: 395.2 samples/s
accuracy_to_time_metric 0.08600105813679804
epoch 9
  Train Loss: 0.0475, Test Loss: 0.1225
  Train Acc: 0.9843, Test Acc: 0.9626
  LR: 0.010000, Grad Norm: 3.0000, Throughput: 179.8 samples/s
accuracy_to_time_metric 0.09039549985805623
epoch 5
  Train Loss: 0.1698, Test Loss: 0.3786
  Train Acc: 0.9454, Test Acc: 0.9034
  LR: 0.010000, Grad Norm: 3.0000, Throughput: 396.9 samples/s
accuracy_to_time_metric 0.07678719821374876
epoch 10
  Train Loss: 0.1602, Test Loss: 0.3723
  Train Acc: 0.9488, Test Acc: 0.9066
  LR: 0.010000, Grad Norm: 0.0089, Throughput: 389.5 samples/s
accuracy_to_time_metric 0.06942039309275737
Training summary saved to /home/s471802/nn-gpt/out/training_summary.json
  Train Loss: 0.0335, Test Loss: 0.1108
  Train Acc: 0.9886, Test Acc: 0.9676
  LR: 0.010000, Grad Norm: 0.8813, Throughput: 191.4 samples/s
accuracy_to_time_metric 0.07294055214300309
epoch 6
  Train Loss: 0.0254, Test Loss: 0.1024
  Train Acc: 0.9913, Test Acc: 0.9724
  LR: 0.010000, Grad Norm: 1.1701, Throughput: 192.6 samples/s
accuracy_to_time_metric 0.06129873334610704
epoch 7
  Train Loss: 0.0183, Test Loss: 0.1088
  Train Acc: 0.9937, Test Acc: 0.9682
  LR: 0.010000, Grad Norm: 3.0000, Throughput: 192.9 samples/s
accuracy_to_time_metric 0.05240779227434457
epoch 8
  Train Loss: 0.0157, Test Loss: 0.1087
  Train Acc: 0.9950, Test Acc: 0.9688
  LR: 0.010000, Grad Norm: 0.6217, Throughput: 193.5 samples/s
accuracy_to_time_metric 0.04598679177096708
epoch 9
[Reward Assign] error reward_batch_index=0 batch_item=1/3 completion_index=3 worker_slot=0 assigned_gpu=0 physical_gpu=0 worker_device=cuda:0 elapsed_seconds=1920.10 error=PersistentEvalWorkerError: Persistent eval worker timed out after 1920 seconds
[Reward Worker] Ready slot=0 pid=1584861, assigned_gpu=0, assigned_cuda_visible_device='0', worker_device=cuda:0, cuda_visible_devices='0', cuda_available=True, cuda_device_count=1, rss_gib=0.53, torch_home='', physical_gpu_index=0, physical_gpu_bus_id='00000000:01:00.0', physical_gpu_uuid='GPU-d426be61-d8f4-a3e4-dd2f-c5b892da6351', physical_binding_verified=True
[eval_only] 4/88 article_A_cifar10_epoch10-0215 formal_success=False acc=None
[eval_only] 5/88 article_A_cifar10_epoch10-0216 formal_success=True acc=0.9066
[eval_only] 6/88 article_A_cifar10_epoch10-0217 formal_success=True acc=0.9164
[Reward Assign] reward_batch_index=0 batch_item=2/3 completion_index=7 worker_slot=1 assigned_gpu=1 physical_gpu=1 worker_device=cuda:0 gpu_name='NVIDIA L40S' gpu_free_gib=43.41 gpu_used_gib=0.98 gpu_total_gib=44.99 timeout_seconds=1920
[Reward Assign] reward_batch_index=0 batch_item=1/3 completion_index=6 worker_slot=0 assigned_gpu=0 physical_gpu=0 worker_device=cuda:0 gpu_name='NVIDIA L40S' gpu_free_gib=43.55 gpu_used_gib=0.85 gpu_total_gib=44.99 timeout_seconds=1920
[Reward Assign] reward_batch_index=0 batch_item=3/3 completion_index=8 worker_slot=2 assigned_gpu=2 physical_gpu=2 worker_device=cuda:0 gpu_name='NVIDIA L40S' gpu_free_gib=43.42 gpu_used_gib=0.98 gpu_total_gib=44.99 timeout_seconds=1920
LEMUR root /home/s471802/nn-gpt
Evaluating /home/s471802/nn-gpt/out/nn/tmp/01714ac062d1b6c9fe5ae9cad70eb378.py...
Evaluating /home/s471802/nn-gpt/out/nn/tmp/626ac25c8afcbd4c1d87a2d80154bcdd.py...
Evaluating /home/s471802/nn-gpt/out/nn/tmp/b0cdca88d4caf8939301f2aa7cf9c55e.py...
epoch 1
epoch 1
epoch 1
  Train Loss: 0.3940, Test Loss: 0.3291
  Train Acc: 0.8676, Test Acc: 0.8864
  LR: 0.010000, Grad Norm: 1.2134, Throughput: 341.1 samples/s
accuracy_to_time_metric 0.5960695447302804
epoch 2
  Train Loss: 0.3804, Test Loss: 0.2847
  Train Acc: 0.8714, Test Acc: 0.9004
  LR: 0.010000, Grad Norm: 0.4356, Throughput: 279.7 samples/s
accuracy_to_time_metric 0.4975309097319185
epoch 2
  Train Loss: 0.2960, Test Loss: 0.1365
  Train Acc: 0.9038, Test Acc: 0.9520
  LR: 0.010000, Grad Norm: 3.0000, Throughput: 285.3 samples/s
accuracy_to_time_metric 0.540130031463684
epoch 2
  Train Loss: 0.2875, Test Loss: 0.3082
  Train Acc: 0.9035, Test Acc: 0.8968
  LR: 0.010000, Grad Norm: 3.0000, Throughput: 345.8 samples/s
accuracy_to_time_metric 0.30392832096286515
epoch 3
  Train Loss: 0.1026, Test Loss: 0.1315
  Train Acc: 0.9658, Test Acc: 0.9606
  LR: 0.010000, Grad Norm: 3.0000, Throughput: 298.0 samples/s
accuracy_to_time_metric 0.27866963056636757
epoch 3
  Train Loss: 0.2024, Test Loss: 0.2183
  Train Acc: 0.9304, Test Acc: 0.9218
  LR: 0.010000, Grad Norm: 3.0000, Throughput: 289.4 samples/s
accuracy_to_time_metric 0.2596727327420583
epoch 3
  Train Loss: 0.2545, Test Loss: 0.3293
  Train Acc: 0.9128, Test Acc: 0.8888
  LR: 0.010000, Grad Norm: 3.0000, Throughput: 345.2 samples/s
accuracy_to_time_metric 0.20091078799547107
epoch 4
  Train Loss: 0.0548, Test Loss: 0.1150
  Train Acc: 0.9815, Test Acc: 0.9638
  LR: 0.010000, Grad Norm: 3.0000, Throughput: 297.4 samples/s
accuracy_to_time_metric 0.18769227260151794
epoch 4
  Train Loss: 0.1341, Test Loss: 0.2178
  Train Acc: 0.9549, Test Acc: 0.9276
  LR: 0.010000, Grad Norm: 3.0000, Throughput: 290.5 samples/s
accuracy_to_time_metric 0.17552469229603632
epoch 4
  Train Loss: 0.2335, Test Loss: 0.3254
  Train Acc: 0.9187, Test Acc: 0.8940
  LR: 0.010000, Grad Norm: 3.0000, Throughput: 352.1 samples/s
accuracy_to_time_metric 0.1525432713781244
epoch 5
  Train Loss: 0.0321, Test Loss: 0.1207
  Train Acc: 0.9895, Test Acc: 0.9654
  LR: 0.010000, Grad Norm: 0.5938, Throughput: 301.8 samples/s
accuracy_to_time_metric 0.1420039163858407
epoch 5
  Train Loss: 0.1031, Test Loss: 0.1872
  Train Acc: 0.9652, Test Acc: 0.9412
  LR: 0.010000, Grad Norm: 3.0000, Throughput: 294.4 samples/s
accuracy_to_time_metric 0.13470372956709226
epoch 5
  Train Loss: 0.2178, Test Loss: 0.3177
  Train Acc: 0.9248, Test Acc: 0.8980
  LR: 0.010000, Grad Norm: 3.0000, Throughput: 353.6 samples/s
accuracy_to_time_metric 0.1231746827232369
epoch 6
  Train Loss: 0.0222, Test Loss: 0.1127
  Train Acc: 0.9927, Test Acc: 0.9686
  LR: 0.010000, Grad Norm: 0.0246, Throughput: 300.2 samples/s
accuracy_to_time_metric 0.11437709009686713
epoch 6
  Train Loss: 0.2057, Test Loss: 0.3342
  Train Acc: 0.9299, Test Acc: 0.8948
  LR: 0.010000, Grad Norm: 3.0000, Throughput: 351.0 samples/s
accuracy_to_time_metric 0.10240179100520141
epoch 7
  Train Loss: 0.0734, Test Loss: 0.1964
  Train Acc: 0.9754, Test Acc: 0.9374
  LR: 0.010000, Grad Norm: 3.0000, Throughput: 293.4 samples/s
accuracy_to_time_metric 0.10764159775411587
epoch 6
  Train Loss: 0.1983, Test Loss: 0.3399
  Train Loss: 0.0155, Test Loss: 0.1109  Train Acc: 0.9310, Test Acc: 0.8950

  LR: 0.010000, Grad Norm: 3.0000, Throughput: 354.9 samples/s
  Train Acc: 0.9950, Test Acc: 0.9676
  LR: 0.010000, Grad Norm: 3.0000, Throughput: 302.8 samples/s
accuracy_to_time_metric 0.08803590780601764
accuracy_to_time_metric 0.09553671019593628
epoch 8
epoch 7
  Train Loss: 0.0569, Test Loss: 0.1794
  Train Acc: 0.9803, Test Acc: 0.9424
  LR: 0.010000, Grad Norm: 1.1008, Throughput: 295.1 samples/s
accuracy_to_time_metric 0.09052908295870375
epoch 7
  Train Loss: 0.1872, Test Loss: 0.3323
  Train Acc: 0.9345, Test Acc: 0.8960
  LR: 0.010000, Grad Norm: 3.0000, Throughput: 353.9 samples/s
accuracy_to_time_metric 0.07632895429062483
epoch 9
  Train Loss: 0.0134, Test Loss: 0.1056
  Train Acc: 0.9958, Test Acc: 0.9722
  LR: 0.010000, Grad Norm: 0.0037, Throughput: 302.1 samples/s
accuracy_to_time_metric 0.0823105829513808
epoch 8
  Train Loss: 0.0433, Test Loss: 0.1765
  Train Acc: 0.9853, Test Acc: 0.9502
  LR: 0.010000, Grad Norm: 3.0000, Throughput: 294.4 samples/s
accuracy_to_time_metric 0.07846825318655812
epoch 8
  Train Loss: 0.1851, Test Loss: 0.3296
  Train Acc: 0.9358, Test Acc: 0.8952
  LR: 0.010000, Grad Norm: 2.5086, Throughput: 335.8 samples/s
accuracy_to_time_metric 0.0675644781053144
epoch 10
  Train Loss: 0.0104, Test Loss: 0.1103
  Train Acc: 0.9966, Test Acc: 0.9732
  LR: 0.010000, Grad Norm: 3.0000, Throughput: 284.3 samples/s
accuracy_to_time_metric 0.07168784950413357
epoch 9
  Train Loss: 0.0338, Test Loss: 0.1800
  Train Acc: 0.9883, Test Acc: 0.9528
  LR: 0.010000, Grad Norm: 3.0000, Throughput: 277.9 samples/s
accuracy_to_time_metric 0.06846899028466057
epoch 9
  Train Loss: 0.1776, Test Loss: 0.3444
  Train Acc: 0.9389, Test Acc: 0.8914
  LR: 0.010000, Grad Norm: 3.0000, Throughput: 333.2 samples/s
accuracy_to_time_metric 0.060298300601145244
Training summary saved to /home/s471802/nn-gpt/out/training_summary.json
  Train Loss: 0.0081, Test Loss: 0.1065
  Train Acc: 0.9974, Test Acc: 0.9754
  LR: 0.010000, Grad Norm: 3.0000, Throughput: 288.4 samples/s
accuracy_to_time_metric 0.0637018707071538
epoch 10
  Train Loss: 0.0284, Test Loss: 0.1735
  Train Acc: 0.9899, Test Acc: 0.9514
  LR: 0.010000, Grad Norm: 3.0000, Throughput: 285.2 samples/s
accuracy_to_time_metric 0.060666573212467025
epoch 10
  Train Loss: 0.0056, Test Loss: 0.1316
  Train Acc: 0.9983, Test Acc: 0.9704
  LR: 0.010000, Grad Norm: 0.5478, Throughput: 299.2 samples/s
accuracy_to_time_metric 0.05708620019719289
Training summary saved to /home/s471802/nn-gpt/out/training_summary.json
  Train Loss: 0.0240, Test Loss: 0.1594
  Train Acc: 0.9918, Test Acc: 0.9564
  LR: 0.010000, Grad Norm: 1.0203, Throughput: 293.0 samples/s
accuracy_to_time_metric 0.055000527511754854
Training summary saved to /home/s471802/nn-gpt/out/training_summary.json
[eval_only] 7/88 article_A_cifar10_epoch10-0218 formal_success=True acc=0.9704
[eval_only] 8/88 article_A_cifar10_epoch10-0219 formal_success=True acc=0.8914
[eval_only] 9/88 article_A_cifar10_epoch10-0220 formal_success=True acc=0.9564
[Reward Assign] reward_batch_index=0 batch_item=3/3 completion_index=11 worker_slot=2 assigned_gpu=2 physical_gpu=2 worker_device=cuda:0 gpu_name='NVIDIA L40S' gpu_free_gib=43.41 gpu_used_gib=0.98 gpu_total_gib=44.99 timeout_seconds=1920
[Reward Assign] reward_batch_index=0 batch_item=2/3 completion_index=10 worker_slot=1 assigned_gpu=1 physical_gpu=1 worker_device=cuda:0 gpu_name='NVIDIA L40S' gpu_free_gib=43.41 gpu_used_gib=0.98 gpu_total_gib=44.99 timeout_seconds=1920
[Reward Assign] reward_batch_index=0 batch_item=1/3 completion_index=9 worker_slot=0 assigned_gpu=0 physical_gpu=0 worker_device=cuda:0 gpu_name='NVIDIA L40S' gpu_free_gib=43.39 gpu_used_gib=1.00 gpu_total_gib=44.99 timeout_seconds=1920
Evaluating /home/s471802/nn-gpt/out/nn/tmp/417f5065ef867afc27d0866cbc42e16d.py...
Evaluating /home/s471802/nn-gpt/out/nn/tmp/1ceb87d9ccd3213365e77504ce0173d0.py...
Evaluating /home/s471802/nn-gpt/out/nn/tmp/ce58ccffdec63df253fe8058c48a48a9.py...
epoch 1
epoch 1
epoch 1
  Train Loss: 0.3466, Test Loss: 0.2999
  Train Acc: 0.8944, Test Acc: 0.9114
  LR: 0.010000, Grad Norm: 0.3108, Throughput: 665.8 samples/s
accuracy_to_time_metric 1.2003936609495567
epoch 2
  Train Loss: 0.4497, Test Loss: 0.2669
  Train Acc: 0.8512, Test Acc: 0.9092
  LR: 0.010000, Grad Norm: 3.0000, Throughput: 534.7 samples/s
accuracy_to_time_metric 0.9615076199517439
epoch 2
  Train Loss: 0.2388, Test Loss: 0.3053
  Train Acc: 0.9268, Test Acc: 0.9126
  LR: 0.010000, Grad Norm: 2.1606, Throughput: 660.7 samples/s
accuracy_to_time_metric 0.5983386324743687
epoch 3
  Train Loss: 0.2215, Test Loss: 0.2054
  Train Acc: 0.9244, Test Acc: 0.9288
  LR: 0.010000, Grad Norm: 3.0000, Throughput: 555.5 samples/s
accuracy_to_time_metric 0.5014609368321081
epoch 3
  Train Loss: 0.2039, Test Loss: 0.3064
  Train Acc: 0.9350, Test Acc: 0.9126
  LR: 0.010000, Grad Norm: 0.1721, Throughput: 662.8 samples/s
accuracy_to_time_metric 0.3987042697249729
epoch 4
  Train Loss: 0.6061, Test Loss: 0.1988
  Train Acc: 0.7959, Test Acc: 0.9348
  LR: 0.010000, Grad Norm: 3.0000, Throughput: 202.5 samples/s
accuracy_to_time_metric 0.37561138212306194
epoch 2
  Train Loss: 0.1503, Test Loss: 0.1839
  Train Acc: 0.9468, Test Acc: 0.9352
  LR: 0.010000, Grad Norm: 3.0000, Throughput: 557.0 samples/s
accuracy_to_time_metric 0.3392765142543261
epoch 4
  Train Loss: 0.1872, Test Loss: 0.3072
  Train Acc: 0.9414, Test Acc: 0.9148
  LR: 0.010000, Grad Norm: 3.0000, Throughput: 656.1 samples/s
accuracy_to_time_metric 0.29900884098894076
epoch 5
  Train Loss: 0.1054, Test Loss: 0.1704
  Train Acc: 0.9637, Test Acc: 0.9400
  LR: 0.010000, Grad Norm: 3.0000, Throughput: 556.1 samples/s
accuracy_to_time_metric 0.25672376541550035
epoch 5
  Train Loss: 0.1618, Test Loss: 0.2955
  Train Acc: 0.9470, Test Acc: 0.9204
  LR: 0.010000, Grad Norm: 0.1004, Throughput: 663.4 samples/s
accuracy_to_time_metric 0.2409828599233291
epoch 6
  Train Loss: 0.0801, Test Loss: 0.1817
  Train Acc: 0.9724, Test Acc: 0.9410
  LR: 0.010000, Grad Norm: 0.8586, Throughput: 556.6 samples/s
accuracy_to_time_metric 0.206050387738428
epoch 6
  Train Loss: 0.1450, Test Loss: 0.3181
  Train Acc: 0.9512, Test Acc: 0.9132
  LR: 0.010000, Grad Norm: 0.9127, Throughput: 657.0 samples/s
accuracy_to_time_metric 0.19881015476378444
epoch 7
  Train Loss: 0.1643, Test Loss: 0.2341
  Train Acc: 0.9461, Test Acc: 0.9412
  LR: 0.010000, Grad Norm: 3.0000, Throughput: 207.3 samples/s
accuracy_to_time_metric 0.19142217039443912
epoch 3
  Train Loss: 0.1399, Test Loss: 0.3852
  Train Acc: 0.9531, Test Acc: 0.9054
  LR: 0.010000, Grad Norm: 3.0000, Throughput: 656.7 samples/s
accuracy_to_time_metric 0.16861264416486163
epoch 8
  Train Loss: 0.0641, Test Loss: 0.1807
  Train Acc: 0.9784, Test Acc: 0.9418
  LR: 0.010000, Grad Norm: 0.6865, Throughput: 546.9 samples/s
accuracy_to_time_metric 0.17160594061307835
epoch 7
  Train Loss: 0.1290, Test Loss: 0.4072
  Train Acc: 0.9564, Test Acc: 0.9014
  LR: 0.010000, Grad Norm: 0.0076, Throughput: 662.7 samples/s
accuracy_to_time_metric 0.14686455583185082
epoch 9
  Train Loss: 0.0514, Test Loss: 0.2045
  Train Acc: 0.9819, Test Acc: 0.9448
  LR: 0.010000, Grad Norm: 3.0000, Throughput: 554.0 samples/s
accuracy_to_time_metric 0.1477245553713305
epoch 8
  Train Loss: 0.1288, Test Loss: 0.3883
  Train Acc: 0.9575, Test Acc: 0.9026
  LR: 0.010000, Grad Norm: 3.0000, Throughput: 654.5 samples/s
accuracy_to_time_metric 0.13060459911943062
epoch 10
  Train Loss: 0.0415, Test Loss: 0.1884
  Train Acc: 0.9858, Test Acc: 0.9494
  LR: 0.010000, Grad Norm: 3.0000, Throughput: 550.7 samples/s
accuracy_to_time_metric 0.1299398471487357
epoch 9
  Train Loss: 0.0872, Test Loss: 0.1213
  Train Acc: 0.9711, Test Acc: 0.9626
  LR: 0.010000, Grad Norm: 3.0000, Throughput: 206.7 samples/s
accuracy_to_time_metric 0.13123671994314057
epoch 4
  Train Loss: 0.1142, Test Loss: 0.3143
  Train Acc: 0.9614, Test Acc: 0.9154
  LR: 0.010000, Grad Norm: 0.2627, Throughput: 653.1 samples/s
accuracy_to_time_metric 0.11929282850347472
Training summary saved to /home/s471802/nn-gpt/out/training_summary.json
  Train Loss: 0.0336, Test Loss: 0.1967
  Train Acc: 0.9885, Test Acc: 0.9476
  LR: 0.010000, Grad Norm: 3.0000, Throughput: 546.6 samples/s
accuracy_to_time_metric 0.11514479889564015
epoch 10
  Train Loss: 0.0303, Test Loss: 0.1894
  Train Acc: 0.9895, Test Acc: 0.9464
  LR: 0.010000, Grad Norm: 3.0000, Throughput: 548.9 samples/s
accuracy_to_time_metric 0.1034473200363272
Training summary saved to /home/s471802/nn-gpt/out/training_summary.json
  Train Loss: 0.0532, Test Loss: 0.1209
  Train Acc: 0.9815, Test Acc: 0.9616
  LR: 0.010000, Grad Norm: 3.0000, Throughput: 205.5 samples/s
accuracy_to_time_metric 0.09831108687715537
epoch 5
  Train Loss: 0.0349, Test Loss: 0.1087
  Train Acc: 0.9883, Test Acc: 0.9680
  LR: 0.010000, Grad Norm: 3.0000, Throughput: 205.7 samples/s
accuracy_to_time_metric 0.07924954684171953
epoch 6
  Train Loss: 0.0248, Test Loss: 0.1144
  Train Acc: 0.9921, Test Acc: 0.9660
  LR: 0.010000, Grad Norm: 3.0000, Throughput: 204.3 samples/s
accuracy_to_time_metric 0.06582474973937186
epoch 7
  Train Loss: 0.0172, Test Loss: 0.1311
  Train Acc: 0.9941, Test Acc: 0.9664
  LR: 0.010000, Grad Norm: 0.1111, Throughput: 204.1 samples/s
accuracy_to_time_metric 0.0563996098791006
epoch 8
  Train Loss: 0.0139, Test Loss: 0.1178
  Train Acc: 0.9952, Test Acc: 0.9672
  LR: 0.010000, Grad Norm: 0.4611, Throughput: 205.7 samples/s
accuracy_to_time_metric 0.04941175897071569
epoch 9
[Reward Assign] error reward_batch_index=0 batch_item=2/3 completion_index=10 worker_slot=1 assigned_gpu=1 physical_gpu=1 worker_device=cuda:0 elapsed_seconds=1920.11 error=PersistentEvalWorkerError: Persistent eval worker timed out after 1920 seconds
[Reward Worker] Ready slot=1 pid=1588928, assigned_gpu=1, assigned_cuda_visible_device='1', worker_device=cuda:0, cuda_visible_devices='1', cuda_available=True, cuda_device_count=1, rss_gib=0.53, torch_home='', physical_gpu_index=1, physical_gpu_bus_id='00000000:41:00.0', physical_gpu_uuid='GPU-e85fecb1-cbce-326b-ac82-27b7d73ddfc1', physical_binding_verified=True
[eval_only] 10/88 article_A_cifar10_epoch10-0221 formal_success=True acc=0.9464
[eval_only] 11/88 article_A_cifar10_epoch10-0222 formal_success=False acc=None
[eval_only] 12/88 article_A_cifar10_epoch10-0223 formal_success=True acc=0.9154
[Reward Assign] reward_batch_index=0 batch_item=1/3 completion_index=12 worker_slot=0 assigned_gpu=0 physical_gpu=0 worker_device=cuda:0 gpu_name='NVIDIA L40S' gpu_free_gib=43.39 gpu_used_gib=1.00 gpu_total_gib=44.99 timeout_seconds=1920
[Reward Assign] reward_batch_index=0 batch_item=2/3 completion_index=13 worker_slot=1 assigned_gpu=1 physical_gpu=1 worker_device=cuda:0 gpu_name='NVIDIA L40S' gpu_free_gib=43.55 gpu_used_gib=0.85 gpu_total_gib=44.99 timeout_seconds=1920
[Reward Assign] reward_batch_index=0 batch_item=3/3 completion_index=14 worker_slot=2 assigned_gpu=2 physical_gpu=2 worker_device=cuda:0 gpu_name='NVIDIA L40S' gpu_free_gib=43.41 gpu_used_gib=0.98 gpu_total_gib=44.99 timeout_seconds=1920
LEMUR root /home/s471802/nn-gpt
Evaluating /home/s471802/nn-gpt/out/nn/tmp/aa9646419c5db42914fc309dc1b5a26c.py...
Evaluating /home/s471802/nn-gpt/out/nn/tmp/eb94ce6ac94ce65785635cff433722df.py...
Evaluating /home/s471802/nn-gpt/out/nn/tmp/81c9ff2393037a905107bcf3b5ba1582.py...
epoch 1
epoch 1
epoch 1
  Train Loss: 0.3084, Test Loss: 0.2405
  Train Acc: 0.8995, Test Acc: 0.9186
  LR: 0.010000, Grad Norm: 0.5901, Throughput: 508.9 samples/s
accuracy_to_time_metric 0.9256276195258593
epoch 2
  Train Loss: 0.2253, Test Loss: 0.2482
  Train Acc: 0.9245, Test Acc: 0.9174
  LR: 0.010000, Grad Norm: 3.0000, Throughput: 527.6 samples/s
accuracy_to_time_metric 0.4702216635768724
epoch 3
  Train Loss: 0.4653, Test Loss: 0.2800
  Train Acc: 0.8421, Test Acc: 0.9020
  LR: 0.010000, Grad Norm: 3.0000, Throughput: 224.1 samples/s
accuracy_to_time_metric 0.39945123120103504
epoch 2
  Train Loss: 0.3757, Test Loss: 0.1986
  Train Acc: 0.8750, Test Acc: 0.9320
  LR: 0.010000, Grad Norm: 3.0000, Throughput: 197.5 samples/s
accuracy_to_time_metric 0.3651153842885085
epoch 2
  Train Loss: 0.2028, Test Loss: 0.2195
  Train Acc: 0.9321, Test Acc: 0.9290
  LR: 0.010000, Grad Norm: 3.0000, Throughput: 531.5 samples/s
accuracy_to_time_metric 0.3205795233748164
epoch 4
  Train Loss: 0.1884, Test Loss: 0.2185
  Train Acc: 0.9350, Test Acc: 0.9278
  LR: 0.010000, Grad Norm: 3.0000, Throughput: 515.7 samples/s
accuracy_to_time_metric 0.23927589502172586
epoch 5
  Train Loss: 0.2121, Test Loss: 0.2068
  Train Acc: 0.9272, Test Acc: 0.9246
  LR: 0.010000, Grad Norm: 3.0000, Throughput: 231.1 samples/s
accuracy_to_time_metric 0.20842686262888505
epoch 3
  Train Loss: 0.1769, Test Loss: 0.2315
  Train Acc: 0.9386, Test Acc: 0.9184
  LR: 0.010000, Grad Norm: 1.2782, Throughput: 517.4 samples/s
accuracy_to_time_metric 0.18899048904258908
epoch 6
  Train Loss: 0.1604, Test Loss: 0.1508
  Train Acc: 0.9453, Test Acc: 0.9476
  LR: 0.010000, Grad Norm: 3.0000, Throughput: 197.9 samples/s
accuracy_to_time_metric 0.18611841612905486
epoch 3
  Train Loss: 0.1696, Test Loss: 0.2341
  Train Acc: 0.9427, Test Acc: 0.9204
  LR: 0.010000, Grad Norm: 3.0000, Throughput: 512.3 samples/s
accuracy_to_time_metric 0.15747529331960208
epoch 7
  Train Loss: 0.1420, Test Loss: 0.2066
  Train Acc: 0.9504, Test Acc: 0.9282
  LR: 0.010000, Grad Norm: 3.0000, Throughput: 226.2 samples/s
accuracy_to_time_metric 0.13926011216729295
epoch 4
  Train Loss: 0.1614, Test Loss: 0.2428
  Train Acc: 0.9449, Test Acc: 0.9178
  LR: 0.010000, Grad Norm: 0.1965, Throughput: 490.7 samples/s
accuracy_to_time_metric 0.13345731979671557
epoch 8
  Train Loss: 0.0946, Test Loss: 0.1631
  Train Acc: 0.9680, Test Acc: 0.9482
  LR: 0.010000, Grad Norm: 3.0000, Throughput: 193.2 samples/s
accuracy_to_time_metric 0.12319985176629161
epoch 4
  Train Loss: 0.1554, Test Loss: 0.2286
  Train Acc: 0.9461, Test Acc: 0.9216
  LR: 0.010000, Grad Norm: 0.8097, Throughput: 516.5 samples/s
accuracy_to_time_metric 0.11737045578111395
epoch 9
  Train Loss: 0.1473, Test Loss: 0.2204
  Train Acc: 0.9494, Test Acc: 0.9240
  LR: 0.010000, Grad Norm: 3.0000, Throughput: 516.3 samples/s
accuracy_to_time_metric 0.1046651750955427
epoch 10
  Train Loss: 0.0971, Test Loss: 0.1819
  Train Acc: 0.9673, Test Acc: 0.9386
  LR: 0.010000, Grad Norm: 1.8239, Throughput: 229.7 samples/s
accuracy_to_time_metric 0.1060498124137601
epoch 5
  Train Loss: 0.1442, Test Loss: 0.2178
  Train Acc: 0.9508, Test Acc: 0.9272
  LR: 0.010000, Grad Norm: 2.6339, Throughput: 518.3 samples/s
accuracy_to_time_metric 0.09462349534411987
Training summary saved to /home/s471802/nn-gpt/out/training_summary.json
  Train Loss: 0.0652, Test Loss: 0.1439
  Train Acc: 0.9773, Test Acc: 0.9534
  LR: 0.010000, Grad Norm: 3.0000, Throughput: 197.8 samples/s
accuracy_to_time_metric 0.09316061608055336
epoch 5
  Train Loss: 0.0708, Test Loss: 0.1807
  Train Acc: 0.9750, Test Acc: 0.9444
  LR: 0.010000, Grad Norm: 3.0000, Throughput: 225.6 samples/s
accuracy_to_time_metric 0.08526633195852007
epoch 6
  Train Loss: 0.0463, Test Loss: 0.1444
  Train Acc: 0.9842, Test Acc: 0.9546
  LR: 0.010000, Grad Norm: 3.0000, Throughput: 192.1 samples/s
accuracy_to_time_metric 0.0742874932187817
epoch 6
  Train Loss: 0.0553, Test Loss: 0.1749
  Train Acc: 0.9811, Test Acc: 0.9448
  LR: 0.010000, Grad Norm: 2.2872, Throughput: 223.0 samples/s
accuracy_to_time_metric 0.07085834913397887
epoch 7
  Train Loss: 0.0360, Test Loss: 0.1651
  Train Acc: 0.9872, Test Acc: 0.9518
  LR: 0.010000, Grad Norm: 3.0000, Throughput: 197.9 samples/s
accuracy_to_time_metric 0.06181707744772893
epoch 7
  Train Loss: 0.0463, Test Loss: 0.1664
  Train Acc: 0.9836, Test Acc: 0.9504
  LR: 0.010000, Grad Norm: 3.0000, Throughput: 230.6 samples/s
accuracy_to_time_metric 0.06129179050485473
epoch 8
  Train Loss: 0.0380, Test Loss: 0.1881
  Train Acc: 0.9871, Test Acc: 0.9498
  LR: 0.010000, Grad Norm: 3.0000, Throughput: 231.0 samples/s
accuracy_to_time_metric 0.053705186713938556
epoch 9
  Train Loss: 0.0286, Test Loss: 0.1632
  Train Acc: 0.9901, Test Acc: 0.9554
  LR: 0.010000, Grad Norm: 3.0000, Throughput: 198.5 samples/s
accuracy_to_time_metric 0.053303893213657166
epoch 8
  Train Loss: 0.0337, Test Loss: 0.2031
  Train Acc: 0.9879, Test Acc: 0.9480
  LR: 0.010000, Grad Norm: 3.0000, Throughput: 231.8 samples/s
accuracy_to_time_metric 0.0477321080779627
epoch 10
  Train Loss: 0.0231, Test Loss: 0.1640
  Train Acc: 0.9921, Test Acc: 0.9534
  LR: 0.010000, Grad Norm: 1.6405, Throughput: 197.0 samples/s
accuracy_to_time_metric 0.046549470756792465
epoch 9
[Reward Assign] error reward_batch_index=0 batch_item=1/3 completion_index=12 worker_slot=0 assigned_gpu=0 physical_gpu=0 worker_device=cuda:0 elapsed_seconds=1922.57 error=PersistentEvalWorkerError: Persistent eval worker timed out after 1920 seconds
[Reward Assign] error reward_batch_index=0 batch_item=2/3 completion_index=13 worker_slot=1 assigned_gpu=1 physical_gpu=1 worker_device=cuda:0 elapsed_seconds=1922.57 error=PersistentEvalWorkerError: Persistent eval worker timed out after 1920 seconds
[Reward Worker] Ready slot=0 pid=1591247, assigned_gpu=0, assigned_cuda_visible_device='0', worker_device=cuda:0, cuda_visible_devices='0', cuda_available=True, cuda_device_count=1, rss_gib=0.53, torch_home='', physical_gpu_index=0, physical_gpu_bus_id='00000000:01:00.0', physical_gpu_uuid='GPU-d426be61-d8f4-a3e4-dd2f-c5b892da6351', physical_binding_verified=True
[Reward Worker] Ready slot=1 pid=1591248, assigned_gpu=1, assigned_cuda_visible_device='1', worker_device=cuda:0, cuda_visible_devices='1', cuda_available=True, cuda_device_count=1, rss_gib=0.53, torch_home='', physical_gpu_index=1, physical_gpu_bus_id='00000000:41:00.0', physical_gpu_uuid='GPU-e85fecb1-cbce-326b-ac82-27b7d73ddfc1', physical_binding_verified=True
[eval_only] 13/88 article_A_cifar10_epoch10-0224 formal_success=False acc=None
[eval_only] 14/88 article_A_cifar10_epoch10-0225 formal_success=False acc=None
[eval_only] 15/88 article_A_cifar10_epoch10-0226 formal_success=True acc=0.9272
[Reward Assign] reward_batch_index=0 batch_item=1/3 completion_index=15 worker_slot=0 assigned_gpu=0 physical_gpu=0 worker_device=cuda:0 gpu_name='NVIDIA L40S' gpu_free_gib=43.55 gpu_used_gib=0.85 gpu_total_gib=44.99 timeout_seconds=1920
[Reward Assign] reward_batch_index=0 batch_item=3/3 completion_index=17 worker_slot=2 assigned_gpu=2 physical_gpu=2 worker_device=cuda:0 gpu_name='NVIDIA L40S' gpu_free_gib=43.41 gpu_used_gib=0.98 gpu_total_gib=44.99 timeout_seconds=1920
[Reward Assign] reward_batch_index=0 batch_item=2/3 completion_index=16 worker_slot=1 assigned_gpu=1 physical_gpu=1 worker_device=cuda:0 gpu_name='NVIDIA L40S' gpu_free_gib=43.55 gpu_used_gib=0.85 gpu_total_gib=44.99 timeout_seconds=1920
LEMUR root /home/s471802/nn-gpt
LEMUR root /home/s471802/nn-gpt
Evaluating /home/s471802/nn-gpt/out/nn/tmp/95a3ef2640a12b1c93f3782cbd5d729d.py...
Evaluating /home/s471802/nn-gpt/out/nn/tmp/4a4b1fd67a103d114d250ad02737af79.py...
Evaluating /home/s471802/nn-gpt/out/nn/tmp/3c5297ba2e1811aefa0533d0d0c84a55.py...
epoch 1
epoch 1
epoch 1
  Train Loss: 0.3593, Test Loss: 0.2928
  Train Acc: 0.8928, Test Acc: 0.9156
  LR: 0.010000, Grad Norm: 3.0000, Throughput: 1687.7 samples/s
accuracy_to_time_metric 3.058251485796158
epoch 2
  Train Loss: 0.2539, Test Loss: 0.3210
  Train Acc: 0.9244, Test Acc: 0.9106
  LR: 0.010000, Grad Norm: 3.0000, Throughput: 1845.6 samples/s
accuracy_to_time_metric 1.5846367990221681
epoch 3
  Train Loss: 0.6489, Test Loss: 0.5328
  Train Acc: 0.8494, Test Acc: 0.8894
  LR: 0.010000, Grad Norm: 3.0000, Throughput: 754.5 samples/s
accuracy_to_time_metric 1.3234975667601352
epoch 2
  Train Loss: 0.2074, Test Loss: 0.2947
  Train Acc: 0.9352, Test Acc: 0.9138
  LR: 0.010000, Grad Norm: 3.0000, Throughput: 1848.0 samples/s
accuracy_to_time_metric 1.0763578446964608
epoch 4
  Train Loss: 0.1844, Test Loss: 0.3324
  Train Acc: 0.9420, Test Acc: 0.9076
  LR: 0.010000, Grad Norm: 3.0000, Throughput: 1803.5 samples/s
accuracy_to_time_metric 0.802291159314115
epoch 5
  Train Loss: 0.6317, Test Loss: 0.8438
  Train Acc: 0.8835, Test Acc: 0.8734
  LR: 0.010000, Grad Norm: 3.0000, Throughput: 808.5 samples/s
accuracy_to_time_metric 0.6701672214935168
epoch 3
  Train Loss: 0.1606, Test Loss: 0.2996
  Train Acc: 0.9473, Test Acc: 0.9142
  LR: 0.010000, Grad Norm: 3.0000, Throughput: 1854.0 samples/s
accuracy_to_time_metric 0.6511667431916086
epoch 6
  Train Loss: 0.3802, Test Loss: 0.2077
  Train Acc: 0.8707, Test Acc: 0.9262
  LR: 0.010000, Grad Norm: 1.6212, Throughput: 291.4 samples/s
accuracy_to_time_metric 0.535045323359067
epoch 2
  Train Loss: 0.1504, Test Loss: 0.3288
  Train Acc: 0.9504, Test Acc: 0.9166
  LR: 0.010000, Grad Norm: 3.0000, Throughput: 1786.0 samples/s
accuracy_to_time_metric 0.5431813635144781
epoch 7
  Train Loss: 0.6090, Test Loss: 0.5688
  Train Acc: 0.8945, Test Acc: 0.9042
  LR: 0.010000, Grad Norm: 3.0000, Throughput: 782.8 samples/s
accuracy_to_time_metric 0.46486860314996425
epoch 4
  Train Loss: 0.1347, Test Loss: 0.3218
  Train Acc: 0.9551, Test Acc: 0.9186
  LR: 0.010000, Grad Norm: 3.0000, Throughput: 1833.0 samples/s
accuracy_to_time_metric 0.4677997091435502
epoch 8
  Train Loss: 0.1269, Test Loss: 0.3399
  Train Acc: 0.9585, Test Acc: 0.9134
  LR: 0.010000, Grad Norm: 0.0052, Throughput: 1856.2 samples/s
accuracy_to_time_metric 0.40805432105990264
epoch 9
  Train Loss: 0.1249, Test Loss: 0.3157
  Train Acc: 0.9580, Test Acc: 0.9194
  LR: 0.010000, Grad Norm: 3.0000, Throughput: 1871.0 samples/s
accuracy_to_time_metric 0.366639377671238
epoch 10
  Train Loss: 0.5840, Test Loss: 0.6179
  Train Acc: 0.9008, Test Acc: 0.9018
  LR: 0.010000, Grad Norm: 3.0000, Throughput: 816.6 samples/s
accuracy_to_time_metric 0.35135043718066133
epoch 5
  Train Loss: 0.1117, Test Loss: 0.3108
  Train Acc: 0.9625, Test Acc: 0.9134
  LR: 0.010000, Grad Norm: 0.9637, Throughput: 1877.4 samples/s
accuracy_to_time_metric 0.3285642540295554
Training summary saved to /home/s471802/nn-gpt/out/training_summary.json
  Train Loss: 0.5757, Test Loss: 0.6878
  Train Acc: 0.9040, Test Acc: 0.8940
  LR: 0.010000, Grad Norm: 3.0000, Throughput: 812.3 samples/s
accuracy_to_time_metric 0.27986736552544933
epoch 6
  Train Loss: 0.1595, Test Loss: 0.1473
  Train Acc: 0.9458, Test Acc: 0.9500
  LR: 0.010000, Grad Norm: 3.0000, Throughput: 300.9 samples/s
accuracy_to_time_metric 0.2795349950485144
epoch 3
  Train Loss: 0.5610, Test Loss: 0.6711
  Train Acc: 0.9074, Test Acc: 0.8894
  LR: 0.010000, Grad Norm: 3.0000, Throughput: 797.7 samples/s
accuracy_to_time_metric 0.23202726442332655
epoch 7
  Train Loss: 0.5825, Test Loss: 0.9194
  Train Acc: 0.9078, Test Acc: 0.8788
  LR: 0.010000, Grad Norm: 3.0000, Throughput: 806.8 samples/s
accuracy_to_time_metric 0.19661887692185545
epoch 8
  Train Loss: 0.0944, Test Loss: 0.1420
  Train Acc: 0.9669, Test Acc: 0.9536
  LR: 0.010000, Grad Norm: 3.0000, Throughput: 302.0 samples/s
accuracy_to_time_metric 0.18835450517739383
epoch 4
  Train Loss: 0.5559, Test Loss: 0.8965
  Train Acc: 0.9100, Test Acc: 0.8844
  LR: 0.010000, Grad Norm: 0.0000, Throughput: 810.3 samples/s
accuracy_to_time_metric 0.17364283022805668
epoch 9
  Train Loss: 0.5593, Test Loss: 0.7580
  Train Acc: 0.9131, Test Acc: 0.8970
  LR: 0.010000, Grad Norm: 0.5437, Throughput: 815.9 samples/s
accuracy_to_time_metric 0.15720260562571983
epoch 10
  Train Loss: 0.5456, Test Loss: 0.9025
  Train Acc: 0.9151, Test Acc: 0.8932
  LR: 0.010000, Grad Norm: 3.0000, Throughput: 802.7 samples/s
accuracy_to_time_metric 0.14085000589405708
Training summary saved to /home/s471802/nn-gpt/out/training_summary.json
  Train Loss: 0.0628, Test Loss: 0.1493
  Train Acc: 0.9781, Test Acc: 0.9554
  LR: 0.010000, Grad Norm: 3.0000, Throughput: 302.6 samples/s
accuracy_to_time_metric 0.14208934981466056
epoch 5
  Train Loss: 0.0420, Test Loss: 0.1444
  Train Acc: 0.9855, Test Acc: 0.9554
  LR: 0.010000, Grad Norm: 1.3046, Throughput: 301.5 samples/s
accuracy_to_time_metric 0.11384352295656448
epoch 6
  Train Loss: 0.0289, Test Loss: 0.1385
  Train Acc: 0.9898, Test Acc: 0.9574
  LR: 0.010000, Grad Norm: 3.0000, Throughput: 295.8 samples/s
accuracy_to_time_metric 0.09488313894520188
epoch 7
  Train Loss: 0.0225, Test Loss: 0.1636
  Train Acc: 0.9922, Test Acc: 0.9550
  LR: 0.010000, Grad Norm: 3.0000, Throughput: 297.0 samples/s
accuracy_to_time_metric 0.08102247415600333
epoch 8
  Train Loss: 0.0192, Test Loss: 0.1470
  Train Acc: 0.9934, Test Acc: 0.9586
  LR: 0.010000, Grad Norm: 3.0000, Throughput: 297.4 samples/s
accuracy_to_time_metric 0.07115333823517447
epoch 9
  Train Loss: 0.0172, Test Loss: 0.1446
  Train Acc: 0.9943, Test Acc: 0.9582
  LR: 0.010000, Grad Norm: 3.0000, Throughput: 297.7 samples/s
accuracy_to_time_metric 0.06319793910173564
epoch 10
  Train Loss: 0.0131, Test Loss: 0.1545
  Train Acc: 0.9955, Test Acc: 0.9606
  LR: 0.010000, Grad Norm: 3.0000, Throughput: 301.2 samples/s
accuracy_to_time_metric 0.05708927882507473
Training summary saved to /home/s471802/nn-gpt/out/training_summary.json
[eval_only] 16/88 article_A_cifar10_epoch10-0227 formal_success=True acc=0.9134
[eval_only] 17/88 article_A_cifar10_epoch10-0228 formal_success=True acc=0.8932
[eval_only] 18/88 article_A_cifar10_epoch10-0229 formal_success=True acc=0.9606
[Reward Assign] reward_batch_index=0 batch_item=1/3 completion_index=18 worker_slot=0 assigned_gpu=0 physical_gpu=0 worker_device=cuda:0 gpu_name='NVIDIA L40S' gpu_free_gib=43.42 gpu_used_gib=0.97 gpu_total_gib=44.99 timeout_seconds=1920
[Reward Assign] reward_batch_index=0 batch_item=3/3 completion_index=20 worker_slot=2 assigned_gpu=2 physical_gpu=2 worker_device=cuda:0 gpu_name='NVIDIA L40S' gpu_free_gib=43.41 gpu_used_gib=0.98 gpu_total_gib=44.99 timeout_seconds=1920
[Reward Assign] reward_batch_index=0 batch_item=2/3 completion_index=19 worker_slot=1 assigned_gpu=1 physical_gpu=1 worker_device=cuda:0 gpu_name='NVIDIA L40S' gpu_free_gib=43.38 gpu_used_gib=1.02 gpu_total_gib=44.99 timeout_seconds=1920
Evaluating /home/s471802/nn-gpt/out/nn/tmp/6930da4cca79e8444625d619bfccd9a2.py...
Evaluating /home/s471802/nn-gpt/out/nn/tmp/625f6a6a704e07a3cac9f97f49e26628.py...
Evaluating /home/s471802/nn-gpt/out/nn/tmp/ebf967a0bb1a5aea35b3c7b91d91faa7.py...
epoch 1
epoch 1
epoch 1
  Train Loss: 0.3544, Test Loss: 0.3119
  Train Acc: 0.8821, Test Acc: 0.8968
  LR: 0.010000, Grad Norm: 3.0000, Throughput: 1329.2 samples/s
accuracy_to_time_metric 2.353304382010946
epoch 2
  Train Loss: 0.2482, Test Loss: 0.3122
  Train Acc: 0.9174, Test Acc: 0.8976
  LR: 0.010000, Grad Norm: 0.1287, Throughput: 1380.7 samples/s
accuracy_to_time_metric 1.1984134116434721
epoch 3
  Train Loss: 0.3609, Test Loss: 0.3394
  Train Acc: 0.8853, Test Acc: 0.8918
  LR: 0.010000, Grad Norm: 3.0000, Throughput: 675.3 samples/s
accuracy_to_time_metric 1.1880878440828289
epoch 2
  Train Loss: 0.3922, Test Loss: 0.2974
  Train Acc: 0.8681, Test Acc: 0.8934
  LR: 0.010000, Grad Norm: 3.0000, Throughput: 469.8 samples/s
accuracy_to_time_metric 0.8282613162237029
epoch 2
  Train Loss: 0.2069, Test Loss: 0.2876
  Train Acc: 0.9303, Test Acc: 0.9074
  LR: 0.010000, Grad Norm: 2.2855, Throughput: 1378.8 samples/s
accuracy_to_time_metric 0.8131283190066643
epoch 4
  Train Loss: 0.2688, Test Loss: 0.2925
  Train Acc: 0.9127, Test Acc: 0.9084
  LR: 0.010000, Grad Norm: 0.3991, Throughput: 706.9 samples/s
accuracy_to_time_metric 0.619932555171702
epoch 3
  Train Loss: 0.1862, Test Loss: 0.2959
  Train Acc: 0.9366, Test Acc: 0.9042
  LR: 0.010000, Grad Norm: 0.5187, Throughput: 1388.9 samples/s
accuracy_to_time_metric 0.6101801208914732
epoch 5
  Train Loss: 0.1638, Test Loss: 0.2777
  Train Acc: 0.9424, Test Acc: 0.9076
  LR: 0.010000, Grad Norm: 3.0000, Throughput: 1361.5 samples/s
accuracy_to_time_metric 0.4895966839858409
epoch 6
  Train Loss: 0.2137, Test Loss: 0.2383
  Train Acc: 0.9274, Test Acc: 0.9204
  LR: 0.010000, Grad Norm: 3.0000, Throughput: 486.6 samples/s
accuracy_to_time_metric 0.43550628861053864
epoch 3
  Train Loss: 0.2392, Test Loss: 0.3065
  Train Acc: 0.9230, Test Acc: 0.9060
  LR: 0.010000, Grad Norm: 0.2812, Throughput: 692.7 samples/s
accuracy_to_time_metric 0.4123447090695868
epoch 4
  Train Loss: 0.1496, Test Loss: 0.2880
  Train Acc: 0.9495, Test Acc: 0.9088
  LR: 0.010000, Grad Norm: 3.0000, Throughput: 1346.2 samples/s
accuracy_to_time_metric 0.4074952652455293
epoch 7
  Train Loss: 0.1345, Test Loss: 0.3030
  Train Acc: 0.9532, Test Acc: 0.9100
  LR: 0.010000, Grad Norm: 3.0000, Throughput: 1349.4 samples/s
accuracy_to_time_metric 0.34924051434042014
epoch 8
  Train Loss: 0.2261, Test Loss: 0.3679
  Train Acc: 0.9260, Test Acc: 0.8980
  LR: 0.010000, Grad Norm: 3.0000, Throughput: 678.1 samples/s
accuracy_to_time_metric 0.3046649419332809
epoch 5
  Train Loss: 0.1293, Test Loss: 0.2874
  Train Acc: 0.9550, Test Acc: 0.9098
  LR: 0.010000, Grad Norm: 1.1567, Throughput: 1305.1 samples/s
accuracy_to_time_metric 0.3038483870819243
epoch 9
  Train Loss: 0.1536, Test Loss: 0.2140
  Train Acc: 0.9469, Test Acc: 0.9256
  LR: 0.010000, Grad Norm: 1.3697, Throughput: 474.4 samples/s
accuracy_to_time_metric 0.2913773429625228
epoch 4
  Train Loss: 0.1184, Test Loss: 0.3024
  Train Acc: 0.9586, Test Acc: 0.9106
  LR: 0.010000, Grad Norm: 1.4879, Throughput: 1350.5 samples/s
accuracy_to_time_metric 0.270255071538897
epoch 10
  Train Loss: 0.2082, Test Loss: 0.3225
  Train Acc: 0.9321, Test Acc: 0.9058
  LR: 0.010000, Grad Norm: 3.0000, Throughput: 623.9 samples/s
accuracy_to_time_metric 0.24114419338545687
epoch 6
  Train Loss: 0.1139, Test Loss: 0.3180
  Train Acc: 0.9612, Test Acc: 0.9062
  LR: 0.010000, Grad Norm: 0.0702, Throughput: 1133.7 samples/s
accuracy_to_time_metric 0.23730259457024927
Training summary saved to /home/s471802/nn-gpt/out/training_summary.json
  Train Loss: 0.1148, Test Loss: 0.2096
  Train Acc: 0.9610, Test Acc: 0.9274
  LR: 0.010000, Grad Norm: 3.0000, Throughput: 452.4 samples/s
accuracy_to_time_metric 0.21608365316827835
epoch 5
  Train Loss: 0.2031, Test Loss: 0.3353
  Train Acc: 0.9336, Test Acc: 0.9038
  LR: 0.010000, Grad Norm: 3.0000, Throughput: 696.1 samples/s
accuracy_to_time_metric 0.20149996539697224
epoch 7
  Train Loss: 0.1890, Test Loss: 0.3489
  Train Acc: 0.9368, Test Acc: 0.8992
  LR: 0.010000, Grad Norm: 3.0000, Throughput: 694.7 samples/s
accuracy_to_time_metric 0.17231970140554434
epoch 8
  Train Loss: 0.0945, Test Loss: 0.2193
  Train Acc: 0.9673, Test Acc: 0.9332
  LR: 0.010000, Grad Norm: 3.0000, Throughput: 488.7 samples/s
accuracy_to_time_metric 0.17537494891037692
epoch 6
  Train Loss: 0.1883, Test Loss: 0.3149
  Train Acc: 0.9378, Test Acc: 0.9110
  LR: 0.010000, Grad Norm: 2.4106, Throughput: 699.0 samples/s
accuracy_to_time_metric 0.15351887104909337
epoch 9
  Train Loss: 0.0782, Test Loss: 0.2423
  Train Acc: 0.9733, Test Acc: 0.9320
  LR: 0.010000, Grad Norm: 3.0000, Throughput: 485.9 samples/s
accuracy_to_time_metric 0.14652765862863998
epoch 7
  Train Loss: 0.1754, Test Loss: 0.3196
  Train Acc: 0.9412, Test Acc: 0.9098
  LR: 0.010000, Grad Norm: 1.0219, Throughput: 691.8 samples/s
accuracy_to_time_metric 0.1364623408129386
epoch 10
  Train Loss: 0.1799, Test Loss: 0.3339
  Train Acc: 0.9402, Test Acc: 0.9064
  LR: 0.010000, Grad Norm: 3.0000, Throughput: 690.6 samples/s
accuracy_to_time_metric 0.12242454350943952
Training summary saved to /home/s471802/nn-gpt/out/training_summary.json
  Train Loss: 0.0627, Test Loss: 0.2168
  Train Acc: 0.9793, Test Acc: 0.9380
  LR: 0.010000, Grad Norm: 3.0000, Throughput: 484.0 samples/s
accuracy_to_time_metric 0.12679823105433025
epoch 8
  Train Loss: 0.0508, Test Loss: 0.2172
  Train Acc: 0.9832, Test Acc: 0.9408
  LR: 0.010000, Grad Norm: 3.0000, Throughput: 485.2 samples/s
accuracy_to_time_metric 0.11155073655627896
epoch 9
  Train Loss: 0.0432, Test Loss: 0.2503
  Train Acc: 0.9852, Test Acc: 0.9336
  LR: 0.010000, Grad Norm: 0.3932, Throughput: 470.4 samples/s
accuracy_to_time_metric 0.0981268824427251
epoch 10
  Train Loss: 0.0372, Test Loss: 0.2400
  Train Acc: 0.9874, Test Acc: 0.9336
  LR: 0.010000, Grad Norm: 3.0000, Throughput: 478.8 samples/s
accuracy_to_time_metric 0.08834194202608478
Training summary saved to /home/s471802/nn-gpt/out/training_summary.json
[eval_only] 19/88 article_A_cifar10_epoch10-0230 formal_success=True acc=0.9064
[eval_only] 20/88 article_A_cifar10_epoch10-0231 formal_success=True acc=0.9336
[eval_only] 21/88 article_A_cifar10_epoch10-0232 formal_success=True acc=0.9062
[Reward Assign] reward_batch_index=0 batch_item=2/3 completion_index=22 worker_slot=1 assigned_gpu=1 physical_gpu=1 worker_device=cuda:0 gpu_name='NVIDIA L40S' gpu_free_gib=43.38 gpu_used_gib=1.02 gpu_total_gib=44.99 timeout_seconds=1920
[Reward Assign] reward_batch_index=0 batch_item=1/3 completion_index=21 worker_slot=0 assigned_gpu=0 physical_gpu=0 worker_device=cuda:0 gpu_name='NVIDIA L40S' gpu_free_gib=43.42 gpu_used_gib=0.98 gpu_total_gib=44.99 timeout_seconds=1920
[Reward Assign] reward_batch_index=0 batch_item=3/3 completion_index=23 worker_slot=2 assigned_gpu=2 physical_gpu=2 worker_device=cuda:0 gpu_name='NVIDIA L40S' gpu_free_gib=43.41 gpu_used_gib=0.98 gpu_total_gib=44.99 timeout_seconds=1920
Evaluating /home/s471802/nn-gpt/out/nn/tmp/f49ea5c76756f733b78f4387997fcd28.py...
Evaluating /home/s471802/nn-gpt/out/nn/tmp/b0c87accea1b3228c469a2ceb0f43435.py...
Evaluating /home/s471802/nn-gpt/out/nn/tmp/debbc90fecbcef4f58fe07f56ed59593.py...
epoch 1
epoch 1
epoch 1
  Train Loss: 0.3394, Test Loss: 0.3180
  Train Acc: 0.8979, Test Acc: 0.9054
  LR: 0.010000, Grad Norm: 3.0000, Throughput: 411.8 samples/s
accuracy_to_time_metric 0.7370079783133242
epoch 2
  Train Loss: 0.3956, Test Loss: 0.2348
  Train Acc: 0.8652, Test Acc: 0.9190
  LR: 0.010000, Grad Norm: 3.0000, Throughput: 350.7 samples/s
accuracy_to_time_metric 0.6382223612689218
epoch 2
  Train Loss: 0.2860, Test Loss: 0.2270
  Train Acc: 0.9072, Test Acc: 0.9238
  LR: 0.010000, Grad Norm: 3.0000, Throughput: 236.7 samples/s
accuracy_to_time_metric 0.4333359748997449
epoch 2
  Train Loss: 0.2418, Test Loss: 0.3246
  Train Acc: 0.9263, Test Acc: 0.9088
  LR: 0.010000, Grad Norm: 0.2136, Throughput: 415.3 samples/s
accuracy_to_time_metric 0.37147120004153616
epoch 3
  Train Loss: 0.1678, Test Loss: 0.1663
  Train Acc: 0.9429, Test Acc: 0.9428
  LR: 0.010000, Grad Norm: 3.0000, Throughput: 354.4 samples/s
accuracy_to_time_metric 0.3299850085143892
epoch 3
  Train Loss: 0.2077, Test Loss: 0.3179
  Train Acc: 0.9360, Test Acc: 0.9140
  LR: 0.010000, Grad Norm: 3.0000, Throughput: 411.7 samples/s
accuracy_to_time_metric 0.24883164153122875
epoch 4
  Train Loss: 0.2024, Test Loss: 0.2276
  Train Acc: 0.9318, Test Acc: 0.9200
  LR: 0.010000, Grad Norm: 0.1978, Throughput: 241.2 samples/s
accuracy_to_time_metric 0.21765118956495416
epoch 3
  Train Loss: 0.1068, Test Loss: 0.1390
  Train Acc: 0.9626, Test Acc: 0.9500
  LR: 0.010000, Grad Norm: 0.1451, Throughput: 348.6 samples/s
accuracy_to_time_metric 0.22101567784196766
epoch 4
  Train Loss: 0.1817, Test Loss: 0.3181
  Train Acc: 0.9415, Test Acc: 0.9130
  LR: 0.010000, Grad Norm: 2.3359, Throughput: 415.4 samples/s
accuracy_to_time_metric 0.18665652139778402
epoch 5
  Train Loss: 0.0730, Test Loss: 0.1361
  Train Acc: 0.9757, Test Acc: 0.9564
  LR: 0.010000, Grad Norm: 3.0000, Throughput: 348.2 samples/s
accuracy_to_time_metric 0.16663635202091556
epoch 5
  Train Loss: 0.1658, Test Loss: 0.3404
  Train Acc: 0.9464, Test Acc: 0.9090
  LR: 0.010000, Grad Norm: 3.0000, Throughput: 414.0 samples/s
accuracy_to_time_metric 0.14861656377989294
epoch 6
  Train Loss: 0.1788, Test Loss: 0.1989
  Train Acc: 0.9392, Test Acc: 0.9314
  LR: 0.010000, Grad Norm: 0.6183, Throughput: 239.5 samples/s
accuracy_to_time_metric 0.14722150139321064
epoch 4
  Train Loss: 0.0547, Test Loss: 0.1446
  Train Acc: 0.9807, Test Acc: 0.9536
  LR: 0.010000, Grad Norm: 3.0000, Throughput: 345.8 samples/s
accuracy_to_time_metric 0.13250807058720793
epoch 6
  Train Loss: 0.1424, Test Loss: 0.3156
  Train Acc: 0.9536, Test Acc: 0.9180
  LR: 0.010000, Grad Norm: 3.0000, Throughput: 407.5 samples/s
accuracy_to_time_metric 0.12490847962225997
epoch 7
  Train Loss: 0.1615, Test Loss: 0.2007
  Train Acc: 0.9448, Test Acc: 0.9316
  LR: 0.010000, Grad Norm: 3.0000, Throughput: 239.8 samples/s
accuracy_to_time_metric 0.1105138709897599
epoch 5
  Train Loss: 0.1379, Test Loss: 0.3225
  Train Acc: 0.9548, Test Acc: 0.9098
  LR: 0.010000, Grad Norm: 3.0000, Throughput: 413.4 samples/s
accuracy_to_time_metric 0.10601900452787123
epoch 8
  Train Loss: 0.0404, Test Loss: 0.1416
  Train Acc: 0.9866, Test Acc: 0.9560
  LR: 0.010000, Grad Norm: 0.4093, Throughput: 349.8 samples/s
accuracy_to_time_metric 0.11074492372837837
epoch 7
  Train Loss: 0.1306, Test Loss: 0.3067
  Train Acc: 0.9559, Test Acc: 0.9148
  LR: 0.010000, Grad Norm: 0.1093, Throughput: 409.7 samples/s
accuracy_to_time_metric 0.09325103087693751
epoch 9
  Train Loss: 0.0308, Test Loss: 0.1410
  Train Acc: 0.9891, Test Acc: 0.9534
  LR: 0.010000, Grad Norm: 3.0000, Throughput: 346.7 samples/s
accuracy_to_time_metric 0.09452173054339807
epoch 8
  Train Loss: 0.1520, Test Loss: 0.1999
  Train Acc: 0.9471, Test Acc: 0.9326
  LR: 0.010000, Grad Norm: 0.1068, Throughput: 239.9 samples/s
accuracy_to_time_metric 0.08855615251472827
epoch 6
  Train Loss: 0.1188, Test Loss: 0.3600
  Train Acc: 0.9599, Test Acc: 0.9110
  LR: 0.010000, Grad Norm: 1.2521, Throughput: 413.3 samples/s
accuracy_to_time_metric 0.08252414764943379
epoch 10
  Train Loss: 0.0263, Test Loss: 0.1455
  Train Acc: 0.9915, Test Acc: 0.9528
  LR: 0.010000, Grad Norm: 1.6331, Throughput: 350.1 samples/s
accuracy_to_time_metric 0.08267536952458576
epoch 9
  Train Loss: 0.1179, Test Loss: 0.3208
  Train Acc: 0.9613, Test Acc: 0.9164
  LR: 0.010000, Grad Norm: 3.0000, Throughput: 407.6 samples/s
accuracy_to_time_metric 0.07467596016536332
Training summary saved to /home/s471802/nn-gpt/out/training_summary.json
  Train Loss: 0.1407, Test Loss: 0.1988
  Train Acc: 0.9518, Test Acc: 0.9328
  LR: 0.010000, Grad Norm: 2.5438, Throughput: 239.2 samples/s
accuracy_to_time_metric 0.07380277568940469
epoch 7
  Train Loss: 0.0195, Test Loss: 0.1441
  Train Acc: 0.9940, Test Acc: 0.9554
  LR: 0.010000, Grad Norm: 2.6625, Throughput: 347.2 samples/s
accuracy_to_time_metric 0.07366342568344057
epoch 10
  Train Loss: 0.0157, Test Loss: 0.1342
  Train Acc: 0.9953, Test Acc: 0.9618
  LR: 0.010000, Grad Norm: 1.7101, Throughput: 322.4 samples/s
accuracy_to_time_metric 0.06624557756805588
Training summary saved to /home/s471802/nn-gpt/out/training_summary.json
  Train Loss: 0.1313, Test Loss: 0.2075
  Train Acc: 0.9557, Test Acc: 0.9328
  LR: 0.010000, Grad Norm: 3.0000, Throughput: 226.6 samples/s
accuracy_to_time_metric 0.06275361070793463
epoch 8
  Train Loss: 0.1244, Test Loss: 0.2074
  Train Acc: 0.9573, Test Acc: 0.9296
  LR: 0.010000, Grad Norm: 1.7075, Throughput: 236.9 samples/s
accuracy_to_time_metric 0.05468189840073716
epoch 9
  Train Loss: 0.1181, Test Loss: 0.2046
  Train Acc: 0.9588, Test Acc: 0.9290
  LR: 0.010000, Grad Norm: 1.3494, Throughput: 235.7 samples/s
accuracy_to_time_metric 0.048532797461236926
epoch 10
[Reward Assign] error reward_batch_index=0 batch_item=1/3 completion_index=21 worker_slot=0 assigned_gpu=0 physical_gpu=0 worker_device=cuda:0 elapsed_seconds=1920.07 error=PersistentEvalWorkerError: Persistent eval worker timed out after 1920 seconds
[Reward Worker] Ready slot=0 pid=1601259, assigned_gpu=0, assigned_cuda_visible_device='0', worker_device=cuda:0, cuda_visible_devices='0', cuda_available=True, cuda_device_count=1, rss_gib=0.53, torch_home='', physical_gpu_index=0, physical_gpu_bus_id='00000000:01:00.0', physical_gpu_uuid='GPU-d426be61-d8f4-a3e4-dd2f-c5b892da6351', physical_binding_verified=True
[eval_only] 22/88 article_A_cifar10_epoch10-0233 formal_success=False acc=None
[eval_only] 23/88 article_A_cifar10_epoch10-0234 formal_success=True acc=0.9164
[eval_only] 24/88 article_A_cifar10_epoch10-0235 formal_success=True acc=0.9618
[Reward Assign] reward_batch_index=0 batch_item=3/3 completion_index=26 worker_slot=2 assigned_gpu=2 physical_gpu=2 worker_device=cuda:0 gpu_name='NVIDIA L40S' gpu_free_gib=43.41 gpu_used_gib=0.98 gpu_total_gib=44.99 timeout_seconds=1920
[Reward Assign] reward_batch_index=0 batch_item=1/3 completion_index=24 worker_slot=0 assigned_gpu=0 physical_gpu=0 worker_device=cuda:0 gpu_name='NVIDIA L40S' gpu_free_gib=32.53 gpu_used_gib=11.86 gpu_total_gib=44.99 timeout_seconds=1920
[Reward Assign] reward_batch_index=0 batch_item=2/3 completion_index=25 worker_slot=1 assigned_gpu=1 physical_gpu=1 worker_device=cuda:0 gpu_name='NVIDIA L40S' gpu_free_gib=43.38 gpu_used_gib=1.02 gpu_total_gib=44.99 timeout_seconds=1920
LEMUR root /home/s471802/nn-gpt
Evaluating /home/s471802/nn-gpt/out/nn/tmp/be4d4c54e5cb97625f41fc82b7ed40cc.py...Evaluating /home/s471802/nn-gpt/out/nn/tmp/10adee3e4a9e1f2c734d1dcbb06dad78.py...

Evaluating /home/s471802/nn-gpt/out/nn/tmp/1d5bb4bde0b1ad75a071835d88fbf634.py...
epoch 1
epoch 1
epoch 1
  Train Loss: 0.3489, Test Loss: 0.2736
  Train Acc: 0.8966, Test Acc: 0.9148
  LR: 0.010000, Grad Norm: 3.0000, Throughput: 662.9 samples/s
accuracy_to_time_metric 1.2002442756594132
epoch 2
  Train Loss: 0.3616, Test Loss: 0.3130
  Train Acc: 0.8880, Test Acc: 0.9056
  LR: 0.010000, Grad Norm: 0.1584, Throughput: 636.0 samples/s
accuracy_to_time_metric 1.1384769499560023
epoch 2
  Train Loss: 0.2481, Test Loss: 0.3188
  Train Acc: 0.9241, Test Acc: 0.9122
  LR: 0.010000, Grad Norm: 3.0000, Throughput: 675.1 samples/s
accuracy_to_time_metric 0.6032271903583881
epoch 3
  Train Loss: 0.2680, Test Loss: 0.3118
  Train Acc: 0.9178, Test Acc: 0.9042
  LR: 0.010000, Grad Norm: 0.7762, Throughput: 677.5 samples/s
accuracy_to_time_metric 0.5857921286064975
epoch 3
  Train Loss: 0.3376, Test Loss: 0.1500
  Train Acc: 0.8897, Test Acc: 0.9464
  LR: 0.010000, Grad Norm: 3.0000, Throughput: 273.3 samples/s
accuracy_to_time_metric 0.5139767435493988
epoch 2
  Train Loss: 0.2069, Test Loss: 0.3640
  Train Acc: 0.9346, Test Acc: 0.9052
  LR: 0.010000, Grad Norm: 3.0000, Throughput: 688.2 samples/s
accuracy_to_time_metric 0.4023371919179422
epoch 4
  Train Loss: 0.2399, Test Loss: 0.2882
  Train Acc: 0.9248, Test Acc: 0.9126
  LR: 0.010000, Grad Norm: 1.5763, Throughput: 690.4 samples/s
accuracy_to_time_metric 0.39998711346661003
epoch 4
  Train Loss: 0.1801, Test Loss: 0.3266
  Train Acc: 0.9420, Test Acc: 0.9082
  LR: 0.010000, Grad Norm: 1.6715, Throughput: 695.8 samples/s
accuracy_to_time_metric 0.30508765715073277
epoch 5
  Train Loss: 0.2183, Test Loss: 0.3405
  Train Acc: 0.9299, Test Acc: 0.9030
  LR: 0.010000, Grad Norm: 3.0000, Throughput: 697.7 samples/s
accuracy_to_time_metric 0.2999014464490385
epoch 5
  Train Loss: 0.1221, Test Loss: 0.1216
  Train Acc: 0.9587, Test Acc: 0.9618
  LR: 0.010000, Grad Norm: 3.0000, Throughput: 282.2 samples/s
accuracy_to_time_metric 0.26578638887904976
epoch 3
  Train Loss: 0.1719, Test Loss: 0.3121
  Train Acc: 0.9457, Test Acc: 0.9118
  LR: 0.010000, Grad Norm: 0.0965, Throughput: 679.1 samples/s
accuracy_to_time_metric 0.245051312270497
epoch 6
  Train Loss: 0.2108, Test Loss: 0.3638
  Train Acc: 0.9331, Test Acc: 0.9030
  LR: 0.010000, Grad Norm: 3.0000, Throughput: 683.3 samples/s
accuracy_to_time_metric 0.24062579165329215
epoch 6
  Train Loss: 0.1529, Test Loss: 0.3459
  Train Acc: 0.9503, Test Acc: 0.9032
  LR: 0.010000, Grad Norm: 0.0143, Throughput: 667.2 samples/s
accuracy_to_time_metric 0.20139111668414347
epoch 7
  Train Loss: 0.1921, Test Loss: 0.3696
  Train Acc: 0.9374, Test Acc: 0.9026
  LR: 0.010000, Grad Norm: 0.0885, Throughput: 670.7 samples/s
accuracy_to_time_metric 0.20019675090586186
epoch 7
  Train Loss: 0.1369, Test Loss: 0.3248
  Train Acc: 0.9550, Test Acc: 0.9138
  LR: 0.010000, Grad Norm: 3.0000, Throughput: 673.4 samples/s
accuracy_to_time_metric 0.17472701144678363
epoch 8
  Train Loss: 0.1827, Test Loss: 0.3351
  Train Acc: 0.9406, Test Acc: 0.9110
  LR: 0.010000, Grad Norm: 3.0000, Throughput: 677.0 samples/s
accuracy_to_time_metric 0.17348321846587597
epoch 8
  Train Loss: 0.0695, Test Loss: 0.1226
  Train Acc: 0.9766, Test Acc: 0.9570
  LR: 0.010000, Grad Norm: 3.0000, Throughput: 274.6 samples/s
accuracy_to_time_metric 0.17554238489584104
epoch 4
  Train Loss: 0.1275, Test Loss: 0.3019
  Train Acc: 0.9567, Test Acc: 0.9130
  LR: 0.010000, Grad Norm: 0.1461, Throughput: 664.2 samples/s
accuracy_to_time_metric 0.15236017856690648
epoch 9
  Train Loss: 0.1774, Test Loss: 0.3516
  Train Acc: 0.9430, Test Acc: 0.9034
  LR: 0.010000, Grad Norm: 3.0000, Throughput: 664.2 samples/s
accuracy_to_time_metric 0.15007610815753375
epoch 9
  Train Loss: 0.1217, Test Loss: 0.3125
  Train Acc: 0.9588, Test Acc: 0.9132
  LR: 0.010000, Grad Norm: 0.0332, Throughput: 643.5 samples/s
accuracy_to_time_metric 0.13471748774055953
epoch 10
  Train Loss: 0.1691, Test Loss: 0.3661
  Train Acc: 0.9444, Test Acc: 0.9120
  LR: 0.010000, Grad Norm: 0.5094, Throughput: 639.7 samples/s
accuracy_to_time_metric 0.13404271782862162
epoch 10
  Train Loss: 0.0473, Test Loss: 0.1186
  Train Acc: 0.9837, Test Acc: 0.9636
  LR: 0.010000, Grad Norm: 3.0000, Throughput: 267.0 samples/s
accuracy_to_time_metric 0.13148020067551286
epoch 5
  Train Loss: 0.1130, Test Loss: 0.3574
  Train Acc: 0.9620, Test Acc: 0.9118
  LR: 0.010000, Grad Norm: 0.4445, Throughput: 667.0 samples/s
accuracy_to_time_metric 0.12094706615466295
Training summary saved to /home/s471802/nn-gpt/out/training_summary.json
  Train Loss: 0.1610, Test Loss: 0.3715
  Train Acc: 0.9466, Test Acc: 0.9036
  LR: 0.010000, Grad Norm: 3.0000, Throughput: 668.6 samples/s
accuracy_to_time_metric 0.11937340096286955
Training summary saved to /home/s471802/nn-gpt/out/training_summary.json
  Train Loss: 0.0316, Test Loss: 0.1200
  Train Acc: 0.9894, Test Acc: 0.9638
  LR: 0.010000, Grad Norm: 3.0000, Throughput: 274.0 samples/s
accuracy_to_time_metric 0.10519294464507904
epoch 6
  Train Loss: 0.0250, Test Loss: 0.1172
  Train Acc: 0.9918, Test Acc: 0.9648
  LR: 0.010000, Grad Norm: 2.3209, Throughput: 268.8 samples/s
accuracy_to_time_metric 0.08747208285504567
epoch 7
  Train Loss: 0.0193, Test Loss: 0.1311
  Train Acc: 0.9934, Test Acc: 0.9644
  LR: 0.010000, Grad Norm: 3.0000, Throughput: 282.1 samples/s
accuracy_to_time_metric 0.07527616220073818
epoch 8
  Train Loss: 0.0157, Test Loss: 0.1242
  Train Acc: 0.9948, Test Acc: 0.9700
  LR: 0.010000, Grad Norm: 1.4699, Throughput: 271.2 samples/s
accuracy_to_time_metric 0.06619405272497367
epoch 9
  Train Loss: 0.0131, Test Loss: 0.1186
  Train Acc: 0.9956, Test Acc: 0.9694
  LR: 0.010000, Grad Norm: 3.0000, Throughput: 280.5 samples/s
accuracy_to_time_metric 0.05894817169777132
epoch 10
  Train Loss: 0.0102, Test Loss: 0.1209
  Train Acc: 0.9969, Test Acc: 0.9692
  LR: 0.010000, Grad Norm: 3.0000, Throughput: 279.8 samples/s
accuracy_to_time_metric 0.053135516956743255
Training summary saved to /home/s471802/nn-gpt/out/training_summary.json
[eval_only] 25/88 article_A_cifar10_epoch10-0236 formal_success=True acc=0.9036
[eval_only] 26/88 article_A_cifar10_epoch10-0237 formal_success=True acc=0.9118
[eval_only] 27/88 article_A_cifar10_epoch10-0238 formal_success=True acc=0.9692
[Reward Assign] reward_batch_index=0 batch_item=3/3 completion_index=29 worker_slot=2 assigned_gpu=2 physical_gpu=2 worker_device=cuda:0 gpu_name='NVIDIA L40S' gpu_free_gib=43.41 gpu_used_gib=0.98 gpu_total_gib=44.99 timeout_seconds=1920
[Reward Assign] reward_batch_index=0 batch_item=1/3 completion_index=27 worker_slot=0 assigned_gpu=0 physical_gpu=0 worker_device=cuda:0 gpu_name='NVIDIA L40S' gpu_free_gib=43.42 gpu_used_gib=0.98 gpu_total_gib=44.99 timeout_seconds=1920
[Reward Assign] reward_batch_index=0 batch_item=2/3 completion_index=28 worker_slot=1 assigned_gpu=1 physical_gpu=1 worker_device=cuda:0 gpu_name='NVIDIA L40S' gpu_free_gib=43.38 gpu_used_gib=1.02 gpu_total_gib=44.99 timeout_seconds=1920
Evaluating /home/s471802/nn-gpt/out/nn/tmp/716b1576f51df5175a60ff76a56f0bdc.py...
Evaluating /home/s471802/nn-gpt/out/nn/tmp/c93aa4e9e6a12ea618cfe831dd60bf8d.py...
Evaluating /home/s471802/nn-gpt/out/nn/tmp/016e976668984b7459d1f782698a4c9b.py...
epoch 1
epoch 1
epoch 1
  Train Loss: 0.3493, Test Loss: 0.3009
  Train Acc: 0.8949, Test Acc: 0.9072
  LR: 0.010000, Grad Norm: 3.0000, Throughput: 923.3 samples/s
accuracy_to_time_metric 1.6560518184086008
epoch 2
  Train Loss: 0.3890, Test Loss: 0.2918
  Train Acc: 0.8684, Test Acc: 0.8974
  LR: 0.010000, Grad Norm: 3.0000, Throughput: 541.1 samples/s
accuracy_to_time_metric 0.958769483473497
epoch 2
  Train Loss: 0.2404, Test Loss: 0.3188
  Train Acc: 0.9266, Test Acc: 0.9132
  LR: 0.010000, Grad Norm: 3.0000, Throughput: 900.9 samples/s
accuracy_to_time_metric 0.823106571400618
epoch 3
  Train Loss: 0.2022, Test Loss: 0.2948
  Train Acc: 0.9363, Test Acc: 0.9104
  LR: 0.010000, Grad Norm: 3.0000, Throughput: 891.1 samples/s
accuracy_to_time_metric 0.5424517406187594
epoch 4
  Train Loss: 0.2786, Test Loss: 0.2984
  Train Acc: 0.9038, Test Acc: 0.8978
  LR: 0.010000, Grad Norm: 3.0000, Throughput: 542.7 samples/s
accuracy_to_time_metric 0.48004951628084574
epoch 3
  Train Loss: 0.3314, Test Loss: 0.1645
  Train Acc: 0.8917, Test Acc: 0.9410
  LR: 0.010000, Grad Norm: 3.0000, Throughput: 228.1 samples/s
accuracy_to_time_metric 0.4263791580508085
epoch 2
  Train Loss: 0.1821, Test Loss: 0.4199
  Train Acc: 0.9426, Test Acc: 0.8944
  LR: 0.010000, Grad Norm: 2.0263, Throughput: 895.9 samples/s
accuracy_to_time_metric 0.3977398872526318
epoch 5
  Train Loss: 0.2533, Test Loss: 0.2771
  Train Acc: 0.9134, Test Acc: 0.8996
  LR: 0.010000, Grad Norm: 0.3782, Throughput: 557.3 samples/s
accuracy_to_time_metric 0.3236814455946511
epoch 4
  Train Loss: 0.1667, Test Loss: 0.3249
  Train Acc: 0.9462, Test Acc: 0.9066
  LR: 0.010000, Grad Norm: 3.0000, Throughput: 913.2 samples/s
accuracy_to_time_metric 0.32379675095126487
epoch 6
  Train Loss: 0.1552, Test Loss: 0.3530
  Train Acc: 0.9498, Test Acc: 0.9050
  LR: 0.010000, Grad Norm: 0.4659, Throughput: 893.1 samples/s
accuracy_to_time_metric 0.268694345104732
epoch 7
  Train Loss: 0.2351, Test Loss: 0.2915
  Train Acc: 0.9193, Test Acc: 0.9018
  LR: 0.010000, Grad Norm: 1.7278, Throughput: 553.9 samples/s
accuracy_to_time_metric 0.24417286048966533
epoch 5
  Train Loss: 0.1374, Test Loss: 0.3336
  Train Acc: 0.9549, Test Acc: 0.9082
  LR: 0.010000, Grad Norm: 0.1039, Throughput: 891.6 samples/s
accuracy_to_time_metric 0.23080056928201745
epoch 8
  Train Loss: 0.1302, Test Loss: 0.1301
  Train Acc: 0.9555, Test Acc: 0.9578
  LR: 0.010000, Grad Norm: 3.0000, Throughput: 233.2 samples/s
accuracy_to_time_metric 0.21978810790608588
epoch 3
  Train Loss: 0.1279, Test Loss: 0.3195
  Train Acc: 0.9572, Test Acc: 0.9150
  LR: 0.010000, Grad Norm: 3.0000, Throughput: 906.0 samples/s
accuracy_to_time_metric 0.20377860985301455
epoch 9
  Train Loss: 0.2230, Test Loss: 0.2984
  Train Acc: 0.9223, Test Acc: 0.8948
  LR: 0.010000, Grad Norm: 3.0000, Throughput: 548.4 samples/s
accuracy_to_time_metric 0.19360533186133194
epoch 6
  Train Loss: 0.1217, Test Loss: 0.3347
  Train Acc: 0.9591, Test Acc: 0.9148
  LR: 0.010000, Grad Norm: 3.0000, Throughput: 899.4 samples/s
accuracy_to_time_metric 0.18103412254906442
epoch 10
  Train Loss: 0.2124, Test Loss: 0.2873
  Train Acc: 0.9264, Test Acc: 0.9020
  LR: 0.010000, Grad Norm: 3.0000, Throughput: 547.8 samples/s
accuracy_to_time_metric 0.16275257792225392
epoch 7
  Train Loss: 0.1139, Test Loss: 0.3839
  Train Acc: 0.9624, Test Acc: 0.9084
  LR: 0.010000, Grad Norm: 0.8150, Throughput: 906.3 samples/s
accuracy_to_time_metric 0.16173323311150645
Training summary saved to /home/s471802/nn-gpt/out/training_summary.json
  Train Loss: 0.2023, Test Loss: 0.2929
  Train Acc: 0.9312, Test Acc: 0.9024
  LR: 0.010000, Grad Norm: 0.2644, Throughput: 543.2 samples/s
accuracy_to_time_metric 0.13937530074348745
epoch 8
  Train Loss: 0.0772, Test Loss: 0.1260
  Train Acc: 0.9739, Test Acc: 0.9566
  LR: 0.010000, Grad Norm: 3.0000, Throughput: 231.1 samples/s
accuracy_to_time_metric 0.14640784394644354
epoch 4
  Train Loss: 0.1966, Test Loss: 0.2908
  Train Acc: 0.9315, Test Acc: 0.9040
  LR: 0.010000, Grad Norm: 3.0000, Throughput: 497.0 samples/s
accuracy_to_time_metric 0.12065444250750151
epoch 9
  Train Loss: 0.1900, Test Loss: 0.2986
  Train Acc: 0.9333, Test Acc: 0.9010
  LR: 0.010000, Grad Norm: 1.0946, Throughput: 511.0 samples/s
accuracy_to_time_metric 0.10615864207838459
epoch 10
  Train Loss: 0.0502, Test Loss: 0.1213
  Train Acc: 0.9830, Test Acc: 0.9560
  LR: 0.010000, Grad Norm: 3.0000, Throughput: 216.9 samples/s
accuracy_to_time_metric 0.10799565998428637
epoch 5
  Train Loss: 0.1863, Test Loss: 0.2816
  Train Acc: 0.9348, Test Acc: 0.9092
  LR: 0.010000, Grad Norm: 3.0000, Throughput: 455.9 samples/s
accuracy_to_time_metric 0.09482687608396205
Training summary saved to /home/s471802/nn-gpt/out/training_summary.json
  Train Loss: 0.0349, Test Loss: 0.1112
  Train Acc: 0.9884, Test Acc: 0.9666
  LR: 0.010000, Grad Norm: 3.0000, Throughput: 212.9 samples/s
accuracy_to_time_metric 0.0863038962417795
epoch 6
  Train Loss: 0.0261, Test Loss: 0.1143
  Train Acc: 0.9913, Test Acc: 0.9646
  LR: 0.010000, Grad Norm: 3.0000, Throughput: 231.6 samples/s
accuracy_to_time_metric 0.0721385125916523
epoch 7
  Train Loss: 0.0202, Test Loss: 0.1087
  Train Acc: 0.9936, Test Acc: 0.9680
  LR: 0.010000, Grad Norm: 0.0489, Throughput: 225.0 samples/s
accuracy_to_time_metric 0.062060310698306934
epoch 8
  Train Loss: 0.0170, Test Loss: 0.1133
  Train Acc: 0.9942, Test Acc: 0.9654
  LR: 0.010000, Grad Norm: 2.1582, Throughput: 230.8 samples/s
accuracy_to_time_metric 0.05429983235978435
epoch 9
  Train Loss: 0.0142, Test Loss: 0.1172
  Train Acc: 0.9954, Test Acc: 0.9684
  LR: 0.010000, Grad Norm: 0.0254, Throughput: 222.3 samples/s
accuracy_to_time_metric 0.048345183602841485
epoch 10
[Reward Assign] error reward_batch_index=0 batch_item=3/3 completion_index=29 worker_slot=2 assigned_gpu=2 physical_gpu=2 worker_device=cuda:0 elapsed_seconds=1920.10 error=PersistentEvalWorkerError: Persistent eval worker timed out after 1920 seconds
[Reward Worker] Ready slot=2 pid=1606037, assigned_gpu=2, assigned_cuda_visible_device='2', worker_device=cuda:0, cuda_visible_devices='2', cuda_available=True, cuda_device_count=1, rss_gib=0.53, torch_home='', physical_gpu_index=2, physical_gpu_bus_id='00000000:C1:00.0', physical_gpu_uuid='GPU-597c7fce-17eb-16da-e9c1-660740cba8dd', physical_binding_verified=True
[eval_only] 28/88 article_A_cifar10_epoch10-0239 formal_success=True acc=0.9092
[eval_only] 29/88 article_A_cifar10_epoch10-0240 formal_success=True acc=0.9084
[eval_only] 30/88 article_A_cifar10_epoch10-0241 formal_success=False acc=None
[Reward Assign] reward_batch_index=0 batch_item=2/3 completion_index=31 worker_slot=1 assigned_gpu=1 physical_gpu=1 worker_device=cuda:0 gpu_name='NVIDIA L40S' gpu_free_gib=43.38 gpu_used_gib=1.02 gpu_total_gib=44.99 timeout_seconds=1920
[Reward Assign] reward_batch_index=0 batch_item=1/3 completion_index=30 worker_slot=0 assigned_gpu=0 physical_gpu=0 worker_device=cuda:0 gpu_name='NVIDIA L40S' gpu_free_gib=43.41 gpu_used_gib=0.98 gpu_total_gib=44.99 timeout_seconds=1920
[Reward Assign] reward_batch_index=0 batch_item=3/3 completion_index=32 worker_slot=2 assigned_gpu=2 physical_gpu=2 worker_device=cuda:0 gpu_name='NVIDIA L40S' gpu_free_gib=43.55 gpu_used_gib=0.85 gpu_total_gib=44.99 timeout_seconds=1920
LEMUR root /home/s471802/nn-gpt
Evaluating /home/s471802/nn-gpt/out/nn/tmp/fca42819380cee338ec9a03857a34d5c.py...
Evaluating /home/s471802/nn-gpt/out/nn/tmp/0f89b8f72acaed1be3049f84ca836f4e.py...
Evaluating /home/s471802/nn-gpt/out/nn/tmp/b40e412fb469b183038023d2c8983cde.py...
epoch 1
epoch 1
epoch 1
  Train Loss: 0.2896, Test Loss: 0.2285
  Train Acc: 0.9040, Test Acc: 0.9210
  LR: 0.010000, Grad Norm: 3.0000, Throughput: 554.2 samples/s
accuracy_to_time_metric 1.0110588906576226
epoch 2
  Train Loss: 0.3855, Test Loss: 0.2883
  Train Acc: 0.8687, Test Acc: 0.9050
  LR: 0.010000, Grad Norm: 3.0000, Throughput: 506.7 samples/s
accuracy_to_time_metric 0.9064024752217777
epoch 2
  Train Loss: 0.3636, Test Loss: 0.3373
  Train Acc: 0.8862, Test Acc: 0.8944
  LR: 0.010000, Grad Norm: 3.0000, Throughput: 437.3 samples/s
accuracy_to_time_metric 0.7720305170061097
epoch 2
  Train Loss: 0.1975, Test Loss: 0.2149
  Train Acc: 0.9330, Test Acc: 0.9254
  LR: 0.010000, Grad Norm: 1.3292, Throughput: 584.9 samples/s
accuracy_to_time_metric 0.5216312515734512
epoch 3
  Train Loss: 0.2067, Test Loss: 0.3654
  Train Acc: 0.9301, Test Acc: 0.8964
  LR: 0.010000, Grad Norm: 3.0000, Throughput: 517.4 samples/s
accuracy_to_time_metric 0.45278520737745687
epoch 3
  Train Loss: 0.2693, Test Loss: 0.3035
  Train Acc: 0.9144, Test Acc: 0.9064
  LR: 0.010000, Grad Norm: 3.0000, Throughput: 418.3 samples/s
accuracy_to_time_metric 0.38295720607990147
epoch 3
  Train Loss: 0.1689, Test Loss: 0.2085
  Train Acc: 0.9428, Test Acc: 0.9296
  LR: 0.010000, Grad Norm: 0.6117, Throughput: 534.9 samples/s
accuracy_to_time_metric 0.34214800650575883
epoch 4
  Train Loss: 0.1389, Test Loss: 0.2960
  Train Acc: 0.9531, Test Acc: 0.9106
  LR: 0.010000, Grad Norm: 3.0000, Throughput: 488.4 samples/s
accuracy_to_time_metric 0.3023216346385277
epoch 4
  Train Loss: 0.2311, Test Loss: 0.3494
  Train Acc: 0.9242, Test Acc: 0.8932
  LR: 0.010000, Grad Norm: 3.0000, Throughput: 451.0 samples/s
accuracy_to_time_metric 0.25550437320090436
epoch 4
  Train Loss: 0.1521, Test Loss: 0.2284
  Train Acc: 0.9485, Test Acc: 0.9254
  LR: 0.010000, Grad Norm: 3.0000, Throughput: 594.3 samples/s
accuracy_to_time_metric 0.25932314001310475
epoch 5
  Train Loss: 0.1023, Test Loss: 0.2705
  Train Acc: 0.9651, Test Acc: 0.9192
  LR: 0.010000, Grad Norm: 3.0000, Throughput: 520.9 samples/s
accuracy_to_time_metric 0.2310107598687793
epoch 5
  Train Loss: 0.1426, Test Loss: 0.2116
  Train Acc: 0.9508, Test Acc: 0.9282
  LR: 0.010000, Grad Norm: 2.3657, Throughput: 581.4 samples/s
accuracy_to_time_metric 0.20925193855929297
epoch 6
  Train Loss: 0.2058, Test Loss: 0.3521
  Train Acc: 0.9322, Test Acc: 0.9000
  LR: 0.010000, Grad Norm: 3.0000, Throughput: 441.8 samples/s
accuracy_to_time_metric 0.1939875697271408
epoch 5
  Train Loss: 0.0786, Test Loss: 0.2406
  Train Acc: 0.9737, Test Acc: 0.9222
  LR: 0.010000, Grad Norm: 3.0000, Throughput: 518.5 samples/s
accuracy_to_time_metric 0.1862257194388044
epoch 6
  Train Loss: 0.1307, Test Loss: 0.2097
  Train Acc: 0.9554, Test Acc: 0.9290
  LR: 0.010000, Grad Norm: 0.1407, Throughput: 587.6 samples/s
accuracy_to_time_metric 0.17545825273547994
epoch 7
  Train Loss: 0.1954, Test Loss: 0.2876
  Train Acc: 0.9351, Test Acc: 0.9122
  LR: 0.010000, Grad Norm: 0.1468, Throughput: 457.5 samples/s
accuracy_to_time_metric 0.15898468608308308
epoch 6
  Train Loss: 0.0623, Test Loss: 0.3136
  Train Acc: 0.9783, Test Acc: 0.9080
  LR: 0.010000, Grad Norm: 3.0000, Throughput: 535.0 samples/s
accuracy_to_time_metric 0.15369227269408456
epoch 7
  Train Loss: 0.1192, Test Loss: 0.2243
  Train Acc: 0.9591, Test Acc: 0.9256
  LR: 0.010000, Grad Norm: 3.0000, Throughput: 600.4 samples/s
accuracy_to_time_metric 0.1507873009409338
epoch 8
  Train Loss: 0.0504, Test Loss: 0.2497
  Train Acc: 0.9826, Test Acc: 0.9294
  LR: 0.010000, Grad Norm: 3.0000, Throughput: 533.6 samples/s
accuracy_to_time_metric 0.1359316633652136
epoch 8
  Train Loss: 0.1791, Test Loss: 0.2855
  Train Acc: 0.9409, Test Acc: 0.9110
  LR: 0.010000, Grad Norm: 0.3448, Throughput: 454.6 samples/s
accuracy_to_time_metric 0.13296061294318515
epoch 7
  Train Loss: 0.1107, Test Loss: 0.2284
  Train Acc: 0.9621, Test Acc: 0.9224
  LR: 0.010000, Grad Norm: 0.2859, Throughput: 597.0 samples/s
accuracy_to_time_metric 0.1320042708025895
epoch 9
  Train Loss: 0.0399, Test Loss: 0.2415
  Train Acc: 0.9860, Test Acc: 0.9308
  LR: 0.010000, Grad Norm: 0.5341, Throughput: 535.4 samples/s
accuracy_to_time_metric 0.11965794224352631
epoch 9
  Train Loss: 0.1063, Test Loss: 0.2304
  Train Acc: 0.9633, Test Acc: 0.9270
  LR: 0.010000, Grad Norm: 0.2956, Throughput: 595.7 samples/s
accuracy_to_time_metric 0.11837078979147732
epoch 10
  Train Loss: 0.1645, Test Loss: 0.2874
  Train Acc: 0.9445, Test Acc: 0.9088
  LR: 0.010000, Grad Norm: 2.3727, Throughput: 455.4 samples/s
accuracy_to_time_metric 0.11409185582484534
epoch 8
  Train Loss: 0.0324, Test Loss: 0.2327
  Train Acc: 0.9889, Test Acc: 0.9382
  LR: 0.010000, Grad Norm: 3.0000, Throughput: 535.0 samples/s
accuracy_to_time_metric 0.10766542154416374
epoch 10
  Train Loss: 0.1001, Test Loss: 0.2125
  Train Acc: 0.9655, Test Acc: 0.9332
  LR: 0.010000, Grad Norm: 3.0000, Throughput: 600.9 samples/s
accuracy_to_time_metric 0.10769881658103313
Training summary saved to /home/s471802/nn-gpt/out/training_summary.json
  Train Loss: 0.1600, Test Loss: 0.3105
  Train Acc: 0.9449, Test Acc: 0.9088
  LR: 0.010000, Grad Norm: 3.0000, Throughput: 457.5 samples/s
accuracy_to_time_metric 0.10017796007135356
epoch 9
  Train Loss: 0.0281, Test Loss: 0.2434
  Train Acc: 0.9902, Test Acc: 0.9378
  LR: 0.010000, Grad Norm: 0.4255, Throughput: 533.9 samples/s
accuracy_to_time_metric 0.09708930756087944
Training summary saved to /home/s471802/nn-gpt/out/training_summary.json
  Train Loss: 0.1487, Test Loss: 0.3461
  Train Acc: 0.9487, Test Acc: 0.9054
  LR: 0.010000, Grad Norm: 3.0000, Throughput: 455.5 samples/s
accuracy_to_time_metric 0.0888716896643452
epoch 10
  Train Loss: 0.1383, Test Loss: 0.3088
  Train Acc: 0.9523, Test Acc: 0.9080
  LR: 0.010000, Grad Norm: 2.2027, Throughput: 453.9 samples/s
accuracy_to_time_metric 0.0803587520264561
Training summary saved to /home/s471802/nn-gpt/out/training_summary.json
[eval_only] 31/88 article_A_cifar10_epoch10-0242 formal_success=True acc=0.908
[eval_only] 32/88 article_A_cifar10_epoch10-0243 formal_success=True acc=0.9378
[eval_only] 33/88 article_A_cifar10_epoch10-0244 formal_success=True acc=0.9332
[Reward Assign] reward_batch_index=0 batch_item=3/3 completion_index=35 worker_slot=2 assigned_gpu=2 physical_gpu=2 worker_device=cuda:0 gpu_name='NVIDIA L40S' gpu_free_gib=43.39 gpu_used_gib=1.00 gpu_total_gib=44.99 timeout_seconds=1920
[Reward Assign] reward_batch_index=0 batch_item=2/3 completion_index=34 worker_slot=1 assigned_gpu=1 physical_gpu=1 worker_device=cuda:0 gpu_name='NVIDIA L40S' gpu_free_gib=43.38 gpu_used_gib=1.02 gpu_total_gib=44.99 timeout_seconds=1920
[Reward Assign] reward_batch_index=0 batch_item=1/3 completion_index=33 worker_slot=0 assigned_gpu=0 physical_gpu=0 worker_device=cuda:0 gpu_name='NVIDIA L40S' gpu_free_gib=43.41 gpu_used_gib=0.98 gpu_total_gib=44.99 timeout_seconds=1920
Evaluating /home/s471802/nn-gpt/out/nn/tmp/af4cadf06b031100aa98889131e05e22.py...
Evaluating /home/s471802/nn-gpt/out/nn/tmp/3e8e8551727ea1cffad90e9b41262a1e.py...
Evaluating /home/s471802/nn-gpt/out/nn/tmp/3f25ba193f059a85aff55a23460ff193.py...
epoch 1
epoch 1
epoch 1
  Train Loss: 0.3028, Test Loss: 0.2341
  Train Acc: 0.9007, Test Acc: 0.9192
  LR: 0.010000, Grad Norm: 3.0000, Throughput: 475.2 samples/s
accuracy_to_time_metric 0.86501043987541
epoch 2
  Train Loss: 0.7538, Test Loss: 0.2814
  Train Acc: 0.7412, Test Acc: 0.9070
  LR: 0.010000, Grad Norm: 3.0000, Throughput: 287.6 samples/s
accuracy_to_time_metric 0.515702025502555
epoch 2
  Train Loss: 0.2097, Test Loss: 0.2289
  Train Acc: 0.9308, Test Acc: 0.9218
  LR: 0.010000, Grad Norm: 0.3760, Throughput: 484.8 samples/s
accuracy_to_time_metric 0.4380096976563766
epoch 3
  Train Loss: 0.0976, Test Loss: 0.1385
  Train Acc: 0.9677, Test Acc: 0.9532
  LR: 0.010000, Grad Norm: 3.0000, Throughput: 222.9 samples/s
accuracy_to_time_metric 0.4227003386156354
epoch 2
  Train Loss: 0.1839, Test Loss: 0.2342
  Train Acc: 0.9379, Test Acc: 0.9222
  LR: 0.010000, Grad Norm: 3.0000, Throughput: 484.6 samples/s
accuracy_to_time_metric 0.29302313685433085
epoch 4
  Train Loss: 0.2427, Test Loss: 0.2218
  Train Acc: 0.9186, Test Acc: 0.9270
  LR: 0.010000, Grad Norm: 3.0000, Throughput: 290.2 samples/s
accuracy_to_time_metric 0.2653500454068068
epoch 3
  Train Loss: 0.1676, Test Loss: 0.2348
  Train Acc: 0.9431, Test Acc: 0.9224
  LR: 0.010000, Grad Norm: 0.0563, Throughput: 481.8 samples/s
accuracy_to_time_metric 0.21984032267517756
epoch 5
  Train Loss: 0.0367, Test Loss: 0.1051
  Train Acc: 0.9896, Test Acc: 0.9646
  LR: 0.010000, Grad Norm: 0.5597, Throughput: 228.9 samples/s
accuracy_to_time_metric 0.21695230436725588
epoch 3
  Train Loss: 0.1494, Test Loss: 0.2066
  Train Acc: 0.9486, Test Acc: 0.9284
  LR: 0.010000, Grad Norm: 3.0000, Throughput: 289.3 samples/s
accuracy_to_time_metric 0.1772653376727411
epoch 4
  Train Loss: 0.1548, Test Loss: 0.2358
  Train Acc: 0.9478, Test Acc: 0.9152
  LR: 0.010000, Grad Norm: 3.0000, Throughput: 483.3 samples/s
accuracy_to_time_metric 0.17444603874207973
epoch 6
  Train Loss: 0.1448, Test Loss: 0.2194
  Train Acc: 0.9509, Test Acc: 0.9246
  LR: 0.010000, Grad Norm: 3.0000, Throughput: 486.7 samples/s
accuracy_to_time_metric 0.14728274035195105
epoch 7
  Train Loss: 0.0323, Test Loss: 0.1116
  Train Acc: 0.9896, Test Acc: 0.9658
  LR: 0.010000, Grad Norm: 0.0648, Throughput: 229.4 samples/s
accuracy_to_time_metric 0.14556314441554652
epoch 4
  Train Loss: 0.1029, Test Loss: 0.1835
  Train Acc: 0.9645, Test Acc: 0.9414
  LR: 0.010000, Grad Norm: 3.0000, Throughput: 290.0 samples/s
accuracy_to_time_metric 0.1351428391113028
epoch 5
  Train Loss: 0.1378, Test Loss: 0.2329
  Train Acc: 0.9537, Test Acc: 0.9220
  LR: 0.010000, Grad Norm: 0.3403, Throughput: 486.4 samples/s
accuracy_to_time_metric 0.12597834744684266
epoch 8
  Train Loss: 0.1297, Test Loss: 0.2299
  Train Acc: 0.9559, Test Acc: 0.9212
  LR: 0.010000, Grad Norm: 3.0000, Throughput: 483.2 samples/s
accuracy_to_time_metric 0.11012036401778497
epoch 9
  Train Loss: 0.0750, Test Loss: 0.2294
  Train Acc: 0.9746, Test Acc: 0.9304
  LR: 0.010000, Grad Norm: 3.0000, Throughput: 290.6 samples/s
accuracy_to_time_metric 0.10679736884355166
epoch 6
  Train Loss: 0.0091, Test Loss: 0.0951
  Train Acc: 0.9973, Test Acc: 0.9696
  LR: 0.010000, Grad Norm: 3.0000, Throughput: 230.0 samples/s
accuracy_to_time_metric 0.10999988680172988
epoch 5
  Train Loss: 0.1263, Test Loss: 0.2310
  Train Acc: 0.9574, Test Acc: 0.9188
  LR: 0.010000, Grad Norm: 3.0000, Throughput: 487.7 samples/s
accuracy_to_time_metric 0.09769770291731719
epoch 10
  Train Loss: 0.0604, Test Loss: 0.2130
  Train Acc: 0.9790, Test Acc: 0.9354
  LR: 0.010000, Grad Norm: 3.0000, Throughput: 290.8 samples/s
accuracy_to_time_metric 0.08959806914050804
epoch 7
  Train Loss: 0.1186, Test Loss: 0.2367
  Train Acc: 0.9596, Test Acc: 0.9202
  LR: 0.010000, Grad Norm: 1.7317, Throughput: 485.1 samples/s
accuracy_to_time_metric 0.08810175847993099
Training summary saved to /home/s471802/nn-gpt/out/training_summary.json
  Train Loss: 0.0070, Test Loss: 0.1024
  Train Acc: 0.9976, Test Acc: 0.9714
  LR: 0.010000, Grad Norm: 3.0000, Throughput: 229.8 samples/s
accuracy_to_time_metric 0.08833179411419997
epoch 6
  Train Loss: 0.0474, Test Loss: 0.1903
  Train Acc: 0.9836, Test Acc: 0.9398
  LR: 0.010000, Grad Norm: 0.6684, Throughput: 291.4 samples/s
accuracy_to_time_metric 0.0772642234855566
epoch 8
  Train Loss: 0.0044, Test Loss: 0.0919
  Train Acc: 0.9985, Test Acc: 0.9714
  LR: 0.010000, Grad Norm: 0.1035, Throughput: 227.4 samples/s
accuracy_to_time_metric 0.07356899862398408
epoch 7
  Train Loss: 0.0374, Test Loss: 0.2077
  Train Acc: 0.9872, Test Acc: 0.9458
  LR: 0.010000, Grad Norm: 3.0000, Throughput: 283.1 samples/s
accuracy_to_time_metric 0.06788395390797941
epoch 9
  Train Loss: 0.0037, Test Loss: 0.1125
  Train Acc: 0.9988, Test Acc: 0.9722
  LR: 0.010000, Grad Norm: 1.5917, Throughput: 223.8 samples/s
accuracy_to_time_metric 0.06294462728603459
epoch 8
  Train Loss: 0.0301, Test Loss: 0.2069
  Train Acc: 0.9896, Test Acc: 0.9472
  LR: 0.010000, Grad Norm: 0.3105, Throughput: 282.1 samples/s
accuracy_to_time_metric 0.060274347681478824
epoch 10
  Train Loss: 0.0260, Test Loss: 0.2233
  Train Acc: 0.9910, Test Acc: 0.9442
  LR: 0.010000, Grad Norm: 3.0000, Throughput: 276.9 samples/s
accuracy_to_time_metric 0.053832280787683935
Training summary saved to /home/s471802/nn-gpt/out/training_summary.json
  Train Loss: 0.0020, Test Loss: 0.0964
  Train Acc: 0.9996, Test Acc: 0.9744
  LR: 0.010000, Grad Norm: 0.0260, Throughput: 221.7 samples/s
accuracy_to_time_metric 0.05503687140919441
epoch 9
  Train Loss: 0.0017, Test Loss: 0.0865
  Train Acc: 0.9997, Test Acc: 0.9762
  LR: 0.010000, Grad Norm: 1.4996, Throughput: 210.4 samples/s
accuracy_to_time_metric 0.04860490336144154
epoch 10
[Reward Assign] error reward_batch_index=0 batch_item=1/3 completion_index=33 worker_slot=0 assigned_gpu=0 physical_gpu=0 worker_device=cuda:0 elapsed_seconds=1920.10 error=PersistentEvalWorkerError: Persistent eval worker timed out after 1920 seconds
[Reward Worker] Ready slot=0 pid=1651243, assigned_gpu=0, assigned_cuda_visible_device='0', worker_device=cuda:0, cuda_visible_devices='0', cuda_available=True, cuda_device_count=1, rss_gib=0.53, torch_home='', physical_gpu_index=0, physical_gpu_bus_id='00000000:01:00.0', physical_gpu_uuid='GPU-d426be61-d8f4-a3e4-dd2f-c5b892da6351', physical_binding_verified=True
[eval_only] 34/88 article_A_cifar10_epoch10-0245 formal_success=False acc=None
[eval_only] 35/88 article_A_cifar10_epoch10-0246 formal_success=True acc=0.9442
[eval_only] 36/88 article_A_cifar10_epoch10-0247 formal_success=True acc=0.9202
[Reward Assign] reward_batch_index=0 batch_item=2/3 completion_index=37 worker_slot=1 assigned_gpu=1 physical_gpu=1 worker_device=cuda:0 gpu_name='NVIDIA L40S' gpu_free_gib=43.38 gpu_used_gib=1.02 gpu_total_gib=44.99 timeout_seconds=1920
[Reward Assign] reward_batch_index=0 batch_item=1/3 completion_index=36 worker_slot=0 assigned_gpu=0 physical_gpu=0 worker_device=cuda:0 gpu_name='NVIDIA L40S' gpu_free_gib=43.55 gpu_used_gib=0.85 gpu_total_gib=44.99 timeout_seconds=1920
[Reward Assign] reward_batch_index=0 batch_item=3/3 completion_index=38 worker_slot=2 assigned_gpu=2 physical_gpu=2 worker_device=cuda:0 gpu_name='NVIDIA L40S' gpu_free_gib=43.39 gpu_used_gib=1.00 gpu_total_gib=44.99 timeout_seconds=1920
LEMUR root /home/s471802/nn-gpt
Evaluating /home/s471802/nn-gpt/out/nn/tmp/630273ad81d64326646197f36905751e.py...
Evaluating /home/s471802/nn-gpt/out/nn/tmp/d02b408b28a51cea614f11a1b361f8a1.py...
Evaluating /home/s471802/nn-gpt/out/nn/tmp/3931f5754161831ecdf38f132fba40ee.py...
epoch 1
epoch 1
epoch 1
  Train Loss: 0.3508, Test Loss: 0.2907
  Train Acc: 0.8939, Test Acc: 0.9138
  LR: 0.010000, Grad Norm: 3.0000, Throughput: 601.9 samples/s
accuracy_to_time_metric 1.0884710840328673
epoch 2
  Train Loss: 0.1252, Test Loss: 0.1658
  Train Acc: 0.9596, Test Acc: 0.9422
  LR: 0.010000, Grad Norm: 3.0000, Throughput: 381.0 samples/s
accuracy_to_time_metric 0.7129978815755653
epoch 2
  Train Loss: 0.2427, Test Loss: 0.3577
  Train Acc: 0.9256, Test Acc: 0.9026
  LR: 0.010000, Grad Norm: 0.2026, Throughput: 644.7 samples/s
accuracy_to_time_metric 0.5547824830353371
epoch 3
  Train Loss: 0.5642, Test Loss: 0.3647
  Train Acc: 0.8065, Test Acc: 0.8778
  LR: 0.010000, Grad Norm: 3.0000, Throughput: 290.3 samples/s
accuracy_to_time_metric 0.501708580999201
epoch 2
  Train Loss: 0.2048, Test Loss: 0.2790
  Train Acc: 0.9362, Test Acc: 0.9174
  LR: 0.010000, Grad Norm: 3.0000, Throughput: 645.9 samples/s
accuracy_to_time_metric 0.38116766770910576
epoch 4
  Train Loss: 0.0655, Test Loss: 0.1407
  Train Acc: 0.9803, Test Acc: 0.9558
  LR: 0.010000, Grad Norm: 3.0000, Throughput: 378.1 samples/s
accuracy_to_time_metric 0.3607159587029317
epoch 3
  Train Loss: 0.1825, Test Loss: 0.2764
  Train Acc: 0.9412, Test Acc: 0.9178
  LR: 0.010000, Grad Norm: 0.5960, Throughput: 534.0 samples/s
accuracy_to_time_metric 0.2736775570448462
epoch 5
  Train Loss: 0.2507, Test Loss: 0.2958
  Train Acc: 0.9163, Test Acc: 0.9062
  LR: 0.010000, Grad Norm: 3.0000, Throughput: 313.1 samples/s
accuracy_to_time_metric 0.2697537996404145
epoch 3
  Train Loss: 0.0370, Test Loss: 0.1161
  Train Acc: 0.9893, Test Acc: 0.9632
  LR: 0.010000, Grad Norm: 2.1899, Throughput: 339.8 samples/s
accuracy_to_time_metric 0.23343629665938864
epoch 4
  Train Loss: 0.1551, Test Loss: 0.2962
  Train Acc: 0.9495, Test Acc: 0.9190
  LR: 0.010000, Grad Norm: 0.1196, Throughput: 655.1 samples/s
accuracy_to_time_metric 0.22278980480959626
epoch 6
  Train Loss: 0.1793, Test Loss: 0.2686
  Train Acc: 0.9394, Test Acc: 0.9126
  LR: 0.010000, Grad Norm: 3.0000, Throughput: 353.6 samples/s
accuracy_to_time_metric 0.19064618579376116
epoch 4
  Train Loss: 0.1450, Test Loss: 0.3345
  Train Acc: 0.9500, Test Acc: 0.9108
  LR: 0.010000, Grad Norm: 3.0000, Throughput: 657.1 samples/s
accuracy_to_time_metric 0.18588118404812126
epoch 7
  Train Loss: 0.0713, Test Loss: 0.1698
  Train Acc: 0.9845, Test Acc: 0.9510
  LR: 0.010000, Grad Norm: 3.0000, Throughput: 388.5 samples/s
accuracy_to_time_metric 0.17520165601786014
epoch 5
  Train Loss: 0.1348, Test Loss: 0.3412
  Train Acc: 0.9548, Test Acc: 0.9118
  LR: 0.010000, Grad Norm: 3.0000, Throughput: 663.3 samples/s
accuracy_to_time_metric 0.16102840652802777
epoch 8
  Train Loss: 0.1289, Test Loss: 0.2272
  Train Acc: 0.9562, Test Acc: 0.9310
  LR: 0.010000, Grad Norm: 3.0000, Throughput: 358.1 samples/s
accuracy_to_time_metric 0.1505455178785458
epoch 5
  Train Loss: 0.1237, Test Loss: 0.3038
  Train Acc: 0.9590, Test Acc: 0.9182
  LR: 0.010000, Grad Norm: 3.0000, Throughput: 656.3 samples/s
accuracy_to_time_metric 0.14284238925125517
epoch 9
  Train Loss: 0.0200, Test Loss: 0.1222
  Train Acc: 0.9935, Test Acc: 0.9648
  LR: 0.010000, Grad Norm: 0.4264, Throughput: 390.5 samples/s
accuracy_to_time_metric 0.14388124696243904
epoch 6
  Train Loss: 0.1250, Test Loss: 0.3781
  Train Acc: 0.9590, Test Acc: 0.9106
  LR: 0.010000, Grad Norm: 3.0000, Throughput: 658.4 samples/s
accuracy_to_time_metric 0.1264093333859914
epoch 10
  Train Loss: 0.1016, Test Loss: 0.2480
  Train Acc: 0.9648, Test Acc: 0.9198
  LR: 0.010000, Grad Norm: 3.0000, Throughput: 353.6 samples/s
accuracy_to_time_metric 0.12067183299310662
epoch 6
  Train Loss: 0.1189, Test Loss: 0.3643
  Train Acc: 0.9602, Test Acc: 0.9154
  LR: 0.010000, Grad Norm: 0.3805, Throughput: 655.0 samples/s
accuracy_to_time_metric 0.11483578218406416
Training summary saved to /home/s471802/nn-gpt/out/training_summary.json
  Train Loss: 0.0158, Test Loss: 0.1192
  Train Acc: 0.9947, Test Acc: 0.9656
  LR: 0.010000, Grad Norm: 3.0000, Throughput: 386.3 samples/s
accuracy_to_time_metric 0.12061658354608414
epoch 7
  Train Loss: 0.0793, Test Loss: 0.2316
  Train Acc: 0.9735, Test Acc: 0.9298
  LR: 0.010000, Grad Norm: 3.0000, Throughput: 354.4 samples/s
accuracy_to_time_metric 0.1028982550295218
epoch 7
  Train Loss: 0.0101, Test Loss: 0.1286
  Train Acc: 0.9962, Test Acc: 0.9642
  LR: 0.010000, Grad Norm: 3.0000, Throughput: 386.7 samples/s
accuracy_to_time_metric 0.1036082560244606
epoch 8
  Train Loss: 0.0626, Test Loss: 0.2200
  Train Acc: 0.9786, Test Acc: 0.9344
  LR: 0.010000, Grad Norm: 3.0000, Throughput: 352.0 samples/s
accuracy_to_time_metric 0.08929924752529192
epoch 8
  Train Loss: 0.0078, Test Loss: 0.1258
  Train Acc: 0.9977, Test Acc: 0.9694
  LR: 0.010000, Grad Norm: 3.0000, Throughput: 387.9 samples/s
accuracy_to_time_metric 0.09149500075221635
epoch 9
  Train Loss: 0.0034, Test Loss: 0.1069
  Train Acc: 0.9991, Test Acc: 0.9720
  LR: 0.010000, Grad Norm: 1.2841, Throughput: 397.4 samples/s
accuracy_to_time_metric 0.08199001466399554
epoch 10
  Train Loss: 0.0488, Test Loss: 0.2229
  Train Acc: 0.9833, Test Acc: 0.9386
  LR: 0.010000, Grad Norm: 3.0000, Throughput: 355.4 samples/s
accuracy_to_time_metric 0.07903115970427824
epoch 9
  Train Loss: 0.0055, Test Loss: 0.1094
  Train Acc: 0.9980, Test Acc: 0.9720
  LR: 0.010000, Grad Norm: 3.0000, Throughput: 387.0 samples/s
accuracy_to_time_metric 0.07390328074769296
Training summary saved to /home/s471802/nn-gpt/out/training_summary.json
  Train Loss: 0.0447, Test Loss: 0.2540
  Train Acc: 0.9846, Test Acc: 0.9320
  LR: 0.010000, Grad Norm: 3.0000, Throughput: 356.4 samples/s
accuracy_to_time_metric 0.07006435061666832
epoch 10
  Train Loss: 0.0369, Test Loss: 0.2449
  Train Acc: 0.9880, Test Acc: 0.9344
  LR: 0.010000, Grad Norm: 0.5317, Throughput: 344.3 samples/s
accuracy_to_time_metric 0.06329424170981982
Training summary saved to /home/s471802/nn-gpt/out/training_summary.json
[eval_only] 37/88 article_A_cifar10_epoch10-0248 formal_success=True acc=0.9344
[eval_only] 38/88 article_A_cifar10_epoch10-0249 formal_success=True acc=0.972
[eval_only] 39/88 article_A_cifar10_epoch10-0250 formal_success=True acc=0.9154
[Reward Assign] reward_batch_index=0 batch_item=2/3 completion_index=40 worker_slot=1 assigned_gpu=1 physical_gpu=1 worker_device=cuda:0 gpu_name='NVIDIA L40S' gpu_free_gib=43.38 gpu_used_gib=1.02 gpu_total_gib=44.99 timeout_seconds=1920
[Reward Assign] reward_batch_index=0 batch_item=1/3 completion_index=39 worker_slot=0 assigned_gpu=0 physical_gpu=0 worker_device=cuda:0 gpu_name='NVIDIA L40S' gpu_free_gib=43.41 gpu_used_gib=0.98 gpu_total_gib=44.99 timeout_seconds=1920
[Reward Assign] reward_batch_index=0 batch_item=3/3 completion_index=41 worker_slot=2 assigned_gpu=2 physical_gpu=2 worker_device=cuda:0 gpu_name='NVIDIA L40S' gpu_free_gib=43.39 gpu_used_gib=1.00 gpu_total_gib=44.99 timeout_seconds=1920
Evaluating /home/s471802/nn-gpt/out/nn/tmp/3ec888d13f9a3827d7fbe72c2ddb77f8.py...
Evaluating /home/s471802/nn-gpt/out/nn/tmp/501f5912ef3fc99199b3ec0ccfde808b.py...
Evaluating /home/s471802/nn-gpt/out/nn/tmp/30a572318dfbae5c3f87ab5e52d0f69d.py...
epoch 1
epoch 1
epoch 1
  Train Loss: 0.3624, Test Loss: 0.3057
  Train Acc: 0.8851, Test Acc: 0.8992
  LR: 0.010000, Grad Norm: 3.0000, Throughput: 1053.0 samples/s
accuracy_to_time_metric 1.8700309198296943
epoch 2
  Train Loss: 0.3886, Test Loss: 0.3636
  Train Acc: 0.8780, Test Acc: 0.8924
  LR: 0.010000, Grad Norm: 0.9929, Throughput: 899.3 samples/s
accuracy_to_time_metric 1.5834260766475314
epoch 2
  Train Loss: 0.6830, Test Loss: 0.2346
  Train Acc: 0.7642, Test Acc: 0.9192
  LR: 0.010000, Grad Norm: 3.0000, Throughput: 563.4 samples/s
accuracy_to_time_metric 1.025658875754956
epoch 2
  Train Loss: 0.2690, Test Loss: 0.3351
  Train Acc: 0.9165, Test Acc: 0.9056
  LR: 0.010000, Grad Norm: 0.2876, Throughput: 1068.8 samples/s
accuracy_to_time_metric 0.9484050005308164
epoch 3
  Train Loss: 0.3130, Test Loss: 0.3379
  Train Acc: 0.9011, Test Acc: 0.8964
  LR: 0.010000, Grad Norm: 3.0000, Throughput: 937.9 samples/s
accuracy_to_time_metric 0.8116018961134454
epoch 3
  Train Loss: 0.2427, Test Loss: 0.3225
  Train Acc: 0.9250, Test Acc: 0.9020
  LR: 0.010000, Grad Norm: 3.0000, Throughput: 1076.7 samples/s
accuracy_to_time_metric 0.6322892709679021
epoch 4
  Train Loss: 0.2939, Test Loss: 0.3641
  Train Acc: 0.9056, Test Acc: 0.8896
  LR: 0.010000, Grad Norm: 3.0000, Throughput: 955.0 samples/s
accuracy_to_time_metric 0.5432412925815426
epoch 4
  Train Loss: 0.2299, Test Loss: 0.1935
  Train Acc: 0.9218, Test Acc: 0.9320
  LR: 0.010000, Grad Norm: 3.0000, Throughput: 590.0 samples/s
accuracy_to_time_metric 0.5325101840643153
epoch 3
  Train Loss: 0.2127, Test Loss: 0.3469
  Train Acc: 0.9311, Test Acc: 0.9012
  LR: 0.010000, Grad Norm: 0.0053, Throughput: 1076.7 samples/s
accuracy_to_time_metric 0.4748138400808513
epoch 5
  Train Loss: 0.2799, Test Loss: 0.3571
  Train Acc: 0.9115, Test Acc: 0.8934
  LR: 0.010000, Grad Norm: 3.0000, Throughput: 948.4 samples/s
accuracy_to_time_metric 0.41129662923779575
epoch 5
  Train Loss: 0.1961, Test Loss: 0.3231
  Train Acc: 0.9370, Test Acc: 0.9048
  LR: 0.010000, Grad Norm: 1.2560, Throughput: 1073.7 samples/s
accuracy_to_time_metric 0.38186876058337693
epoch 6
  Train Loss: 0.1511, Test Loss: 0.1535
  Train Acc: 0.9490, Test Acc: 0.9478
  LR: 0.010000, Grad Norm: 3.0000, Throughput: 597.0 samples/s
accuracy_to_time_metric 0.3658680705338322
epoch 4
  Train Loss: 0.2737, Test Loss: 0.3806
  Train Acc: 0.9124, Test Acc: 0.8942
  LR: 0.010000, Grad Norm: 3.0000, Throughput: 962.2 samples/s
accuracy_to_time_metric 0.33122830159696015
epoch 6
  Train Loss: 0.1875, Test Loss: 0.3207
  Train Acc: 0.9396, Test Acc: 0.9072
  LR: 0.010000, Grad Norm: 3.0000, Throughput: 1069.2 samples/s
accuracy_to_time_metric 0.3191214901511991
epoch 7
  Train Loss: 0.2641, Test Loss: 0.3589
  Train Acc: 0.9157, Test Acc: 0.8954
  LR: 0.010000, Grad Norm: 3.0000, Throughput: 956.5 samples/s
accuracy_to_time_metric 0.2772148977877741
epoch 7
  Train Loss: 0.1793, Test Loss: 0.3163
  Train Acc: 0.9412, Test Acc: 0.9074
  LR: 0.010000, Grad Norm: 3.0000, Throughput: 1067.2 samples/s
accuracy_to_time_metric 0.2734962197962734
epoch 8
  Train Loss: 0.1046, Test Loss: 0.1724
  Train Acc: 0.9631, Test Acc: 0.9404
  LR: 0.010000, Grad Norm: 3.0000, Throughput: 593.4 samples/s
accuracy_to_time_metric 0.2731614294741307
epoch 5
  Train Loss: 0.2580, Test Loss: 0.3848
  Train Acc: 0.9173, Test Acc: 0.8912
  LR: 0.010000, Grad Norm: 0.8764, Throughput: 956.8 samples/s
accuracy_to_time_metric 0.2368439415091412
epoch 8
  Train Loss: 0.1740, Test Loss: 0.3793
  Train Acc: 0.9440, Test Acc: 0.9032
  LR: 0.010000, Grad Norm: 0.4627, Throughput: 1073.6 samples/s
accuracy_to_time_metric 0.23817414273019563
epoch 9
  Train Loss: 0.1613, Test Loss: 0.3764
  Train Acc: 0.9464, Test Acc: 0.8972
  LR: 0.010000, Grad Norm: 3.0000, Throughput: 1058.2 samples/s
accuracy_to_time_metric 0.20986720441038875
epoch 10
  Train Loss: 0.2545, Test Loss: 0.3925
  Train Acc: 0.9188, Test Acc: 0.8910
  LR: 0.010000, Grad Norm: 3.0000, Throughput: 936.9 samples/s
accuracy_to_time_metric 0.20696434174473516
epoch 9
  Train Loss: 0.0769, Test Loss: 0.1380
  Train Acc: 0.9738, Test Acc: 0.9544
  LR: 0.010000, Grad Norm: 3.0000, Throughput: 593.4 samples/s
accuracy_to_time_metric 0.2227393198358472
epoch 6
  Train Loss: 0.1650, Test Loss: 0.3524
  Train Acc: 0.9452, Test Acc: 0.9066
  LR: 0.010000, Grad Norm: 1.3873, Throughput: 1073.4 samples/s
accuracy_to_time_metric 0.19118989455081445
Training summary saved to /home/s471802/nn-gpt/out/training_summary.json
  Train Loss: 0.2583, Test Loss: 0.3729
  Train Acc: 0.9160, Test Acc: 0.8992
  LR: 0.010000, Grad Norm: 3.0000, Throughput: 945.2 samples/s
accuracy_to_time_metric 0.18590349631876074
epoch 10
  Train Loss: 0.0541, Test Loss: 0.1433
  Train Acc: 0.9809, Test Acc: 0.9532
  LR: 0.010000, Grad Norm: 1.2454, Throughput: 588.6 samples/s
accuracy_to_time_metric 0.18542157933730344
epoch 7
  Train Loss: 0.2490, Test Loss: 0.3718
  Train Acc: 0.9194, Test Acc: 0.8980
  LR: 0.010000, Grad Norm: 3.0000, Throughput: 870.9 samples/s
accuracy_to_time_metric 0.16567189594039697
Training summary saved to /home/s471802/nn-gpt/out/training_summary.json
  Train Loss: 0.0422, Test Loss: 0.1341
  Train Acc: 0.9855, Test Acc: 0.9540
  LR: 0.010000, Grad Norm: 1.4966, Throughput: 575.3 samples/s
accuracy_to_time_metric 0.15860066335321066
epoch 8
  Train Loss: 0.0334, Test Loss: 0.1488
  Train Acc: 0.9889, Test Acc: 0.9552
  LR: 0.010000, Grad Norm: 0.0995, Throughput: 594.7 samples/s
accuracy_to_time_metric 0.13923165477992974
epoch 9
  Train Loss: 0.0253, Test Loss: 0.1388
  Train Acc: 0.9918, Test Acc: 0.9590
  LR: 0.010000, Grad Norm: 0.1133, Throughput: 593.2 samples/s
accuracy_to_time_metric 0.12445717466827583
epoch 10
  Train Loss: 0.0214, Test Loss: 0.1594
  Train Acc: 0.9926, Test Acc: 0.9592
  LR: 0.010000, Grad Norm: 2.4687, Throughput: 582.4 samples/s
accuracy_to_time_metric 0.11193721706962952
Training summary saved to /home/s471802/nn-gpt/out/training_summary.json
[eval_only] 40/88 article_A_cifar10_epoch10-0251 formal_success=True acc=0.898
[eval_only] 41/88 article_A_cifar10_epoch10-0252 formal_success=True acc=0.9592
[eval_only] 42/88 article_A_cifar10_epoch10-0253 formal_success=True acc=0.9066
[Reward Assign] reward_batch_index=0 batch_item=1/3 completion_index=42 worker_slot=0 assigned_gpu=0 physical_gpu=0 worker_device=cuda:0 gpu_name='NVIDIA L40S' gpu_free_gib=43.41 gpu_used_gib=0.98 gpu_total_gib=44.99 timeout_seconds=1920
[Reward Assign] reward_batch_index=0 batch_item=2/3 completion_index=43 worker_slot=1 assigned_gpu=1 physical_gpu=1 worker_device=cuda:0 gpu_name='NVIDIA L40S' gpu_free_gib=43.38 gpu_used_gib=1.02 gpu_total_gib=44.99 timeout_seconds=1920
[Reward Assign] reward_batch_index=0 batch_item=3/3 completion_index=44 worker_slot=2 assigned_gpu=2 physical_gpu=2 worker_device=cuda:0 gpu_name='NVIDIA L40S' gpu_free_gib=43.39 gpu_used_gib=1.00 gpu_total_gib=44.99 timeout_seconds=1920
Evaluating /home/s471802/nn-gpt/out/nn/tmp/b0aa1bc47bd434034fdef6163ce568ca.py...
Evaluating /home/s471802/nn-gpt/out/nn/tmp/4cda266b9c09b59aa526a913bf85137e.py...
Evaluating /home/s471802/nn-gpt/out/nn/tmp/03d1d7275db4f6cc05833041cf9ca840.py...
epoch 1
epoch 1
epoch 1
  Train Loss: 0.3476, Test Loss: 0.3280
  Train Acc: 0.8948, Test Acc: 0.9034
  LR: 0.010000, Grad Norm: 3.0000, Throughput: 1834.4 samples/s
accuracy_to_time_metric 3.2745291258531553
epoch 2
  Train Loss: 0.2450, Test Loss: 0.2906
  Train Acc: 0.9258, Test Acc: 0.9168
  LR: 0.010000, Grad Norm: 1.9180, Throughput: 1896.4 samples/s
accuracy_to_time_metric 1.6887746977315796
epoch 3
  Train Loss: 0.3498, Test Loss: 0.3626
  Train Acc: 0.8947, Test Acc: 0.8998
  LR: 0.010000, Grad Norm: 3.0000, Throughput: 661.1 samples/s
accuracy_to_time_metric 1.174839686179415
epoch 2
  Train Loss: 0.2006, Test Loss: 0.3251
  Train Acc: 0.9372, Test Acc: 0.9088
  LR: 0.010000, Grad Norm: 3.0000, Throughput: 1876.9 samples/s
accuracy_to_time_metric 1.1164442796217842
epoch 4
  Train Loss: 0.4109, Test Loss: 0.3455
  Train Acc: 0.8609, Test Acc: 0.9170
  LR: 0.010000, Grad Norm: 3.0000, Throughput: 476.2 samples/s
accuracy_to_time_metric 0.8645718403110704
epoch 2
  Train Loss: 0.1836, Test Loss: 0.3443
  Train Acc: 0.9411, Test Acc: 0.9090
  LR: 0.010000, Grad Norm: 1.3466, Throughput: 1882.6 samples/s
accuracy_to_time_metric 0.838770069271704
epoch 5
  Train Loss: 0.1637, Test Loss: 0.2933
  Train Acc: 0.9458, Test Acc: 0.9144
  LR: 0.010000, Grad Norm: 3.0000, Throughput: 1912.4 samples/s
accuracy_to_time_metric 0.6781868389379643
epoch 6
  Train Loss: 0.2433, Test Loss: 0.3262
  Train Acc: 0.9263, Test Acc: 0.9086
  LR: 0.010000, Grad Norm: 3.0000, Throughput: 662.5 samples/s
accuracy_to_time_metric 0.5941193791247049
epoch 3
  Train Loss: 0.1515, Test Loss: 0.2962
  Train Acc: 0.9513, Test Acc: 0.9170
  LR: 0.010000, Grad Norm: 2.3482, Throughput: 1907.9 samples/s
accuracy_to_time_metric 0.5682493253456912
epoch 7
  Train Loss: 0.1338, Test Loss: 0.2964
  Train Acc: 0.9557, Test Acc: 0.9156
  LR: 0.010000, Grad Norm: 3.0000, Throughput: 1881.7 samples/s
accuracy_to_time_metric 0.48607488911095975
epoch 8
  Train Loss: 0.2054, Test Loss: 0.2145
  Train Acc: 0.9303, Test Acc: 0.9272
  LR: 0.010000, Grad Norm: 3.0000, Throughput: 492.8 samples/s
accuracy_to_time_metric 0.44494024398559745
epoch 3
  Train Loss: 0.1278, Test Loss: 0.2936
  Train Acc: 0.9578, Test Acc: 0.9200
  LR: 0.010000, Grad Norm: 2.5935, Throughput: 1884.2 samples/s
accuracy_to_time_metric 0.4275733022093361
epoch 9
  Train Loss: 0.2116, Test Loss: 0.3452
  Train Acc: 0.9328, Test Acc: 0.9060
  LR: 0.010000, Grad Norm: 0.1236, Throughput: 658.5 samples/s
accuracy_to_time_metric 0.39404966920347484
epoch 4
  Train Loss: 0.1202, Test Loss: 0.3872
  Train Acc: 0.9606, Test Acc: 0.9086
  LR: 0.010000, Grad Norm: 1.2606, Throughput: 1896.0 samples/s
accuracy_to_time_metric 0.3750178520399495
epoch 10
  Train Loss: 0.1132, Test Loss: 0.3522
  Train Acc: 0.9622, Test Acc: 0.9100
  LR: 0.010000, Grad Norm: 2.7514, Throughput: 1876.4 samples/s
accuracy_to_time_metric 0.33792092604964763
Training summary saved to /home/s471802/nn-gpt/out/training_summary.json
  Train Loss: 0.1859, Test Loss: 0.2929
  Train Acc: 0.9412, Test Acc: 0.9174
  LR: 0.010000, Grad Norm: 3.0000, Throughput: 658.3 samples/s
accuracy_to_time_metric 0.2994072867232612
epoch 5
  Train Loss: 0.1450, Test Loss: 0.1790
  Train Acc: 0.9505, Test Acc: 0.9360
  LR: 0.010000, Grad Norm: 3.0000, Throughput: 490.3 samples/s
accuracy_to_time_metric 0.30094425081043746
epoch 4
  Train Loss: 0.1699, Test Loss: 0.3373
  Train Acc: 0.9465, Test Acc: 0.9078
  LR: 0.010000, Grad Norm: 2.4037, Throughput: 666.6 samples/s
accuracy_to_time_metric 0.237161749855588
epoch 6
  Train Loss: 0.1093, Test Loss: 0.1644
  Train Acc: 0.9618, Test Acc: 0.9456
  LR: 0.010000, Grad Norm: 0.6683, Throughput: 488.2 samples/s
accuracy_to_time_metric 0.22850182846788203
epoch 5
  Train Loss: 0.1490, Test Loss: 0.3024
  Train Acc: 0.9504, Test Acc: 0.9156
  LR: 0.010000, Grad Norm: 0.0593, Throughput: 662.1 samples/s
accuracy_to_time_metric 0.1995663347082249
epoch 7
  Train Loss: 0.0810, Test Loss: 0.2070
  Train Acc: 0.9713, Test Acc: 0.9392
  LR: 0.010000, Grad Norm: 1.1689, Throughput: 490.6 samples/s
accuracy_to_time_metric 0.18169131481209014
epoch 6
  Train Loss: 0.1353, Test Loss: 0.3228
  Train Acc: 0.9556, Test Acc: 0.9118
  LR: 0.010000, Grad Norm: 0.0419, Throughput: 661.5 samples/s
accuracy_to_time_metric 0.17025617308082042
epoch 8
  Train Loss: 0.1232, Test Loss: 0.3212
  Train Acc: 0.9582, Test Acc: 0.9182
  LR: 0.010000, Grad Norm: 0.2414, Throughput: 654.4 samples/s
accuracy_to_time_metric 0.1499416670173139
epoch 9
  Train Loss: 0.0609, Test Loss: 0.1805
  Train Acc: 0.9793, Test Acc: 0.9400
  LR: 0.010000, Grad Norm: 3.0000, Throughput: 478.2 samples/s
accuracy_to_time_metric 0.15105697871841192
epoch 7
  Train Loss: 0.1205, Test Loss: 0.3437
  Train Acc: 0.9586, Test Acc: 0.9170
  LR: 0.010000, Grad Norm: 3.0000, Throughput: 652.6 samples/s
accuracy_to_time_metric 0.1329019129858773
epoch 10
  Train Loss: 0.0482, Test Loss: 0.2205
  Train Acc: 0.9834, Test Acc: 0.9368
  LR: 0.010000, Grad Norm: 3.0000, Throughput: 482.2 samples/s
accuracy_to_time_metric 0.1288370806229349
epoch 8
  Train Loss: 0.1110, Test Loss: 0.3494
  Train Acc: 0.9630, Test Acc: 0.9088
  LR: 0.010000, Grad Norm: 1.0566, Throughput: 656.9 samples/s
accuracy_to_time_metric 0.11835885179214525
Training summary saved to /home/s471802/nn-gpt/out/training_summary.json
  Train Loss: 0.0388, Test Loss: 0.1936
  Train Acc: 0.9867, Test Acc: 0.9420
  LR: 0.010000, Grad Norm: 3.0000, Throughput: 486.1 samples/s
accuracy_to_time_metric 0.1134510674277266
epoch 9
  Train Loss: 0.0362, Test Loss: 0.1770
  Train Acc: 0.9872, Test Acc: 0.9448
  LR: 0.010000, Grad Norm: 3.0000, Throughput: 487.4 samples/s
accuracy_to_time_metric 0.10122162187408913
epoch 10
  Train Loss: 0.0332, Test Loss: 0.2103
  Train Acc: 0.9886, Test Acc: 0.9452
  LR: 0.010000, Grad Norm: 3.0000, Throughput: 475.7 samples/s
accuracy_to_time_metric 0.0909488000514556
Training summary saved to /home/s471802/nn-gpt/out/training_summary.json
[eval_only] 43/88 article_A_cifar10_epoch10-0254 formal_success=True acc=0.91
[eval_only] 44/88 article_A_cifar10_epoch10-0255 formal_success=True acc=0.9088
[eval_only] 45/88 article_A_cifar10_epoch10-0256 formal_success=True acc=0.9452
[Reward Assign] reward_batch_index=0 batch_item=2/3 completion_index=46 worker_slot=1 assigned_gpu=1 physical_gpu=1 worker_device=cuda:0 gpu_name='NVIDIA L40S' gpu_free_gib=43.38 gpu_used_gib=1.02 gpu_total_gib=44.99 timeout_seconds=1920
[Reward Assign] reward_batch_index=0 batch_item=1/3 completion_index=45 worker_slot=0 assigned_gpu=0 physical_gpu=0 worker_device=cuda:0 gpu_name='NVIDIA L40S' gpu_free_gib=43.41 gpu_used_gib=0.98 gpu_total_gib=44.99 timeout_seconds=1920
[Reward Assign] reward_batch_index=0 batch_item=3/3 completion_index=47 worker_slot=2 assigned_gpu=2 physical_gpu=2 worker_device=cuda:0 gpu_name='NVIDIA L40S' gpu_free_gib=43.39 gpu_used_gib=1.00 gpu_total_gib=44.99 timeout_seconds=1920
Evaluating /home/s471802/nn-gpt/out/nn/tmp/400558ca673d694564d9b6d29bc9e099.py...
Evaluating /home/s471802/nn-gpt/out/nn/tmp/309a9e99a127aae2b5ed8ed7dd57d6e9.py...
Evaluating /home/s471802/nn-gpt/out/nn/tmp/b863daa9a0065e1bbc8fccb26e736124.py...
epoch 1
epoch 1
epoch 1
  Train Loss: 0.5416, Test Loss: 0.2893
  Train Acc: 0.8131, Test Acc: 0.8950
  LR: 0.010000, Grad Norm: 3.0000, Throughput: 763.5 samples/s
accuracy_to_time_metric 1.3488868627593575
epoch 2
  Train Loss: 0.3342, Test Loss: 0.2979
  Train Acc: 0.8930, Test Acc: 0.9074
  LR: 0.010000, Grad Norm: 3.0000, Throughput: 676.8 samples/s
accuracy_to_time_metric 1.2141825330183964
epoch 2
  Train Loss: 0.2377, Test Loss: 0.2121
  Train Acc: 0.9203, Test Acc: 0.9226
  LR: 0.010000, Grad Norm: 3.0000, Throughput: 777.8 samples/s
accuracy_to_time_metric 0.7037190879223865
epoch 3
  Train Loss: 0.2405, Test Loss: 0.2953
  Train Acc: 0.9209, Test Acc: 0.9078
  LR: 0.010000, Grad Norm: 0.3604, Throughput: 686.8 samples/s
accuracy_to_time_metric 0.6113870623061597
epoch 3
  Train Loss: 0.1691, Test Loss: 0.2209
  Train Acc: 0.9432, Test Acc: 0.9254
  LR: 0.010000, Grad Norm: 3.0000, Throughput: 768.9 samples/s
accuracy_to_time_metric 0.4702554828040426
epoch 4
  Train Loss: 0.2219, Test Loss: 0.2727
  Train Acc: 0.9256, Test Acc: 0.9114
  LR: 0.010000, Grad Norm: 3.0000, Throughput: 684.6 samples/s
accuracy_to_time_metric 0.40987746130595404
epoch 4
  Train Loss: 0.1269, Test Loss: 0.2120
  Train Acc: 0.9568, Test Acc: 0.9290
  LR: 0.010000, Grad Norm: 3.0000, Throughput: 777.3 samples/s
accuracy_to_time_metric 0.35501123898948445
epoch 5
  Train Loss: 0.3633, Test Loss: 0.2261
  Train Acc: 0.8776, Test Acc: 0.9246
  LR: 0.010000, Grad Norm: 3.0000, Throughput: 190.9 samples/s
accuracy_to_time_metric 0.34976874902872856
epoch 2
  Train Loss: 0.2001, Test Loss: 0.2652
  Train Acc: 0.9336, Test Acc: 0.9136
  LR: 0.010000, Grad Norm: 0.2867, Throughput: 693.3 samples/s
accuracy_to_time_metric 0.30938862942762413
epoch 5
  Train Loss: 0.0989, Test Loss: 0.2043
  Train Acc: 0.9670, Test Acc: 0.9368
  LR: 0.010000, Grad Norm: 3.0000, Throughput: 772.5 samples/s
accuracy_to_time_metric 0.2867042044402766
epoch 6
  Train Loss: 0.1873, Test Loss: 0.2793
  Train Acc: 0.9375, Test Acc: 0.9116
  LR: 0.010000, Grad Norm: 0.2497, Throughput: 688.2 samples/s
accuracy_to_time_metric 0.24708854253374307
epoch 6
  Train Loss: 0.0769, Test Loss: 0.1988
  Train Acc: 0.9741, Test Acc: 0.9394
  LR: 0.010000, Grad Norm: 3.0000, Throughput: 782.7 samples/s
accuracy_to_time_metric 0.24019480667780796
epoch 7
  Train Loss: 0.1753, Test Loss: 0.2682
  Train Acc: 0.9410, Test Acc: 0.9140
  LR: 0.010000, Grad Norm: 3.0000, Throughput: 686.8 samples/s
accuracy_to_time_metric 0.20655009805190913
epoch 7
  Train Loss: 0.0660, Test Loss: 0.2009
  Train Acc: 0.9770, Test Acc: 0.9444
  LR: 0.010000, Grad Norm: 3.0000, Throughput: 770.6 samples/s
accuracy_to_time_metric 0.20697777327713313
epoch 8
  Train Loss: 0.1707, Test Loss: 0.3049
  Train Acc: 0.9418, Test Acc: 0.9072
  LR: 0.010000, Grad Norm: 3.0000, Throughput: 690.9 samples/s
accuracy_to_time_metric 0.17573382804971516
epoch 8
  Train Loss: 0.0571, Test Loss: 0.2292
  Train Acc: 0.9802, Test Acc: 0.9384
  LR: 0.010000, Grad Norm: 0.0748, Throughput: 772.2 samples/s
accuracy_to_time_metric 0.17978252347422594
epoch 9
  Train Loss: 0.1803, Test Loss: 0.2315
  Train Acc: 0.9394, Test Acc: 0.9250
  LR: 0.010000, Grad Norm: 3.0000, Throughput: 190.7 samples/s
accuracy_to_time_metric 0.17485767002552402
epoch 3
  Train Loss: 0.1627, Test Loss: 0.2952
  Train Acc: 0.9442, Test Acc: 0.9108
  LR: 0.010000, Grad Norm: 3.0000, Throughput: 685.0 samples/s
accuracy_to_time_metric 0.1543999002707294
epoch 9
  Train Loss: 0.0490, Test Loss: 0.2246
  Train Acc: 0.9838, Test Acc: 0.9432
  LR: 0.010000, Grad Norm: 3.0000, Throughput: 771.9 samples/s
accuracy_to_time_metric 0.1606876585226079
epoch 10
  Train Loss: 0.0424, Test Loss: 0.2156
  Train Acc: 0.9858, Test Acc: 0.9386
  LR: 0.010000, Grad Norm: 0.6597, Throughput: 756.3 samples/s
accuracy_to_time_metric 0.14350963879092865
Training summary saved to /home/s471802/nn-gpt/out/training_summary.json
  Train Loss: 0.1547, Test Loss: 0.2778
  Train Acc: 0.9465, Test Acc: 0.9172
  LR: 0.010000, Grad Norm: 0.0850, Throughput: 680.8 samples/s
accuracy_to_time_metric 0.13819645425271093
epoch 10
  Train Loss: 0.1499, Test Loss: 0.2709
  Train Acc: 0.9485, Test Acc: 0.9172
  LR: 0.010000, Grad Norm: 0.0932, Throughput: 694.8 samples/s
accuracy_to_time_metric 0.12453475727032196
Training summary saved to /home/s471802/nn-gpt/out/training_summary.json
  Train Loss: 0.1313, Test Loss: 0.2115
  Train Acc: 0.9557, Test Acc: 0.9314
  LR: 0.010000, Grad Norm: 3.0000, Throughput: 190.4 samples/s
accuracy_to_time_metric 0.11739624929625693
epoch 4
  Train Loss: 0.1024, Test Loss: 0.1750
  Train Acc: 0.9658, Test Acc: 0.9462
  LR: 0.010000, Grad Norm: 3.0000, Throughput: 189.3 samples/s
accuracy_to_time_metric 0.08944993345231785
epoch 5
  Train Loss: 0.0777, Test Loss: 0.2163
  Train Acc: 0.9735, Test Acc: 0.9382
  LR: 0.010000, Grad Norm: 3.0000, Throughput: 189.6 samples/s
accuracy_to_time_metric 0.07082507389478138
epoch 6
  Train Loss: 0.0666, Test Loss: 0.1906
  Train Acc: 0.9781, Test Acc: 0.9472
  LR: 0.010000, Grad Norm: 3.0000, Throughput: 189.9 samples/s
accuracy_to_time_metric 0.05963694822580339
epoch 7
  Train Loss: 0.0581, Test Loss: 0.1996
  Train Acc: 0.9797, Test Acc: 0.9430
  LR: 0.010000, Grad Norm: 1.9367, Throughput: 189.3 samples/s
accuracy_to_time_metric 0.05083217661170315
epoch 8
  Train Loss: 0.0463, Test Loss: 0.1892
  Train Acc: 0.9848, Test Acc: 0.9474
  LR: 0.010000, Grad Norm: 3.0000, Throughput: 189.3 samples/s
accuracy_to_time_metric 0.04468763975033966
epoch 9
[Reward Assign] error reward_batch_index=0 batch_item=2/3 completion_index=46 worker_slot=1 assigned_gpu=1 physical_gpu=1 worker_device=cuda:0 elapsed_seconds=1920.10 error=PersistentEvalWorkerError: Persistent eval worker timed out after 1920 seconds
[Reward Worker] Ready slot=1 pid=1839495, assigned_gpu=1, assigned_cuda_visible_device='1', worker_device=cuda:0, cuda_visible_devices='1', cuda_available=True, cuda_device_count=1, rss_gib=0.53, torch_home='', physical_gpu_index=1, physical_gpu_bus_id='00000000:41:00.0', physical_gpu_uuid='GPU-e85fecb1-cbce-326b-ac82-27b7d73ddfc1', physical_binding_verified=True
[eval_only] 46/88 article_A_cifar10_epoch10-0257 formal_success=True acc=0.9386
[eval_only] 47/88 article_A_cifar10_epoch10-0258 formal_success=False acc=None
[eval_only] 48/88 article_A_cifar10_epoch10-0259 formal_success=True acc=0.9172
[Reward Assign] reward_batch_index=0 batch_item=2/3 completion_index=49 worker_slot=1 assigned_gpu=1 physical_gpu=1 worker_device=cuda:0 gpu_name='NVIDIA L40S' gpu_free_gib=43.55 gpu_used_gib=0.85 gpu_total_gib=44.99 timeout_seconds=1920
[Reward Assign] reward_batch_index=0 batch_item=1/3 completion_index=48 worker_slot=0 assigned_gpu=0 physical_gpu=0 worker_device=cuda:0 gpu_name='NVIDIA L40S' gpu_free_gib=43.41 gpu_used_gib=0.98 gpu_total_gib=44.99 timeout_seconds=1920
[Reward Assign] reward_batch_index=0 batch_item=3/3 completion_index=50 worker_slot=2 assigned_gpu=2 physical_gpu=2 worker_device=cuda:0 gpu_name='NVIDIA L40S' gpu_free_gib=43.39 gpu_used_gib=1.00 gpu_total_gib=44.99 timeout_seconds=1920
LEMUR root /home/s471802/nn-gpt
Evaluating /home/s471802/nn-gpt/out/nn/tmp/adba32a55d2741dffff204464ff16382.py...
Evaluating /home/s471802/nn-gpt/out/nn/tmp/f465916cfb84d653bbb14dbfbafa8cc2.py...
Evaluating /home/s471802/nn-gpt/out/nn/tmp/cb8d7909125f6802d1dc9e37f61b4292.py...
epoch 1
epoch 1
epoch 1
  Train Loss: 0.2661, Test Loss: 0.3217
  Train Acc: 0.9118, Test Acc: 0.8920
  LR: 0.010000, Grad Norm: 3.0000, Throughput: 419.2 samples/s
accuracy_to_time_metric 0.7377042312381183
epoch 2
  Train Loss: 0.3618, Test Loss: 0.3094
  Train Acc: 0.8888, Test Acc: 0.9066
  LR: 0.010000, Grad Norm: 3.0000, Throughput: 269.0 samples/s
accuracy_to_time_metric 0.48222764961006825
epoch 2
  Train Loss: 0.7193, Test Loss: 0.2880
  Train Acc: 0.7626, Test Acc: 0.9022
  LR: 0.010000, Grad Norm: 3.0000, Throughput: 221.8 samples/s
accuracy_to_time_metric 0.39533350567658504
epoch 2
  Train Loss: 0.0831, Test Loss: 0.1549
  Train Acc: 0.9726, Test Acc: 0.9448
  LR: 0.010000, Grad Norm: 3.0000, Throughput: 424.3 samples/s
accuracy_to_time_metric 0.39566254889928987
epoch 3
  Train Loss: 0.0516, Test Loss: 0.1456
  Train Acc: 0.9838, Test Acc: 0.9494
  LR: 0.010000, Grad Norm: 3.0000, Throughput: 434.7 samples/s
accuracy_to_time_metric 0.2678313018164594
epoch 4
  Train Loss: 0.2640, Test Loss: 0.3105
  Train Acc: 0.9183, Test Acc: 0.9030
  LR: 0.010000, Grad Norm: 3.0000, Throughput: 274.2 samples/s
accuracy_to_time_metric 0.24224054632815872
epoch 3
  Train Loss: 0.2771, Test Loss: 0.2393
  Train Acc: 0.9062, Test Acc: 0.9176
  LR: 0.010000, Grad Norm: 3.0000, Throughput: 225.5 samples/s
accuracy_to_time_metric 0.20311245678181603
epoch 3
  Train Loss: 0.0439, Test Loss: 0.1674
  Train Acc: 0.9850, Test Acc: 0.9498
  LR: 0.010000, Grad Norm: 3.0000, Throughput: 434.3 samples/s
accuracy_to_time_metric 0.20192224366196537
epoch 5
  Train Loss: 0.2258, Test Loss: 0.2912
  Train Acc: 0.9263, Test Acc: 0.9122
  LR: 0.010000, Grad Norm: 3.0000, Throughput: 273.7 samples/s
accuracy_to_time_metric 0.1637500659846738
epoch 4
  Train Loss: 0.0251, Test Loss: 0.1607
  Train Acc: 0.9918, Test Acc: 0.9542
  LR: 0.010000, Grad Norm: 2.1254, Throughput: 426.7 samples/s
accuracy_to_time_metric 0.16226536449844692
epoch 6
  Train Loss: 0.1828, Test Loss: 0.1795
  Train Acc: 0.9382, Test Acc: 0.9338
  LR: 0.010000, Grad Norm: 3.0000, Throughput: 225.5 samples/s
accuracy_to_time_metric 0.13846160092926496
epoch 4
  Train Loss: 0.0178, Test Loss: 0.1666
  Train Acc: 0.9933, Test Acc: 0.9494
  LR: 0.010000, Grad Norm: 3.0000, Throughput: 431.9 samples/s
accuracy_to_time_metric 0.13467001908848428
epoch 7
  Train Loss: 0.2004, Test Loss: 0.3049
  Train Acc: 0.9336, Test Acc: 0.9154
  LR: 0.010000, Grad Norm: 3.0000, Throughput: 274.3 samples/s
accuracy_to_time_metric 0.12351678790395171
epoch 5
  Train Loss: 0.0164, Test Loss: 0.1575
  Train Acc: 0.9944, Test Acc: 0.9550
  LR: 0.010000, Grad Norm: 3.0000, Throughput: 432.7 samples/s
accuracy_to_time_metric 0.11635316704405733
epoch 8
  Train Loss: 0.1217, Test Loss: 0.1739
  Train Acc: 0.9570, Test Acc: 0.9482
  LR: 0.010000, Grad Norm: 3.0000, Throughput: 225.5 samples/s
accuracy_to_time_metric 0.10578103899557907
epoch 5
  Train Loss: 0.1828, Test Loss: 0.3080
  Train Acc: 0.9401, Test Acc: 0.9074
  LR: 0.010000, Grad Norm: 3.0000, Throughput: 273.9 samples/s
accuracy_to_time_metric 0.09791706698861868
epoch 6
  Train Loss: 0.0118, Test Loss: 0.1613
  Train Acc: 0.9965, Test Acc: 0.9566
  LR: 0.010000, Grad Norm: 1.1252, Throughput: 435.3 samples/s
accuracy_to_time_metric 0.10218200149955746
epoch 9
  Train Loss: 0.0067, Test Loss: 0.1675
  Train Acc: 0.9978, Test Acc: 0.9588
  LR: 0.010000, Grad Norm: 0.4188, Throughput: 431.7 samples/s
accuracy_to_time_metric 0.09110482075723161
epoch 10
  Train Loss: 0.1669, Test Loss: 0.3020
  Train Acc: 0.9439, Test Acc: 0.9120
  LR: 0.010000, Grad Norm: 1.1932, Throughput: 273.4 samples/s
accuracy_to_time_metric 0.08208116635193216
epoch 7
  Train Loss: 0.0869, Test Loss: 0.1675
  Train Acc: 0.9701, Test Acc: 0.9456
  LR: 0.010000, Grad Norm: 3.0000, Throughput: 225.2 samples/s
accuracy_to_time_metric 0.08441383211676157
epoch 6
  Train Loss: 0.0083, Test Loss: 0.1726
  Train Acc: 0.9974, Test Acc: 0.9572
  LR: 0.010000, Grad Norm: 0.0277, Throughput: 437.8 samples/s
accuracy_to_time_metric 0.08198706734684359
Training summary saved to /home/s471802/nn-gpt/out/training_summary.json
  Train Loss: 0.1541, Test Loss: 0.3035
  Train Acc: 0.9478, Test Acc: 0.9140
  LR: 0.010000, Grad Norm: 3.0000, Throughput: 273.8 samples/s
accuracy_to_time_metric 0.07055310617026746
epoch 8
  Train Loss: 0.0608, Test Loss: 0.1577
  Train Acc: 0.9798, Test Acc: 0.9500
  LR: 0.010000, Grad Norm: 3.0000, Throughput: 225.2 samples/s
accuracy_to_time_metric 0.07073363398274901
epoch 7
  Train Loss: 0.1576, Test Loss: 0.3335
  Train Acc: 0.9463, Test Acc: 0.9096
  LR: 0.010000, Grad Norm: 3.0000, Throughput: 274.0 samples/s
accuracy_to_time_metric 0.061423522535579145
epoch 9
  Train Loss: 0.0478, Test Loss: 0.1599
  Train Acc: 0.9834, Test Acc: 0.9504
  LR: 0.010000, Grad Norm: 0.9778, Throughput: 225.3 samples/s
accuracy_to_time_metric 0.060675529871403
epoch 8
  Train Loss: 0.1410, Test Loss: 0.3308
  Train Acc: 0.9518, Test Acc: 0.9136
  LR: 0.010000, Grad Norm: 3.0000, Throughput: 274.2 samples/s
accuracy_to_time_metric 0.05488757583948503
epoch 10
  Train Loss: 0.0388, Test Loss: 0.1798
  Train Acc: 0.9869, Test Acc: 0.9512
  LR: 0.010000, Grad Norm: 3.0000, Throughput: 225.3 samples/s
accuracy_to_time_metric 0.0531545625073399
epoch 9
  Train Loss: 0.1298, Test Loss: 0.3577
  Train Acc: 0.9548, Test Acc: 0.9064
  LR: 0.010000, Grad Norm: 3.0000, Throughput: 273.9 samples/s
accuracy_to_time_metric 0.04897019072119516
Training summary saved to /home/s471802/nn-gpt/out/training_summary.json
  Train Loss: 0.0301, Test Loss: 0.1689
  Train Acc: 0.9896, Test Acc: 0.9532
  LR: 0.010000, Grad Norm: 3.0000, Throughput: 224.2 samples/s
accuracy_to_time_metric 0.047343468142938085
epoch 10
[Reward Assign] error reward_batch_index=0 batch_item=3/3 completion_index=50 worker_slot=2 assigned_gpu=2 physical_gpu=2 worker_device=cuda:0 elapsed_seconds=1920.10 error=PersistentEvalWorkerError: Persistent eval worker timed out after 1920 seconds
[Reward Worker] Ready slot=2 pid=1897052, assigned_gpu=2, assigned_cuda_visible_device='2', worker_device=cuda:0, cuda_visible_devices='2', cuda_available=True, cuda_device_count=1, rss_gib=0.53, torch_home='', physical_gpu_index=2, physical_gpu_bus_id='00000000:C1:00.0', physical_gpu_uuid='GPU-597c7fce-17eb-16da-e9c1-660740cba8dd', physical_binding_verified=True
[eval_only] 49/88 article_A_cifar10_epoch10-0260 formal_success=True acc=0.9064
[eval_only] 50/88 article_A_cifar10_epoch10-0261 formal_success=True acc=0.9572
[eval_only] 51/88 article_A_cifar10_epoch10-0262 formal_success=False acc=None
[Reward Assign] reward_batch_index=0 batch_item=1/3 completion_index=51 worker_slot=0 assigned_gpu=0 physical_gpu=0 worker_device=cuda:0 gpu_name='NVIDIA L40S' gpu_free_gib=43.41 gpu_used_gib=0.98 gpu_total_gib=44.99 timeout_seconds=1920
[Reward Assign] reward_batch_index=0 batch_item=3/3 completion_index=53 worker_slot=2 assigned_gpu=2 physical_gpu=2 worker_device=cuda:0 gpu_name='NVIDIA L40S' gpu_free_gib=43.55 gpu_used_gib=0.85 gpu_total_gib=44.99 timeout_seconds=1920
[Reward Assign] reward_batch_index=0 batch_item=2/3 completion_index=52 worker_slot=1 assigned_gpu=1 physical_gpu=1 worker_device=cuda:0 gpu_name='NVIDIA L40S' gpu_free_gib=43.38 gpu_used_gib=1.02 gpu_total_gib=44.99 timeout_seconds=1920
LEMUR root /home/s471802/nn-gpt
Evaluating /home/s471802/nn-gpt/out/nn/tmp/ae1a90770ad1f6ab41733079838cb8b2.py...
Evaluating /home/s471802/nn-gpt/out/nn/tmp/669c3b201dd8fc8074cd54f53a2b7b22.py...
Evaluating /home/s471802/nn-gpt/out/nn/tmp/b78a9cc82701b7d89911b91146d209e2.py...
epoch 1
epoch 1
epoch 1
  Train Loss: 0.3496, Test Loss: 0.3405
  Train Acc: 0.8933, Test Acc: 0.9008
  LR: 0.010000, Grad Norm: 0.1220, Throughput: 872.7 samples/s
accuracy_to_time_metric 1.5529025081340915
epoch 2
  Train Loss: 0.3441, Test Loss: 0.2831
  Train Acc: 0.8965, Test Acc: 0.9104
  LR: 0.010000, Grad Norm: 0.6469, Throughput: 648.7 samples/s
accuracy_to_time_metric 1.1682099807372257
epoch 2
  Train Loss: 0.2493, Test Loss: 0.3361
  Train Acc: 0.9246, Test Acc: 0.9040
  LR: 0.010000, Grad Norm: 0.1229, Throughput: 931.1 samples/s
accuracy_to_time_metric 0.8039940405549733
epoch 3
  Train Loss: 0.2455, Test Loss: 0.3172
  Train Acc: 0.9254, Test Acc: 0.9074
  LR: 0.010000, Grad Norm: 3.0000, Throughput: 670.8 samples/s
accuracy_to_time_metric 0.5912697437117052
epoch 3
  Train Loss: 0.2033, Test Loss: 0.3494
  Train Acc: 0.9353, Test Acc: 0.9014
  LR: 0.010000, Grad Norm: 3.0000, Throughput: 934.2 samples/s
accuracy_to_time_metric 0.5404821907417561
epoch 4
  Train Loss: 0.2960, Test Loss: 0.2309
  Train Acc: 0.9032, Test Acc: 0.9212
  LR: 0.010000, Grad Norm: 1.6230, Throughput: 273.0 samples/s
accuracy_to_time_metric 0.49818265981971743
epoch 2
  Train Loss: 0.1829, Test Loss: 0.3873
  Train Acc: 0.9417, Test Acc: 0.9038
  LR: 0.010000, Grad Norm: 0.0784, Throughput: 927.7 samples/s
accuracy_to_time_metric 0.4082590237723213
epoch 5
  Train Loss: 0.2093, Test Loss: 0.3188
  Train Acc: 0.9333, Test Acc: 0.9090
  LR: 0.010000, Grad Norm: 1.4559, Throughput: 668.6 samples/s
accuracy_to_time_metric 0.39664957732609535
epoch 4
  Train Loss: 0.1650, Test Loss: 0.3263
  Train Acc: 0.9462, Test Acc: 0.9064
  LR: 0.010000, Grad Norm: 0.1333, Throughput: 929.5 samples/s
accuracy_to_time_metric 0.3286037868835465
epoch 6
  Train Loss: 0.1806, Test Loss: 0.3686
  Train Acc: 0.9423, Test Acc: 0.9032
  LR: 0.010000, Grad Norm: 3.0000, Throughput: 670.2 samples/s
accuracy_to_time_metric 0.2961577049118538
epoch 5
  Train Loss: 0.1591, Test Loss: 0.3356
  Train Acc: 0.9486, Test Acc: 0.9144
  LR: 0.010000, Grad Norm: 1.5504, Throughput: 929.6 samples/s
accuracy_to_time_metric 0.27709035682343286
epoch 7
  Train Loss: 0.2037, Test Loss: 0.2131
  Train Acc: 0.9318, Test Acc: 0.9252
  LR: 0.010000, Grad Norm: 3.0000, Throughput: 276.4 samples/s
accuracy_to_time_metric 0.2518002744430608
epoch 3
  Train Loss: 0.1667, Test Loss: 0.2920
  Train Acc: 0.9464, Test Acc: 0.9220
  LR: 0.010000, Grad Norm: 3.0000, Throughput: 668.8 samples/s
accuracy_to_time_metric 0.24276589930026168
epoch 6
  Train Loss: 0.1381, Test Loss: 0.3052
  Train Acc: 0.9561, Test Acc: 0.9130
  LR: 0.010000, Grad Norm: 3.0000, Throughput: 928.0 samples/s
accuracy_to_time_metric 0.23736827658345416
epoch 8
  Train Loss: 0.1267, Test Loss: 0.3156
  Train Acc: 0.9577, Test Acc: 0.9164
  LR: 0.010000, Grad Norm: 3.0000, Throughput: 932.6 samples/s
accuracy_to_time_metric 0.20887311024547178
epoch 9
  Train Loss: 0.1477, Test Loss: 0.3467
  Train Acc: 0.9507, Test Acc: 0.9100
  LR: 0.010000, Grad Norm: 3.0000, Throughput: 669.9 samples/s
accuracy_to_time_metric 0.19957152440159867
epoch 7
  Train Loss: 0.1233, Test Loss: 0.3191
  Train Acc: 0.9596, Test Acc: 0.9192
  LR: 0.010000, Grad Norm: 3.0000, Throughput: 933.5 samples/s
accuracy_to_time_metric 0.18653389069583093
epoch 10
  Train Loss: 0.1391, Test Loss: 0.3187
  Train Acc: 0.9542, Test Acc: 0.9184
  LR: 0.010000, Grad Norm: 0.3180, Throughput: 671.6 samples/s
accuracy_to_time_metric 0.1730303418311623
epoch 8
  Train Loss: 0.1124, Test Loss: 0.3122
  Train Acc: 0.9621, Test Acc: 0.9132
  LR: 0.010000, Grad Norm: 0.4345, Throughput: 932.4 samples/s
accuracy_to_time_metric 0.166798877369971
Training summary saved to /home/s471802/nn-gpt/out/training_summary.json
  Train Loss: 0.1757, Test Loss: 0.2207
  Train Acc: 0.9412, Test Acc: 0.9298
  LR: 0.010000, Grad Norm: 1.6194, Throughput: 277.1 samples/s
accuracy_to_time_metric 0.16925333588056007
epoch 4
  Train Loss: 0.1255, Test Loss: 0.3115
  Train Acc: 0.9583, Test Acc: 0.9134
  LR: 0.010000, Grad Norm: 1.4727, Throughput: 669.4 samples/s
accuracy_to_time_metric 0.15054361600214847
epoch 9
  Train Loss: 0.1228, Test Loss: 0.3429
  Train Acc: 0.9596, Test Acc: 0.9158
  LR: 0.010000, Grad Norm: 3.0000, Throughput: 669.1 samples/s
accuracy_to_time_metric 0.13425237963340536
epoch 10
  Train Loss: 0.1606, Test Loss: 0.2242
  Train Acc: 0.9454, Test Acc: 0.9312
  LR: 0.010000, Grad Norm: 2.8738, Throughput: 276.5 samples/s
accuracy_to_time_metric 0.12726421989925657
epoch 5
  Train Loss: 0.1119, Test Loss: 0.3224
  Train Acc: 0.9622, Test Acc: 0.9152
  LR: 0.010000, Grad Norm: 3.0000, Throughput: 667.8 samples/s
accuracy_to_time_metric 0.1207436860059247
Training summary saved to /home/s471802/nn-gpt/out/training_summary.json
  Train Loss: 0.1459, Test Loss: 0.2110
  Train Acc: 0.9499, Test Acc: 0.9296
  LR: 0.010000, Grad Norm: 0.2131, Throughput: 276.2 samples/s
accuracy_to_time_metric 0.1016498175738433
epoch 6
  Train Loss: 0.1325, Test Loss: 0.2120
  Train Acc: 0.9547, Test Acc: 0.9288
  LR: 0.010000, Grad Norm: 0.2224, Throughput: 275.9 samples/s
accuracy_to_time_metric 0.08463071678320107
epoch 7
  Train Loss: 0.1237, Test Loss: 0.2380
  Train Acc: 0.9566, Test Acc: 0.9272
  LR: 0.010000, Grad Norm: 0.1740, Throughput: 275.1 samples/s
accuracy_to_time_metric 0.0723726681815386
epoch 8
  Train Loss: 0.1145, Test Loss: 0.2186
  Train Acc: 0.9606, Test Acc: 0.9280
  LR: 0.010000, Grad Norm: 3.0000, Throughput: 277.5 samples/s
accuracy_to_time_metric 0.06343576282103536
epoch 9
  Train Loss: 0.1071, Test Loss: 0.2348
  Train Acc: 0.9631, Test Acc: 0.9228
  LR: 0.010000, Grad Norm: 3.0000, Throughput: 277.0 samples/s
accuracy_to_time_metric 0.05605538785174502
epoch 10
  Train Loss: 0.1012, Test Loss: 0.2525
  Train Acc: 0.9652, Test Acc: 0.9230
  LR: 0.010000, Grad Norm: 0.1865, Throughput: 276.9 samples/s
accuracy_to_time_metric 0.05047723905212526
Training summary saved to /home/s471802/nn-gpt/out/training_summary.json
[eval_only] 52/88 article_A_cifar10_epoch10-0263 formal_success=True acc=0.923
[eval_only] 53/88 article_A_cifar10_epoch10-0264 formal_success=True acc=0.9152
[eval_only] 54/88 article_A_cifar10_epoch10-0265 formal_success=True acc=0.9132
[Reward Assign] reward_batch_index=0 batch_item=2/3 completion_index=55 worker_slot=1 assigned_gpu=1 physical_gpu=1 worker_device=cuda:0 gpu_name='NVIDIA L40S' gpu_free_gib=43.38 gpu_used_gib=1.02 gpu_total_gib=44.99 timeout_seconds=1920
[Reward Assign] reward_batch_index=0 batch_item=3/3 completion_index=56 worker_slot=2 assigned_gpu=2 physical_gpu=2 worker_device=cuda:0 gpu_name='NVIDIA L40S' gpu_free_gib=43.42 gpu_used_gib=0.98 gpu_total_gib=44.99 timeout_seconds=1920
[Reward Assign] reward_batch_index=0 batch_item=1/3 completion_index=54 worker_slot=0 assigned_gpu=0 physical_gpu=0 worker_device=cuda:0 gpu_name='NVIDIA L40S' gpu_free_gib=43.41 gpu_used_gib=0.98 gpu_total_gib=44.99 timeout_seconds=1920
Evaluating /home/s471802/nn-gpt/out/nn/tmp/8b46e68b93a94939fb4ade66bd8f6b2d.py...
Evaluating /home/s471802/nn-gpt/out/nn/tmp/79ff5acd6ee9f206b2ebeb6694ac371d.py...
Evaluating /home/s471802/nn-gpt/out/nn/tmp/ac1db46bc18dddd87405e37b8765f63f.py...
epoch 1
epoch 1
epoch 1
  Train Loss: 0.3601, Test Loss: 0.2969
  Train Acc: 0.8898, Test Acc: 0.9104
  LR: 0.010000, Grad Norm: 3.0000, Throughput: 669.6 samples/s
accuracy_to_time_metric 1.20584776631949
epoch 2
  Train Loss: 0.2663, Test Loss: 0.1338
  Train Acc: 0.9141, Test Acc: 0.9570
  LR: 0.010000, Grad Norm: 3.0000, Throughput: 358.6 samples/s
accuracy_to_time_metric 0.6829454582329992
epoch 2
  Train Loss: 0.2713, Test Loss: 0.3460
  Train Acc: 0.9163, Test Acc: 0.9012
  LR: 0.010000, Grad Norm: 3.0000, Throughput: 675.4 samples/s
accuracy_to_time_metric 0.5982124343757177
epoch 3
  Train Loss: 0.4116, Test Loss: 0.2439
  Train Acc: 0.8596, Test Acc: 0.9138
  LR: 0.010000, Grad Norm: 3.0000, Throughput: 312.6 samples/s
accuracy_to_time_metric 0.5652700202556662
epoch 2
  Train Loss: 0.2472, Test Loss: 0.3542
  Train Acc: 0.9245, Test Acc: 0.9002
  LR: 0.010000, Grad Norm: 2.7196, Throughput: 674.3 samples/s
accuracy_to_time_metric 0.3985675152256427
epoch 4
  Train Loss: 0.0971, Test Loss: 0.1038
  Train Acc: 0.9680, Test Acc: 0.9662
  LR: 0.010000, Grad Norm: 3.0000, Throughput: 373.3 samples/s
accuracy_to_time_metric 0.3519354427263053
epoch 3
  Train Loss: 0.2236, Test Loss: 0.3695
  Train Acc: 0.9284, Test Acc: 0.8996
  LR: 0.010000, Grad Norm: 3.0000, Throughput: 660.3 samples/s
accuracy_to_time_metric 0.29722861117785954
epoch 5
  Train Loss: 0.2144, Test Loss: 0.2227
  Train Acc: 0.9283, Test Acc: 0.9248
  LR: 0.010000, Grad Norm: 3.0000, Throughput: 310.6 samples/s
accuracy_to_time_metric 0.28543663448364814
epoch 3
  Train Loss: 0.2049, Test Loss: 0.3332
  Train Acc: 0.9346, Test Acc: 0.9094
  LR: 0.010000, Grad Norm: 3.0000, Throughput: 676.1 samples/s
accuracy_to_time_metric 0.24112376694937873
epoch 6
  Train Loss: 0.0475, Test Loss: 0.1079
  Train Acc: 0.9838, Test Acc: 0.9656
  LR: 0.010000, Grad Norm: 3.0000, Throughput: 377.0 samples/s
accuracy_to_time_metric 0.23676053639292022
epoch 4
  Train Loss: 0.1930, Test Loss: 0.3255
  Train Acc: 0.9371, Test Acc: 0.9100
  LR: 0.010000, Grad Norm: 3.0000, Throughput: 672.1 samples/s
accuracy_to_time_metric 0.20112242121794577
epoch 7
  Train Loss: 0.1571, Test Loss: 0.2609
  Train Acc: 0.9468, Test Acc: 0.9142
  LR: 0.010000, Grad Norm: 3.0000, Throughput: 314.1 samples/s
accuracy_to_time_metric 0.1883211472253921
epoch 4
  Train Loss: 0.1871, Test Loss: 0.3609
  Train Acc: 0.9392, Test Acc: 0.9058
  LR: 0.010000, Grad Norm: 3.0000, Throughput: 673.6 samples/s
accuracy_to_time_metric 0.17157559966211047
epoch 8
  Train Loss: 0.0317, Test Loss: 0.1008
  Train Acc: 0.9886, Test Acc: 0.9690
  LR: 0.010000, Grad Norm: 3.0000, Throughput: 376.9 samples/s
accuracy_to_time_metric 0.1791437964511468
epoch 5
  Train Loss: 0.1786, Test Loss: 0.3254
  Train Acc: 0.9429, Test Acc: 0.9134
  LR: 0.010000, Grad Norm: 3.0000, Throughput: 677.2 samples/s
accuracy_to_time_metric 0.15169792993249295
epoch 9
  Train Loss: 0.1167, Test Loss: 0.2249
  Train Acc: 0.9609, Test Acc: 0.9304
  LR: 0.010000, Grad Norm: 3.0000, Throughput: 313.6 samples/s
accuracy_to_time_metric 0.14418578349321243
epoch 5
  Train Loss: 0.1673, Test Loss: 0.3459
  Train Acc: 0.9456, Test Acc: 0.9066
  LR: 0.010000, Grad Norm: 1.6059, Throughput: 676.8 samples/s
accuracy_to_time_metric 0.13381048772860443
epoch 10
  Train Loss: 0.0192, Test Loss: 0.1049
  Train Acc: 0.9939, Test Acc: 0.9736
  LR: 0.010000, Grad Norm: 1.0359, Throughput: 377.8 samples/s
accuracy_to_time_metric 0.14456683809228216
epoch 6
  Train Loss: 0.1599, Test Loss: 0.3490
  Train Acc: 0.9474, Test Acc: 0.9146
  LR: 0.010000, Grad Norm: 3.0000, Throughput: 672.1 samples/s
accuracy_to_time_metric 0.12160892125096659
Training summary saved to /home/s471802/nn-gpt/out/training_summary.json
  Train Loss: 0.0885, Test Loss: 0.2188
  Train Acc: 0.9694, Test Acc: 0.9322
  LR: 0.010000, Grad Norm: 0.4824, Throughput: 313.6 samples/s
accuracy_to_time_metric 0.11565813872903849
epoch 6
  Train Loss: 0.0138, Test Loss: 0.0917
  Train Acc: 0.9958, Test Acc: 0.9704
  LR: 0.010000, Grad Norm: 3.0000, Throughput: 376.1 samples/s
accuracy_to_time_metric 0.12021515780623084
epoch 7
  Train Loss: 0.0092, Test Loss: 0.0999
  Train Acc: 0.9971, Test Acc: 0.9730
  LR: 0.010000, Grad Norm: 1.0735, Throughput: 376.4 samples/s
accuracy_to_time_metric 0.10347296701317743
epoch 8
  Train Loss: 0.0733, Test Loss: 0.2529
  Train Acc: 0.9746, Test Acc: 0.9238
  LR: 0.010000, Grad Norm: 3.0000, Throughput: 314.2 samples/s
accuracy_to_time_metric 0.09547238532653299
epoch 7
  Train Loss: 0.0069, Test Loss: 0.1021
  Train Acc: 0.9977, Test Acc: 0.9744
  LR: 0.010000, Grad Norm: 3.0000, Throughput: 377.9 samples/s
accuracy_to_time_metric 0.090809795124699
epoch 9
  Train Loss: 0.0629, Test Loss: 0.2266
  Train Acc: 0.9787, Test Acc: 0.9370
  LR: 0.010000, Grad Norm: 3.0000, Throughput: 315.2 samples/s
accuracy_to_time_metric 0.08322181933547361
epoch 8
  Train Loss: 0.0055, Test Loss: 0.0853
  Train Acc: 0.9983, Test Acc: 0.9770
  LR: 0.010000, Grad Norm: 1.1369, Throughput: 376.5 samples/s
accuracy_to_time_metric 0.08101532267791912
epoch 10
  Train Loss: 0.0494, Test Loss: 0.2624
  Train Acc: 0.9830, Test Acc: 0.9262
  LR: 0.010000, Grad Norm: 3.0000, Throughput: 314.1 samples/s
accuracy_to_time_metric 0.07189749087101759
epoch 9
  Train Loss: 0.0047, Test Loss: 0.1027
  Train Acc: 0.9986, Test Acc: 0.9738
  LR: 0.010000, Grad Norm: 3.0000, Throughput: 376.7 samples/s
accuracy_to_time_metric 0.07269057841777349
Training summary saved to /home/s471802/nn-gpt/out/training_summary.json
  Train Loss: 0.0446, Test Loss: 0.2481
  Train Acc: 0.9849, Test Acc: 0.9348
  LR: 0.010000, Grad Norm: 3.0000, Throughput: 313.5 samples/s
accuracy_to_time_metric 0.0645744876941198
epoch 10
  Train Loss: 0.0398, Test Loss: 0.2502
  Train Acc: 0.9866, Test Acc: 0.9378
  LR: 0.010000, Grad Norm: 1.6870, Throughput: 312.5 samples/s
accuracy_to_time_metric 0.05830680673333789
Training summary saved to /home/s471802/nn-gpt/out/training_summary.json
[eval_only] 55/88 article_A_cifar10_epoch10-0266 formal_success=True acc=0.9378
[eval_only] 56/88 article_A_cifar10_epoch10-0267 formal_success=True acc=0.9146
[eval_only] 57/88 article_A_cifar10_epoch10-0268 formal_success=True acc=0.9738
[Reward Assign] reward_batch_index=0 batch_item=2/3 completion_index=58 worker_slot=1 assigned_gpu=1 physical_gpu=1 worker_device=cuda:0 gpu_name='NVIDIA L40S' gpu_free_gib=43.38 gpu_used_gib=1.02 gpu_total_gib=44.99 timeout_seconds=1920
[Reward Assign] reward_batch_index=0 batch_item=3/3 completion_index=59 worker_slot=2 assigned_gpu=2 physical_gpu=2 worker_device=cuda:0 gpu_name='NVIDIA L40S' gpu_free_gib=43.41 gpu_used_gib=0.98 gpu_total_gib=44.99 timeout_seconds=1920
[Reward Assign] reward_batch_index=0 batch_item=1/3 completion_index=57 worker_slot=0 assigned_gpu=0 physical_gpu=0 worker_device=cuda:0 gpu_name='NVIDIA L40S' gpu_free_gib=43.41 gpu_used_gib=0.98 gpu_total_gib=44.99 timeout_seconds=1920
Evaluating /home/s471802/nn-gpt/out/nn/tmp/49c055b32a0a1e081c3ae8b0080ec749.py...
Evaluating /home/s471802/nn-gpt/out/nn/tmp/7ceb3452b7a57af67098a1a3d934dd00.py...
Evaluating /home/s471802/nn-gpt/out/nn/tmp/84875472c9c774b44a8220d3cbc538af.py...
epoch 1
epoch 1
epoch 1
  Train Loss: 0.3646, Test Loss: 0.3805
  Train Acc: 0.8884, Test Acc: 0.8896
  LR: 0.010000, Grad Norm: 3.0000, Throughput: 725.7 samples/s
accuracy_to_time_metric 1.273245789453394
epoch 2
  Train Loss: 0.2724, Test Loss: 0.3635
  Train Acc: 0.9168, Test Acc: 0.8960
  LR: 0.010000, Grad Norm: 3.0000, Throughput: 719.2 samples/s
accuracy_to_time_metric 0.638421876342927
epoch 3
  Train Loss: 0.3521, Test Loss: 0.2901
  Train Acc: 0.8950, Test Acc: 0.9106
  LR: 0.010000, Grad Norm: 3.0000, Throughput: 304.1 samples/s
accuracy_to_time_metric 0.5477398815242106
epoch 2
  Train Loss: 0.3309, Test Loss: 0.1782
  Train Acc: 0.8914, Test Acc: 0.9384
  LR: 0.010000, Grad Norm: 3.0000, Throughput: 270.6 samples/s
accuracy_to_time_metric 0.5042322466470647
epoch 2
  Train Loss: 0.2376, Test Loss: 0.4086
  Train Acc: 0.9249, Test Acc: 0.8922
  LR: 0.010000, Grad Norm: 2.0420, Throughput: 724.8 samples/s
accuracy_to_time_metric 0.4239330402684415
epoch 4
  Train Loss: 0.2177, Test Loss: 0.3113
  Train Acc: 0.9294, Test Acc: 0.9116
  LR: 0.010000, Grad Norm: 3.0000, Throughput: 721.4 samples/s
accuracy_to_time_metric 0.3254889472781149
epoch 5
  Train Loss: 0.2495, Test Loss: 0.3065
  Train Acc: 0.9253, Test Acc: 0.9116
  LR: 0.010000, Grad Norm: 0.4673, Throughput: 305.6 samples/s
accuracy_to_time_metric 0.27480506844671876
epoch 3
  Train Loss: 0.2121, Test Loss: 0.3427
  Train Acc: 0.9330, Test Acc: 0.9088
  LR: 0.010000, Grad Norm: 1.9244, Throughput: 720.3 samples/s
accuracy_to_time_metric 0.2592900724014926
epoch 6
  Train Loss: 0.1349, Test Loss: 0.1352
  Train Acc: 0.9560, Test Acc: 0.9548
  LR: 0.010000, Grad Norm: 3.0000, Throughput: 274.8 samples/s
accuracy_to_time_metric 0.2589109114424941
epoch 3
  Train Loss: 0.1896, Test Loss: 0.3362
  Train Acc: 0.9383, Test Acc: 0.9086
  LR: 0.010000, Grad Norm: 3.0000, Throughput: 712.2 samples/s
accuracy_to_time_metric 0.215503933484821
epoch 7
  Train Loss: 0.1855, Test Loss: 0.3475
  Train Acc: 0.9403, Test Acc: 0.9048
  LR: 0.010000, Grad Norm: 0.1977, Throughput: 716.9 samples/s
accuracy_to_time_metric 0.18370817330176842
epoch 8
  Train Loss: 0.2049, Test Loss: 0.2929
  Train Acc: 0.9353, Test Acc: 0.9162
  LR: 0.010000, Grad Norm: 0.2305, Throughput: 304.8 samples/s
accuracy_to_time_metric 0.18420382046733333
epoch 4
  Train Loss: 0.0766, Test Loss: 0.1132
  Train Acc: 0.9739, Test Acc: 0.9598
  LR: 0.010000, Grad Norm: 3.0000, Throughput: 275.4 samples/s
accuracy_to_time_metric 0.17416076635390054
epoch 4
  Train Loss: 0.1767, Test Loss: 0.4024
  Train Acc: 0.9438, Test Acc: 0.8996
  LR: 0.010000, Grad Norm: 0.2852, Throughput: 723.0 samples/s
accuracy_to_time_metric 0.15978279142903765
epoch 9
  Train Loss: 0.1684, Test Loss: 0.3500
  Train Acc: 0.9445, Test Acc: 0.9076
  LR: 0.010000, Grad Norm: 0.0455, Throughput: 711.4 samples/s
accuracy_to_time_metric 0.14324622645203072
epoch 10
  Train Loss: 0.1828, Test Loss: 0.3496
  Train Acc: 0.9417, Test Acc: 0.9066
  LR: 0.010000, Grad Norm: 3.0000, Throughput: 304.2 samples/s
accuracy_to_time_metric 0.13645585930132093
epoch 5
  Train Loss: 0.1660, Test Loss: 0.3586
  Train Acc: 0.9452, Test Acc: 0.9078
  LR: 0.010000, Grad Norm: 0.0539, Throughput: 696.7 samples/s
accuracy_to_time_metric 0.1285336406035756
Training summary saved to /home/s471802/nn-gpt/out/training_summary.json
  Train Loss: 0.0490, Test Loss: 0.1119
  Train Acc: 0.9834, Test Acc: 0.9608
  LR: 0.010000, Grad Norm: 3.0000, Throughput: 271.5 samples/s
accuracy_to_time_metric 0.13052243696593105
epoch 5
  Train Loss: 0.1668, Test Loss: 0.3563
  Train Acc: 0.9461, Test Acc: 0.9000
  LR: 0.010000, Grad Norm: 3.0000, Throughput: 303.7 samples/s
accuracy_to_time_metric 0.1081953987656676
epoch 6
  Train Loss: 0.0375, Test Loss: 0.1284
  Train Acc: 0.9874, Test Acc: 0.9608
  LR: 0.010000, Grad Norm: 1.7218, Throughput: 273.7 samples/s
accuracy_to_time_metric 0.10446362990258673
epoch 6
  Train Loss: 0.1497, Test Loss: 0.3117
  Train Acc: 0.9513, Test Acc: 0.9190
  LR: 0.010000, Grad Norm: 2.9407, Throughput: 300.0 samples/s
accuracy_to_time_metric 0.09207601665509536
epoch 7
  Train Loss: 0.0263, Test Loss: 0.1070
  Train Acc: 0.9909, Test Acc: 0.9632
  LR: 0.010000, Grad Norm: 0.6109, Throughput: 268.6 samples/s
accuracy_to_time_metric 0.08704570099999108
epoch 7
  Train Loss: 0.1375, Test Loss: 0.3197
  Train Acc: 0.9542, Test Acc: 0.9154
  LR: 0.010000, Grad Norm: 2.2611, Throughput: 298.7 samples/s
accuracy_to_time_metric 0.07838670319674212
epoch 8
  Train Loss: 0.0204, Test Loss: 0.1245
  Train Acc: 0.9934, Test Acc: 0.9660
  LR: 0.010000, Grad Norm: 3.0000, Throughput: 265.6 samples/s
accuracy_to_time_metric 0.07457884319473328
epoch 8
  Train Loss: 0.1280, Test Loss: 0.3292
  Train Acc: 0.9568, Test Acc: 0.9128
  LR: 0.010000, Grad Norm: 0.0839, Throughput: 288.7 samples/s
accuracy_to_time_metric 0.06794830410151771
epoch 9
  Train Loss: 0.0167, Test Loss: 0.1205
  Train Acc: 0.9943, Test Acc: 0.9648
  LR: 0.010000, Grad Norm: 2.3983, Throughput: 265.5 samples/s
accuracy_to_time_metric 0.06498264989765658
epoch 9
  Train Loss: 0.1177, Test Loss: 0.3063
  Train Acc: 0.9611, Test Acc: 0.9142
  LR: 0.010000, Grad Norm: 3.0000, Throughput: 302.0 samples/s
accuracy_to_time_metric 0.06052096087339523
epoch 10
  Train Loss: 0.1179, Test Loss: 0.3607
  Train Acc: 0.9598, Test Acc: 0.9106
  LR: 0.010000, Grad Norm: 0.7558, Throughput: 305.3 samples/s
accuracy_to_time_metric 0.05429956483255332
Training summary saved to /home/s471802/nn-gpt/out/training_summary.json
  Train Loss: 0.0126, Test Loss: 0.1197
  Train Acc: 0.9956, Test Acc: 0.9648
  LR: 0.010000, Grad Norm: 2.9013, Throughput: 275.4 samples/s
accuracy_to_time_metric 0.05787206022277613
epoch 10
  Train Loss: 0.0103, Test Loss: 0.1389
  Train Acc: 0.9966, Test Acc: 0.9626
  LR: 0.010000, Grad Norm: 3.0000, Throughput: 275.8 samples/s
accuracy_to_time_metric 0.05203997491565732
Training summary saved to /home/s471802/nn-gpt/out/training_summary.json
[eval_only] 58/88 article_A_cifar10_epoch10-0269 formal_success=True acc=0.9626
[eval_only] 59/88 article_A_cifar10_epoch10-0270 formal_success=True acc=0.9078
[eval_only] 60/88 article_A_cifar10_epoch10-0271 formal_success=True acc=0.9106
[Reward Assign] reward_batch_index=0 batch_item=2/3 completion_index=61 worker_slot=1 assigned_gpu=1 physical_gpu=1 worker_device=cuda:0 gpu_name='NVIDIA L40S' gpu_free_gib=43.38 gpu_used_gib=1.02 gpu_total_gib=44.99 timeout_seconds=1920
[Reward Assign] reward_batch_index=0 batch_item=3/3 completion_index=62 worker_slot=2 assigned_gpu=2 physical_gpu=2 worker_device=cuda:0 gpu_name='NVIDIA L40S' gpu_free_gib=43.41 gpu_used_gib=0.98 gpu_total_gib=44.99 timeout_seconds=1920
[Reward Assign] reward_batch_index=0 batch_item=1/3 completion_index=60 worker_slot=0 assigned_gpu=0 physical_gpu=0 worker_device=cuda:0 gpu_name='NVIDIA L40S' gpu_free_gib=43.41 gpu_used_gib=0.98 gpu_total_gib=44.99 timeout_seconds=1920
Evaluating /home/s471802/nn-gpt/out/nn/tmp/5421606e36988d7a5d758d63af977738.py...
Evaluating /home/s471802/nn-gpt/out/nn/tmp/ba58efd5256dd591f611b417cb9fd358.py...
Evaluating /home/s471802/nn-gpt/out/nn/tmp/b2afb059c52232a4e85b01664e3b26fb.py...
epoch 1
epoch 1
epoch 1
  Train Loss: 0.5069, Test Loss: 0.2052
  Train Acc: 0.8419, Test Acc: 0.9312
  LR: 0.010000, Grad Norm: 3.0000, Throughput: 454.7 samples/s
accuracy_to_time_metric 0.839918378826487
epoch 2
  Train Loss: 0.1634, Test Loss: 0.1454
  Train Acc: 0.9463, Test Acc: 0.9518
  LR: 0.010000, Grad Norm: 3.0000, Throughput: 471.1 samples/s
accuracy_to_time_metric 0.4377334226037488
epoch 3
  Train Loss: 0.3282, Test Loss: 0.2362
  Train Acc: 0.8945, Test Acc: 0.9198
  LR: 0.010000, Grad Norm: 3.0000, Throughput: 202.8 samples/s
accuracy_to_time_metric 0.3693890440989689
epoch 2
  Train Loss: 0.0994, Test Loss: 0.1303
  Train Acc: 0.9665, Test Acc: 0.9568
  LR: 0.010000, Grad Norm: 3.0000, Throughput: 469.3 samples/s
accuracy_to_time_metric 0.2948601016225378
epoch 4
  Train Loss: 0.7269, Test Loss: 0.3774
  Train Acc: 0.7578, Test Acc: 0.8722
  LR: 0.010000, Grad Norm: 3.0000, Throughput: 144.1 samples/s
accuracy_to_time_metric 0.24734982376241696
epoch 2
  Train Loss: 0.0634, Test Loss: 0.1196
  Train Acc: 0.9786, Test Acc: 0.9602
  LR: 0.010000, Grad Norm: 3.0000, Throughput: 470.8 samples/s
accuracy_to_time_metric 0.22269942244107194
epoch 5
  Train Loss: 0.2267, Test Loss: 0.2317
  Train Acc: 0.9231, Test Acc: 0.9218
  LR: 0.010000, Grad Norm: 3.0000, Throughput: 203.5 samples/s
accuracy_to_time_metric 0.1854364375324293
epoch 3
  Train Loss: 0.0426, Test Loss: 0.1196
  Train Acc: 0.9859, Test Acc: 0.9598
  LR: 0.010000, Grad Norm: 3.0000, Throughput: 473.7 samples/s
accuracy_to_time_metric 0.17862136385667265
epoch 6
  Train Loss: 0.0322, Test Loss: 0.1046
  Train Acc: 0.9888, Test Acc: 0.9658
  LR: 0.010000, Grad Norm: 3.0000, Throughput: 469.6 samples/s
accuracy_to_time_metric 0.14997717665851898
epoch 7
  Train Loss: 0.3891, Test Loss: 0.3271
  Train Acc: 0.8845, Test Acc: 0.8968
  LR: 0.010000, Grad Norm: 3.0000, Throughput: 144.8 samples/s
accuracy_to_time_metric 0.1278825247802418
epoch 3
  Train Loss: 0.2045, Test Loss: 0.2126
  Train Acc: 0.9309, Test Acc: 0.9248
  LR: 0.010000, Grad Norm: 3.0000, Throughput: 202.8 samples/s
accuracy_to_time_metric 0.12399037401576771
epoch 4
  Train Loss: 0.0212, Test Loss: 0.1123
  Train Acc: 0.9936, Test Acc: 0.9656
  LR: 0.010000, Grad Norm: 3.0000, Throughput: 468.1 samples/s
accuracy_to_time_metric 0.1285174795306598
epoch 8
  Train Loss: 0.0165, Test Loss: 0.1153
  Train Acc: 0.9946, Test Acc: 0.9668
  LR: 0.010000, Grad Norm: 2.5034, Throughput: 469.7 samples/s
accuracy_to_time_metric 0.11265462987377742
epoch 9
  Train Loss: 0.0141, Test Loss: 0.1127
  Train Acc: 0.9954, Test Acc: 0.9660
  LR: 0.010000, Grad Norm: 3.0000, Throughput: 466.0 samples/s
accuracy_to_time_metric 0.09998940933755997
epoch 10
  Train Loss: 0.1906, Test Loss: 0.2118
  Train Acc: 0.9366, Test Acc: 0.9280
  LR: 0.010000, Grad Norm: 0.2234, Throughput: 202.7 samples/s
accuracy_to_time_metric 0.09331039467097754
epoch 5
  Train Loss: 0.3750, Test Loss: 0.2827
  Train Acc: 0.8947, Test Acc: 0.9056
  LR: 0.010000, Grad Norm: 1.4573, Throughput: 144.8 samples/s
accuracy_to_time_metric 0.0862612703006015
epoch 4
  Train Loss: 0.0127, Test Loss: 0.1142
  Train Acc: 0.9957, Test Acc: 0.9668
  LR: 0.010000, Grad Norm: 1.0336, Throughput: 467.3 samples/s
accuracy_to_time_metric 0.09005834713738414
Training summary saved to /home/s471802/nn-gpt/out/training_summary.json
  Train Loss: 0.1791, Test Loss: 0.2202
  Train Acc: 0.9392, Test Acc: 0.9270
  LR: 0.010000, Grad Norm: 3.0000, Throughput: 202.7 samples/s
accuracy_to_time_metric 0.07453697467107383
epoch 6
  Train Loss: 0.3318, Test Loss: 0.3984
  Train Acc: 0.9018, Test Acc: 0.8914
  LR: 0.010000, Grad Norm: 3.0000, Throughput: 144.7 samples/s
accuracy_to_time_metric 0.06357035265194085
epoch 5
  Train Loss: 0.1745, Test Loss: 0.2255
  Train Acc: 0.9412, Test Acc: 0.9268
  LR: 0.010000, Grad Norm: 3.0000, Throughput: 202.7 samples/s
accuracy_to_time_metric 0.062091358126410486
epoch 7
  Train Loss: 0.1654, Test Loss: 0.2240
  Train Acc: 0.9442, Test Acc: 0.9292
  LR: 0.010000, Grad Norm: 1.1506, Throughput: 202.8 samples/s
accuracy_to_time_metric 0.05337301739748542
epoch 8
  Train Loss: 0.3235, Test Loss: 0.2848
  Train Acc: 0.9086, Test Acc: 0.9106
  LR: 0.010000, Grad Norm: 1.4005, Throughput: 144.7 samples/s
accuracy_to_time_metric 0.052094347285928704
epoch 6
  Train Loss: 0.1581, Test Loss: 0.2257
  Train Acc: 0.9467, Test Acc: 0.9224
  LR: 0.010000, Grad Norm: 3.0000, Throughput: 202.7 samples/s
accuracy_to_time_metric 0.046314284019545016
epoch 9
  Train Loss: 0.3493, Test Loss: 0.2939
  Train Acc: 0.9116, Test Acc: 0.9098
  LR: 0.010000, Grad Norm: 3.0000, Throughput: 144.7 samples/s
accuracy_to_time_metric 0.043373551629347924
epoch 7
[Reward Assign] error reward_batch_index=0 batch_item=1/3 completion_index=60 worker_slot=0 assigned_gpu=0 physical_gpu=0 worker_device=cuda:0 elapsed_seconds=1920.10 error=PersistentEvalWorkerError: Persistent eval worker timed out after 1920 seconds
[Reward Assign] error reward_batch_index=0 batch_item=3/3 completion_index=62 worker_slot=2 assigned_gpu=2 physical_gpu=2 worker_device=cuda:0 elapsed_seconds=1920.10 error=PersistentEvalWorkerError: Persistent eval worker timed out after 1920 seconds
[Reward Worker] Ready slot=2 pid=2052238, assigned_gpu=2, assigned_cuda_visible_device='2', worker_device=cuda:0, cuda_visible_devices='2', cuda_available=True, cuda_device_count=1, rss_gib=0.53, torch_home='', physical_gpu_index=2, physical_gpu_bus_id='00000000:C1:00.0', physical_gpu_uuid='GPU-597c7fce-17eb-16da-e9c1-660740cba8dd', physical_binding_verified=True
[Reward Worker] Ready slot=0 pid=2052237, assigned_gpu=0, assigned_cuda_visible_device='0', worker_device=cuda:0, cuda_visible_devices='0', cuda_available=True, cuda_device_count=1, rss_gib=0.53, torch_home='', physical_gpu_index=0, physical_gpu_bus_id='00000000:01:00.0', physical_gpu_uuid='GPU-d426be61-d8f4-a3e4-dd2f-c5b892da6351', physical_binding_verified=True
[eval_only] 61/88 article_A_cifar10_epoch10-0272 formal_success=False acc=None
[eval_only] 62/88 article_A_cifar10_epoch10-0273 formal_success=True acc=0.9668
[eval_only] 63/88 article_A_cifar10_epoch10-0274 formal_success=False acc=None
[Reward Assign] reward_batch_index=0 batch_item=2/3 completion_index=64 worker_slot=1 assigned_gpu=1 physical_gpu=1 worker_device=cuda:0 gpu_name='NVIDIA L40S' gpu_free_gib=43.38 gpu_used_gib=1.02 gpu_total_gib=44.99 timeout_seconds=1920
[Reward Assign] reward_batch_index=0 batch_item=1/3 completion_index=63 worker_slot=0 assigned_gpu=0 physical_gpu=0 worker_device=cuda:0 gpu_name='NVIDIA L40S' gpu_free_gib=25.07 gpu_used_gib=19.32 gpu_total_gib=44.99 timeout_seconds=1920
[Reward Assign] reward_batch_index=0 batch_item=3/3 completion_index=65 worker_slot=2 assigned_gpu=2 physical_gpu=2 worker_device=cuda:0 gpu_name='NVIDIA L40S' gpu_free_gib=30.84 gpu_used_gib=13.55 gpu_total_gib=44.99 timeout_seconds=1920
LEMUR root /home/s471802/nn-gpt
LEMUR root /home/s471802/nn-gpt
Evaluating /home/s471802/nn-gpt/out/nn/tmp/84894091cee3e1ead31d5f58be0cae0f.py...
Evaluating /home/s471802/nn-gpt/out/nn/tmp/c51f1c7155836ea95cfd323af3901848.py...
Evaluating /home/s471802/nn-gpt/out/nn/tmp/ec340524a84fb8628da774a97ddec3bb.py...
epoch 1
epoch 1
epoch 1
  Train Loss: 0.3461, Test Loss: 0.3206
  Train Acc: 0.8942, Test Acc: 0.9048
  LR: 0.010000, Grad Norm: 0.3479, Throughput: 1022.6 samples/s
accuracy_to_time_metric 1.8286223513777504
epoch 2
  Train Loss: 0.2420, Test Loss: 0.3055
  Train Acc: 0.9255, Test Acc: 0.9132
  LR: 0.010000, Grad Norm: 0.8955, Throughput: 1007.2 samples/s
accuracy_to_time_metric 0.9158489544509031
epoch 3
  Train Loss: 0.8233, Test Loss: 0.3373
  Train Acc: 0.7235, Test Acc: 0.8826
  LR: 0.010000, Grad Norm: 3.0000, Throughput: 408.2 samples/s
accuracy_to_time_metric 0.7098314985744917
epoch 2
  Train Loss: 0.1212, Test Loss: 0.1707
  Train Acc: 0.9601, Test Acc: 0.9376
  LR: 0.010000, Grad Norm: 3.0000, Throughput: 377.8 samples/s
accuracy_to_time_metric 0.7031412436200681
epoch 2
  Train Loss: 0.2054, Test Loss: 0.2983
  Train Acc: 0.9354, Test Acc: 0.9114
  LR: 0.010000, Grad Norm: 0.3787, Throughput: 1020.0 samples/s
accuracy_to_time_metric 0.6100236492504556
epoch 4
  Train Loss: 0.1802, Test Loss: 0.3707
  Train Acc: 0.9419, Test Acc: 0.9024
  LR: 0.010000, Grad Norm: 0.2118, Throughput: 1018.3 samples/s
accuracy_to_time_metric 0.452555214798412
epoch 5
  Train Loss: 0.1728, Test Loss: 0.3261
  Train Acc: 0.9439, Test Acc: 0.9170
  LR: 0.010000, Grad Norm: 3.0000, Throughput: 1022.2 samples/s
accuracy_to_time_metric 0.36896643282448893
epoch 6
  Train Loss: 0.2792, Test Loss: 0.2497
  Train Acc: 0.9065, Test Acc: 0.9162
  LR: 0.010000, Grad Norm: 3.0000, Throughput: 432.9 samples/s
accuracy_to_time_metric 0.380847646044602
epoch 3
  Train Loss: 0.0676, Test Loss: 0.1194
  Train Acc: 0.9802, Test Acc: 0.9570
  LR: 0.010000, Grad Norm: 3.0000, Throughput: 397.5 samples/s
accuracy_to_time_metric 0.368722031109585
epoch 3
  Train Loss: 0.1540, Test Loss: 0.3043
  Train Acc: 0.9492, Test Acc: 0.9152
  LR: 0.010000, Grad Norm: 0.6029, Throughput: 1020.2 samples/s
accuracy_to_time_metric 0.3068829025911515
epoch 7
  Train Loss: 0.1368, Test Loss: 0.3262
  Train Acc: 0.9550, Test Acc: 0.9196
  LR: 0.010000, Grad Norm: 3.0000, Throughput: 1023.3 samples/s
accuracy_to_time_metric 0.2646271426896479
epoch 8
  Train Loss: 0.1914, Test Loss: 0.1851
  Train Acc: 0.9364, Test Acc: 0.9368
  LR: 0.010000, Grad Norm: 3.0000, Throughput: 434.1 samples/s
accuracy_to_time_metric 0.2630855863570861
epoch 4
  Train Loss: 0.0385, Test Loss: 0.1168
  Train Acc: 0.9880, Test Acc: 0.9602
  LR: 0.010000, Grad Norm: 3.0000, Throughput: 393.6 samples/s
accuracy_to_time_metric 0.2479930502539687
epoch 4
  Train Loss: 0.1287, Test Loss: 0.3103
  Train Acc: 0.9574, Test Acc: 0.9174
  LR: 0.010000, Grad Norm: 0.4184, Throughput: 1020.0 samples/s
accuracy_to_time_metric 0.2309426336251484
epoch 9
  Train Loss: 0.1241, Test Loss: 0.3213
  Train Acc: 0.9588, Test Acc: 0.9142
  LR: 0.010000, Grad Norm: 3.0000, Throughput: 1025.8 samples/s
accuracy_to_time_metric 0.20461846431961328
epoch 10
  Train Loss: 0.1331, Test Loss: 0.1911
  Train Acc: 0.9546, Test Acc: 0.9376
  LR: 0.010000, Grad Norm: 3.0000, Throughput: 434.2 samples/s
accuracy_to_time_metric 0.1985754149622087
epoch 5
  Train Loss: 0.1181, Test Loss: 0.3316
  Train Acc: 0.9609, Test Acc: 0.9158
  LR: 0.010000, Grad Norm: 0.9512, Throughput: 1016.5 samples/s
accuracy_to_time_metric 0.18445176468794916
Training summary saved to /home/s471802/nn-gpt/out/training_summary.json
  Train Loss: 0.0247, Test Loss: 0.1047
  Train Acc: 0.9924, Test Acc: 0.9638
  LR: 0.010000, Grad Norm: 3.0000, Throughput: 404.4 samples/s
accuracy_to_time_metric 0.18850441096436127
epoch 5
  Train Loss: 0.1015, Test Loss: 0.1596
  Train Acc: 0.9653, Test Acc: 0.9470
  LR: 0.010000, Grad Norm: 3.0000, Throughput: 435.5 samples/s
accuracy_to_time_metric 0.16126260007581808
epoch 6
  Train Loss: 0.0136, Test Loss: 0.1022
  Train Acc: 0.9958, Test Acc: 0.9654
  LR: 0.010000, Grad Norm: 3.0000, Throughput: 394.3 samples/s
accuracy_to_time_metric 0.15116920951879154
epoch 6
  Train Loss: 0.0810, Test Loss: 0.1649
  Train Acc: 0.9726, Test Acc: 0.9464
  LR: 0.010000, Grad Norm: 3.0000, Throughput: 437.7 samples/s
accuracy_to_time_metric 0.13474521094828645
epoch 7
  Train Loss: 0.0112, Test Loss: 0.1223
  Train Acc: 0.9963, Test Acc: 0.9682
  LR: 0.010000, Grad Norm: 0.7220, Throughput: 396.7 samples/s
accuracy_to_time_metric 0.12655559325518725
epoch 7
  Train Loss: 0.0610, Test Loss: 0.1729
  Train Acc: 0.9794, Test Acc: 0.9450
  LR: 0.010000, Grad Norm: 3.0000, Throughput: 435.1 samples/s
accuracy_to_time_metric 0.1154900442763965
epoch 8
  Train Loss: 0.0091, Test Loss: 0.1084
  Train Acc: 0.9974, Test Acc: 0.9702
  LR: 0.010000, Grad Norm: 3.0000, Throughput: 397.4 samples/s
accuracy_to_time_metric 0.10886260796757267
epoch 8
  Train Loss: 0.0497, Test Loss: 0.1656
  Train Acc: 0.9831, Test Acc: 0.9482
  LR: 0.010000, Grad Norm: 2.7513, Throughput: 434.1 samples/s
accuracy_to_time_metric 0.10152943780449537
epoch 9
  Train Loss: 0.0069, Test Loss: 0.1129
  Train Acc: 0.9979, Test Acc: 0.9704
  LR: 0.010000, Grad Norm: 3.0000, Throughput: 395.9 samples/s
accuracy_to_time_metric 0.09531973969810709
epoch 9
  Train Loss: 0.0356, Test Loss: 0.1643
  Train Acc: 0.9876, Test Acc: 0.9546
  LR: 0.010000, Grad Norm: 3.0000, Throughput: 438.3 samples/s
accuracy_to_time_metric 0.09108985285413608
epoch 10
  Train Loss: 0.0068, Test Loss: 0.1235
  Train Acc: 0.9978, Test Acc: 0.9672
  LR: 0.010000, Grad Norm: 1.5428, Throughput: 396.7 samples/s
accuracy_to_time_metric 0.0844660236938424
epoch 10
  Train Loss: 0.0316, Test Loss: 0.1616
  Train Acc: 0.9891, Test Acc: 0.9528
  LR: 0.010000, Grad Norm: 3.0000, Throughput: 435.9 samples/s
accuracy_to_time_metric 0.08187856417124185
Training summary saved to /home/s471802/nn-gpt/out/training_summary.json
  Train Loss: 0.0064, Test Loss: 0.1273
  Train Acc: 0.9982, Test Acc: 0.9668
  LR: 0.010000, Grad Norm: 0.0009, Throughput: 395.2 samples/s
accuracy_to_time_metric 0.07599141276102218
Training summary saved to /home/s471802/nn-gpt/out/training_summary.json
[eval_only] 64/88 article_A_cifar10_epoch10-0275 formal_success=True acc=0.9528
[eval_only] 65/88 article_A_cifar10_epoch10-0276 formal_success=True acc=0.9158
[eval_only] 66/88 article_A_cifar10_epoch10-0277 formal_success=True acc=0.9668
[Reward Assign] reward_batch_index=0 batch_item=3/3 completion_index=68 worker_slot=2 assigned_gpu=2 physical_gpu=2 worker_device=cuda:0 gpu_name='NVIDIA L40S' gpu_free_gib=43.39 gpu_used_gib=1.00 gpu_total_gib=44.99 timeout_seconds=1920
[Reward Assign] reward_batch_index=0 batch_item=2/3 completion_index=67 worker_slot=1 assigned_gpu=1 physical_gpu=1 worker_device=cuda:0 gpu_name='NVIDIA L40S' gpu_free_gib=43.38 gpu_used_gib=1.02 gpu_total_gib=44.99 timeout_seconds=1920
[Reward Assign] reward_batch_index=0 batch_item=1/3 completion_index=66 worker_slot=0 assigned_gpu=0 physical_gpu=0 worker_device=cuda:0 gpu_name='NVIDIA L40S' gpu_free_gib=43.37 gpu_used_gib=1.02 gpu_total_gib=44.99 timeout_seconds=1920
Evaluating /home/s471802/nn-gpt/out/nn/tmp/6aa05873c269df099a0f9ac7237d015a.py...
Evaluating /home/s471802/nn-gpt/out/nn/tmp/44ca2aa9bf25599fbe13d5bb386b8285.py...
Evaluating /home/s471802/nn-gpt/out/nn/tmp/fd527bbf2fe496f5c0ea4ae254ec4f82.py...
epoch 1
epoch 1
epoch 1
  Train Loss: 0.3438, Test Loss: 0.3158
  Train Acc: 0.8961, Test Acc: 0.9062
  LR: 0.010000, Grad Norm: 0.4310, Throughput: 672.7 samples/s
accuracy_to_time_metric 1.20517972823088
epoch 2
  Train Loss: 0.3664, Test Loss: 0.3304
  Train Acc: 0.8874, Test Acc: 0.9038
  LR: 0.010000, Grad Norm: 0.9579, Throughput: 472.0 samples/s
accuracy_to_time_metric 0.8430909466158786
epoch 2
  Train Loss: 0.3687, Test Loss: 0.3196
  Train Acc: 0.8862, Test Acc: 0.9008
  LR: 0.010000, Grad Norm: 3.0000, Throughput: 355.4 samples/s
accuracy_to_time_metric 0.6324533610678108
epoch 2
  Train Loss: 0.2455, Test Loss: 0.2949
  Train Acc: 0.9260, Test Acc: 0.9094
  LR: 0.010000, Grad Norm: 3.0000, Throughput: 669.5 samples/s
accuracy_to_time_metric 0.6031001799292549
epoch 3
  Train Loss: 0.2680, Test Loss: 0.3405
  Train Acc: 0.9169, Test Acc: 0.8972
  LR: 0.010000, Grad Norm: 3.0000, Throughput: 480.8 samples/s
accuracy_to_time_metric 0.4217062954292987
epoch 3
  Train Loss: 0.2042, Test Loss: 0.3009
  Train Acc: 0.9363, Test Acc: 0.9124
  LR: 0.010000, Grad Norm: 3.0000, Throughput: 668.3 samples/s
accuracy_to_time_metric 0.40289388440569335
epoch 4
  Train Loss: 0.2792, Test Loss: 0.3276
  Train Acc: 0.9127, Test Acc: 0.9002
  LR: 0.010000, Grad Norm: 0.0228, Throughput: 367.5 samples/s
accuracy_to_time_metric 0.32113019609956994
epoch 3
  Train Loss: 0.1828, Test Loss: 0.2921
  Train Acc: 0.9423, Test Acc: 0.9114
  LR: 0.010000, Grad Norm: 0.0063, Throughput: 665.6 samples/s
accuracy_to_time_metric 0.30124203226074375
epoch 5
  Train Loss: 0.2369, Test Loss: 0.3358
  Train Acc: 0.9252, Test Acc: 0.9086
  LR: 0.010000, Grad Norm: 0.3620, Throughput: 482.7 samples/s
accuracy_to_time_metric 0.28636579063656414
epoch 4
  Train Loss: 0.1611, Test Loss: 0.2959
  Train Acc: 0.9471, Test Acc: 0.9158
  LR: 0.010000, Grad Norm: 3.0000, Throughput: 669.3 samples/s
accuracy_to_time_metric 0.24230219382835225
epoch 6
  Train Loss: 0.2380, Test Loss: 0.2959
  Train Acc: 0.9245, Test Acc: 0.9084
  LR: 0.010000, Grad Norm: 0.4995, Throughput: 369.5 samples/s
accuracy_to_time_metric 0.21784845275352172
epoch 4
  Train Loss: 0.2149, Test Loss: 0.3512
  Train Acc: 0.9315, Test Acc: 0.9012
  LR: 0.010000, Grad Norm: 3.0000, Throughput: 485.3 samples/s
accuracy_to_time_metric 0.2135389866556304
epoch 5
  Train Loss: 0.1470, Test Loss: 0.3531
  Train Acc: 0.9517, Test Acc: 0.9090
  LR: 0.010000, Grad Norm: 3.0000, Throughput: 670.4 samples/s
accuracy_to_time_metric 0.2002892008798178
epoch 7
  Train Loss: 0.2029, Test Loss: 0.3850
  Train Acc: 0.9352, Test Acc: 0.9026
  LR: 0.010000, Grad Norm: 3.0000, Throughput: 478.5 samples/s
accuracy_to_time_metric 0.1710008653289268
epoch 6
  Train Loss: 0.1358, Test Loss: 0.3112
  Train Acc: 0.9555, Test Acc: 0.9148
  LR: 0.010000, Grad Norm: 0.1786, Throughput: 661.3 samples/s
accuracy_to_time_metric 0.17260155874440758
epoch 8
  Train Loss: 0.2141, Test Loss: 0.3313
  Train Acc: 0.9298, Test Acc: 0.9024
  LR: 0.010000, Grad Norm: 3.0000, Throughput: 366.7 samples/s
accuracy_to_time_metric 0.16245974945247496
epoch 5
  Train Loss: 0.1219, Test Loss: 0.3110
  Train Acc: 0.9589, Test Acc: 0.9138
  LR: 0.010000, Grad Norm: 0.2079, Throughput: 665.7 samples/s
accuracy_to_time_metric 0.15076886667545186
epoch 9
  Train Loss: 0.1926, Test Loss: 0.3502
  Train Acc: 0.9397, Test Acc: 0.9082
  LR: 0.010000, Grad Norm: 3.0000, Throughput: 482.3 samples/s
accuracy_to_time_metric 0.14361215164708357
epoch 7
  Train Loss: 0.1187, Test Loss: 0.3142
  Train Acc: 0.9597, Test Acc: 0.9148
  LR: 0.010000, Grad Norm: 0.1153, Throughput: 670.6 samples/s
accuracy_to_time_metric 0.13423936117941462
epoch 10
  Train Loss: 0.2010, Test Loss: 0.3884
  Train Acc: 0.9341, Test Acc: 0.8906
  LR: 0.010000, Grad Norm: 3.0000, Throughput: 368.2 samples/s
accuracy_to_time_metric 0.1282958726975893
epoch 6
  Train Loss: 0.1777, Test Loss: 0.3638
  Train Acc: 0.9422, Test Acc: 0.9074
  LR: 0.010000, Grad Norm: 0.3309, Throughput: 484.5 samples/s
accuracy_to_time_metric 0.12312589254483713
epoch 8
  Train Loss: 0.1130, Test Loss: 0.3397
  Train Acc: 0.9623, Test Acc: 0.9118
  LR: 0.010000, Grad Norm: 0.1300, Throughput: 668.3 samples/s
accuracy_to_time_metric 0.12037048734437542
Training summary saved to /home/s471802/nn-gpt/out/training_summary.json
  Train Loss: 0.1973, Test Loss: 0.3373
  Train Acc: 0.9360, Test Acc: 0.9078
  LR: 0.010000, Grad Norm: 3.0000, Throughput: 368.2 samples/s
accuracy_to_time_metric 0.10937418758966425
epoch 7
  Train Loss: 0.1685, Test Loss: 0.3537
  Train Acc: 0.9452, Test Acc: 0.9066
  LR: 0.010000, Grad Norm: 0.3933, Throughput: 483.2 samples/s
accuracy_to_time_metric 0.10769388408573831
epoch 9
  Train Loss: 0.1610, Test Loss: 0.3581
  Train Acc: 0.9465, Test Acc: 0.9082
  LR: 0.010000, Grad Norm: 0.3720, Throughput: 482.0 samples/s
accuracy_to_time_metric 0.09593547522664313
epoch 10
  Train Loss: 0.1821, Test Loss: 0.3163
  Train Acc: 0.9412, Test Acc: 0.9076
  LR: 0.010000, Grad Norm: 0.2512, Throughput: 365.0 samples/s
accuracy_to_time_metric 0.0936945438887019
epoch 8
  Train Loss: 0.1574, Test Loss: 0.3679
  Train Acc: 0.9481, Test Acc: 0.9096
  LR: 0.010000, Grad Norm: 3.0000, Throughput: 477.9 samples/s
accuracy_to_time_metric 0.08643079901908342
Training summary saved to /home/s471802/nn-gpt/out/training_summary.json
  Train Loss: 0.1737, Test Loss: 0.3326
  Train Acc: 0.9437, Test Acc: 0.9034
  LR: 0.010000, Grad Norm: 3.0000, Throughput: 363.4 samples/s
accuracy_to_time_metric 0.081491055638076
epoch 9
  Train Loss: 0.1661, Test Loss: 0.3512
  Train Acc: 0.9445, Test Acc: 0.9078
  LR: 0.010000, Grad Norm: 0.0415, Throughput: 364.7 samples/s
accuracy_to_time_metric 0.07281740345552971
epoch 10
  Train Loss: 0.1570, Test Loss: 0.3793
  Train Acc: 0.9470, Test Acc: 0.8984
  LR: 0.010000, Grad Norm: 3.0000, Throughput: 367.9 samples/s
accuracy_to_time_metric 0.06481812174685407
Training summary saved to /home/s471802/nn-gpt/out/training_summary.json
[eval_only] 67/88 article_A_cifar10_epoch10-0278 formal_success=True acc=0.9096
[eval_only] 68/88 article_A_cifar10_epoch10-0279 formal_success=True acc=0.9118
[eval_only] 69/88 article_A_cifar10_epoch10-0280 formal_success=True acc=0.8984
[Reward Assign] reward_batch_index=0 batch_item=3/3 completion_index=71 worker_slot=2 assigned_gpu=2 physical_gpu=2 worker_device=cuda:0 gpu_name='NVIDIA L40S' gpu_free_gib=43.39 gpu_used_gib=1.00 gpu_total_gib=44.99 timeout_seconds=1920
[Reward Assign] reward_batch_index=0 batch_item=2/3 completion_index=70 worker_slot=1 assigned_gpu=1 physical_gpu=1 worker_device=cuda:0 gpu_name='NVIDIA L40S' gpu_free_gib=43.38 gpu_used_gib=1.02 gpu_total_gib=44.99 timeout_seconds=1920
[Reward Assign] reward_batch_index=0 batch_item=1/3 completion_index=69 worker_slot=0 assigned_gpu=0 physical_gpu=0 worker_device=cuda:0 gpu_name='NVIDIA L40S' gpu_free_gib=43.37 gpu_used_gib=1.02 gpu_total_gib=44.99 timeout_seconds=1920
Evaluating /home/s471802/nn-gpt/out/nn/tmp/6e070186a72b6a23e27f2a70455bfaf0.py...
Evaluating /home/s471802/nn-gpt/out/nn/tmp/81e95928b9cc0cfacc586d8a28fb8afc.py...
Evaluating /home/s471802/nn-gpt/out/nn/tmp/5e580a002909f44ae7737b35e9509a8f.py...
epoch 1
epoch 1
epoch 1
  Train Loss: 0.4007, Test Loss: 0.5873
  Train Acc: 0.8642, Test Acc: 0.8034
  LR: 0.010000, Grad Norm: 3.0000, Throughput: 722.4 samples/s
accuracy_to_time_metric 1.1291399893671377
epoch 2
  Train Loss: 0.3263, Test Loss: 0.1595
  Train Acc: 0.8923, Test Acc: 0.9494
  LR: 0.010000, Grad Norm: 3.0000, Throughput: 458.3 samples/s
accuracy_to_time_metric 0.8650972225301666
epoch 2
  Train Loss: 0.1775, Test Loss: 0.3377
  Train Acc: 0.9391, Test Acc: 0.8862
  LR: 0.010000, Grad Norm: 3.0000, Throughput: 772.4 samples/s
accuracy_to_time_metric 0.6515884252436057
epoch 3
  Train Loss: 0.3288, Test Loss: 0.1464
  Train Acc: 0.8924, Test Acc: 0.9522
  LR: 0.010000, Grad Norm: 3.0000, Throughput: 267.1 samples/s
accuracy_to_time_metric 0.5057534604701077
epoch 2
  Train Loss: 0.1075, Test Loss: 0.3786
  Train Acc: 0.9633, Test Acc: 0.8772
  LR: 0.010000, Grad Norm: 3.0000, Throughput: 770.9 samples/s
accuracy_to_time_metric 0.4338606956288279
epoch 4
  Train Loss: 0.1291, Test Loss: 0.1405
  Train Acc: 0.9570, Test Acc: 0.9524
  LR: 0.010000, Grad Norm: 3.0000, Throughput: 466.4 samples/s
accuracy_to_time_metric 0.43764689532523576
epoch 3
  Train Loss: 0.0674, Test Loss: 0.2432
  Train Acc: 0.9764, Test Acc: 0.9216
  LR: 0.010000, Grad Norm: 3.0000, Throughput: 789.6 samples/s
accuracy_to_time_metric 0.3477984684142817
epoch 5
  Train Loss: 0.0769, Test Loss: 0.1512
  Train Acc: 0.9739, Test Acc: 0.9528
  LR: 0.010000, Grad Norm: 0.0482, Throughput: 474.1 samples/s
accuracy_to_time_metric 0.2942916710193698
epoch 4
  Train Loss: 0.0454, Test Loss: 0.2351
  Train Acc: 0.9844, Test Acc: 0.9254
  LR: 0.010000, Grad Norm: 3.0000, Throughput: 775.0 samples/s
accuracy_to_time_metric 0.28037276366663916
epoch 6
  Train Loss: 0.1291, Test Loss: 0.1475
  Train Acc: 0.9561, Test Acc: 0.9488
  LR: 0.010000, Grad Norm: 3.0000, Throughput: 273.7 samples/s
accuracy_to_time_metric 0.25488560036135594
epoch 3
  Train Loss: 0.0333, Test Loss: 0.2274
  Train Acc: 0.9892, Test Acc: 0.9298
  LR: 0.010000, Grad Norm: 0.4720, Throughput: 766.6 samples/s
accuracy_to_time_metric 0.2349375539137556
epoch 7
  Train Loss: 0.0482, Test Loss: 0.1169
  Train Acc: 0.9836, Test Acc: 0.9606
  LR: 0.010000, Grad Norm: 3.0000, Throughput: 467.1 samples/s
accuracy_to_time_metric 0.22283005147665516
epoch 5
  Train Loss: 0.0260, Test Loss: 0.2380
  Train Acc: 0.9912, Test Acc: 0.9274
  LR: 0.010000, Grad Norm: 3.0000, Throughput: 770.2 samples/s
accuracy_to_time_metric 0.2009571803352709
epoch 8
  Train Loss: 0.0200, Test Loss: 0.1853
  Train Acc: 0.9931, Test Acc: 0.9498
  LR: 0.010000, Grad Norm: 3.0000, Throughput: 782.8 samples/s
accuracy_to_time_metric 0.18107029520661713
epoch 9
  Train Loss: 0.0336, Test Loss: 0.1108
  Train Acc: 0.9886, Test Acc: 0.9648
  LR: 0.010000, Grad Norm: 0.6207, Throughput: 467.9 samples/s
accuracy_to_time_metric 0.1792356778317669
epoch 6
  Train Loss: 0.0777, Test Loss: 0.1180
  Train Acc: 0.9740, Test Acc: 0.9592
  LR: 0.010000, Grad Norm: 3.0000, Throughput: 273.1 samples/s
accuracy_to_time_metric 0.17256599149909876
epoch 4
  Train Loss: 0.0144, Test Loss: 0.2026
  Train Acc: 0.9953, Test Acc: 0.9462
  LR: 0.010000, Grad Norm: 0.2269, Throughput: 783.5 samples/s
accuracy_to_time_metric 0.16061205007539953
epoch 10
  Train Loss: 0.0234, Test Loss: 0.1358
  Train Acc: 0.9921, Test Acc: 0.9606
  LR: 0.010000, Grad Norm: 0.2266, Throughput: 468.2 samples/s
accuracy_to_time_metric 0.14871242686379765
epoch 7
  Train Loss: 0.0126, Test Loss: 0.1986
  Train Acc: 0.9959, Test Acc: 0.9434
  LR: 0.010000, Grad Norm: 2.8998, Throughput: 783.3 samples/s
accuracy_to_time_metric 0.14431693238682433
Training summary saved to /home/s471802/nn-gpt/out/training_summary.json
  Train Loss: 0.0538, Test Loss: 0.1246
  Train Acc: 0.9818, Test Acc: 0.9582
  LR: 0.010000, Grad Norm: 3.0000, Throughput: 274.3 samples/s
accuracy_to_time_metric 0.1296308756297639
epoch 5
  Train Loss: 0.0205, Test Loss: 0.1157
  Train Acc: 0.9932, Test Acc: 0.9666
  LR: 0.010000, Grad Norm: 3.0000, Throughput: 470.1 samples/s
accuracy_to_time_metric 0.12847576497280605
epoch 8
  Train Loss: 0.0145, Test Loss: 0.1166
  Train Acc: 0.9948, Test Acc: 0.9694
  LR: 0.010000, Grad Norm: 3.0000, Throughput: 468.6 samples/s
accuracy_to_time_metric 0.11281241047479348
epoch 9
  Train Loss: 0.0373, Test Loss: 0.1215
  Train Acc: 0.9876, Test Acc: 0.9638
  LR: 0.010000, Grad Norm: 3.0000, Throughput: 273.6 samples/s
accuracy_to_time_metric 0.10449644655257453
epoch 6
  Train Loss: 0.0115, Test Loss: 0.1319
  Train Acc: 0.9960, Test Acc: 0.9684
  LR: 0.010000, Grad Norm: 0.1375, Throughput: 467.5 samples/s
accuracy_to_time_metric 0.1001588971279068
epoch 10
  Train Loss: 0.0108, Test Loss: 0.1186
  Train Acc: 0.9966, Test Acc: 0.9684
  LR: 0.010000, Grad Norm: 0.0615, Throughput: 467.1 samples/s
accuracy_to_time_metric 0.09013365539552134
Training summary saved to /home/s471802/nn-gpt/out/training_summary.json
  Train Loss: 0.0263, Test Loss: 0.1194
  Train Acc: 0.9908, Test Acc: 0.9644
  LR: 0.010000, Grad Norm: 0.1789, Throughput: 272.8 samples/s
accuracy_to_time_metric 0.08716670950936087
epoch 7
  Train Loss: 0.0207, Test Loss: 0.1064
  Train Acc: 0.9933, Test Acc: 0.9660
  LR: 0.010000, Grad Norm: 0.0487, Throughput: 273.2 samples/s
accuracy_to_time_metric 0.0748825151863551
epoch 8
  Train Loss: 0.0176, Test Loss: 0.1448
  Train Acc: 0.9939, Test Acc: 0.9612
  LR: 0.010000, Grad Norm: 3.0000, Throughput: 272.0 samples/s
accuracy_to_time_metric 0.06514152548477298
epoch 9
  Train Loss: 0.0165, Test Loss: 0.1307
  Train Acc: 0.9945, Test Acc: 0.9618
  LR: 0.010000, Grad Norm: 0.0168, Throughput: 273.4 samples/s
accuracy_to_time_metric 0.0579649873246779
epoch 10
  Train Loss: 0.0134, Test Loss: 0.1224
  Train Acc: 0.9954, Test Acc: 0.9652
  LR: 0.010000, Grad Norm: 3.0000, Throughput: 271.5 samples/s
accuracy_to_time_metric 0.052353551984889966
Training summary saved to /home/s471802/nn-gpt/out/training_summary.json
[eval_only] 70/88 article_A_cifar10_epoch10-0281 formal_success=True acc=0.9684
[eval_only] 71/88 article_A_cifar10_epoch10-0282 formal_success=True acc=0.9652
[eval_only] 72/88 article_A_cifar10_epoch10-0283 formal_success=True acc=0.9434
[Reward Assign] reward_batch_index=0 batch_item=1/3 completion_index=72 worker_slot=0 assigned_gpu=0 physical_gpu=0 worker_device=cuda:0 gpu_name='NVIDIA L40S' gpu_free_gib=43.37 gpu_used_gib=1.02 gpu_total_gib=44.99 timeout_seconds=1920
[Reward Assign] reward_batch_index=0 batch_item=3/3 completion_index=74 worker_slot=2 assigned_gpu=2 physical_gpu=2 worker_device=cuda:0 gpu_name='NVIDIA L40S' gpu_free_gib=43.39 gpu_used_gib=1.00 gpu_total_gib=44.99 timeout_seconds=1920
[Reward Assign] reward_batch_index=0 batch_item=2/3 completion_index=73 worker_slot=1 assigned_gpu=1 physical_gpu=1 worker_device=cuda:0 gpu_name='NVIDIA L40S' gpu_free_gib=43.38 gpu_used_gib=1.02 gpu_total_gib=44.99 timeout_seconds=1920
Evaluating /home/s471802/nn-gpt/out/nn/tmp/d54da050366b6f0ffa6565eec4607772.py...
Evaluating /home/s471802/nn-gpt/out/nn/tmp/7121df01f635b8dafd5500a353c52738.py...
Evaluating /home/s471802/nn-gpt/out/nn/tmp/79c836a697d660cac91354f5a6cd17f9.py...
epoch 1
epoch 1
epoch 1
  Train Loss: 0.3670, Test Loss: 0.3323
  Train Acc: 0.8880, Test Acc: 0.8986
  LR: 0.010000, Grad Norm: 1.4825, Throughput: 720.0 samples/s
accuracy_to_time_metric 1.2776872931534757
epoch 2
  Train Loss: 0.3504, Test Loss: 0.2809
  Train Acc: 0.8959, Test Acc: 0.9124
  LR: 0.010000, Grad Norm: 3.0000, Throughput: 652.4 samples/s
accuracy_to_time_metric 1.1776552702467924
epoch 2
  Train Loss: 0.2698, Test Loss: 0.2967
  Train Acc: 0.9162, Test Acc: 0.9088
  LR: 0.010000, Grad Norm: 2.3597, Throughput: 723.0 samples/s
accuracy_to_time_metric 0.6478520462187581
epoch 3
  Train Loss: 0.2577, Test Loss: 0.3308
  Train Acc: 0.9229, Test Acc: 0.9120
  LR: 0.010000, Grad Norm: 2.6510, Throughput: 661.6 samples/s
accuracy_to_time_metric 0.5922593771238249
epoch 3
  Train Loss: 0.3855, Test Loss: 0.3357
  Train Acc: 0.8803, Test Acc: 0.8984
  LR: 0.010000, Grad Norm: 3.0000, Throughput: 263.8 samples/s
accuracy_to_time_metric 0.46799706926185936
epoch 2
  Train Loss: 0.2445, Test Loss: 0.3175
  Train Acc: 0.9246, Test Acc: 0.9064
  LR: 0.010000, Grad Norm: 3.0000, Throughput: 723.6 samples/s
accuracy_to_time_metric 0.430919008104123
epoch 4
  Train Loss: 0.2083, Test Loss: 0.2963
  Train Acc: 0.9360, Test Acc: 0.9116
  LR: 0.010000, Grad Norm: 3.0000, Throughput: 661.8 samples/s
accuracy_to_time_metric 0.39551399048232855
epoch 4
  Train Loss: 0.2153, Test Loss: 0.3747
  Train Acc: 0.9314, Test Acc: 0.8990
  LR: 0.010000, Grad Norm: 3.0000, Throughput: 719.9 samples/s
accuracy_to_time_metric 0.31992769950475364
epoch 5
  Train Loss: 0.1797, Test Loss: 0.3686
  Train Acc: 0.9440, Test Acc: 0.9076
  LR: 0.010000, Grad Norm: 3.0000, Throughput: 658.7 samples/s
accuracy_to_time_metric 0.29515623229500143
epoch 5
  Train Loss: 0.2047, Test Loss: 0.3349
  Train Acc: 0.9344, Test Acc: 0.9102
  LR: 0.010000, Grad Norm: 1.1735, Throughput: 722.3 samples/s
accuracy_to_time_metric 0.25955820317829587
epoch 6
  Train Loss: 0.3254, Test Loss: 0.3350
  Train Acc: 0.9002, Test Acc: 0.8974
  LR: 0.010000, Grad Norm: 3.0000, Throughput: 264.8 samples/s
accuracy_to_time_metric 0.23409274872585806
epoch 3
  Train Loss: 0.1690, Test Loss: 0.3207
  Train Acc: 0.9467, Test Acc: 0.9164
  LR: 0.010000, Grad Norm: 3.0000, Throughput: 663.9 samples/s
accuracy_to_time_metric 0.23905839826609349
epoch 6
  Train Loss: 0.1976, Test Loss: 0.3677
  Train Acc: 0.9376, Test Acc: 0.9040
  LR: 0.010000, Grad Norm: 3.0000, Throughput: 726.1 samples/s
accuracy_to_time_metric 0.21484588283270056
epoch 7
  Train Loss: 0.1486, Test Loss: 0.3206
  Train Acc: 0.9510, Test Acc: 0.9148
  LR: 0.010000, Grad Norm: 3.0000, Throughput: 661.2 samples/s
accuracy_to_time_metric 0.19889427446139657
epoch 7
  Train Loss: 0.1859, Test Loss: 0.3734
  Train Acc: 0.9413, Test Acc: 0.8970
  LR: 0.010000, Grad Norm: 3.0000, Throughput: 722.6 samples/s
accuracy_to_time_metric 0.18254857368139532
epoch 8
  Train Loss: 0.1406, Test Loss: 0.3302
  Train Acc: 0.9543, Test Acc: 0.9202
  LR: 0.010000, Grad Norm: 0.0605, Throughput: 664.3 samples/s
accuracy_to_time_metric 0.17176844213380968
epoch 8
  Train Loss: 0.1768, Test Loss: 0.3463
  Train Acc: 0.9424, Test Acc: 0.9082
  LR: 0.010000, Grad Norm: 3.0000, Throughput: 721.5 samples/s
accuracy_to_time_metric 0.16194181939236724
epoch 9
  Train Loss: 0.3022, Test Loss: 0.3572
  Train Acc: 0.9055, Test Acc: 0.8930
  LR: 0.010000, Grad Norm: 2.9799, Throughput: 265.1 samples/s
accuracy_to_time_metric 0.15533904149029049
epoch 4
  Train Loss: 0.1262, Test Loss: 0.3048
  Train Acc: 0.9589, Test Acc: 0.9160
  LR: 0.010000, Grad Norm: 3.0000, Throughput: 660.7 samples/s
accuracy_to_time_metric 0.1495282100961323
epoch 9
  Train Loss: 0.1690, Test Loss: 0.3433
  Train Acc: 0.9451, Test Acc: 0.9054
  LR: 0.010000, Grad Norm: 0.0018, Throughput: 718.8 samples/s
accuracy_to_time_metric 0.14336662388730415
epoch 10
  Train Loss: 0.1286, Test Loss: 0.3249
  Train Acc: 0.9588, Test Acc: 0.9172
  LR: 0.010000, Grad Norm: 0.3028, Throughput: 661.0 samples/s
accuracy_to_time_metric 0.13311753747634555
epoch 10
  Train Loss: 0.1651, Test Loss: 0.3774
  Train Acc: 0.9462, Test Acc: 0.9056
  LR: 0.010000, Grad Norm: 2.0657, Throughput: 723.7 samples/s
accuracy_to_time_metric 0.12908937656438066
Training summary saved to /home/s471802/nn-gpt/out/training_summary.json
  Train Loss: 0.2868, Test Loss: 0.3974
  Train Acc: 0.9103, Test Acc: 0.8944
  LR: 0.010000, Grad Norm: 2.5788, Throughput: 265.0 samples/s
accuracy_to_time_metric 0.11674884082836234
epoch 5
  Train Loss: 0.1121, Test Loss: 0.3199
  Train Acc: 0.9624, Test Acc: 0.9156
  LR: 0.010000, Grad Norm: 2.7331, Throughput: 664.7 samples/s
accuracy_to_time_metric 0.11964344685379326
Training summary saved to /home/s471802/nn-gpt/out/training_summary.json
  Train Loss: 0.2857, Test Loss: 0.3969
  Train Acc: 0.9113, Test Acc: 0.8916
  LR: 0.010000, Grad Norm: 3.0000, Throughput: 264.2 samples/s
accuracy_to_time_metric 0.09303569087559892
epoch 6
  Train Loss: 0.2772, Test Loss: 0.3569
  Train Acc: 0.9136, Test Acc: 0.8894
  LR: 0.010000, Grad Norm: 3.0000, Throughput: 264.0 samples/s
accuracy_to_time_metric 0.07728621164284401
epoch 7
  Train Loss: 0.2756, Test Loss: 0.4291
  Train Acc: 0.9146, Test Acc: 0.8846
  LR: 0.010000, Grad Norm: 3.0000, Throughput: 264.1 samples/s
accuracy_to_time_metric 0.06582974549496368
epoch 8
  Train Loss: 0.2748, Test Loss: 0.3371
  Train Acc: 0.9143, Test Acc: 0.9022
  LR: 0.010000, Grad Norm: 3.0000, Throughput: 264.6 samples/s
accuracy_to_time_metric 0.05889760574793875
epoch 9
  Train Loss: 0.2675, Test Loss: 0.3949
  Train Acc: 0.9174, Test Acc: 0.8874
  LR: 0.010000, Grad Norm: 0.9272, Throughput: 264.7 samples/s
accuracy_to_time_metric 0.0513923108890899
epoch 10
  Train Loss: 0.2668, Test Loss: 0.3981
  Train Acc: 0.9171, Test Acc: 0.8930
  LR: 0.010000, Grad Norm: 0.1790, Throughput: 264.8 samples/s
accuracy_to_time_metric 0.04658682945610094
Training summary saved to /home/s471802/nn-gpt/out/training_summary.json
[eval_only] 73/88 article_A_cifar10_epoch10-0284 formal_success=True acc=0.893
[eval_only] 74/88 article_A_cifar10_epoch10-0285 formal_success=True acc=0.9056
[eval_only] 75/88 article_A_cifar10_epoch10-0286 formal_success=True acc=0.9156
[Reward Assign] reward_batch_index=0 batch_item=3/3 completion_index=77 worker_slot=2 assigned_gpu=2 physical_gpu=2 worker_device=cuda:0 gpu_name='NVIDIA L40S' gpu_free_gib=43.39 gpu_used_gib=1.00 gpu_total_gib=44.99 timeout_seconds=1920
[Reward Assign] reward_batch_index=0 batch_item=1/3 completion_index=75 worker_slot=0 assigned_gpu=0 physical_gpu=0 worker_device=cuda:0 gpu_name='NVIDIA L40S' gpu_free_gib=43.37 gpu_used_gib=1.02 gpu_total_gib=44.99 timeout_seconds=1920
[Reward Assign] reward_batch_index=0 batch_item=2/3 completion_index=76 worker_slot=1 assigned_gpu=1 physical_gpu=1 worker_device=cuda:0 gpu_name='NVIDIA L40S' gpu_free_gib=43.38 gpu_used_gib=1.02 gpu_total_gib=44.99 timeout_seconds=1920
Evaluating /home/s471802/nn-gpt/out/nn/tmp/a1fb0446b02e7a7ed6ef1e89808f4278.py...
Evaluating /home/s471802/nn-gpt/out/nn/tmp/9a6de00a87df41d89ea334cd134069a8.py...
Evaluating /home/s471802/nn-gpt/out/nn/tmp/00052734a559e3647a2b6483bb2806c3.py...
epoch 1
epoch 1
epoch 1
  Train Loss: 0.3831, Test Loss: 0.3580
  Train Acc: 0.8798, Test Acc: 0.8920
  LR: 0.010000, Grad Norm: 0.1060, Throughput: 666.2 samples/s
accuracy_to_time_metric 1.172407196417148
epoch 2
  Train Loss: 0.3133, Test Loss: 0.1891
  Train Acc: 0.8944, Test Acc: 0.9342
  LR: 0.010000, Grad Norm: 3.0000, Throughput: 519.4 samples/s
accuracy_to_time_metric 0.9627413249213378
epoch 2
  Train Loss: 0.8387, Test Loss: 0.3634
  Train Acc: 0.7064, Test Acc: 0.8726
  LR: 0.010000, Grad Norm: 3.0000, Throughput: 490.9 samples/s
accuracy_to_time_metric 0.8427173308828614
epoch 2
  Train Loss: 0.3068, Test Loss: 0.3595
  Train Acc: 0.9026, Test Acc: 0.8918
  LR: 0.010000, Grad Norm: 3.0000, Throughput: 669.1 samples/s
accuracy_to_time_metric 0.5869047471555409
epoch 3
  Train Loss: 0.1427, Test Loss: 0.1552
  Train Acc: 0.9523, Test Acc: 0.9442
  LR: 0.010000, Grad Norm: 0.8906, Throughput: 524.0 samples/s
accuracy_to_time_metric 0.489014618340542
epoch 3
  Train Loss: 0.2596, Test Loss: 0.1993
  Train Acc: 0.9120, Test Acc: 0.9358
  LR: 0.010000, Grad Norm: 3.0000, Throughput: 493.9 samples/s
accuracy_to_time_metric 0.4570053509020212
epoch 3
  Train Loss: 0.2976, Test Loss: 0.3527
  Train Acc: 0.9042, Test Acc: 0.8964
  LR: 0.010000, Grad Norm: 0.2916, Throughput: 670.3 samples/s
accuracy_to_time_metric 0.3939730820346463
epoch 4
  Train Loss: 0.0921, Test Loss: 0.1341
  Train Acc: 0.9687, Test Acc: 0.9548
  LR: 0.010000, Grad Norm: 0.0464, Throughput: 527.1 samples/s
accuracy_to_time_metric 0.33117403924246674
epoch 4
  Train Loss: 0.2784, Test Loss: 0.4084
  Train Acc: 0.9111, Test Acc: 0.8902
  LR: 0.010000, Grad Norm: 1.6916, Throughput: 670.7 samples/s
accuracy_to_time_metric 0.2933815816964159
epoch 5
  Train Loss: 0.1554, Test Loss: 0.1643
  Train Acc: 0.9470, Test Acc: 0.9424
  LR: 0.010000, Grad Norm: 3.0000, Throughput: 493.2 samples/s
accuracy_to_time_metric 0.3071921988486841
epoch 4
  Train Loss: 0.2710, Test Loss: 0.3806
  Train Acc: 0.9128, Test Acc: 0.8904
  LR: 0.010000, Grad Norm: 3.0000, Throughput: 670.7 samples/s
accuracy_to_time_metric 0.23486413361959788
epoch 6
  Train Loss: 0.0628, Test Loss: 0.1324
  Train Acc: 0.9788, Test Acc: 0.9550
  LR: 0.010000, Grad Norm: 0.2738, Throughput: 521.4 samples/s
accuracy_to_time_metric 0.24816645616644403
epoch 5
  Train Loss: 0.0983, Test Loss: 0.1657
  Train Acc: 0.9661, Test Acc: 0.9464
  LR: 0.010000, Grad Norm: 0.4633, Throughput: 491.0 samples/s
accuracy_to_time_metric 0.23127446992134315
epoch 5
  Train Loss: 0.2707, Test Loss: 0.4047
  Train Acc: 0.9135, Test Acc: 0.8894
  LR: 0.010000, Grad Norm: 3.0000, Throughput: 671.5 samples/s
accuracy_to_time_metric 0.19556441561037288
epoch 7
  Train Loss: 0.0464, Test Loss: 0.1332
  Train Acc: 0.9840, Test Acc: 0.9578
  LR: 0.010000, Grad Norm: 2.6871, Throughput: 525.6 samples/s
accuracy_to_time_metric 0.19937398798770967
epoch 6
  Train Loss: 0.0669, Test Loss: 0.1392
  Train Acc: 0.9772, Test Acc: 0.9512
  LR: 0.010000, Grad Norm: 0.3038, Throughput: 492.7 samples/s
accuracy_to_time_metric 0.18609215587400238
epoch 6
  Train Loss: 0.2595, Test Loss: 0.3667
  Train Acc: 0.9164, Test Acc: 0.8980
  LR: 0.010000, Grad Norm: 2.9430, Throughput: 672.1 samples/s
accuracy_to_time_metric 0.16953079659470602
epoch 8
  Train Loss: 0.0343, Test Loss: 0.1503
  Train Acc: 0.9881, Test Acc: 0.9576
  LR: 0.010000, Grad Norm: 3.0000, Throughput: 524.9 samples/s
accuracy_to_time_metric 0.1661761020904379
epoch 7
  Train Loss: 0.2566, Test Loss: 0.3679
  Train Acc: 0.9172, Test Acc: 0.8942
  LR: 0.010000, Grad Norm: 0.2204, Throughput: 672.1 samples/s
accuracy_to_time_metric 0.14768332543200954
epoch 9
  Train Loss: 0.0442, Test Loss: 0.1617
  Train Acc: 0.9846, Test Acc: 0.9530
  LR: 0.010000, Grad Norm: 0.2092, Throughput: 505.2 samples/s
accuracy_to_time_metric 0.15606041942934534
epoch 7
  Train Loss: 0.0280, Test Loss: 0.1334
  Train Acc: 0.9907, Test Acc: 0.9628
  LR: 0.010000, Grad Norm: 1.1541, Throughput: 526.1 samples/s
accuracy_to_time_metric 0.14338875787495695
epoch 8
  Train Loss: 0.2540, Test Loss: 0.4186
  Train Acc: 0.9184, Test Acc: 0.8874
  LR: 0.010000, Grad Norm: 2.7952, Throughput: 668.9 samples/s
accuracy_to_time_metric 0.1301162894728834
epoch 10
  Train Loss: 0.0341, Test Loss: 0.1535
  Train Acc: 0.9882, Test Acc: 0.9560
  LR: 0.010000, Grad Norm: 3.0000, Throughput: 492.9 samples/s
accuracy_to_time_metric 0.13417276667556038
epoch 8
  Train Loss: 0.2545, Test Loss: 0.3843
  Train Acc: 0.9189, Test Acc: 0.8940
  LR: 0.010000, Grad Norm: 3.0000, Throughput: 671.7 samples/s
accuracy_to_time_metric 0.11811106510169145
Training summary saved to /home/s471802/nn-gpt/out/training_summary.json
  Train Loss: 0.0187, Test Loss: 0.1581
  Train Acc: 0.9938, Test Acc: 0.9586
  LR: 0.010000, Grad Norm: 0.0013, Throughput: 525.3 samples/s
accuracy_to_time_metric 0.12488817284801544
epoch 9
  Train Loss: 0.0269, Test Loss: 0.1624
  Train Acc: 0.9905, Test Acc: 0.9546
  LR: 0.010000, Grad Norm: 3.0000, Throughput: 491.4 samples/s
accuracy_to_time_metric 0.11712299792438456
epoch 9
  Train Loss: 0.0159, Test Loss: 0.1404
  Train Acc: 0.9950, Test Acc: 0.9614
  LR: 0.010000, Grad Norm: 3.0000, Throughput: 523.8 samples/s
accuracy_to_time_metric 0.11136241112801058
epoch 10
  Train Loss: 0.0212, Test Loss: 0.1282
  Train Acc: 0.9931, Test Acc: 0.9624
  LR: 0.010000, Grad Norm: 3.0000, Throughput: 493.2 samples/s
accuracy_to_time_metric 0.10504202643253349
epoch 10
  Train Loss: 0.0142, Test Loss: 0.1579
  Train Acc: 0.9950, Test Acc: 0.9614
  LR: 0.010000, Grad Norm: 3.0000, Throughput: 523.9 samples/s
accuracy_to_time_metric 0.10022083710612713
Training summary saved to /home/s471802/nn-gpt/out/training_summary.json
  Train Loss: 0.0161, Test Loss: 0.1497
  Train Acc: 0.9947, Test Acc: 0.9594
  LR: 0.010000, Grad Norm: 0.0377, Throughput: 493.4 samples/s
accuracy_to_time_metric 0.09420029695636724
Training summary saved to /home/s471802/nn-gpt/out/training_summary.json
[eval_only] 76/88 article_A_cifar10_epoch10-0287 formal_success=True acc=0.9594
[eval_only] 77/88 article_A_cifar10_epoch10-0288 formal_success=True acc=0.9614
[eval_only] 78/88 article_A_cifar10_epoch10-0289 formal_success=True acc=0.894
[Reward Assign] reward_batch_index=0 batch_item=3/3 completion_index=80 worker_slot=2 assigned_gpu=2 physical_gpu=2 worker_device=cuda:0 gpu_name='NVIDIA L40S' gpu_free_gib=43.39 gpu_used_gib=1.00 gpu_total_gib=44.99 timeout_seconds=1920
[Reward Assign] reward_batch_index=0 batch_item=2/3 completion_index=79 worker_slot=1 assigned_gpu=1 physical_gpu=1 worker_device=cuda:0 gpu_name='NVIDIA L40S' gpu_free_gib=43.38 gpu_used_gib=1.02 gpu_total_gib=44.99 timeout_seconds=1920
[Reward Assign] reward_batch_index=0 batch_item=1/3 completion_index=78 worker_slot=0 assigned_gpu=0 physical_gpu=0 worker_device=cuda:0 gpu_name='NVIDIA L40S' gpu_free_gib=43.37 gpu_used_gib=1.02 gpu_total_gib=44.99 timeout_seconds=1920
Evaluating /home/s471802/nn-gpt/out/nn/tmp/466d774b3ac144c2087188ea8c2bb54f.py...
Evaluating /home/s471802/nn-gpt/out/nn/tmp/90824f1a831fe0771e44d36b6af2e4aa.py...
Evaluating /home/s471802/nn-gpt/out/nn/tmp/98a713116efefac8e3a3a10cb03e4025.py...
epoch 1
epoch 1
epoch 1
  Train Loss: 0.5307, Test Loss: 0.3197
  Train Acc: 0.8168, Test Acc: 0.8886
  LR: 0.010000, Grad Norm: 3.0000, Throughput: 904.5 samples/s
accuracy_to_time_metric 1.5850145645612554
epoch 2
  Train Loss: 0.4065, Test Loss: 0.1753
  Train Acc: 0.8676, Test Acc: 0.9424
  LR: 0.010000, Grad Norm: 3.0000, Throughput: 543.8 samples/s
accuracy_to_time_metric 1.017980516277778
epoch 2
  Train Loss: 0.2512, Test Loss: 0.2503
  Train Acc: 0.9158, Test Acc: 0.9140
  LR: 0.010000, Grad Norm: 3.0000, Throughput: 926.6 samples/s
accuracy_to_time_metric 0.8270496835145553
epoch 3
  Train Loss: 0.2961, Test Loss: 0.2281
  Train Acc: 0.9024, Test Acc: 0.9230
  LR: 0.010000, Grad Norm: 3.0000, Throughput: 450.8 samples/s
accuracy_to_time_metric 0.8243939247859607
epoch 2
  Train Loss: 0.1839, Test Loss: 0.2195
  Train Acc: 0.9378, Test Acc: 0.9292
  LR: 0.010000, Grad Norm: 3.0000, Throughput: 960.5 samples/s
accuracy_to_time_metric 0.5703868623063157
epoch 4
  Train Loss: 0.1296, Test Loss: 0.1112
  Train Acc: 0.9574, Test Acc: 0.9630
  LR: 0.010000, Grad Norm: 3.0000, Throughput: 551.0 samples/s
accuracy_to_time_metric 0.5245258587010073
epoch 3
  Train Loss: 0.1414, Test Loss: 0.2412
  Train Acc: 0.9524, Test Acc: 0.9242
  LR: 0.010000, Grad Norm: 3.0000, Throughput: 936.0 samples/s
accuracy_to_time_metric 0.42582069313313703
epoch 5
  Train Loss: 0.2107, Test Loss: 0.2159
  Train Acc: 0.9295, Test Acc: 0.9276
  LR: 0.010000, Grad Norm: 1.5591, Throughput: 453.1 samples/s
accuracy_to_time_metric 0.4153627857213883
epoch 3
  Train Loss: 0.1138, Test Loss: 0.2270
  Train Acc: 0.9615, Test Acc: 0.9318
  LR: 0.010000, Grad Norm: 3.0000, Throughput: 927.4 samples/s
accuracy_to_time_metric 0.34346015661363144
epoch 6
  Train Loss: 0.0711, Test Loss: 0.1062
  Train Acc: 0.9762, Test Acc: 0.9638
  LR: 0.010000, Grad Norm: 3.0000, Throughput: 551.6 samples/s
accuracy_to_time_metric 0.3508284436998062
epoch 4
  Train Loss: 0.0944, Test Loss: 0.2159
  Train Acc: 0.9679, Test Acc: 0.9384
  LR: 0.010000, Grad Norm: 3.0000, Throughput: 925.8 samples/s
accuracy_to_time_metric 0.288217677461698
epoch 7
  Train Loss: 0.1855, Test Loss: 0.2034
  Train Acc: 0.9374, Test Acc: 0.9308
  LR: 0.010000, Grad Norm: 3.0000, Throughput: 452.7 samples/s
accuracy_to_time_metric 0.27809060359445154
epoch 4
  Train Loss: 0.0440, Test Loss: 0.1169
  Train Acc: 0.9855, Test Acc: 0.9620
  LR: 0.010000, Grad Norm: 3.0000, Throughput: 549.7 samples/s
accuracy_to_time_metric 0.26265701840252603
epoch 5
  Train Loss: 0.0727, Test Loss: 0.2357
  Train Acc: 0.9756, Test Acc: 0.9312
  LR: 0.010000, Grad Norm: 3.0000, Throughput: 930.6 samples/s
accuracy_to_time_metric 0.24493697015481136
epoch 8
  Train Loss: 0.0647, Test Loss: 0.2119
  Train Acc: 0.9786, Test Acc: 0.9362
  LR: 0.010000, Grad Norm: 3.0000, Throughput: 938.9 samples/s
accuracy_to_time_metric 0.2158586179603264
epoch 9
  Train Loss: 0.1704, Test Loss: 0.2221
  Train Acc: 0.9418, Test Acc: 0.9264
  LR: 0.010000, Grad Norm: 3.0000, Throughput: 453.0 samples/s
accuracy_to_time_metric 0.20754268669993742
epoch 5
  Train Loss: 0.0326, Test Loss: 0.1015
  Train Acc: 0.9893, Test Acc: 0.9682
  LR: 0.010000, Grad Norm: 0.7907, Throughput: 551.8 samples/s
accuracy_to_time_metric 0.2118373097704416
epoch 6
  Train Loss: 0.0581, Test Loss: 0.2328
  Train Acc: 0.9804, Test Acc: 0.9396
  LR: 0.010000, Grad Norm: 3.0000, Throughput: 930.5 samples/s
accuracy_to_time_metric 0.19263688389226855
epoch 10
  Train Loss: 0.0487, Test Loss: 0.2151
  Train Acc: 0.9835, Test Acc: 0.9444
  LR: 0.010000, Grad Norm: 3.0000, Throughput: 926.2 samples/s
accuracy_to_time_metric 0.1742711746102712
Training summary saved to /home/s471802/nn-gpt/out/training_summary.json
  Train Loss: 0.0186, Test Loss: 0.0993
  Train Acc: 0.9939, Test Acc: 0.9706
  LR: 0.010000, Grad Norm: 3.0000, Throughput: 552.2 samples/s
accuracy_to_time_metric 0.17715487968673888
epoch 7
  Train Loss: 0.1584, Test Loss: 0.2025
  Train Acc: 0.9463, Test Acc: 0.9318
  LR: 0.010000, Grad Norm: 2.9247, Throughput: 453.5 samples/s
accuracy_to_time_metric 0.167193824596007
epoch 6
  Train Loss: 0.0178, Test Loss: 0.1037
  Train Acc: 0.9940, Test Acc: 0.9696
  LR: 0.010000, Grad Norm: 3.0000, Throughput: 555.1 samples/s
accuracy_to_time_metric 0.1518677533533396
epoch 8
  Train Loss: 0.1504, Test Loss: 0.2043
  Train Acc: 0.9487, Test Acc: 0.9340
  LR: 0.010000, Grad Norm: 0.2234, Throughput: 453.4 samples/s
accuracy_to_time_metric 0.13971751789923023
epoch 7
  Train Loss: 0.0146, Test Loss: 0.1072
  Train Acc: 0.9953, Test Acc: 0.9718
  LR: 0.010000, Grad Norm: 0.1443, Throughput: 551.3 samples/s
accuracy_to_time_metric 0.1332330459561047
epoch 9
  Train Loss: 0.1399, Test Loss: 0.2085
  Train Acc: 0.9520, Test Acc: 0.9274
  LR: 0.010000, Grad Norm: 3.0000, Throughput: 454.3 samples/s
accuracy_to_time_metric 0.11886676168121882
epoch 8
  Train Loss: 0.0115, Test Loss: 0.1035
  Train Acc: 0.9962, Test Acc: 0.9742
  LR: 0.010000, Grad Norm: 3.0000, Throughput: 547.6 samples/s
accuracy_to_time_metric 0.11867705843705632
epoch 10
  Train Loss: 0.1349, Test Loss: 0.2111
  Train Acc: 0.9545, Test Acc: 0.9280
  LR: 0.010000, Grad Norm: 0.2728, Throughput: 454.2 samples/s
accuracy_to_time_metric 0.10411764611200092
epoch 9
  Train Loss: 0.0083, Test Loss: 0.1014
  Train Acc: 0.9975, Test Acc: 0.9730
  LR: 0.010000, Grad Norm: 3.0000, Throughput: 551.1 samples/s
accuracy_to_time_metric 0.10667437390759804
Training summary saved to /home/s471802/nn-gpt/out/training_summary.json
  Train Loss: 0.1304, Test Loss: 0.2136
  Train Acc: 0.9558, Test Acc: 0.9252
  LR: 0.010000, Grad Norm: 3.0000, Throughput: 452.0 samples/s
accuracy_to_time_metric 0.09221036830436959
epoch 10
  Train Loss: 0.1248, Test Loss: 0.2123
  Train Acc: 0.9574, Test Acc: 0.9300
  LR: 0.010000, Grad Norm: 0.2940, Throughput: 450.8 samples/s
accuracy_to_time_metric 0.08343070161765481
Training summary saved to /home/s471802/nn-gpt/out/training_summary.json
[eval_only] 79/88 article_A_cifar10_epoch10-0290 formal_success=True acc=0.9444
[eval_only] 80/88 article_A_cifar10_epoch10-0291 formal_success=True acc=0.93
[eval_only] 81/88 article_A_cifar10_epoch10-0292 formal_success=True acc=0.973
[Reward Assign] reward_batch_index=0 batch_item=2/3 completion_index=82 worker_slot=1 assigned_gpu=1 physical_gpu=1 worker_device=cuda:0 gpu_name='NVIDIA L40S' gpu_free_gib=43.38 gpu_used_gib=1.02 gpu_total_gib=44.99 timeout_seconds=1920
[Reward Assign] reward_batch_index=0 batch_item=3/3 completion_index=83 worker_slot=2 assigned_gpu=2 physical_gpu=2 worker_device=cuda:0 gpu_name='NVIDIA L40S' gpu_free_gib=43.39 gpu_used_gib=1.00 gpu_total_gib=44.99 timeout_seconds=1920
[Reward Assign] reward_batch_index=0 batch_item=1/3 completion_index=81 worker_slot=0 assigned_gpu=0 physical_gpu=0 worker_device=cuda:0 gpu_name='NVIDIA L40S' gpu_free_gib=43.37 gpu_used_gib=1.02 gpu_total_gib=44.99 timeout_seconds=1920
Evaluating /home/s471802/nn-gpt/out/nn/tmp/e3020c1ae94f1c3f0ef5ad7ab34bc18b.py...
Evaluating /home/s471802/nn-gpt/out/nn/tmp/b0d050c65dfe04812f2b5e33c77342eb.py...
Evaluating /home/s471802/nn-gpt/out/nn/tmp/9c77ba8ddaecefde0b72ccb7ce208451.py...
epoch 1
epoch 1
epoch 1
  Train Loss: 0.4212, Test Loss: 0.2468
  Train Acc: 0.8567, Test Acc: 0.9142
  LR: 0.010000, Grad Norm: 3.0000, Throughput: 702.6 samples/s
accuracy_to_time_metric 1.2712689926393637
epoch 2
  Train Loss: 0.7649, Test Loss: 0.3040
  Train Acc: 0.7530, Test Acc: 0.9132
  LR: 0.010000, Grad Norm: 3.0000, Throughput: 508.5 samples/s
accuracy_to_time_metric 0.9189548518464318
epoch 2
  Train Loss: 0.1978, Test Loss: 0.2240
  Train Acc: 0.9319, Test Acc: 0.9238
  LR: 0.010000, Grad Norm: 3.0000, Throughput: 665.6 samples/s
accuracy_to_time_metric 0.6252646401043283
epoch 3
  Train Loss: 0.3913, Test Loss: 0.2745
  Train Acc: 0.8695, Test Acc: 0.9008
  LR: 0.010000, Grad Norm: 3.0000, Throughput: 276.0 samples/s
accuracy_to_time_metric 0.49113440810825826
epoch 2
  Train Loss: 0.2194, Test Loss: 0.3059
  Train Acc: 0.9279, Test Acc: 0.9236
  LR: 0.010000, Grad Norm: 3.0000, Throughput: 526.9 samples/s
accuracy_to_time_metric 0.47331271191997176
epoch 3
  Train Loss: 0.1287, Test Loss: 0.1969
  Train Acc: 0.9554, Test Acc: 0.9306
  LR: 0.010000, Grad Norm: 3.0000, Throughput: 657.0 samples/s
accuracy_to_time_metric 0.4145845144975179
epoch 4
  Train Loss: 0.1306, Test Loss: 0.1524
  Train Acc: 0.9572, Test Acc: 0.9520
  LR: 0.010000, Grad Norm: 3.0000, Throughput: 521.5 samples/s
accuracy_to_time_metric 0.3271844265377689
epoch 4
  Train Loss: 0.0902, Test Loss: 0.1762
  Train Acc: 0.9693, Test Acc: 0.9386
  LR: 0.010000, Grad Norm: 3.0000, Throughput: 654.6 samples/s
accuracy_to_time_metric 0.31152628490117934
epoch 5
  Train Loss: 0.2156, Test Loss: 0.2895
  Train Acc: 0.9267, Test Acc: 0.9050
  LR: 0.010000, Grad Norm: 3.0000, Throughput: 278.9 samples/s
accuracy_to_time_metric 0.2480843414943715
epoch 3
  Train Loss: 0.0654, Test Loss: 0.2141
  Train Acc: 0.9776, Test Acc: 0.9292
  LR: 0.010000, Grad Norm: 3.0000, Throughput: 668.2 samples/s
accuracy_to_time_metric 0.24631943608194307
epoch 6
  Train Loss: 0.0849, Test Loss: 0.1379
  Train Acc: 0.9723, Test Acc: 0.9566
  LR: 0.010000, Grad Norm: 3.0000, Throughput: 522.5 samples/s
accuracy_to_time_metric 0.24712168800988527
epoch 5
  Train Loss: 0.0511, Test Loss: 0.2260
  Train Acc: 0.9829, Test Acc: 0.9342
  LR: 0.010000, Grad Norm: 1.5303, Throughput: 662.0 samples/s
accuracy_to_time_metric 0.20612197387797268
epoch 7
  Train Loss: 0.0567, Test Loss: 0.1090
  Train Acc: 0.9809, Test Acc: 0.9626
  LR: 0.010000, Grad Norm: 0.8208, Throughput: 529.8 samples/s
accuracy_to_time_metric 0.1998297994231605
epoch 6
  Train Loss: 0.0410, Test Loss: 0.2176
  Train Acc: 0.9856, Test Acc: 0.9342
  LR: 0.010000, Grad Norm: 3.0000, Throughput: 658.4 samples/s
accuracy_to_time_metric 0.1763025407875381
epoch 8
  Train Loss: 0.1506, Test Loss: 0.2458
  Train Acc: 0.9495, Test Acc: 0.9204
  LR: 0.010000, Grad Norm: 3.0000, Throughput: 281.2 samples/s
accuracy_to_time_metric 0.16928553854533332
epoch 4
  Train Loss: 0.0403, Test Loss: 0.1029
  Train Acc: 0.9866, Test Acc: 0.9648
  LR: 0.010000, Grad Norm: 3.0000, Throughput: 528.6 samples/s
accuracy_to_time_metric 0.16730398080546444
epoch 7
  Train Loss: 0.0341, Test Loss: 0.2018
  Train Acc: 0.9886, Test Acc: 0.9434
  LR: 0.010000, Grad Norm: 0.7572, Throughput: 662.7 samples/s
accuracy_to_time_metric 0.15584642524070386
epoch 9
  Train Loss: 0.0324, Test Loss: 0.1289
  Train Acc: 0.9887, Test Acc: 0.9636
  LR: 0.010000, Grad Norm: 2.7604, Throughput: 526.1 samples/s
accuracy_to_time_metric 0.14332539116512596
epoch 8
  Train Loss: 0.0252, Test Loss: 0.2106
  Train Acc: 0.9912, Test Acc: 0.9468
  LR: 0.010000, Grad Norm: 3.0000, Throughput: 659.4 samples/s
accuracy_to_time_metric 0.13892992808453175
epoch 10
  Train Loss: 0.1154, Test Loss: 0.2450
  Train Acc: 0.9605, Test Acc: 0.9218
  LR: 0.010000, Grad Norm: 3.0000, Throughput: 280.8 samples/s
accuracy_to_time_metric 0.12741093946837342
epoch 5
  Train Loss: 0.0234, Test Loss: 0.1832
  Train Acc: 0.9917, Test Acc: 0.9482
  LR: 0.010000, Grad Norm: 0.1876, Throughput: 665.3 samples/s
accuracy_to_time_metric 0.1252400234954174
Training summary saved to /home/s471802/nn-gpt/out/training_summary.json
  Train Loss: 0.0270, Test Loss: 0.1867
  Train Acc: 0.9908, Test Acc: 0.9520
  LR: 0.010000, Grad Norm: 3.0000, Throughput: 527.5 samples/s
accuracy_to_time_metric 0.12384491970215888
epoch 9
  Train Loss: 0.0208, Test Loss: 0.1250
  Train Acc: 0.9931, Test Acc: 0.9628
  LR: 0.010000, Grad Norm: 3.0000, Throughput: 524.2 samples/s
accuracy_to_time_metric 0.11148661208090312
epoch 10
  Train Loss: 0.0899, Test Loss: 0.2200
  Train Acc: 0.9693, Test Acc: 0.9330
  LR: 0.010000, Grad Norm: 3.0000, Throughput: 280.3 samples/s
accuracy_to_time_metric 0.10339903364611588
epoch 6
  Train Loss: 0.0161, Test Loss: 0.1210
  Train Acc: 0.9942, Test Acc: 0.9662
  LR: 0.010000, Grad Norm: 0.4129, Throughput: 528.6 samples/s
accuracy_to_time_metric 0.10082217151644876
Training summary saved to /home/s471802/nn-gpt/out/training_summary.json
  Train Loss: 0.0727, Test Loss: 0.2127
  Train Acc: 0.9743, Test Acc: 0.9328
  LR: 0.010000, Grad Norm: 3.0000, Throughput: 280.5 samples/s
accuracy_to_time_metric 0.08619935256257431
epoch 7
  Train Loss: 0.0596, Test Loss: 0.2214
  Train Acc: 0.9794, Test Acc: 0.9336
  LR: 0.010000, Grad Norm: 1.2498, Throughput: 279.0 samples/s
accuracy_to_time_metric 0.07393021173897722
epoch 8
  Train Loss: 0.0511, Test Loss: 0.2106
  Train Acc: 0.9825, Test Acc: 0.9432
  LR: 0.010000, Grad Norm: 3.0000, Throughput: 280.3 samples/s
accuracy_to_time_metric 0.0654556668868676
epoch 9
  Train Loss: 0.0412, Test Loss: 0.2306
  Train Acc: 0.9855, Test Acc: 0.9378
  LR: 0.010000, Grad Norm: 3.0000, Throughput: 280.4 samples/s
accuracy_to_time_metric 0.05782866898765683
epoch 10
  Train Loss: 0.0353, Test Loss: 0.2007
  Train Acc: 0.9879, Test Acc: 0.9410
  LR: 0.010000, Grad Norm: 0.1273, Throughput: 279.3 samples/s
accuracy_to_time_metric 0.05223589017472314
Training summary saved to /home/s471802/nn-gpt/out/training_summary.json
[eval_only] 82/88 article_A_cifar10_epoch10-0293 formal_success=True acc=0.9482
[eval_only] 83/88 article_A_cifar10_epoch10-0294 formal_success=True acc=0.9662
[eval_only] 84/88 article_A_cifar10_epoch10-0295 formal_success=True acc=0.941
[Reward Assign] reward_batch_index=0 batch_item=2/3 completion_index=85 worker_slot=1 assigned_gpu=1 physical_gpu=1 worker_device=cuda:0 gpu_name='NVIDIA L40S' gpu_free_gib=43.38 gpu_used_gib=1.02 gpu_total_gib=44.99 timeout_seconds=1920
[Reward Assign] reward_batch_index=0 batch_item=1/3 completion_index=84 worker_slot=0 assigned_gpu=0 physical_gpu=0 worker_device=cuda:0 gpu_name='NVIDIA L40S' gpu_free_gib=43.37 gpu_used_gib=1.02 gpu_total_gib=44.99 timeout_seconds=1920
[Reward Assign] reward_batch_index=0 batch_item=3/3 completion_index=86 worker_slot=2 assigned_gpu=2 physical_gpu=2 worker_device=cuda:0 gpu_name='NVIDIA L40S' gpu_free_gib=43.39 gpu_used_gib=1.00 gpu_total_gib=44.99 timeout_seconds=1920
Evaluating /home/s471802/nn-gpt/out/nn/tmp/c66f28e7c61134fbe5fd2bed9ad5e57b.py...
Evaluating /home/s471802/nn-gpt/out/nn/tmp/bc197b94abf6242dc8a136fd48b36a62.py...
Evaluating /home/s471802/nn-gpt/out/nn/tmp/668738a76eb6769312e51fb113ea204f.py...
epoch 1
epoch 1
epoch 1
  Train Loss: 0.3677, Test Loss: 0.4027
  Train Acc: 0.8846, Test Acc: 0.8834
  LR: 0.010000, Grad Norm: 3.0000, Throughput: 1765.7 samples/s
accuracy_to_time_metric 3.0735438356808196
epoch 2
  Train Loss: 0.4137, Test Loss: 0.2061
  Train Acc: 0.8633, Test Acc: 0.9264
  LR: 0.010000, Grad Norm: 3.0000, Throughput: 900.1 samples/s
accuracy_to_time_metric 1.6529085650180406
epoch 2
  Train Loss: 0.2685, Test Loss: 0.3464
  Train Acc: 0.9135, Test Acc: 0.8990
  LR: 0.010000, Grad Norm: 3.0000, Throughput: 1866.2 samples/s
accuracy_to_time_metric 1.607472494270926
epoch 3
  Train Loss: 0.2262, Test Loss: 0.2801
  Train Acc: 0.9257, Test Acc: 0.9128
  LR: 0.010000, Grad Norm: 3.0000, Throughput: 1892.7 samples/s
accuracy_to_time_metric 1.104570318965934
epoch 4
  Train Loss: 0.1678, Test Loss: 0.1719
  Train Acc: 0.9437, Test Acc: 0.9384
  LR: 0.010000, Grad Norm: 3.0000, Throughput: 932.5 samples/s
accuracy_to_time_metric 0.8524124424999393
epoch 3
  Train Loss: 0.2028, Test Loss: 0.2908
  Train Acc: 0.9330, Test Acc: 0.9088
  LR: 0.010000, Grad Norm: 1.3099, Throughput: 1856.9 samples/s
accuracy_to_time_metric 0.825954166028649
epoch 5
  Train Loss: 0.6509, Test Loss: 0.3363
  Train Acc: 0.7748, Test Acc: 0.8864
  LR: 0.010000, Grad Norm: 3.0000, Throughput: 378.0 samples/s
accuracy_to_time_metric 0.6605228414046918
epoch 2
  Train Loss: 0.1887, Test Loss: 0.2888
  Train Acc: 0.9361, Test Acc: 0.9078
  LR: 0.010000, Grad Norm: 3.0000, Throughput: 1861.4 samples/s
accuracy_to_time_metric 0.6610359101499051
epoch 6
  Train Loss: 0.1761, Test Loss: 0.2912
  Train Acc: 0.9402, Test Acc: 0.9100
  LR: 0.010000, Grad Norm: 0.3232, Throughput: 1889.3 samples/s
accuracy_to_time_metric 0.5543204768233229
epoch 7
  Train Loss: 0.1070, Test Loss: 0.1530
  Train Acc: 0.9635, Test Acc: 0.9506
  LR: 0.010000, Grad Norm: 3.0000, Throughput: 899.7 samples/s
accuracy_to_time_metric 0.5728853043420943
epoch 4
  Train Loss: 0.1638, Test Loss: 0.2926
  Train Acc: 0.9443, Test Acc: 0.9086
  LR: 0.010000, Grad Norm: 3.0000, Throughput: 1859.5 samples/s
accuracy_to_time_metric 0.4744477149340859
epoch 8
  Train Loss: 0.1552, Test Loss: 0.3053
  Train Acc: 0.9461, Test Acc: 0.9066
  LR: 0.010000, Grad Norm: 0.5775, Throughput: 1877.9 samples/s
accuracy_to_time_metric 0.41471047362644037
epoch 9
  Train Loss: 0.0729, Test Loss: 0.1408
  Train Acc: 0.9741, Test Acc: 0.9546
  LR: 0.010000, Grad Norm: 3.0000, Throughput: 944.8 samples/s
accuracy_to_time_metric 0.4355532984550069
epoch 5
  Train Loss: 0.1407, Test Loss: 0.3198
  Train Acc: 0.9514, Test Acc: 0.9086
  LR: 0.010000, Grad Norm: 0.6980, Throughput: 1900.7 samples/s
accuracy_to_time_metric 0.370445984181447
epoch 10
  Train Loss: 0.2513, Test Loss: 0.2268
  Train Acc: 0.9140, Test Acc: 0.9200
  LR: 0.010000, Grad Norm: 3.0000, Throughput: 378.1 samples/s
accuracy_to_time_metric 0.3442856349554723
epoch 3
  Train Loss: 0.1442, Test Loss: 0.2997
  Train Acc: 0.9503, Test Acc: 0.9128
  LR: 0.010000, Grad Norm: 3.0000, Throughput: 1848.7 samples/s
accuracy_to_time_metric 0.3348684195211347
Training summary saved to /home/s471802/nn-gpt/out/training_summary.json
  Train Loss: 0.0534, Test Loss: 0.1445
  Train Acc: 0.9812, Test Acc: 0.9500
  LR: 0.010000, Grad Norm: 3.0000, Throughput: 889.2 samples/s
accuracy_to_time_metric 0.34424454062775794
epoch 6
  Train Loss: 0.0416, Test Loss: 0.1412
  Train Acc: 0.9855, Test Acc: 0.9570
  LR: 0.010000, Grad Norm: 3.0000, Throughput: 894.5 samples/s
accuracy_to_time_metric 0.2882366381259574
epoch 7
  Train Loss: 0.0328, Test Loss: 0.1570
  Train Acc: 0.9886, Test Acc: 0.9522
  LR: 0.010000, Grad Norm: 3.0000, Throughput: 896.7 samples/s
accuracy_to_time_metric 0.24515667208683764
epoch 8
  Train Loss: 0.1593, Test Loss: 0.2093
  Train Acc: 0.9455, Test Acc: 0.9326
  LR: 0.010000, Grad Norm: 3.0000, Throughput: 376.4 samples/s
accuracy_to_time_metric 0.23266976691505462
epoch 4
  Train Loss: 0.0278, Test Loss: 0.1488
  Train Acc: 0.9904, Test Acc: 0.9558
  LR: 0.010000, Grad Norm: 3.0000, Throughput: 957.2 samples/s
accuracy_to_time_metric 0.2168058333710869
epoch 9
  Train Loss: 0.0234, Test Loss: 0.1563
  Train Acc: 0.9920, Test Acc: 0.9556
  LR: 0.010000, Grad Norm: 0.1383, Throughput: 905.0 samples/s
accuracy_to_time_metric 0.19246087659264113
epoch 10
  Train Loss: 0.1167, Test Loss: 0.2442
  Train Acc: 0.9596, Test Acc: 0.9352
  LR: 0.010000, Grad Norm: 2.5029, Throughput: 377.9 samples/s
accuracy_to_time_metric 0.17508185097768592
epoch 5
  Train Loss: 0.0207, Test Loss: 0.1426
  Train Acc: 0.9926, Test Acc: 0.9614
  LR: 0.010000, Grad Norm: 3.0000, Throughput: 900.1 samples/s
accuracy_to_time_metric 0.17414153767517385
Training summary saved to /home/s471802/nn-gpt/out/training_summary.json
  Train Loss: 0.0833, Test Loss: 0.2966
  Train Acc: 0.9713, Test Acc: 0.9376
  LR: 0.010000, Grad Norm: 3.0000, Throughput: 378.8 samples/s
accuracy_to_time_metric 0.1405526056609288
epoch 6
  Train Loss: 0.0617, Test Loss: 0.2105
  Train Acc: 0.9795, Test Acc: 0.9388
  LR: 0.010000, Grad Norm: 3.0000, Throughput: 378.5 samples/s
accuracy_to_time_metric 0.11732901024114753
epoch 7
  Train Loss: 0.0487, Test Loss: 0.1782
  Train Acc: 0.9829, Test Acc: 0.9452
  LR: 0.010000, Grad Norm: 3.0000, Throughput: 378.4 samples/s
accuracy_to_time_metric 0.10135182788135462
epoch 8
  Train Loss: 0.0380, Test Loss: 0.2047
  Train Acc: 0.9868, Test Acc: 0.9440
  LR: 0.010000, Grad Norm: 3.0000, Throughput: 373.7 samples/s
accuracy_to_time_metric 0.08842708788647499
epoch 9
  Train Loss: 0.0309, Test Loss: 0.1866
  Train Acc: 0.9896, Test Acc: 0.9474
  LR: 0.010000, Grad Norm: 3.0000, Throughput: 378.3 samples/s
accuracy_to_time_metric 0.07893729884568236
epoch 10
  Train Loss: 0.0284, Test Loss: 0.2051
  Train Acc: 0.9903, Test Acc: 0.9438
  LR: 0.010000, Grad Norm: 0.7757, Throughput: 372.8 samples/s
accuracy_to_time_metric 0.07065017104465116
Training summary saved to /home/s471802/nn-gpt/out/training_summary.json
[eval_only] 85/88 article_A_cifar10_epoch10-0296 formal_success=True acc=0.9128
[eval_only] 86/88 article_A_cifar10_epoch10-0297 formal_success=True acc=0.9438
[eval_only] 87/88 article_A_cifar10_epoch10-0298 formal_success=True acc=0.9614
[Reward Assign] reward_batch_index=0 batch_item=1/1 completion_index=87 worker_slot=0 assigned_gpu=0 physical_gpu=0 worker_device=cuda:0 gpu_name='NVIDIA L40S' gpu_free_gib=43.37 gpu_used_gib=1.02 gpu_total_gib=44.99 timeout_seconds=1920
Evaluating /home/s471802/nn-gpt/out/nn/tmp/4e11233fa9bc376aab7b33240f079a6f.py...
epoch 1
  Train Loss: 0.5924, Test Loss: 0.4344
  Train Acc: 0.7950, Test Acc: 0.8572
  LR: 0.010000, Grad Norm: 3.0000, Throughput: 728.3 samples/s
accuracy_to_time_metric 1.2253873904975392
epoch 2
  Train Loss: 0.2738, Test Loss: 0.2709
  Train Acc: 0.9076, Test Acc: 0.9114
  LR: 0.010000, Grad Norm: 3.0000, Throughput: 741.9 samples/s
accuracy_to_time_metric 0.662113086827591
epoch 3
  Train Loss: 0.1890, Test Loss: 0.2497
  Train Acc: 0.9357, Test Acc: 0.9186
  LR: 0.010000, Grad Norm: 3.0000, Throughput: 739.5 samples/s
accuracy_to_time_metric 0.44609694665572597
epoch 4
  Train Loss: 0.1350, Test Loss: 0.2495
  Train Acc: 0.9534, Test Acc: 0.9240
  LR: 0.010000, Grad Norm: 3.0000, Throughput: 741.5 samples/s
accuracy_to_time_metric 0.3372957882347371
epoch 5
  Train Loss: 0.0998, Test Loss: 0.2503
  Train Acc: 0.9660, Test Acc: 0.9284
  LR: 0.010000, Grad Norm: 2.2749, Throughput: 739.5 samples/s
accuracy_to_time_metric 0.2713822399677465
epoch 6
  Train Loss: 0.0734, Test Loss: 0.2298
  Train Acc: 0.9744, Test Acc: 0.9348
  LR: 0.010000, Grad Norm: 0.7215, Throughput: 742.0 samples/s
accuracy_to_time_metric 0.22808595137690393
epoch 7
  Train Loss: 0.0539, Test Loss: 0.2286
  Train Acc: 0.9808, Test Acc: 0.9334
  LR: 0.010000, Grad Norm: 3.0000, Throughput: 727.6 samples/s
accuracy_to_time_metric 0.19474236035406162
epoch 8
  Train Loss: 0.0466, Test Loss: 0.2470
  Train Acc: 0.9841, Test Acc: 0.9320
  LR: 0.010000, Grad Norm: 3.0000, Throughput: 731.5 samples/s
accuracy_to_time_metric 0.16994497999454974
epoch 9
  Train Loss: 0.0429, Test Loss: 0.2564
  Train Acc: 0.9852, Test Acc: 0.9308
  LR: 0.010000, Grad Norm: 1.3636, Throughput: 741.7 samples/s
accuracy_to_time_metric 0.15096029560322088
epoch 10
  Train Loss: 0.0341, Test Loss: 0.2566
  Train Acc: 0.9884, Test Acc: 0.9350
  LR: 0.010000, Grad Norm: 3.0000, Throughput: 739.8 samples/s
accuracy_to_time_metric 0.13659973395199868
Training summary saved to /home/s471802/nn-gpt/out/training_summary.json
[eval_only] 88/88 article_A_cifar10_epoch10-0299 formal_success=True acc=0.935
[Reward Worker Pool] Shutdown mode=single_rank_dedicated_fixed_pool pool_size=3 workers_per_gpu=1 per_gpu_worker_counts=[1, 1, 1] worker_pids=[2052237, 1839495, 2052238] total_rss_gib=1.59
Wrote summaries under /data/42-julia-hpc-ai-cv-students/s471802/nn-gpt-runs/parallel_runs/20260609_1020_article_A_epoch1_epoch10_remaining88/eval_cifar10_epoch10_remaining88
