LEMUR root /home/s471802/nn-gpt
[Reward Worker Warmup] start mode=single_rank_dedicated_fixed_pool require_gpu=True planned_gpu_workers=4 per_gpu_worker_counts=[1, 1, 1, 1] reward_gpu_indices=[0, 1, 2, 3] reward_gpu_tokens=['0', '1', '2', '3'] timeout_seconds=60
[Reward Worker] Ready slot=0 pid=181281, assigned_gpu=0, assigned_cuda_visible_device='0', worker_device=cuda:0, cuda_visible_devices='0', cuda_available=True, cuda_device_count=1, rss_gib=0.53, torch_home='', physical_gpu_index=0, physical_gpu_bus_id='00000000:81:00.0', physical_gpu_uuid='GPU-56ae1379-df29-f643-787e-6acaac86f64a', physical_binding_verified=True
[Reward Worker] Ready slot=1 pid=181320, assigned_gpu=1, assigned_cuda_visible_device='1', worker_device=cuda:0, cuda_visible_devices='1', cuda_available=True, cuda_device_count=1, rss_gib=0.53, torch_home='', physical_gpu_index=1, physical_gpu_bus_id='00000000:A1:00.0', physical_gpu_uuid='GPU-af6b4cf2-d47c-d86f-a1f1-7cd4bfd71da9', physical_binding_verified=True
[Reward Worker] Ready slot=2 pid=181359, assigned_gpu=2, assigned_cuda_visible_device='2', worker_device=cuda:0, cuda_visible_devices='2', cuda_available=True, cuda_device_count=1, rss_gib=0.53, torch_home='', physical_gpu_index=2, physical_gpu_bus_id='00000000:C1:00.0', physical_gpu_uuid='GPU-eea99cfc-d106-2b97-e544-c42f75d49943', physical_binding_verified=True
[Reward Worker] Ready slot=3 pid=181398, assigned_gpu=3, assigned_cuda_visible_device='3', worker_device=cuda:0, cuda_visible_devices='3', cuda_available=True, cuda_device_count=1, rss_gib=0.53, torch_home='', physical_gpu_index=3, physical_gpu_bus_id='00000000:E1:00.0', physical_gpu_uuid='GPU-4717f6c0-3c73-96c7-bfae-b42a34d7e4d5', physical_binding_verified=True
[Reward Worker Pool] mode=single_rank_dedicated_fixed_pool visible_gpu_count=4 deepspeed_enabled=False rank=0 local_rank=0 world_size=1 train_gpu=0 workers_per_gpu=1 per_gpu_worker_counts=[1, 1, 1, 1] reward_gpu_indices=[0, 1, 2, 3] reward_gpu_tokens=['0', '1', '2', '3'] reason='fixed_workers_override'
[Reward Worker Warmup] end mode=single_rank_dedicated_fixed_pool pool_size=4 verified_workers=4 worker_pids=[181281, 181320, 181359, 181398] workers=["slot=0 pid=181281 assigned_gpu=0 assigned_cuda_visible_device='0' physical_gpu_index=0 physical_gpu_bus_id='00000000:81:00.0' physical_binding_verified=True alive=True", "slot=1 pid=181320 assigned_gpu=1 assigned_cuda_visible_device='1' physical_gpu_index=1 physical_gpu_bus_id='00000000:A1:00.0' physical_binding_verified=True alive=True", "slot=2 pid=181359 assigned_gpu=2 assigned_cuda_visible_device='2' physical_gpu_index=2 physical_gpu_bus_id='00000000:C1:00.0' physical_binding_verified=True alive=True", "slot=3 pid=181398 assigned_gpu=3 assigned_cuda_visible_device='3' physical_gpu_index=3 physical_gpu_bus_id='00000000:E1:00.0' physical_binding_verified=True alive=True"]
{"reward_worker_warmup": {"pid": 181281, "assigned_gpu": 0, "assigned_cuda_visible_device": "0", "worker_device": "cuda:0", "cuda_visible_devices": "0", "cuda_available": true, "cuda_device_count": 1, "rss_gib": 0.529296875, "torch_home": "", "physical_gpu_index": 0, "physical_gpu_uuid": "GPU-56ae1379-df29-f643-787e-6acaac86f64a", "physical_gpu_bus_id": "00000000:81:00.0", "physical_gpu_name": "NVIDIA L40S", "physical_binding_verified": true, "slot": 0, "alive": true, "mode": "single_rank_dedicated_fixed_pool", "visible_gpu_count": 4, "distributed": false, "rank": 0, "local_rank": 0, "world_size": 1, "train_gpu": 0, "reward_gpu_indices": [0, 1, 2, 3], "reward_gpu_tokens": ["0", "1", "2", "3"], "shared_train_gpu": true, "pool_size": 4, "workers_per_gpu": 1, "per_gpu_worker_counts": [1, 1, 1, 1], "deepspeed_enabled": false, "dynamic_scaling": false, "reason": "fixed_workers_override", "gpu_memory_snapshots": [{"device_index": 0, "device_token": "0", "total_gib": 44.39404296875, "free_gib": 43.97003173828125, "used_gib": 0.42401123046875, "allocated_gib": 0.0, "reserved_gib": 0.0, "is_train_gpu": true}, {"device_index": 1, "device_token": "1", "total_gib": 44.39404296875, "free_gib": 43.97003173828125, "used_gib": 0.42401123046875, "allocated_gib": 0.0, "reserved_gib": 0.0, "is_train_gpu": false}, {"device_index": 2, "device_token": "2", "total_gib": 44.39404296875, "free_gib": 43.97003173828125, "used_gib": 0.42401123046875, "allocated_gib": 0.0, "reserved_gib": 0.0, "is_train_gpu": false}, {"device_index": 3, "device_token": "3", "total_gib": 44.39404296875, "free_gib": 43.97003173828125, "used_gib": 0.42401123046875, "allocated_gib": 0.0, "reserved_gib": 0.0, "is_train_gpu": false}], "worker_budget_gib": null, "reserved_headroom_gib": null, "total_rss_gib": 2.1144027709960938, "workers": [{"pid": 181281, "assigned_gpu": 0, "assigned_cuda_visible_device": "0", "worker_device": "cuda:0", "cuda_visible_devices": "0", "cuda_available": true, "cuda_device_count": 1, "rss_gib": 0.529296875, "torch_home": "", "physical_gpu_index": 0, "physical_gpu_uuid": "GPU-56ae1379-df29-f643-787e-6acaac86f64a", "physical_gpu_bus_id": "00000000:81:00.0", "physical_gpu_name": "NVIDIA L40S", "physical_binding_verified": true, "slot": 0, "alive": true}, {"pid": 181320, "assigned_gpu": 1, "assigned_cuda_visible_device": "1", "worker_device": "cuda:0", "cuda_visible_devices": "1", "cuda_available": true, "cuda_device_count": 1, "rss_gib": 0.5281906127929688, "torch_home": "", "physical_gpu_index": 1, "physical_gpu_uuid": "GPU-af6b4cf2-d47c-d86f-a1f1-7cd4bfd71da9", "physical_gpu_bus_id": "00000000:A1:00.0", "physical_gpu_name": "NVIDIA L40S", "physical_binding_verified": true, "slot": 1, "alive": true}, {"pid": 181359, "assigned_gpu": 2, "assigned_cuda_visible_device": "2", "worker_device": "cuda:0", "cuda_visible_devices": "2", "cuda_available": true, "cuda_device_count": 1, "rss_gib": 0.5287933349609375, "torch_home": "", "physical_gpu_index": 2, "physical_gpu_uuid": "GPU-eea99cfc-d106-2b97-e544-c42f75d49943", "physical_gpu_bus_id": "00000000:C1:00.0", "physical_gpu_name": "NVIDIA L40S", "physical_binding_verified": true, "slot": 2, "alive": true}, {"pid": 181398, "assigned_gpu": 3, "assigned_cuda_visible_device": "3", "worker_device": "cuda:0", "cuda_visible_devices": "3", "cuda_available": true, "cuda_device_count": 1, "rss_gib": 0.5281219482421875, "torch_home": "", "physical_gpu_index": 3, "physical_gpu_uuid": "GPU-4717f6c0-3c73-96c7-bfae-b42a34d7e4d5", "physical_gpu_bus_id": "00000000:E1:00.0", "physical_gpu_name": "NVIDIA L40S", "physical_binding_verified": true, "slot": 3, "alive": true}], "worker_pids": [181281, 181320, 181359, 181398]}}
[eval_only] eval_concurrency=4 warmup_pool_size=4
[Reward Assign] reward_batch_index=0 batch_item=3/4 completion_index=2 worker_slot=2 assigned_gpu=2 physical_gpu=2 worker_device=cuda:0 gpu_name='NVIDIA L40S' gpu_free_gib=43.55 gpu_used_gib=0.85 gpu_total_gib=44.99 timeout_seconds=1920
[Reward Assign] reward_batch_index=0 batch_item=4/4 completion_index=3 worker_slot=3 assigned_gpu=3 physical_gpu=3 worker_device=cuda:0 gpu_name='NVIDIA L40S' gpu_free_gib=43.55 gpu_used_gib=0.85 gpu_total_gib=44.99 timeout_seconds=1920
[Reward Assign] reward_batch_index=0 batch_item=1/4 completion_index=0 worker_slot=0 assigned_gpu=0 physical_gpu=0 worker_device=cuda:0 gpu_name='NVIDIA L40S' gpu_free_gib=43.55 gpu_used_gib=0.85 gpu_total_gib=44.99 timeout_seconds=1920
[Reward Assign] reward_batch_index=0 batch_item=2/4 completion_index=1 worker_slot=1 assigned_gpu=1 physical_gpu=1 worker_device=cuda:0 gpu_name='NVIDIA L40S' gpu_free_gib=43.55 gpu_used_gib=0.85 gpu_total_gib=44.99 timeout_seconds=1920
LEMUR root /home/s471802/nn-gpt
LEMUR root /home/s471802/nn-gpt
LEMUR root /home/s471802/nn-gpt
LEMUR root /home/s471802/nn-gpt
Evaluating /home/s471802/nn-gpt/out/nn/tmp/7465a58389085d398dbc2a744be46590.py...
Evaluating /home/s471802/nn-gpt/out/nn/tmp/2e82be65d69bd99755e9ac5019460465.py...
Evaluating /home/s471802/nn-gpt/out/nn/tmp/5bb6bff06da86222e41efb08a225f824.py...
Evaluating /home/s471802/nn-gpt/out/nn/tmp/258fe25f91d628d1467508858289320a.py...
epoch 1
epoch 1
epoch 1
epoch 1
  Train Loss: 1.6128, Test Loss: 1.2386
  Train Acc: 0.6346, Test Acc: 0.7008
  LR: 0.010000, Grad Norm: 0.5987, Throughput: 1024.2 samples/s
accuracy_to_time_metric 1.3673622435122115
epoch 2
  Train Loss: 0.7585, Test Loss: 0.7102
  Train Acc: 0.8172, Test Acc: 0.8482
  LR: 0.010000, Grad Norm: 3.0000, Throughput: 828.8 samples/s
accuracy_to_time_metric 1.3779292936297587
epoch 2
  Train Loss: 0.7572, Test Loss: 0.7721
  Train Acc: 0.8203, Test Acc: 0.8470
  LR: 0.010000, Grad Norm: 3.0000, Throughput: 693.1 samples/s
accuracy_to_time_metric 1.150425021250703
epoch 2
  Train Loss: 0.6545, Test Loss: 0.5572
  Train Acc: 0.8493, Test Acc: 0.8848
  LR: 0.010000, Grad Norm: 0.1059, Throughput: 652.6 samples/s
accuracy_to_time_metric 1.1380422016309442
epoch 2
  Train Loss: 1.0983, Test Loss: 1.0067
  Train Acc: 0.7150, Test Acc: 0.7232
  LR: 0.010000, Grad Norm: 0.4601, Throughput: 1086.5 samples/s
accuracy_to_time_metric 0.7292557518014646
epoch 3
  Train Loss: 0.6918, Test Loss: 0.6593
  Train Acc: 0.8607, Test Acc: 0.8614
  LR: 0.010000, Grad Norm: 3.0000, Throughput: 885.0 samples/s
accuracy_to_time_metric 0.723442519233453
epoch 3
  Train Loss: 0.9403, Test Loss: 0.8988
  Train Acc: 0.7320, Test Acc: 0.7328
  LR: 0.010000, Grad Norm: 0.3558, Throughput: 542.0 samples/s
accuracy_to_time_metric 0.37535694072018305
epoch 4
  Train Loss: 0.6835, Test Loss: 0.8905
  Train Acc: 0.8620, Test Acc: 0.8418
  LR: 0.010000, Grad Norm: 3.0000, Throughput: 437.2 samples/s
accuracy_to_time_metric 0.44164272278060884
epoch 3
  Train Loss: 0.6199, Test Loss: 0.8058
  Train Acc: 0.8867, Test Acc: 0.8704
  LR: 0.010000, Grad Norm: 3.0000, Throughput: 423.6 samples/s
accuracy_to_time_metric 0.4394592879529612
epoch 3
  Train Loss: 0.6866, Test Loss: 0.8054
  Train Acc: 0.8688, Test Acc: 0.8566
  LR: 0.010000, Grad Norm: 3.0000, Throughput: 493.4 samples/s
accuracy_to_time_metric 0.38494590939074264
epoch 4
  Train Loss: 0.8580, Test Loss: 0.8356
  Train Acc: 0.7437, Test Acc: 0.7448
  LR: 0.010000, Grad Norm: 0.7331, Throughput: 1083.1 samples/s
accuracy_to_time_metric 0.3067036745497537
epoch 5
  Train Loss: 0.7167, Test Loss: 0.7060
  Train Acc: 0.8688, Test Acc: 0.8672
  LR: 0.010000, Grad Norm: 3.0000, Throughput: 734.2 samples/s
accuracy_to_time_metric 0.3344956735702096
epoch 4
  Train Loss: 0.6165, Test Loss: 0.6954
  Train Acc: 0.8935, Test Acc: 0.8864
  LR: 0.010000, Grad Norm: 3.0000, Throughput: 697.0 samples/s
accuracy_to_time_metric 0.32771188001651624
epoch 4
  Train Loss: 0.6553, Test Loss: 0.8167
  Train Acc: 0.8795, Test Acc: 0.8490
  LR: 0.010000, Grad Norm: 3.0000, Throughput: 898.1 samples/s
accuracy_to_time_metric 0.30354212737653735
epoch 5
  Train Loss: 0.8018, Test Loss: 0.7846
  Train Acc: 0.7539, Test Acc: 0.7544
  LR: 0.010000, Grad Norm: 0.6469, Throughput: 1099.6 samples/s
accuracy_to_time_metric 0.26044471574074385
epoch 6
  Train Loss: 0.7548, Test Loss: 0.7420
  Train Acc: 0.7608, Test Acc: 0.7584
  LR: 0.010000, Grad Norm: 0.4727, Throughput: 1102.7 samples/s
accuracy_to_time_metric 0.22534660969125397
epoch 7
  Train Loss: 0.6827, Test Loss: 0.8779
  Train Acc: 0.8755, Test Acc: 0.8490
  LR: 0.010000, Grad Norm: 3.0000, Throughput: 735.0 samples/s
accuracy_to_time_metric 0.2576670640468675
epoch 5
  Train Loss: 0.6654, Test Loss: 0.7170
  Train Acc: 0.8810, Test Acc: 0.8696
  LR: 0.010000, Grad Norm: 0.1259, Throughput: 902.2 samples/s
accuracy_to_time_metric 0.2593577304994353
epoch 6
  Train Loss: 0.5750, Test Loss: 0.7387
  Train Acc: 0.9009, Test Acc: 0.8800
  LR: 0.010000, Grad Norm: 3.0000, Throughput: 705.7 samples/s
accuracy_to_time_metric 0.25671996184473367
epoch 5
  Train Loss: 0.7189, Test Loss: 0.7095
  Train Acc: 0.7692, Test Acc: 0.7650
  LR: 0.010000, Grad Norm: 0.7458, Throughput: 1115.3 samples/s
accuracy_to_time_metric 0.19992539557001596
epoch 8
  Train Loss: 0.6527, Test Loss: 0.8483
  Train Acc: 0.8819, Test Acc: 0.8570
  LR: 0.010000, Grad Norm: 0.1982, Throughput: 910.8 samples/s
accuracy_to_time_metric 0.21863157296762603
epoch 7
  Train Loss: 0.6786, Test Loss: 0.6636
  Train Acc: 0.8790, Test Acc: 0.8808
  LR: 0.010000, Grad Norm: 3.0000, Throughput: 742.4 samples/s
accuracy_to_time_metric 0.22219485970940667
epoch 6
  Train Loss: 0.5513, Test Loss: 0.7173
  Train Acc: 0.9051, Test Acc: 0.8928
  LR: 0.010000, Grad Norm: 0.0010, Throughput: 714.7 samples/s
accuracy_to_time_metric 0.21608076198475984
epoch 6
  Train Loss: 0.6919, Test Loss: 0.6856
  Train Acc: 0.7752, Test Acc: 0.7730
  LR: 0.010000, Grad Norm: 0.7422, Throughput: 1121.2 samples/s
accuracy_to_time_metric 0.18049525580107068
epoch 9
  Train Loss: 0.6832, Test Loss: 1.0818
  Train Acc: 0.8814, Test Acc: 0.8502
  LR: 0.010000, Grad Norm: 0.1375, Throughput: 920.3 samples/s
accuracy_to_time_metric 0.18980731402248371
epoch 8
  Train Loss: 0.6724, Test Loss: 0.6711
  Train Acc: 0.7800, Test Acc: 0.7816
  LR: 0.010000, Grad Norm: 0.8694, Throughput: 1117.9 samples/s
accuracy_to_time_metric 0.16494809602311322
epoch 10
  Train Loss: 0.6812, Test Loss: 1.0206
  Train Acc: 0.8803, Test Acc: 0.8524
  LR: 0.010000, Grad Norm: 1.0591, Throughput: 742.2 samples/s
accuracy_to_time_metric 0.18255948823926887
epoch 7
  Train Loss: 0.5635, Test Loss: 0.8037
  Train Acc: 0.9049, Test Acc: 0.8872
  LR: 0.010000, Grad Norm: 3.0000, Throughput: 704.7 samples/s
accuracy_to_time_metric 0.18270530535339458
epoch 7
  Train Loss: 0.6838, Test Loss: 0.9270
  Train Acc: 0.8853, Test Acc: 0.8620
  LR: 0.010000, Grad Norm: 3.0000, Throughput: 894.3 samples/s
accuracy_to_time_metric 0.17098029407573775
epoch 9
  Train Loss: 0.6548, Test Loss: 0.6524
  Train Acc: 0.7843, Test Acc: 0.7844
  LR: 0.010000, Grad Norm: 1.0687, Throughput: 1101.7 samples/s
accuracy_to_time_metric 0.15069302061666637
Training summary saved to /home/s471802/nn-gpt/out/training_summary.json
  Train Loss: 0.6625, Test Loss: 0.7067
  Train Acc: 0.8848, Test Acc: 0.8824
  LR: 0.010000, Grad Norm: 2.8025, Throughput: 725.8 samples/s
accuracy_to_time_metric 0.16497831621664397
epoch 8
  Train Loss: 0.6663, Test Loss: 0.7815
  Train Acc: 0.8871, Test Acc: 0.8748
  LR: 0.010000, Grad Norm: 3.0000, Throughput: 892.9 samples/s
accuracy_to_time_metric 0.15615813640290663
epoch 10
  Train Loss: 0.5804, Test Loss: 0.9814
  Train Acc: 0.9075, Test Acc: 0.8756
  LR: 0.010000, Grad Norm: 3.0000, Throughput: 697.1 samples/s
accuracy_to_time_metric 0.15652434642456586
epoch 8
  Train Loss: 0.6357, Test Loss: 0.8949
  Train Acc: 0.8894, Test Acc: 0.8578
  LR: 0.010000, Grad Norm: 3.0000, Throughput: 738.4 samples/s
accuracy_to_time_metric 0.14156788716950924
epoch 9
  Train Loss: 0.6519, Test Loss: 0.8664
  Train Acc: 0.8890, Test Acc: 0.8686
  LR: 0.010000, Grad Norm: 3.0000, Throughput: 902.2 samples/s
accuracy_to_time_metric 0.14073250467713988
Training summary saved to /home/s471802/nn-gpt/out/training_summary.json
  Train Loss: 0.5469, Test Loss: 0.7421
  Train Acc: 0.9119, Test Acc: 0.8992
  LR: 0.010000, Grad Norm: 0.0041, Throughput: 697.4 samples/s
accuracy_to_time_metric 0.14267841483108076
epoch 9
  Train Loss: 0.6587, Test Loss: 0.8138
  Train Acc: 0.8869, Test Acc: 0.8690
  LR: 0.010000, Grad Norm: 3.0000, Throughput: 723.0 samples/s
accuracy_to_time_metric 0.1286738617291952
epoch 10
  Train Loss: 0.5453, Test Loss: 0.9418
  Train Acc: 0.9134, Test Acc: 0.8806
  LR: 0.010000, Grad Norm: 3.0000, Throughput: 674.8 samples/s
accuracy_to_time_metric 0.12451234271502241
epoch 10
  Train Loss: 0.6567, Test Loss: 0.7560
  Train Acc: 0.8902, Test Acc: 0.8708
  LR: 0.010000, Grad Norm: 3.0000, Throughput: 710.1 samples/s
accuracy_to_time_metric 0.11659171174702672
Training summary saved to /home/s471802/nn-gpt/out/training_summary.json
  Train Loss: 0.5401, Test Loss: 0.7367
  Train Acc: 0.9134, Test Acc: 0.8972
  LR: 0.010000, Grad Norm: 3.0000, Throughput: 682.1 samples/s
accuracy_to_time_metric 0.11503517295465013
Training summary saved to /home/s471802/nn-gpt/out/training_summary.json
[eval_only] 1/300 article_A_cifar10_epoch10-0000 formal_success=True acc=0.8972
[eval_only] 2/300 article_A_cifar10_epoch10-0001 formal_success=True acc=0.7844
[eval_only] 3/300 article_A_cifar10_epoch10-0002 formal_success=True acc=0.8708
[eval_only] 4/300 article_A_cifar10_epoch10-0003 formal_success=True acc=0.8686
[Reward Assign] reward_batch_index=0 batch_item=3/4 completion_index=6 worker_slot=2 assigned_gpu=2 physical_gpu=2 worker_device=cuda:0 gpu_name='NVIDIA L40S' gpu_free_gib=43.39 gpu_used_gib=1.00 gpu_total_gib=44.99 timeout_seconds=1920
[Reward Assign] reward_batch_index=0 batch_item=2/4 completion_index=5 worker_slot=1 assigned_gpu=1 physical_gpu=1 worker_device=cuda:0 gpu_name='NVIDIA L40S' gpu_free_gib=43.42 gpu_used_gib=0.98 gpu_total_gib=44.99 timeout_seconds=1920
[Reward Assign] reward_batch_index=0 batch_item=4/4 completion_index=7 worker_slot=3 assigned_gpu=3 physical_gpu=3 worker_device=cuda:0 gpu_name='NVIDIA L40S' gpu_free_gib=43.39 gpu_used_gib=1.00 gpu_total_gib=44.99 timeout_seconds=1920
[Reward Assign] reward_batch_index=0 batch_item=1/4 completion_index=4 worker_slot=0 assigned_gpu=0 physical_gpu=0 worker_device=cuda:0 gpu_name='NVIDIA L40S' gpu_free_gib=43.40 gpu_used_gib=1.00 gpu_total_gib=44.99 timeout_seconds=1920
Evaluating /home/s471802/nn-gpt/out/nn/tmp/c71511f810c4891d5031c0f5b9a87c5b.py...
Evaluating /home/s471802/nn-gpt/out/nn/tmp/f99eca775733b608d5522447e938b545.py...
Evaluating /home/s471802/nn-gpt/out/nn/tmp/24cfd0eea87847a5b916fb9465af58e0.py...
Evaluating /home/s471802/nn-gpt/out/nn/tmp/8d7230bb5f6182424e414fd0000a680a.py...
epoch 1
epoch 1
epoch 1
epoch 1
  Train Loss: 0.6610, Test Loss: 0.7246
  Train Acc: 0.8512, Test Acc: 0.8658
  LR: 0.010000, Grad Norm: 3.0000, Throughput: 825.3 samples/s
accuracy_to_time_metric 1.4043521236879823
epoch 2
  Train Loss: 0.4329, Test Loss: 0.3861
  Train Acc: 0.8578, Test Acc: 0.8694
  LR: 0.010000, Grad Norm: 1.6125, Throughput: 663.9 samples/s
accuracy_to_time_metric 1.135067135068396
epoch 2
  Train Loss: 0.6157, Test Loss: 0.6226
  Train Acc: 0.8856, Test Acc: 0.8836
  LR: 0.010000, Grad Norm: 0.0215, Throughput: 806.5 samples/s
accuracy_to_time_metric 0.7095708585857421
epoch 3
  Train Loss: 0.1143, Test Loss: 0.1545
  Train Acc: 0.9621, Test Acc: 0.9452
  LR: 0.010000, Grad Norm: 3.0000, Throughput: 372.8 samples/s
accuracy_to_time_metric 0.7002677377155643
epoch 2
  Train Loss: 0.3620, Test Loss: 0.3701
  Train Acc: 0.8799, Test Acc: 0.8794
  LR: 0.010000, Grad Norm: 3.0000, Throughput: 645.8 samples/s
accuracy_to_time_metric 0.566565568105769
epoch 3
  Train Loss: 0.1333, Test Loss: 0.1761
  Train Acc: 0.9562, Test Acc: 0.9396
  LR: 0.010000, Grad Norm: 3.0000, Throughput: 268.1 samples/s
accuracy_to_time_metric 0.5001662332530273
epoch 2
  Train Loss: 0.5968, Test Loss: 0.7972
  Train Acc: 0.8954, Test Acc: 0.8750
  LR: 0.010000, Grad Norm: 3.0000, Throughput: 730.4 samples/s
accuracy_to_time_metric 0.4501990877335937
epoch 4
  Train Loss: 0.3399, Test Loss: 0.3513
  Train Acc: 0.8855, Test Acc: 0.8782
  LR: 0.010000, Grad Norm: 3.0000, Throughput: 555.8 samples/s
accuracy_to_time_metric 0.35592827026453466
epoch 4
  Train Loss: 0.5823, Test Loss: 0.7257
  Train Acc: 0.8999, Test Acc: 0.8886
  LR: 0.010000, Grad Norm: 3.0000, Throughput: 735.1 samples/s
accuracy_to_time_metric 0.3377860162390381
epoch 5
  Train Loss: 0.0571, Test Loss: 0.1186
  Train Acc: 0.9820, Test Acc: 0.9586
  LR: 0.010000, Grad Norm: 1.3833, Throughput: 332.3 samples/s
accuracy_to_time_metric 0.3351159024092027
epoch 3
  Train Loss: 0.3329, Test Loss: 0.3620
  Train Acc: 0.8889, Test Acc: 0.8752
  LR: 0.010000, Grad Norm: 3.0000, Throughput: 662.1 samples/s
accuracy_to_time_metric 0.27037689323654657
epoch 5
  Train Loss: 0.5776, Test Loss: 0.6674
  Train Acc: 0.9039, Test Acc: 0.8956
  LR: 0.010000, Grad Norm: 3.0000, Throughput: 819.7 samples/s
accuracy_to_time_metric 0.2758062642173213
epoch 6
  Train Loss: 0.5693, Test Loss: 0.8078
  Train Acc: 0.9062, Test Acc: 0.8912
  LR: 0.010000, Grad Norm: 0.0097, Throughput: 864.1 samples/s
accuracy_to_time_metric 0.23226580128792448
epoch 7
  Train Loss: 0.0689, Test Loss: 0.1419
  Train Acc: 0.9771, Test Acc: 0.9518
  LR: 0.010000, Grad Norm: 1.5825, Throughput: 262.2 samples/s
accuracy_to_time_metric 0.25083015323794816
epoch 3
  Train Loss: 0.3280, Test Loss: 0.3799
  Train Acc: 0.8904, Test Acc: 0.8766
  LR: 0.010000, Grad Norm: 3.0000, Throughput: 698.2 samples/s
accuracy_to_time_metric 0.22108778431732512
epoch 6
  Train Loss: 0.0367, Test Loss: 0.1119
  Train Acc: 0.9885, Test Acc: 0.9612
  LR: 0.010000, Grad Norm: 3.0000, Throughput: 386.9 samples/s
accuracy_to_time_metric 0.23111989808095199
epoch 4
  Train Loss: 0.5621, Test Loss: 0.7554
  Train Acc: 0.9104, Test Acc: 0.8878
  LR: 0.010000, Grad Norm: 3.0000, Throughput: 863.7 samples/s
accuracy_to_time_metric 0.20053552698466753
epoch 8
  Train Loss: 0.3189, Test Loss: 0.3706
  Train Acc: 0.8926, Test Acc: 0.8768
  LR: 0.010000, Grad Norm: 3.0000, Throughput: 695.5 samples/s
accuracy_to_time_metric 0.18670096409273573
epoch 7
  Train Loss: 0.5597, Test Loss: 0.8168
  Train Acc: 0.9108, Test Acc: 0.8864
  LR: 0.010000, Grad Norm: 3.0000, Throughput: 851.6 samples/s
accuracy_to_time_metric 0.17640440505326258
epoch 9
  Train Loss: 0.3148, Test Loss: 0.3632
  Train Acc: 0.8937, Test Acc: 0.8814
  LR: 0.010000, Grad Norm: 2.3470, Throughput: 698.6 samples/s
accuracy_to_time_metric 0.1625930533931772
epoch 8
  Train Loss: 0.0207, Test Loss: 0.1107
  Train Acc: 0.9933, Test Acc: 0.9632
  LR: 0.010000, Grad Norm: 0.3467, Throughput: 385.3 samples/s
accuracy_to_time_metric 0.17634052277298284
epoch 5
  Train Loss: 0.5495, Test Loss: 0.8304
  Train Acc: 0.9145, Test Acc: 0.8840
  LR: 0.010000, Grad Norm: 0.0113, Throughput: 864.3 samples/s
accuracy_to_time_metric 0.15744131006357598
epoch 10
  Train Loss: 0.0400, Test Loss: 0.1159
  Train Acc: 0.9862, Test Acc: 0.9572
  LR: 0.010000, Grad Norm: 3.0000, Throughput: 282.5 samples/s
accuracy_to_time_metric 0.17178097272933568
epoch 4
  Train Loss: 0.3089, Test Loss: 0.3667
  Train Acc: 0.8964, Test Acc: 0.8796
  LR: 0.010000, Grad Norm: 3.0000, Throughput: 702.8 samples/s
accuracy_to_time_metric 0.14311987151482988
epoch 9
  Train Loss: 0.5500, Test Loss: 0.8787
  Train Acc: 0.9152, Test Acc: 0.8944
  LR: 0.010000, Grad Norm: 3.0000, Throughput: 862.2 samples/s
accuracy_to_time_metric 0.1443682942150556
Training summary saved to /home/s471802/nn-gpt/out/training_summary.json
  Train Loss: 0.3150, Test Loss: 0.4181
  Train Acc: 0.8953, Test Acc: 0.8722
  LR: 0.010000, Grad Norm: 3.0000, Throughput: 704.1 samples/s
accuracy_to_time_metric 0.12685420123518587
epoch 10
  Train Loss: 0.0180, Test Loss: 0.1170
  Train Acc: 0.9940, Test Acc: 0.9652
  LR: 0.010000, Grad Norm: 3.0000, Throughput: 385.2 samples/s
accuracy_to_time_metric 0.14267384091985005
epoch 6
  Train Loss: 0.0229, Test Loss: 0.1217
  Train Acc: 0.9933, Test Acc: 0.9648
  LR: 0.010000, Grad Norm: 0.6074, Throughput: 284.3 samples/s
accuracy_to_time_metric 0.13155393441363897
epoch 5
  Train Loss: 0.3025, Test Loss: 0.3751
  Train Acc: 0.8980, Test Acc: 0.8778
  LR: 0.010000, Grad Norm: 2.5213, Throughput: 696.9 samples/s
accuracy_to_time_metric 0.11550258954086436
Training summary saved to /home/s471802/nn-gpt/out/training_summary.json
  Train Loss: 0.0131, Test Loss: 0.1158
  Train Acc: 0.9960, Test Acc: 0.9702
  LR: 0.010000, Grad Norm: 1.6458, Throughput: 382.1 samples/s
accuracy_to_time_metric 0.12014364287624418
epoch 7
  Train Loss: 0.0166, Test Loss: 0.1096
  Train Acc: 0.9944, Test Acc: 0.9670
  LR: 0.010000, Grad Norm: 3.0000, Throughput: 284.4 samples/s
accuracy_to_time_metric 0.10628833897875851
epoch 6
  Train Loss: 0.0110, Test Loss: 0.1228
  Train Acc: 0.9969, Test Acc: 0.9666
  LR: 0.010000, Grad Norm: 2.4134, Throughput: 380.6 samples/s
accuracy_to_time_metric 0.10284553547951746
epoch 8
  Train Loss: 0.0060, Test Loss: 0.1097
  Train Acc: 0.9983, Test Acc: 0.9704
  LR: 0.010000, Grad Norm: 3.0000, Throughput: 382.1 samples/s
accuracy_to_time_metric 0.09061874858334502
epoch 9
  Train Loss: 0.0110, Test Loss: 0.1235
  Train Acc: 0.9964, Test Acc: 0.9666
  LR: 0.010000, Grad Norm: 3.0000, Throughput: 281.6 samples/s
accuracy_to_time_metric 0.08882699364530465
epoch 7
  Train Loss: 0.0061, Test Loss: 0.1142
  Train Acc: 0.9981, Test Acc: 0.9694
  LR: 0.010000, Grad Norm: 3.0000, Throughput: 396.0 samples/s
accuracy_to_time_metric 0.08093002768734185
epoch 10
  Train Loss: 0.0091, Test Loss: 0.1175
  Train Acc: 0.9974, Test Acc: 0.9660
  LR: 0.010000, Grad Norm: 1.3110, Throughput: 283.9 samples/s
accuracy_to_time_metric 0.07635212554618455
epoch 8
  Train Loss: 0.0037, Test Loss: 0.1208
  Train Acc: 0.9988, Test Acc: 0.9704
  LR: 0.010000, Grad Norm: 0.1850, Throughput: 389.6 samples/s
accuracy_to_time_metric 0.07315073379804712
Training summary saved to /home/s471802/nn-gpt/out/training_summary.json
  Train Loss: 0.0069, Test Loss: 0.1165
  Train Acc: 0.9979, Test Acc: 0.9670
  LR: 0.010000, Grad Norm: 0.2544, Throughput: 280.6 samples/s
accuracy_to_time_metric 0.0669669654683834
epoch 9
  Train Loss: 0.0045, Test Loss: 0.1035
  Train Acc: 0.9985, Test Acc: 0.9710
  LR: 0.010000, Grad Norm: 2.7539, Throughput: 281.5 samples/s
accuracy_to_time_metric 0.059877670582535215
epoch 10
  Train Loss: 0.0047, Test Loss: 0.1140
  Train Acc: 0.9982, Test Acc: 0.9716
  LR: 0.010000, Grad Norm: 3.0000, Throughput: 282.1 samples/s
accuracy_to_time_metric 0.053994410387582646
Training summary saved to /home/s471802/nn-gpt/out/training_summary.json
[eval_only] 5/300 article_A_cifar10_epoch10-0004 formal_success=True acc=0.8944
[eval_only] 6/300 article_A_cifar10_epoch10-0005 formal_success=True acc=0.9704
[eval_only] 7/300 article_A_cifar10_epoch10-0006 formal_success=True acc=0.8778
[eval_only] 8/300 article_A_cifar10_epoch10-0007 formal_success=True acc=0.9716
[Reward Assign] reward_batch_index=0 batch_item=2/4 completion_index=9 worker_slot=1 assigned_gpu=1 physical_gpu=1 worker_device=cuda:0 gpu_name='NVIDIA L40S' gpu_free_gib=43.41 gpu_used_gib=0.98 gpu_total_gib=44.99 timeout_seconds=1920
[Reward Assign] reward_batch_index=0 batch_item=3/4 completion_index=10 worker_slot=2 assigned_gpu=2 physical_gpu=2 worker_device=cuda:0 gpu_name='NVIDIA L40S' gpu_free_gib=43.39 gpu_used_gib=1.00 gpu_total_gib=44.99 timeout_seconds=1920
[Reward Assign] reward_batch_index=0 batch_item=1/4 completion_index=8 worker_slot=0 assigned_gpu=0 physical_gpu=0 worker_device=cuda:0 gpu_name='NVIDIA L40S' gpu_free_gib=43.40 gpu_used_gib=1.00 gpu_total_gib=44.99 timeout_seconds=1920
[Reward Assign] reward_batch_index=0 batch_item=4/4 completion_index=11 worker_slot=3 assigned_gpu=3 physical_gpu=3 worker_device=cuda:0 gpu_name='NVIDIA L40S' gpu_free_gib=43.39 gpu_used_gib=1.00 gpu_total_gib=44.99 timeout_seconds=1920
Evaluating /home/s471802/nn-gpt/out/nn/tmp/514964dd60a6c7af2ea2f7baf39b0655.py...
Evaluating /home/s471802/nn-gpt/out/nn/tmp/63220b95bbfc419fab099def082eee92.py...
Evaluating /home/s471802/nn-gpt/out/nn/tmp/24fd07c862f76bb21fdfa44471153a9f.py...
Evaluating /home/s471802/nn-gpt/out/nn/tmp/acba0d0c3ec413401f9b05be960c7895.py...
epoch 1
epoch 1
epoch 1
epoch 1
  Train Loss: 0.3417, Test Loss: 0.3110
  Train Acc: 0.8968, Test Acc: 0.9058
  LR: 0.010000, Grad Norm: 1.9522, Throughput: 822.1 samples/s
accuracy_to_time_metric 1.4719242528574688
epoch 2
  Train Loss: 0.6525, Test Loss: 0.6243
  Train Acc: 0.8512, Test Acc: 0.8794
  LR: 0.010000, Grad Norm: 3.0000, Throughput: 632.2 samples/s
accuracy_to_time_metric 1.0948711180881376
epoch 2
  Train Loss: 1.1018, Test Loss: 0.6041
  Train Acc: 0.6047, Test Acc: 0.7918
  LR: 0.010000, Grad Norm: 3.0000, Throughput: 461.2 samples/s
accuracy_to_time_metric 0.708992016740053
epoch 2
  Train Loss: 0.2683, Test Loss: 0.2933
  Train Acc: 0.9210, Test Acc: 0.9176
  LR: 0.010000, Grad Norm: 1.1104, Throughput: 832.0 samples/s
accuracy_to_time_metric 0.7505377046222075
epoch 3
  Train Loss: 0.6030, Test Loss: 0.6013
  Train Acc: 0.8882, Test Acc: 0.8890
  LR: 0.010000, Grad Norm: 3.0000, Throughput: 630.8 samples/s
accuracy_to_time_metric 0.5532063789474186
epoch 3
  Train Loss: 0.9737, Test Loss: 0.8396
  Train Acc: 0.6862, Test Acc: 0.7618
  LR: 0.010000, Grad Norm: 3.0000, Throughput: 295.7 samples/s
accuracy_to_time_metric 0.43480584389966526
epoch 2
  Train Loss: 0.2491, Test Loss: 0.3101
  Train Acc: 0.9251, Test Acc: 0.9102
  LR: 0.010000, Grad Norm: 3.0000, Throughput: 821.0 samples/s
accuracy_to_time_metric 0.4944750210844703
epoch 4
  Train Loss: 0.5603, Test Loss: 0.6005
  Train Acc: 0.8162, Test Acc: 0.8018
  LR: 0.010000, Grad Norm: 2.3935, Throughput: 460.3 samples/s
accuracy_to_time_metric 0.359102022505158
epoch 3
  Train Loss: 0.6100, Test Loss: 0.5773
  Train Acc: 0.8949, Test Acc: 0.8974
  LR: 0.010000, Grad Norm: 0.0221, Throughput: 631.0 samples/s
accuracy_to_time_metric 0.3725363675662829
epoch 4
  Train Loss: 0.2265, Test Loss: 0.3601
  Train Acc: 0.9329, Test Acc: 0.9048
  LR: 0.010000, Grad Norm: 0.2848, Throughput: 826.4 samples/s
accuracy_to_time_metric 0.3684882446575657
epoch 5
  Train Loss: 0.2153, Test Loss: 0.4092
  Train Acc: 0.9351, Test Acc: 0.8952
  LR: 0.010000, Grad Norm: 0.0192, Throughput: 729.5 samples/s
accuracy_to_time_metric 0.2837989172347834
epoch 6
  Train Loss: 0.5724, Test Loss: 0.7323
  Train Acc: 0.9005, Test Acc: 0.8888
  LR: 0.010000, Grad Norm: 0.4578, Throughput: 573.0 samples/s
accuracy_to_time_metric 0.26950521770227287
epoch 5
  Train Loss: 0.5440, Test Loss: 0.6743
  Train Acc: 0.8216, Test Acc: 0.7906
  LR: 0.010000, Grad Norm: 3.0000, Throughput: 429.4 samples/s
accuracy_to_time_metric 0.22995019165318792
epoch 4
  Train Loss: 0.6685, Test Loss: 0.7446
  Train Acc: 0.8104, Test Acc: 0.7908
  LR: 0.010000, Grad Norm: 3.0000, Throughput: 283.4 samples/s
accuracy_to_time_metric 0.22206669594580197
epoch 3
  Train Loss: 0.1983, Test Loss: 0.3197
  Train Acc: 0.9391, Test Acc: 0.9104
  LR: 0.010000, Grad Norm: 3.0000, Throughput: 836.7 samples/s
accuracy_to_time_metric 0.2425711926150927
epoch 7
  Train Loss: 0.5704, Test Loss: 0.7664
  Train Acc: 0.9038, Test Acc: 0.8800
  LR: 0.010000, Grad Norm: 0.7874, Throughput: 635.5 samples/s
accuracy_to_time_metric 0.2145208282990581
epoch 6
  Train Loss: 0.1894, Test Loss: 0.3592
  Train Acc: 0.9408, Test Acc: 0.9086
  LR: 0.010000, Grad Norm: 0.1618, Throughput: 832.9 samples/s
accuracy_to_time_metric 0.20828504687131638
epoch 8
  Train Loss: 0.5290, Test Loss: 0.6719
  Train Acc: 0.8303, Test Acc: 0.7994
  LR: 0.010000, Grad Norm: 1.0152, Throughput: 462.6 samples/s
accuracy_to_time_metric 0.17585912334679926
epoch 5
  Train Loss: 0.5599, Test Loss: 0.6852
  Train Acc: 0.9071, Test Acc: 0.8950
  LR: 0.010000, Grad Norm: 3.0000, Throughput: 619.1 samples/s
accuracy_to_time_metric 0.18217463902630715
epoch 7
  Train Loss: 0.1791, Test Loss: 0.3600
  Train Acc: 0.9441, Test Acc: 0.9058
  LR: 0.010000, Grad Norm: 0.0083, Throughput: 810.4 samples/s
accuracy_to_time_metric 0.18154847575680022
epoch 9
  Train Loss: 0.6412, Test Loss: 0.6520
  Train Acc: 0.8271, Test Acc: 0.8210
  LR: 0.010000, Grad Norm: 3.0000, Throughput: 295.9 samples/s
accuracy_to_time_metric 0.15564122790209395
epoch 4
  Train Loss: 0.5216, Test Loss: 0.6499
  Train Acc: 0.8334, Test Acc: 0.7986
  LR: 0.010000, Grad Norm: 3.0000, Throughput: 457.5 samples/s
accuracy_to_time_metric 0.14079791613888498
epoch 6
  Train Loss: 0.1791, Test Loss: 0.3796
  Train Acc: 0.9459, Test Acc: 0.9142
  LR: 0.010000, Grad Norm: 1.0640, Throughput: 828.0 samples/s
accuracy_to_time_metric 0.16339597442586015
epoch 10
  Train Loss: 0.5696, Test Loss: 0.6990
  Train Acc: 0.9087, Test Acc: 0.8986
  LR: 0.010000, Grad Norm: 0.0133, Throughput: 631.2 samples/s
accuracy_to_time_metric 0.15727005758878293
epoch 8
  Train Loss: 0.1717, Test Loss: 0.3637
  Train Acc: 0.9466, Test Acc: 0.9082
  LR: 0.010000, Grad Norm: 2.0117, Throughput: 828.8 samples/s
accuracy_to_time_metric 0.1462280022160928
Training summary saved to /home/s471802/nn-gpt/out/training_summary.json
  Train Loss: 0.5888, Test Loss: 0.6809
  Train Acc: 0.9088, Test Acc: 0.9062
  LR: 0.010000, Grad Norm: 0.0003, Throughput: 632.3 samples/s
accuracy_to_time_metric 0.13922461411488987
epoch 9
  Train Loss: 0.4983, Test Loss: 0.5662
  Train Acc: 0.8389, Test Acc: 0.8216
  LR: 0.010000, Grad Norm: 3.0000, Throughput: 463.3 samples/s
accuracy_to_time_metric 0.121605280047872
epoch 7
  Train Loss: 0.6068, Test Loss: 0.6095
  Train Acc: 0.8379, Test Acc: 0.8424
  LR: 0.010000, Grad Norm: 3.0000, Throughput: 299.0 samples/s
accuracy_to_time_metric 0.12093905701806183
epoch 5
  Train Loss: 0.5445, Test Loss: 0.8962
  Train Acc: 0.9146, Test Acc: 0.8834
  LR: 0.010000, Grad Norm: 0.0681, Throughput: 622.8 samples/s
accuracy_to_time_metric 0.12026118395000107
epoch 10
  Train Loss: 0.4896, Test Loss: 0.5027
  Train Acc: 0.8436, Test Acc: 0.8398
  LR: 0.010000, Grad Norm: 3.0000, Throughput: 460.1 samples/s
accuracy_to_time_metric 0.10701425623070794
epoch 8
  Train Loss: 0.5564, Test Loss: 0.8224
  Train Acc: 0.9143, Test Acc: 0.8890
  LR: 0.010000, Grad Norm: 0.0080, Throughput: 635.9 samples/s
accuracy_to_time_metric 0.10923622846310342
Training summary saved to /home/s471802/nn-gpt/out/training_summary.json
  Train Loss: 0.6093, Test Loss: 0.5958
  Train Acc: 0.8392, Test Acc: 0.8242
  LR: 0.010000, Grad Norm: 0.1833, Throughput: 298.5 samples/s
accuracy_to_time_metric 0.09470309810323542
epoch 6
  Train Loss: 0.4833, Test Loss: 0.4978
  Train Acc: 0.8429, Test Acc: 0.8378
  LR: 0.010000, Grad Norm: 2.0751, Throughput: 464.6 samples/s
accuracy_to_time_metric 0.09359718868369306
epoch 9
  Train Loss: 0.4945, Test Loss: 0.6551
  Train Acc: 0.8417, Test Acc: 0.7976
  LR: 0.010000, Grad Norm: 3.0000, Throughput: 461.9 samples/s
accuracy_to_time_metric 0.07875421675073271
epoch 10
  Train Loss: 0.5858, Test Loss: 0.8386
  Train Acc: 0.8445, Test Acc: 0.8208
  LR: 0.010000, Grad Norm: 3.0000, Throughput: 297.4 samples/s
accuracy_to_time_metric 0.07867906563865835
epoch 7
  Train Loss: 0.4883, Test Loss: 0.5335
  Train Acc: 0.8439, Test Acc: 0.8268
  LR: 0.010000, Grad Norm: 3.0000, Throughput: 459.8 samples/s
accuracy_to_time_metric 0.07387883364942316
Training summary saved to /home/s471802/nn-gpt/out/training_summary.json
  Train Loss: 0.5844, Test Loss: 0.6597
  Train Acc: 0.8488, Test Acc: 0.8402
  LR: 0.010000, Grad Norm: 3.0000, Throughput: 297.5 samples/s
accuracy_to_time_metric 0.06933881513790492
epoch 8
  Train Loss: 0.5781, Test Loss: 0.8548
  Train Acc: 0.8513, Test Acc: 0.8106
  LR: 0.010000, Grad Norm: 3.0000, Throughput: 296.6 samples/s
accuracy_to_time_metric 0.058277863286571786
epoch 9
  Train Loss: 0.5776, Test Loss: 0.6855
  Train Acc: 0.8511, Test Acc: 0.8342
  LR: 0.010000, Grad Norm: 3.0000, Throughput: 294.9 samples/s
accuracy_to_time_metric 0.05351103400790504
epoch 10
  Train Loss: 0.5753, Test Loss: 0.5426
  Train Acc: 0.8550, Test Acc: 0.8594
  LR: 0.010000, Grad Norm: 3.0000, Throughput: 297.1 samples/s
accuracy_to_time_metric 0.04982003070724903
Training summary saved to /home/s471802/nn-gpt/out/training_summary.json
[eval_only] 9/300 article_A_cifar10_epoch10-0008 formal_success=True acc=0.9082
[eval_only] 10/300 article_A_cifar10_epoch10-0009 formal_success=True acc=0.8594
[eval_only] 11/300 article_A_cifar10_epoch10-0010 formal_success=True acc=0.8268
[eval_only] 12/300 article_A_cifar10_epoch10-0011 formal_success=True acc=0.889
[Reward Assign] reward_batch_index=0 batch_item=2/4 completion_index=13 worker_slot=1 assigned_gpu=1 physical_gpu=1 worker_device=cuda:0 gpu_name='NVIDIA L40S' gpu_free_gib=43.41 gpu_used_gib=0.98 gpu_total_gib=44.99 timeout_seconds=1920
[Reward Assign] reward_batch_index=0 batch_item=1/4 completion_index=12 worker_slot=0 assigned_gpu=0 physical_gpu=0 worker_device=cuda:0 gpu_name='NVIDIA L40S' gpu_free_gib=43.40 gpu_used_gib=1.00 gpu_total_gib=44.99 timeout_seconds=1920
[Reward Assign] reward_batch_index=0 batch_item=3/4 completion_index=14 worker_slot=2 assigned_gpu=2 physical_gpu=2 worker_device=cuda:0 gpu_name='NVIDIA L40S' gpu_free_gib=43.39 gpu_used_gib=1.00 gpu_total_gib=44.99 timeout_seconds=1920
[Reward Assign] reward_batch_index=0 batch_item=4/4 completion_index=15 worker_slot=3 assigned_gpu=3 physical_gpu=3 worker_device=cuda:0 gpu_name='NVIDIA L40S' gpu_free_gib=43.39 gpu_used_gib=1.00 gpu_total_gib=44.99 timeout_seconds=1920
Evaluating /home/s471802/nn-gpt/out/nn/tmp/89c645426f5631eeb6ba87beaef07c0e.py...
Evaluating /home/s471802/nn-gpt/out/nn/tmp/92f8ad1961b1ab6b6c87f697234b7653.py...
Evaluating /home/s471802/nn-gpt/out/nn/tmp/4b8eb020d852d65e89b9165ea59e69f8.py...
Evaluating /home/s471802/nn-gpt/out/nn/tmp/4b05072e5dca6780bcf493a8e2dcbd60.py...
epoch 1
epoch 1
epoch 1
epoch 1
  Train Loss: 0.7364, Test Loss: 0.7802
  Train Acc: 0.8213, Test Acc: 0.8388
  LR: 0.010000, Grad Norm: 3.0000, Throughput: 737.6 samples/s
accuracy_to_time_metric 1.210968031549295
epoch 2
  Train Loss: 0.7577, Test Loss: 0.5425
  Train Acc: 0.7411, Test Acc: 0.8126
  LR: 0.010000, Grad Norm: 3.0000, Throughput: 734.1 samples/s
accuracy_to_time_metric 1.1623442268566482
epoch 2
  Train Loss: 0.6713, Test Loss: 0.6728
  Train Acc: 0.8482, Test Acc: 0.8666
  LR: 0.010000, Grad Norm: 3.0000, Throughput: 664.5 samples/s
accuracy_to_time_metric 1.1319668432566081
epoch 2
  Train Loss: 1.2449, Test Loss: 0.8464
  Train Acc: 0.5404, Test Acc: 0.7014
  LR: 0.010000, Grad Norm: 3.0000, Throughput: 647.5 samples/s
accuracy_to_time_metric 0.8653165873042359
epoch 2
  Train Loss: 0.7030, Test Loss: 0.6655
  Train Acc: 0.8620, Test Acc: 0.8586
  LR: 0.010000, Grad Norm: 3.0000, Throughput: 759.2 samples/s
accuracy_to_time_metric 0.6301535080602142
epoch 3
  Train Loss: 0.6023, Test Loss: 0.6646
  Train Acc: 0.7973, Test Acc: 0.7940
  LR: 0.010000, Grad Norm: 3.0000, Throughput: 768.1 samples/s
accuracy_to_time_metric 0.5783365924624497
epoch 3
  Train Loss: 0.8787, Test Loss: 0.7310
  Train Acc: 0.6869, Test Acc: 0.7318
  LR: 0.010000, Grad Norm: 3.0000, Throughput: 672.7 samples/s
accuracy_to_time_metric 0.4628608599858954
epoch 3
  Train Loss: 0.6156, Test Loss: 0.9979
  Train Acc: 0.8865, Test Acc: 0.8470
  LR: 0.010000, Grad Norm: 3.0000, Throughput: 663.3 samples/s
accuracy_to_time_metric 0.5506123346280817
epoch 3
  Train Loss: 0.6648, Test Loss: 0.6388
  Train Acc: 0.8711, Test Acc: 0.8730
  LR: 0.010000, Grad Norm: 3.0000, Throughput: 755.9 samples/s
accuracy_to_time_metric 0.4293985118478493
epoch 4
  Train Loss: 0.5812, Test Loss: 0.5633
  Train Acc: 0.8046, Test Acc: 0.8160
  LR: 0.010000, Grad Norm: 3.0000, Throughput: 774.1 samples/s
accuracy_to_time_metric 0.4017251613579897
epoch 4
  Train Loss: 0.7966, Test Loss: 0.7169
  Train Acc: 0.7196, Test Acc: 0.7466
  LR: 0.010000, Grad Norm: 3.0000, Throughput: 676.6 samples/s
accuracy_to_time_metric 0.3183446537994208
epoch 4
  Train Loss: 0.6233, Test Loss: 0.6102
  Train Acc: 0.8922, Test Acc: 0.8914
  LR: 0.010000, Grad Norm: 3.0000, Throughput: 665.5 samples/s
accuracy_to_time_metric 0.38910512889412197
epoch 4
  Train Loss: 0.5802, Test Loss: 0.5967
  Train Acc: 0.8084, Test Acc: 0.8052
  LR: 0.010000, Grad Norm: 3.0000, Throughput: 779.9 samples/s
accuracy_to_time_metric 0.2987754368372271
epoch 5
  Train Loss: 0.6418, Test Loss: 0.8014
  Train Acc: 0.8762, Test Acc: 0.8554
  LR: 0.010000, Grad Norm: 3.0000, Throughput: 755.2 samples/s
accuracy_to_time_metric 0.31513164644892566
epoch 5
  Train Loss: 0.7430, Test Loss: 0.6887
  Train Acc: 0.7400, Test Acc: 0.7558
  LR: 0.010000, Grad Norm: 3.0000, Throughput: 672.4 samples/s
accuracy_to_time_metric 0.242758216122385
epoch 5
  Train Loss: 0.5785, Test Loss: 0.6887
  Train Acc: 0.8998, Test Acc: 0.8900
  LR: 0.010000, Grad Norm: 3.0000, Throughput: 664.2 samples/s
accuracy_to_time_metric 0.29125264095200903
epoch 5
  Train Loss: 0.5755, Test Loss: 0.5492
  Train Acc: 0.8085, Test Acc: 0.8220
  LR: 0.010000, Grad Norm: 3.0000, Throughput: 808.1 samples/s
accuracy_to_time_metric 0.24741519779364163
epoch 6
  Train Loss: 0.6600, Test Loss: 0.7657
  Train Acc: 0.8807, Test Acc: 0.8602
  LR: 0.010000, Grad Norm: 1.4626, Throughput: 747.4 samples/s
accuracy_to_time_metric 0.25338485842611497
epoch 6
  Train Loss: 0.7168, Test Loss: 0.6840
  Train Acc: 0.7501, Test Acc: 0.7548
  LR: 0.010000, Grad Norm: 3.0000, Throughput: 667.0 samples/s
accuracy_to_time_metric 0.1938920664652887
epoch 6
  Train Loss: 0.5766, Test Loss: 0.8412
  Train Acc: 0.9022, Test Acc: 0.8742
  LR: 0.010000, Grad Norm: 0.0152, Throughput: 660.6 samples/s
accuracy_to_time_metric 0.2280647463566221
epoch 6
  Train Loss: 0.5649, Test Loss: 0.5688
  Train Acc: 0.8144, Test Acc: 0.8126
  LR: 0.010000, Grad Norm: 3.0000, Throughput: 831.6 samples/s
accuracy_to_time_metric 0.20593412222049814
epoch 7
  Train Loss: 0.6798, Test Loss: 0.6582
  Train Acc: 0.8791, Test Acc: 0.8822
  LR: 0.010000, Grad Norm: 3.0000, Throughput: 758.7 samples/s
accuracy_to_time_metric 0.21762157493457324
epoch 7
  Train Loss: 0.6924, Test Loss: 0.6503
  Train Acc: 0.7565, Test Acc: 0.7678
  LR: 0.010000, Grad Norm: 3.0000, Throughput: 671.5 samples/s
accuracy_to_time_metric 0.16495891285174144
epoch 7
  Train Loss: 0.5701, Test Loss: 0.5666
  Train Acc: 0.8099, Test Acc: 0.8172
  LR: 0.010000, Grad Norm: 3.0000, Throughput: 788.8 samples/s
accuracy_to_time_metric 0.17788458968761758
epoch 8
  Train Loss: 0.5794, Test Loss: 0.9402
  Train Acc: 0.9071, Test Acc: 0.8724
  LR: 0.010000, Grad Norm: 3.0000, Throughput: 665.1 samples/s
accuracy_to_time_metric 0.18967271456440216
epoch 7
  Train Loss: 0.6614, Test Loss: 0.9884
  Train Acc: 0.8868, Test Acc: 0.8380
  LR: 0.010000, Grad Norm: 0.0000, Throughput: 753.2 samples/s
accuracy_to_time_metric 0.1760165820114475
epoch 8
  Train Loss: 0.5651, Test Loss: 0.4999
  Train Acc: 0.8138, Test Acc: 0.8330
  LR: 0.010000, Grad Norm: 3.0000, Throughput: 781.5 samples/s
accuracy_to_time_metric 0.15904857403116476
epoch 9
  Train Loss: 0.6707, Test Loss: 0.6579
  Train Acc: 0.7661, Test Acc: 0.7632
  LR: 0.010000, Grad Norm: 3.0000, Throughput: 671.8 samples/s
accuracy_to_time_metric 0.14053511702456603
epoch 8
  Train Loss: 0.5703, Test Loss: 0.8742
  Train Acc: 0.9091, Test Acc: 0.8796
  LR: 0.010000, Grad Norm: 0.0738, Throughput: 663.0 samples/s
accuracy_to_time_metric 0.16405633256521635
epoch 8
  Train Loss: 0.6806, Test Loss: 1.0138
  Train Acc: 0.8833, Test Acc: 0.8482
  LR: 0.010000, Grad Norm: 3.0000, Throughput: 752.1 samples/s
accuracy_to_time_metric 0.15613086382345376
epoch 9
  Train Loss: 0.5483, Test Loss: 0.6232
  Train Acc: 0.8175, Test Acc: 0.8024
  LR: 0.010000, Grad Norm: 3.0000, Throughput: 840.6 samples/s
accuracy_to_time_metric 0.1365201130935492
epoch 10
  Train Loss: 0.6551, Test Loss: 0.6372
  Train Acc: 0.7723, Test Acc: 0.7734
  LR: 0.010000, Grad Norm: 3.0000, Throughput: 663.9 samples/s
accuracy_to_time_metric 0.12475153266394019
epoch 9
  Train Loss: 0.6727, Test Loss: 0.7361
  Train Acc: 0.8884, Test Acc: 0.8820
  LR: 0.010000, Grad Norm: 3.0000, Throughput: 745.7 samples/s
accuracy_to_time_metric 0.14490653176826382
epoch 10
  Train Loss: 0.5492, Test Loss: 0.8016
  Train Acc: 0.9118, Test Acc: 0.8930
  LR: 0.010000, Grad Norm: 3.0000, Throughput: 659.1 samples/s
accuracy_to_time_metric 0.1458844354301102
epoch 9
  Train Loss: 0.5512, Test Loss: 0.5866
  Train Acc: 0.8161, Test Acc: 0.8038
  LR: 0.010000, Grad Norm: 3.0000, Throughput: 782.4 samples/s
accuracy_to_time_metric 0.1230152232903674
Training summary saved to /home/s471802/nn-gpt/out/training_summary.json
  Train Loss: 0.6566, Test Loss: 0.7942
  Train Acc: 0.8912, Test Acc: 0.8762
  LR: 0.010000, Grad Norm: 3.0000, Throughput: 744.1 samples/s
accuracy_to_time_metric 0.12931617314112587
Training summary saved to /home/s471802/nn-gpt/out/training_summary.json
  Train Loss: 0.6442, Test Loss: 0.6193
  Train Acc: 0.7731, Test Acc: 0.7870
  LR: 0.010000, Grad Norm: 3.0000, Throughput: 671.0 samples/s
accuracy_to_time_metric 0.11318691344653985
epoch 10
  Train Loss: 0.5514, Test Loss: 0.8579
  Train Acc: 0.9124, Test Acc: 0.8808
  LR: 0.010000, Grad Norm: 3.0000, Throughput: 653.9 samples/s
accuracy_to_time_metric 0.1274781649435954
epoch 10
  Train Loss: 0.6273, Test Loss: 0.6066
  Train Acc: 0.7800, Test Acc: 0.7948
  LR: 0.010000, Grad Norm: 3.0000, Throughput: 669.3 samples/s
accuracy_to_time_metric 0.10303997854960446
Training summary saved to /home/s471802/nn-gpt/out/training_summary.json
  Train Loss: 0.5392, Test Loss: 0.8423
  Train Acc: 0.9141, Test Acc: 0.8914
  LR: 0.010000, Grad Norm: 3.0000, Throughput: 661.2 samples/s
accuracy_to_time_metric 0.11626905239465268
Training summary saved to /home/s471802/nn-gpt/out/training_summary.json
[eval_only] 13/300 article_A_cifar10_epoch10-0012 formal_success=True acc=0.8762
[eval_only] 14/300 article_A_cifar10_epoch10-0013 formal_success=True acc=0.8914
[eval_only] 15/300 article_A_cifar10_epoch10-0014 formal_success=True acc=0.8038
[eval_only] 16/300 article_A_cifar10_epoch10-0015 formal_success=True acc=0.7948
[Reward Assign] reward_batch_index=0 batch_item=3/4 completion_index=18 worker_slot=2 assigned_gpu=2 physical_gpu=2 worker_device=cuda:0 gpu_name='NVIDIA L40S' gpu_free_gib=43.39 gpu_used_gib=1.00 gpu_total_gib=44.99 timeout_seconds=1920
[Reward Assign] reward_batch_index=0 batch_item=4/4 completion_index=19 worker_slot=3 assigned_gpu=3 physical_gpu=3 worker_device=cuda:0 gpu_name='NVIDIA L40S' gpu_free_gib=43.39 gpu_used_gib=1.00 gpu_total_gib=44.99 timeout_seconds=1920
[Reward Assign] reward_batch_index=0 batch_item=1/4 completion_index=16 worker_slot=0 assigned_gpu=0 physical_gpu=0 worker_device=cuda:0 gpu_name='NVIDIA L40S' gpu_free_gib=43.40 gpu_used_gib=1.00 gpu_total_gib=44.99 timeout_seconds=1920
[Reward Assign] reward_batch_index=0 batch_item=2/4 completion_index=17 worker_slot=1 assigned_gpu=1 physical_gpu=1 worker_device=cuda:0 gpu_name='NVIDIA L40S' gpu_free_gib=43.41 gpu_used_gib=0.98 gpu_total_gib=44.99 timeout_seconds=1920
Evaluating /home/s471802/nn-gpt/out/nn/tmp/76eb87e10b344e5c754f0970dbf24103.py...
Evaluating /home/s471802/nn-gpt/out/nn/tmp/18235b9b337dbf6136d841517e8a212d.py...
Evaluating /home/s471802/nn-gpt/out/nn/tmp/06c90914736ad6e37e7754f785aa36cc.py...
Evaluating /home/s471802/nn-gpt/out/nn/tmp/a16f215797143720fb6c65b7bbe04292.py...
epoch 1
epoch 1
epoch 1
epoch 1
  Train Loss: 0.6346, Test Loss: 0.6331
  Train Acc: 0.8371, Test Acc: 0.8650
  LR: 0.010000, Grad Norm: 3.0000, Throughput: 848.7 samples/s
accuracy_to_time_metric 1.4426858350346325
epoch 2
  Train Loss: 0.3738, Test Loss: 0.3157
  Train Acc: 0.8840, Test Acc: 0.8978
  LR: 0.010000, Grad Norm: 1.9043, Throughput: 687.3 samples/s
accuracy_to_time_metric 1.2183983231632936
epoch 2
  Train Loss: 0.5625, Test Loss: 0.5370
  Train Acc: 0.8835, Test Acc: 0.8868
  LR: 0.010000, Grad Norm: 1.5205, Throughput: 863.2 samples/s
accuracy_to_time_metric 0.7474994678937912
epoch 3
  Train Loss: 0.1601, Test Loss: 0.1972
  Train Acc: 0.9545, Test Acc: 0.9400
  LR: 0.010000, Grad Norm: 3.0000, Throughput: 396.7 samples/s
accuracy_to_time_metric 0.7404999386561961
epoch 2
  Train Loss: 0.2728, Test Loss: 0.3531
  Train Acc: 0.9139, Test Acc: 0.8962
  LR: 0.010000, Grad Norm: 2.8829, Throughput: 697.2 samples/s
accuracy_to_time_metric 0.6118869325054543
epoch 3
  Train Loss: 0.5156, Test Loss: 0.6974
  Train Acc: 0.8959, Test Acc: 0.8820
  LR: 0.010000, Grad Norm: 3.0000, Throughput: 870.7 samples/s
accuracy_to_time_metric 0.4979624876312089
epoch 4
  Train Loss: 0.2293, Test Loss: 0.3006
  Train Acc: 0.9257, Test Acc: 0.9110
  LR: 0.010000, Grad Norm: 3.0000, Throughput: 699.4 samples/s
accuracy_to_time_metric 0.41683263562840595
epoch 4
  Train Loss: 0.5446, Test Loss: 0.6147
  Train Acc: 0.9001, Test Acc: 0.8882
  LR: 0.010000, Grad Norm: 3.0000, Throughput: 869.0 samples/s
accuracy_to_time_metric 0.37726400892729023
epoch 5
  Train Loss: 0.0820, Test Loss: 0.1511
  Train Acc: 0.9740, Test Acc: 0.9480
  LR: 0.010000, Grad Norm: 3.0000, Throughput: 416.1 samples/s
accuracy_to_time_metric 0.3825384425975803
epoch 3
  Train Loss: 1.0793, Test Loss: 0.6277
  Train Acc: 0.6185, Test Acc: 0.7862
  LR: 0.010000, Grad Norm: 3.0000, Throughput: 177.1 samples/s
accuracy_to_time_metric 0.2701189766403908
epoch 2
  Train Loss: 0.1980, Test Loss: 0.3240
  Train Acc: 0.9326, Test Acc: 0.9036
  LR: 0.010000, Grad Norm: 1.9807, Throughput: 702.0 samples/s
accuracy_to_time_metric 0.3105527376687079
epoch 5
  Train Loss: 0.5150, Test Loss: 0.5978
  Train Acc: 0.9067, Test Acc: 0.8964
  LR: 0.010000, Grad Norm: 3.0000, Throughput: 861.9 samples/s
accuracy_to_time_metric 0.30485305712528
epoch 6
  Train Loss: 0.5177, Test Loss: 0.7584
  Train Acc: 0.9081, Test Acc: 0.8904
  LR: 0.010000, Grad Norm: 0.3705, Throughput: 862.6 samples/s
accuracy_to_time_metric 0.252113824373121
epoch 7
  Train Loss: 0.1954, Test Loss: 0.2922
  Train Acc: 0.9344, Test Acc: 0.9104
  LR: 0.010000, Grad Norm: 1.5349, Throughput: 699.8 samples/s
accuracy_to_time_metric 0.25076736864047444
epoch 6
  Train Loss: 0.0471, Test Loss: 0.1692
  Train Acc: 0.9888, Test Acc: 0.9562
  LR: 0.010000, Grad Norm: 3.0000, Throughput: 415.4 samples/s
accuracy_to_time_metric 0.25937603125151015
epoch 4
  Train Loss: 0.5060, Test Loss: 0.6050
  Train Acc: 0.9121, Test Acc: 0.9024
  LR: 0.010000, Grad Norm: 3.0000, Throughput: 874.1 samples/s
accuracy_to_time_metric 0.21977959112096576
epoch 8
  Train Loss: 0.1783, Test Loss: 0.2936
  Train Acc: 0.9391, Test Acc: 0.9108
  LR: 0.010000, Grad Norm: 0.0092, Throughput: 698.2 samples/s
accuracy_to_time_metric 0.20912000167501102
epoch 7
  Train Loss: 0.5260, Test Loss: 0.6330
  Train Acc: 0.9127, Test Acc: 0.9008
  LR: 0.010000, Grad Norm: 0.0088, Throughput: 869.0 samples/s
accuracy_to_time_metric 0.19204771786830377
epoch 9
  Train Loss: 1.1316, Test Loss: 1.0168
  Train Acc: 0.9805, Test Acc: 0.9480
  LR: 0.010000, Grad Norm: 3.0000, Throughput: 414.5 samples/s
accuracy_to_time_metric 0.1932723128300016
epoch 5
  Train Loss: 0.1644, Test Loss: 0.2829
  Train Acc: 0.9440, Test Acc: 0.9102
  LR: 0.010000, Grad Norm: 1.6477, Throughput: 704.3 samples/s
accuracy_to_time_metric 0.17936186347480626
epoch 8
  Train Loss: 0.4896, Test Loss: 0.5758
  Train Acc: 0.9171, Test Acc: 0.9138
  LR: 0.010000, Grad Norm: 3.0000, Throughput: 860.6 samples/s
accuracy_to_time_metric 0.17338156228130933
epoch 10
  Train Loss: 0.4053, Test Loss: 0.3368
  Train Acc: 0.8636, Test Acc: 0.8816
  LR: 0.010000, Grad Norm: 3.0000, Throughput: 179.1 samples/s
accuracy_to_time_metric 0.15464054335257468
epoch 3
  Train Loss: 0.1570, Test Loss: 0.3298
  Train Acc: 0.9465, Test Acc: 0.9026
  LR: 0.010000, Grad Norm: 0.1340, Throughput: 696.8 samples/s
accuracy_to_time_metric 0.15542239060833687
epoch 9
  Train Loss: 0.5150, Test Loss: 0.6429
  Train Acc: 0.9154, Test Acc: 0.9038
  LR: 0.010000, Grad Norm: 1.3881, Throughput: 866.0 samples/s
accuracy_to_time_metric 0.15415180840690687
Training summary saved to /home/s471802/nn-gpt/out/training_summary.json
  Train Loss: 1.7309, Test Loss: 1.5863
  Train Acc: 0.9846, Test Acc: 0.9458
  LR: 0.010000, Grad Norm: 3.0000, Throughput: 417.4 samples/s
accuracy_to_time_metric 0.15471477065579087
epoch 6
  Train Loss: 0.1518, Test Loss: 0.3139
  Train Acc: 0.9481, Test Acc: 0.9080
  LR: 0.010000, Grad Norm: 3.0000, Throughput: 702.7 samples/s
accuracy_to_time_metric 0.13918044595770113
epoch 10
  Train Loss: 0.1453, Test Loss: 0.3407
  Train Acc: 0.9498, Test Acc: 0.9052
  LR: 0.010000, Grad Norm: 0.3602, Throughput: 703.9 samples/s
accuracy_to_time_metric 0.12492010028374069
Training summary saved to /home/s471802/nn-gpt/out/training_summary.json
  Train Loss: 0.1143, Test Loss: 0.2738
  Train Acc: 0.9959, Test Acc: 0.9592
  LR: 0.010000, Grad Norm: 3.0000, Throughput: 433.4 samples/s
accuracy_to_time_metric 0.13206069166265258
epoch 7
  Train Loss: 0.2562, Test Loss: 0.2413
  Train Acc: 0.9118, Test Acc: 0.9176
  LR: 0.010000, Grad Norm: 3.0000, Throughput: 178.7 samples/s
accuracy_to_time_metric 0.10795175847569938
epoch 4
  Train Loss: 0.1315, Test Loss: 0.2370
  Train Acc: 0.9950, Test Acc: 0.9570
  LR: 0.010000, Grad Norm: 3.0000, Throughput: 411.3 samples/s
accuracy_to_time_metric 0.11274566893076808
epoch 8
  Train Loss: 0.2256, Test Loss: 0.3294
  Train Acc: 0.9953, Test Acc: 0.9582
  LR: 0.010000, Grad Norm: 3.0000, Throughput: 408.9 samples/s
accuracy_to_time_metric 0.09861160216117354
epoch 9
  Train Loss: 0.2428, Test Loss: 0.3759
  Train Acc: 0.9938, Test Acc: 0.9554
  LR: 0.010000, Grad Norm: 0.5912, Throughput: 418.3 samples/s
accuracy_to_time_metric 0.08746615983708242
epoch 10
  Train Loss: 0.1700, Test Loss: 0.2475
  Train Acc: 0.9414, Test Acc: 0.9212
  LR: 0.010000, Grad Norm: 3.0000, Throughput: 180.3 samples/s
accuracy_to_time_metric 0.081546987956294
epoch 5
  Train Loss: 0.1303, Test Loss: 0.2720
  Train Acc: 0.9954, Test Acc: 0.9590
  LR: 0.010000, Grad Norm: 3.0000, Throughput: 405.0 samples/s
accuracy_to_time_metric 0.07886558767417974
Training summary saved to /home/s471802/nn-gpt/out/training_summary.json
  Train Loss: 0.1141, Test Loss: 0.2294
  Train Acc: 0.9607, Test Acc: 0.9264
  LR: 0.010000, Grad Norm: 3.0000, Throughput: 181.0 samples/s
accuracy_to_time_metric 0.065810379824704
epoch 6
  Train Loss: 0.0822, Test Loss: 0.2203
  Train Acc: 0.9720, Test Acc: 0.9336
  LR: 0.010000, Grad Norm: 3.0000, Throughput: 178.8 samples/s
accuracy_to_time_metric 0.055290162109297256
epoch 7
  Train Loss: 0.0607, Test Loss: 0.2627
  Train Acc: 0.9785, Test Acc: 0.9270
  LR: 0.010000, Grad Norm: 3.0000, Throughput: 180.9 samples/s
accuracy_to_time_metric 0.047079987072732955
epoch 8
[Reward Assign] error reward_batch_index=0 batch_item=4/4 completion_index=19 worker_slot=3 assigned_gpu=3 physical_gpu=3 worker_device=cuda:0 elapsed_seconds=1920.10 error=PersistentEvalWorkerError: Persistent eval worker timed out after 1920 seconds
[Reward Worker] Ready slot=3 pid=191023, assigned_gpu=3, assigned_cuda_visible_device='3', worker_device=cuda:0, cuda_visible_devices='3', cuda_available=True, cuda_device_count=1, rss_gib=0.53, torch_home='', physical_gpu_index=3, physical_gpu_bus_id='00000000:E1:00.0', physical_gpu_uuid='GPU-4717f6c0-3c73-96c7-bfae-b42a34d7e4d5', physical_binding_verified=True
[eval_only] 17/300 article_A_cifar10_epoch10-0016 formal_success=True acc=0.959
[eval_only] 18/300 article_A_cifar10_epoch10-0017 formal_success=True acc=0.9052
[eval_only] 19/300 article_A_cifar10_epoch10-0018 formal_success=True acc=0.9038
[eval_only] 20/300 article_A_cifar10_epoch10-0019 formal_success=False acc=None
[Reward Assign] reward_batch_index=0 batch_item=4/4 completion_index=23 worker_slot=3 assigned_gpu=3 physical_gpu=3 worker_device=cuda:0 gpu_name='NVIDIA L40S' gpu_free_gib=43.55 gpu_used_gib=0.85 gpu_total_gib=44.99 timeout_seconds=1920
[Reward Assign] reward_batch_index=0 batch_item=1/4 completion_index=20 worker_slot=0 assigned_gpu=0 physical_gpu=0 worker_device=cuda:0 gpu_name='NVIDIA L40S' gpu_free_gib=43.39 gpu_used_gib=1.00 gpu_total_gib=44.99 timeout_seconds=1920
[Reward Assign] reward_batch_index=0 batch_item=3/4 completion_index=22 worker_slot=2 assigned_gpu=2 physical_gpu=2 worker_device=cuda:0 gpu_name='NVIDIA L40S' gpu_free_gib=43.39 gpu_used_gib=1.00 gpu_total_gib=44.99 timeout_seconds=1920
[Reward Assign] reward_batch_index=0 batch_item=2/4 completion_index=21 worker_slot=1 assigned_gpu=1 physical_gpu=1 worker_device=cuda:0 gpu_name='NVIDIA L40S' gpu_free_gib=43.41 gpu_used_gib=0.98 gpu_total_gib=44.99 timeout_seconds=1920
LEMUR root /home/s471802/nn-gpt
Evaluating /home/s471802/nn-gpt/out/nn/tmp/7133bfc07f13a2f2f1e68ec770e72bd6.py...
Evaluating /home/s471802/nn-gpt/out/nn/tmp/47f03843c3725f3b5952d81873283630.py...
Evaluating /home/s471802/nn-gpt/out/nn/tmp/5b2a455dc3c708256321ae55aea86447.py...
Evaluating /home/s471802/nn-gpt/out/nn/tmp/189bb3d5b12f2f902278c1d93d3485a8.py...
epoch 1
epoch 1
epoch 1
epoch 1
  Train Loss: 0.4305, Test Loss: 0.3861
  Train Acc: 0.8574, Test Acc: 0.8698
  LR: 0.010000, Grad Norm: 2.1013, Throughput: 708.9 samples/s
accuracy_to_time_metric 1.2126966806863722
epoch 2
  Train Loss: 0.3676, Test Loss: 0.3643
  Train Acc: 0.8826, Test Acc: 0.8890
  LR: 0.010000, Grad Norm: 3.0000, Throughput: 670.9 samples/s
accuracy_to_time_metric 1.1762051806624771
epoch 2
  Train Loss: 1.7634, Test Loss: 1.0127
  Train Acc: 0.3916, Test Acc: 0.6412
  LR: 0.010000, Grad Norm: 3.0000, Throughput: 369.4 samples/s
accuracy_to_time_metric 0.4443158642023419
epoch 2
  Train Loss: 0.3578, Test Loss: 0.3649
  Train Acc: 0.8809, Test Acc: 0.8728
  LR: 0.010000, Grad Norm: 0.2999, Throughput: 710.2 samples/s
accuracy_to_time_metric 0.608780171336579
epoch 3
  Train Loss: 0.4159, Test Loss: 0.4055
  Train Acc: 0.8801, Test Acc: 0.8870
  LR: 0.010000, Grad Norm: 3.0000, Throughput: 372.0 samples/s
accuracy_to_time_metric 0.650571245627176
epoch 2
  Train Loss: 0.2627, Test Loss: 0.3661
  Train Acc: 0.9153, Test Acc: 0.8952
  LR: 0.010000, Grad Norm: 1.7421, Throughput: 704.9 samples/s
accuracy_to_time_metric 0.6069074543826295
epoch 3
  Train Loss: 0.3400, Test Loss: 0.3794
  Train Acc: 0.8860, Test Acc: 0.8738
  LR: 0.010000, Grad Norm: 3.0000, Throughput: 680.0 samples/s
accuracy_to_time_metric 0.4004800424239322
epoch 4
  Train Loss: 0.2322, Test Loss: 0.2872
  Train Acc: 0.9248, Test Acc: 0.9062
  LR: 0.010000, Grad Norm: 2.7926, Throughput: 680.1 samples/s
accuracy_to_time_metric 0.40863525843947934
epoch 4
  Train Loss: 0.8190, Test Loss: 0.9851
  Train Acc: 0.7269, Test Acc: 0.6624
  LR: 0.010000, Grad Norm: 3.0000, Throughput: 374.7 samples/s
accuracy_to_time_metric 0.23237809167262863
epoch 3
  Train Loss: 0.3490, Test Loss: 0.3661
  Train Acc: 0.9048, Test Acc: 0.9012
  LR: 0.010000, Grad Norm: 3.0000, Throughput: 368.6 samples/s
accuracy_to_time_metric 0.32947789811414907
epoch 3
  Train Loss: 0.3362, Test Loss: 0.4053
  Train Acc: 0.8872, Test Acc: 0.8650
  LR: 0.010000, Grad Norm: 3.0000, Throughput: 693.9 samples/s
accuracy_to_time_metric 0.29631814138900736
epoch 5
  Train Loss: 0.2001, Test Loss: 0.3122
  Train Acc: 0.9331, Test Acc: 0.9050
  LR: 0.010000, Grad Norm: 0.0676, Throughput: 692.5 samples/s
accuracy_to_time_metric 0.3068131624783659
epoch 5
  Train Loss: 0.3263, Test Loss: 0.3687
  Train Acc: 0.8909, Test Acc: 0.8814
  LR: 0.010000, Grad Norm: 3.0000, Throughput: 654.1 samples/s
accuracy_to_time_metric 0.23891164492588082
epoch 6
  Train Loss: 0.1945, Test Loss: 0.3229
  Train Acc: 0.9352, Test Acc: 0.9072
  LR: 0.010000, Grad Norm: 1.1069, Throughput: 653.6 samples/s
accuracy_to_time_metric 0.24362664237505932
epoch 6
  Train Loss: 0.5883, Test Loss: 0.6865
  Train Acc: 0.7992, Test Acc: 0.7584
  LR: 0.010000, Grad Norm: 3.0000, Throughput: 364.7 samples/s
accuracy_to_time_metric 0.18012485832575145
epoch 4
  Train Loss: 0.3012, Test Loss: 0.3835
  Train Acc: 0.9134, Test Acc: 0.9058
  LR: 0.010000, Grad Norm: 3.0000, Throughput: 361.1 samples/s
accuracy_to_time_metric 0.2190305031201549
epoch 4
  Train Loss: 0.3274, Test Loss: 0.3385
  Train Acc: 0.8904, Test Acc: 0.8910
  LR: 0.010000, Grad Norm: 3.0000, Throughput: 705.7 samples/s
accuracy_to_time_metric 0.20233717837695586
epoch 7
  Train Loss: 0.1741, Test Loss: 0.2838
  Train Acc: 0.9403, Test Acc: 0.9180
  LR: 0.010000, Grad Norm: 1.0474, Throughput: 704.4 samples/s
accuracy_to_time_metric 0.20692356341933896
epoch 7
  Train Loss: 0.3181, Test Loss: 0.3850
  Train Acc: 0.8941, Test Acc: 0.8832
  LR: 0.010000, Grad Norm: 3.0000, Throughput: 672.7 samples/s
accuracy_to_time_metric 0.17102914587897247
epoch 8
  Train Loss: 0.1681, Test Loss: 0.3033
  Train Acc: 0.9427, Test Acc: 0.9100
  LR: 0.010000, Grad Norm: 1.2512, Throughput: 667.1 samples/s
accuracy_to_time_metric 0.17499328606289338
epoch 8
  Train Loss: 0.5010, Test Loss: 0.7489
  Train Acc: 0.8309, Test Acc: 0.7456
  LR: 0.010000, Grad Norm: 3.0000, Throughput: 368.4 samples/s
accuracy_to_time_metric 0.13235341906559828
epoch 5
  Train Loss: 0.2849, Test Loss: 0.3922
  Train Acc: 0.9180, Test Acc: 0.9014
  LR: 0.010000, Grad Norm: 0.0358, Throughput: 362.1 samples/s
accuracy_to_time_metric 0.1627906702816224
epoch 5
  Train Loss: 0.3066, Test Loss: 0.3925
  Train Acc: 0.8968, Test Acc: 0.8740
  LR: 0.010000, Grad Norm: 0.2906, Throughput: 653.2 samples/s
accuracy_to_time_metric 0.1468883114336372
epoch 9
  Train Loss: 0.1586, Test Loss: 0.3344
  Train Acc: 0.9465, Test Acc: 0.9014
  LR: 0.010000, Grad Norm: 3.0000, Throughput: 652.1 samples/s
accuracy_to_time_metric 0.15064273609773843
epoch 9
  Train Loss: 0.3100, Test Loss: 0.4130
  Train Acc: 0.8961, Test Acc: 0.8620
  LR: 0.010000, Grad Norm: 3.0000, Throughput: 696.4 samples/s
accuracy_to_time_metric 0.12879114470496622
epoch 10
  Train Loss: 0.1521, Test Loss: 0.3130
  Train Acc: 0.9487, Test Acc: 0.9082
  LR: 0.010000, Grad Norm: 3.0000, Throughput: 701.0 samples/s
accuracy_to_time_metric 0.13554029324018224
epoch 10
  Train Loss: 0.4486, Test Loss: 0.5993
  Train Acc: 0.8474, Test Acc: 0.7898
  LR: 0.010000, Grad Norm: 3.0000, Throughput: 367.1 samples/s
accuracy_to_time_metric 0.11299299798688806
epoch 6
  Train Loss: 0.2817, Test Loss: 0.4038
  Train Acc: 0.9196, Test Acc: 0.8922
  LR: 0.010000, Grad Norm: 0.0478, Throughput: 363.1 samples/s
accuracy_to_time_metric 0.1285344430092186
epoch 6
  Train Loss: 0.3055, Test Loss: 0.4267
  Train Acc: 0.8982, Test Acc: 0.8656
  LR: 0.010000, Grad Norm: 1.1860, Throughput: 705.6 samples/s
accuracy_to_time_metric 0.1167898532673634
Training summary saved to /home/s471802/nn-gpt/out/training_summary.json
  Train Loss: 0.1458, Test Loss: 0.3555
  Train Acc: 0.9500, Test Acc: 0.9028
  LR: 0.010000, Grad Norm: 3.0000, Throughput: 706.9 samples/s
accuracy_to_time_metric 0.12162818056701058
Training summary saved to /home/s471802/nn-gpt/out/training_summary.json
  Train Loss: 0.4101, Test Loss: 0.6656
  Train Acc: 0.8598, Test Acc: 0.7668
  LR: 0.010000, Grad Norm: 2.3169, Throughput: 382.1 samples/s
accuracy_to_time_metric 0.0915506989295403
epoch 7
  Train Loss: 0.2716, Test Loss: 0.4291
  Train Acc: 0.9242, Test Acc: 0.8990
  LR: 0.010000, Grad Norm: 0.0322, Throughput: 376.1 samples/s
accuracy_to_time_metric 0.10854581945219562
epoch 7
  Train Loss: 0.3806, Test Loss: 0.5202
  Train Acc: 0.8702, Test Acc: 0.8172
  LR: 0.010000, Grad Norm: 3.0000, Throughput: 382.9 samples/s
accuracy_to_time_metric 0.08478029676024691
epoch 8
  Train Loss: 0.2596, Test Loss: 0.3892
  Train Acc: 0.9250, Test Acc: 0.9078
  LR: 0.010000, Grad Norm: 3.0000, Throughput: 375.9 samples/s
accuracy_to_time_metric 0.09437782334031046
epoch 8
  Train Loss: 0.3556, Test Loss: 0.5258
  Train Acc: 0.8795, Test Acc: 0.8156
  LR: 0.010000, Grad Norm: 3.0000, Throughput: 379.0 samples/s
accuracy_to_time_metric 0.07417223734623572
epoch 9
  Train Loss: 0.2583, Test Loss: 0.4108
  Train Acc: 0.9268, Test Acc: 0.9062
  LR: 0.010000, Grad Norm: 3.0000, Throughput: 371.5 samples/s
accuracy_to_time_metric 0.08250405842122777
epoch 9
  Train Loss: 0.3350, Test Loss: 0.4584
  Train Acc: 0.8849, Test Acc: 0.8394
  LR: 0.010000, Grad Norm: 3.0000, Throughput: 369.6 samples/s
accuracy_to_time_metric 0.06804481606827151
epoch 10
  Train Loss: 0.2460, Test Loss: 0.5109
  Train Acc: 0.9304, Test Acc: 0.8924
  LR: 0.010000, Grad Norm: 0.0878, Throughput: 362.4 samples/s
accuracy_to_time_metric 0.07194246656183968
epoch 10
  Train Loss: 0.3190, Test Loss: 0.4004
  Train Acc: 0.8908, Test Acc: 0.8580
  LR: 0.010000, Grad Norm: 1.1527, Throughput: 373.9 samples/s
accuracy_to_time_metric 0.06279598555919026
Training summary saved to /home/s471802/nn-gpt/out/training_summary.json
  Train Loss: 0.2430, Test Loss: 0.5123
  Train Acc: 0.9325, Test Acc: 0.8960
  LR: 0.010000, Grad Norm: 3.0000, Throughput: 370.1 samples/s
accuracy_to_time_metric 0.06507827663210734
Training summary saved to /home/s471802/nn-gpt/out/training_summary.json
[eval_only] 21/300 article_A_cifar10_epoch10-0020 formal_success=True acc=0.896
[eval_only] 22/300 article_A_cifar10_epoch10-0021 formal_success=True acc=0.858
[eval_only] 23/300 article_A_cifar10_epoch10-0022 formal_success=True acc=0.8656
[eval_only] 24/300 article_A_cifar10_epoch10-0023 formal_success=True acc=0.9028
[Reward Assign] reward_batch_index=0 batch_item=3/4 completion_index=26 worker_slot=2 assigned_gpu=2 physical_gpu=2 worker_device=cuda:0 gpu_name='NVIDIA L40S' gpu_free_gib=43.39 gpu_used_gib=1.00 gpu_total_gib=44.99 timeout_seconds=1920
[Reward Assign] reward_batch_index=0 batch_item=4/4 completion_index=27 worker_slot=3 assigned_gpu=3 physical_gpu=3 worker_device=cuda:0 gpu_name='NVIDIA L40S' gpu_free_gib=43.42 gpu_used_gib=0.98 gpu_total_gib=44.99 timeout_seconds=1920
[Reward Assign] reward_batch_index=0 batch_item=2/4 completion_index=25 worker_slot=1 assigned_gpu=1 physical_gpu=1 worker_device=cuda:0 gpu_name='NVIDIA L40S' gpu_free_gib=43.41 gpu_used_gib=0.98 gpu_total_gib=44.99 timeout_seconds=1920
[Reward Assign] reward_batch_index=0 batch_item=1/4 completion_index=24 worker_slot=0 assigned_gpu=0 physical_gpu=0 worker_device=cuda:0 gpu_name='NVIDIA L40S' gpu_free_gib=43.39 gpu_used_gib=1.00 gpu_total_gib=44.99 timeout_seconds=1920
Evaluating /home/s471802/nn-gpt/out/nn/tmp/6dcb885ee6591152a3239fc899ad7cd9.py...
Evaluating /home/s471802/nn-gpt/out/nn/tmp/8944b3e29dccd88bfcbe41be23097369.py...
Evaluating /home/s471802/nn-gpt/out/nn/tmp/35cd7ec5fbbd535ff2d8b007d97b1780.py...
Evaluating /home/s471802/nn-gpt/out/nn/tmp/939564a3c72a2ae13803268a92a20211.py...
epoch 1
epoch 1
epoch 1
epoch 1
  Train Loss: 0.8996, Test Loss: 0.6429
  Train Acc: 0.6852, Test Acc: 0.7714
  LR: 0.010000, Grad Norm: 3.0000, Throughput: 749.3 samples/s
accuracy_to_time_metric 1.117958672624427
epoch 2
  Train Loss: 0.5026, Test Loss: 0.5076
  Train Acc: 0.8715, Test Acc: 0.8790
  LR: 0.010000, Grad Norm: 3.0000, Throughput: 1132.6 samples/s
accuracy_to_time_metric 1.9602188262914124
epoch 2
  Train Loss: 0.3709, Test Loss: 0.3454
  Train Acc: 0.8866, Test Acc: 0.8940
  LR: 0.010000, Grad Norm: 3.0000, Throughput: 617.5 samples/s
accuracy_to_time_metric 1.0894377869166176
epoch 2
  Train Loss: 0.4368, Test Loss: 0.5208
  Train Acc: 0.8994, Test Acc: 0.8894
  LR: 0.010000, Grad Norm: 3.0000, Throughput: 1654.5 samples/s
accuracy_to_time_metric 1.1774734922229841
epoch 3
  Train Loss: 0.3835, Test Loss: 0.5223
  Train Acc: 0.9114, Test Acc: 0.8934
  LR: 0.010000, Grad Norm: 3.0000, Throughput: 1626.3 samples/s
accuracy_to_time_metric 0.8367813309026503
epoch 4
  Train Loss: 0.6307, Test Loss: 0.6109
  Train Acc: 0.7806, Test Acc: 0.7816
  LR: 0.010000, Grad Norm: 3.0000, Throughput: 757.3 samples/s
accuracy_to_time_metric 0.5699780580940694
epoch 3
  Train Loss: 0.3833, Test Loss: 0.6137
  Train Acc: 0.9152, Test Acc: 0.8746
  LR: 0.010000, Grad Norm: 0.9670, Throughput: 1719.9 samples/s
accuracy_to_time_metric 0.6397289106043168
epoch 5
  Train Loss: 0.2742, Test Loss: 0.3348
  Train Acc: 0.9164, Test Acc: 0.9002
  LR: 0.010000, Grad Norm: 3.0000, Throughput: 649.4 samples/s
accuracy_to_time_metric 0.5623992606207513
epoch 3
  Train Loss: 0.3524, Test Loss: 0.5273
  Train Acc: 0.9190, Test Acc: 0.8994
  LR: 0.010000, Grad Norm: 3.0000, Throughput: 1698.9 samples/s
accuracy_to_time_metric 0.5413302416689699
epoch 6
  Train Loss: 0.5848, Test Loss: 0.5433
  Train Acc: 0.7982, Test Acc: 0.8132
  LR: 0.010000, Grad Norm: 3.0000, Throughput: 796.2 samples/s
accuracy_to_time_metric 0.40475608379976363
epoch 4
  Train Loss: 0.3443, Test Loss: 0.6241
  Train Acc: 0.9227, Test Acc: 0.8972
  LR: 0.010000, Grad Norm: 0.0054, Throughput: 1669.5 samples/s
accuracy_to_time_metric 0.4562448267829435
epoch 7
  Train Loss: 0.2445, Test Loss: 0.3280
  Train Acc: 0.9247, Test Acc: 0.9024
  LR: 0.010000, Grad Norm: 1.2189, Throughput: 632.1 samples/s
accuracy_to_time_metric 0.3756920027873225
epoch 4
  Train Loss: 0.3309, Test Loss: 0.5638
  Train Acc: 0.9257, Test Acc: 0.8972
  LR: 0.010000, Grad Norm: 3.0000, Throughput: 1551.5 samples/s
accuracy_to_time_metric 0.39109641303608766
epoch 8
  Train Loss: 0.5537, Test Loss: 0.5405
  Train Acc: 0.8105, Test Acc: 0.8064
  LR: 0.010000, Grad Norm: 3.0000, Throughput: 709.4 samples/s
accuracy_to_time_metric 0.2946538433903331
epoch 5
  Train Loss: 0.6833, Test Loss: 0.5409
  Train Acc: 0.7802, Test Acc: 0.8194
  LR: 0.010000, Grad Norm: 2.2096, Throughput: 188.5 samples/s
accuracy_to_time_metric 0.30129834448667886
epoch 2
  Train Loss: 0.3355, Test Loss: 0.6479
  Train Acc: 0.9262, Test Acc: 0.8896
  LR: 0.010000, Grad Norm: 3.0000, Throughput: 1609.2 samples/s
accuracy_to_time_metric 0.3350659877113463
epoch 9
  Train Loss: 0.3248, Test Loss: 0.6757
  Train Acc: 0.9293, Test Acc: 0.8936
  LR: 0.010000, Grad Norm: 3.0000, Throughput: 1611.4 samples/s
accuracy_to_time_metric 0.3009668644153697
epoch 10
  Train Loss: 0.2244, Test Loss: 0.3181
  Train Acc: 0.9294, Test Acc: 0.9138
  LR: 0.010000, Grad Norm: 3.0000, Throughput: 612.5 samples/s
accuracy_to_time_metric 0.28340181778801704
epoch 5
  Train Loss: 0.5417, Test Loss: 0.5444
  Train Acc: 0.8142, Test Acc: 0.8076
  LR: 0.010000, Grad Norm: 3.0000, Throughput: 706.1 samples/s
accuracy_to_time_metric 0.233094199430738
epoch 6
  Train Loss: 0.3156, Test Loss: 0.6889
  Train Acc: 0.9303, Test Acc: 0.8872
  LR: 0.010000, Grad Norm: 3.0000, Throughput: 1480.4 samples/s
accuracy_to_time_metric 0.2675879056094574
Training summary saved to /home/s471802/nn-gpt/out/training_summary.json
  Train Loss: 0.5242, Test Loss: 0.5224
  Train Acc: 0.8190, Test Acc: 0.8134
  LR: 0.010000, Grad Norm: 2.6399, Throughput: 734.0 samples/s
accuracy_to_time_metric 0.19546127527105156
epoch 7
  Train Loss: 0.2036, Test Loss: 0.3694
  Train Acc: 0.9354, Test Acc: 0.9006
  LR: 0.010000, Grad Norm: 3.0000, Throughput: 617.0 samples/s
accuracy_to_time_metric 0.22227188864036898
epoch 6
  Train Loss: 0.5154, Test Loss: 0.5108
  Train Acc: 0.8233, Test Acc: 0.8142
  LR: 0.010000, Grad Norm: 3.0000, Throughput: 765.1 samples/s
accuracy_to_time_metric 0.16827414727018478
epoch 8
  Train Loss: 0.1906, Test Loss: 0.3595
  Train Acc: 0.9377, Test Acc: 0.8982
  LR: 0.010000, Grad Norm: 0.7646, Throughput: 642.5 samples/s
accuracy_to_time_metric 0.18548724080723802
epoch 7
  Train Loss: 0.5058, Test Loss: 0.5073
  Train Acc: 0.8296, Test Acc: 0.8252
  LR: 0.010000, Grad Norm: 2.8491, Throughput: 188.2 samples/s
accuracy_to_time_metric 0.15170369138492393
epoch 3
  Train Loss: 0.5010, Test Loss: 0.5052
  Train Acc: 0.8288, Test Acc: 0.8222
  LR: 0.010000, Grad Norm: 2.2170, Throughput: 726.5 samples/s
accuracy_to_time_metric 0.14845602650899184
epoch 9
  Train Loss: 0.1806, Test Loss: 0.3295
  Train Acc: 0.9404, Test Acc: 0.9094
  LR: 0.010000, Grad Norm: 2.3960, Throughput: 610.3 samples/s
accuracy_to_time_metric 0.1605440661330705
epoch 8
  Train Loss: 0.4962, Test Loss: 0.4898
  Train Acc: 0.8302, Test Acc: 0.8240
  LR: 0.010000, Grad Norm: 3.0000, Throughput: 716.6 samples/s
accuracy_to_time_metric 0.131785650152253
epoch 10
  Train Loss: 0.1729, Test Loss: 0.3757
  Train Acc: 0.9430, Test Acc: 0.8956
  LR: 0.010000, Grad Norm: 0.1525, Throughput: 602.5 samples/s
accuracy_to_time_metric 0.1374211687690893
epoch 9
  Train Loss: 0.4905, Test Loss: 0.4942
  Train Acc: 0.8318, Test Acc: 0.8252
  LR: 0.010000, Grad Norm: 3.0000, Throughput: 743.9 samples/s
accuracy_to_time_metric 0.11889085406586453
Training summary saved to /home/s471802/nn-gpt/out/training_summary.json
  Train Loss: 0.1675, Test Loss: 0.3943
  Train Acc: 0.9444, Test Acc: 0.9012
  LR: 0.010000, Grad Norm: 0.9573, Throughput: 610.0 samples/s
accuracy_to_time_metric 0.12272914269643109
epoch 10
  Train Loss: 0.4697, Test Loss: 0.4702
  Train Acc: 0.8379, Test Acc: 0.8420
  LR: 0.010000, Grad Norm: 1.2463, Throughput: 184.1 samples/s
accuracy_to_time_metric 0.10268544945609732
epoch 4
  Train Loss: 0.1626, Test Loss: 0.3623
  Train Acc: 0.9462, Test Acc: 0.9076
  LR: 0.010000, Grad Norm: 0.3134, Throughput: 626.8 samples/s
accuracy_to_time_metric 0.11143650719991742
Training summary saved to /home/s471802/nn-gpt/out/training_summary.json
  Train Loss: 0.4449, Test Loss: 0.4578
  Train Acc: 0.8478, Test Acc: 0.8470
  LR: 0.010000, Grad Norm: 1.2941, Throughput: 191.6 samples/s
accuracy_to_time_metric 0.07801384599216882
epoch 5
  Train Loss: 0.4275, Test Loss: 0.4440
  Train Acc: 0.8558, Test Acc: 0.8510
  LR: 0.010000, Grad Norm: 1.0567, Throughput: 191.1 samples/s
accuracy_to_time_metric 0.06294650231164704
epoch 6
  Train Loss: 0.4160, Test Loss: 0.4378
  Train Acc: 0.8575, Test Acc: 0.8518
  LR: 0.010000, Grad Norm: 2.2421, Throughput: 190.1 samples/s
accuracy_to_time_metric 0.052578202514930006
epoch 7
  Train Loss: 0.4059, Test Loss: 0.4290
  Train Acc: 0.8596, Test Acc: 0.8542
  LR: 0.010000, Grad Norm: 2.8394, Throughput: 190.8 samples/s
accuracy_to_time_metric 0.04527424235558171
epoch 8
  Train Loss: 0.3962, Test Loss: 0.4216
  Train Acc: 0.8650, Test Acc: 0.8582
  LR: 0.010000, Grad Norm: 2.5881, Throughput: 193.6 samples/s
accuracy_to_time_metric 0.0399395567413467
epoch 9
[Reward Assign] error reward_batch_index=0 batch_item=1/4 completion_index=24 worker_slot=0 assigned_gpu=0 physical_gpu=0 worker_device=cuda:0 elapsed_seconds=1920.02 error=PersistentEvalWorkerError: Persistent eval worker timed out after 1920 seconds
[Reward Worker] Ready slot=0 pid=194621, assigned_gpu=0, assigned_cuda_visible_device='0', worker_device=cuda:0, cuda_visible_devices='0', cuda_available=True, cuda_device_count=1, rss_gib=0.53, torch_home='', physical_gpu_index=0, physical_gpu_bus_id='00000000:81:00.0', physical_gpu_uuid='GPU-56ae1379-df29-f643-787e-6acaac86f64a', physical_binding_verified=True
[eval_only] 25/300 article_A_cifar10_epoch10-0024 formal_success=False acc=None
[eval_only] 26/300 article_A_cifar10_epoch10-0025 formal_success=True acc=0.8252
[eval_only] 27/300 article_A_cifar10_epoch10-0026 formal_success=True acc=0.8872
[eval_only] 28/300 article_A_cifar10_epoch10-0027 formal_success=True acc=0.9076
[Reward Assign] reward_batch_index=0 batch_item=4/4 completion_index=31 worker_slot=3 assigned_gpu=3 physical_gpu=3 worker_device=cuda:0 gpu_name='NVIDIA L40S' gpu_free_gib=43.42 gpu_used_gib=0.98 gpu_total_gib=44.99 timeout_seconds=1920
[Reward Assign] reward_batch_index=0 batch_item=1/4 completion_index=28 worker_slot=0 assigned_gpu=0 physical_gpu=0 worker_device=cuda:0 gpu_name='NVIDIA L40S' gpu_free_gib=43.55 gpu_used_gib=0.85 gpu_total_gib=44.99 timeout_seconds=1920
[Reward Assign] reward_batch_index=0 batch_item=2/4 completion_index=29 worker_slot=1 assigned_gpu=1 physical_gpu=1 worker_device=cuda:0 gpu_name='NVIDIA L40S' gpu_free_gib=43.41 gpu_used_gib=0.98 gpu_total_gib=44.99 timeout_seconds=1920
[Reward Assign] reward_batch_index=0 batch_item=3/4 completion_index=30 worker_slot=2 assigned_gpu=2 physical_gpu=2 worker_device=cuda:0 gpu_name='NVIDIA L40S' gpu_free_gib=43.39 gpu_used_gib=1.00 gpu_total_gib=44.99 timeout_seconds=1920
LEMUR root /home/s471802/nn-gpt
Evaluating /home/s471802/nn-gpt/out/nn/tmp/1cbdff3523a909f21c17941a2e332667.py...
Evaluating /home/s471802/nn-gpt/out/nn/tmp/2615b7001d81dfa75a9d6fcbefdd08dc.py...
Evaluating /home/s471802/nn-gpt/out/nn/tmp/560d90d7dce4ccd2517429a504d24b54.py...
Evaluating /home/s471802/nn-gpt/out/nn/tmp/ad35db2229cb4f916a82125762995baf.py...
epoch 1
epoch 1
epoch 1
epoch 1
  Train Loss: 0.3867, Test Loss: 0.3335
  Train Acc: 0.8821, Test Acc: 0.8970
  LR: 0.010000, Grad Norm: 2.3482, Throughput: 1655.4 samples/s
accuracy_to_time_metric 2.93150729027713
epoch 2
  Train Loss: 0.3186, Test Loss: 0.3566
  Train Acc: 0.9005, Test Acc: 0.8926
  LR: 0.010000, Grad Norm: 3.0000, Throughput: 1760.2 samples/s
accuracy_to_time_metric 1.4995836740525728
epoch 3
  Train Loss: 0.7509, Test Loss: 1.3685
  Train Acc: 0.7394, Test Acc: 0.6412
  LR: 0.010000, Grad Norm: 3.0000, Throughput: 694.0 samples/s
accuracy_to_time_metric 0.8346440710852356
epoch 2
  Train Loss: 0.3033, Test Loss: 0.3717
  Train Acc: 0.9060, Test Acc: 0.8954
  LR: 0.010000, Grad Norm: 3.0000, Throughput: 1842.7 samples/s
accuracy_to_time_metric 1.0279122402665148
epoch 4
  Train Loss: 0.2902, Test Loss: 0.3467
  Train Acc: 0.9094, Test Acc: 0.8942
  LR: 0.010000, Grad Norm: 3.0000, Throughput: 1699.0 samples/s
accuracy_to_time_metric 0.7638777407689146
epoch 5
  Train Loss: 0.3488, Test Loss: 0.3419
  Train Acc: 0.8939, Test Acc: 0.9018
  LR: 0.010000, Grad Norm: 3.0000, Throughput: 360.7 samples/s
accuracy_to_time_metric 0.6426483666340069
epoch 2
  Train Loss: 0.3140, Test Loss: 1.2290
  Train Acc: 0.8910, Test Acc: 0.7038
  LR: 0.010000, Grad Norm: 2.6364, Throughput: 710.0 samples/s
accuracy_to_time_metric 0.470535841862035
epoch 3
  Train Loss: 0.2911, Test Loss: 0.3471
  Train Acc: 0.9092, Test Acc: 0.8970
  LR: 0.010000, Grad Norm: 3.0000, Throughput: 1797.0 samples/s
accuracy_to_time_metric 0.617284097664134
epoch 6
  Train Loss: 0.1518, Test Loss: 0.2001
  Train Acc: 0.9510, Test Acc: 0.9334
  LR: 0.010000, Grad Norm: 3.0000, Throughput: 332.2 samples/s
accuracy_to_time_metric 0.615168294884948
epoch 2
  Train Loss: 0.2786, Test Loss: 0.4117
  Train Acc: 0.9145, Test Acc: 0.8836
  LR: 0.010000, Grad Norm: 3.0000, Throughput: 1789.9 samples/s
accuracy_to_time_metric 0.507650525502949
epoch 7
  Train Loss: 0.2681, Test Loss: 0.3523
  Train Acc: 0.9161, Test Acc: 0.8980
  LR: 0.010000, Grad Norm: 1.4135, Throughput: 1812.0 samples/s
accuracy_to_time_metric 0.44507148114120915
epoch 8
  Train Loss: 0.2089, Test Loss: 0.8067
  Train Acc: 0.9275, Test Acc: 0.7768
  LR: 0.010000, Grad Norm: 3.0000, Throughput: 712.3 samples/s
accuracy_to_time_metric 0.35323877342647386
epoch 4
  Train Loss: 0.2717, Test Loss: 0.3732
  Train Acc: 0.9156, Test Acc: 0.8948
  LR: 0.010000, Grad Norm: 3.0000, Throughput: 1772.5 samples/s
accuracy_to_time_metric 0.38811058839329365
epoch 9
  Train Loss: 0.2661, Test Loss: 0.3576
  Train Acc: 0.9171, Test Acc: 0.8972
  LR: 0.010000, Grad Norm: 3.0000, Throughput: 1831.6 samples/s
accuracy_to_time_metric 0.3474250580206197
epoch 10
  Train Loss: 0.2519, Test Loss: 0.3307
  Train Acc: 0.9242, Test Acc: 0.9088
  LR: 0.010000, Grad Norm: 0.5422, Throughput: 364.2 samples/s
accuracy_to_time_metric 0.3255544974720605
epoch 3
  Train Loss: 0.1444, Test Loss: 0.7541
  Train Acc: 0.9498, Test Acc: 0.7988
  LR: 0.010000, Grad Norm: 3.0000, Throughput: 714.3 samples/s
accuracy_to_time_metric 0.2743648819034117
epoch 5
  Train Loss: 0.2651, Test Loss: 0.3913
  Train Acc: 0.9182, Test Acc: 0.8894
  LR: 0.010000, Grad Norm: 0.5680, Throughput: 1764.2 samples/s
accuracy_to_time_metric 0.3094821669313289
Training summary saved to /home/s471802/nn-gpt/out/training_summary.json
  Train Loss: 0.0670, Test Loss: 0.1300
  Train Acc: 0.9778, Test Acc: 0.9526
  LR: 0.010000, Grad Norm: 3.0000, Throughput: 343.5 samples/s
accuracy_to_time_metric 0.31981184762162473
epoch 3
  Train Loss: 0.0973, Test Loss: 0.5277
  Train Acc: 0.9656, Test Acc: 0.8514
  LR: 0.010000, Grad Norm: 3.0000, Throughput: 722.8 samples/s
accuracy_to_time_metric 0.23699252634407433
epoch 6
  Train Loss: 0.2091, Test Loss: 0.3346
  Train Acc: 0.9351, Test Acc: 0.9096
  LR: 0.010000, Grad Norm: 0.8410, Throughput: 364.6 samples/s
accuracy_to_time_metric 0.21764894244904262
epoch 4
  Train Loss: 0.0732, Test Loss: 0.4608
  Train Acc: 0.9744, Test Acc: 0.8718
  LR: 0.010000, Grad Norm: 3.0000, Throughput: 709.8 samples/s
accuracy_to_time_metric 0.20280717358287456
epoch 7
  Train Loss: 0.0339, Test Loss: 0.1114
  Train Acc: 0.9888, Test Acc: 0.9644
  LR: 0.010000, Grad Norm: 3.0000, Throughput: 344.4 samples/s
accuracy_to_time_metric 0.21754619306005918
epoch 4
  Train Loss: 0.0557, Test Loss: 0.3564
  Train Acc: 0.9806, Test Acc: 0.8954
  LR: 0.010000, Grad Norm: 3.0000, Throughput: 723.2 samples/s
accuracy_to_time_metric 0.17959419456953543
epoch 8
  Train Loss: 0.1852, Test Loss: 0.3167
  Train Acc: 0.9402, Test Acc: 0.9148
  LR: 0.010000, Grad Norm: 3.0000, Throughput: 362.6 samples/s
accuracy_to_time_metric 0.16421332188916016
epoch 5
  Train Loss: 0.0405, Test Loss: 0.3855
  Train Acc: 0.9864, Test Acc: 0.8972
  LR: 0.010000, Grad Norm: 3.0000, Throughput: 699.2 samples/s
accuracy_to_time_metric 0.15712925695892124
epoch 9
  Train Loss: 0.0239, Test Loss: 0.1109
  Train Acc: 0.9922, Test Acc: 0.9644
  LR: 0.010000, Grad Norm: 3.0000, Throughput: 346.6 samples/s
accuracy_to_time_metric 0.1639316124428245
epoch 5
  Train Loss: 0.0333, Test Loss: 0.3622
  Train Acc: 0.9891, Test Acc: 0.9036
  LR: 0.010000, Grad Norm: 0.9340, Throughput: 710.2 samples/s
accuracy_to_time_metric 0.1407811463471048
epoch 10
  Train Loss: 0.1639, Test Loss: 0.3499
  Train Acc: 0.9469, Test Acc: 0.9138
  LR: 0.010000, Grad Norm: 0.2411, Throughput: 363.6 samples/s
accuracy_to_time_metric 0.13124916968474876
epoch 6
  Train Loss: 0.0253, Test Loss: 0.3582
  Train Acc: 0.9918, Test Acc: 0.9046
  LR: 0.010000, Grad Norm: 3.0000, Throughput: 720.4 samples/s
accuracy_to_time_metric 0.12703268239838658
Training summary saved to /home/s471802/nn-gpt/out/training_summary.json
  Train Loss: 0.0165, Test Loss: 0.1144
  Train Acc: 0.9946, Test Acc: 0.9670
  LR: 0.010000, Grad Norm: 3.0000, Throughput: 344.8 samples/s
accuracy_to_time_metric 0.13178045285708487
epoch 6
  Train Loss: 0.1477, Test Loss: 0.3226
  Train Acc: 0.9524, Test Acc: 0.9134
  LR: 0.010000, Grad Norm: 3.0000, Throughput: 369.7 samples/s
accuracy_to_time_metric 0.10964480731062504
epoch 7
  Train Loss: 0.0113, Test Loss: 0.0979
  Train Acc: 0.9968, Test Acc: 0.9690
  LR: 0.010000, Grad Norm: 3.0000, Throughput: 348.0 samples/s
accuracy_to_time_metric 0.11037347953051206
epoch 7
  Train Loss: 0.1341, Test Loss: 0.3142
  Train Acc: 0.9551, Test Acc: 0.9122
  LR: 0.010000, Grad Norm: 1.7233, Throughput: 372.3 samples/s
accuracy_to_time_metric 0.09413306110646917
epoch 8
  Train Loss: 0.0116, Test Loss: 0.1191
  Train Acc: 0.9964, Test Acc: 0.9676
  LR: 0.010000, Grad Norm: 0.3289, Throughput: 347.5 samples/s
accuracy_to_time_metric 0.09462219059003574
epoch 8
  Train Loss: 0.1264, Test Loss: 0.3251
  Train Acc: 0.9565, Test Acc: 0.9164
  LR: 0.010000, Grad Norm: 0.3473, Throughput: 375.9 samples/s
accuracy_to_time_metric 0.08308286986599453
epoch 9
  Train Loss: 0.0095, Test Loss: 0.1006
  Train Acc: 0.9971, Test Acc: 0.9710
  LR: 0.010000, Grad Norm: 3.0000, Throughput: 351.6 samples/s
accuracy_to_time_metric 0.08334938704752827
epoch 9
  Train Loss: 0.1238, Test Loss: 0.3429
  Train Acc: 0.9582, Test Acc: 0.9152
  LR: 0.010000, Grad Norm: 3.0000, Throughput: 370.4 samples/s
accuracy_to_time_metric 0.07382498579942431
epoch 10
  Train Loss: 0.0090, Test Loss: 0.1121
  Train Acc: 0.9968, Test Acc: 0.9674
  LR: 0.010000, Grad Norm: 1.3571, Throughput: 348.1 samples/s
accuracy_to_time_metric 0.07386049710279562
epoch 10
  Train Loss: 0.1153, Test Loss: 0.3021
  Train Acc: 0.9614, Test Acc: 0.9154
  LR: 0.010000, Grad Norm: 3.0000, Throughput: 364.7 samples/s
accuracy_to_time_metric 0.06641605393590375
Training summary saved to /home/s471802/nn-gpt/out/training_summary.json
  Train Loss: 0.0072, Test Loss: 0.1097
  Train Acc: 0.9979, Test Acc: 0.9728
  LR: 0.010000, Grad Norm: 3.0000, Throughput: 344.5 samples/s
accuracy_to_time_metric 0.06687662307311672
Training summary saved to /home/s471802/nn-gpt/out/training_summary.json
[eval_only] 29/300 article_A_cifar10_epoch10-0028 formal_success=True acc=0.9728
[eval_only] 30/300 article_A_cifar10_epoch10-0029 formal_success=True acc=0.9154
[eval_only] 31/300 article_A_cifar10_epoch10-0030 formal_success=True acc=0.9046
[eval_only] 32/300 article_A_cifar10_epoch10-0031 formal_success=True acc=0.8894
[Reward Assign] reward_batch_index=0 batch_item=1/4 completion_index=32 worker_slot=0 assigned_gpu=0 physical_gpu=0 worker_device=cuda:0 gpu_name='NVIDIA L40S' gpu_free_gib=43.39 gpu_used_gib=1.00 gpu_total_gib=44.99 timeout_seconds=1920
[Reward Assign] reward_batch_index=0 batch_item=2/4 completion_index=33 worker_slot=1 assigned_gpu=1 physical_gpu=1 worker_device=cuda:0 gpu_name='NVIDIA L40S' gpu_free_gib=43.41 gpu_used_gib=0.98 gpu_total_gib=44.99 timeout_seconds=1920
[Reward Assign] reward_batch_index=0 batch_item=4/4 completion_index=35 worker_slot=3 assigned_gpu=3 physical_gpu=3 worker_device=cuda:0 gpu_name='NVIDIA L40S' gpu_free_gib=43.42 gpu_used_gib=0.98 gpu_total_gib=44.99 timeout_seconds=1920
[Reward Assign] reward_batch_index=0 batch_item=3/4 completion_index=34 worker_slot=2 assigned_gpu=2 physical_gpu=2 worker_device=cuda:0 gpu_name='NVIDIA L40S' gpu_free_gib=43.39 gpu_used_gib=1.00 gpu_total_gib=44.99 timeout_seconds=1920
Evaluating /home/s471802/nn-gpt/out/nn/tmp/7398b861e8a0b4ecfffb7b9de56bd079.py...
Evaluating /home/s471802/nn-gpt/out/nn/tmp/828b1e82dd9cd3ef673b93c7272406ee.py...
Evaluating /home/s471802/nn-gpt/out/nn/tmp/ba822f052feeb6bd6752baf3ccbc8adf.py...
Evaluating /home/s471802/nn-gpt/out/nn/tmp/5efcad9e5afa29459b216f2cb6f90b9e.py...
epoch 1
epoch 1
epoch 1
epoch 1
  Train Loss: 0.4987, Test Loss: 0.4246
  Train Acc: 0.8293, Test Acc: 0.8596
  LR: 0.010000, Grad Norm: 3.0000, Throughput: 832.1 samples/s
accuracy_to_time_metric 1.4045226897787668
epoch 2
  Train Loss: 0.6701, Test Loss: 0.9132
  Train Acc: 0.8477, Test Acc: 0.8480
  LR: 0.010000, Grad Norm: 3.0000, Throughput: 642.2 samples/s
accuracy_to_time_metric 1.067430642356942
epoch 2
  Train Loss: 0.5032, Test Loss: 0.4228
  Train Acc: 0.8391, Test Acc: 0.8616
  LR: 0.010000, Grad Norm: 3.0000, Throughput: 565.5 samples/s
accuracy_to_time_metric 0.9571051715279757
epoch 2
  Train Loss: 0.3890, Test Loss: 0.4491
  Train Acc: 0.8661, Test Acc: 0.8490
  LR: 0.010000, Grad Norm: 3.0000, Throughput: 857.1 samples/s
accuracy_to_time_metric 0.7020685610951087
epoch 3
  Train Loss: 0.6164, Test Loss: 0.6678
  Train Acc: 0.8857, Test Acc: 0.8834
  LR: 0.010000, Grad Norm: 3.0000, Throughput: 631.2 samples/s
accuracy_to_time_metric 0.5537678170531781
epoch 3
  Train Loss: 0.3652, Test Loss: 0.4297
  Train Acc: 0.8724, Test Acc: 0.8558
  LR: 0.010000, Grad Norm: 2.9854, Throughput: 858.1 samples/s
accuracy_to_time_metric 0.47465755696909795
epoch 4
  Train Loss: 0.4341, Test Loss: 0.5316
  Train Acc: 0.8671, Test Acc: 0.8448
  LR: 0.010000, Grad Norm: 1.4439, Throughput: 590.0 samples/s
accuracy_to_time_metric 0.47757856177031516
epoch 3
  Train Loss: 0.6538, Test Loss: 0.6918
  Train Acc: 0.7745, Test Acc: 0.7798
  LR: 0.010000, Grad Norm: 3.0000, Throughput: 236.0 samples/s
accuracy_to_time_metric 0.356472593527886
epoch 2
  Train Loss: 0.3478, Test Loss: 0.4113
  Train Acc: 0.8782, Test Acc: 0.8624
  LR: 0.010000, Grad Norm: 3.0000, Throughput: 869.4 samples/s
accuracy_to_time_metric 0.3611667967482802
epoch 5
  Train Loss: 0.6178, Test Loss: 0.6022
  Train Acc: 0.8922, Test Acc: 0.9012
  LR: 0.010000, Grad Norm: 3.0000, Throughput: 649.3 samples/s
accuracy_to_time_metric 0.3799452509066416
epoch 4
  Train Loss: 0.4104, Test Loss: 0.4483
  Train Acc: 0.8727, Test Acc: 0.8616
  LR: 0.010000, Grad Norm: 3.0000, Throughput: 606.9 samples/s
accuracy_to_time_metric 0.33084630995131
epoch 4
  Train Loss: 0.3360, Test Loss: 0.4257
  Train Acc: 0.8824, Test Acc: 0.8534
  LR: 0.010000, Grad Norm: 1.8533, Throughput: 891.6 samples/s
accuracy_to_time_metric 0.2879232617731191
epoch 6
  Train Loss: 0.5823, Test Loss: 0.7102
  Train Acc: 0.9009, Test Acc: 0.8932
  LR: 0.010000, Grad Norm: 1.4542, Throughput: 654.4 samples/s
accuracy_to_time_metric 0.2835455451356366
epoch 5
  Train Loss: 0.3850, Test Loss: 0.4645
  Train Acc: 0.8801, Test Acc: 0.8610
  LR: 0.010000, Grad Norm: 2.4029, Throughput: 604.1 samples/s
accuracy_to_time_metric 0.24967506340713952
epoch 5
  Train Loss: 0.3243, Test Loss: 0.4552
  Train Acc: 0.8860, Test Acc: 0.8456
  LR: 0.010000, Grad Norm: 3.0000, Throughput: 865.3 samples/s
accuracy_to_time_metric 0.23762229657670153
epoch 7
  Train Loss: 0.5475, Test Loss: 0.8040
  Train Acc: 0.9066, Test Acc: 0.8826
  LR: 0.010000, Grad Norm: 3.0000, Throughput: 642.6 samples/s
accuracy_to_time_metric 0.22367966036418543
epoch 6
  Train Loss: 0.3190, Test Loss: 0.4080
  Train Acc: 0.8878, Test Acc: 0.8632
  LR: 0.010000, Grad Norm: 3.0000, Throughput: 866.8 samples/s
accuracy_to_time_metric 0.2086443563290398
epoch 8
  Train Loss: 0.2972, Test Loss: 0.6429
  Train Acc: 0.8974, Test Acc: 0.8000
  LR: 0.010000, Grad Norm: 3.0000, Throughput: 240.7 samples/s
accuracy_to_time_metric 0.18529844071619678
epoch 3
  Train Loss: 0.3906, Test Loss: 0.4689
  Train Acc: 0.8806, Test Acc: 0.8652
  LR: 0.010000, Grad Norm: 3.0000, Throughput: 595.7 samples/s
accuracy_to_time_metric 0.20113240692933781
epoch 6
  Train Loss: 0.3115, Test Loss: 0.4131
  Train Acc: 0.8900, Test Acc: 0.8652
  LR: 0.010000, Grad Norm: 3.0000, Throughput: 883.9 samples/s
accuracy_to_time_metric 0.18358819330247092
epoch 9
  Train Loss: 0.5561, Test Loss: 0.7726
  Train Acc: 0.9075, Test Acc: 0.8894
  LR: 0.010000, Grad Norm: 3.0000, Throughput: 648.1 samples/s
accuracy_to_time_metric 0.18821621590780835
epoch 7
  Train Loss: 0.3686, Test Loss: 0.5522
  Train Acc: 0.8854, Test Acc: 0.8524
  LR: 0.010000, Grad Norm: 3.0000, Throughput: 608.5 samples/s
accuracy_to_time_metric 0.16554246788679128
epoch 7
  Train Loss: 0.3013, Test Loss: 0.4065
  Train Acc: 0.8925, Test Acc: 0.8598
  LR: 0.010000, Grad Norm: 0.7000, Throughput: 886.5 samples/s
accuracy_to_time_metric 0.16246685068529548
epoch 10
  Train Loss: 0.5540, Test Loss: 0.7884
  Train Acc: 0.9116, Test Acc: 0.8868
  LR: 0.010000, Grad Norm: 3.0000, Throughput: 659.9 samples/s
accuracy_to_time_metric 0.16132725487627256
epoch 8
  Train Loss: 0.2965, Test Loss: 0.4653
  Train Acc: 0.8945, Test Acc: 0.8462
  LR: 0.010000, Grad Norm: 0.5482, Throughput: 899.4 samples/s
accuracy_to_time_metric 0.14411010674698885
Training summary saved to /home/s471802/nn-gpt/out/training_summary.json
  Train Loss: 0.3690, Test Loss: 0.5584
  Train Acc: 0.8861, Test Acc: 0.8476
  LR: 0.010000, Grad Norm: 3.0000, Throughput: 616.6 samples/s
accuracy_to_time_metric 0.14170068561764887
epoch 8
  Train Loss: 0.5510, Test Loss: 0.7405
  Train Acc: 0.9105, Test Acc: 0.8984
  LR: 0.010000, Grad Norm: 3.0000, Throughput: 667.4 samples/s
accuracy_to_time_metric 0.14379523002816963
epoch 9
  Train Loss: 0.1938, Test Loss: 0.4043
  Train Acc: 0.9319, Test Acc: 0.8632
  LR: 0.010000, Grad Norm: 3.0000, Throughput: 242.3 samples/s
accuracy_to_time_metric 0.13542131067690139
epoch 4
  Train Loss: 0.3633, Test Loss: 0.4907
  Train Acc: 0.8879, Test Acc: 0.8632
  LR: 0.010000, Grad Norm: 2.6810, Throughput: 614.6 samples/s
accuracy_to_time_metric 0.12700664302851075
epoch 9
  Train Loss: 0.5387, Test Loss: 0.8472
  Train Acc: 0.9130, Test Acc: 0.8878
  LR: 0.010000, Grad Norm: 3.0000, Throughput: 660.2 samples/s
accuracy_to_time_metric 0.12635100218631748
epoch 10
  Train Loss: 0.3571, Test Loss: 0.4530
  Train Acc: 0.8919, Test Acc: 0.8710
  LR: 0.010000, Grad Norm: 3.0000, Throughput: 619.4 samples/s
accuracy_to_time_metric 0.11444899066338762
epoch 10
  Train Loss: 0.5615, Test Loss: 0.8570
  Train Acc: 0.9129, Test Acc: 0.8864
  LR: 0.010000, Grad Norm: 3.0000, Throughput: 666.3 samples/s
accuracy_to_time_metric 0.11378258254884524
Training summary saved to /home/s471802/nn-gpt/out/training_summary.json
  Train Loss: 0.1283, Test Loss: 0.4688
  Train Acc: 0.9545, Test Acc: 0.8664
  LR: 0.010000, Grad Norm: 3.0000, Throughput: 242.6 samples/s
accuracy_to_time_metric 0.10229649320937863
epoch 5
  Train Loss: 0.3567, Test Loss: 0.4871
  Train Acc: 0.8894, Test Acc: 0.8632
  LR: 0.010000, Grad Norm: 3.0000, Throughput: 607.2 samples/s
accuracy_to_time_metric 0.10204834035158161
Training summary saved to /home/s471802/nn-gpt/out/training_summary.json
  Train Loss: 0.0830, Test Loss: 0.3678
  Train Acc: 0.9711, Test Acc: 0.8870
  LR: 0.010000, Grad Norm: 3.0000, Throughput: 235.9 samples/s
accuracy_to_time_metric 0.08371721060385832
epoch 6
  Train Loss: 0.0551, Test Loss: 0.4255
  Train Acc: 0.9821, Test Acc: 0.8710
  LR: 0.010000, Grad Norm: 3.0000, Throughput: 237.8 samples/s
accuracy_to_time_metric 0.06826730648372727
epoch 7
  Train Loss: 0.0390, Test Loss: 0.4338
  Train Acc: 0.9869, Test Acc: 0.8830
  LR: 0.010000, Grad Norm: 0.5923, Throughput: 239.6 samples/s
accuracy_to_time_metric 0.05943883928066214
epoch 8
  Train Loss: 0.0296, Test Loss: 0.3426
  Train Acc: 0.9904, Test Acc: 0.9056
  LR: 0.010000, Grad Norm: 3.0000, Throughput: 230.1 samples/s
accuracy_to_time_metric 0.05324601905504966
epoch 9
  Train Loss: 0.0218, Test Loss: 0.3096
  Train Acc: 0.9931, Test Acc: 0.9142
  LR: 0.010000, Grad Norm: 3.0000, Throughput: 238.8 samples/s
accuracy_to_time_metric 0.047851829169672816
epoch 10
  Train Loss: 0.0179, Test Loss: 0.2933
  Train Acc: 0.9946, Test Acc: 0.9196
  LR: 0.010000, Grad Norm: 3.0000, Throughput: 243.6 samples/s
accuracy_to_time_metric 0.04344938023662423
Training summary saved to /home/s471802/nn-gpt/out/training_summary.json
[eval_only] 33/300 article_A_cifar10_epoch10-0032 formal_success=True acc=0.8864
[eval_only] 34/300 article_A_cifar10_epoch10-0033 formal_success=True acc=0.9196
[eval_only] 35/300 article_A_cifar10_epoch10-0034 formal_success=True acc=0.8632
[eval_only] 36/300 article_A_cifar10_epoch10-0035 formal_success=True acc=0.8462
[Reward Assign] reward_batch_index=0 batch_item=3/4 completion_index=38 worker_slot=2 assigned_gpu=2 physical_gpu=2 worker_device=cuda:0 gpu_name='NVIDIA L40S' gpu_free_gib=43.39 gpu_used_gib=1.00 gpu_total_gib=44.99 timeout_seconds=1920
[Reward Assign] reward_batch_index=0 batch_item=2/4 completion_index=37 worker_slot=1 assigned_gpu=1 physical_gpu=1 worker_device=cuda:0 gpu_name='NVIDIA L40S' gpu_free_gib=43.41 gpu_used_gib=0.98 gpu_total_gib=44.99 timeout_seconds=1920
[Reward Assign] reward_batch_index=0 batch_item=4/4 completion_index=39 worker_slot=3 assigned_gpu=3 physical_gpu=3 worker_device=cuda:0 gpu_name='NVIDIA L40S' gpu_free_gib=43.41 gpu_used_gib=0.98 gpu_total_gib=44.99 timeout_seconds=1920
[Reward Assign] reward_batch_index=0 batch_item=1/4 completion_index=36 worker_slot=0 assigned_gpu=0 physical_gpu=0 worker_device=cuda:0 gpu_name='NVIDIA L40S' gpu_free_gib=43.39 gpu_used_gib=1.00 gpu_total_gib=44.99 timeout_seconds=1920
Evaluating /home/s471802/nn-gpt/out/nn/tmp/722d5f7314618f276022cbf9e6e8d383.py...
Evaluating /home/s471802/nn-gpt/out/nn/tmp/1ccd72505a31cddf6e7a564dea54ece0.py...
Evaluating /home/s471802/nn-gpt/out/nn/tmp/8efe92df01b87d0d82fe9af3b5d70c8c.py...
Evaluating /home/s471802/nn-gpt/out/nn/tmp/bb4f0691c0c794c7d08768e6e0434587.py...
epoch 1
epoch 1
epoch 1
epoch 1
  Train Loss: 0.3476, Test Loss: 0.3153
  Train Acc: 0.8948, Test Acc: 0.9036
  LR: 0.010000, Grad Norm: 3.0000, Throughput: 1839.3 samples/s
accuracy_to_time_metric 3.2840427573002002
epoch 2
  Train Loss: 0.2436, Test Loss: 0.3318
  Train Acc: 0.9259, Test Acc: 0.9064
  LR: 0.010000, Grad Norm: 2.4707, Throughput: 1946.3 samples/s
accuracy_to_time_metric 1.6908172983261813
epoch 3
  Train Loss: 0.3709, Test Loss: 0.3305
  Train Acc: 0.8867, Test Acc: 0.9014
  LR: 0.010000, Grad Norm: 3.0000, Throughput: 637.8 samples/s
accuracy_to_time_metric 1.1356950080216548
epoch 2
  Train Loss: 0.8231, Test Loss: 0.6229
  Train Acc: 0.7109, Test Acc: 0.7830
  LR: 0.010000, Grad Norm: 3.0000, Throughput: 620.7 samples/s
accuracy_to_time_metric 0.9419831595956045
epoch 2
  Train Loss: 0.2040, Test Loss: 0.3030
  Train Acc: 0.9364, Test Acc: 0.9180
  LR: 0.010000, Grad Norm: 3.0000, Throughput: 1856.1 samples/s
accuracy_to_time_metric 1.1354798361600147
epoch 4
  Train Loss: 0.1824, Test Loss: 0.3196
  Train Acc: 0.9426, Test Acc: 0.9180
  LR: 0.010000, Grad Norm: 1.2601, Throughput: 1847.7 samples/s
accuracy_to_time_metric 0.8476855854521735
epoch 5
  Train Loss: 0.1660, Test Loss: 0.3096
  Train Acc: 0.9471, Test Acc: 0.9124
  LR: 0.010000, Grad Norm: 3.0000, Throughput: 1753.3 samples/s
accuracy_to_time_metric 0.6644492340655159
epoch 6
  Train Loss: 0.1137, Test Loss: 0.1529
  Train Acc: 0.9633, Test Acc: 0.9528
  LR: 0.010000, Grad Norm: 3.0000, Throughput: 345.2 samples/s
accuracy_to_time_metric 0.6541744083858818
epoch 2
  Train Loss: 0.5996, Test Loss: 0.5625
  Train Acc: 0.7952, Test Acc: 0.7992
  LR: 0.010000, Grad Norm: 3.0000, Throughput: 654.1 samples/s
accuracy_to_time_metric 0.4944448311054411
epoch 3
  Train Loss: 0.2775, Test Loss: 0.3183
  Train Acc: 0.9156, Test Acc: 0.9020
  LR: 0.010000, Grad Norm: 2.8628, Throughput: 614.2 samples/s
accuracy_to_time_metric 0.5572057566206178
epoch 3
  Train Loss: 0.1516, Test Loss: 0.3082
  Train Acc: 0.9514, Test Acc: 0.9176
  LR: 0.010000, Grad Norm: 3.0000, Throughput: 1791.5 samples/s
accuracy_to_time_metric 0.5543514029138906
epoch 7
  Train Loss: 0.1322, Test Loss: 0.2872
  Train Acc: 0.9564, Test Acc: 0.9188
  LR: 0.010000, Grad Norm: 0.1033, Throughput: 1820.7 samples/s
accuracy_to_time_metric 0.4751970161145656
epoch 8
  Train Loss: 0.1257, Test Loss: 0.3499
  Train Acc: 0.9584, Test Acc: 0.9112
  LR: 0.010000, Grad Norm: 3.0000, Throughput: 1701.6 samples/s
accuracy_to_time_metric 0.40793395260869
epoch 9
  Train Loss: 0.5539, Test Loss: 0.5752
  Train Acc: 0.8087, Test Acc: 0.8082
  LR: 0.010000, Grad Norm: 3.0000, Throughput: 652.5 samples/s
accuracy_to_time_metric 0.3364760497107928
epoch 4
  Train Loss: 0.2376, Test Loss: 0.3370
  Train Acc: 0.9254, Test Acc: 0.9010
  LR: 0.010000, Grad Norm: 1.5171, Throughput: 631.2 samples/s
accuracy_to_time_metric 0.3719910326896496
epoch 4
  Train Loss: 0.1173, Test Loss: 0.3154
  Train Acc: 0.9599, Test Acc: 0.9154
  LR: 0.010000, Grad Norm: 3.0000, Throughput: 1791.2 samples/s
accuracy_to_time_metric 0.3638850721352165
epoch 10
  Train Loss: 0.1100, Test Loss: 0.3875
  Train Acc: 0.9624, Test Acc: 0.9076
  LR: 0.010000, Grad Norm: 3.0000, Throughput: 1768.9 samples/s
accuracy_to_time_metric 0.3235274493285491
Training summary saved to /home/s471802/nn-gpt/out/training_summary.json
  Train Loss: 0.0891, Test Loss: 0.1616
  Train Acc: 0.9710, Test Acc: 0.9454
  LR: 0.010000, Grad Norm: 3.0000, Throughput: 348.2 samples/s
accuracy_to_time_metric 0.3255117621211149
epoch 3
  Train Loss: 0.5389, Test Loss: 0.4740
  Train Acc: 0.8155, Test Acc: 0.8386
  LR: 0.010000, Grad Norm: 3.0000, Throughput: 646.0 samples/s
accuracy_to_time_metric 0.26356638367805657
epoch 5
  Train Loss: 0.2191, Test Loss: 0.3701
  Train Acc: 0.9307, Test Acc: 0.9032
  LR: 0.010000, Grad Norm: 3.0000, Throughput: 623.9 samples/s
accuracy_to_time_metric 0.27931363993757174
epoch 5
  Train Loss: 0.5045, Test Loss: 0.4906
  Train Acc: 0.8293, Test Acc: 0.8314
  LR: 0.010000, Grad Norm: 3.0000, Throughput: 650.1 samples/s
accuracy_to_time_metric 0.2092339124524278
epoch 6
  Train Loss: 0.2025, Test Loss: 0.3473
  Train Acc: 0.9352, Test Acc: 0.9056
  LR: 0.010000, Grad Norm: 3.0000, Throughput: 629.0 samples/s
accuracy_to_time_metric 0.2242690983606779
epoch 6
  Train Loss: 0.0400, Test Loss: 0.1204
  Train Acc: 0.9875, Test Acc: 0.9572
  LR: 0.010000, Grad Norm: 3.0000, Throughput: 346.7 samples/s
accuracy_to_time_metric 0.22001957243772685
epoch 4
  Train Loss: 0.4951, Test Loss: 0.4931
  Train Acc: 0.8320, Test Acc: 0.8408
  LR: 0.010000, Grad Norm: 3.0000, Throughput: 639.5 samples/s
accuracy_to_time_metric 0.17636959812867206
epoch 7
  Train Loss: 0.1969, Test Loss: 0.3600
  Train Acc: 0.9358, Test Acc: 0.9022
  LR: 0.010000, Grad Norm: 3.0000, Throughput: 616.4 samples/s
accuracy_to_time_metric 0.18555893553668948
epoch 7
  Train Loss: 0.4865, Test Loss: 0.4741
  Train Acc: 0.8347, Test Acc: 0.8350
  LR: 0.010000, Grad Norm: 3.0000, Throughput: 648.6 samples/s
accuracy_to_time_metric 0.15015177548368908
epoch 8
  Train Loss: 0.1882, Test Loss: 0.3551
  Train Acc: 0.9383, Test Acc: 0.9084
  LR: 0.010000, Grad Norm: 3.0000, Throughput: 625.9 samples/s
accuracy_to_time_metric 0.1602957748627484
epoch 8
  Train Loss: 0.0282, Test Loss: 0.1437
  Train Acc: 0.9913, Test Acc: 0.9576
  LR: 0.010000, Grad Norm: 3.0000, Throughput: 351.1 samples/s
accuracy_to_time_metric 0.16560397618089218
epoch 5
  Train Loss: 0.4675, Test Loss: 0.5069
  Train Acc: 0.8414, Test Acc: 0.8276
  LR: 0.010000, Grad Norm: 3.0000, Throughput: 643.4 samples/s
accuracy_to_time_metric 0.13003474878791504
epoch 9
  Train Loss: 0.1788, Test Loss: 0.3403
  Train Acc: 0.9416, Test Acc: 0.9066
  LR: 0.010000, Grad Norm: 3.0000, Throughput: 615.6 samples/s
accuracy_to_time_metric 0.13966533302144907
epoch 9
  Train Loss: 0.4672, Test Loss: 0.4532
  Train Acc: 0.8416, Test Acc: 0.8468
  LR: 0.010000, Grad Norm: 3.0000, Throughput: 637.8 samples/s
accuracy_to_time_metric 0.11850229934160898
epoch 10
  Train Loss: 0.0330, Test Loss: 0.1497
  Train Acc: 0.9903, Test Acc: 0.9566
  LR: 0.010000, Grad Norm: 3.0000, Throughput: 343.7 samples/s
accuracy_to_time_metric 0.13201239242243687
epoch 6
  Train Loss: 0.1689, Test Loss: 0.3468
  Train Acc: 0.9455, Test Acc: 0.9038
  LR: 0.010000, Grad Norm: 3.0000, Throughput: 615.4 samples/s
accuracy_to_time_metric 0.12351836754507148
epoch 10
  Train Loss: 0.4590, Test Loss: 0.4772
  Train Acc: 0.8407, Test Acc: 0.8398
  LR: 0.010000, Grad Norm: 3.0000, Throughput: 643.3 samples/s
accuracy_to_time_metric 0.1056469124680574
Training summary saved to /home/s471802/nn-gpt/out/training_summary.json
  Train Loss: 0.1567, Test Loss: 0.4056
  Train Acc: 0.9476, Test Acc: 0.9052
  LR: 0.010000, Grad Norm: 0.4325, Throughput: 622.6 samples/s
accuracy_to_time_metric 0.11134819899369905
Training summary saved to /home/s471802/nn-gpt/out/training_summary.json
  Train Loss: 0.0142, Test Loss: 0.1260
  Train Acc: 0.9952, Test Acc: 0.9624
  LR: 0.010000, Grad Norm: 0.6626, Throughput: 347.4 samples/s
accuracy_to_time_metric 0.11077311824728707
epoch 7
  Train Loss: 0.0091, Test Loss: 0.1284
  Train Acc: 0.9972, Test Acc: 0.9660
  LR: 0.010000, Grad Norm: 0.0244, Throughput: 347.0 samples/s
accuracy_to_time_metric 0.09534263925433215
epoch 8
  Train Loss: 0.0127, Test Loss: 0.1341
  Train Acc: 0.9961, Test Acc: 0.9590
  LR: 0.010000, Grad Norm: 3.0000, Throughput: 340.8 samples/s
accuracy_to_time_metric 0.08256027810084389
epoch 9
  Train Loss: 0.0078, Test Loss: 0.1344
  Train Acc: 0.9975, Test Acc: 0.9686
  LR: 0.010000, Grad Norm: 0.7233, Throughput: 341.7 samples/s
accuracy_to_time_metric 0.07409625584304597
epoch 10
  Train Loss: 0.0032, Test Loss: 0.1178
  Train Acc: 0.9993, Test Acc: 0.9672
  LR: 0.010000, Grad Norm: 0.0124, Throughput: 342.9 samples/s
accuracy_to_time_metric 0.06652325197773595
Training summary saved to /home/s471802/nn-gpt/out/training_summary.json
[eval_only] 37/300 article_A_cifar10_epoch10-0036 formal_success=True acc=0.8398
[eval_only] 38/300 article_A_cifar10_epoch10-0037 formal_success=True acc=0.9076
[eval_only] 39/300 article_A_cifar10_epoch10-0038 formal_success=True acc=0.9672
[eval_only] 40/300 article_A_cifar10_epoch10-0039 formal_success=True acc=0.9052
[Reward Assign] reward_batch_index=0 batch_item=2/4 completion_index=41 worker_slot=1 assigned_gpu=1 physical_gpu=1 worker_device=cuda:0 gpu_name='NVIDIA L40S' gpu_free_gib=43.41 gpu_used_gib=0.98 gpu_total_gib=44.99 timeout_seconds=1920
[Reward Assign] reward_batch_index=0 batch_item=3/4 completion_index=42 worker_slot=2 assigned_gpu=2 physical_gpu=2 worker_device=cuda:0 gpu_name='NVIDIA L40S' gpu_free_gib=43.39 gpu_used_gib=1.00 gpu_total_gib=44.99 timeout_seconds=1920
[Reward Assign] reward_batch_index=0 batch_item=4/4 completion_index=43 worker_slot=3 assigned_gpu=3 physical_gpu=3 worker_device=cuda:0 gpu_name='NVIDIA L40S' gpu_free_gib=43.41 gpu_used_gib=0.98 gpu_total_gib=44.99 timeout_seconds=1920
[Reward Assign] reward_batch_index=0 batch_item=1/4 completion_index=40 worker_slot=0 assigned_gpu=0 physical_gpu=0 worker_device=cuda:0 gpu_name='NVIDIA L40S' gpu_free_gib=43.39 gpu_used_gib=1.00 gpu_total_gib=44.99 timeout_seconds=1920
Evaluating /home/s471802/nn-gpt/out/nn/tmp/07e593494b305dfd395f4b7c92ca805c.py...
Evaluating /home/s471802/nn-gpt/out/nn/tmp/57c87d6e355eeafec86748b8fe7c18f8.py...
Evaluating /home/s471802/nn-gpt/out/nn/tmp/fd721b9e7b542ce50f9acf30fe24b67e.py...
Evaluating /home/s471802/nn-gpt/out/nn/tmp/8f1b777bc5e846b5c213b97cbcd32eb4.py...
epoch 1
epoch 1
epoch 1
epoch 1
  Train Loss: 0.6748, Test Loss: 0.6913
  Train Acc: 0.8380, Test Acc: 0.8610
  LR: 0.010000, Grad Norm: 3.0000, Throughput: 794.4 samples/s
accuracy_to_time_metric 1.3433201342395633
epoch 2
  Train Loss: 1.2172, Test Loss: 0.7377
  Train Acc: 0.5678, Test Acc: 0.7528
  LR: 0.010000, Grad Norm: 3.0000, Throughput: 615.6 samples/s
accuracy_to_time_metric 0.892957274700088
epoch 2
  Train Loss: 0.7569, Test Loss: 0.6556
  Train Acc: 0.8209, Test Acc: 0.8578
  LR: 0.010000, Grad Norm: 3.0000, Throughput: 635.1 samples/s
accuracy_to_time_metric 1.0694529948230234
epoch 2
  Train Loss: 0.3900, Test Loss: 0.3640
  Train Acc: 0.8760, Test Acc: 0.8866
  LR: 0.010000, Grad Norm: 3.0000, Throughput: 467.8 samples/s
accuracy_to_time_metric 0.8176945502740113
epoch 2
  Train Loss: 0.5934, Test Loss: 0.6034
  Train Acc: 0.8807, Test Acc: 0.8854
  LR: 0.010000, Grad Norm: 3.0000, Throughput: 811.9 samples/s
accuracy_to_time_metric 0.7001194920768801
epoch 3
  Train Loss: 0.6976, Test Loss: 0.6931
  Train Acc: 0.8579, Test Acc: 0.8560
  LR: 0.010000, Grad Norm: 3.0000, Throughput: 655.7 samples/s
accuracy_to_time_metric 0.5415922262276576
epoch 3
  Train Loss: 0.6249, Test Loss: 0.5733
  Train Acc: 0.7842, Test Acc: 0.8008
  LR: 0.010000, Grad Norm: 3.0000, Throughput: 632.1 samples/s
accuracy_to_time_metric 0.4853268062977713
epoch 3
  Train Loss: 0.5796, Test Loss: 0.6676
  Train Acc: 0.8912, Test Acc: 0.8830
  LR: 0.010000, Grad Norm: 0.2485, Throughput: 811.9 samples/s
accuracy_to_time_metric 0.4668745749001681
epoch 4
  Train Loss: 0.3169, Test Loss: 0.3981
  Train Acc: 0.8987, Test Acc: 0.8914
  LR: 0.010000, Grad Norm: 3.0000, Throughput: 428.8 samples/s
accuracy_to_time_metric 0.3932666621875389
epoch 3
  Train Loss: 0.6706, Test Loss: 0.7211
  Train Acc: 0.8706, Test Acc: 0.8634
  LR: 0.010000, Grad Norm: 3.0000, Throughput: 576.2 samples/s
accuracy_to_time_metric 0.35051237758006426
epoch 4
  Train Loss: 0.4932, Test Loss: 0.4820
  Train Acc: 0.8309, Test Acc: 0.8222
  LR: 0.010000, Grad Norm: 3.0000, Throughput: 553.9 samples/s
accuracy_to_time_metric 0.31992357250499276
epoch 4
  Train Loss: 0.5759, Test Loss: 0.6827
  Train Acc: 0.8962, Test Acc: 0.8852
  LR: 0.010000, Grad Norm: 0.0418, Throughput: 698.9 samples/s
accuracy_to_time_metric 0.33815709885607825
epoch 5
  Train Loss: 0.5680, Test Loss: 0.6364
  Train Acc: 0.8988, Test Acc: 0.8918
  LR: 0.010000, Grad Norm: 3.0000, Throughput: 742.0 samples/s
accuracy_to_time_metric 0.270283981556915
epoch 6
  Train Loss: 0.6680, Test Loss: 0.8586
  Train Acc: 0.8759, Test Acc: 0.8518
  LR: 0.010000, Grad Norm: 0.0004, Throughput: 609.4 samples/s
accuracy_to_time_metric 0.25769757293141793
epoch 5
  Train Loss: 0.4310, Test Loss: 0.5257
  Train Acc: 0.8533, Test Acc: 0.8200
  LR: 0.010000, Grad Norm: 0.4977, Throughput: 579.6 samples/s
accuracy_to_time_metric 0.23724098020493406
epoch 5
  Train Loss: 0.2912, Test Loss: 0.3477
  Train Acc: 0.9065, Test Acc: 0.8954
  LR: 0.010000, Grad Norm: 2.7265, Throughput: 444.5 samples/s
accuracy_to_time_metric 0.2628785758601588
epoch 4
  Train Loss: 0.5733, Test Loss: 0.6161
  Train Acc: 0.9032, Test Acc: 0.8938
  LR: 0.010000, Grad Norm: 3.0000, Throughput: 803.6 samples/s
accuracy_to_time_metric 0.22741772319765546
epoch 7
  Train Loss: 0.6688, Test Loss: 0.7183
  Train Acc: 0.8802, Test Acc: 0.8708
  LR: 0.010000, Grad Norm: 3.0000, Throughput: 644.0 samples/s
accuracy_to_time_metric 0.2130941441890778
epoch 6
  Train Loss: 0.3887, Test Loss: 0.4656
  Train Acc: 0.8658, Test Acc: 0.8378
  LR: 0.010000, Grad Norm: 3.0000, Throughput: 619.2 samples/s
accuracy_to_time_metric 0.1960871346609211
epoch 6
  Train Loss: 0.2857, Test Loss: 0.3572
  Train Acc: 0.9094, Test Acc: 0.8936
  LR: 0.010000, Grad Norm: 3.0000, Throughput: 466.2 samples/s
accuracy_to_time_metric 0.19879868880577192
epoch 5
  Train Loss: 0.5612, Test Loss: 0.6707
  Train Acc: 0.9044, Test Acc: 0.8978
  LR: 0.010000, Grad Norm: 3.0000, Throughput: 812.8 samples/s
accuracy_to_time_metric 0.19722263978784058
epoch 8
  Train Loss: 0.6421, Test Loss: 0.7926
  Train Acc: 0.8831, Test Acc: 0.8720
  LR: 0.010000, Grad Norm: 3.0000, Throughput: 661.1 samples/s
accuracy_to_time_metric 0.1795829417745767
epoch 7
  Train Loss: 0.3509, Test Loss: 0.5064
  Train Acc: 0.8793, Test Acc: 0.8308
  LR: 0.010000, Grad Norm: 3.0000, Throughput: 639.5 samples/s
accuracy_to_time_metric 0.16358662112868133
epoch 7
  Train Loss: 0.5642, Test Loss: 0.7241
  Train Acc: 0.9055, Test Acc: 0.8858
  LR: 0.010000, Grad Norm: 3.0000, Throughput: 835.2 samples/s
accuracy_to_time_metric 0.17138594374944766
epoch 9
  Train Loss: 0.2801, Test Loss: 0.3541
  Train Acc: 0.9109, Test Acc: 0.8924
  LR: 0.010000, Grad Norm: 3.0000, Throughput: 473.9 samples/s
accuracy_to_time_metric 0.16032366551232327
epoch 6
  Train Loss: 0.6645, Test Loss: 0.6626
  Train Acc: 0.8862, Test Acc: 0.8760
  LR: 0.010000, Grad Norm: 3.0000, Throughput: 651.6 samples/s
accuracy_to_time_metric 0.15549501488306586
epoch 8
  Train Loss: 0.5335, Test Loss: 0.7470
  Train Acc: 0.9112, Test Acc: 0.8894
  LR: 0.010000, Grad Norm: 3.0000, Throughput: 807.8 samples/s
accuracy_to_time_metric 0.15348777171313452
epoch 10
  Train Loss: 0.3241, Test Loss: 0.3756
  Train Acc: 0.8892, Test Acc: 0.8678
  LR: 0.010000, Grad Norm: 3.0000, Throughput: 627.0 samples/s
accuracy_to_time_metric 0.14805055364340072
epoch 8
  Train Loss: 0.6597, Test Loss: 0.7002
  Train Acc: 0.8869, Test Acc: 0.8802
  LR: 0.010000, Grad Norm: 3.0000, Throughput: 656.1 samples/s
accuracy_to_time_metric 0.137421811456833
epoch 9
  Train Loss: 0.5609, Test Loss: 0.7586
  Train Acc: 0.9112, Test Acc: 0.8924
  LR: 0.010000, Grad Norm: 3.0000, Throughput: 813.5 samples/s
accuracy_to_time_metric 0.1390847624373018
Training summary saved to /home/s471802/nn-gpt/out/training_summary.json
  Train Loss: 0.2949, Test Loss: 0.4772
  Train Acc: 0.8968, Test Acc: 0.8554
  LR: 0.010000, Grad Norm: 3.0000, Throughput: 624.5 samples/s
accuracy_to_time_metric 0.12786723323877533
epoch 9
  Train Loss: 0.2649, Test Loss: 0.3704
  Train Acc: 0.9153, Test Acc: 0.8906
  LR: 0.010000, Grad Norm: 2.4462, Throughput: 469.4 samples/s
accuracy_to_time_metric 0.13394971416574658
epoch 7
  Train Loss: 0.6383, Test Loss: 0.7824
  Train Acc: 0.8879, Test Acc: 0.8676
  LR: 0.010000, Grad Norm: 2.2553, Throughput: 658.1 samples/s
accuracy_to_time_metric 0.12064940544720783
epoch 10
  Train Loss: 0.2787, Test Loss: 0.3836
  Train Acc: 0.9039, Test Acc: 0.8722
  LR: 0.010000, Grad Norm: 2.6641, Throughput: 616.1 samples/s
accuracy_to_time_metric 0.11630973016733377
epoch 10
  Train Loss: 0.2677, Test Loss: 0.3766
  Train Acc: 0.9144, Test Acc: 0.8928
  LR: 0.010000, Grad Norm: 0.0261, Throughput: 464.7 samples/s
accuracy_to_time_metric 0.11537282994145227
epoch 8
  Train Loss: 0.6416, Test Loss: 0.9479
  Train Acc: 0.8897, Test Acc: 0.8624
  LR: 0.010000, Grad Norm: 1.6340, Throughput: 643.2 samples/s
accuracy_to_time_metric 0.1079440833940286
Training summary saved to /home/s471802/nn-gpt/out/training_summary.json
  Train Loss: 0.2614, Test Loss: 0.3372
  Train Acc: 0.9083, Test Acc: 0.8916
  LR: 0.010000, Grad Norm: 0.7514, Throughput: 628.3 samples/s
accuracy_to_time_metric 0.10760628158947454
Training summary saved to /home/s471802/nn-gpt/out/training_summary.json
  Train Loss: 0.2658, Test Loss: 0.3667
  Train Acc: 0.9169, Test Acc: 0.8960
  LR: 0.010000, Grad Norm: 2.3307, Throughput: 472.4 samples/s
accuracy_to_time_metric 0.10172132877652951
epoch 9
  Train Loss: 0.2541, Test Loss: 0.3674
  Train Acc: 0.9182, Test Acc: 0.8956
  LR: 0.010000, Grad Norm: 2.9756, Throughput: 469.5 samples/s
accuracy_to_time_metric 0.09056564107725891
epoch 10
  Train Loss: 0.2524, Test Loss: 0.4143
  Train Acc: 0.9185, Test Acc: 0.8930
  LR: 0.010000, Grad Norm: 0.1730, Throughput: 458.2 samples/s
accuracy_to_time_metric 0.08118372763747299
Training summary saved to /home/s471802/nn-gpt/out/training_summary.json
[eval_only] 41/300 article_A_cifar10_epoch10-0040 formal_success=True acc=0.8924
[eval_only] 42/300 article_A_cifar10_epoch10-0041 formal_success=True acc=0.893
[eval_only] 43/300 article_A_cifar10_epoch10-0042 formal_success=True acc=0.8916
[eval_only] 44/300 article_A_cifar10_epoch10-0043 formal_success=True acc=0.8624
[Reward Assign] reward_batch_index=0 batch_item=2/4 completion_index=45 worker_slot=1 assigned_gpu=1 physical_gpu=1 worker_device=cuda:0 gpu_name='NVIDIA L40S' gpu_free_gib=43.41 gpu_used_gib=0.98 gpu_total_gib=44.99 timeout_seconds=1920
[Reward Assign] reward_batch_index=0 batch_item=3/4 completion_index=46 worker_slot=2 assigned_gpu=2 physical_gpu=2 worker_device=cuda:0 gpu_name='NVIDIA L40S' gpu_free_gib=43.39 gpu_used_gib=1.00 gpu_total_gib=44.99 timeout_seconds=1920
[Reward Assign] reward_batch_index=0 batch_item=4/4 completion_index=47 worker_slot=3 assigned_gpu=3 physical_gpu=3 worker_device=cuda:0 gpu_name='NVIDIA L40S' gpu_free_gib=43.41 gpu_used_gib=0.98 gpu_total_gib=44.99 timeout_seconds=1920
[Reward Assign] reward_batch_index=0 batch_item=1/4 completion_index=44 worker_slot=0 assigned_gpu=0 physical_gpu=0 worker_device=cuda:0 gpu_name='NVIDIA L40S' gpu_free_gib=43.39 gpu_used_gib=1.00 gpu_total_gib=44.99 timeout_seconds=1920
Evaluating /home/s471802/nn-gpt/out/nn/tmp/498e9831039846a56faf5ce8073a92b0.py...
Evaluating /home/s471802/nn-gpt/out/nn/tmp/fb3017a7efd75862c98943a4d14ad9b3.py...
Evaluating /home/s471802/nn-gpt/out/nn/tmp/e645938a0560e8825e3369f87dffaccf.py...
Evaluating /home/s471802/nn-gpt/out/nn/tmp/f7e521e1ae0f84f65a2aa17b0d1616dd.py...
epoch 1
epoch 1
epoch 1
epoch 1
  Train Loss: 0.7435, Test Loss: 0.5786
  Train Acc: 0.8183, Test Acc: 0.8682
  LR: 0.010000, Grad Norm: 3.0000, Throughput: 1619.5 samples/s
accuracy_to_time_metric 2.764395080916972
epoch 2
  Train Loss: 0.6691, Test Loss: 0.7131
  Train Acc: 0.8637, Test Acc: 0.8604
  LR: 0.010000, Grad Norm: 3.0000, Throughput: 1798.7 samples/s
accuracy_to_time_metric 1.4371200253459953
epoch 3
  Train Loss: 0.6585, Test Loss: 0.6901
  Train Acc: 0.8696, Test Acc: 0.8676
  LR: 0.010000, Grad Norm: 3.0000, Throughput: 1859.2 samples/s
accuracy_to_time_metric 0.9940512433810165
epoch 4
  Train Loss: 0.6672, Test Loss: 0.5880
  Train Acc: 0.8498, Test Acc: 0.8796
  LR: 0.010000, Grad Norm: 0.2054, Throughput: 456.6 samples/s
accuracy_to_time_metric 0.790943492172837
epoch 2
  Train Loss: 0.6899, Test Loss: 0.7441
  Train Acc: 0.8729, Test Acc: 0.8698
  LR: 0.010000, Grad Norm: 3.0000, Throughput: 1818.6 samples/s
accuracy_to_time_metric 0.7542012154270258
epoch 5
  Train Loss: 0.1183, Test Loss: 0.1702
  Train Acc: 0.9623, Test Acc: 0.9440
  LR: 0.010000, Grad Norm: 3.0000, Throughput: 376.8 samples/s
accuracy_to_time_metric 0.7067175665557067
epoch 2
  Train Loss: 0.6539, Test Loss: 0.6539
  Train Acc: 0.8810, Test Acc: 0.8770
  LR: 0.010000, Grad Norm: 3.0000, Throughput: 1801.4 samples/s
accuracy_to_time_metric 0.6110708462903077
epoch 6
  Train Loss: 0.6701, Test Loss: 0.7916
  Train Acc: 0.8813, Test Acc: 0.8566
  LR: 0.010000, Grad Norm: 3.0000, Throughput: 1865.0 samples/s
accuracy_to_time_metric 0.4997755631007425
epoch 7
  Train Loss: 0.6449, Test Loss: 0.8841
  Train Acc: 0.8864, Test Acc: 0.8592
  LR: 0.010000, Grad Norm: 3.0000, Throughput: 1853.4 samples/s
accuracy_to_time_metric 0.4319211245963036
epoch 8
  Train Loss: 0.6010, Test Loss: 0.6998
  Train Acc: 0.8864, Test Acc: 0.8754
  LR: 0.010000, Grad Norm: 3.0000, Throughput: 460.5 samples/s
accuracy_to_time_metric 0.3948143728069406
epoch 3
  Train Loss: 0.6601, Test Loss: 0.8852
  Train Acc: 0.8866, Test Acc: 0.8712
  LR: 0.010000, Grad Norm: 3.0000, Throughput: 1846.6 samples/s
accuracy_to_time_metric 0.3851249878470912
epoch 9
  Train Loss: 0.6576, Test Loss: 0.7453
  Train Acc: 0.8881, Test Acc: 0.8704
  LR: 0.010000, Grad Norm: 3.0000, Throughput: 1873.0 samples/s
accuracy_to_time_metric 0.34335137605611066
epoch 10
  Train Loss: 0.0628, Test Loss: 0.1361
  Train Acc: 0.9806, Test Acc: 0.9540
  LR: 0.010000, Grad Norm: 3.0000, Throughput: 380.3 samples/s
accuracy_to_time_metric 0.3590236257039056
epoch 3
  Train Loss: 0.6268, Test Loss: 0.7570
  Train Acc: 0.8905, Test Acc: 0.8682
  LR: 0.010000, Grad Norm: 1.7212, Throughput: 1763.9 samples/s
accuracy_to_time_metric 0.3072878690191458
Training summary saved to /home/s471802/nn-gpt/out/training_summary.json
  Train Loss: 1.2307, Test Loss: 0.5902
  Train Acc: 0.5520, Test Acc: 0.8034
  LR: 0.010000, Grad Norm: 3.0000, Throughput: 169.5 samples/s
accuracy_to_time_metric 0.2649647142066981
epoch 2
  Train Loss: 0.6119, Test Loss: 0.7782
  Train Acc: 0.8926, Test Acc: 0.8726
  LR: 0.010000, Grad Norm: 1.2506, Throughput: 467.2 samples/s
accuracy_to_time_metric 0.2638500547654158
epoch 4
  Train Loss: 0.0381, Test Loss: 0.1297
  Train Acc: 0.9878, Test Acc: 0.9574
  LR: 0.010000, Grad Norm: 3.0000, Throughput: 374.9 samples/s
accuracy_to_time_metric 0.23948723342865896
epoch 4
  Train Loss: 0.6058, Test Loss: 0.8077
  Train Acc: 0.8974, Test Acc: 0.8810
  LR: 0.010000, Grad Norm: 3.0000, Throughput: 464.9 samples/s
accuracy_to_time_metric 0.20039899243356607
epoch 5
  Train Loss: 0.0250, Test Loss: 0.1187
  Train Acc: 0.9921, Test Acc: 0.9598
  LR: 0.010000, Grad Norm: 3.0000, Throughput: 379.8 samples/s
accuracy_to_time_metric 0.18040154200554312
epoch 5
  Train Loss: 0.5837, Test Loss: 0.7409
  Train Acc: 0.9034, Test Acc: 0.8932
  LR: 0.010000, Grad Norm: 0.1367, Throughput: 467.5 samples/s
accuracy_to_time_metric 0.16317896105579438
epoch 6
  Train Loss: 0.5504, Test Loss: 0.4650
  Train Acc: 0.8149, Test Acc: 0.8432
  LR: 0.010000, Grad Norm: 3.0000, Throughput: 172.9 samples/s
accuracy_to_time_metric 0.1413419768986507
epoch 3
  Train Loss: 0.5662, Test Loss: 0.7176
  Train Acc: 0.9080, Test Acc: 0.8968
  LR: 0.010000, Grad Norm: 3.0000, Throughput: 465.1 samples/s
accuracy_to_time_metric 0.13668538860106305
epoch 7
  Train Loss: 0.0194, Test Loss: 0.1273
  Train Acc: 0.9936, Test Acc: 0.9646
  LR: 0.010000, Grad Norm: 3.0000, Throughput: 377.3 samples/s
accuracy_to_time_metric 0.14507096588875312
epoch 6
  Train Loss: 0.5482, Test Loss: 0.6842
  Train Acc: 0.9110, Test Acc: 0.8952
  LR: 0.010000, Grad Norm: 0.0002, Throughput: 460.6 samples/s
accuracy_to_time_metric 0.1168140249440144
epoch 8
  Train Loss: 0.0117, Test Loss: 0.1102
  Train Acc: 0.9965, Test Acc: 0.9680
  LR: 0.010000, Grad Norm: 0.1617, Throughput: 371.9 samples/s
accuracy_to_time_metric 0.12104300312891797
epoch 7
  Train Loss: 0.5371, Test Loss: 0.8854
  Train Acc: 0.9123, Test Acc: 0.8766
  LR: 0.010000, Grad Norm: 3.0000, Throughput: 472.1 samples/s
accuracy_to_time_metric 0.10005579573106677
epoch 9
  Train Loss: 0.5036, Test Loss: 0.4593
  Train Acc: 0.8311, Test Acc: 0.8468
  LR: 0.010000, Grad Norm: 2.3233, Throughput: 172.3 samples/s
accuracy_to_time_metric 0.09487469283245091
epoch 4
  Train Loss: 0.0076, Test Loss: 0.1067
  Train Acc: 0.9978, Test Acc: 0.9654
  LR: 0.010000, Grad Norm: 0.4383, Throughput: 383.9 samples/s
accuracy_to_time_metric 0.10371103910522342
epoch 8
  Train Loss: 0.5503, Test Loss: 0.8368
  Train Acc: 0.9124, Test Acc: 0.8910
  LR: 0.010000, Grad Norm: 0.2256, Throughput: 459.9 samples/s
accuracy_to_time_metric 0.09049225050075949
epoch 10
  Train Loss: 0.0080, Test Loss: 0.1234
  Train Acc: 0.9976, Test Acc: 0.9632
  LR: 0.010000, Grad Norm: 3.0000, Throughput: 370.7 samples/s
accuracy_to_time_metric 0.09029992504294558
epoch 9
  Train Loss: 0.5403, Test Loss: 0.7589
  Train Acc: 0.9137, Test Acc: 0.8992
  LR: 0.010000, Grad Norm: 0.0391, Throughput: 433.1 samples/s
accuracy_to_time_metric 0.08170864329371143
Training summary saved to /home/s471802/nn-gpt/out/training_summary.json
  Train Loss: 0.4834, Test Loss: 0.4809
  Train Acc: 0.8396, Test Acc: 0.8416
  LR: 0.010000, Grad Norm: 2.4313, Throughput: 162.9 samples/s
accuracy_to_time_metric 0.06973215972143247
epoch 5
  Train Loss: 0.0099, Test Loss: 0.1416
  Train Acc: 0.9965, Test Acc: 0.9636
  LR: 0.010000, Grad Norm: 3.0000, Throughput: 347.2 samples/s
accuracy_to_time_metric 0.07954875402819635
epoch 10
  Train Loss: 0.0042, Test Loss: 0.1165
  Train Acc: 0.9986, Test Acc: 0.9682
  LR: 0.010000, Grad Norm: 3.0000, Throughput: 329.0 samples/s
accuracy_to_time_metric 0.07101852993736094
Training summary saved to /home/s471802/nn-gpt/out/training_summary.json
  Train Loss: 0.4606, Test Loss: 0.4098
  Train Acc: 0.8461, Test Acc: 0.8568
  LR: 0.010000, Grad Norm: 3.0000, Throughput: 160.1 samples/s
accuracy_to_time_metric 0.0562834697197652
epoch 6
  Train Loss: 0.4654, Test Loss: 0.5166
  Train Acc: 0.8445, Test Acc: 0.8282
  LR: 0.010000, Grad Norm: 1.6223, Throughput: 167.9 samples/s
accuracy_to_time_metric 0.04515304283282978
epoch 7
  Train Loss: 0.4299, Test Loss: 0.5389
  Train Acc: 0.8550, Test Acc: 0.8192
  LR: 0.010000, Grad Norm: 3.0000, Throughput: 172.8 samples/s
accuracy_to_time_metric 0.03839268839820449
epoch 8
[Reward Assign] error reward_batch_index=0 batch_item=4/4 completion_index=47 worker_slot=3 assigned_gpu=3 physical_gpu=3 worker_device=cuda:0 elapsed_seconds=1920.06 error=PersistentEvalWorkerError: Persistent eval worker timed out after 1920 seconds
[Reward Worker] Ready slot=3 pid=202306, assigned_gpu=3, assigned_cuda_visible_device='3', worker_device=cuda:0, cuda_visible_devices='3', cuda_available=True, cuda_device_count=1, rss_gib=0.53, torch_home='', physical_gpu_index=3, physical_gpu_bus_id='00000000:E1:00.0', physical_gpu_uuid='GPU-4717f6c0-3c73-96c7-bfae-b42a34d7e4d5', physical_binding_verified=True
[eval_only] 45/300 article_A_cifar10_epoch10-0044 formal_success=True acc=0.8682
[eval_only] 46/300 article_A_cifar10_epoch10-0045 formal_success=True acc=0.8992
[eval_only] 47/300 article_A_cifar10_epoch10-0046 formal_success=True acc=0.9682
[eval_only] 48/300 article_A_cifar10_epoch10-0047 formal_success=False acc=None
[Reward Assign] reward_batch_index=0 batch_item=1/4 completion_index=48 worker_slot=0 assigned_gpu=0 physical_gpu=0 worker_device=cuda:0 gpu_name='NVIDIA L40S' gpu_free_gib=43.39 gpu_used_gib=1.00 gpu_total_gib=44.99 timeout_seconds=1920
[Reward Assign] reward_batch_index=0 batch_item=4/4 completion_index=51 worker_slot=3 assigned_gpu=3 physical_gpu=3 worker_device=cuda:0 gpu_name='NVIDIA L40S' gpu_free_gib=32.30 gpu_used_gib=12.09 gpu_total_gib=44.99 timeout_seconds=1920
[Reward Assign] reward_batch_index=0 batch_item=2/4 completion_index=49 worker_slot=1 assigned_gpu=1 physical_gpu=1 worker_device=cuda:0 gpu_name='NVIDIA L40S' gpu_free_gib=43.41 gpu_used_gib=0.98 gpu_total_gib=44.99 timeout_seconds=1920
[Reward Assign] reward_batch_index=0 batch_item=3/4 completion_index=50 worker_slot=2 assigned_gpu=2 physical_gpu=2 worker_device=cuda:0 gpu_name='NVIDIA L40S' gpu_free_gib=43.39 gpu_used_gib=1.00 gpu_total_gib=44.99 timeout_seconds=1920
LEMUR root /home/s471802/nn-gpt
Evaluating /home/s471802/nn-gpt/out/nn/tmp/399c2a43c8c32422ec315f85865ead74.py...
Evaluating /home/s471802/nn-gpt/out/nn/tmp/83c2817b1b9bd088fa031c28060600bd.py...
Evaluating /home/s471802/nn-gpt/out/nn/tmp/3f6d7bdea62036d4d0724f79faedec77.py...
Evaluating /home/s471802/nn-gpt/out/nn/tmp/527d1d5d02ddc35c3c1f8bb260247d17.py...
epoch 1
epoch 1
epoch 1
epoch 1
  Train Loss: 0.7568, Test Loss: 0.7286
  Train Acc: 0.8185, Test Acc: 0.8400
  LR: 0.010000, Grad Norm: 3.0000, Throughput: 681.1 samples/s
accuracy_to_time_metric 1.1198287384555772
epoch 2
  Train Loss: 0.3917, Test Loss: 0.3800
  Train Acc: 0.8778, Test Acc: 0.8860
  LR: 0.010000, Grad Norm: 3.0000, Throughput: 696.7 samples/s
accuracy_to_time_metric 1.2167451187638776
epoch 2
  Train Loss: 0.3740, Test Loss: 0.3018
  Train Acc: 0.8811, Test Acc: 0.9078
  LR: 0.010000, Grad Norm: 0.8762, Throughput: 363.6 samples/s
accuracy_to_time_metric 0.6527241107272349
epoch 2
  Train Loss: 0.3231, Test Loss: 0.3569
  Train Acc: 0.9003, Test Acc: 0.8956
  LR: 0.010000, Grad Norm: 3.0000, Throughput: 678.0 samples/s
accuracy_to_time_metric 0.6067222818778534
epoch 3
  Train Loss: 0.6858, Test Loss: 0.8195
  Train Acc: 0.8610, Test Acc: 0.8382
  LR: 0.010000, Grad Norm: 3.0000, Throughput: 660.3 samples/s
accuracy_to_time_metric 0.5495327521795103
epoch 3
  Train Loss: 0.2953, Test Loss: 0.3646
  Train Acc: 0.9061, Test Acc: 0.8898
  LR: 0.010000, Grad Norm: 3.0000, Throughput: 689.3 samples/s
accuracy_to_time_metric 0.4018959801649821
epoch 4
  Train Loss: 0.6695, Test Loss: 0.9376
  Train Acc: 0.8682, Test Acc: 0.8432
  LR: 0.010000, Grad Norm: 3.0000, Throughput: 672.1 samples/s
accuracy_to_time_metric 0.3690443498696337
epoch 4
  Train Loss: 0.2594, Test Loss: 0.2868
  Train Acc: 0.9152, Test Acc: 0.9104
  LR: 0.010000, Grad Norm: 3.0000, Throughput: 381.2 samples/s
accuracy_to_time_metric 0.33498837413747395
epoch 3
  Train Loss: 0.5022, Test Loss: 0.4600
  Train Acc: 0.8350, Test Acc: 0.8498
  LR: 0.010000, Grad Norm: 2.5601, Throughput: 177.5 samples/s
accuracy_to_time_metric 0.29568104724634786
epoch 2
  Train Loss: 0.2820, Test Loss: 0.3597
  Train Acc: 0.9097, Test Acc: 0.8924
  LR: 0.010000, Grad Norm: 2.4633, Throughput: 683.3 samples/s
accuracy_to_time_metric 0.3018939163096465
epoch 5
  Train Loss: 0.6922, Test Loss: 0.8592
  Train Acc: 0.8742, Test Acc: 0.8558
  LR: 0.010000, Grad Norm: 3.0000, Throughput: 660.7 samples/s
accuracy_to_time_metric 0.28034188135146954
epoch 5
  Train Loss: 0.2823, Test Loss: 0.3624
  Train Acc: 0.9111, Test Acc: 0.8924
  LR: 0.010000, Grad Norm: 3.0000, Throughput: 679.0 samples/s
accuracy_to_time_metric 0.24096102203878333
epoch 6
  Train Loss: 0.6735, Test Loss: 0.8913
  Train Acc: 0.8792, Test Acc: 0.8618
  LR: 0.010000, Grad Norm: 0.5722, Throughput: 660.8 samples/s
accuracy_to_time_metric 0.2255167756531985
epoch 6
  Train Loss: 0.2232, Test Loss: 0.3120
  Train Acc: 0.9256, Test Acc: 0.9022
  LR: 0.010000, Grad Norm: 3.0000, Throughput: 373.8 samples/s
accuracy_to_time_metric 0.22134971064015824
epoch 4
  Train Loss: 0.2627, Test Loss: 0.3686
  Train Acc: 0.9145, Test Acc: 0.8908
  LR: 0.010000, Grad Norm: 3.0000, Throughput: 683.5 samples/s
accuracy_to_time_metric 0.20030882951843818
epoch 7
  Train Loss: 0.6656, Test Loss: 0.6498
  Train Acc: 0.8819, Test Acc: 0.8828
  LR: 0.010000, Grad Norm: 3.0000, Throughput: 666.1 samples/s
accuracy_to_time_metric 0.19306182175610892
epoch 7
  Train Loss: 0.2580, Test Loss: 0.3715
  Train Acc: 0.9169, Test Acc: 0.8930
  LR: 0.010000, Grad Norm: 0.4477, Throughput: 713.2 samples/s
accuracy_to_time_metric 0.17314713121195588
epoch 8
  Train Loss: 0.6547, Test Loss: 0.7281
  Train Acc: 0.8866, Test Acc: 0.8770
  LR: 0.010000, Grad Norm: 3.0000, Throughput: 703.1 samples/s
accuracy_to_time_metric 0.16547013206663777
epoch 8
  Train Loss: 0.2023, Test Loss: 0.3219
  Train Acc: 0.9320, Test Acc: 0.9044
  LR: 0.010000, Grad Norm: 0.0393, Throughput: 389.7 samples/s
accuracy_to_time_metric 0.16828747161345525
epoch 5
  Train Loss: 0.4423, Test Loss: 0.4554
  Train Acc: 0.8558, Test Acc: 0.8510
  LR: 0.010000, Grad Norm: 3.0000, Throughput: 179.0 samples/s
accuracy_to_time_metric 0.14868894934450125
epoch 3
  Train Loss: 0.2578, Test Loss: 0.3690
  Train Acc: 0.9172, Test Acc: 0.8924
  LR: 0.010000, Grad Norm: 1.0360, Throughput: 690.3 samples/s
accuracy_to_time_metric 0.1514290994433316
epoch 9
  Train Loss: 0.6596, Test Loss: 1.0523
  Train Acc: 0.8874, Test Acc: 0.8430
  LR: 0.010000, Grad Norm: 3.0000, Throughput: 671.8 samples/s
accuracy_to_time_metric 0.1384484456118287
epoch 9
  Train Loss: 0.2524, Test Loss: 0.3774
  Train Acc: 0.9196, Test Acc: 0.8914
  LR: 0.010000, Grad Norm: 3.0000, Throughput: 710.9 samples/s
accuracy_to_time_metric 0.13489423921274615
epoch 10
  Train Loss: 0.1849, Test Loss: 0.3369
  Train Acc: 0.9373, Test Acc: 0.9014
  LR: 0.010000, Grad Norm: 3.0000, Throughput: 382.6 samples/s
accuracy_to_time_metric 0.1345278360628224
epoch 6
  Train Loss: 0.6646, Test Loss: 0.8751
  Train Acc: 0.8881, Test Acc: 0.8646
  LR: 0.010000, Grad Norm: 3.0000, Throughput: 694.4 samples/s
accuracy_to_time_metric 0.12710139992387057
epoch 10
  Train Loss: 0.2499, Test Loss: 0.3620
  Train Acc: 0.9195, Test Acc: 0.8956
  LR: 0.010000, Grad Norm: 3.0000, Throughput: 711.2 samples/s
accuracy_to_time_metric 0.12238860497240574
Training summary saved to /home/s471802/nn-gpt/out/training_summary.json
  Train Loss: 0.6565, Test Loss: 0.8300
  Train Acc: 0.8896, Test Acc: 0.8732
  LR: 0.010000, Grad Norm: 3.0000, Throughput: 685.4 samples/s
accuracy_to_time_metric 0.11586543833571324
Training summary saved to /home/s471802/nn-gpt/out/training_summary.json
  Train Loss: 0.1705, Test Loss: 0.3336
  Train Acc: 0.9422, Test Acc: 0.9026
  LR: 0.010000, Grad Norm: 0.4497, Throughput: 389.7 samples/s
accuracy_to_time_metric 0.11283656776207251
epoch 7
  Train Loss: 0.4256, Test Loss: 0.4597
  Train Acc: 0.8619, Test Acc: 0.8526
  LR: 0.010000, Grad Norm: 3.0000, Throughput: 180.8 samples/s
accuracy_to_time_metric 0.09980166834264406
epoch 4
  Train Loss: 0.1716, Test Loss: 0.3321
  Train Acc: 0.9417, Test Acc: 0.9044
  LR: 0.010000, Grad Norm: 3.0000, Throughput: 387.5 samples/s
accuracy_to_time_metric 0.09720422029139707
epoch 8
  Train Loss: 0.1566, Test Loss: 0.3046
  Train Acc: 0.9472, Test Acc: 0.9024
  LR: 0.010000, Grad Norm: 0.6677, Throughput: 391.7 samples/s
accuracy_to_time_metric 0.08513356075671315
epoch 9
  Train Loss: 0.4172, Test Loss: 0.5326
  Train Acc: 0.8638, Test Acc: 0.8392
  LR: 0.010000, Grad Norm: 3.0000, Throughput: 180.9 samples/s
accuracy_to_time_metric 0.0736974404730136
epoch 5
  Train Loss: 0.1489, Test Loss: 0.3455
  Train Acc: 0.9486, Test Acc: 0.8994
  LR: 0.010000, Grad Norm: 3.0000, Throughput: 395.5 samples/s
accuracy_to_time_metric 0.07567124516205871
epoch 10
  Train Loss: 0.1474, Test Loss: 0.3239
  Train Acc: 0.9484, Test Acc: 0.9034
  LR: 0.010000, Grad Norm: 0.0393, Throughput: 394.1 samples/s
accuracy_to_time_metric 0.06862496361271751
Training summary saved to /home/s471802/nn-gpt/out/training_summary.json
  Train Loss: 0.4215, Test Loss: 0.4463
  Train Acc: 0.8635, Test Acc: 0.8556
  LR: 0.010000, Grad Norm: 3.0000, Throughput: 181.6 samples/s
accuracy_to_time_metric 0.06040652112584096
epoch 6
  Train Loss: 0.4151, Test Loss: 0.4294
  Train Acc: 0.8653, Test Acc: 0.8660
  LR: 0.010000, Grad Norm: 1.2076, Throughput: 181.6 samples/s
accuracy_to_time_metric 0.05111098295022795
epoch 7
  Train Loss: 0.4092, Test Loss: 0.4319
  Train Acc: 0.8677, Test Acc: 0.8648
  LR: 0.010000, Grad Norm: 3.0000, Throughput: 180.6 samples/s
accuracy_to_time_metric 0.043754542757397555
epoch 8
[Reward Assign] error reward_batch_index=0 batch_item=2/4 completion_index=49 worker_slot=1 assigned_gpu=1 physical_gpu=1 worker_device=cuda:0 elapsed_seconds=1920.10 error=PersistentEvalWorkerError: Persistent eval worker timed out after 1920 seconds
[Reward Worker] Ready slot=1 pid=203917, assigned_gpu=1, assigned_cuda_visible_device='1', worker_device=cuda:0, cuda_visible_devices='1', cuda_available=True, cuda_device_count=1, rss_gib=0.53, torch_home='', physical_gpu_index=1, physical_gpu_bus_id='00000000:A1:00.0', physical_gpu_uuid='GPU-af6b4cf2-d47c-d86f-a1f1-7cd4bfd71da9', physical_binding_verified=True
[eval_only] 49/300 article_A_cifar10_epoch10-0048 formal_success=True acc=0.8732
[eval_only] 50/300 article_A_cifar10_epoch10-0049 formal_success=False acc=None
[eval_only] 51/300 article_A_cifar10_epoch10-0050 formal_success=True acc=0.8956
[eval_only] 52/300 article_A_cifar10_epoch10-0051 formal_success=True acc=0.9034
[Reward Assign] reward_batch_index=0 batch_item=4/4 completion_index=55 worker_slot=3 assigned_gpu=3 physical_gpu=3 worker_device=cuda:0 gpu_name='NVIDIA L40S' gpu_free_gib=43.40 gpu_used_gib=1.00 gpu_total_gib=44.99 timeout_seconds=1920
[Reward Assign] reward_batch_index=0 batch_item=2/4 completion_index=53 worker_slot=1 assigned_gpu=1 physical_gpu=1 worker_device=cuda:0 gpu_name='NVIDIA L40S' gpu_free_gib=29.72 gpu_used_gib=14.68 gpu_total_gib=44.99 timeout_seconds=1920
[Reward Assign] reward_batch_index=0 batch_item=3/4 completion_index=54 worker_slot=2 assigned_gpu=2 physical_gpu=2 worker_device=cuda:0 gpu_name='NVIDIA L40S' gpu_free_gib=43.39 gpu_used_gib=1.00 gpu_total_gib=44.99 timeout_seconds=1920
[Reward Assign] reward_batch_index=0 batch_item=1/4 completion_index=52 worker_slot=0 assigned_gpu=0 physical_gpu=0 worker_device=cuda:0 gpu_name='NVIDIA L40S' gpu_free_gib=43.39 gpu_used_gib=1.00 gpu_total_gib=44.99 timeout_seconds=1920
LEMUR root /home/s471802/nn-gpt
Evaluating /home/s471802/nn-gpt/out/nn/tmp/5986e863ede856087cb8deea1a82c9c4.py...
Evaluating /home/s471802/nn-gpt/out/nn/tmp/685ad43a0828c818c9d68d1a5dfef4c5.py...
Evaluating /home/s471802/nn-gpt/out/nn/tmp/ba8bbc3442554fed7b0383a0fd5312b1.py...
Evaluating /home/s471802/nn-gpt/out/nn/tmp/1c18d3125873eb049251b2fb04160ec6.py...
epoch 1
epoch 1
epoch 1
epoch 1
  Train Loss: 0.3635, Test Loss: 0.4193
  Train Acc: 0.8859, Test Acc: 0.8818
  LR: 0.010000, Grad Norm: 3.0000, Throughput: 497.5 samples/s
accuracy_to_time_metric 0.8642031589808223
epoch 2
  Train Loss: 0.6574, Test Loss: 0.5507
  Train Acc: 0.8419, Test Acc: 0.8804
  LR: 0.010000, Grad Norm: 3.0000, Throughput: 450.2 samples/s
accuracy_to_time_metric 0.7807139506869888
epoch 2
  Train Loss: 0.1244, Test Loss: 0.1725
  Train Acc: 0.9575, Test Acc: 0.9436
  LR: 0.010000, Grad Norm: 3.0000, Throughput: 278.4 samples/s
accuracy_to_time_metric 0.5218742033950017
epoch 2
  Train Loss: 0.2671, Test Loss: 0.3039
  Train Acc: 0.9127, Test Acc: 0.9094
  LR: 0.010000, Grad Norm: 3.0000, Throughput: 371.2 samples/s
accuracy_to_time_metric 0.3819928859767822
epoch 3
  Train Loss: 0.5990, Test Loss: 0.6915
  Train Acc: 0.8797, Test Acc: 0.8716
  LR: 0.010000, Grad Norm: 3.0000, Throughput: 336.2 samples/s
accuracy_to_time_metric 0.32987313560983395
epoch 3
  Train Loss: 0.2422, Test Loss: 0.3464
  Train Acc: 0.9203, Test Acc: 0.8998
  LR: 0.010000, Grad Norm: 3.0000, Throughput: 1055.0 samples/s
accuracy_to_time_metric 0.3140857253437562
epoch 4
  Train Loss: 0.5899, Test Loss: 0.6710
  Train Acc: 0.8895, Test Acc: 0.8778
  LR: 0.010000, Grad Norm: 3.0000, Throughput: 761.6 samples/s
accuracy_to_time_metric 0.26537402159627543
epoch 4
  Train Loss: 0.2320, Test Loss: 0.3098
  Train Acc: 0.9252, Test Acc: 0.9044
  LR: 0.010000, Grad Norm: 3.0000, Throughput: 1054.2 samples/s
accuracy_to_time_metric 0.2704467723874588
epoch 5
  Train Loss: 0.9258, Test Loss: 0.7337
  Train Acc: 0.6753, Test Acc: 0.7542
  LR: 0.010000, Grad Norm: 3.0000, Throughput: 139.0 samples/s
accuracy_to_time_metric 0.20204530546854732
epoch 2
  Train Loss: 0.0811, Test Loss: 0.1300
  Train Acc: 0.9753, Test Acc: 0.9574
  LR: 0.010000, Grad Norm: 3.0000, Throughput: 278.8 samples/s
accuracy_to_time_metric 0.2648631560703548
epoch 3
  Train Loss: 0.2085, Test Loss: 0.3096
  Train Acc: 0.9308, Test Acc: 0.9086
  LR: 0.010000, Grad Norm: 3.0000, Throughput: 1052.8 samples/s
accuracy_to_time_metric 0.2376277035635349
epoch 6
  Train Loss: 0.6000, Test Loss: 0.6490
  Train Acc: 0.8956, Test Acc: 0.8902
  LR: 0.010000, Grad Norm: 3.0000, Throughput: 771.1 samples/s
accuracy_to_time_metric 0.22477187765046888
epoch 5
  Train Loss: 0.2040, Test Loss: 0.3058
  Train Acc: 0.9327, Test Acc: 0.9100
  LR: 0.010000, Grad Norm: 0.0452, Throughput: 1073.6 samples/s
accuracy_to_time_metric 0.21187651529806487
epoch 7
  Train Loss: 0.5759, Test Loss: 0.8159
  Train Acc: 0.8991, Test Acc: 0.8754
  LR: 0.010000, Grad Norm: 3.0000, Throughput: 757.9 samples/s
accuracy_to_time_metric 0.18864689440859092
epoch 6
  Train Loss: 0.1961, Test Loss: 0.3264
  Train Acc: 0.9342, Test Acc: 0.9064
  LR: 0.010000, Grad Norm: 3.0000, Throughput: 1071.0 samples/s
accuracy_to_time_metric 0.1900012273526766
epoch 8
  Train Loss: 0.0523, Test Loss: 0.1328
  Train Acc: 0.9838, Test Acc: 0.9546
  LR: 0.010000, Grad Norm: 3.0000, Throughput: 374.9 samples/s
accuracy_to_time_metric 0.19254102381194596
epoch 4
  Train Loss: 0.5838, Test Loss: 0.7894
  Train Acc: 0.9008, Test Acc: 0.8746
  LR: 0.010000, Grad Norm: 3.0000, Throughput: 767.5 samples/s
accuracy_to_time_metric 0.1648895894360852
epoch 7
  Train Loss: 0.1879, Test Loss: 0.3326
  Train Acc: 0.9373, Test Acc: 0.9082
  LR: 0.010000, Grad Norm: 3.0000, Throughput: 1050.2 samples/s
accuracy_to_time_metric 0.1729257877278472
epoch 9
  Train Loss: 0.1790, Test Loss: 0.3406
  Train Acc: 0.9392, Test Acc: 0.9040
  LR: 0.010000, Grad Norm: 3.0000, Throughput: 1071.6 samples/s
accuracy_to_time_metric 0.15781272795179996
epoch 10
  Train Loss: 0.5466, Test Loss: 0.6758
  Train Acc: 0.9092, Test Acc: 0.8880
  LR: 0.010000, Grad Norm: 0.4317, Throughput: 763.8 samples/s
accuracy_to_time_metric 0.1490210227462205
epoch 8
  Train Loss: 0.1718, Test Loss: 0.3463
  Train Acc: 0.9422, Test Acc: 0.9036
  LR: 0.010000, Grad Norm: 0.2016, Throughput: 1068.1 samples/s
accuracy_to_time_metric 0.14565948529307893
Training summary saved to /home/s471802/nn-gpt/out/training_summary.json
  Train Loss: 0.0247, Test Loss: 0.1224
  Train Acc: 0.9925, Test Acc: 0.9572
  LR: 0.010000, Grad Norm: 3.0000, Throughput: 372.6 samples/s
accuracy_to_time_metric 0.15178800315294147
epoch 5
  Train Loss: 0.5780, Test Loss: 0.5112
  Train Acc: 0.8017, Test Acc: 0.8176
  LR: 0.010000, Grad Norm: 3.0000, Throughput: 182.9 samples/s
accuracy_to_time_metric 0.12589757916305855
epoch 3
  Train Loss: 0.5642, Test Loss: 0.6419
  Train Acc: 0.9070, Test Acc: 0.8958
  LR: 0.010000, Grad Norm: 0.0000, Throughput: 382.5 samples/s
accuracy_to_time_metric 0.12308622313909408
epoch 9
  Train Loss: 0.5639, Test Loss: 0.9452
  Train Acc: 0.9081, Test Acc: 0.8770
  LR: 0.010000, Grad Norm: 3.0000, Throughput: 689.9 samples/s
accuracy_to_time_metric 0.10900324820733535
epoch 10
  Train Loss: 0.0314, Test Loss: 0.1526
  Train Acc: 0.9896, Test Acc: 0.9542
  LR: 0.010000, Grad Norm: 3.0000, Throughput: 253.7 samples/s
accuracy_to_time_metric 0.11509112143412394
epoch 6
  Train Loss: 0.5558, Test Loss: 0.5931
  Train Acc: 0.9090, Test Acc: 0.9044
  LR: 0.010000, Grad Norm: 0.0114, Throughput: 744.8 samples/s
accuracy_to_time_metric 0.10401584499663032
Training summary saved to /home/s471802/nn-gpt/out/training_summary.json
  Train Loss: 0.4867, Test Loss: 0.6466
  Train Acc: 0.8327, Test Acc: 0.7704
  LR: 0.010000, Grad Norm: 3.0000, Throughput: 155.0 samples/s
accuracy_to_time_metric 0.07772630600983153
epoch 4
  Train Loss: 0.0162, Test Loss: 0.1402
  Train Acc: 0.9948, Test Acc: 0.9608
  LR: 0.010000, Grad Norm: 0.0410, Throughput: 361.8 samples/s
accuracy_to_time_metric 0.09932257369521043
epoch 7
  Train Loss: 0.0099, Test Loss: 0.1128
  Train Acc: 0.9970, Test Acc: 0.9630
  LR: 0.010000, Grad Norm: 3.0000, Throughput: 384.2 samples/s
accuracy_to_time_metric 0.08771288214573195
epoch 8
  Train Loss: 0.0086, Test Loss: 0.1097
  Train Acc: 0.9974, Test Acc: 0.9658
  LR: 0.010000, Grad Norm: 3.0000, Throughput: 382.9 samples/s
accuracy_to_time_metric 0.07860079224096578
epoch 9
  Train Loss: 0.4289, Test Loss: 0.4328
  Train Acc: 0.8516, Test Acc: 0.8440
  LR: 0.010000, Grad Norm: 3.0000, Throughput: 182.0 samples/s
accuracy_to_time_metric 0.06703191120783672
epoch 5
  Train Loss: 0.0054, Test Loss: 0.1189
  Train Acc: 0.9982, Test Acc: 0.9666
  LR: 0.010000, Grad Norm: 0.0973, Throughput: 367.9 samples/s
accuracy_to_time_metric 0.07080472468902413
epoch 10
  Train Loss: 0.0086, Test Loss: 0.1317
  Train Acc: 0.9966, Test Acc: 0.9642
  LR: 0.010000, Grad Norm: 0.0136, Throughput: 367.6 samples/s
accuracy_to_time_metric 0.06418428640496707
Training summary saved to /home/s471802/nn-gpt/out/training_summary.json
  Train Loss: 0.3759, Test Loss: 0.4398
  Train Acc: 0.8714, Test Acc: 0.8528
  LR: 0.010000, Grad Norm: 2.2590, Throughput: 180.9 samples/s
accuracy_to_time_metric 0.05540207016416917
epoch 6
  Train Loss: 0.3402, Test Loss: 0.3667
  Train Acc: 0.8824, Test Acc: 0.8736
  LR: 0.010000, Grad Norm: 3.0000, Throughput: 182.9 samples/s
accuracy_to_time_metric 0.048201161471162476
epoch 7
  Train Loss: 0.3136, Test Loss: 0.3522
  Train Acc: 0.8918, Test Acc: 0.8776
  LR: 0.010000, Grad Norm: 3.0000, Throughput: 176.0 samples/s
accuracy_to_time_metric 0.04178956129369102
epoch 8
[Reward Assign] error reward_batch_index=0 batch_item=4/4 completion_index=55 worker_slot=3 assigned_gpu=3 physical_gpu=3 worker_device=cuda:0 elapsed_seconds=1920.43 error=PersistentEvalWorkerError: Persistent eval worker timed out after 1920 seconds
[Reward Worker] Ready slot=3 pid=206336, assigned_gpu=3, assigned_cuda_visible_device='3', worker_device=cuda:0, cuda_visible_devices='3', cuda_available=True, cuda_device_count=1, rss_gib=0.53, torch_home='', physical_gpu_index=3, physical_gpu_bus_id='00000000:E1:00.0', physical_gpu_uuid='GPU-4717f6c0-3c73-96c7-bfae-b42a34d7e4d5', physical_binding_verified=True
[eval_only] 53/300 article_A_cifar10_epoch10-0052 formal_success=True acc=0.9044
[eval_only] 54/300 article_A_cifar10_epoch10-0053 formal_success=True acc=0.9036
[eval_only] 55/300 article_A_cifar10_epoch10-0054 formal_success=True acc=0.9642
[eval_only] 56/300 article_A_cifar10_epoch10-0055 formal_success=False acc=None
[Reward Assign] reward_batch_index=0 batch_item=1/4 completion_index=56 worker_slot=0 assigned_gpu=0 physical_gpu=0 worker_device=cuda:0 gpu_name='NVIDIA L40S' gpu_free_gib=43.39 gpu_used_gib=1.00 gpu_total_gib=44.99 timeout_seconds=1920
[Reward Assign] reward_batch_index=0 batch_item=2/4 completion_index=57 worker_slot=1 assigned_gpu=1 physical_gpu=1 worker_device=cuda:0 gpu_name='NVIDIA L40S' gpu_free_gib=43.40 gpu_used_gib=1.00 gpu_total_gib=44.99 timeout_seconds=1920
[Reward Assign] reward_batch_index=0 batch_item=3/4 completion_index=58 worker_slot=2 assigned_gpu=2 physical_gpu=2 worker_device=cuda:0 gpu_name='NVIDIA L40S' gpu_free_gib=43.39 gpu_used_gib=1.00 gpu_total_gib=44.99 timeout_seconds=1920
[Reward Assign] reward_batch_index=0 batch_item=4/4 completion_index=59 worker_slot=3 assigned_gpu=3 physical_gpu=3 worker_device=cuda:0 gpu_name='NVIDIA L40S' gpu_free_gib=29.52 gpu_used_gib=14.87 gpu_total_gib=44.99 timeout_seconds=1920
LEMUR root /home/s471802/nn-gpt
Evaluating /home/s471802/nn-gpt/out/nn/tmp/9fbcf3efc7c4d3d828083942ca055664.py...
Evaluating /home/s471802/nn-gpt/out/nn/tmp/be0fc22b39f552bb4c6f88b9401bfa87.py...
Evaluating /home/s471802/nn-gpt/out/nn/tmp/89b4e468e9bd81c7bf0e5034775cca79.py...
Evaluating /home/s471802/nn-gpt/out/nn/tmp/3f41feaec43dcea64b8d5a826b0d871d.py...
epoch 1
epoch 1
epoch 1
epoch 1
  Train Loss: 0.6458, Test Loss: 0.6569
  Train Acc: 0.8505, Test Acc: 0.8746
  LR: 0.010000, Grad Norm: 3.0000, Throughput: 1043.8 samples/s
accuracy_to_time_metric 1.7965883199585926
epoch 2
  Train Loss: 0.6631, Test Loss: 0.6506
  Train Acc: 0.8371, Test Acc: 0.8676
  LR: 0.010000, Grad Norm: 3.0000, Throughput: 880.8 samples/s
accuracy_to_time_metric 1.5023118814992102
epoch 2
  Train Loss: 0.5908, Test Loss: 0.5653
  Train Acc: 0.8043, Test Acc: 0.8220
  LR: 0.010000, Grad Norm: 2.2401, Throughput: 723.2 samples/s
accuracy_to_time_metric 1.160219859388552
epoch 2
  Train Loss: 0.6232, Test Loss: 0.6977
  Train Acc: 0.8845, Test Acc: 0.8806
  LR: 0.010000, Grad Norm: 0.0028, Throughput: 1074.6 samples/s
accuracy_to_time_metric 0.9173198310201883
epoch 3
  Train Loss: 0.6065, Test Loss: 0.5482
  Train Acc: 0.8806, Test Acc: 0.8890
  LR: 0.010000, Grad Norm: 3.0000, Throughput: 947.8 samples/s
accuracy_to_time_metric 0.7995766296429381
epoch 3
  Train Loss: 0.5225, Test Loss: 0.5622
  Train Acc: 0.8335, Test Acc: 0.8166
  LR: 0.010000, Grad Norm: 3.0000, Throughput: 736.2 samples/s
accuracy_to_time_metric 0.5804534133880045
epoch 3
  Train Loss: 0.1526, Test Loss: 0.1995
  Train Acc: 0.9490, Test Acc: 0.9318
  LR: 0.010000, Grad Norm: 3.0000, Throughput: 351.3 samples/s
accuracy_to_time_metric 0.6494342895142623
epoch 2
  Train Loss: 0.5866, Test Loss: 0.7298
  Train Acc: 0.8953, Test Acc: 0.8790
  LR: 0.010000, Grad Norm: 3.0000, Throughput: 1059.9 samples/s
accuracy_to_time_metric 0.6102418347858352
epoch 4
  Train Loss: 0.5840, Test Loss: 0.8452
  Train Acc: 0.8910, Test Acc: 0.8760
  LR: 0.010000, Grad Norm: 3.0000, Throughput: 927.8 samples/s
accuracy_to_time_metric 0.5268774488960327
epoch 4
  Train Loss: 0.5703, Test Loss: 0.6545
  Train Acc: 0.9006, Test Acc: 0.8928
  LR: 0.010000, Grad Norm: 3.0000, Throughput: 1067.7 samples/s
accuracy_to_time_metric 0.46662003127641916
epoch 5
  Train Loss: 0.5054, Test Loss: 0.5096
  Train Acc: 0.8405, Test Acc: 0.8360
  LR: 0.010000, Grad Norm: 0.4207, Throughput: 737.8 samples/s
accuracy_to_time_metric 0.39881567771340914
epoch 4
  Train Loss: 0.5859, Test Loss: 0.7700
  Train Acc: 0.8949, Test Acc: 0.8704
  LR: 0.010000, Grad Norm: 3.0000, Throughput: 953.7 samples/s
accuracy_to_time_metric 0.3959460267620487
epoch 5
  Train Loss: 0.5828, Test Loss: 0.9441
  Train Acc: 0.9040, Test Acc: 0.8686
  LR: 0.010000, Grad Norm: 3.0000, Throughput: 1078.8 samples/s
accuracy_to_time_metric 0.3630282386218768
epoch 6
  Train Loss: 0.4957, Test Loss: 0.5499
  Train Acc: 0.8414, Test Acc: 0.8282
  LR: 0.010000, Grad Norm: 3.0000, Throughput: 741.2 samples/s
accuracy_to_time_metric 0.296788745132088
epoch 5
  Train Loss: 0.5972, Test Loss: 0.6942
  Train Acc: 0.8960, Test Acc: 0.8892
  LR: 0.010000, Grad Norm: 2.1060, Throughput: 936.4 samples/s
accuracy_to_time_metric 0.3251318951105947
epoch 6
  Train Loss: 0.5630, Test Loss: 0.8161
  Train Acc: 0.9070, Test Acc: 0.8894
  LR: 0.010000, Grad Norm: 0.0001, Throughput: 1069.1 samples/s
accuracy_to_time_metric 0.3108958204811354
epoch 7
  Train Loss: 0.0684, Test Loss: 0.1248
  Train Acc: 0.9777, Test Acc: 0.9556
  LR: 0.010000, Grad Norm: 3.0000, Throughput: 347.0 samples/s
accuracy_to_time_metric 0.3317759395846203
epoch 3
  Train Loss: 0.5883, Test Loss: 0.6695
  Train Acc: 0.9012, Test Acc: 0.8902
  LR: 0.010000, Grad Norm: 3.0000, Throughput: 939.0 samples/s
accuracy_to_time_metric 0.27177101176954094
epoch 7
  Train Loss: 0.5575, Test Loss: 0.6873
  Train Acc: 0.9096, Test Acc: 0.8982
  LR: 0.010000, Grad Norm: 3.0000, Throughput: 1066.1 samples/s
accuracy_to_time_metric 0.26945723741422967
epoch 8
  Train Loss: 0.4947, Test Loss: 0.5859
  Train Acc: 0.8439, Test Acc: 0.8162
  LR: 0.010000, Grad Norm: 1.6551, Throughput: 736.5 samples/s
accuracy_to_time_metric 0.23362595840316736
epoch 6
  Train Loss: 0.5508, Test Loss: 0.7521
  Train Acc: 0.9115, Test Acc: 0.8944
  LR: 0.010000, Grad Norm: 3.0000, Throughput: 1062.2 samples/s
accuracy_to_time_metric 0.23448170739336086
epoch 9
  Train Loss: 0.5640, Test Loss: 0.8561
  Train Acc: 0.9060, Test Acc: 0.8718
  LR: 0.010000, Grad Norm: 3.0000, Throughput: 937.2 samples/s
accuracy_to_time_metric 0.22775117121788666
epoch 8
  Train Loss: 0.4948, Test Loss: 0.5626
  Train Acc: 0.8435, Test Acc: 0.8312
  LR: 0.010000, Grad Norm: 2.8321, Throughput: 730.7 samples/s
accuracy_to_time_metric 0.1985638078008837
epoch 7
  Train Loss: 0.5489, Test Loss: 0.7003
  Train Acc: 0.9124, Test Acc: 0.9022
  LR: 0.010000, Grad Norm: 3.0000, Throughput: 1066.5 samples/s
accuracy_to_time_metric 0.21050394261317518
epoch 10
  Train Loss: 0.0431, Test Loss: 0.1188
  Train Acc: 0.9856, Test Acc: 0.9602
  LR: 0.010000, Grad Norm: 3.0000, Throughput: 354.7 samples/s
accuracy_to_time_metric 0.22350370203139744
epoch 4
  Train Loss: 0.5461, Test Loss: 0.8438
  Train Acc: 0.9088, Test Acc: 0.8766
  LR: 0.010000, Grad Norm: 0.0831, Throughput: 935.1 samples/s
accuracy_to_time_metric 0.20061807461003825
epoch 9
  Train Loss: 0.5312, Test Loss: 1.0779
  Train Acc: 0.9158, Test Acc: 0.8650
  LR: 0.010000, Grad Norm: 0.6094, Throughput: 1067.1 samples/s
accuracy_to_time_metric 0.1806975622575151
Training summary saved to /home/s471802/nn-gpt/out/training_summary.json
  Train Loss: 0.4958, Test Loss: 0.6306
  Train Acc: 0.8448, Test Acc: 0.8088
  LR: 0.010000, Grad Norm: 3.0000, Throughput: 732.1 samples/s
accuracy_to_time_metric 0.16490876674564764
epoch 8
  Train Loss: 0.5451, Test Loss: 0.7702
  Train Acc: 0.9106, Test Acc: 0.8886
  LR: 0.010000, Grad Norm: 3.0000, Throughput: 951.6 samples/s
accuracy_to_time_metric 0.18149726557575505
epoch 10
  Train Loss: 0.5633, Test Loss: 0.6451
  Train Acc: 0.9082, Test Acc: 0.9036
  LR: 0.010000, Grad Norm: 3.0000, Throughput: 422.3 samples/s
accuracy_to_time_metric 0.1484931468010141
Training summary saved to /home/s471802/nn-gpt/out/training_summary.json
  Train Loss: 0.4825, Test Loss: 0.5085
  Train Acc: 0.8480, Test Acc: 0.8374
  LR: 0.010000, Grad Norm: 3.0000, Throughput: 378.4 samples/s
accuracy_to_time_metric 0.13435757191530448
epoch 9
  Train Loss: 0.0411, Test Loss: 0.1392
  Train Acc: 0.9864, Test Acc: 0.9596
  LR: 0.010000, Grad Norm: 1.3085, Throughput: 243.5 samples/s
accuracy_to_time_metric 0.15085583184709844
epoch 5
  Train Loss: 0.4916, Test Loss: 0.5644
  Train Acc: 0.8461, Test Acc: 0.8280
  LR: 0.010000, Grad Norm: 3.0000, Throughput: 725.9 samples/s
accuracy_to_time_metric 0.11916368768260856
epoch 10
  Train Loss: 0.4787, Test Loss: 0.5892
  Train Acc: 0.8498, Test Acc: 0.8168
  LR: 0.010000, Grad Norm: 3.0000, Throughput: 732.0 samples/s
accuracy_to_time_metric 0.10658640319689129
Training summary saved to /home/s471802/nn-gpt/out/training_summary.json
  Train Loss: 0.0190, Test Loss: 0.1166
  Train Acc: 0.9938, Test Acc: 0.9602
  LR: 0.010000, Grad Norm: 3.0000, Throughput: 345.3 samples/s
accuracy_to_time_metric 0.12284342335099341
epoch 6
  Train Loss: 0.0149, Test Loss: 0.1181
  Train Acc: 0.9956, Test Acc: 0.9680
  LR: 0.010000, Grad Norm: 3.0000, Throughput: 343.5 samples/s
accuracy_to_time_metric 0.10440858515927999
epoch 7
  Train Loss: 0.0088, Test Loss: 0.1108
  Train Acc: 0.9972, Test Acc: 0.9706
  LR: 0.010000, Grad Norm: 0.2180, Throughput: 331.3 samples/s
accuracy_to_time_metric 0.09000367766130066
epoch 8
  Train Loss: 0.0086, Test Loss: 0.1136
  Train Acc: 0.9974, Test Acc: 0.9674
  LR: 0.010000, Grad Norm: 3.0000, Throughput: 340.7 samples/s
accuracy_to_time_metric 0.07889089649135922
epoch 9
  Train Loss: 0.0061, Test Loss: 0.1138
  Train Acc: 0.9978, Test Acc: 0.9688
  LR: 0.010000, Grad Norm: 0.5764, Throughput: 327.1 samples/s
accuracy_to_time_metric 0.0702257211528553
epoch 10
  Train Loss: 0.0082, Test Loss: 0.1404
  Train Acc: 0.9972, Test Acc: 0.9656
  LR: 0.010000, Grad Norm: 0.9439, Throughput: 342.8 samples/s
accuracy_to_time_metric 0.06325081308947574
Training summary saved to /home/s471802/nn-gpt/out/training_summary.json
[eval_only] 57/300 article_A_cifar10_epoch10-0056 formal_success=True acc=0.9656
[eval_only] 58/300 article_A_cifar10_epoch10-0057 formal_success=True acc=0.865
[eval_only] 59/300 article_A_cifar10_epoch10-0058 formal_success=True acc=0.8168
[eval_only] 60/300 article_A_cifar10_epoch10-0059 formal_success=True acc=0.9036
[Reward Assign] reward_batch_index=0 batch_item=1/4 completion_index=60 worker_slot=0 assigned_gpu=0 physical_gpu=0 worker_device=cuda:0 gpu_name='NVIDIA L40S' gpu_free_gib=43.39 gpu_used_gib=1.00 gpu_total_gib=44.99 timeout_seconds=1920
[Reward Assign] reward_batch_index=0 batch_item=2/4 completion_index=61 worker_slot=1 assigned_gpu=1 physical_gpu=1 worker_device=cuda:0 gpu_name='NVIDIA L40S' gpu_free_gib=43.40 gpu_used_gib=1.00 gpu_total_gib=44.99 timeout_seconds=1920
[Reward Assign] reward_batch_index=0 batch_item=3/4 completion_index=62 worker_slot=2 assigned_gpu=2 physical_gpu=2 worker_device=cuda:0 gpu_name='NVIDIA L40S' gpu_free_gib=43.39 gpu_used_gib=1.00 gpu_total_gib=44.99 timeout_seconds=1920
[Reward Assign] reward_batch_index=0 batch_item=4/4 completion_index=63 worker_slot=3 assigned_gpu=3 physical_gpu=3 worker_device=cuda:0 gpu_name='NVIDIA L40S' gpu_free_gib=43.38 gpu_used_gib=1.02 gpu_total_gib=44.99 timeout_seconds=1920
Evaluating /home/s471802/nn-gpt/out/nn/tmp/6c6268692c5a6f0cd69037f1b1ae1e2a.py...
Evaluating /home/s471802/nn-gpt/out/nn/tmp/6479e3959e68be99b45537e5da4d9ab4.py...
Evaluating /home/s471802/nn-gpt/out/nn/tmp/96227d8ab5cfa4422e9503cdc61735c5.py...
Evaluating /home/s471802/nn-gpt/out/nn/tmp/276923621f99bfaacfdcc69b743ae13b.py...
epoch 1
epoch 1
epoch 1
epoch 1
  Train Loss: 0.7472, Test Loss: 0.8556
  Train Acc: 0.8211, Test Acc: 0.8328
  LR: 0.010000, Grad Norm: 3.0000, Throughput: 686.9 samples/s
accuracy_to_time_metric 1.1185366194224509
epoch 2
  Train Loss: 0.6906, Test Loss: 0.8217
  Train Acc: 0.8458, Test Acc: 0.8476
  LR: 0.010000, Grad Norm: 3.0000, Throughput: 655.5 samples/s
accuracy_to_time_metric 1.088971941096815
epoch 2
  Train Loss: 0.7013, Test Loss: 0.7626
  Train Acc: 0.8601, Test Acc: 0.8460
  LR: 0.010000, Grad Norm: 3.0000, Throughput: 662.9 samples/s
accuracy_to_time_metric 0.5588064415384134
epoch 3
  Train Loss: 0.9116, Test Loss: 0.4541
  Train Acc: 0.6824, Test Acc: 0.8402
  LR: 0.010000, Grad Norm: 3.0000, Throughput: 327.7 samples/s
accuracy_to_time_metric 0.5389545459114093
epoch 2
  Train Loss: 0.6393, Test Loss: 0.7459
  Train Acc: 0.8836, Test Acc: 0.8798
  LR: 0.010000, Grad Norm: 0.0266, Throughput: 628.3 samples/s
accuracy_to_time_metric 0.5554920337371022
epoch 3
  Train Loss: 0.6952, Test Loss: 0.6523
  Train Acc: 0.8711, Test Acc: 0.8724
  LR: 0.010000, Grad Norm: 3.0000, Throughput: 725.3 samples/s
accuracy_to_time_metric 0.3948025830075287
epoch 4
  Train Loss: 0.6146, Test Loss: 0.7249
  Train Acc: 0.8951, Test Acc: 0.8836
  LR: 0.010000, Grad Norm: 3.0000, Throughput: 685.4 samples/s
accuracy_to_time_metric 0.3801335280281956
epoch 4
  Train Loss: 0.6963, Test Loss: 0.8008
  Train Acc: 0.8737, Test Acc: 0.8648
  LR: 0.010000, Grad Norm: 0.0003, Throughput: 734.5 samples/s
accuracy_to_time_metric 0.2975779171467399
epoch 5
  Train Loss: 0.7712, Test Loss: 0.3921
  Train Acc: 0.7313, Test Acc: 0.8652
  LR: 0.010000, Grad Norm: 3.0000, Throughput: 172.9 samples/s
accuracy_to_time_metric 0.2939757559169456
epoch 2
  Train Loss: 0.5114, Test Loss: 0.4334
  Train Acc: 0.8296, Test Acc: 0.8532
  LR: 0.010000, Grad Norm: 3.0000, Throughput: 356.0 samples/s
accuracy_to_time_metric 0.2854739637050724
epoch 3
  Train Loss: 0.5995, Test Loss: 1.0069
  Train Acc: 0.9000, Test Acc: 0.8648
  LR: 0.010000, Grad Norm: 3.0000, Throughput: 693.2 samples/s
accuracy_to_time_metric 0.2820460088543383
epoch 5
  Train Loss: 0.6838, Test Loss: 0.6787
  Train Acc: 0.8791, Test Acc: 0.8780
  LR: 0.010000, Grad Norm: 3.0000, Throughput: 736.1 samples/s
accuracy_to_time_metric 0.24446750445223747
epoch 6
  Train Loss: 0.5532, Test Loss: 0.6498
  Train Acc: 0.9084, Test Acc: 0.9016
  LR: 0.010000, Grad Norm: 3.0000, Throughput: 692.4 samples/s
accuracy_to_time_metric 0.23839104368646946
epoch 6
  Train Loss: 0.6595, Test Loss: 0.7203
  Train Acc: 0.8830, Test Acc: 0.8712
  LR: 0.010000, Grad Norm: 3.0000, Throughput: 731.9 samples/s
accuracy_to_time_metric 0.20304011407177447
epoch 7
  Train Loss: 0.4682, Test Loss: 0.4092
  Train Acc: 0.8470, Test Acc: 0.8648
  LR: 0.010000, Grad Norm: 3.0000, Throughput: 357.0 samples/s
accuracy_to_time_metric 0.1961026290929867
epoch 4
  Train Loss: 0.5711, Test Loss: 0.8077
  Train Acc: 0.9069, Test Acc: 0.8838
  LR: 0.010000, Grad Norm: 1.0212, Throughput: 684.8 samples/s
accuracy_to_time_metric 0.194940169504049
epoch 7
  Train Loss: 0.6783, Test Loss: 0.7141
  Train Acc: 0.8838, Test Acc: 0.8822
  LR: 0.010000, Grad Norm: 3.0000, Throughput: 717.6 samples/s
accuracy_to_time_metric 0.17671480996624364
epoch 8
  Train Loss: 0.5536, Test Loss: 0.6773
  Train Acc: 0.9091, Test Acc: 0.8968
  LR: 0.010000, Grad Norm: 0.8870, Throughput: 681.0 samples/s
accuracy_to_time_metric 0.17016325555875356
epoch 8
  Train Loss: 0.6425, Test Loss: 0.7109
  Train Acc: 0.8903, Test Acc: 0.8848
  LR: 0.010000, Grad Norm: 3.0000, Throughput: 720.8 samples/s
accuracy_to_time_metric 0.15535457796059007
epoch 9
  Train Loss: 0.3157, Test Loss: 0.2896
  Train Acc: 0.8904, Test Acc: 0.8986
  LR: 0.010000, Grad Norm: 3.0000, Throughput: 180.6 samples/s
accuracy_to_time_metric 0.15671405811339592
epoch 3
  Train Loss: 0.4465, Test Loss: 0.4005
  Train Acc: 0.8532, Test Acc: 0.8670
  LR: 0.010000, Grad Norm: 3.0000, Throughput: 352.9 samples/s
accuracy_to_time_metric 0.14817420002537932
epoch 5
  Train Loss: 0.5516, Test Loss: 0.7419
  Train Acc: 0.9113, Test Acc: 0.8958
  LR: 0.010000, Grad Norm: 0.0000, Throughput: 665.2 samples/s
accuracy_to_time_metric 0.14846715106985792
epoch 9
  Train Loss: 0.6420, Test Loss: 0.9299
  Train Acc: 0.8901, Test Acc: 0.8606
  LR: 0.010000, Grad Norm: 0.0024, Throughput: 706.1 samples/s
accuracy_to_time_metric 0.1336728638533295
epoch 10
  Train Loss: 0.5627, Test Loss: 0.8579
  Train Acc: 0.9125, Test Acc: 0.8826
  LR: 0.010000, Grad Norm: 3.0000, Throughput: 648.9 samples/s
accuracy_to_time_metric 0.12925747310533903
epoch 10
  Train Loss: 0.6505, Test Loss: 0.8128
  Train Acc: 0.8911, Test Acc: 0.8686
  LR: 0.010000, Grad Norm: 3.0000, Throughput: 690.9 samples/s
accuracy_to_time_metric 0.12118530920570157
Training summary saved to /home/s471802/nn-gpt/out/training_summary.json
  Train Loss: 0.4327, Test Loss: 0.3419
  Train Acc: 0.8573, Test Acc: 0.8874
  LR: 0.010000, Grad Norm: 3.0000, Throughput: 339.9 samples/s
accuracy_to_time_metric 0.12111348248304962
epoch 6
  Train Loss: 0.5331, Test Loss: 0.8955
  Train Acc: 0.9142, Test Acc: 0.8864
  LR: 0.010000, Grad Norm: 3.0000, Throughput: 673.7 samples/s
accuracy_to_time_metric 0.11696248165741238
Training summary saved to /home/s471802/nn-gpt/out/training_summary.json
  Train Loss: 0.1991, Test Loss: 0.2241
  Train Acc: 0.9300, Test Acc: 0.9250
  LR: 0.010000, Grad Norm: 3.0000, Throughput: 177.2 samples/s
accuracy_to_time_metric 0.10803114788738995
epoch 4
  Train Loss: 0.4325, Test Loss: 0.3357
  Train Acc: 0.8575, Test Acc: 0.8888
  LR: 0.010000, Grad Norm: 3.0000, Throughput: 355.3 samples/s
accuracy_to_time_metric 0.10153169553443155
epoch 7
  Train Loss: 0.4235, Test Loss: 0.3867
  Train Acc: 0.8618, Test Acc: 0.8798
  LR: 0.010000, Grad Norm: 3.0000, Throughput: 356.1 samples/s
accuracy_to_time_metric 0.08631993068154635
epoch 8
  Train Loss: 0.1405, Test Loss: 0.2195
  Train Acc: 0.9512, Test Acc: 0.9272
  LR: 0.010000, Grad Norm: 3.0000, Throughput: 180.2 samples/s
accuracy_to_time_metric 0.08161519498088414
epoch 5
  Train Loss: 0.4176, Test Loss: 0.3347
  Train Acc: 0.8644, Test Acc: 0.8924
  LR: 0.010000, Grad Norm: 0.4169, Throughput: 347.5 samples/s
accuracy_to_time_metric 0.07671033563795915
epoch 9
  Train Loss: 0.4236, Test Loss: 0.3582
  Train Acc: 0.8631, Test Acc: 0.8792
  LR: 0.010000, Grad Norm: 3.0000, Throughput: 355.2 samples/s
accuracy_to_time_metric 0.06718520116558874
epoch 10
  Train Loss: 0.0976, Test Loss: 0.2597
  Train Acc: 0.9657, Test Acc: 0.9128
  LR: 0.010000, Grad Norm: 3.0000, Throughput: 180.4 samples/s
accuracy_to_time_metric 0.06435102671131876
epoch 6
  Train Loss: 0.4118, Test Loss: 0.3548
  Train Acc: 0.8667, Test Acc: 0.8904
  LR: 0.010000, Grad Norm: 3.0000, Throughput: 354.3 samples/s
accuracy_to_time_metric 0.06141892706073357
Training summary saved to /home/s471802/nn-gpt/out/training_summary.json
  Train Loss: 0.0730, Test Loss: 0.2335
  Train Acc: 0.9754, Test Acc: 0.9284
  LR: 0.010000, Grad Norm: 3.0000, Throughput: 178.9 samples/s
accuracy_to_time_metric 0.0546905921930035
epoch 7
  Train Loss: 0.0550, Test Loss: 0.2226
  Train Acc: 0.9812, Test Acc: 0.9298
  LR: 0.010000, Grad Norm: 3.0000, Throughput: 179.8 samples/s
accuracy_to_time_metric 0.04701338258689462
epoch 8
[Reward Assign] error reward_batch_index=0 batch_item=3/4 completion_index=62 worker_slot=2 assigned_gpu=2 physical_gpu=2 worker_device=cuda:0 elapsed_seconds=1920.04 error=PersistentEvalWorkerError: Persistent eval worker timed out after 1920 seconds
[Reward Worker] Ready slot=2 pid=209305, assigned_gpu=2, assigned_cuda_visible_device='2', worker_device=cuda:0, cuda_visible_devices='2', cuda_available=True, cuda_device_count=1, rss_gib=0.53, torch_home='', physical_gpu_index=2, physical_gpu_bus_id='00000000:C1:00.0', physical_gpu_uuid='GPU-eea99cfc-d106-2b97-e544-c42f75d49943', physical_binding_verified=True
[eval_only] 61/300 article_A_cifar10_epoch10-0060 formal_success=True acc=0.8864
[eval_only] 62/300 article_A_cifar10_epoch10-0061 formal_success=True acc=0.8686
[eval_only] 63/300 article_A_cifar10_epoch10-0062 formal_success=False acc=None
[eval_only] 64/300 article_A_cifar10_epoch10-0063 formal_success=True acc=0.8904
[Reward Assign] reward_batch_index=0 batch_item=2/4 completion_index=65 worker_slot=1 assigned_gpu=1 physical_gpu=1 worker_device=cuda:0 gpu_name='NVIDIA L40S' gpu_free_gib=43.40 gpu_used_gib=1.00 gpu_total_gib=44.99 timeout_seconds=1920
[Reward Assign] reward_batch_index=0 batch_item=4/4 completion_index=67 worker_slot=3 assigned_gpu=3 physical_gpu=3 worker_device=cuda:0 gpu_name='NVIDIA L40S' gpu_free_gib=43.37 gpu_used_gib=1.02 gpu_total_gib=44.99 timeout_seconds=1920
[Reward Assign] reward_batch_index=0 batch_item=1/4 completion_index=64 worker_slot=0 assigned_gpu=0 physical_gpu=0 worker_device=cuda:0 gpu_name='NVIDIA L40S' gpu_free_gib=43.39 gpu_used_gib=1.00 gpu_total_gib=44.99 timeout_seconds=1920
[Reward Assign] reward_batch_index=0 batch_item=3/4 completion_index=66 worker_slot=2 assigned_gpu=2 physical_gpu=2 worker_device=cuda:0 gpu_name='NVIDIA L40S' gpu_free_gib=29.26 gpu_used_gib=15.14 gpu_total_gib=44.99 timeout_seconds=1920
LEMUR root /home/s471802/nn-gpt
Evaluating /home/s471802/nn-gpt/out/nn/tmp/0ec8acc71966510a593ed15e9b410c86.py...
Evaluating /home/s471802/nn-gpt/out/nn/tmp/70c4cba63a8d140d65b3e3376bc2d0ec.py...
Evaluating /home/s471802/nn-gpt/out/nn/tmp/7a22c611a57468f0a5ad9916cbf47a8d.py...
Evaluating /home/s471802/nn-gpt/out/nn/tmp/a1b9556d07519c6fad319ad29786f60f.py...
epoch 1
epoch 1
epoch 1
epoch 1
  Train Loss: 0.6113, Test Loss: 0.5361
  Train Acc: 0.8003, Test Acc: 0.8306
  LR: 0.010000, Grad Norm: 2.4282, Throughput: 532.0 samples/s
accuracy_to_time_metric 0.863720837673009
epoch 2
  Train Loss: 0.6092, Test Loss: 0.6195
  Train Acc: 0.8012, Test Acc: 0.8056
  LR: 0.010000, Grad Norm: 3.0000, Throughput: 497.6 samples/s
accuracy_to_time_metric 0.7802207155249407
epoch 2
  Train Loss: 0.1891, Test Loss: 0.2901
  Train Acc: 0.9485, Test Acc: 0.9282
  LR: 0.010000, Grad Norm: 3.0000, Throughput: 385.4 samples/s
accuracy_to_time_metric 0.7092596510733892
epoch 2
  Train Loss: 0.1120, Test Loss: 0.1588
  Train Acc: 0.9642, Test Acc: 0.9486
  LR: 0.010000, Grad Norm: 3.0000, Throughput: 291.9 samples/s
accuracy_to_time_metric 0.5504818990010495
epoch 2
  Train Loss: 0.5271, Test Loss: 0.5124
  Train Acc: 0.8325, Test Acc: 0.8320
  LR: 0.010000, Grad Norm: 3.0000, Throughput: 520.9 samples/s
accuracy_to_time_metric 0.4278767358093686
epoch 3
  Train Loss: 0.5338, Test Loss: 0.5459
  Train Acc: 0.8303, Test Acc: 0.8256
  LR: 0.010000, Grad Norm: 2.4047, Throughput: 511.6 samples/s
accuracy_to_time_metric 0.4065138183196377
epoch 3
  Train Loss: 0.0948, Test Loss: 0.1564
  Train Acc: 0.9745, Test Acc: 0.9478
  LR: 0.010000, Grad Norm: 3.0000, Throughput: 388.6 samples/s
accuracy_to_time_metric 0.3643890329960185
epoch 3
  Train Loss: 0.5201, Test Loss: 0.6347
  Train Acc: 0.8352, Test Acc: 0.8092
  LR: 0.010000, Grad Norm: 3.0000, Throughput: 536.2 samples/s
accuracy_to_time_metric 0.27799955176231117
epoch 4
  Train Loss: 0.5114, Test Loss: 0.6011
  Train Acc: 0.8376, Test Acc: 0.8156
  LR: 0.010000, Grad Norm: 3.0000, Throughput: 518.7 samples/s
accuracy_to_time_metric 0.2696885335298419
epoch 4
  Train Loss: 0.2947, Test Loss: 0.2104
  Train Acc: 0.9831, Test Acc: 0.9578
  LR: 0.010000, Grad Norm: 1.1476, Throughput: 289.8 samples/s
accuracy_to_time_metric 0.27714059021970155
epoch 3
  Train Loss: 0.5182, Test Loss: 0.5933
  Train Acc: 0.8382, Test Acc: 0.8194
  LR: 0.010000, Grad Norm: 3.0000, Throughput: 535.3 samples/s
accuracy_to_time_metric 0.21204149405301784
epoch 5
  Train Loss: 0.0424, Test Loss: 0.1601
  Train Acc: 0.9865, Test Acc: 0.9536
  LR: 0.010000, Grad Norm: 1.9080, Throughput: 388.4 samples/s
accuracy_to_time_metric 0.24485474356952153
epoch 4
  Train Loss: 0.4976, Test Loss: 0.5434
  Train Acc: 0.8445, Test Acc: 0.8336
  LR: 0.010000, Grad Norm: 3.0000, Throughput: 523.4 samples/s
accuracy_to_time_metric 0.20875632153767187
epoch 5
  Train Loss: 0.5028, Test Loss: 0.5901
  Train Acc: 0.8421, Test Acc: 0.8168
  LR: 0.010000, Grad Norm: 3.0000, Throughput: 488.3 samples/s
accuracy_to_time_metric 0.1661075483491711
epoch 6
  Train Loss: 0.4975, Test Loss: 0.5329
  Train Acc: 0.8424, Test Acc: 0.8374
  LR: 0.010000, Grad Norm: 1.0442, Throughput: 466.6 samples/s
accuracy_to_time_metric 0.1646164628363531
epoch 6
  Train Loss: 0.0350, Test Loss: 0.1482
  Train Acc: 0.9915, Test Acc: 0.9520
  LR: 0.010000, Grad Norm: 3.0000, Throughput: 361.8 samples/s
accuracy_to_time_metric 0.18008853006367678
epoch 5
  Train Loss: 0.0317, Test Loss: 0.1152
  Train Acc: 0.9905, Test Acc: 0.9600
  LR: 0.010000, Grad Norm: 3.0000, Throughput: 272.5 samples/s
accuracy_to_time_metric 0.18114877578295213
epoch 4
  Train Loss: 0.4991, Test Loss: 0.5673
  Train Acc: 0.8448, Test Acc: 0.8186
  LR: 0.010000, Grad Norm: 3.0000, Throughput: 525.8 samples/s
accuracy_to_time_metric 0.13893638897419003
epoch 7
  Train Loss: 0.5081, Test Loss: 0.5754
  Train Acc: 0.8415, Test Acc: 0.8300
  LR: 0.010000, Grad Norm: 1.9633, Throughput: 519.4 samples/s
accuracy_to_time_metric 0.1365269829624187
epoch 7
  Train Loss: 0.0238, Test Loss: 0.1440
  Train Acc: 0.9939, Test Acc: 0.9544
  LR: 0.010000, Grad Norm: 3.0000, Throughput: 392.8 samples/s
accuracy_to_time_metric 0.1453658577360791
epoch 6
  Train Loss: 0.5048, Test Loss: 0.5529
  Train Acc: 0.8414, Test Acc: 0.8322
  LR: 0.010000, Grad Norm: 3.0000, Throughput: 541.2 samples/s
accuracy_to_time_metric 0.12193791794799519
epoch 8
  Train Loss: 0.5062, Test Loss: 0.6449
  Train Acc: 0.8414, Test Acc: 0.8164
  LR: 0.010000, Grad Norm: 0.3954, Throughput: 516.2 samples/s
accuracy_to_time_metric 0.1151831304680982
epoch 8
  Train Loss: 0.0562, Test Loss: 0.1540
  Train Acc: 0.9870, Test Acc: 0.9604
  LR: 0.010000, Grad Norm: 3.0000, Throughput: 287.0 samples/s
accuracy_to_time_metric 0.1362132843594812
epoch 5
  Train Loss: 0.4980, Test Loss: 0.5780
  Train Acc: 0.8454, Test Acc: 0.8274
  LR: 0.010000, Grad Norm: 3.0000, Throughput: 533.9 samples/s
accuracy_to_time_metric 0.10621196810507719
epoch 9
  Train Loss: 0.0297, Test Loss: 0.1461
  Train Acc: 0.9956, Test Acc: 0.9586
  LR: 0.010000, Grad Norm: 3.0000, Throughput: 386.8 samples/s
accuracy_to_time_metric 0.12192712372368308
epoch 7
  Train Loss: 0.4886, Test Loss: 0.5566
  Train Acc: 0.8454, Test Acc: 0.8268
  LR: 0.010000, Grad Norm: 1.9087, Throughput: 527.5 samples/s
accuracy_to_time_metric 0.10274532860609846
epoch 9
  Train Loss: 0.4936, Test Loss: 0.6293
  Train Acc: 0.8435, Test Acc: 0.8138
  LR: 0.010000, Grad Norm: 3.0000, Throughput: 538.3 samples/s
accuracy_to_time_metric 0.0928760583447299
epoch 10
  Train Loss: 0.0141, Test Loss: 0.1024
  Train Acc: 0.9960, Test Acc: 0.9666
  LR: 0.010000, Grad Norm: 3.0000, Throughput: 287.8 samples/s
accuracy_to_time_metric 0.10996078196129136
epoch 6
  Train Loss: 0.4937, Test Loss: 0.5781
  Train Acc: 0.8453, Test Acc: 0.8286
  LR: 0.010000, Grad Norm: 3.0000, Throughput: 519.4 samples/s
accuracy_to_time_metric 0.09174921837544779
epoch 10
  Train Loss: 0.0079, Test Loss: 0.1338
  Train Acc: 0.9972, Test Acc: 0.9614
  LR: 0.010000, Grad Norm: 0.7867, Throughput: 391.6 samples/s
accuracy_to_time_metric 0.10514874931223198
epoch 8
  Train Loss: 0.4831, Test Loss: 0.4950
  Train Acc: 0.8491, Test Acc: 0.8482
  LR: 0.010000, Grad Norm: 3.0000, Throughput: 539.8 samples/s
accuracy_to_time_metric 0.08781559764181192
Training summary saved to /home/s471802/nn-gpt/out/training_summary.json
  Train Loss: 0.4954, Test Loss: 0.6030
  Train Acc: 0.8465, Test Acc: 0.8242
  LR: 0.010000, Grad Norm: 1.7546, Throughput: 514.6 samples/s
accuracy_to_time_metric 0.0821393519492459
Training summary saved to /home/s471802/nn-gpt/out/training_summary.json
  Train Loss: 0.0064, Test Loss: 0.1342
  Train Acc: 0.9977, Test Acc: 0.9606
  LR: 0.010000, Grad Norm: 3.0000, Throughput: 390.0 samples/s
accuracy_to_time_metric 0.09207299265836547
epoch 9
  Train Loss: 0.0101, Test Loss: 0.0987
  Train Acc: 0.9968, Test Acc: 0.9698
  LR: 0.010000, Grad Norm: 3.0000, Throughput: 285.2 samples/s
accuracy_to_time_metric 0.09194585679678387
epoch 7
  Train Loss: 0.0048, Test Loss: 0.1266
  Train Acc: 0.9984, Test Acc: 0.9594
  LR: 0.010000, Grad Norm: 3.0000, Throughput: 376.6 samples/s
accuracy_to_time_metric 0.08151473986531367
epoch 10
  Train Loss: 0.0077, Test Loss: 0.1041
  Train Acc: 0.9981, Test Acc: 0.9694
  LR: 0.010000, Grad Norm: 3.0000, Throughput: 280.3 samples/s
accuracy_to_time_metric 0.07856347739917993
epoch 8
  Train Loss: 0.0055, Test Loss: 0.1535
  Train Acc: 0.9987, Test Acc: 0.9602
  LR: 0.010000, Grad Norm: 1.0474, Throughput: 389.5 samples/s
accuracy_to_time_metric 0.07352582186409024
Training summary saved to /home/s471802/nn-gpt/out/training_summary.json
  Train Loss: 0.1494, Test Loss: 0.1858
  Train Acc: 0.9959, Test Acc: 0.9674
  LR: 0.010000, Grad Norm: 3.0000, Throughput: 284.9 samples/s
accuracy_to_time_metric 0.06858746772202269
epoch 9
  Train Loss: 0.0125, Test Loss: 0.1132
  Train Acc: 0.9982, Test Acc: 0.9712
  LR: 0.010000, Grad Norm: 3.0000, Throughput: 287.9 samples/s
accuracy_to_time_metric 0.061305992959118254
epoch 10
  Train Loss: 0.0032, Test Loss: 0.1034
  Train Acc: 0.9991, Test Acc: 0.9720
  LR: 0.010000, Grad Norm: 3.0000, Throughput: 284.0 samples/s
accuracy_to_time_metric 0.05520391682985617
Training summary saved to /home/s471802/nn-gpt/out/training_summary.json
[eval_only] 65/300 article_A_cifar10_epoch10-0064 formal_success=True acc=0.972
[eval_only] 66/300 article_A_cifar10_epoch10-0065 formal_success=True acc=0.9602
[eval_only] 67/300 article_A_cifar10_epoch10-0066 formal_success=True acc=0.8242
[eval_only] 68/300 article_A_cifar10_epoch10-0067 formal_success=True acc=0.8482
[Reward Assign] reward_batch_index=0 batch_item=4/4 completion_index=71 worker_slot=3 assigned_gpu=3 physical_gpu=3 worker_device=cuda:0 gpu_name='NVIDIA L40S' gpu_free_gib=43.37 gpu_used_gib=1.02 gpu_total_gib=44.99 timeout_seconds=1920
[Reward Assign] reward_batch_index=0 batch_item=1/4 completion_index=68 worker_slot=0 assigned_gpu=0 physical_gpu=0 worker_device=cuda:0 gpu_name='NVIDIA L40S' gpu_free_gib=43.39 gpu_used_gib=1.00 gpu_total_gib=44.99 timeout_seconds=1920
[Reward Assign] reward_batch_index=0 batch_item=3/4 completion_index=70 worker_slot=2 assigned_gpu=2 physical_gpu=2 worker_device=cuda:0 gpu_name='NVIDIA L40S' gpu_free_gib=43.39 gpu_used_gib=1.00 gpu_total_gib=44.99 timeout_seconds=1920
[Reward Assign] reward_batch_index=0 batch_item=2/4 completion_index=69 worker_slot=1 assigned_gpu=1 physical_gpu=1 worker_device=cuda:0 gpu_name='NVIDIA L40S' gpu_free_gib=43.39 gpu_used_gib=1.00 gpu_total_gib=44.99 timeout_seconds=1920
Evaluating /home/s471802/nn-gpt/out/nn/tmp/4f6c7a23f05a1f282b54490f38623cf9.py...
Evaluating /home/s471802/nn-gpt/out/nn/tmp/2f4d4ef11bd1ad8856485692d14bf97a.py...
Evaluating /home/s471802/nn-gpt/out/nn/tmp/bbceac0a91384308faedace56809a535.py...
Evaluating /home/s471802/nn-gpt/out/nn/tmp/1fc819bf1c88f83538bddf72e63d0e17.py...
epoch 1
epoch 1
epoch 1
epoch 1
  Train Loss: 0.7589, Test Loss: 0.8003
  Train Acc: 0.8193, Test Acc: 0.8312
  LR: 0.010000, Grad Norm: 3.0000, Throughput: 1741.0 samples/s
accuracy_to_time_metric 2.8285530482055483
epoch 2
  Train Loss: 0.6771, Test Loss: 0.8492
  Train Acc: 0.8617, Test Acc: 0.8328
  LR: 0.010000, Grad Norm: 0.0288, Throughput: 1811.7 samples/s
accuracy_to_time_metric 1.4426893093201116
epoch 3
  Train Loss: 0.5491, Test Loss: 0.5023
  Train Acc: 0.8192, Test Acc: 0.8406
  LR: 0.010000, Grad Norm: 2.2040, Throughput: 606.9 samples/s
accuracy_to_time_metric 0.9988317600481426
epoch 2
  Train Loss: 0.6757, Test Loss: 0.8295
  Train Acc: 0.8692, Test Acc: 0.8546
  LR: 0.010000, Grad Norm: 3.0000, Throughput: 1811.8 samples/s
accuracy_to_time_metric 0.9963546931867556
epoch 4
  Train Loss: 0.7538, Test Loss: 0.6346
  Train Acc: 0.8205, Test Acc: 0.8582
  LR: 0.010000, Grad Norm: 3.0000, Throughput: 550.1 samples/s
accuracy_to_time_metric 0.9268575197281469
epoch 2
  Train Loss: 0.6937, Test Loss: 0.9474
  Train Acc: 0.8737, Test Acc: 0.8516
  LR: 0.010000, Grad Norm: 0.7688, Throughput: 1820.0 samples/s
accuracy_to_time_metric 0.7473685982674988
epoch 5
  Train Loss: 1.1936, Test Loss: 0.6083
  Train Acc: 0.5729, Test Acc: 0.7864
  LR: 0.010000, Grad Norm: 3.0000, Throughput: 366.1 samples/s
accuracy_to_time_metric 0.5584675611004638
epoch 2
  Train Loss: 0.6999, Test Loss: 0.7322
  Train Acc: 0.8765, Test Acc: 0.8650
  LR: 0.010000, Grad Norm: 3.0000, Throughput: 1758.6 samples/s
accuracy_to_time_metric 0.605895334964062
epoch 6
  Train Loss: 0.4441, Test Loss: 0.3802
  Train Acc: 0.8624, Test Acc: 0.8848
  LR: 0.010000, Grad Norm: 3.0000, Throughput: 625.9 samples/s
accuracy_to_time_metric 0.5369787970501209
epoch 3
  Train Loss: 0.6665, Test Loss: 0.7150
  Train Acc: 0.8838, Test Acc: 0.8720
  LR: 0.010000, Grad Norm: 3.0000, Throughput: 1787.3 samples/s
accuracy_to_time_metric 0.5094290269777167
epoch 7
  Train Loss: 0.6820, Test Loss: 0.6932
  Train Acc: 0.8602, Test Acc: 0.8614
  LR: 0.010000, Grad Norm: 3.0000, Throughput: 544.4 samples/s
accuracy_to_time_metric 0.46267609335069065
epoch 3
  Train Loss: 0.6580, Test Loss: 0.7551
  Train Acc: 0.8856, Test Acc: 0.8710
  LR: 0.010000, Grad Norm: 0.0029, Throughput: 1785.1 samples/s
accuracy_to_time_metric 0.4359491650639885
epoch 8
  Train Loss: 0.6835, Test Loss: 0.8627
  Train Acc: 0.8864, Test Acc: 0.8602
  LR: 0.010000, Grad Norm: 3.0000, Throughput: 1807.2 samples/s
accuracy_to_time_metric 0.3765962914071685
epoch 9
  Train Loss: 0.4349, Test Loss: 0.5390
  Train Acc: 0.8675, Test Acc: 0.8492
  LR: 0.010000, Grad Norm: 3.0000, Throughput: 596.9 samples/s
accuracy_to_time_metric 0.33802094163816726
epoch 4
  Train Loss: 0.6650, Test Loss: 0.9400
  Train Acc: 0.8883, Test Acc: 0.8698
  LR: 0.010000, Grad Norm: 3.0000, Throughput: 1837.9 samples/s
accuracy_to_time_metric 0.3399431900363666
epoch 10
  Train Loss: 0.6711, Test Loss: 0.9760
  Train Acc: 0.8699, Test Acc: 0.8444
  LR: 0.010000, Grad Norm: 0.0506, Throughput: 548.0 samples/s
accuracy_to_time_metric 0.3016487292327792
epoch 4
  Train Loss: 0.5991, Test Loss: 0.5211
  Train Acc: 0.7951, Test Acc: 0.8222
  LR: 0.010000, Grad Norm: 3.0000, Throughput: 363.0 samples/s
accuracy_to_time_metric 0.29243015246471016
epoch 3
  Train Loss: 0.6576, Test Loss: 0.8030
  Train Acc: 0.8911, Test Acc: 0.8690
  LR: 0.010000, Grad Norm: 3.0000, Throughput: 1829.5 samples/s
accuracy_to_time_metric 0.30618951549073775
Training summary saved to /home/s471802/nn-gpt/out/training_summary.json
  Train Loss: 0.4289, Test Loss: 0.4062
  Train Acc: 0.8700, Test Acc: 0.8788
  LR: 0.010000, Grad Norm: 3.0000, Throughput: 603.9 samples/s
accuracy_to_time_metric 0.2628732630814906
epoch 5
  Train Loss: 0.6924, Test Loss: 0.6264
  Train Acc: 0.8744, Test Acc: 0.8770
  LR: 0.010000, Grad Norm: 0.2701, Throughput: 544.4 samples/s
accuracy_to_time_metric 0.23578167950828266
epoch 5
  Train Loss: 0.5082, Test Loss: 0.4217
  Train Acc: 0.8274, Test Acc: 0.8564
  LR: 0.010000, Grad Norm: 3.0000, Throughput: 366.3 samples/s
accuracy_to_time_metric 0.204211915392719
epoch 4
  Train Loss: 0.4170, Test Loss: 0.5759
  Train Acc: 0.8745, Test Acc: 0.8334
  LR: 0.010000, Grad Norm: 3.0000, Throughput: 598.0 samples/s
accuracy_to_time_metric 0.19735462018766095
epoch 6
  Train Loss: 0.6856, Test Loss: 0.7775
  Train Acc: 0.8784, Test Acc: 0.8692
  LR: 0.010000, Grad Norm: 3.0000, Throughput: 556.6 samples/s
accuracy_to_time_metric 0.1873848516030792
epoch 6
  Train Loss: 0.4140, Test Loss: 0.4319
  Train Acc: 0.8747, Test Acc: 0.8814
  LR: 0.010000, Grad Norm: 3.0000, Throughput: 607.9 samples/s
accuracy_to_time_metric 0.1753050753159465
epoch 7
  Train Loss: 0.6613, Test Loss: 0.6595
  Train Acc: 0.8834, Test Acc: 0.8820
  LR: 0.010000, Grad Norm: 3.0000, Throughput: 548.6 samples/s
accuracy_to_time_metric 0.15874322816266268
epoch 7
  Train Loss: 0.4552, Test Loss: 0.4192
  Train Acc: 0.8460, Test Acc: 0.8592
  LR: 0.010000, Grad Norm: 3.0000, Throughput: 366.0 samples/s
accuracy_to_time_metric 0.15385213590514837
epoch 5
  Train Loss: 0.4056, Test Loss: 0.4820
  Train Acc: 0.8788, Test Acc: 0.8608
  LR: 0.010000, Grad Norm: 3.0000, Throughput: 604.5 samples/s
accuracy_to_time_metric 0.14622891930460108
epoch 8
  Train Loss: 0.6683, Test Loss: 0.6203
  Train Acc: 0.8840, Test Acc: 0.8840
  LR: 0.010000, Grad Norm: 3.0000, Throughput: 546.2 samples/s
accuracy_to_time_metric 0.13632348908874925
epoch 8
  Train Loss: 0.4131, Test Loss: 0.4531
  Train Acc: 0.8775, Test Acc: 0.8604
  LR: 0.010000, Grad Norm: 3.0000, Throughput: 593.1 samples/s
accuracy_to_time_metric 0.12752912438870967
epoch 9
  Train Loss: 0.4306, Test Loss: 0.3999
  Train Acc: 0.8538, Test Acc: 0.8648
  LR: 0.010000, Grad Norm: 3.0000, Throughput: 361.0 samples/s
accuracy_to_time_metric 0.12371330445579895
epoch 6
  Train Loss: 0.6452, Test Loss: 0.6497
  Train Acc: 0.8866, Test Acc: 0.8876
  LR: 0.010000, Grad Norm: 3.0000, Throughput: 546.5 samples/s
accuracy_to_time_metric 0.11977824908859296
epoch 9
  Train Loss: 0.4091, Test Loss: 0.4937
  Train Acc: 0.8787, Test Acc: 0.8650
  LR: 0.010000, Grad Norm: 3.0000, Throughput: 599.5 samples/s
accuracy_to_time_metric 0.11393686080410309
epoch 10
  Train Loss: 0.6416, Test Loss: 0.7284
  Train Acc: 0.8895, Test Acc: 0.8736
  LR: 0.010000, Grad Norm: 3.0000, Throughput: 556.4 samples/s
accuracy_to_time_metric 0.10474849259616076
epoch 10
  Train Loss: 0.4082, Test Loss: 0.4152
  Train Acc: 0.8622, Test Acc: 0.8602
  LR: 0.010000, Grad Norm: 2.5796, Throughput: 371.3 samples/s
accuracy_to_time_metric 0.1028007330047779
epoch 7
  Train Loss: 0.4000, Test Loss: 0.4887
  Train Acc: 0.8821, Test Acc: 0.8730
  LR: 0.010000, Grad Norm: 1.5874, Throughput: 605.3 samples/s
accuracy_to_time_metric 0.10363696898181303
Training summary saved to /home/s471802/nn-gpt/out/training_summary.json
  Train Loss: 0.6461, Test Loss: 0.8290
  Train Acc: 0.8902, Test Acc: 0.8724
  LR: 0.010000, Grad Norm: 3.0000, Throughput: 551.2 samples/s
accuracy_to_time_metric 0.0941639703702319
Training summary saved to /home/s471802/nn-gpt/out/training_summary.json
  Train Loss: 0.3971, Test Loss: 0.3934
  Train Acc: 0.8650, Test Acc: 0.8696
  LR: 0.010000, Grad Norm: 3.0000, Throughput: 368.3 samples/s
accuracy_to_time_metric 0.08930343217018405
epoch 8
  Train Loss: 0.3936, Test Loss: 0.4062
  Train Acc: 0.8664, Test Acc: 0.8632
  LR: 0.010000, Grad Norm: 3.0000, Throughput: 372.5 samples/s
accuracy_to_time_metric 0.0776650250269199
epoch 9
  Train Loss: 0.3849, Test Loss: 0.3678
  Train Acc: 0.8678, Test Acc: 0.8776
  LR: 0.010000, Grad Norm: 3.0000, Throughput: 369.7 samples/s
accuracy_to_time_metric 0.07040173425578058
epoch 10
  Train Loss: 0.3848, Test Loss: 0.4036
  Train Acc: 0.8685, Test Acc: 0.8638
  LR: 0.010000, Grad Norm: 3.0000, Throughput: 368.0 samples/s
accuracy_to_time_metric 0.06225407199142486
Training summary saved to /home/s471802/nn-gpt/out/training_summary.json
[eval_only] 69/300 article_A_cifar10_epoch10-0068 formal_success=True acc=0.8724
[eval_only] 70/300 article_A_cifar10_epoch10-0069 formal_success=True acc=0.869
[eval_only] 71/300 article_A_cifar10_epoch10-0070 formal_success=True acc=0.873
[eval_only] 72/300 article_A_cifar10_epoch10-0071 formal_success=True acc=0.8638
[Reward Assign] reward_batch_index=0 batch_item=2/4 completion_index=73 worker_slot=1 assigned_gpu=1 physical_gpu=1 worker_device=cuda:0 gpu_name='NVIDIA L40S' gpu_free_gib=43.39 gpu_used_gib=1.00 gpu_total_gib=44.99 timeout_seconds=1920
[Reward Assign] reward_batch_index=0 batch_item=1/4 completion_index=72 worker_slot=0 assigned_gpu=0 physical_gpu=0 worker_device=cuda:0 gpu_name='NVIDIA L40S' gpu_free_gib=43.39 gpu_used_gib=1.00 gpu_total_gib=44.99 timeout_seconds=1920
[Reward Assign] reward_batch_index=0 batch_item=3/4 completion_index=74 worker_slot=2 assigned_gpu=2 physical_gpu=2 worker_device=cuda:0 gpu_name='NVIDIA L40S' gpu_free_gib=43.39 gpu_used_gib=1.00 gpu_total_gib=44.99 timeout_seconds=1920
[Reward Assign] reward_batch_index=0 batch_item=4/4 completion_index=75 worker_slot=3 assigned_gpu=3 physical_gpu=3 worker_device=cuda:0 gpu_name='NVIDIA L40S' gpu_free_gib=43.37 gpu_used_gib=1.02 gpu_total_gib=44.99 timeout_seconds=1920
Evaluating /home/s471802/nn-gpt/out/nn/tmp/d2655852158181a696dc0a50c994d491.py...
Evaluating /home/s471802/nn-gpt/out/nn/tmp/b6f32e04a57c2fb8c913c66d02da8781.py...
Evaluating /home/s471802/nn-gpt/out/nn/tmp/feec67268a9da9572cbde611a10ff3e5.py...
Evaluating /home/s471802/nn-gpt/out/nn/tmp/5c57df5417678e3c13092e60be70fdd0.py...
epoch 1
epoch 1
epoch 1
epoch 1
  Train Loss: 0.6914, Test Loss: 0.5378
  Train Acc: 0.7659, Test Acc: 0.8188
  LR: 0.010000, Grad Norm: 3.0000, Throughput: 450.4 samples/s
accuracy_to_time_metric 0.7193686583778827
epoch 2
  Train Loss: 0.4321, Test Loss: 0.3608
  Train Acc: 0.8566, Test Acc: 0.8760
  LR: 0.010000, Grad Norm: 3.0000, Throughput: 451.9 samples/s
accuracy_to_time_metric 0.7791668021432485
epoch 2
  Train Loss: 0.3907, Test Loss: 0.3761
  Train Acc: 0.8780, Test Acc: 0.8878
  LR: 0.010000, Grad Norm: 3.0000, Throughput: 339.3 samples/s
accuracy_to_time_metric 0.5940578215206117
epoch 2
  Train Loss: 0.5494, Test Loss: 0.4598
  Train Acc: 0.8201, Test Acc: 0.8456
  LR: 0.010000, Grad Norm: 3.0000, Throughput: 717.9 samples/s
accuracy_to_time_metric 0.4562136025982274
epoch 3
  Train Loss: 0.3624, Test Loss: 0.3682
  Train Acc: 0.8805, Test Acc: 0.8790
  LR: 0.010000, Grad Norm: 3.0000, Throughput: 734.1 samples/s
accuracy_to_time_metric 0.4838534529682401
epoch 3
  Train Loss: 0.3360, Test Loss: 0.3698
  Train Acc: 0.8876, Test Acc: 0.8754
  LR: 0.010000, Grad Norm: 3.0000, Throughput: 744.3 samples/s
accuracy_to_time_metric 0.34997433116856247
epoch 4
  Train Loss: 0.5256, Test Loss: 0.4644
  Train Acc: 0.8310, Test Acc: 0.8480
  LR: 0.010000, Grad Norm: 3.0000, Throughput: 727.9 samples/s
accuracy_to_time_metric 0.33191679085792963
epoch 4
  Train Loss: 0.3171, Test Loss: 0.3577
  Train Acc: 0.9002, Test Acc: 0.8934
  LR: 0.010000, Grad Norm: 2.4195, Throughput: 472.2 samples/s
accuracy_to_time_metric 0.3479598984052896
epoch 3
  Train Loss: 0.3353, Test Loss: 0.3768
  Train Acc: 0.8881, Test Acc: 0.8764
  LR: 0.010000, Grad Norm: 3.0000, Throughput: 666.2 samples/s
accuracy_to_time_metric 0.2684580863835396
epoch 5
  Train Loss: 0.5294, Test Loss: 0.5070
  Train Acc: 0.8316, Test Acc: 0.8328  Train Loss: 0.5271, Test Loss: 0.4647
  LR: 0.010000, Grad Norm: 3.0000, Throughput: 650.9 samples/s

accuracy_to_time_metric 0.24875064276819853
  Train Acc: 0.8290, Test Acc: 0.8460
  LR: 0.010000, Grad Norm: 3.0000, Throughput: 155.4 samples/s
accuracy_to_time_metric 0.2575546045753864
epoch 5
epoch 2
  Train Loss: 0.2953, Test Loss: 0.4757
  Train Acc: 0.9057, Test Acc: 0.8700
  LR: 0.010000, Grad Norm: 2.6700, Throughput: 432.5 samples/s
accuracy_to_time_metric 0.23181969809014882
epoch 4
  Train Loss: 0.3251, Test Loss: 0.3684
  Train Acc: 0.8921, Test Acc: 0.8788
  LR: 0.010000, Grad Norm: 0.8236, Throughput: 702.4 samples/s
accuracy_to_time_metric 0.22038763494701627
epoch 6
  Train Loss: 0.5058, Test Loss: 0.5001
  Train Acc: 0.8415, Test Acc: 0.8428
  LR: 0.010000, Grad Norm: 3.0000, Throughput: 690.9 samples/s
accuracy_to_time_metric 0.20625470990075137
epoch 6
  Train Loss: 0.3216, Test Loss: 0.3817
  Train Acc: 0.8936, Test Acc: 0.8760
  LR: 0.010000, Grad Norm: 3.0000, Throughput: 738.2 samples/s
accuracy_to_time_metric 0.1872427856750543
epoch 7
  Train Loss: 0.4898, Test Loss: 0.6778
  Train Acc: 0.8442, Test Acc: 0.8160
  LR: 0.010000, Grad Norm: 3.0000, Throughput: 717.1 samples/s
accuracy_to_time_metric 0.16927168597172892
epoch 7
  Train Loss: 0.2775, Test Loss: 0.3608
  Train Acc: 0.9105, Test Acc: 0.8942
  LR: 0.010000, Grad Norm: 3.0000, Throughput: 468.0 samples/s
accuracy_to_time_metric 0.18538618022620787
epoch 5
  Train Loss: 0.3187, Test Loss: 0.3678
  Train Acc: 0.8932, Test Acc: 0.8836
  LR: 0.010000, Grad Norm: 3.0000, Throughput: 732.9 samples/s
accuracy_to_time_metric 0.1646421791165332
epoch 8
  Train Loss: 0.4845, Test Loss: 0.4734
  Train Acc: 0.8489, Test Acc: 0.8542
  LR: 0.010000, Grad Norm: 3.0000, Throughput: 712.2 samples/s
accuracy_to_time_metric 0.15509717191922265
epoch 8
  Train Loss: 0.2723, Test Loss: 0.3641
  Train Acc: 0.9139, Test Acc: 0.8942
  LR: 0.010000, Grad Norm: 1.8408, Throughput: 461.2 samples/s
accuracy_to_time_metric 0.15096526831073812
epoch 6
  Train Loss: 0.3177, Test Loss: 0.3730
  Train Acc: 0.8931, Test Acc: 0.8814
  LR: 0.010000, Grad Norm: 3.0000, Throughput: 732.2 samples/s
accuracy_to_time_metric 0.1453753716694398
epoch 9
  Train Loss: 0.4782, Test Loss: 0.5893
  Train Acc: 0.8493, Test Acc: 0.8282
  LR: 0.010000, Grad Norm: 0.6633, Throughput: 717.1 samples/s
accuracy_to_time_metric 0.13260940018159964
epoch 9
  Train Loss: 0.4497, Test Loss: 0.4358
  Train Acc: 0.8542, Test Acc: 0.8630
  LR: 0.010000, Grad Norm: 2.7538, Throughput: 173.4 samples/s
accuracy_to_time_metric 0.13885360965776236
epoch 3
  Train Loss: 0.3142, Test Loss: 0.3620
  Train Acc: 0.8949, Test Acc: 0.8764
  LR: 0.010000, Grad Norm: 0.6635, Throughput: 737.6 samples/s
accuracy_to_time_metric 0.12969909639580676
epoch 10
  Train Loss: 0.4855, Test Loss: 0.4563
  Train Acc: 0.8478, Test Acc: 0.8610
  LR: 0.010000, Grad Norm: 3.0000, Throughput: 717.9 samples/s
accuracy_to_time_metric 0.12436398204024492
epoch 10
  Train Loss: 0.2671, Test Loss: 0.3579
  Train Acc: 0.9141, Test Acc: 0.8930
  LR: 0.010000, Grad Norm: 3.0000, Throughput: 472.1 samples/s
accuracy_to_time_metric 0.1275955877126642
epoch 7
  Train Loss: 0.3063, Test Loss: 0.3608
  Train Acc: 0.8972, Test Acc: 0.8786
  LR: 0.010000, Grad Norm: 0.1928, Throughput: 740.4 samples/s
accuracy_to_time_metric 0.11806025652676001
Training summary saved to /home/s471802/nn-gpt/out/training_summary.json
  Train Loss: 0.4620, Test Loss: 0.4717
  Train Acc: 0.8554, Test Acc: 0.8520
  LR: 0.010000, Grad Norm: 3.0000, Throughput: 720.9 samples/s
accuracy_to_time_metric 0.1114995904005959
Training summary saved to /home/s471802/nn-gpt/out/training_summary.json
  Train Loss: 0.2622, Test Loss: 0.3829
  Train Acc: 0.9169, Test Acc: 0.8924
  LR: 0.010000, Grad Norm: 0.6497, Throughput: 469.3 samples/s
accuracy_to_time_metric 0.11044291889156009
epoch 8
  Train Loss: 0.4256, Test Loss: 0.4413
  Train Acc: 0.8613, Test Acc: 0.8570
  LR: 0.010000, Grad Norm: 3.0000, Throughput: 174.6 samples/s
accuracy_to_time_metric 0.09376229576997622
epoch 4
  Train Loss: 0.2613, Test Loss: 0.3884
  Train Acc: 0.9159, Test Acc: 0.8926
  LR: 0.010000, Grad Norm: 3.0000, Throughput: 475.6 samples/s
accuracy_to_time_metric 0.09758805906571544
epoch 9
  Train Loss: 0.2551, Test Loss: 0.3949
  Train Acc: 0.9184, Test Acc: 0.8842
  LR: 0.010000, Grad Norm: 0.1603, Throughput: 475.3 samples/s
accuracy_to_time_metric 0.08646359709274386
epoch 10
  Train Loss: 0.2502, Test Loss: 0.3949
  Train Acc: 0.9190, Test Acc: 0.8886
  LR: 0.010000, Grad Norm: 0.3546, Throughput: 440.0 samples/s
accuracy_to_time_metric 0.07812976864963385
Training summary saved to /home/s471802/nn-gpt/out/training_summary.json
  Train Loss: 0.4280, Test Loss: 0.4135
  Train Acc: 0.8630, Test Acc: 0.8608
  LR: 0.010000, Grad Norm: 0.8406, Throughput: 170.9 samples/s
accuracy_to_time_metric 0.07105116544361914
epoch 5
  Train Loss: 0.4249, Test Loss: 0.4615
  Train Acc: 0.8627, Test Acc: 0.8560
  LR: 0.010000, Grad Norm: 2.6113, Throughput: 174.1 samples/s
accuracy_to_time_metric 0.056867063901400304
epoch 6
  Train Loss: 0.4164, Test Loss: 0.5374
  Train Acc: 0.8654, Test Acc: 0.8434
  LR: 0.010000, Grad Norm: 1.4949, Throughput: 174.7 samples/s
accuracy_to_time_metric 0.046839230778134136
epoch 7
  Train Loss: 0.4146, Test Loss: 0.4507
  Train Acc: 0.8658, Test Acc: 0.8560
  LR: 0.010000, Grad Norm: 1.0746, Throughput: 170.2 samples/s
accuracy_to_time_metric 0.0408278323965073
epoch 8
[Reward Assign] error reward_batch_index=0 batch_item=1/4 completion_index=72 worker_slot=0 assigned_gpu=0 physical_gpu=0 worker_device=cuda:0 elapsed_seconds=1920.10 error=PersistentEvalWorkerError: Persistent eval worker timed out after 1920 seconds
[Reward Worker] Ready slot=0 pid=214070, assigned_gpu=0, assigned_cuda_visible_device='0', worker_device=cuda:0, cuda_visible_devices='0', cuda_available=True, cuda_device_count=1, rss_gib=0.53, torch_home='', physical_gpu_index=0, physical_gpu_bus_id='00000000:81:00.0', physical_gpu_uuid='GPU-56ae1379-df29-f643-787e-6acaac86f64a', physical_binding_verified=True
[eval_only] 73/300 article_A_cifar10_epoch10-0072 formal_success=False acc=None
[eval_only] 74/300 article_A_cifar10_epoch10-0073 formal_success=True acc=0.852
[eval_only] 75/300 article_A_cifar10_epoch10-0074 formal_success=True acc=0.8786
[eval_only] 76/300 article_A_cifar10_epoch10-0075 formal_success=True acc=0.8886
[Reward Assign] reward_batch_index=0 batch_item=3/4 completion_index=78 worker_slot=2 assigned_gpu=2 physical_gpu=2 worker_device=cuda:0 gpu_name='NVIDIA L40S' gpu_free_gib=43.39 gpu_used_gib=1.00 gpu_total_gib=44.99 timeout_seconds=1920
[Reward Assign] reward_batch_index=0 batch_item=4/4 completion_index=79 worker_slot=3 assigned_gpu=3 physical_gpu=3 worker_device=cuda:0 gpu_name='NVIDIA L40S' gpu_free_gib=43.37 gpu_used_gib=1.02 gpu_total_gib=44.99 timeout_seconds=1920
[Reward Assign] reward_batch_index=0 batch_item=1/4 completion_index=76 worker_slot=0 assigned_gpu=0 physical_gpu=0 worker_device=cuda:0 gpu_name='NVIDIA L40S' gpu_free_gib=43.55 gpu_used_gib=0.85 gpu_total_gib=44.99 timeout_seconds=1920
[Reward Assign] reward_batch_index=0 batch_item=2/4 completion_index=77 worker_slot=1 assigned_gpu=1 physical_gpu=1 worker_device=cuda:0 gpu_name='NVIDIA L40S' gpu_free_gib=43.39 gpu_used_gib=1.00 gpu_total_gib=44.99 timeout_seconds=1920
LEMUR root /home/s471802/nn-gpt
Evaluating /home/s471802/nn-gpt/out/nn/tmp/2e5e17839d33778851133fe973d65bc4.py...
Evaluating /home/s471802/nn-gpt/out/nn/tmp/548a39e5fa082c7ffd9c4eda8791725f.py...
Evaluating /home/s471802/nn-gpt/out/nn/tmp/3cb643290b4a079bae6484d11b681b21.py...
Evaluating /home/s471802/nn-gpt/out/nn/tmp/0085e373b3fcc4d55deda4f085e1d0ca.py...
epoch 1
epoch 1
epoch 1
epoch 1
  Train Loss: 0.6598, Test Loss: 0.6097
  Train Acc: 0.8528, Test Acc: 0.8800
  LR: 0.010000, Grad Norm: 0.0508, Throughput: 789.6 samples/s
accuracy_to_time_metric 1.368526443405198
epoch 2
  Train Loss: 0.3532, Test Loss: 0.3585
  Train Acc: 0.8956, Test Acc: 0.9058
  LR: 0.010000, Grad Norm: 3.0000, Throughput: 646.9 samples/s
accuracy_to_time_metric 1.1583714978899788
epoch 2
  Train Loss: 0.1733, Test Loss: 0.2290
  Train Acc: 0.9404, Test Acc: 0.9192
  LR: 0.010000, Grad Norm: 3.0000, Throughput: 451.6 samples/s
accuracy_to_time_metric 0.8220210161621789
epoch 2
  Train Loss: 0.6077, Test Loss: 0.7297
  Train Acc: 0.8875, Test Acc: 0.8800
  LR: 0.010000, Grad Norm: 0.9872, Throughput: 811.0 samples/s
accuracy_to_time_metric 0.6928186022378374
epoch 3
  Train Loss: 0.1087, Test Loss: 0.1477
  Train Acc: 0.9657, Test Acc: 0.9506
  LR: 0.010000, Grad Norm: 3.0000, Throughput: 361.1 samples/s
accuracy_to_time_metric 0.6826284031099913
epoch 2
  Train Loss: 0.2485, Test Loss: 0.3978
  Train Acc: 0.9245, Test Acc: 0.8982
  LR: 0.010000, Grad Norm: 2.5718, Throughput: 660.8 samples/s
accuracy_to_time_metric 0.579384038844607
epoch 3
  Train Loss: 0.5740, Test Loss: 0.6351
  Train Acc: 0.8956, Test Acc: 0.8932
  LR: 0.010000, Grad Norm: 0.3412, Throughput: 771.6 samples/s
accuracy_to_time_metric 0.4638478138071324
epoch 4
  Train Loss: 0.0901, Test Loss: 0.1803
  Train Acc: 0.9688, Test Acc: 0.9378
  LR: 0.010000, Grad Norm: 3.0000, Throughput: 455.0 samples/s
accuracy_to_time_metric 0.42173162950646476
epoch 3
  Train Loss: 0.2049, Test Loss: 0.3359
  Train Acc: 0.9356, Test Acc: 0.9062
  LR: 0.010000, Grad Norm: 2.7374, Throughput: 647.7 samples/s
accuracy_to_time_metric 0.38882735998826007
epoch 4
  Train Loss: 0.5765, Test Loss: 0.6218
  Train Acc: 0.8993, Test Acc: 0.8964
  LR: 0.010000, Grad Norm: 3.0000, Throughput: 779.1 samples/s
accuracy_to_time_metric 0.34797919139481187
epoch 5
  Train Loss: 0.0615, Test Loss: 0.1347
  Train Acc: 0.9802, Test Acc: 0.9566
  LR: 0.010000, Grad Norm: 3.0000, Throughput: 370.4 samples/s
accuracy_to_time_metric 0.3479228618250375
epoch 3
  Train Loss: 0.1820, Test Loss: 0.3222
  Train Acc: 0.9417, Test Acc: 0.9094
  LR: 0.010000, Grad Norm: 3.0000, Throughput: 626.8 samples/s
accuracy_to_time_metric 0.28986241546434277
epoch 5
  Train Loss: 0.5769, Test Loss: 0.6741
  Train Acc: 0.9046, Test Acc: 0.8956
  LR: 0.010000, Grad Norm: 3.0000, Throughput: 784.4 samples/s
accuracy_to_time_metric 0.27785591208337423
epoch 6
  Train Loss: 0.0679, Test Loss: 0.2013
  Train Acc: 0.9780, Test Acc: 0.9434
  LR: 0.010000, Grad Norm: 3.0000, Throughput: 457.1 samples/s
accuracy_to_time_metric 0.2837672621302287
epoch 4
  Train Loss: 0.5850, Test Loss: 0.8398
  Train Acc: 0.9072, Test Acc: 0.8884
  LR: 0.010000, Grad Norm: 0.0117, Throughput: 778.7 samples/s
accuracy_to_time_metric 0.2290345977646926
epoch 7
  Train Loss: 0.1667, Test Loss: 0.2907
  Train Acc: 0.9472, Test Acc: 0.9186
  LR: 0.010000, Grad Norm: 3.0000, Throughput: 642.7 samples/s
accuracy_to_time_metric 0.23432033286091786
epoch 6
  Train Loss: 0.0376, Test Loss: 0.1214
  Train Acc: 0.9879, Test Acc: 0.9626
  LR: 0.010000, Grad Norm: 1.1119, Throughput: 368.3 samples/s
accuracy_to_time_metric 0.2340911837792095
epoch 4
  Train Loss: 0.0533, Test Loss: 0.1891
  Train Acc: 0.9820, Test Acc: 0.9418
  LR: 0.010000, Grad Norm: 3.0000, Throughput: 468.9 samples/s
accuracy_to_time_metric 0.2140426266070045
epoch 5
  Train Loss: 0.5732, Test Loss: 0.7434
  Train Acc: 0.9084, Test Acc: 0.8952
  LR: 0.010000, Grad Norm: 0.2090, Throughput: 789.4 samples/s
accuracy_to_time_metric 0.19813695770791917
epoch 8
  Train Loss: 0.1471, Test Loss: 0.3261
  Train Acc: 0.9514, Test Acc: 0.9144
  LR: 0.010000, Grad Norm: 3.0000, Throughput: 644.6 samples/s
accuracy_to_time_metric 0.1942475732928683
epoch 7
  Train Loss: 0.5566, Test Loss: 1.0018
  Train Acc: 0.9116, Test Acc: 0.8770
  LR: 0.010000, Grad Norm: 3.0000, Throughput: 784.8 samples/s
accuracy_to_time_metric 0.16936117935450667
epoch 9
  Train Loss: 0.1359, Test Loss: 0.3106
  Train Acc: 0.9543, Test Acc: 0.9162
  LR: 0.010000, Grad Norm: 3.0000, Throughput: 655.5 samples/s
accuracy_to_time_metric 0.16725161865559832
epoch 8
  Train Loss: 0.0525, Test Loss: 0.2034
  Train Acc: 0.9823, Test Acc: 0.9406
  LR: 0.010000, Grad Norm: 3.0000, Throughput: 470.8 samples/s
accuracy_to_time_metric 0.171909799031038
epoch 6
  Train Loss: 0.0598, Test Loss: 0.1420
  Train Acc: 0.9906, Test Acc: 0.9628
  LR: 0.010000, Grad Norm: 2.5773, Throughput: 368.9 samples/s
accuracy_to_time_metric 0.17587871720725787
epoch 5
  Train Loss: 0.5578, Test Loss: 0.8178
  Train Acc: 0.9123, Test Acc: 0.8960
  LR: 0.010000, Grad Norm: 3.0000, Throughput: 795.4 samples/s
accuracy_to_time_metric 0.15442512817737694
epoch 10
  Train Loss: 0.1224, Test Loss: 0.3349
  Train Acc: 0.9590, Test Acc: 0.9150
  LR: 0.010000, Grad Norm: 3.0000, Throughput: 658.6 samples/s
accuracy_to_time_metric 0.1464677927026233
epoch 9
  Train Loss: 0.5306, Test Loss: 0.7823
  Train Acc: 0.9158, Test Acc: 0.9012
  LR: 0.010000, Grad Norm: 0.0163, Throughput: 802.3 samples/s
accuracy_to_time_metric 0.14015507063792648
Training summary saved to /home/s471802/nn-gpt/out/training_summary.json
  Train Loss: 0.0356, Test Loss: 0.1826
  Train Acc: 0.9878, Test Acc: 0.9456
  LR: 0.010000, Grad Norm: 3.0000, Throughput: 467.5 samples/s
accuracy_to_time_metric 0.14446256602973034
epoch 7
  Train Loss: 0.0453, Test Loss: 0.1463
  Train Acc: 0.9935, Test Acc: 0.9676
  LR: 0.010000, Grad Norm: 3.0000, Throughput: 374.6 samples/s
accuracy_to_time_metric 0.14204312100192162
epoch 6
  Train Loss: 0.1316, Test Loss: 0.3192
  Train Acc: 0.9567, Test Acc: 0.9178
  LR: 0.010000, Grad Norm: 0.0106, Throughput: 651.2 samples/s
accuracy_to_time_metric 0.1307143800732887
epoch 10
  Train Loss: 0.0263, Test Loss: 0.2170
  Train Acc: 0.9906, Test Acc: 0.9466
  LR: 0.010000, Grad Norm: 2.0304, Throughput: 473.7 samples/s
accuracy_to_time_metric 0.12441752723826743
epoch 8
  Train Loss: 0.1129, Test Loss: 0.3369
  Train Acc: 0.9620, Test Acc: 0.9158
  LR: 0.010000, Grad Norm: 3.0000, Throughput: 650.4 samples/s
accuracy_to_time_metric 0.11739343049132556
Training summary saved to /home/s471802/nn-gpt/out/training_summary.json
  Train Loss: 0.0206, Test Loss: 0.1234
  Train Acc: 0.9958, Test Acc: 0.9642
  LR: 0.010000, Grad Norm: 0.1749, Throughput: 371.8 samples/s
accuracy_to_time_metric 0.1180721361557959
epoch 7
  Train Loss: 0.0207, Test Loss: 0.1831
  Train Acc: 0.9932, Test Acc: 0.9486
  LR: 0.010000, Grad Norm: 0.4542, Throughput: 481.1 samples/s
accuracy_to_time_metric 0.10962579878722634
epoch 9
  Train Loss: 0.0062, Test Loss: 0.1161
  Train Acc: 0.9977, Test Acc: 0.9694
  LR: 0.010000, Grad Norm: 3.0000, Throughput: 376.3 samples/s
accuracy_to_time_metric 0.10208700341706772
epoch 8
  Train Loss: 0.0171, Test Loss: 0.2010
  Train Acc: 0.9941, Test Acc: 0.9500
  LR: 0.010000, Grad Norm: 3.0000, Throughput: 462.9 samples/s
accuracy_to_time_metric 0.09754436243770043
epoch 10
  Train Loss: 0.0254, Test Loss: 0.2503
  Train Acc: 0.9919, Test Acc: 0.9482
  LR: 0.010000, Grad Norm: 0.1074, Throughput: 468.1 samples/s
accuracy_to_time_metric 0.08765792207681106
Training summary saved to /home/s471802/nn-gpt/out/training_summary.json
  Train Loss: 0.0042, Test Loss: 0.1128
  Train Acc: 0.9989, Test Acc: 0.9684
  LR: 0.010000, Grad Norm: 3.0000, Throughput: 370.4 samples/s
accuracy_to_time_metric 0.08922901615980634
epoch 9
  Train Loss: 0.0035, Test Loss: 0.1106
  Train Acc: 0.9990, Test Acc: 0.9696
  LR: 0.010000, Grad Norm: 3.0000, Throughput: 374.7 samples/s
accuracy_to_time_metric 0.07952939720019028
epoch 10
  Train Loss: 0.0031, Test Loss: 0.1108
  Train Acc: 0.9990, Test Acc: 0.9678
  LR: 0.010000, Grad Norm: 2.3158, Throughput: 368.8 samples/s
accuracy_to_time_metric 0.07139083164128074
Training summary saved to /home/s471802/nn-gpt/out/training_summary.json
[eval_only] 77/300 article_A_cifar10_epoch10-0076 formal_success=True acc=0.9482
[eval_only] 78/300 article_A_cifar10_epoch10-0077 formal_success=True acc=0.9012
[eval_only] 79/300 article_A_cifar10_epoch10-0078 formal_success=True acc=0.9678
[eval_only] 80/300 article_A_cifar10_epoch10-0079 formal_success=True acc=0.9158
[Reward Assign] reward_batch_index=0 batch_item=1/4 completion_index=80 worker_slot=0 assigned_gpu=0 physical_gpu=0 worker_device=cuda:0 gpu_name='NVIDIA L40S' gpu_free_gib=43.39 gpu_used_gib=1.00 gpu_total_gib=44.99 timeout_seconds=1920
[Reward Assign] reward_batch_index=0 batch_item=3/4 completion_index=82 worker_slot=2 assigned_gpu=2 physical_gpu=2 worker_device=cuda:0 gpu_name='NVIDIA L40S' gpu_free_gib=43.39 gpu_used_gib=1.00 gpu_total_gib=44.99 timeout_seconds=1920
[Reward Assign] reward_batch_index=0 batch_item=2/4 completion_index=81 worker_slot=1 assigned_gpu=1 physical_gpu=1 worker_device=cuda:0 gpu_name='NVIDIA L40S' gpu_free_gib=43.39 gpu_used_gib=1.00 gpu_total_gib=44.99 timeout_seconds=1920
[Reward Assign] reward_batch_index=0 batch_item=4/4 completion_index=83 worker_slot=3 assigned_gpu=3 physical_gpu=3 worker_device=cuda:0 gpu_name='NVIDIA L40S' gpu_free_gib=43.37 gpu_used_gib=1.02 gpu_total_gib=44.99 timeout_seconds=1920
Evaluating /home/s471802/nn-gpt/out/nn/tmp/b1d8d305fa13cb316b7f93cca72dfe83.py...
Evaluating /home/s471802/nn-gpt/out/nn/tmp/f485a2a2fc13937550121ce7514f87ab.py...
Evaluating /home/s471802/nn-gpt/out/nn/tmp/07933a18c30222775df4b13a5a97e4f3.py...
Evaluating /home/s471802/nn-gpt/out/nn/tmp/bd106abc516c4580f76bb1baeedf4e73.py...
epoch 1
epoch 1
epoch 1
epoch 1
  Train Loss: 0.6369, Test Loss: 0.6298
  Train Acc: 0.8509, Test Acc: 0.8758
  LR: 0.010000, Grad Norm: 3.0000, Throughput: 809.1 samples/s
accuracy_to_time_metric 1.394818678142219
epoch 2
  Train Loss: 0.6603, Test Loss: 0.6207
  Train Acc: 0.8497, Test Acc: 0.8716
  LR: 0.010000, Grad Norm: 3.0000, Throughput: 776.6 samples/s
accuracy_to_time_metric 1.331522185352392
epoch 2
  Train Loss: 0.3480, Test Loss: 0.2982
  Train Acc: 0.8949, Test Acc: 0.9098
  LR: 0.010000, Grad Norm: 3.0000, Throughput: 655.2 samples/s
accuracy_to_time_metric 1.1790040317664616
epoch 2
  Train Loss: 0.5298, Test Loss: 0.5420
  Train Acc: 0.8397, Test Acc: 0.8442
  LR: 0.010000, Grad Norm: 0.5213, Throughput: 457.0 samples/s
accuracy_to_time_metric 0.7556715867269554
epoch 2
  Train Loss: 0.6280, Test Loss: 0.6446
  Train Acc: 0.8852, Test Acc: 0.8840
  LR: 0.010000, Grad Norm: 0.3116, Throughput: 806.6 samples/s
accuracy_to_time_metric 0.7030729226182344
epoch 3
  Train Loss: 0.5964, Test Loss: 0.6462
  Train Acc: 0.8872, Test Acc: 0.8894
  LR: 0.010000, Grad Norm: 0.6156, Throughput: 804.4 samples/s
accuracy_to_time_metric 0.6924799021487602
epoch 3
  Train Loss: 0.2420, Test Loss: 0.3224
  Train Acc: 0.9258, Test Acc: 0.9086
  LR: 0.010000, Grad Norm: 2.0952, Throughput: 655.7 samples/s
accuracy_to_time_metric 0.5884298502103203
epoch 3
  Train Loss: 0.6154, Test Loss: 0.7299
  Train Acc: 0.8937, Test Acc: 0.8746
  LR: 0.010000, Grad Norm: 3.0000, Throughput: 790.2 samples/s
accuracy_to_time_metric 0.4595302902203005
epoch 4
  Train Loss: 0.6089, Test Loss: 0.8868
  Train Acc: 0.8948, Test Acc: 0.8676
  LR: 0.010000, Grad Norm: 3.0000, Throughput: 777.0 samples/s
accuracy_to_time_metric 0.4462411120055139
epoch 4
  Train Loss: 0.4388, Test Loss: 0.5034
  Train Acc: 0.8731, Test Acc: 0.8540
  LR: 0.010000, Grad Norm: 3.0000, Throughput: 444.0 samples/s
accuracy_to_time_metric 0.3771322593348611
epoch 3
  Train Loss: 0.2106, Test Loss: 0.3412
  Train Acc: 0.9357, Test Acc: 0.9072
  LR: 0.010000, Grad Norm: 3.0000, Throughput: 623.2 samples/s
accuracy_to_time_metric 0.3848799937813517
epoch 4
  Train Loss: 0.6138, Test Loss: 0.5905
  Train Acc: 0.8985, Test Acc: 0.8996
  LR: 0.010000, Grad Norm: 3.0000, Throughput: 757.6 samples/s
accuracy_to_time_metric 0.35059990881835573
epoch 5
  Train Loss: 0.5843, Test Loss: 0.7412
  Train Acc: 0.8992, Test Acc: 0.8894
  LR: 0.010000, Grad Norm: 3.0000, Throughput: 749.6 samples/s
accuracy_to_time_metric 0.34004336189116513
epoch 5
  Train Loss: 0.1808, Test Loss: 0.3478
  Train Acc: 0.9426, Test Acc: 0.9060
  LR: 0.010000, Grad Norm: 3.0000, Throughput: 505.8 samples/s
accuracy_to_time_metric 0.2697517787752514
epoch 5
  Train Loss: 0.5814, Test Loss: 0.7589
  Train Acc: 0.9034, Test Acc: 0.8874
  LR: 0.010000, Grad Norm: 0.0000, Throughput: 588.4 samples/s
accuracy_to_time_metric 0.2584677860004498
epoch 6
  Train Loss: 0.5736, Test Loss: 0.7475
  Train Acc: 0.9049, Test Acc: 0.8908
  LR: 0.010000, Grad Norm: 3.0000, Throughput: 591.3 samples/s
accuracy_to_time_metric 0.25646285294392357
epoch 6
  Train Loss: 0.4274, Test Loss: 0.4568
  Train Acc: 0.8794, Test Acc: 0.8702
  LR: 0.010000, Grad Norm: 3.0000, Throughput: 371.2 samples/s
accuracy_to_time_metric 0.23975292748524232
epoch 4
  Train Loss: 0.5515, Test Loss: 1.0456
  Train Acc: 0.9081, Test Acc: 0.8678
  LR: 0.010000, Grad Norm: 3.0000, Throughput: 714.4 samples/s
accuracy_to_time_metric 0.20879207346776119
epoch 7
  Train Loss: 0.5720, Test Loss: 0.7260
  Train Acc: 0.9054, Test Acc: 0.8944
  LR: 0.010000, Grad Norm: 3.0000, Throughput: 703.7 samples/s
accuracy_to_time_metric 0.21332179154827768
epoch 7
  Train Loss: 0.1662, Test Loss: 0.3106
  Train Acc: 0.9463, Test Acc: 0.9160
  LR: 0.010000, Grad Norm: 3.0000, Throughput: 584.0 samples/s
accuracy_to_time_metric 0.2170488001477022
epoch 6
  Train Loss: 0.5438, Test Loss: 0.7727
  Train Acc: 0.9108, Test Acc: 0.8862
  LR: 0.010000, Grad Norm: 0.0492, Throughput: 762.5 samples/s
accuracy_to_time_metric 0.1841862477559371
  Train Loss: 0.4095, Test Loss: 0.5278
  Train Acc: 0.8852, Test Acc: 0.8628
  LR: 0.010000, Grad Norm: 3.0000, Throughput: 419.4 samples/s
accuracy_to_time_metric 0.1779553141484328
epoch 8
epoch 5
  Train Loss: 0.5682, Test Loss: 0.7795
  Train Acc: 0.9088, Test Acc: 0.8908
  LR: 0.010000, Grad Norm: 0.0000, Throughput: 765.5 samples/s
accuracy_to_time_metric 0.18336073953164542
epoch 8
  Train Loss: 0.1506, Test Loss: 0.3264
  Train Acc: 0.9517, Test Acc: 0.9144
  LR: 0.010000, Grad Norm: 0.3494, Throughput: 631.0 samples/s
accuracy_to_time_metric 0.18204167893398046
epoch 7
  Train Loss: 0.5408, Test Loss: 0.7064
  Train Acc: 0.9122, Test Acc: 0.8988
  LR: 0.010000, Grad Norm: 0.0005, Throughput: 780.8 samples/s
accuracy_to_time_metric 0.16484128979533527
epoch 9
  Train Loss: 0.5651, Test Loss: 0.9303
  Train Acc: 0.9101, Test Acc: 0.8868
  LR: 0.010000, Grad Norm: 3.0000, Throughput: 769.0 samples/s
accuracy_to_time_metric 0.16060435073535764
epoch 9
  Train Loss: 0.1374, Test Loss: 0.3425
  Train Acc: 0.9550, Test Acc: 0.9150
  LR: 0.010000, Grad Norm: 0.0053, Throughput: 642.9 samples/s
accuracy_to_time_metric 0.1574975406966521
epoch 8
  Train Loss: 0.4041, Test Loss: 0.4583
  Train Acc: 0.8871, Test Acc: 0.8764
  LR: 0.010000, Grad Norm: 0.7587, Throughput: 445.7 samples/s
accuracy_to_time_metric 0.1465707519099341
epoch 6
  Train Loss: 0.5346, Test Loss: 0.8275
  Train Acc: 0.9131, Test Acc: 0.8908
  LR: 0.010000, Grad Norm: 0.1037, Throughput: 799.9 samples/s
accuracy_to_time_metric 0.14618787004361486
epoch 10
  Train Loss: 0.5466, Test Loss: 0.8171
  Train Acc: 0.9143, Test Acc: 0.8950
  LR: 0.010000, Grad Norm: 0.0063, Throughput: 786.7 samples/s
accuracy_to_time_metric 0.14528348551671805
epoch 10
  Train Loss: 0.1288, Test Loss: 0.3288
  Train Acc: 0.9563, Test Acc: 0.9178
  LR: 0.010000, Grad Norm: 3.0000, Throughput: 644.3 samples/s
accuracy_to_time_metric 0.13921939943491476
epoch 9
  Train Loss: 0.5239, Test Loss: 0.8039
  Train Acc: 0.9161, Test Acc: 0.8896
  LR: 0.010000, Grad Norm: 3.0000, Throughput: 795.2 samples/s
accuracy_to_time_metric 0.13212044102415627
Training summary saved to /home/s471802/nn-gpt/out/training_summary.json
  Train Loss: 0.5425, Test Loss: 1.1066
  Train Acc: 0.9150, Test Acc: 0.8722
  LR: 0.010000, Grad Norm: 3.0000, Throughput: 776.7 samples/s
accuracy_to_time_metric 0.12758419653243552
Training summary saved to /home/s471802/nn-gpt/out/training_summary.json
  Train Loss: 0.4093, Test Loss: 0.4097
  Train Acc: 0.8881, Test Acc: 0.8858
  LR: 0.010000, Grad Norm: 3.0000, Throughput: 451.0 samples/s
accuracy_to_time_metric 0.12481089786504776
epoch 7
  Train Loss: 0.1235, Test Loss: 0.3238
  Train Acc: 0.9591, Test Acc: 0.9184
  LR: 0.010000, Grad Norm: 2.0360, Throughput: 649.4 samples/s
accuracy_to_time_metric 0.12460163440411465
epoch 10
  Train Loss: 0.3927, Test Loss: 0.4603
  Train Acc: 0.8920, Test Acc: 0.8860
  LR: 0.010000, Grad Norm: 2.9391, Throughput: 456.5 samples/s
accuracy_to_time_metric 0.10792663691293194
epoch 8
  Train Loss: 0.1157, Test Loss: 0.3610
  Train Acc: 0.9605, Test Acc: 0.9040
  LR: 0.010000, Grad Norm: 3.0000, Throughput: 654.9 samples/s
accuracy_to_time_metric 0.11079969030950035
Training summary saved to /home/s471802/nn-gpt/out/training_summary.json
  Train Loss: 0.3884, Test Loss: 0.5071
  Train Acc: 0.8905, Test Acc: 0.8676
  LR: 0.010000, Grad Norm: 0.0164, Throughput: 449.2 samples/s
accuracy_to_time_metric 0.09264451980638336
epoch 9
  Train Loss: 0.3759, Test Loss: 0.4741
  Train Acc: 0.8962, Test Acc: 0.8740
  LR: 0.010000, Grad Norm: 0.6917, Throughput: 452.4 samples/s
accuracy_to_time_metric 0.0833948547886093
epoch 10
  Train Loss: 0.3731, Test Loss: 0.5449
  Train Acc: 0.8957, Test Acc: 0.8694
  LR: 0.010000, Grad Norm: 3.0000, Throughput: 444.7 samples/s
accuracy_to_time_metric 0.07474098085766255
Training summary saved to /home/s471802/nn-gpt/out/training_summary.json
[eval_only] 81/300 article_A_cifar10_epoch10-0080 formal_success=True acc=0.8694
[eval_only] 82/300 article_A_cifar10_epoch10-0081 formal_success=True acc=0.904
[eval_only] 83/300 article_A_cifar10_epoch10-0082 formal_success=True acc=0.8722
[eval_only] 84/300 article_A_cifar10_epoch10-0083 formal_success=True acc=0.8896
[Reward Assign] reward_batch_index=0 batch_item=2/4 completion_index=85 worker_slot=1 assigned_gpu=1 physical_gpu=1 worker_device=cuda:0 gpu_name='NVIDIA L40S' gpu_free_gib=43.39 gpu_used_gib=1.00 gpu_total_gib=44.99 timeout_seconds=1920
[Reward Assign] reward_batch_index=0 batch_item=1/4 completion_index=84 worker_slot=0 assigned_gpu=0 physical_gpu=0 worker_device=cuda:0 gpu_name='NVIDIA L40S' gpu_free_gib=43.39 gpu_used_gib=1.00 gpu_total_gib=44.99 timeout_seconds=1920
[Reward Assign] reward_batch_index=0 batch_item=3/4 completion_index=86 worker_slot=2 assigned_gpu=2 physical_gpu=2 worker_device=cuda:0 gpu_name='NVIDIA L40S' gpu_free_gib=43.39 gpu_used_gib=1.00 gpu_total_gib=44.99 timeout_seconds=1920
[Reward Assign] reward_batch_index=0 batch_item=4/4 completion_index=87 worker_slot=3 assigned_gpu=3 physical_gpu=3 worker_device=cuda:0 gpu_name='NVIDIA L40S' gpu_free_gib=43.37 gpu_used_gib=1.02 gpu_total_gib=44.99 timeout_seconds=1920
Evaluating /home/s471802/nn-gpt/out/nn/tmp/a35f06969951bd3486b9cf411daf0be7.py...
Evaluating /home/s471802/nn-gpt/out/nn/tmp/12b58a4a215cd5ee84e1ec15983bc5eb.py...
Evaluating /home/s471802/nn-gpt/out/nn/tmp/c32a3d09e64dca3ea6d6b5cc076b1996.py...
Evaluating /home/s471802/nn-gpt/out/nn/tmp/54ffe0a6aa70f13a125679cef282fec4.py...
epoch 1
epoch 1
epoch 1
epoch 1
  Train Loss: 1.0928, Test Loss: 0.7571
  Train Acc: 0.6026, Test Acc: 0.7454
  LR: 0.010000, Grad Norm: 3.0000, Throughput: 550.2 samples/s
accuracy_to_time_metric 0.7890593456129306
epoch 2
  Train Loss: 0.1305, Test Loss: 0.1888
  Train Acc: 0.9581, Test Acc: 0.9408
  LR: 0.010000, Grad Norm: 3.0000, Throughput: 377.8 samples/s
accuracy_to_time_metric 0.7058126264793635
epoch 2
  Train Loss: 0.1421, Test Loss: 0.1869
  Train Acc: 0.9525, Test Acc: 0.9366
  LR: 0.010000, Grad Norm: 3.0000, Throughput: 332.4 samples/s
accuracy_to_time_metric 0.6180100431975893
epoch 2
  Train Loss: 0.6030, Test Loss: 0.5839
  Train Acc: 0.7937, Test Acc: 0.7974
  LR: 0.010000, Grad Norm: 3.0000, Throughput: 596.5 samples/s
accuracy_to_time_metric 0.44327079803753944
epoch 3
  Train Loss: 1.0634, Test Loss: 0.5196
  Train Acc: 0.6213, Test Acc: 0.8164
  LR: 0.010000, Grad Norm: 3.0000, Throughput: 228.5 samples/s
accuracy_to_time_metric 0.36370642098095507
epoch 2
  Train Loss: 0.4859, Test Loss: 0.4780
  Train Acc: 0.8328, Test Acc: 0.8318
  LR: 0.010000, Grad Norm: 3.0000, Throughput: 592.0 samples/s
accuracy_to_time_metric 0.31347233789908113
epoch 4
  Train Loss: 0.0559, Test Loss: 0.1325
  Train Acc: 0.9822, Test Acc: 0.9628
  LR: 0.010000, Grad Norm: 3.0000, Throughput: 382.7 samples/s
accuracy_to_time_metric 0.3643229415053962
epoch 3
  Train Loss: 0.0792, Test Loss: 0.1401
  Train Acc: 0.9738, Test Acc: 0.9532
  LR: 0.010000, Grad Norm: 3.0000, Throughput: 347.6 samples/s
accuracy_to_time_metric 0.3220549812169643
epoch 3
  Train Loss: 0.4194, Test Loss: 0.4492
  Train Acc: 0.8547, Test Acc: 0.8396
  LR: 0.010000, Grad Norm: 3.0000, Throughput: 576.5 samples/s
accuracy_to_time_metric 0.2373433599066362
epoch 5
  Train Loss: 0.0408, Test Loss: 0.1276
  Train Acc: 0.9866, Test Acc: 0.9582
  LR: 0.010000, Grad Norm: 3.0000, Throughput: 384.6 samples/s
accuracy_to_time_metric 0.24248664108212928
epoch 4
  Train Loss: 0.3764, Test Loss: 0.3862
  Train Acc: 0.8698, Test Acc: 0.8652
  LR: 0.010000, Grad Norm: 3.0000, Throughput: 563.4 samples/s
accuracy_to_time_metric 0.19540777309867016
  Train Loss: 0.3455, Test Loss: 0.2737
  Train Acc: 0.8819, Test Acc: 0.9010
  LR: 0.010000, Grad Norm: 3.0000, Throughput: 235.0 samples/s
accuracy_to_time_metric 0.20613136778349692
epoch 6
epoch 3
  Train Loss: 0.0422, Test Loss: 0.1318
  Train Acc: 0.9867, Test Acc: 0.9574
  LR: 0.010000, Grad Norm: 3.0000, Throughput: 340.9 samples/s
accuracy_to_time_metric 0.21595690313432483
epoch 4
  Train Loss: 0.3377, Test Loss: 0.3679
  Train Acc: 0.8837, Test Acc: 0.8768
  LR: 0.010000, Grad Norm: 3.0000, Throughput: 569.5 samples/s
accuracy_to_time_metric 0.1650264287775391
epoch 7
  Train Loss: 0.0351, Test Loss: 0.1398
  Train Acc: 0.9892, Test Acc: 0.9590
  LR: 0.010000, Grad Norm: 3.0000, Throughput: 378.0 samples/s
accuracy_to_time_metric 0.1815809816851435
epoch 5
  Train Loss: 0.0252, Test Loss: 0.1114
  Train Acc: 0.9918, Test Acc: 0.9628
  LR: 0.010000, Grad Norm: 3.0000, Throughput: 336.3 samples/s
accuracy_to_time_metric 0.16250329501036015
epoch 5
  Train Loss: 0.3117, Test Loss: 0.4002
  Train Acc: 0.8917, Test Acc: 0.8654
  LR: 0.010000, Grad Norm: 3.0000, Throughput: 572.0 samples/s
accuracy_to_time_metric 0.13929466317156106
epoch 8
  Train Loss: 0.2231, Test Loss: 0.2498
  Train Acc: 0.9233, Test Acc: 0.9150
  LR: 0.010000, Grad Norm: 3.0000, Throughput: 235.2 samples/s
accuracy_to_time_metric 0.1405038179873207
epoch 4
  Train Loss: 0.0138, Test Loss: 0.1099
  Train Acc: 0.9962, Test Acc: 0.9698
  LR: 0.010000, Grad Norm: 0.2200, Throughput: 385.9 samples/s
accuracy_to_time_metric 0.14748062682989155
epoch 6
  Train Loss: 0.2886, Test Loss: 0.4249
  Train Acc: 0.8986, Test Acc: 0.8526
  LR: 0.010000, Grad Norm: 3.0000, Throughput: 594.8 samples/s
accuracy_to_time_metric 0.12036877133948007
epoch 9
  Train Loss: 0.0206, Test Loss: 0.1095
  Train Acc: 0.9935, Test Acc: 0.9648
  LR: 0.010000, Grad Norm: 1.5214, Throughput: 344.0 samples/s
accuracy_to_time_metric 0.13066047522776375
epoch 6
  Train Loss: 0.2654, Test Loss: 0.3674
  Train Acc: 0.9079, Test Acc: 0.8680
  LR: 0.010000, Grad Norm: 3.0000, Throughput: 590.2 samples/s
accuracy_to_time_metric 0.10946548903227958
epoch 10
  Train Loss: 0.0124, Test Loss: 0.1244
  Train Acc: 0.9962, Test Acc: 0.9652
  LR: 0.010000, Grad Norm: 0.3671, Throughput: 387.3 samples/s
accuracy_to_time_metric 0.12253631878325842
epoch 7
  Train Loss: 0.1605, Test Loss: 0.2285
  Train Acc: 0.9432, Test Acc: 0.9224
  LR: 0.010000, Grad Norm: 1.9532, Throughput: 236.4 samples/s
accuracy_to_time_metric 0.10673713674284314
epoch 5
  Train Loss: 0.2486, Test Loss: 0.3697
  Train Acc: 0.9136, Test Acc: 0.8704
  LR: 0.010000, Grad Norm: 3.0000, Throughput: 582.7 samples/s
accuracy_to_time_metric 0.09890551062218336
Training summary saved to /home/s471802/nn-gpt/out/training_summary.json
  Train Loss: 0.0100, Test Loss: 0.1165
  Train Acc: 0.9971, Test Acc: 0.9680
  LR: 0.010000, Grad Norm: 3.0000, Throughput: 338.7 samples/s
accuracy_to_time_metric 0.10920348309728561
epoch 7
  Train Loss: 0.0119, Test Loss: 0.1363
  Train Acc: 0.9966, Test Acc: 0.9678
  LR: 0.010000, Grad Norm: 0.0135, Throughput: 387.9 samples/s
accuracy_to_time_metric 0.10554933522809133
epoch 8
  Train Loss: 0.0086, Test Loss: 0.1126
  Train Acc: 0.9975, Test Acc: 0.9690
  LR: 0.010000, Grad Norm: 3.0000, Throughput: 341.9 samples/s
accuracy_to_time_metric 0.0937858008079085
epoch 8
  Train Loss: 0.0093, Test Loss: 0.1182
  Train Acc: 0.9972, Test Acc: 0.9678
  LR: 0.010000, Grad Norm: 0.1598, Throughput: 383.3 samples/s
accuracy_to_time_metric 0.09235127156620157
epoch 9
  Train Loss: 0.1144, Test Loss: 0.2194
  Train Acc: 0.9598, Test Acc: 0.9252
  LR: 0.010000, Grad Norm: 0.7829, Throughput: 238.2 samples/s
accuracy_to_time_metric 0.08600057303615853
epoch 6
  Train Loss: 0.0045, Test Loss: 0.0955
  Train Acc: 0.9986, Test Acc: 0.9722
  LR: 0.010000, Grad Norm: 3.0000, Throughput: 377.1 samples/s
accuracy_to_time_metric 0.08235245557962942
epoch 10
  Train Loss: 0.0095, Test Loss: 0.1253
  Train Acc: 0.9971, Test Acc: 0.9662
  LR: 0.010000, Grad Norm: 0.1486, Throughput: 336.1 samples/s
accuracy_to_time_metric 0.08167396414599822
epoch 9
  Train Loss: 0.0849, Test Loss: 0.2103
  Train Acc: 0.9705, Test Acc: 0.9338
  LR: 0.010000, Grad Norm: 3.0000, Throughput: 237.4 samples/s
accuracy_to_time_metric 0.07255730474122636
epoch 7
  Train Loss: 0.0028, Test Loss: 0.1037
  Train Acc: 0.9991, Test Acc: 0.9724
  LR: 0.010000, Grad Norm: 3.0000, Throughput: 385.8 samples/s
accuracy_to_time_metric 0.0741924743344408
Training summary saved to /home/s471802/nn-gpt/out/training_summary.json
  Train Loss: 0.0056, Test Loss: 0.1128
  Train Acc: 0.9982, Test Acc: 0.9676
  LR: 0.010000, Grad Norm: 2.1398, Throughput: 342.8 samples/s
accuracy_to_time_metric 0.07279050086888034
epoch 10
  Train Loss: 0.0050, Test Loss: 0.1298
  Train Acc: 0.9985, Test Acc: 0.9688
  LR: 0.010000, Grad Norm: 1.9874, Throughput: 340.0 samples/s
accuracy_to_time_metric 0.06560090156014045
Training summary saved to /home/s471802/nn-gpt/out/training_summary.json
  Train Loss: 0.0673, Test Loss: 0.1949
  Train Acc: 0.9769, Test Acc: 0.9422
  LR: 0.010000, Grad Norm: 3.0000, Throughput: 234.9 samples/s
accuracy_to_time_metric 0.06281150632313506
epoch 8
  Train Loss: 0.0487, Test Loss: 0.2223
  Train Acc: 0.9835, Test Acc: 0.9342
  LR: 0.010000, Grad Norm: 3.0000, Throughput: 235.2 samples/s
accuracy_to_time_metric 0.054441305514609045
epoch 9
  Train Loss: 0.0404, Test Loss: 0.1972
  Train Acc: 0.9855, Test Acc: 0.9394
  LR: 0.010000, Grad Norm: 3.0000, Throughput: 238.3 samples/s
accuracy_to_time_metric 0.04876430186857475
epoch 10
[Reward Assign] error reward_batch_index=0 batch_item=1/4 completion_index=84 worker_slot=0 assigned_gpu=0 physical_gpu=0 worker_device=cuda:0 elapsed_seconds=1920.10 error=PersistentEvalWorkerError: Persistent eval worker timed out after 1920 seconds
[Reward Worker] Ready slot=0 pid=218925, assigned_gpu=0, assigned_cuda_visible_device='0', worker_device=cuda:0, cuda_visible_devices='0', cuda_available=True, cuda_device_count=1, rss_gib=0.53, torch_home='', physical_gpu_index=0, physical_gpu_bus_id='00000000:81:00.0', physical_gpu_uuid='GPU-56ae1379-df29-f643-787e-6acaac86f64a', physical_binding_verified=True
[eval_only] 85/300 article_A_cifar10_epoch10-0084 formal_success=False acc=None
[eval_only] 86/300 article_A_cifar10_epoch10-0085 formal_success=True acc=0.9724
[eval_only] 87/300 article_A_cifar10_epoch10-0086 formal_success=True acc=0.8704
[eval_only] 88/300 article_A_cifar10_epoch10-0087 formal_success=True acc=0.9688
[Reward Assign] reward_batch_index=0 batch_item=4/4 completion_index=91 worker_slot=3 assigned_gpu=3 physical_gpu=3 worker_device=cuda:0 gpu_name='NVIDIA L40S' gpu_free_gib=43.37 gpu_used_gib=1.02 gpu_total_gib=44.99 timeout_seconds=1920
[Reward Assign] reward_batch_index=0 batch_item=1/4 completion_index=88 worker_slot=0 assigned_gpu=0 physical_gpu=0 worker_device=cuda:0 gpu_name='NVIDIA L40S' gpu_free_gib=32.68 gpu_used_gib=11.71 gpu_total_gib=44.99 timeout_seconds=1920
[Reward Assign] reward_batch_index=0 batch_item=3/4 completion_index=90 worker_slot=2 assigned_gpu=2 physical_gpu=2 worker_device=cuda:0 gpu_name='NVIDIA L40S' gpu_free_gib=43.39 gpu_used_gib=1.00 gpu_total_gib=44.99 timeout_seconds=1920
[Reward Assign] reward_batch_index=0 batch_item=2/4 completion_index=89 worker_slot=1 assigned_gpu=1 physical_gpu=1 worker_device=cuda:0 gpu_name='NVIDIA L40S' gpu_free_gib=43.39 gpu_used_gib=1.00 gpu_total_gib=44.99 timeout_seconds=1920
LEMUR root /home/s471802/nn-gpt
Evaluating /home/s471802/nn-gpt/out/nn/tmp/e6baf13822ee09e332fb740da029c6f1.py...
Evaluating /home/s471802/nn-gpt/out/nn/tmp/29af127f25013125b8dcd3db8876ab1c.py...
Evaluating /home/s471802/nn-gpt/out/nn/tmp/6abaa8bf3d527b43d05bac86db501b98.py...
Evaluating /home/s471802/nn-gpt/out/nn/tmp/683e44ae2a2b10d52c65e98442c07e3b.py...
epoch 1
epoch 1
epoch 1
epoch 1
  Train Loss: 0.3918, Test Loss: 0.3511
  Train Acc: 0.8795, Test Acc: 0.8854
  LR: 0.010000, Grad Norm: 3.0000, Throughput: 1764.0 samples/s
accuracy_to_time_metric 3.0783192118765776
epoch 2
  Train Loss: 0.5114, Test Loss: 0.4777
  Train Acc: 0.8377, Test Acc: 0.8568
  LR: 0.010000, Grad Norm: 3.0000, Throughput: 1630.4 samples/s
accuracy_to_time_metric 2.7414785697165427
epoch 2
  Train Loss: 0.3136, Test Loss: 0.3416
  Train Acc: 0.9000, Test Acc: 0.9028
  LR: 0.010000, Grad Norm: 3.0000, Throughput: 1857.2 samples/s
accuracy_to_time_metric 1.6105231432603395
epoch 3
  Train Loss: 0.4230, Test Loss: 0.4013
  Train Acc: 0.8690, Test Acc: 0.8644
  LR: 0.010000, Grad Norm: 1.7132, Throughput: 1872.5 samples/s
accuracy_to_time_metric 1.4773509541535061
epoch 3
  Train Loss: 0.2934, Test Loss: 0.3544
  Train Acc: 0.9056, Test Acc: 0.8940
  LR: 0.010000, Grad Norm: 3.0000, Throughput: 1820.6 samples/s
accuracy_to_time_metric 1.0633972122766453
epoch 4
  Train Loss: 0.3843, Test Loss: 0.4723
  Train Acc: 0.8780, Test Acc: 0.8560
  LR: 0.010000, Grad Norm: 3.0000, Throughput: 1861.5 samples/s
accuracy_to_time_metric 0.9945112012144081
epoch 4
  Train Loss: 0.1640, Test Loss: 0.2110
  Train Acc: 0.9453, Test Acc: 0.9262
  LR: 0.010000, Grad Norm: 3.0000, Throughput: 460.0 samples/s
accuracy_to_time_metric 0.8445158161185762
epoch 2
  Train Loss: 0.2820, Test Loss: 0.3559
  Train Acc: 0.9104, Test Acc: 0.8954
  LR: 0.010000, Grad Norm: 1.4389, Throughput: 1773.6 samples/s
accuracy_to_time_metric 0.7942822754418724
epoch 5
  Train Loss: 0.3828, Test Loss: 0.5133
  Train Acc: 0.8779, Test Acc: 0.8544
  LR: 0.010000, Grad Norm: 3.0000, Throughput: 1767.1 samples/s
accuracy_to_time_metric 0.742620663410344
epoch 5
  Train Loss: 0.1845, Test Loss: 0.2490
  Train Acc: 0.9373, Test Acc: 0.9138
  LR: 0.010000, Grad Norm: 3.0000, Throughput: 426.5 samples/s
accuracy_to_time_metric 0.7712944441687866
epoch 2
  Train Loss: 0.2703, Test Loss: 0.3521
  Train Acc: 0.9114, Test Acc: 0.8948
  LR: 0.010000, Grad Norm: 3.0000, Throughput: 1796.2 samples/s
accuracy_to_time_metric 0.6343347110389358
epoch 6
  Train Loss: 0.3763, Test Loss: 0.4115
  Train Acc: 0.8839, Test Acc: 0.8820
  LR: 0.010000, Grad Norm: 3.0000, Throughput: 1712.8 samples/s
accuracy_to_time_metric 0.6111204393809666
epoch 6
  Train Loss: 0.2640, Test Loss: 0.3768
  Train Acc: 0.9139, Test Acc: 0.8936
  LR: 0.010000, Grad Norm: 3.0000, Throughput: 1654.7 samples/s
accuracy_to_time_metric 0.5200703279311132
epoch 7
  Train Loss: 0.3618, Test Loss: 0.4453
  Train Acc: 0.8880, Test Acc: 0.8694
  LR: 0.010000, Grad Norm: 3.0000, Throughput: 1697.2 samples/s
accuracy_to_time_metric 0.4977387487698756
epoch 7
  Train Loss: 0.2639, Test Loss: 0.3752
  Train Acc: 0.9155, Test Acc: 0.8916
  LR: 0.010000, Grad Norm: 2.7129, Throughput: 1728.3 samples/s
accuracy_to_time_metric 0.44288808647639955
epoch 8
  Train Loss: 0.3544, Test Loss: 0.4511
  Train Acc: 0.8891, Test Acc: 0.8706
  LR: 0.010000, Grad Norm: 3.0000, Throughput: 1780.4 samples/s
accuracy_to_time_metric 0.42821032563794126
epoch 8
  Train Loss: 0.0934, Test Loss: 0.1683
  Train Acc: 0.9684, Test Acc: 0.9382
  LR: 0.010000, Grad Norm: 3.0000, Throughput: 457.5 samples/s
accuracy_to_time_metric 0.42701057337948434
epoch 3
  Train Loss: 0.2599, Test Loss: 0.3667
  Train Acc: 0.9156, Test Acc: 0.8942
  LR: 0.010000, Grad Norm: 3.0000, Throughput: 1677.1 samples/s
accuracy_to_time_metric 0.3861520044957339
epoch 9
  Train Loss: 0.3500, Test Loss: 0.4359
  Train Acc: 0.8917, Test Acc: 0.8712
  LR: 0.010000, Grad Norm: 0.9250, Throughput: 1676.0 samples/s
accuracy_to_time_metric 0.37272096541121663
epoch 9
  Train Loss: 0.1082, Test Loss: 0.2002
  Train Acc: 0.9640, Test Acc: 0.9348
  LR: 0.010000, Grad Norm: 3.0000, Throughput: 437.5 samples/s
accuracy_to_time_metric 0.40042613473012106
epoch 3
  Train Loss: 0.2524, Test Loss: 0.3904
  Train Acc: 0.9172, Test Acc: 0.8918
  LR: 0.010000, Grad Norm: 2.7403, Throughput: 876.9 samples/s
accuracy_to_time_metric 0.30798331188846045
epoch 10
  Train Loss: 0.3481, Test Loss: 0.4553
  Train Acc: 0.8906, Test Acc: 0.8672
  LR: 0.010000, Grad Norm: 3.0000, Throughput: 880.4 samples/s
accuracy_to_time_metric 0.2972184668619325
epoch 10
  Train Loss: 0.2453, Test Loss: 0.4031
  Train Acc: 0.9203, Test Acc: 0.8814
  LR: 0.010000, Grad Norm: 1.0274, Throughput: 1825.7 samples/s
accuracy_to_time_metric 0.2772465094377414
Training summary saved to /home/s471802/nn-gpt/out/training_summary.json
  Train Loss: 0.3577, Test Loss: 0.4532
  Train Acc: 0.8896, Test Acc: 0.8684
  LR: 0.010000, Grad Norm: 2.1548, Throughput: 1806.2 samples/s
accuracy_to_time_metric 0.2713801682701324
Training summary saved to /home/s471802/nn-gpt/out/training_summary.json
  Train Loss: 0.0534, Test Loss: 0.1548
  Train Acc: 0.9815, Test Acc: 0.9466
  LR: 0.010000, Grad Norm: 3.0000, Throughput: 360.5 samples/s
accuracy_to_time_metric 0.26354603936306376
epoch 4
  Train Loss: 0.0691, Test Loss: 0.1831
  Train Acc: 0.9770, Test Acc: 0.9400
  LR: 0.010000, Grad Norm: 3.0000, Throughput: 352.8 samples/s
accuracy_to_time_metric 0.24990326291028972
epoch 4
  Train Loss: 0.0420, Test Loss: 0.1766
  Train Acc: 0.9870, Test Acc: 0.9476
  LR: 0.010000, Grad Norm: 3.0000, Throughput: 454.7 samples/s
accuracy_to_time_metric 0.201666701794285
epoch 5
  Train Loss: 0.0382, Test Loss: 0.1605
  Train Acc: 0.9872, Test Acc: 0.9460
  LR: 0.010000, Grad Norm: 3.0000, Throughput: 422.3 samples/s
accuracy_to_time_metric 0.19105746045862432
epoch 5
  Train Loss: 0.0228, Test Loss: 0.1443
  Train Acc: 0.9924, Test Acc: 0.9524
  LR: 0.010000, Grad Norm: 3.0000, Throughput: 456.0 samples/s
accuracy_to_time_metric 0.1642128185172895
epoch 6
  Train Loss: 0.0365, Test Loss: 0.1757
  Train Acc: 0.9859, Test Acc: 0.9444
  LR: 0.010000, Grad Norm: 3.0000, Throughput: 432.2 samples/s
accuracy_to_time_metric 0.15436681717643344
epoch 6
  Train Loss: 0.0162, Test Loss: 0.1600
  Train Acc: 0.9947, Test Acc: 0.9500
  LR: 0.010000, Grad Norm: 3.0000, Throughput: 460.8 samples/s
accuracy_to_time_metric 0.13779677053676886
epoch 7
  Train Loss: 0.0222, Test Loss: 0.1706
  Train Acc: 0.9929, Test Acc: 0.9502
  LR: 0.010000, Grad Norm: 3.0000, Throughput: 440.3 samples/s
accuracy_to_time_metric 0.130937226211288
epoch 7
  Train Loss: 0.0136, Test Loss: 0.1661
  Train Acc: 0.9956, Test Acc: 0.9516
  LR: 0.010000, Grad Norm: 1.2412, Throughput: 455.3 samples/s
accuracy_to_time_metric 0.11897490490575627
epoch 8
  Train Loss: 0.0163, Test Loss: 0.1625
  Train Acc: 0.9944, Test Acc: 0.9528
  LR: 0.010000, Grad Norm: 3.0000, Throughput: 441.3 samples/s
accuracy_to_time_metric 0.11349532648156016
epoch 8
  Train Loss: 0.0126, Test Loss: 0.1561
  Train Acc: 0.9958, Test Acc: 0.9530
  LR: 0.010000, Grad Norm: 2.4146, Throughput: 466.7 samples/s
accuracy_to_time_metric 0.10501006856084867
epoch 9
  Train Loss: 0.0114, Test Loss: 0.1719
  Train Acc: 0.9964, Test Acc: 0.9540
  LR: 0.010000, Grad Norm: 3.0000, Throughput: 432.1 samples/s
accuracy_to_time_metric 0.09980776804052875
epoch 9
  Train Loss: 0.0060, Test Loss: 0.1553
  Train Acc: 0.9982, Test Acc: 0.9584
  LR: 0.010000, Grad Norm: 3.0000, Throughput: 460.2 samples/s
accuracy_to_time_metric 0.09431098230486598
epoch 10
  Train Loss: 0.0124, Test Loss: 0.1819
  Train Acc: 0.9959, Test Acc: 0.9532
  LR: 0.010000, Grad Norm: 0.2365, Throughput: 437.6 samples/s
accuracy_to_time_metric 0.0890058705875069
epoch 10
  Train Loss: 0.0067, Test Loss: 0.1761
  Train Acc: 0.9982, Test Acc: 0.9560
  LR: 0.010000, Grad Norm: 0.0033, Throughput: 471.0 samples/s
accuracy_to_time_metric 0.08510466875019092
Training summary saved to /home/s471802/nn-gpt/out/training_summary.json
  Train Loss: 0.0066, Test Loss: 0.1741
  Train Acc: 0.9981, Test Acc: 0.9554
  LR: 0.010000, Grad Norm: 0.5712, Throughput: 431.5 samples/s
accuracy_to_time_metric 0.0804718519680819
Training summary saved to /home/s471802/nn-gpt/out/training_summary.json
[eval_only] 89/300 article_A_cifar10_epoch10-0088 formal_success=True acc=0.9554
[eval_only] 90/300 article_A_cifar10_epoch10-0089 formal_success=True acc=0.8814
[eval_only] 91/300 article_A_cifar10_epoch10-0090 formal_success=True acc=0.956
[eval_only] 92/300 article_A_cifar10_epoch10-0091 formal_success=True acc=0.8684
[Reward Assign] reward_batch_index=0 batch_item=1/4 completion_index=92 worker_slot=0 assigned_gpu=0 physical_gpu=0 worker_device=cuda:0 gpu_name='NVIDIA L40S' gpu_free_gib=43.39 gpu_used_gib=1.00 gpu_total_gib=44.99 timeout_seconds=1920
[Reward Assign] reward_batch_index=0 batch_item=3/4 completion_index=94 worker_slot=2 assigned_gpu=2 physical_gpu=2 worker_device=cuda:0 gpu_name='NVIDIA L40S' gpu_free_gib=43.39 gpu_used_gib=1.00 gpu_total_gib=44.99 timeout_seconds=1920
[Reward Assign] reward_batch_index=0 batch_item=4/4 completion_index=95 worker_slot=3 assigned_gpu=3 physical_gpu=3 worker_device=cuda:0 gpu_name='NVIDIA L40S' gpu_free_gib=43.37 gpu_used_gib=1.02 gpu_total_gib=44.99 timeout_seconds=1920
[Reward Assign] reward_batch_index=0 batch_item=2/4 completion_index=93 worker_slot=1 assigned_gpu=1 physical_gpu=1 worker_device=cuda:0 gpu_name='NVIDIA L40S' gpu_free_gib=43.39 gpu_used_gib=1.00 gpu_total_gib=44.99 timeout_seconds=1920
Evaluating /home/s471802/nn-gpt/out/nn/tmp/da096dd88825ab8f5abf7b31d570130b.py...
Evaluating /home/s471802/nn-gpt/out/nn/tmp/c19ec93ca06c0855cb6c45c7e10d2b4e.py...
Evaluating /home/s471802/nn-gpt/out/nn/tmp/b6b27597bca7c0abc0aa965e3abc9a02.py...
Evaluating /home/s471802/nn-gpt/out/nn/tmp/9915ed081bd238818ced33818ec8f451.py...
epoch 1
epoch 1
epoch 1
epoch 1
  Train Loss: 0.7466, Test Loss: 0.6727
  Train Acc: 0.8204, Test Acc: 0.8560
  LR: 0.010000, Grad Norm: 3.0000, Throughput: 841.3 samples/s
accuracy_to_time_metric 1.413315002172134
epoch 2
  Train Loss: 1.0889, Test Loss: 1.1062
  Train Acc: 0.6003, Test Acc: 0.5840
  LR: 0.010000, Grad Norm: 3.0000, Throughput: 433.3 samples/s
accuracy_to_time_metric 0.4660581320119341
epoch 2
  Train Loss: 0.7156, Test Loss: 0.7434
  Train Acc: 0.8577, Test Acc: 0.8532
  LR: 0.010000, Grad Norm: 0.0757, Throughput: 782.2 samples/s
accuracy_to_time_metric 0.6778166437137348
epoch 3
  Train Loss: 0.3482, Test Loss: 0.3377
  Train Acc: 0.8935, Test Acc: 0.9032
  LR: 0.010000, Grad Norm: 3.0000, Throughput: 319.8 samples/s
accuracy_to_time_metric 0.5708063314628574
epoch 2
  Train Loss: 0.6689, Test Loss: 0.8019
  Train Acc: 0.8721, Test Acc: 0.8482
  LR: 0.010000, Grad Norm: 3.0000, Throughput: 728.5 samples/s
accuracy_to_time_metric 0.4280026301024759
epoch 4
  Train Loss: 0.7090, Test Loss: 0.8642
  Train Acc: 0.8482, Test Acc: 0.8554
  LR: 0.010000, Grad Norm: 3.0000, Throughput: 226.1 samples/s
accuracy_to_time_metric 0.37953405705639637
epoch 2
  Train Loss: 1.1988, Test Loss: 1.2375
  Train Acc: 0.5741, Test Acc: 0.5658
  LR: 0.010000, Grad Norm: 3.0000, Throughput: 402.5 samples/s
accuracy_to_time_metric 0.2158848199987413
epoch 3
  Train Loss: 0.6467, Test Loss: 0.6389
  Train Acc: 0.8772, Test Acc: 0.8734
  LR: 0.010000, Grad Norm: 3.0000, Throughput: 829.6 samples/s
accuracy_to_time_metric 0.3374944110639155
epoch 5
  Train Loss: 0.2474, Test Loss: 0.3484
  Train Acc: 0.9242, Test Acc: 0.9028
  LR: 0.010000, Grad Norm: 1.5975, Throughput: 355.1 samples/s
accuracy_to_time_metric 0.3000771675573397
epoch 3
  Train Loss: 0.6504, Test Loss: 0.8569
  Train Acc: 0.8795, Test Acc: 0.8630
  LR: 0.010000, Grad Norm: 0.1518, Throughput: 828.3 samples/s
accuracy_to_time_metric 0.2690533017640658
epoch 6
  Train Loss: 0.9778, Test Loss: 1.0612
  Train Acc: 0.6681, Test Acc: 0.6478
  LR: 0.010000, Grad Norm: 1.9242, Throughput: 439.5 samples/s
accuracy_to_time_metric 0.17212812201666014
epoch 4
  Train Loss: 0.6643, Test Loss: 0.7353
  Train Acc: 0.8828, Test Acc: 0.8726
  LR: 0.010000, Grad Norm: 3.0000, Throughput: 819.8 samples/s
accuracy_to_time_metric 0.22818627592379012
epoch 7
  Train Loss: 0.6140, Test Loss: 0.6665
  Train Acc: 0.8866, Test Acc: 0.8858
  LR: 0.010000, Grad Norm: 0.0535, Throughput: 237.7 samples/s
accuracy_to_time_metric 0.20229026864142022
epoch 3
  Train Loss: 0.6610, Test Loss: 0.7263
  Train Acc: 0.8840, Test Acc: 0.8784
  LR: 0.010000, Grad Norm: 3.0000, Throughput: 842.5 samples/s
accuracy_to_time_metric 0.19852141837091697
epoch 8
  Train Loss: 0.2044, Test Loss: 0.2993
  Train Acc: 0.9349, Test Acc: 0.9126
  LR: 0.010000, Grad Norm: 3.0000, Throughput: 356.6 samples/s
accuracy_to_time_metric 0.20634243871334526
epoch 4
  Train Loss: 1.2032, Test Loss: 1.2469
  Train Acc: 0.6912, Test Acc: 0.6742
  LR: 0.010000, Grad Norm: 1.7732, Throughput: 453.2 samples/s
accuracy_to_time_metric 0.1374854864302242
epoch 5
  Train Loss: 0.6712, Test Loss: 0.7339
  Train Acc: 0.8850, Test Acc: 0.8772
  LR: 0.010000, Grad Norm: 3.0000, Throughput: 834.4 samples/s
accuracy_to_time_metric 0.17420797677639963
epoch 9
  Train Loss: 0.6474, Test Loss: 0.7229
  Train Acc: 0.8886, Test Acc: 0.8866
  LR: 0.010000, Grad Norm: 3.0000, Throughput: 818.1 samples/s
accuracy_to_time_metric 0.15692937533846255
epoch 10
  Train Loss: 0.7367, Test Loss: 0.8102
  Train Acc: 0.7594, Test Acc: 0.7424
  LR: 0.010000, Grad Norm: 3.0000, Throughput: 437.4 samples/s
accuracy_to_time_metric 0.12338694352311023
epoch 6
  Train Loss: 0.1802, Test Loss: 0.3101
  Train Acc: 0.9420, Test Acc: 0.9134
  LR: 0.010000, Grad Norm: 1.6854, Throughput: 352.0 samples/s
accuracy_to_time_metric 0.1558987087566319
epoch 5
  Train Loss: 0.6398, Test Loss: 0.6193
  Train Acc: 0.8902, Test Acc: 0.8916
  LR: 0.010000, Grad Norm: 3.0000, Throughput: 819.4 samples/s
accuracy_to_time_metric 0.14230597769895836
Training summary saved to /home/s471802/nn-gpt/out/training_summary.json
  Train Loss: 0.6015, Test Loss: 0.7485
  Train Acc: 0.8941, Test Acc: 0.8730
  LR: 0.010000, Grad Norm: 3.0000, Throughput: 236.4 samples/s
accuracy_to_time_metric 0.13353177953078266
epoch 4
  Train Loss: 0.3031, Test Loss: 0.4478
  Train Acc: 0.8954, Test Acc: 0.8620
  LR: 0.010000, Grad Norm: 3.0000, Throughput: 438.0 samples/s
accuracy_to_time_metric 0.12221731269839886
epoch 7
  Train Loss: 0.1627, Test Loss: 0.3225
  Train Acc: 0.9464, Test Acc: 0.9110
  LR: 0.010000, Grad Norm: 0.9806, Throughput: 353.8 samples/s
accuracy_to_time_metric 0.12495198368378019
epoch 6
  Train Loss: 0.3527, Test Loss: 0.5528
  Train Acc: 0.8882, Test Acc: 0.8464
  LR: 0.010000, Grad Norm: 3.0000, Throughput: 436.6 samples/s
accuracy_to_time_metric 0.10271654980743877
epoch 8
  Train Loss: 0.5826, Test Loss: 0.6967
  Train Acc: 0.9007, Test Acc: 0.8892
  LR: 0.010000, Grad Norm: 3.0000, Throughput: 238.9 samples/s
accuracy_to_time_metric 0.10284199788336516
epoch 5
  Train Loss: 0.1458, Test Loss: 0.3082
  Train Acc: 0.9512, Test Acc: 0.9146
  LR: 0.010000, Grad Norm: 3.0000, Throughput: 358.1 samples/s
accuracy_to_time_metric 0.10513320625573988
epoch 7
  Train Loss: 0.4489, Test Loss: 0.6879
  Train Acc: 0.8750, Test Acc: 0.8318
  LR: 0.010000, Grad Norm: 3.0000, Throughput: 433.0 samples/s
accuracy_to_time_metric 0.08809441612759362
epoch 9
  Train Loss: 0.1434, Test Loss: 0.2989
  Train Acc: 0.9528, Test Acc: 0.9200
  LR: 0.010000, Grad Norm: 3.0000, Throughput: 357.0 samples/s
accuracy_to_time_metric 0.09101085423504923
epoch 8
  Train Loss: 0.2392, Test Loss: 0.4899
  Train Acc: 0.9270, Test Acc: 0.8744
  LR: 0.010000, Grad Norm: 3.0000, Throughput: 438.9 samples/s
accuracy_to_time_metric 0.08297097904216114
epoch 10
  Train Loss: 0.5843, Test Loss: 0.7361
  Train Acc: 0.9028, Test Acc: 0.8948
  LR: 0.010000, Grad Norm: 0.0301, Throughput: 238.8 samples/s
accuracy_to_time_metric 0.08314089621049361
epoch 6
  Train Loss: 0.1293, Test Loss: 0.3435
  Train Acc: 0.9571, Test Acc: 0.9112
  LR: 0.010000, Grad Norm: 3.0000, Throughput: 360.8 samples/s
accuracy_to_time_metric 0.07907907924042254
epoch 9
  Train Loss: 0.2572, Test Loss: 0.4979
  Train Acc: 0.9213, Test Acc: 0.8668
  LR: 0.010000, Grad Norm: 3.0000, Throughput: 438.8 samples/s
accuracy_to_time_metric 0.07401640982835554
Training summary saved to /home/s471802/nn-gpt/out/training_summary.json
  Train Loss: 0.5704, Test Loss: 0.7179
  Train Acc: 0.9065, Test Acc: 0.8900
  LR: 0.010000, Grad Norm: 3.0000, Throughput: 236.3 samples/s
accuracy_to_time_metric 0.06890617823916623
epoch 7
  Train Loss: 0.1240, Test Loss: 0.3338
  Train Acc: 0.9582, Test Acc: 0.9146
  LR: 0.010000, Grad Norm: 1.0502, Throughput: 317.1 samples/s
accuracy_to_time_metric 0.06971772079374386
epoch 10
  Train Loss: 0.1178, Test Loss: 0.3425
  Train Acc: 0.9600, Test Acc: 0.9100
  LR: 0.010000, Grad Norm: 0.0356, Throughput: 357.1 samples/s
accuracy_to_time_metric 0.06257105342852178
Training summary saved to /home/s471802/nn-gpt/out/training_summary.json
  Train Loss: 0.5704, Test Loss: 0.7368
  Train Acc: 0.9093, Test Acc: 0.8942
  LR: 0.010000, Grad Norm: 0.0001, Throughput: 233.2 samples/s
accuracy_to_time_metric 0.059277415739355604
epoch 8
  Train Loss: 0.5359, Test Loss: 0.7330
  Train Acc: 0.9128, Test Acc: 0.8966
  LR: 0.010000, Grad Norm: 3.0000, Throughput: 239.0 samples/s
accuracy_to_time_metric 0.052127827089476185
epoch 9
  Train Loss: 0.5289, Test Loss: 0.8684
  Train Acc: 0.9140, Test Acc: 0.8774
  LR: 0.010000, Grad Norm: 0.6382, Throughput: 238.5 samples/s
accuracy_to_time_metric 0.045278004816673996
epoch 10
  Train Loss: 0.5379, Test Loss: 0.7021
  Train Acc: 0.9144, Test Acc: 0.8978
  LR: 0.010000, Grad Norm: 3.0000, Throughput: 238.9 samples/s
accuracy_to_time_metric 0.04187090898319966
[Reward Assign] error reward_batch_index=0 batch_item=2/4 completion_index=93 worker_slot=1 assigned_gpu=1 physical_gpu=1 worker_device=cuda:0 elapsed_seconds=1920.28 error=PersistentEvalWorkerError: Persistent eval worker timed out after 1920 seconds
[Reward Worker] Ready slot=1 pid=222387, assigned_gpu=1, assigned_cuda_visible_device='1', worker_device=cuda:0, cuda_visible_devices='1', cuda_available=True, cuda_device_count=1, rss_gib=0.53, torch_home='', physical_gpu_index=1, physical_gpu_bus_id='00000000:A1:00.0', physical_gpu_uuid='GPU-af6b4cf2-d47c-d86f-a1f1-7cd4bfd71da9', physical_binding_verified=True
[eval_only] 93/300 article_A_cifar10_epoch10-0092 formal_success=True acc=0.91
[eval_only] 94/300 article_A_cifar10_epoch10-0093 formal_success=False acc=None
[eval_only] 95/300 article_A_cifar10_epoch10-0094 formal_success=True acc=0.8916
[eval_only] 96/300 article_A_cifar10_epoch10-0095 formal_success=True acc=0.8668
[Reward Assign] reward_batch_index=0 batch_item=4/4 completion_index=99 worker_slot=3 assigned_gpu=3 physical_gpu=3 worker_device=cuda:0 gpu_name='NVIDIA L40S' gpu_free_gib=43.37 gpu_used_gib=1.02 gpu_total_gib=44.99 timeout_seconds=1920
[Reward Assign] reward_batch_index=0 batch_item=1/4 completion_index=96 worker_slot=0 assigned_gpu=0 physical_gpu=0 worker_device=cuda:0 gpu_name='NVIDIA L40S' gpu_free_gib=43.39 gpu_used_gib=1.00 gpu_total_gib=44.99 timeout_seconds=1920
[Reward Assign] reward_batch_index=0 batch_item=3/4 completion_index=98 worker_slot=2 assigned_gpu=2 physical_gpu=2 worker_device=cuda:0 gpu_name='NVIDIA L40S' gpu_free_gib=43.39 gpu_used_gib=1.00 gpu_total_gib=44.99 timeout_seconds=1920
[Reward Assign] reward_batch_index=0 batch_item=2/4 completion_index=97 worker_slot=1 assigned_gpu=1 physical_gpu=1 worker_device=cuda:0 gpu_name='NVIDIA L40S' gpu_free_gib=43.55 gpu_used_gib=0.85 gpu_total_gib=44.99 timeout_seconds=1920
LEMUR root /home/s471802/nn-gpt
Evaluating /home/s471802/nn-gpt/out/nn/tmp/7c08ce56b07717b64d29e8b39a9abf40.py...
Evaluating /home/s471802/nn-gpt/out/nn/tmp/f34a1c1a8d1107f999f6c8a6d33f48e7.py...
Evaluating /home/s471802/nn-gpt/out/nn/tmp/393ebeb2e3685c80a3f0cde0b2f8151d.py...
Evaluating /home/s471802/nn-gpt/out/nn/tmp/06477a479fdc7c26560e7121721d1eae.py...
epoch 1
epoch 1
epoch 1
epoch 1
  Train Loss: 0.6577, Test Loss: 0.5547
  Train Acc: 0.8499, Test Acc: 0.8888
  LR: 0.010000, Grad Norm: 3.0000, Throughput: 1802.3 samples/s
accuracy_to_time_metric 3.1589237639725765
epoch 2
  Train Loss: 0.6086, Test Loss: 0.6637
  Train Acc: 0.8867, Test Acc: 0.8790
  LR: 0.010000, Grad Norm: 3.0000, Throughput: 1845.7 samples/s
accuracy_to_time_metric 1.5751342689945784
epoch 3
  Train Loss: 0.4312, Test Loss: 0.3835
  Train Acc: 0.8575, Test Acc: 0.8656
  LR: 0.010000, Grad Norm: 3.0000, Throughput: 685.8 samples/s
accuracy_to_time_metric 1.1666326590249725
epoch 2
  Train Loss: 0.5799, Test Loss: 0.7710
  Train Acc: 0.8959, Test Acc: 0.8746
  LR: 0.010000, Grad Norm: 3.0000, Throughput: 1820.2 samples/s
accuracy_to_time_metric 1.0427723069747172
epoch 4
  Train Loss: 0.5958, Test Loss: 0.8456
  Train Acc: 0.8987, Test Acc: 0.8732
  LR: 0.010000, Grad Norm: 0.2011, Throughput: 1878.6 samples/s
accuracy_to_time_metric 0.7862458997418437
epoch 5
  Train Loss: 0.6018, Test Loss: 0.8319
  Train Acc: 0.9030, Test Acc: 0.8838
  LR: 0.010000, Grad Norm: 3.0000, Throughput: 1819.1 samples/s
accuracy_to_time_metric 0.6362951162740774
epoch 6
  Train Loss: 0.7586, Test Loss: 0.5164
  Train Acc: 0.8173, Test Acc: 0.8742
  LR: 0.010000, Grad Norm: 0.0701, Throughput: 360.6 samples/s
accuracy_to_time_metric 0.6203165329024293
epoch 2
  Train Loss: 0.3577, Test Loss: 0.3906
  Train Acc: 0.8797, Test Acc: 0.8748
  LR: 0.010000, Grad Norm: 3.0000, Throughput: 681.8 samples/s
accuracy_to_time_metric 0.5881551367253072
epoch 3
  Train Loss: 1.1946, Test Loss: 0.9271
  Train Acc: 0.5784, Test Acc: 0.6852
  LR: 0.010000, Grad Norm: 3.0000, Throughput: 347.6 samples/s
accuracy_to_time_metric 0.4520513428275557
epoch 2
  Train Loss: 0.5734, Test Loss: 0.7416
  Train Acc: 0.9064, Test Acc: 0.8866
  LR: 0.010000, Grad Norm: 3.0000, Throughput: 1827.0 samples/s
accuracy_to_time_metric 0.5317933459900154
epoch 7
  Train Loss: 0.5654, Test Loss: 0.8607
  Train Acc: 0.9088, Test Acc: 0.8782
  LR: 0.010000, Grad Norm: 0.1695, Throughput: 1771.3 samples/s
accuracy_to_time_metric 0.44872561436661523
epoch 8
  Train Loss: 0.3426, Test Loss: 0.4075
  Train Acc: 0.8854, Test Acc: 0.8716
  LR: 0.010000, Grad Norm: 3.0000, Throughput: 684.2 samples/s
accuracy_to_time_metric 0.39047819416830776
epoch 4
  Train Loss: 0.5545, Test Loss: 0.8025
  Train Acc: 0.9105, Test Acc: 0.8924
  LR: 0.010000, Grad Norm: 3.0000, Throughput: 1733.3 samples/s
accuracy_to_time_metric 0.39721243367624504
epoch 9
  Train Loss: 0.5434, Test Loss: 0.8915
  Train Acc: 0.9125, Test Acc: 0.8864
  LR: 0.010000, Grad Norm: 3.0000, Throughput: 1811.7 samples/s
accuracy_to_time_metric 0.350394634906555
epoch 10
  Train Loss: 0.7258, Test Loss: 0.8068
  Train Acc: 0.8581, Test Acc: 0.8488
  LR: 0.010000, Grad Norm: 3.0000, Throughput: 373.9 samples/s
accuracy_to_time_metric 0.305315376288361
epoch 3
  Train Loss: 0.5648, Test Loss: 0.8298
  Train Acc: 0.9123, Test Acc: 0.8950
  LR: 0.010000, Grad Norm: 3.0000, Throughput: 1906.3 samples/s
accuracy_to_time_metric 0.32038113289462494
Training summary saved to /home/s471802/nn-gpt/out/training_summary.json
  Train Loss: 0.8485, Test Loss: 0.6570
  Train Acc: 0.7110, Test Acc: 0.7698
  LR: 0.010000, Grad Norm: 3.0000, Throughput: 355.5 samples/s
accuracy_to_time_metric 0.2614850789920155
epoch 3
  Train Loss: 0.3314, Test Loss: 0.3830
  Train Acc: 0.8882, Test Acc: 0.8758
  LR: 0.010000, Grad Norm: 2.2073, Throughput: 701.8 samples/s
accuracy_to_time_metric 0.2963015425568126
epoch 5
  Train Loss: 0.3318, Test Loss: 0.3718
  Train Acc: 0.8894, Test Acc: 0.8796
  LR: 0.010000, Grad Norm: 3.0000, Throughput: 703.1 samples/s
accuracy_to_time_metric 0.23918875442673213
epoch 6
  Train Loss: 0.6622, Test Loss: 1.0315
  Train Acc: 0.8725, Test Acc: 0.8378
  LR: 0.010000, Grad Norm: 3.0000, Throughput: 377.3 samples/s
accuracy_to_time_metric 0.2023451881431376
epoch 4
  Train Loss: 0.6167, Test Loss: 0.4383
  Train Acc: 0.7938, Test Acc: 0.8502
  LR: 0.010000, Grad Norm: 3.0000, Throughput: 359.7 samples/s
accuracy_to_time_metric 0.1967239084413
epoch 4
  Train Loss: 0.3196, Test Loss: 0.4153
  Train Acc: 0.8924, Test Acc: 0.8694
  LR: 0.010000, Grad Norm: 3.0000, Throughput: 697.2 samples/s
accuracy_to_time_metric 0.19698661044448731
epoch 7
  Train Loss: 0.3163, Test Loss: 0.3606
  Train Acc: 0.8938, Test Acc: 0.8850
  LR: 0.010000, Grad Norm: 3.0000, Throughput: 686.4 samples/s
accuracy_to_time_metric 0.17205550952781068
epoch 8
  Train Loss: 0.6802, Test Loss: 0.7715
  Train Acc: 0.8775, Test Acc: 0.8618
  LR: 0.010000, Grad Norm: 0.0732, Throughput: 371.8 samples/s
accuracy_to_time_metric 0.1568263104265794
epoch 5
  Train Loss: 0.5032, Test Loss: 0.4626
  Train Acc: 0.8335, Test Acc: 0.8518
  LR: 0.010000, Grad Norm: 3.0000, Throughput: 356.8 samples/s
accuracy_to_time_metric 0.14812075430737856
epoch 5
  Train Loss: 0.3108, Test Loss: 0.4003
  Train Acc: 0.8955, Test Acc: 0.8698
  LR: 0.010000, Grad Norm: 1.1994, Throughput: 681.2 samples/s
accuracy_to_time_metric 0.1473547631982921
epoch 9
  Train Loss: 0.3113, Test Loss: 0.3558
  Train Acc: 0.8960, Test Acc: 0.8832
  LR: 0.010000, Grad Norm: 1.4163, Throughput: 693.8 samples/s
accuracy_to_time_metric 0.1333399825617421
epoch 10
  Train Loss: 0.6885, Test Loss: 0.8483
  Train Acc: 0.8794, Test Acc: 0.8526
  LR: 0.010000, Grad Norm: 3.0000, Throughput: 377.4 samples/s
accuracy_to_time_metric 0.12437800022261768
epoch 6
  Train Loss: 0.4754, Test Loss: 0.3816
  Train Acc: 0.8450, Test Acc: 0.8754
  LR: 0.010000, Grad Norm: 3.0000, Throughput: 358.3 samples/s
accuracy_to_time_metric 0.12244410427730903
epoch 6
  Train Loss: 0.3096, Test Loss: 0.3907
  Train Acc: 0.8976, Test Acc: 0.8736
  LR: 0.010000, Grad Norm: 3.0000, Throughput: 693.8 samples/s
accuracy_to_time_metric 0.11858942791729327
Training summary saved to /home/s471802/nn-gpt/out/training_summary.json
  Train Loss: 0.6660, Test Loss: 0.6038
  Train Acc: 0.8817, Test Acc: 0.8850
  LR: 0.010000, Grad Norm: 0.1836, Throughput: 377.1 samples/s
accuracy_to_time_metric 0.10834808430863559
epoch 7
  Train Loss: 0.4554, Test Loss: 0.3848
  Train Acc: 0.8498, Test Acc: 0.8730
  LR: 0.010000, Grad Norm: 3.0000, Throughput: 358.3 samples/s
accuracy_to_time_metric 0.1018491991651453
epoch 7
  Train Loss: 0.6382, Test Loss: 0.7614
  Train Acc: 0.8873, Test Acc: 0.8712
  LR: 0.010000, Grad Norm: 2.4826, Throughput: 375.5 samples/s
accuracy_to_time_metric 0.09132587379079811
epoch 8
  Train Loss: 0.4439, Test Loss: 0.3507
  Train Acc: 0.8552, Test Acc: 0.8802
  LR: 0.010000, Grad Norm: 3.0000, Throughput: 360.0 samples/s
accuracy_to_time_metric 0.08825283823467447
epoch 8
  Train Loss: 0.6412, Test Loss: 0.7207
  Train Acc: 0.8884, Test Acc: 0.8810
  LR: 0.010000, Grad Norm: 3.0000, Throughput: 377.8 samples/s
accuracy_to_time_metric 0.0810459638461554
epoch 9
  Train Loss: 0.4366, Test Loss: 0.3491
  Train Acc: 0.8584, Test Acc: 0.8858
  LR: 0.010000, Grad Norm: 3.0000, Throughput: 358.7 samples/s
accuracy_to_time_metric 0.07783132661030034
epoch 9
  Train Loss: 0.6838, Test Loss: 0.6778
  Train Acc: 0.8855, Test Acc: 0.8820
  LR: 0.010000, Grad Norm: 0.0000, Throughput: 372.5 samples/s
accuracy_to_time_metric 0.07210208544095767
epoch 10
  Train Loss: 0.4251, Test Loss: 0.3311
  Train Acc: 0.8608, Test Acc: 0.8902
  LR: 0.010000, Grad Norm: 3.0000, Throughput: 351.4 samples/s
accuracy_to_time_metric 0.06945167538639375
epoch 10
  Train Loss: 0.6601, Test Loss: 0.7956
  Train Acc: 0.8890, Test Acc: 0.8792
  LR: 0.010000, Grad Norm: 3.0000, Throughput: 352.2 samples/s
accuracy_to_time_metric 0.06426712506978739
Training summary saved to /home/s471802/nn-gpt/out/training_summary.json
  Train Loss: 0.4245, Test Loss: 0.3567
  Train Acc: 0.8612, Test Acc: 0.8846
  LR: 0.010000, Grad Norm: 3.0000, Throughput: 342.7 samples/s
accuracy_to_time_metric 0.06181973779608693
Training summary saved to /home/s471802/nn-gpt/out/training_summary.json
[eval_only] 97/300 article_A_cifar10_epoch10-0096 formal_success=True acc=0.8736
[eval_only] 98/300 article_A_cifar10_epoch10-0097 formal_success=True acc=0.8792
[eval_only] 99/300 article_A_cifar10_epoch10-0098 formal_success=True acc=0.8846
[eval_only] 100/300 article_A_cifar10_epoch10-0099 formal_success=True acc=0.895
[Reward Assign] reward_batch_index=0 batch_item=4/4 completion_index=103 worker_slot=3 assigned_gpu=3 physical_gpu=3 worker_device=cuda:0 gpu_name='NVIDIA L40S' gpu_free_gib=43.37 gpu_used_gib=1.02 gpu_total_gib=44.99 timeout_seconds=1920
[Reward Assign] reward_batch_index=0 batch_item=3/4 completion_index=102 worker_slot=2 assigned_gpu=2 physical_gpu=2 worker_device=cuda:0 gpu_name='NVIDIA L40S' gpu_free_gib=43.39 gpu_used_gib=1.00 gpu_total_gib=44.99 timeout_seconds=1920
[Reward Assign] reward_batch_index=0 batch_item=2/4 completion_index=101 worker_slot=1 assigned_gpu=1 physical_gpu=1 worker_device=cuda:0 gpu_name='NVIDIA L40S' gpu_free_gib=43.40 gpu_used_gib=1.00 gpu_total_gib=44.99 timeout_seconds=1920
[Reward Assign] reward_batch_index=0 batch_item=1/4 completion_index=100 worker_slot=0 assigned_gpu=0 physical_gpu=0 worker_device=cuda:0 gpu_name='NVIDIA L40S' gpu_free_gib=43.39 gpu_used_gib=1.00 gpu_total_gib=44.99 timeout_seconds=1920
Evaluating /home/s471802/nn-gpt/out/nn/tmp/26483373f1711ccc7ecc1f262c7cae56.py...
Evaluating /home/s471802/nn-gpt/out/nn/tmp/d4824e83bc3f9cba40e3919f849e946a.py...
Evaluating /home/s471802/nn-gpt/out/nn/tmp/56c7a47eda055360d1668bf1f34a9634.py...
Evaluating /home/s471802/nn-gpt/out/nn/tmp/67055f5d1a2406a8e0c798d3a3e3925e.py...
epoch 1
epoch 1
epoch 1
epoch 1
  Train Loss: 0.3542, Test Loss: 0.3125
  Train Acc: 0.8935, Test Acc: 0.9062
  LR: 0.010000, Grad Norm: 0.6126, Throughput: 708.9 samples/s
accuracy_to_time_metric 1.2700349374440254
epoch 2
  Train Loss: 0.3506, Test Loss: 0.3658
  Train Acc: 0.8946, Test Acc: 0.8986
  LR: 0.010000, Grad Norm: 1.1085, Throughput: 704.1 samples/s
accuracy_to_time_metric 1.249520690919485
epoch 2
  Train Loss: 0.6872, Test Loss: 0.7765
  Train Acc: 0.8492, Test Acc: 0.8710
  LR: 0.010000, Grad Norm: 3.0000, Throughput: 648.9 samples/s
accuracy_to_time_metric 1.1117982087971077
epoch 2
  Train Loss: 0.2457, Test Loss: 0.3642
  Train Acc: 0.9254, Test Acc: 0.9020
  LR: 0.010000, Grad Norm: 0.6067, Throughput: 693.8 samples/s
accuracy_to_time_metric 0.6243979161637492
epoch 3
  Train Loss: 0.2544, Test Loss: 0.3363
  Train Acc: 0.9224, Test Acc: 0.9060
  LR: 0.010000, Grad Norm: 0.4202, Throughput: 690.0 samples/s
accuracy_to_time_metric 0.6236710547887233
epoch 3
  Train Loss: 0.5944, Test Loss: 0.5855
  Train Acc: 0.8875, Test Acc: 0.8946
  LR: 0.010000, Grad Norm: 3.0000, Throughput: 647.2 samples/s
accuracy_to_time_metric 0.5717558386854387
epoch 3
  Train Loss: 0.2071, Test Loss: 0.2891
  Train Acc: 0.9342, Test Acc: 0.9190
  LR: 0.010000, Grad Norm: 3.0000, Throughput: 669.2 samples/s
accuracy_to_time_metric 0.4183132748320543
epoch 4
  Train Loss: 0.2036, Test Loss: 0.3650
  Train Acc: 0.9364, Test Acc: 0.9070
  LR: 0.010000, Grad Norm: 0.4707, Throughput: 666.6 samples/s
accuracy_to_time_metric 0.40996614629670985
epoch 4
  Train Loss: 0.5075, Test Loss: 0.4214
  Train Acc: 0.8354, Test Acc: 0.8594
  LR: 0.010000, Grad Norm: 3.0000, Throughput: 217.7 samples/s
accuracy_to_time_metric 0.3673172512747826
epoch 2
  Train Loss: 0.6065, Test Loss: 0.6593
  Train Acc: 0.8937, Test Acc: 0.8878
  LR: 0.010000, Grad Norm: 0.6154, Throughput: 624.5 samples/s
accuracy_to_time_metric 0.37312042589238437
epoch 4
  Train Loss: 0.1812, Test Loss: 0.3235
  Train Acc: 0.9434, Test Acc: 0.9102
  LR: 0.010000, Grad Norm: 3.0000, Throughput: 654.0 samples/s
accuracy_to_time_metric 0.3060823296868299
epoch 5
  Train Loss: 0.1816, Test Loss: 0.3161
  Train Acc: 0.9423, Test Acc: 0.9122
  LR: 0.010000, Grad Norm: 3.0000, Throughput: 652.2 samples/s
accuracy_to_time_metric 0.3054037323927349
epoch 5
  Train Loss: 0.5874, Test Loss: 0.7382
  Train Acc: 0.8997, Test Acc: 0.8914
  LR: 0.010000, Grad Norm: 3.0000, Throughput: 620.2 samples/s
accuracy_to_time_metric 0.2788632263049754
epoch 5
  Train Loss: 0.1566, Test Loss: 0.3103
  Train Acc: 0.9489, Test Acc: 0.9156
  LR: 0.010000, Grad Norm: 1.0016, Throughput: 675.1 samples/s
accuracy_to_time_metric 0.24606138746288567
epoch 6
  Train Loss: 0.1594, Test Loss: 0.3588
  Train Acc: 0.9476, Test Acc: 0.9066
  LR: 0.010000, Grad Norm: 0.1368, Throughput: 680.2 samples/s
accuracy_to_time_metric 0.24280234777257217
epoch 6
  Train Loss: 0.5841, Test Loss: 0.9355
  Train Acc: 0.9027, Test Acc: 0.8746
  LR: 0.010000, Grad Norm: 3.0000, Throughput: 644.1 samples/s
accuracy_to_time_metric 0.21896309804763542
epoch 6
  Train Loss: 0.1525, Test Loss: 0.3356
  Train Acc: 0.9503, Test Acc: 0.9120
  LR: 0.010000, Grad Norm: 0.0003, Throughput: 692.8 samples/s
accuracy_to_time_metric 0.20478167484030457
epoch 7
  Train Loss: 0.1526, Test Loss: 0.3186
  Train Acc: 0.9504, Test Acc: 0.9150
  LR: 0.010000, Grad Norm: 0.8254, Throughput: 690.4 samples/s
accuracy_to_time_metric 0.20503758210147766
epoch 7
  Train Loss: 0.4360, Test Loss: 0.4671
  Train Acc: 0.8596, Test Acc: 0.8488
  LR: 0.010000, Grad Norm: 3.0000, Throughput: 217.2 samples/s
accuracy_to_time_metric 0.180844827778396
epoch 3
  Train Loss: 0.5670, Test Loss: 0.7313
  Train Acc: 0.9077, Test Acc: 0.8908
  LR: 0.010000, Grad Norm: 0.7805, Throughput: 648.5 samples/s
accuracy_to_time_metric 0.18684103211458375
epoch 7
  Train Loss: 0.1350, Test Loss: 0.2962
  Train Acc: 0.9546, Test Acc: 0.9218
  LR: 0.010000, Grad Norm: 2.6373, Throughput: 694.6 samples/s
accuracy_to_time_metric 0.17810696245785018
epoch 8
  Train Loss: 0.1380, Test Loss: 0.3278
  Train Acc: 0.9544, Test Acc: 0.9122
  LR: 0.010000, Grad Norm: 3.0000, Throughput: 687.3 samples/s
accuracy_to_time_metric 0.17539862217328592
epoch 8
  Train Loss: 0.5633, Test Loss: 0.7018
  Train Acc: 0.9089, Test Acc: 0.8956
  LR: 0.010000, Grad Norm: 0.4047, Throughput: 653.3 samples/s
accuracy_to_time_metric 0.16163036616924853
epoch 8
  Train Loss: 0.1312, Test Loss: 0.3050
  Train Acc: 0.9564, Test Acc: 0.9174
  LR: 0.010000, Grad Norm: 3.0000, Throughput: 693.5 samples/s
accuracy_to_time_metric 0.15528225441473878
epoch 9
  Train Loss: 0.1256, Test Loss: 0.3107
  Train Acc: 0.9580, Test Acc: 0.9148
  LR: 0.010000, Grad Norm: 3.0000, Throughput: 687.4 samples/s
accuracy_to_time_metric 0.1541343578880507
epoch 9
  Train Loss: 0.5794, Test Loss: 0.7142
  Train Acc: 0.9082, Test Acc: 0.8964
  LR: 0.010000, Grad Norm: 1.1705, Throughput: 632.3 samples/s
accuracy_to_time_metric 0.141329428297162
epoch 9
  Train Loss: 0.1198, Test Loss: 0.3215
  Train Acc: 0.9600, Test Acc: 0.9124
  LR: 0.010000, Grad Norm: 1.6035, Throughput: 681.2 samples/s
accuracy_to_time_metric 0.13709924313533398
epoch 10
  Train Loss: 0.1180, Test Loss: 0.3154
  Train Acc: 0.9605, Test Acc: 0.9164
  LR: 0.010000, Grad Norm: 0.0485, Throughput: 677.4 samples/s
accuracy_to_time_metric 0.13717160895368097
epoch 10
  Train Loss: 0.4184, Test Loss: 0.5077
  Train Acc: 0.8667, Test Acc: 0.8452
  LR: 0.010000, Grad Norm: 1.5195, Throughput: 219.7 samples/s
accuracy_to_time_metric 0.12038764611438302
epoch 4
  Train Loss: 0.5334, Test Loss: 0.6521
  Train Acc: 0.9146, Test Acc: 0.9042
  LR: 0.010000, Grad Norm: 3.0000, Throughput: 652.8 samples/s
accuracy_to_time_metric 0.12713669639730313
epoch 10
  Train Loss: 0.1135, Test Loss: 0.3334
  Train Acc: 0.9612, Test Acc: 0.9132
  LR: 0.010000, Grad Norm: 2.7242, Throughput: 687.0 samples/s
accuracy_to_time_metric 0.1235544422550838
Training summary saved to /home/s471802/nn-gpt/out/training_summary.json
  Train Loss: 0.1097, Test Loss: 0.3457
  Train Acc: 0.9627, Test Acc: 0.9092
  LR: 0.010000, Grad Norm: 1.2151, Throughput: 683.4 samples/s
accuracy_to_time_metric 0.12239903899894176
Training summary saved to /home/s471802/nn-gpt/out/training_summary.json
  Train Loss: 0.5218, Test Loss: 0.7997
  Train Acc: 0.9158, Test Acc: 0.8914
  LR: 0.010000, Grad Norm: 3.0000, Throughput: 648.7 samples/s
accuracy_to_time_metric 0.11273218895870192
Training summary saved to /home/s471802/nn-gpt/out/training_summary.json
  Train Loss: 0.4071, Test Loss: 0.4288
  Train Acc: 0.8703, Test Acc: 0.8644
  LR: 0.010000, Grad Norm: 2.6269, Throughput: 221.2 samples/s
accuracy_to_time_metric 0.09292795194602181
epoch 5
  Train Loss: 0.3979, Test Loss: 0.4202
  Train Acc: 0.8724, Test Acc: 0.8692
  LR: 0.010000, Grad Norm: 2.0998, Throughput: 222.7 samples/s
accuracy_to_time_metric 0.07505957857811399
epoch 6
  Train Loss: 0.3938, Test Loss: 0.4766
  Train Acc: 0.8740, Test Acc: 0.8464
  LR: 0.010000, Grad Norm: 3.0000, Throughput: 220.5 samples/s
accuracy_to_time_metric 0.06073326032854238
epoch 7
  Train Loss: 0.3904, Test Loss: 0.5591
  Train Acc: 0.8757, Test Acc: 0.8322
  LR: 0.010000, Grad Norm: 3.0000, Throughput: 222.4 samples/s
accuracy_to_time_metric 0.05115169080584777
epoch 8
  Train Loss: 0.3940, Test Loss: 0.4544
  Train Acc: 0.8745, Test Acc: 0.8574
  LR: 0.010000, Grad Norm: 3.0000, Throughput: 222.2 samples/s
accuracy_to_time_metric 0.046349807150521456
epoch 9
  Train Loss: 0.3991, Test Loss: 0.4645
  Train Acc: 0.8750, Test Acc: 0.8634
  LR: 0.010000, Grad Norm: 3.0000, Throughput: 221.8 samples/s
accuracy_to_time_metric 0.04155418022817313
epoch 10
[Reward Assign] error reward_batch_index=0 batch_item=3/4 completion_index=102 worker_slot=2 assigned_gpu=2 physical_gpu=2 worker_device=cuda:0 elapsed_seconds=1920.10 error=PersistentEvalWorkerError: Persistent eval worker timed out after 1920 seconds
[Reward Worker] Ready slot=2 pid=225519, assigned_gpu=2, assigned_cuda_visible_device='2', worker_device=cuda:0, cuda_visible_devices='2', cuda_available=True, cuda_device_count=1, rss_gib=0.53, torch_home='', physical_gpu_index=2, physical_gpu_bus_id='00000000:C1:00.0', physical_gpu_uuid='GPU-eea99cfc-d106-2b97-e544-c42f75d49943', physical_binding_verified=True
[eval_only] 101/300 article_A_cifar10_epoch10-0100 formal_success=True acc=0.9092
[eval_only] 102/300 article_A_cifar10_epoch10-0101 formal_success=True acc=0.8914
[eval_only] 103/300 article_A_cifar10_epoch10-0102 formal_success=False acc=None
[eval_only] 104/300 article_A_cifar10_epoch10-0103 formal_success=True acc=0.9132
[Reward Assign] reward_batch_index=0 batch_item=1/4 completion_index=104 worker_slot=0 assigned_gpu=0 physical_gpu=0 worker_device=cuda:0 gpu_name='NVIDIA L40S' gpu_free_gib=43.39 gpu_used_gib=1.00 gpu_total_gib=44.99 timeout_seconds=1920
[Reward Assign] reward_batch_index=0 batch_item=2/4 completion_index=105 worker_slot=1 assigned_gpu=1 physical_gpu=1 worker_device=cuda:0 gpu_name='NVIDIA L40S' gpu_free_gib=43.40 gpu_used_gib=1.00 gpu_total_gib=44.99 timeout_seconds=1920
[Reward Assign] reward_batch_index=0 batch_item=3/4 completion_index=106 worker_slot=2 assigned_gpu=2 physical_gpu=2 worker_device=cuda:0 gpu_name='NVIDIA L40S' gpu_free_gib=31.64 gpu_used_gib=12.76 gpu_total_gib=44.99 timeout_seconds=1920
[Reward Assign] reward_batch_index=0 batch_item=4/4 completion_index=107 worker_slot=3 assigned_gpu=3 physical_gpu=3 worker_device=cuda:0 gpu_name='NVIDIA L40S' gpu_free_gib=43.37 gpu_used_gib=1.02 gpu_total_gib=44.99 timeout_seconds=1920
LEMUR root /home/s471802/nn-gpt
Evaluating /home/s471802/nn-gpt/out/nn/tmp/a3b8a768dc0c3185c477d9dbdc499b0a.py...
Evaluating /home/s471802/nn-gpt/out/nn/tmp/4585953c4f14b65d0ce322363d598525.py...
Evaluating /home/s471802/nn-gpt/out/nn/tmp/2ee3f5c404d1f246f6b58da61a8a9094.py...
Evaluating /home/s471802/nn-gpt/out/nn/tmp/1fdc63e9d1d31061b3bd057990e1e4bc.py...
epoch 1
epoch 1
epoch 1
epoch 1
  Train Loss: 0.4758, Test Loss: 0.4222
  Train Acc: 0.8402, Test Acc: 0.8558
  LR: 0.010000, Grad Norm: 3.0000, Throughput: 748.2 samples/s
accuracy_to_time_metric 1.2566468217471667
epoch 2
  Train Loss: 0.3474, Test Loss: 0.3357
  Train Acc: 0.8955, Test Acc: 0.8914
  LR: 0.010000, Grad Norm: 1.0249, Throughput: 626.0 samples/s
accuracy_to_time_metric 1.100938765042859
epoch 2
  Train Loss: 0.7286, Test Loss: 0.2703
  Train Acc: 0.7459, Test Acc: 0.9072
  LR: 0.010000, Grad Norm: 3.0000, Throughput: 612.9 samples/s
accuracy_to_time_metric 1.0994236086700953
epoch 2
  Train Loss: 0.3907, Test Loss: 0.4084
  Train Acc: 0.8685, Test Acc: 0.8652
  LR: 0.010000, Grad Norm: 3.0000, Throughput: 803.3 samples/s
accuracy_to_time_metric 0.6581580254199311
epoch 3
  Train Loss: 0.2467, Test Loss: 0.3358
  Train Acc: 0.9250, Test Acc: 0.9090
  LR: 0.010000, Grad Norm: 3.0000, Throughput: 642.3 samples/s
accuracy_to_time_metric 0.5695143538907831
epoch 3
  Train Loss: 0.2425, Test Loss: 0.1876
  Train Acc: 0.9185, Test Acc: 0.9318
  LR: 0.010000, Grad Norm: 3.0000, Throughput: 649.9 samples/s
accuracy_to_time_metric 0.5826433898736592
epoch 3
  Train Loss: 0.7318, Test Loss: 0.3737
  Train Acc: 0.7456, Test Acc: 0.8756
  LR: 0.010000, Grad Norm: 3.0000, Throughput: 289.8 samples/s
accuracy_to_time_metric 0.49942572910188826
epoch 2
  Train Loss: 0.3658, Test Loss: 0.4241
  Train Acc: 0.8772, Test Acc: 0.8600
  LR: 0.010000, Grad Norm: 1.8116, Throughput: 782.9 samples/s
accuracy_to_time_metric 0.4371595439471545
epoch 4
  Train Loss: 0.1548, Test Loss: 0.1560
  Train Acc: 0.9473, Test Acc: 0.9454
  LR: 0.010000, Grad Norm: 3.0000, Throughput: 700.9 samples/s
accuracy_to_time_metric 0.4082636554157704
epoch 4
  Train Loss: 0.2110, Test Loss: 0.2801
  Train Acc: 0.9340, Test Acc: 0.9138
  LR: 0.010000, Grad Norm: 0.0357, Throughput: 648.0 samples/s
accuracy_to_time_metric 0.38460335168619897
epoch 4
  Train Loss: 0.3513, Test Loss: 0.4490
  Train Acc: 0.8817, Test Acc: 0.8460
  LR: 0.010000, Grad Norm: 3.0000, Throughput: 793.5 samples/s
accuracy_to_time_metric 0.32341620274957367
epoch 5
  Train Loss: 0.1079, Test Loss: 0.1481
  Train Acc: 0.9632, Test Acc: 0.9510
  LR: 0.010000, Grad Norm: 3.0000, Throughput: 668.7 samples/s
accuracy_to_time_metric 0.3100510848591258
epoch 5
  Train Loss: 0.1823, Test Loss: 0.3067
  Train Acc: 0.9424, Test Acc: 0.9120
  LR: 0.010000, Grad Norm: 0.1322, Throughput: 647.3 samples/s
accuracy_to_time_metric 0.28874168338751266
epoch 5
  Train Loss: 0.3521, Test Loss: 0.4327
  Train Acc: 0.8812, Test Acc: 0.8582
  LR: 0.010000, Grad Norm: 3.0000, Throughput: 794.9 samples/s
accuracy_to_time_metric 0.2638334875954205
epoch 6
  Train Loss: 0.2616, Test Loss: 0.2426
  Train Acc: 0.9110, Test Acc: 0.9148
  LR: 0.010000, Grad Norm: 3.0000, Throughput: 299.0 samples/s
accuracy_to_time_metric 0.2663704714645961
epoch 3
  Train Loss: 0.3331, Test Loss: 0.4096
  Train Acc: 0.8881, Test Acc: 0.8690
  LR: 0.010000, Grad Norm: 3.0000, Throughput: 806.6 samples/s
accuracy_to_time_metric 0.2240229539208442
epoch 7
  Train Loss: 0.0767, Test Loss: 0.1435
  Train Acc: 0.9741, Test Acc: 0.9546
  LR: 0.010000, Grad Norm: 3.0000, Throughput: 672.8 samples/s
accuracy_to_time_metric 0.2502792766538544
epoch 6
  Train Loss: 0.1623, Test Loss: 0.3387
  Train Acc: 0.9475, Test Acc: 0.9138
  LR: 0.010000, Grad Norm: 3.0000, Throughput: 659.6 samples/s
accuracy_to_time_metric 0.2328129758089267
epoch 6
  Train Loss: 0.3297, Test Loss: 0.4204
  Train Acc: 0.8873, Test Acc: 0.8658
  LR: 0.010000, Grad Norm: 3.0000, Throughput: 776.1 samples/s
accuracy_to_time_metric 0.19080290451038523
epoch 8
  Train Loss: 0.0574, Test Loss: 0.1568
  Train Acc: 0.9804, Test Acc: 0.9494
  LR: 0.010000, Grad Norm: 1.0254, Throughput: 652.3 samples/s
accuracy_to_time_metric 0.2068929614973719
epoch 7
  Train Loss: 0.1547, Test Loss: 0.3251
  Train Acc: 0.9487, Test Acc: 0.9168
  LR: 0.010000, Grad Norm: 0.0211, Throughput: 637.7 samples/s
accuracy_to_time_metric 0.19437288551237414
epoch 7
  Train Loss: 0.3291, Test Loss: 0.4306
  Train Acc: 0.8888, Test Acc: 0.8678
  LR: 0.010000, Grad Norm: 1.4773, Throughput: 788.0 samples/s
accuracy_to_time_metric 0.16743377843795978
epoch 9
  Train Loss: 0.1602, Test Loss: 0.1926
  Train Acc: 0.9455, Test Acc: 0.9344
  LR: 0.010000, Grad Norm: 3.0000, Throughput: 296.6 samples/s
accuracy_to_time_metric 0.18230422089480688
epoch 4
  Train Loss: 0.0428, Test Loss: 0.1571
  Train Acc: 0.9850, Test Acc: 0.9514
  LR: 0.010000, Grad Norm: 3.0000, Throughput: 641.8 samples/s
accuracy_to_time_metric 0.1770909731459534
epoch 8
  Train Loss: 0.1384, Test Loss: 0.3133
  Train Acc: 0.9548, Test Acc: 0.9178
  LR: 0.010000, Grad Norm: 0.6362, Throughput: 644.7 samples/s
accuracy_to_time_metric 0.16685404283932964
epoch 8
  Train Loss: 0.3291, Test Loss: 0.4423
  Train Acc: 0.8888, Test Acc: 0.8662
  LR: 0.010000, Grad Norm: 3.0000, Throughput: 779.4 samples/s
accuracy_to_time_metric 0.1483702765701098
epoch 10
  Train Loss: 0.0356, Test Loss: 0.1520
  Train Acc: 0.9882, Test Acc: 0.9556
  LR: 0.010000, Grad Norm: 0.0198, Throughput: 638.0 samples/s
accuracy_to_time_metric 0.15516759006163994
epoch 9
  Train Loss: 0.1285, Test Loss: 0.3288
  Train Acc: 0.9569, Test Acc: 0.9160
  LR: 0.010000, Grad Norm: 3.0000, Throughput: 643.8 samples/s
accuracy_to_time_metric 0.14568161736159257
epoch 9
  Train Loss: 0.3247, Test Loss: 0.4361
  Train Acc: 0.8907, Test Acc: 0.8618
  LR: 0.010000, Grad Norm: 3.0000, Throughput: 785.1 samples/s
accuracy_to_time_metric 0.13275745937928796
Training summary saved to /home/s471802/nn-gpt/out/training_summary.json
  Train Loss: 0.1074, Test Loss: 0.1882
  Train Acc: 0.9625, Test Acc: 0.9372
  LR: 0.010000, Grad Norm: 1.5109, Throughput: 296.9 samples/s
accuracy_to_time_metric 0.13738662366857077
epoch 5
  Train Loss: 0.0265, Test Loss: 0.1897
  Train Acc: 0.9908, Test Acc: 0.9518
  LR: 0.010000, Grad Norm: 3.0000, Throughput: 639.6 samples/s
accuracy_to_time_metric 0.1369748694378845
epoch 10
  Train Loss: 0.1184, Test Loss: 0.3200
  Train Acc: 0.9601, Test Acc: 0.9174
  LR: 0.010000, Grad Norm: 0.2428, Throughput: 648.2 samples/s
accuracy_to_time_metric 0.1298172763644822
epoch 10
  Train Loss: 0.0236, Test Loss: 0.1613
  Train Acc: 0.9918, Test Acc: 0.9584
  LR: 0.010000, Grad Norm: 3.0000, Throughput: 627.4 samples/s
accuracy_to_time_metric 0.12374437020670964
Training summary saved to /home/s471802/nn-gpt/out/training_summary.json
  Train Loss: 0.1106, Test Loss: 0.3625
  Train Acc: 0.9622, Test Acc: 0.9112
  LR: 0.010000, Grad Norm: 3.0000, Throughput: 632.4 samples/s
accuracy_to_time_metric 0.11573521530368233
Training summary saved to /home/s471802/nn-gpt/out/training_summary.json
  Train Loss: 0.0748, Test Loss: 0.1951
  Train Acc: 0.9732, Test Acc: 0.9414
  LR: 0.010000, Grad Norm: 3.0000, Throughput: 293.0 samples/s
accuracy_to_time_metric 0.1102647020067685
epoch 6
  Train Loss: 0.0544, Test Loss: 0.1860
  Train Acc: 0.9810, Test Acc: 0.9462
  LR: 0.010000, Grad Norm: 3.0000, Throughput: 292.5 samples/s
accuracy_to_time_metric 0.09227602760328844
epoch 7
  Train Loss: 0.0430, Test Loss: 0.1793
  Train Acc: 0.9850, Test Acc: 0.9440
  LR: 0.010000, Grad Norm: 3.0000, Throughput: 286.7 samples/s
accuracy_to_time_metric 0.07857817717341894
epoch 8
  Train Loss: 0.0333, Test Loss: 0.1805
  Train Acc: 0.9889, Test Acc: 0.9466
  LR: 0.010000, Grad Norm: 3.0000, Throughput: 294.2 samples/s
accuracy_to_time_metric 0.06898872467204767
epoch 9
  Train Loss: 0.0270, Test Loss: 0.1925
  Train Acc: 0.9910, Test Acc: 0.9456
  LR: 0.010000, Grad Norm: 1.7628, Throughput: 290.7 samples/s
accuracy_to_time_metric 0.06118355032379205
epoch 10
  Train Loss: 0.0237, Test Loss: 0.1841
  Train Acc: 0.9916, Test Acc: 0.9458
  LR: 0.010000, Grad Norm: 3.0000, Throughput: 294.5 samples/s
accuracy_to_time_metric 0.055101395312105124
Training summary saved to /home/s471802/nn-gpt/out/training_summary.json
[eval_only] 105/300 article_A_cifar10_epoch10-0104 formal_success=True acc=0.8618
[eval_only] 106/300 article_A_cifar10_epoch10-0105 formal_success=True acc=0.9112
[eval_only] 107/300 article_A_cifar10_epoch10-0106 formal_success=True acc=0.9458
[eval_only] 108/300 article_A_cifar10_epoch10-0107 formal_success=True acc=0.9584
[Reward Assign] reward_batch_index=0 batch_item=1/4 completion_index=108 worker_slot=0 assigned_gpu=0 physical_gpu=0 worker_device=cuda:0 gpu_name='NVIDIA L40S' gpu_free_gib=43.39 gpu_used_gib=1.00 gpu_total_gib=44.99 timeout_seconds=1920
[Reward Assign] reward_batch_index=0 batch_item=3/4 completion_index=110 worker_slot=2 assigned_gpu=2 physical_gpu=2 worker_device=cuda:0 gpu_name='NVIDIA L40S' gpu_free_gib=43.41 gpu_used_gib=0.98 gpu_total_gib=44.99 timeout_seconds=1920
[Reward Assign] reward_batch_index=0 batch_item=4/4 completion_index=111 worker_slot=3 assigned_gpu=3 physical_gpu=3 worker_device=cuda:0 gpu_name='NVIDIA L40S' gpu_free_gib=43.37 gpu_used_gib=1.02 gpu_total_gib=44.99 timeout_seconds=1920
[Reward Assign] reward_batch_index=0 batch_item=2/4 completion_index=109 worker_slot=1 assigned_gpu=1 physical_gpu=1 worker_device=cuda:0 gpu_name='NVIDIA L40S' gpu_free_gib=43.40 gpu_used_gib=1.00 gpu_total_gib=44.99 timeout_seconds=1920
Evaluating /home/s471802/nn-gpt/out/nn/tmp/61166d079f62a56ec450dbd5db17740f.py...
Evaluating /home/s471802/nn-gpt/out/nn/tmp/f2d6de6ebe48ede82c29dac249cb0978.py...
Evaluating /home/s471802/nn-gpt/out/nn/tmp/8cb2ec06d53ba92603024ce74cf6382b.py...
Evaluating /home/s471802/nn-gpt/out/nn/tmp/08aee348a6a913db15e53dcad56f55f2.py...
epoch 1
epoch 1
epoch 1
epoch 1
  Train Loss: 0.6621, Test Loss: 0.6764
  Train Acc: 0.8497, Test Acc: 0.8652
  LR: 0.010000, Grad Norm: 0.0565, Throughput: 773.5 samples/s
accuracy_to_time_metric 1.3152334695182433
epoch 2
  Train Loss: 0.3669, Test Loss: 0.3186
  Train Acc: 0.8866, Test Acc: 0.9060
  LR: 0.010000, Grad Norm: 0.7573, Throughput: 782.7 samples/s
accuracy_to_time_metric 1.401875983640644
epoch 2
  Train Loss: 0.4007, Test Loss: 0.3884
  Train Acc: 0.8727, Test Acc: 0.8774
  LR: 0.010000, Grad Norm: 0.4154, Throughput: 671.0 samples/s
accuracy_to_time_metric 1.1592049016722732
epoch 2
  Train Loss: 0.6126, Test Loss: 0.6159
  Train Acc: 0.8861, Test Acc: 0.8872
  LR: 0.010000, Grad Norm: 1.1013, Throughput: 784.3 samples/s
accuracy_to_time_metric 0.6806143219156323
epoch 3
  Train Loss: 0.2757, Test Loss: 0.3250
  Train Acc: 0.9145, Test Acc: 0.9068
  LR: 0.010000, Grad Norm: 3.0000, Throughput: 821.0 samples/s
accuracy_to_time_metric 0.7177353885138744
epoch 3
  Train Loss: 0.3101, Test Loss: 0.3394
  Train Acc: 0.9000, Test Acc: 0.8926
  LR: 0.010000, Grad Norm: 0.6825, Throughput: 677.7 samples/s
accuracy_to_time_metric 0.5934115481656986
epoch 3
  Train Loss: 0.2336, Test Loss: 0.3056
  Train Acc: 0.9254, Test Acc: 0.9056
  LR: 0.010000, Grad Norm: 1.6612, Throughput: 812.4 samples/s
accuracy_to_time_metric 0.47980038488370813
epoch 4
  Train Loss: 0.6108, Test Loss: 0.7257
  Train Acc: 0.8939, Test Acc: 0.8894
  LR: 0.010000, Grad Norm: 3.0000, Throughput: 772.2 samples/s
accuracy_to_time_metric 0.45357348767778677
epoch 4
  Train Loss: 0.4985, Test Loss: 0.4408
  Train Acc: 0.8378, Test Acc: 0.8544
  LR: 0.010000, Grad Norm: 3.0000, Throughput: 247.2 samples/s
accuracy_to_time_metric 0.41437134831807076
epoch 2
  Train Loss: 0.2728, Test Loss: 0.3586
  Train Acc: 0.9108, Test Acc: 0.8886
  LR: 0.010000, Grad Norm: 3.0000, Throughput: 676.0 samples/s
accuracy_to_time_metric 0.39383464110092725
epoch 4
  Train Loss: 0.2150, Test Loss: 0.3388
  Train Acc: 0.9314, Test Acc: 0.9044
  LR: 0.010000, Grad Norm: 0.2045, Throughput: 817.4 samples/s
accuracy_to_time_metric 0.36062462808981377
epoch 5
  Train Loss: 0.5737, Test Loss: 0.6185
  Train Acc: 0.9006, Test Acc: 0.8912
  LR: 0.010000, Grad Norm: 3.0000, Throughput: 777.5 samples/s
accuracy_to_time_metric 0.34028054785281764
epoch 5
  Train Loss: 0.2598, Test Loss: 0.3203
  Train Acc: 0.9142, Test Acc: 0.9054
  LR: 0.010000, Grad Norm: 3.0000, Throughput: 670.4 samples/s
accuracy_to_time_metric 0.3011248385376056
epoch 5
  Train Loss: 0.2033, Test Loss: 0.3134
  Train Acc: 0.9345, Test Acc: 0.9160
  LR: 0.010000, Grad Norm: 3.0000, Throughput: 817.6 samples/s
accuracy_to_time_metric 0.29331242709249106
epoch 6
  Train Loss: 0.6025, Test Loss: 0.6893
  Train Acc: 0.9032, Test Acc: 0.8956
  LR: 0.010000, Grad Norm: 3.0000, Throughput: 779.6 samples/s
accuracy_to_time_metric 0.27402571803542464
epoch 6
  Train Loss: 0.2449, Test Loss: 0.3369
  Train Acc: 0.9190, Test Acc: 0.8974
  LR: 0.010000, Grad Norm: 2.5117, Throughput: 681.7 samples/s
accuracy_to_time_metric 0.2390437910659891
epoch 6
  Train Loss: 0.1905, Test Loss: 0.3275
  Train Acc: 0.9380, Test Acc: 0.9048
  LR: 0.010000, Grad Norm: 0.1725, Throughput: 824.3 samples/s
accuracy_to_time_metric 0.2417551962780805
epoch 7
  Train Loss: 0.5688, Test Loss: 0.8193
  Train Acc: 0.9074, Test Acc: 0.8886
  LR: 0.010000, Grad Norm: 3.0000, Throughput: 786.9 samples/s
accuracy_to_time_metric 0.22685333201237665
epoch 7
  Train Loss: 0.3859, Test Loss: 0.3889
  Train Acc: 0.8694, Test Acc: 0.8722
  LR: 0.010000, Grad Norm: 3.0000, Throughput: 254.1 samples/s
accuracy_to_time_metric 0.2149239474462717
epoch 3
  Train Loss: 0.1879, Test Loss: 0.3215
  Train Acc: 0.9398, Test Acc: 0.9124
  LR: 0.010000, Grad Norm: 2.2471, Throughput: 823.8 samples/s
accuracy_to_time_metric 0.20958194653260934
epoch 8
  Train Loss: 0.2335, Test Loss: 0.4019
  Train Acc: 0.9215, Test Acc: 0.8852
  LR: 0.010000, Grad Norm: 3.0000, Throughput: 681.7 samples/s
accuracy_to_time_metric 0.1964523598968002
epoch 7
  Train Loss: 0.5746, Test Loss: 0.8751
  Train Acc: 0.9086, Test Acc: 0.8778
  LR: 0.010000, Grad Norm: 3.0000, Throughput: 785.2 samples/s
accuracy_to_time_metric 0.19203187021412313
epoch 8
  Train Loss: 0.1801, Test Loss: 0.3224
  Train Acc: 0.9428, Test Acc: 0.9154
  LR: 0.010000, Grad Norm: 1.2019, Throughput: 829.3 samples/s
accuracy_to_time_metric 0.1844813942852795
epoch 9
  Train Loss: 0.5626, Test Loss: 0.6693
  Train Acc: 0.9097, Test Acc: 0.8956
  LR: 0.010000, Grad Norm: 3.0000, Throughput: 785.6 samples/s
accuracy_to_time_metric 0.17202718638568704
epoch 9
  Train Loss: 0.2324, Test Loss: 0.3213
  Train Acc: 0.9229, Test Acc: 0.9006
  LR: 0.010000, Grad Norm: 3.0000, Throughput: 679.7 samples/s
accuracy_to_time_metric 0.17180166676533948
epoch 8
  Train Loss: 0.1643, Test Loss: 0.3695
  Train Acc: 0.9455, Test Acc: 0.9034
  LR: 0.010000, Grad Norm: 2.0957, Throughput: 829.8 samples/s
accuracy_to_time_metric 0.1618682401176991
epoch 10
  Train Loss: 0.5364, Test Loss: 0.8567
  Train Acc: 0.9144, Test Acc: 0.8844
  LR: 0.010000, Grad Norm: 0.0000, Throughput: 792.6 samples/s
accuracy_to_time_metric 0.1510316886459411
epoch 10
  Train Loss: 0.2190, Test Loss: 0.3395
  Train Acc: 0.9272, Test Acc: 0.8940
  LR: 0.010000, Grad Norm: 3.0000, Throughput: 683.6 samples/s
accuracy_to_time_metric 0.14926750618411547
epoch 9
  Train Loss: 0.3648, Test Loss: 0.4019
  Train Acc: 0.8762, Test Acc: 0.8682
  LR: 0.010000, Grad Norm: 3.0000, Throughput: 254.8 samples/s
accuracy_to_time_metric 0.14331951890658987
epoch 4
  Train Loss: 0.1657, Test Loss: 0.3733
  Train Acc: 0.9446, Test Acc: 0.9108
  LR: 0.010000, Grad Norm: 0.0180, Throughput: 816.3 samples/s
accuracy_to_time_metric 0.147002277206605
Training summary saved to /home/s471802/nn-gpt/out/training_summary.json
  Train Loss: 0.5309, Test Loss: 0.7467
  Train Acc: 0.9144, Test Acc: 0.8934
  LR: 0.010000, Grad Norm: 3.0000, Throughput: 773.6 samples/s
accuracy_to_time_metric 0.13735312105982395
Training summary saved to /home/s471802/nn-gpt/out/training_summary.json
  Train Loss: 0.2129, Test Loss: 0.3266
  Train Acc: 0.9273, Test Acc: 0.9008
  LR: 0.010000, Grad Norm: 0.0182, Throughput: 676.1 samples/s
accuracy_to_time_metric 0.13378129841174818
epoch 10
  Train Loss: 0.2052, Test Loss: 0.3597
  Train Acc: 0.9320, Test Acc: 0.8980
  LR: 0.010000, Grad Norm: 0.7020, Throughput: 692.5 samples/s
accuracy_to_time_metric 0.12023941778653745
Training summary saved to /home/s471802/nn-gpt/out/training_summary.json
  Train Loss: 0.3533, Test Loss: 0.3801
  Train Acc: 0.8813, Test Acc: 0.8692
  LR: 0.010000, Grad Norm: 3.0000, Throughput: 255.2 samples/s
accuracy_to_time_metric 0.10797011006003446
epoch 5
  Train Loss: 0.3423, Test Loss: 0.3874
  Train Acc: 0.8842, Test Acc: 0.8744
  LR: 0.010000, Grad Norm: 3.0000, Throughput: 251.2 samples/s
accuracy_to_time_metric 0.08684769029443506
epoch 6
  Train Loss: 0.3381, Test Loss: 0.3806
  Train Acc: 0.8858, Test Acc: 0.8722
  LR: 0.010000, Grad Norm: 3.0000, Throughput: 252.3 samples/s
accuracy_to_time_metric 0.07215809293069798
epoch 7
  Train Loss: 0.3316, Test Loss: 0.3882
  Train Acc: 0.8873, Test Acc: 0.8730
  LR: 0.010000, Grad Norm: 1.9291, Throughput: 254.5 samples/s
accuracy_to_time_metric 0.06198376387806504
epoch 8
  Train Loss: 0.3270, Test Loss: 0.3763
  Train Acc: 0.8878, Test Acc: 0.8700
  LR: 0.010000, Grad Norm: 3.0000, Throughput: 256.0 samples/s
accuracy_to_time_metric 0.05411078988169284
epoch 9
  Train Loss: 0.3259, Test Loss: 0.3773
  Train Acc: 0.8896, Test Acc: 0.8736
  LR: 0.010000, Grad Norm: 3.0000, Throughput: 255.6 samples/s
accuracy_to_time_metric 0.04837529706912424
epoch 10
  Train Loss: 0.3221, Test Loss: 0.3635
  Train Acc: 0.8900, Test Acc: 0.8802
  LR: 0.010000, Grad Norm: 2.3577, Throughput: 254.1 samples/s
accuracy_to_time_metric 0.043920523145088534
Training summary saved to /home/s471802/nn-gpt/out/training_summary.json
[eval_only] 109/300 article_A_cifar10_epoch10-0108 formal_success=True acc=0.8802
[eval_only] 110/300 article_A_cifar10_epoch10-0109 formal_success=True acc=0.898
[eval_only] 111/300 article_A_cifar10_epoch10-0110 formal_success=True acc=0.9108
[eval_only] 112/300 article_A_cifar10_epoch10-0111 formal_success=True acc=0.8934
[Reward Assign] reward_batch_index=0 batch_item=2/4 completion_index=113 worker_slot=1 assigned_gpu=1 physical_gpu=1 worker_device=cuda:0 gpu_name='NVIDIA L40S' gpu_free_gib=43.40 gpu_used_gib=1.00 gpu_total_gib=44.99 timeout_seconds=1920
[Reward Assign] reward_batch_index=0 batch_item=3/4 completion_index=114 worker_slot=2 assigned_gpu=2 physical_gpu=2 worker_device=cuda:0 gpu_name='NVIDIA L40S' gpu_free_gib=43.41 gpu_used_gib=0.98 gpu_total_gib=44.99 timeout_seconds=1920
[Reward Assign] reward_batch_index=0 batch_item=4/4 completion_index=115 worker_slot=3 assigned_gpu=3 physical_gpu=3 worker_device=cuda:0 gpu_name='NVIDIA L40S' gpu_free_gib=43.37 gpu_used_gib=1.02 gpu_total_gib=44.99 timeout_seconds=1920
[Reward Assign] reward_batch_index=0 batch_item=1/4 completion_index=112 worker_slot=0 assigned_gpu=0 physical_gpu=0 worker_device=cuda:0 gpu_name='NVIDIA L40S' gpu_free_gib=43.39 gpu_used_gib=1.00 gpu_total_gib=44.99 timeout_seconds=1920
Evaluating /home/s471802/nn-gpt/out/nn/tmp/5b09407bc70b81ea57e8579a8c01190b.py...
Evaluating /home/s471802/nn-gpt/out/nn/tmp/e377703fc603e8a5401c2240a57da943.py...
Evaluating /home/s471802/nn-gpt/out/nn/tmp/ff03217f290ae0c085e416b5bc21619c.py...
Evaluating /home/s471802/nn-gpt/out/nn/tmp/27aebcbc19cbba3beadd3ad03d82212b.py...
epoch 1
epoch 1
epoch 1
epoch 1
  Train Loss: 0.3666, Test Loss: 0.2992
  Train Acc: 0.8828, Test Acc: 0.9076
  LR: 0.010000, Grad Norm: 3.0000, Throughput: 675.7 samples/s
accuracy_to_time_metric 1.2126635514008728
epoch 2
  Train Loss: 0.6640, Test Loss: 0.6328
  Train Acc: 0.8487, Test Acc: 0.8746
  LR: 0.010000, Grad Norm: 3.0000, Throughput: 681.1 samples/s
accuracy_to_time_metric 1.172427919370816
epoch 2
  Train Loss: 0.3205, Test Loss: 0.2699
  Train Acc: 0.9011, Test Acc: 0.9204
  LR: 0.010000, Grad Norm: 0.4009, Throughput: 594.7 samples/s
accuracy_to_time_metric 1.0841760891793206
epoch 2
  Train Loss: 0.3559, Test Loss: 0.3290
  Train Acc: 0.8945, Test Acc: 0.9032
  LR: 0.010000, Grad Norm: 0.0655, Throughput: 359.6 samples/s
accuracy_to_time_metric 0.6417788101511692
epoch 2
  Train Loss: 0.2637, Test Loss: 0.2981
  Train Acc: 0.9148, Test Acc: 0.9044
  LR: 0.010000, Grad Norm: 0.3470, Throughput: 678.9 samples/s
accuracy_to_time_metric 0.6048877000574522
epoch 3
  Train Loss: 0.6285, Test Loss: 0.5904
  Train Acc: 0.8852, Test Acc: 0.8938
  LR: 0.010000, Grad Norm: 1.1299, Throughput: 684.4 samples/s
accuracy_to_time_metric 0.6017307323625167
epoch 3
  Train Loss: 0.2203, Test Loss: 0.2798
  Train Acc: 0.9300, Test Acc: 0.9204
  LR: 0.010000, Grad Norm: 0.1057, Throughput: 607.8 samples/s
accuracy_to_time_metric 0.5476410715840296
epoch 3
  Train Loss: 0.6068, Test Loss: 0.7756
  Train Acc: 0.8949, Test Acc: 0.8764
  LR: 0.010000, Grad Norm: 3.0000, Throughput: 678.8 samples/s
accuracy_to_time_metric 0.3915062891417951
epoch 4
  Train Loss: 0.2310, Test Loss: 0.3130
  Train Acc: 0.9247, Test Acc: 0.9062
  LR: 0.010000, Grad Norm: 0.5621, Throughput: 671.3 samples/s
accuracy_to_time_metric 0.4028653025552291
epoch 4
  Train Loss: 0.1975, Test Loss: 0.2423
  Train Acc: 0.9365, Test Acc: 0.9248
  LR: 0.010000, Grad Norm: 3.0000, Throughput: 607.0 samples/s
accuracy_to_time_metric 0.3681456975412217
epoch 4
  Train Loss: 0.2484, Test Loss: 0.3122
  Train Acc: 0.9245, Test Acc: 0.9036
  LR: 0.010000, Grad Norm: 3.0000, Throughput: 361.1 samples/s
accuracy_to_time_metric 0.32162044706224974
epoch 3
  Train Loss: 0.5964, Test Loss: 0.5738
  Train Acc: 0.9000, Test Acc: 0.8976
  LR: 0.010000, Grad Norm: 0.1971, Throughput: 678.6 samples/s
accuracy_to_time_metric 0.3012966973225572
epoch 5
  Train Loss: 0.2050, Test Loss: 0.3597
  Train Acc: 0.9323, Test Acc: 0.8968
  LR: 0.010000, Grad Norm: 3.0000, Throughput: 671.1 samples/s
accuracy_to_time_metric 0.29811944155735787
epoch 5
  Train Loss: 0.1740, Test Loss: 0.2843
  Train Acc: 0.9441, Test Acc: 0.9178
  LR: 0.010000, Grad Norm: 3.0000, Throughput: 610.2 samples/s
accuracy_to_time_metric 0.27452512256294825
epoch 5
  Train Loss: 0.5789, Test Loss: 0.6566
  Train Acc: 0.9034, Test Acc: 0.9012
  LR: 0.010000, Grad Norm: 3.0000, Throughput: 678.5 samples/s
accuracy_to_time_metric 0.24194407833960194
epoch 6
  Train Loss: 0.1913, Test Loss: 0.3456
  Train Acc: 0.9357, Test Acc: 0.8984
  LR: 0.010000, Grad Norm: 3.0000, Throughput: 666.9 samples/s
accuracy_to_time_metric 0.2384326237170218
epoch 6
  Train Loss: 0.1596, Test Loss: 0.2943
  Train Acc: 0.9477, Test Acc: 0.9186
  LR: 0.010000, Grad Norm: 3.0000, Throughput: 588.1 samples/s
accuracy_to_time_metric 0.21857278106562075
epoch 6
  Train Loss: 0.2047, Test Loss: 0.3002
  Train Acc: 0.9360, Test Acc: 0.9128
  LR: 0.010000, Grad Norm: 3.0000, Throughput: 358.0 samples/s
accuracy_to_time_metric 0.21637264525423747
epoch 4
  Train Loss: 0.5689, Test Loss: 0.7883
  Train Acc: 0.9062, Test Acc: 0.8842
  LR: 0.010000, Grad Norm: 3.0000, Throughput: 665.7 samples/s
accuracy_to_time_metric 0.19661400189004566
epoch 7
  Train Loss: 0.1780, Test Loss: 0.3216
  Train Acc: 0.9405, Test Acc: 0.9064
  LR: 0.010000, Grad Norm: 3.0000, Throughput: 663.7 samples/s
accuracy_to_time_metric 0.20022002565453004
epoch 7
  Train Loss: 0.1460, Test Loss: 0.2622
  Train Acc: 0.9521, Test Acc: 0.9244
  LR: 0.010000, Grad Norm: 1.1381, Throughput: 597.0 samples/s
accuracy_to_time_metric 0.18320195562225164
epoch 7
  Train Loss: 0.5746, Test Loss: 0.7463
  Train Acc: 0.9069, Test Acc: 0.8972
  LR: 0.010000, Grad Norm: 0.0013, Throughput: 656.9 samples/s
accuracy_to_time_metric 0.1705396389756039
epoch 8
  Train Loss: 0.1619, Test Loss: 0.3275
  Train Acc: 0.9435, Test Acc: 0.9016
  LR: 0.010000, Grad Norm: 3.0000, Throughput: 655.8 samples/s
accuracy_to_time_metric 0.1700189614148121
epoch 8
  Train Loss: 0.1852, Test Loss: 0.3245
  Train Acc: 0.9418, Test Acc: 0.9100
  LR: 0.010000, Grad Norm: 0.0506, Throughput: 356.0 samples/s
accuracy_to_time_metric 0.16126119174051226
epoch 5
  Train Loss: 0.1339, Test Loss: 0.3428
  Train Acc: 0.9560, Test Acc: 0.9054
  LR: 0.010000, Grad Norm: 1.6772, Throughput: 594.7 samples/s
accuracy_to_time_metric 0.1531875554979603
epoch 8
  Train Loss: 0.5485, Test Loss: 1.0238
  Train Acc: 0.9128, Test Acc: 0.8740
  LR: 0.010000, Grad Norm: 3.0000, Throughput: 680.0 samples/s
accuracy_to_time_metric 0.1450164503905542
epoch 9
  Train Loss: 0.1560, Test Loss: 0.3160
  Train Acc: 0.9450, Test Acc: 0.9088
  LR: 0.010000, Grad Norm: 3.0000, Throughput: 671.0 samples/s
accuracy_to_time_metric 0.15015593030303234
epoch 9
  Train Loss: 0.5445, Test Loss: 0.7384
  Train Acc: 0.9120, Test Acc: 0.8952
  LR: 0.010000, Grad Norm: 0.0018, Throughput: 684.2 samples/s
accuracy_to_time_metric 0.132619565214207
epoch 10
  Train Loss: 0.1285, Test Loss: 0.2971
  Train Acc: 0.9574, Test Acc: 0.9234
  LR: 0.010000, Grad Norm: 3.0000, Throughput: 610.9 samples/s
accuracy_to_time_metric 0.13734334462514508
  Train Loss: 0.1483, Test Loss: 0.3141
  Train Acc: 0.9488, Test Acc: 0.9088
  LR: 0.010000, Grad Norm: 3.0000, Throughput: 677.3 samples/s
accuracy_to_time_metric 0.13364539539967007
epoch 9
epoch 10
  Train Loss: 0.1624, Test Loss: 0.3160
  Train Acc: 0.9480, Test Acc: 0.9114
  LR: 0.010000, Grad Norm: 3.0000, Throughput: 365.0 samples/s
accuracy_to_time_metric 0.12968112408339325
epoch 6
  Train Loss: 0.5347, Test Loss: 0.9336
  Train Acc: 0.9146, Test Acc: 0.8840
  LR: 0.010000, Grad Norm: 3.0000, Throughput: 675.4 samples/s
accuracy_to_time_metric 0.11765818645898116
Training summary saved to /home/s471802/nn-gpt/out/training_summary.json
  Train Loss: 0.1440, Test Loss: 0.3159
  Train Acc: 0.9488, Test Acc: 0.9102
  LR: 0.010000, Grad Norm: 0.9323, Throughput: 663.3 samples/s
accuracy_to_time_metric 0.12036302859637862
Training summary saved to /home/s471802/nn-gpt/out/training_summary.json
  Train Loss: 0.1261, Test Loss: 0.3132
  Train Acc: 0.9578, Test Acc: 0.9168
  LR: 0.010000, Grad Norm: 1.2923, Throughput: 600.4 samples/s
accuracy_to_time_metric 0.1210832103829492
epoch 10
  Train Loss: 0.1166, Test Loss: 0.2938
  Train Acc: 0.9611, Test Acc: 0.9200
  LR: 0.010000, Grad Norm: 1.2230, Throughput: 602.5 samples/s
accuracy_to_time_metric 0.10942587037256127
Training summary saved to /home/s471802/nn-gpt/out/training_summary.json
  Train Loss: 0.1539, Test Loss: 0.3146
  Train Acc: 0.9511, Test Acc: 0.9136
  LR: 0.010000, Grad Norm: 1.1542, Throughput: 360.3 samples/s
accuracy_to_time_metric 0.10838108869606752
epoch 7
  Train Loss: 0.1374, Test Loss: 0.3173
  Train Acc: 0.9540, Test Acc: 0.9120
  LR: 0.010000, Grad Norm: 3.0000, Throughput: 361.8 samples/s
accuracy_to_time_metric 0.0927842194735147
epoch 8
  Train Loss: 0.1293, Test Loss: 0.3633
  Train Acc: 0.9570, Test Acc: 0.9082
  LR: 0.010000, Grad Norm: 0.2506, Throughput: 364.3 samples/s
accuracy_to_time_metric 0.08091973980349236
epoch 9
  Train Loss: 0.1205, Test Loss: 0.3193
  Train Acc: 0.9596, Test Acc: 0.9188
  LR: 0.010000, Grad Norm: 0.7491, Throughput: 360.0 samples/s
accuracy_to_time_metric 0.07285619663130208
epoch 10
  Train Loss: 0.1157, Test Loss: 0.3403
  Train Acc: 0.9613, Test Acc: 0.9130
  LR: 0.010000, Grad Norm: 0.0080, Throughput: 357.5 samples/s
accuracy_to_time_metric 0.06504922283102817
Training summary saved to /home/s471802/nn-gpt/out/training_summary.json
[eval_only] 113/300 article_A_cifar10_epoch10-0112 formal_success=True acc=0.884
[eval_only] 114/300 article_A_cifar10_epoch10-0113 formal_success=True acc=0.9102
[eval_only] 115/300 article_A_cifar10_epoch10-0114 formal_success=True acc=0.913
[eval_only] 116/300 article_A_cifar10_epoch10-0115 formal_success=True acc=0.92
[Reward Assign] reward_batch_index=0 batch_item=1/4 completion_index=116 worker_slot=0 assigned_gpu=0 physical_gpu=0 worker_device=cuda:0 gpu_name='NVIDIA L40S' gpu_free_gib=43.39 gpu_used_gib=1.00 gpu_total_gib=44.99 timeout_seconds=1920
[Reward Assign] reward_batch_index=0 batch_item=2/4 completion_index=117 worker_slot=1 assigned_gpu=1 physical_gpu=1 worker_device=cuda:0 gpu_name='NVIDIA L40S' gpu_free_gib=43.40 gpu_used_gib=1.00 gpu_total_gib=44.99 timeout_seconds=1920
[Reward Assign] reward_batch_index=0 batch_item=3/4 completion_index=118 worker_slot=2 assigned_gpu=2 physical_gpu=2 worker_device=cuda:0 gpu_name='NVIDIA L40S' gpu_free_gib=43.41 gpu_used_gib=0.98 gpu_total_gib=44.99 timeout_seconds=1920
[Reward Assign] reward_batch_index=0 batch_item=4/4 completion_index=119 worker_slot=3 assigned_gpu=3 physical_gpu=3 worker_device=cuda:0 gpu_name='NVIDIA L40S' gpu_free_gib=43.37 gpu_used_gib=1.02 gpu_total_gib=44.99 timeout_seconds=1920
Evaluating /home/s471802/nn-gpt/out/nn/tmp/eb54de105b9683e4432fadd58a1698c7.py...
Evaluating /home/s471802/nn-gpt/out/nn/tmp/cec3038f999decdf653b8abbf83464bc.py...
Evaluating /home/s471802/nn-gpt/out/nn/tmp/c32b5228ecade857243da4b364186d05.py...
Evaluating /home/s471802/nn-gpt/out/nn/tmp/902d945679789e747eef626ae1a5924a.py...
epoch 1
epoch 1
epoch 1
epoch 1
  Train Loss: 0.5849, Test Loss: 0.3889
  Train Acc: 0.7993, Test Acc: 0.8714
  LR: 0.010000, Grad Norm: 3.0000, Throughput: 915.1 samples/s
accuracy_to_time_metric 1.5685574011415284
epoch 2
  Train Loss: 0.6583, Test Loss: 0.6551
  Train Acc: 0.8495, Test Acc: 0.8670
  LR: 0.010000, Grad Norm: 3.0000, Throughput: 818.1 samples/s
accuracy_to_time_metric 1.3943966052431116
epoch 2
  Train Loss: 0.6550, Test Loss: 0.6127
  Train Acc: 0.8495, Test Acc: 0.8776
  LR: 0.010000, Grad Norm: 3.0000, Throughput: 661.5 samples/s
accuracy_to_time_metric 1.1430828813644187
epoch 2
  Train Loss: 0.2974, Test Loss: 0.2756
  Train Acc: 0.8991, Test Acc: 0.9034
  LR: 0.010000, Grad Norm: 3.0000, Throughput: 963.2 samples/s
accuracy_to_time_metric 0.8368597535398208
epoch 3
  Train Loss: 0.6217, Test Loss: 0.5725
  Train Acc: 0.8877, Test Acc: 0.8870
  LR: 0.010000, Grad Norm: 3.0000, Throughput: 814.9 samples/s
accuracy_to_time_metric 0.7132968700190926
epoch 3
  Train Loss: 0.6100, Test Loss: 0.7424
  Train Acc: 0.8862, Test Acc: 0.8772
  LR: 0.010000, Grad Norm: 3.0000, Throughput: 678.2 samples/s
accuracy_to_time_metric 0.5779138303012796
epoch 3
  Train Loss: 0.2107, Test Loss: 0.2944
  Train Acc: 0.9278, Test Acc: 0.9004
  LR: 0.010000, Grad Norm: 3.0000, Throughput: 973.1 samples/s
accuracy_to_time_metric 0.5622822839163651
epoch 4
  Train Loss: 0.6081, Test Loss: 0.8770
  Train Acc: 0.8944, Test Acc: 0.8700
  LR: 0.010000, Grad Norm: 3.0000, Throughput: 840.3 samples/s
accuracy_to_time_metric 0.46954497357555924
epoch 4
  Train Loss: 0.4982, Test Loss: 0.4161
  Train Acc: 0.8470, Test Acc: 0.8700
  LR: 0.010000, Grad Norm: 3.0000, Throughput: 257.8 samples/s
accuracy_to_time_metric 0.4410978762555703
epoch 2
  Train Loss: 0.1688, Test Loss: 0.3017
  Train Acc: 0.9422, Test Acc: 0.9084
  LR: 0.010000, Grad Norm: 3.0000, Throughput: 974.2 samples/s
accuracy_to_time_metric 0.42853640880525756
epoch 5
  Train Loss: 0.6053, Test Loss: 0.6768
  Train Acc: 0.8951, Test Acc: 0.8854
  LR: 0.010000, Grad Norm: 0.0611, Throughput: 675.0 samples/s
accuracy_to_time_metric 0.39025738703046303
epoch 4
  Train Loss: 0.5765, Test Loss: 0.7482
  Train Acc: 0.9010, Test Acc: 0.8832
  LR: 0.010000, Grad Norm: 3.0000, Throughput: 821.4 samples/s
accuracy_to_time_metric 0.3578275498977602
epoch 5
  Train Loss: 0.1322, Test Loss: 0.2725
  Train Acc: 0.9550, Test Acc: 0.9168
  LR: 0.010000, Grad Norm: 3.0000, Throughput: 990.2 samples/s
accuracy_to_time_metric 0.3487791167662804
epoch 6
  Train Loss: 0.5934, Test Loss: 0.6979
  Train Acc: 0.8995, Test Acc: 0.8872
  LR: 0.010000, Grad Norm: 3.0000, Throughput: 685.6 samples/s
accuracy_to_time_metric 0.2948399637273031
epoch 5
  Train Loss: 0.5643, Test Loss: 1.0028
  Train Acc: 0.9052, Test Acc: 0.8608
  LR: 0.010000, Grad Norm: 1.1746, Throughput: 834.2 samples/s
accuracy_to_time_metric 0.2787587470121116
epoch 6
  Train Loss: 0.1071, Test Loss: 0.2482
  Train Acc: 0.9632, Test Acc: 0.9222
  LR: 0.010000, Grad Norm: 0.7692, Throughput: 984.1 samples/s
accuracy_to_time_metric 0.2936240875638733
epoch 7
  Train Loss: 0.0876, Test Loss: 0.2624
  Train Acc: 0.9702, Test Acc: 0.9196
  LR: 0.010000, Grad Norm: 3.0000, Throughput: 975.5 samples/s
accuracy_to_time_metric 0.2510505572840775
epoch 8
  Train Loss: 0.5765, Test Loss: 0.7694
  Train Acc: 0.9072, Test Acc: 0.8850
  LR: 0.010000, Grad Norm: 3.0000, Throughput: 832.0 samples/s
accuracy_to_time_metric 0.23998017312154846
epoch 7
  Train Loss: 0.5682, Test Loss: 0.6544
  Train Acc: 0.9049, Test Acc: 0.8978
  LR: 0.010000, Grad Norm: 3.0000, Throughput: 678.7 samples/s
accuracy_to_time_metric 0.239294188928697
epoch 6
  Train Loss: 0.4302, Test Loss: 0.5067
  Train Acc: 0.8731, Test Acc: 0.8634
  LR: 0.010000, Grad Norm: 3.0000, Throughput: 263.0 samples/s
accuracy_to_time_metric 0.2207929436213841
epoch 3
  Train Loss: 0.0768, Test Loss: 0.2754
  Train Acc: 0.9729, Test Acc: 0.9248
  LR: 0.010000, Grad Norm: 0.7006, Throughput: 963.6 samples/s
accuracy_to_time_metric 0.22096611888127493
epoch 9
  Train Loss: 0.5743, Test Loss: 0.7810
  Train Acc: 0.9083, Test Acc: 0.8906
  LR: 0.010000, Grad Norm: 0.9131, Throughput: 818.4 samples/s
accuracy_to_time_metric 0.20685456931058624
epoch 8
  Train Loss: 0.5580, Test Loss: 0.7032
  Train Acc: 0.9086, Test Acc: 0.8976
  LR: 0.010000, Grad Norm: 0.0000, Throughput: 660.2 samples/s
accuracy_to_time_metric 0.19857775106612288
epoch 7
  Train Loss: 0.0680, Test Loss: 0.2875
  Train Acc: 0.9767, Test Acc: 0.9208
  LR: 0.010000, Grad Norm: 3.0000, Throughput: 968.1 samples/s
accuracy_to_time_metric 0.19549701720205925
epoch 10
  Train Loss: 0.5484, Test Loss: 0.7147
  Train Acc: 0.9123, Test Acc: 0.9010
  LR: 0.010000, Grad Norm: 3.0000, Throughput: 816.1 samples/s
accuracy_to_time_metric 0.1831078682421805
epoch 9
  Train Loss: 0.0582, Test Loss: 0.2766
  Train Acc: 0.9804, Test Acc: 0.9306
  LR: 0.010000, Grad Norm: 3.0000, Throughput: 994.1 samples/s
accuracy_to_time_metric 0.178538801814116
Training summary saved to /home/s471802/nn-gpt/out/training_summary.json
  Train Loss: 0.5831, Test Loss: 0.7114
  Train Acc: 0.9086, Test Acc: 0.9002
  LR: 0.010000, Grad Norm: 0.2524, Throughput: 687.7 samples/s
accuracy_to_time_metric 0.17127645580863451
epoch 8
  Train Loss: 0.5409, Test Loss: 0.7463
  Train Acc: 0.9138, Test Acc: 0.8908
  LR: 0.010000, Grad Norm: 3.0000, Throughput: 835.3 samples/s
accuracy_to_time_metric 0.16092115031948956
epoch 10
  Train Loss: 0.4102, Test Loss: 0.4608
  Train Acc: 0.8810, Test Acc: 0.8708
  LR: 0.010000, Grad Norm: 3.0000, Throughput: 261.0 samples/s
accuracy_to_time_metric 0.14873477589849285
epoch 4
  Train Loss: 0.5780, Test Loss: 0.7764
  Train Acc: 0.9100, Test Acc: 0.8930
  LR: 0.010000, Grad Norm: 3.0000, Throughput: 663.4 samples/s
accuracy_to_time_metric 0.14818735964832588
epoch 9
  Train Loss: 0.5674, Test Loss: 0.7141
  Train Acc: 0.9138, Test Acc: 0.9022
  LR: 0.010000, Grad Norm: 3.0000, Throughput: 807.3 samples/s
accuracy_to_time_metric 0.14658353904071394
Training summary saved to /home/s471802/nn-gpt/out/training_summary.json
  Train Loss: 0.5570, Test Loss: 0.7122
  Train Acc: 0.9124, Test Acc: 0.8980
  LR: 0.010000, Grad Norm: 1.9801, Throughput: 671.3 samples/s
accuracy_to_time_metric 0.13249818588107215
epoch 10
  Train Loss: 0.5513, Test Loss: 0.7962
  Train Acc: 0.9136, Test Acc: 0.8978
  LR: 0.010000, Grad Norm: 3.0000, Throughput: 687.1 samples/s
accuracy_to_time_metric 0.11945449227161964
Training summary saved to /home/s471802/nn-gpt/out/training_summary.json
  Train Loss: 0.4027, Test Loss: 0.5423
  Train Acc: 0.8845, Test Acc: 0.8524
  LR: 0.010000, Grad Norm: 3.0000, Throughput: 261.6 samples/s
accuracy_to_time_metric 0.10898507098636503
epoch 5
  Train Loss: 0.3840, Test Loss: 0.4558
  Train Acc: 0.8884, Test Acc: 0.8760
  LR: 0.010000, Grad Norm: 0.0521, Throughput: 263.7 samples/s
accuracy_to_time_metric 0.0901172960076246
epoch 6
  Train Loss: 0.3850, Test Loss: 0.5207
  Train Acc: 0.8893, Test Acc: 0.8670
  LR: 0.010000, Grad Norm: 0.4132, Throughput: 262.2 samples/s
accuracy_to_time_metric 0.07426390149249598
epoch 7
  Train Loss: 0.3782, Test Loss: 0.4499
  Train Acc: 0.8921, Test Acc: 0.8810
  LR: 0.010000, Grad Norm: 3.0000, Throughput: 260.3 samples/s
accuracy_to_time_metric 0.06476998483494763
epoch 8
  Train Loss: 0.3655, Test Loss: 0.4507
  Train Acc: 0.8929, Test Acc: 0.8762
  LR: 0.010000, Grad Norm: 0.0935, Throughput: 259.7 samples/s
accuracy_to_time_metric 0.05627833238025647
epoch 9
  Train Loss: 0.3703, Test Loss: 0.5051
  Train Acc: 0.8940, Test Acc: 0.8698
  LR: 0.010000, Grad Norm: 0.0501, Throughput: 263.3 samples/s
accuracy_to_time_metric 0.04965824371377202
epoch 10
  Train Loss: 0.3717, Test Loss: 0.4547
  Train Acc: 0.8947, Test Acc: 0.8764
  LR: 0.010000, Grad Norm: 3.0000, Throughput: 262.7 samples/s
accuracy_to_time_metric 0.045098257366136166
Training summary saved to /home/s471802/nn-gpt/out/training_summary.json
[eval_only] 117/300 article_A_cifar10_epoch10-0116 formal_success=True acc=0.8978
[eval_only] 118/300 article_A_cifar10_epoch10-0117 formal_success=True acc=0.9022
[eval_only] 119/300 article_A_cifar10_epoch10-0118 formal_success=True acc=0.8764
[eval_only] 120/300 article_A_cifar10_epoch10-0119 formal_success=True acc=0.9306
[Reward Assign] reward_batch_index=0 batch_item=1/4 completion_index=120 worker_slot=0 assigned_gpu=0 physical_gpu=0 worker_device=cuda:0 gpu_name='NVIDIA L40S' gpu_free_gib=43.39 gpu_used_gib=1.00 gpu_total_gib=44.99 timeout_seconds=1920
[Reward Assign] reward_batch_index=0 batch_item=2/4 completion_index=121 worker_slot=1 assigned_gpu=1 physical_gpu=1 worker_device=cuda:0 gpu_name='NVIDIA L40S' gpu_free_gib=43.40 gpu_used_gib=1.00 gpu_total_gib=44.99 timeout_seconds=1920
[Reward Assign] reward_batch_index=0 batch_item=3/4 completion_index=122 worker_slot=2 assigned_gpu=2 physical_gpu=2 worker_device=cuda:0 gpu_name='NVIDIA L40S' gpu_free_gib=43.41 gpu_used_gib=0.98 gpu_total_gib=44.99 timeout_seconds=1920
[Reward Assign] reward_batch_index=0 batch_item=4/4 completion_index=123 worker_slot=3 assigned_gpu=3 physical_gpu=3 worker_device=cuda:0 gpu_name='NVIDIA L40S' gpu_free_gib=43.37 gpu_used_gib=1.02 gpu_total_gib=44.99 timeout_seconds=1920
Evaluating /home/s471802/nn-gpt/out/nn/tmp/bb0e4e12d1960fa31aec8e1d9cf97c4e.py...
Evaluating /home/s471802/nn-gpt/out/nn/tmp/32227d9a4146095b784fbbb02068a4f5.py...
Evaluating /home/s471802/nn-gpt/out/nn/tmp/8c9b202a9fb0d9315f939b9c85507314.py...
Evaluating /home/s471802/nn-gpt/out/nn/tmp/ebd6b38046c402028386ed1d7921108f.py...
epoch 1
epoch 1
epoch 1
epoch 1
  Train Loss: 0.6752, Test Loss: 0.7139
  Train Acc: 0.8464, Test Acc: 0.8790
  LR: 0.010000, Grad Norm: 0.0133, Throughput: 1811.8 samples/s
accuracy_to_time_metric 3.135986728724448
epoch 2
  Train Loss: 0.6067, Test Loss: 0.6106
  Train Acc: 0.8859, Test Acc: 0.8894
  LR: 0.010000, Grad Norm: 0.1089, Throughput: 1759.0 samples/s
accuracy_to_time_metric 1.562304340071565
epoch 3
  Train Loss: 0.5484, Test Loss: 0.4227
  Train Acc: 0.8171, Test Acc: 0.8514
  LR: 0.010000, Grad Norm: 2.6081, Throughput: 732.9 samples/s
accuracy_to_time_metric 1.2236463958868846
epoch 2
  Train Loss: 0.6578, Test Loss: 0.6558
  Train Acc: 0.8486, Test Acc: 0.8756
  LR: 0.010000, Grad Norm: 0.1593, Throughput: 673.6 samples/s
accuracy_to_time_metric 1.1609253030192037
epoch 2
  Train Loss: 0.5960, Test Loss: 0.6862
  Train Acc: 0.8954, Test Acc: 0.8888
  LR: 0.010000, Grad Norm: 0.3814, Throughput: 1848.7 samples/s
accuracy_to_time_metric 1.0520977963806413
epoch 4
  Train Loss: 0.5752, Test Loss: 0.6529
  Train Acc: 0.9010, Test Acc: 0.8956
  LR: 0.010000, Grad Norm: 3.0000, Throughput: 1853.7 samples/s
accuracy_to_time_metric 0.8007767331319108
epoch 5
  Train Loss: 0.4117, Test Loss: 0.4231
  Train Acc: 0.8593, Test Acc: 0.8524
  LR: 0.010000, Grad Norm: 3.0000, Throughput: 750.7 samples/s
accuracy_to_time_metric 0.6194799862853418
epoch 3
  Train Loss: 0.5662, Test Loss: 0.6367
  Train Acc: 0.9025, Test Acc: 0.9030
  LR: 0.010000, Grad Norm: 3.0000, Throughput: 1712.1 samples/s
accuracy_to_time_metric 0.6386147579445495
epoch 6
  Train Loss: 0.6227, Test Loss: 0.8176
  Train Acc: 0.8849, Test Acc: 0.8686
  LR: 0.010000, Grad Norm: 3.0000, Throughput: 662.2 samples/s
accuracy_to_time_metric 0.5699020321376429
epoch 3
  Train Loss: 0.5683, Test Loss: 0.6609
  Train Acc: 0.9051, Test Acc: 0.8982
  LR: 0.010000, Grad Norm: 3.0000, Throughput: 1804.0 samples/s
accuracy_to_time_metric 0.5287122485452226
epoch 7
  Train Loss: 0.6520, Test Loss: 0.8458
  Train Acc: 0.8526, Test Acc: 0.8432
  LR: 0.010000, Grad Norm: 3.0000, Throughput: 267.8 samples/s
accuracy_to_time_metric 0.44233622453465543
epoch 2
  Train Loss: 0.5859, Test Loss: 0.7357
  Train Acc: 0.9087, Test Acc: 0.8930
  LR: 0.010000, Grad Norm: 3.0000, Throughput: 1839.4 samples/s
accuracy_to_time_metric 0.4517532484039391
epoch 8
  Train Loss: 0.3834, Test Loss: 0.4087
  Train Acc: 0.8692, Test Acc: 0.8590
  LR: 0.010000, Grad Norm: 3.0000, Throughput: 747.2 samples/s
accuracy_to_time_metric 0.4175298834170611
epoch 4
  Train Loss: 0.5455, Test Loss: 1.0519
  Train Acc: 0.9121, Test Acc: 0.8686
  LR: 0.010000, Grad Norm: 0.2188, Throughput: 1790.1 samples/s
accuracy_to_time_metric 0.3828054753645462
epoch 9
  Train Loss: 0.6107, Test Loss: 0.7104
  Train Acc: 0.8945, Test Acc: 0.8830
  LR: 0.010000, Grad Norm: 3.0000, Throughput: 683.9 samples/s
accuracy_to_time_metric 0.3900102493253025
epoch 4
  Train Loss: 0.5506, Test Loss: 0.6952
  Train Acc: 0.9125, Test Acc: 0.8992
  LR: 0.010000, Grad Norm: 3.0000, Throughput: 1754.7 samples/s
accuracy_to_time_metric 0.3528017566559815
epoch 10
  Train Loss: 0.3657, Test Loss: 0.4100
  Train Acc: 0.8757, Test Acc: 0.8582
  LR: 0.010000, Grad Norm: 3.0000, Throughput: 748.6 samples/s
accuracy_to_time_metric 0.3133039797175517
epoch 5
  Train Loss: 0.5450, Test Loss: 0.7863
  Train Acc: 0.9148, Test Acc: 0.8950
  LR: 0.010000, Grad Norm: 0.0666, Throughput: 1782.7 samples/s
accuracy_to_time_metric 0.3156311173350345
Training summary saved to /home/s471802/nn-gpt/out/training_summary.json
  Train Loss: 0.5823, Test Loss: 0.7987
  Train Acc: 0.9019, Test Acc: 0.8764
  LR: 0.010000, Grad Norm: 0.2163, Throughput: 658.8 samples/s
accuracy_to_time_metric 0.28843420870835657
epoch 5
  Train Loss: 0.3561, Test Loss: 0.3793
  Train Acc: 0.8780, Test Acc: 0.8680
  LR: 0.010000, Grad Norm: 3.0000, Throughput: 723.4 samples/s
accuracy_to_time_metric 0.2523723822905048
epoch 6
  Train Loss: 0.5800, Test Loss: 0.9400
  Train Acc: 0.9031, Test Acc: 0.8670
  LR: 0.010000, Grad Norm: 3.0000, Throughput: 678.5 samples/s
accuracy_to_time_metric 0.22854445288043693
epoch 6
  Train Loss: 0.6065, Test Loss: 0.6885
  Train Acc: 0.8856, Test Acc: 0.8824
  LR: 0.010000, Grad Norm: 3.0000, Throughput: 263.8 samples/s
accuracy_to_time_metric 0.23098901433097285
epoch 3
  Train Loss: 0.3448, Test Loss: 0.3799
  Train Acc: 0.8807, Test Acc: 0.8728
  LR: 0.010000, Grad Norm: 1.1613, Throughput: 749.3 samples/s
accuracy_to_time_metric 0.2120343751266061
epoch 7
  Train Loss: 0.5686, Test Loss: 0.6658
  Train Acc: 0.9066, Test Acc: 0.8966
  LR: 0.010000, Grad Norm: 3.0000, Throughput: 677.3 samples/s
accuracy_to_time_metric 0.19808972667183994
epoch 7
  Train Loss: 0.3389, Test Loss: 0.3731
  Train Acc: 0.8841, Test Acc: 0.8680
  LR: 0.010000, Grad Norm: 2.8944, Throughput: 757.6 samples/s
accuracy_to_time_metric 0.18114486278363132
epoch 8
  Train Loss: 0.5622, Test Loss: 0.7341
  Train Acc: 0.9101, Test Acc: 0.8926
  LR: 0.010000, Grad Norm: 3.0000, Throughput: 693.8 samples/s
accuracy_to_time_metric 0.16968470377400746
epoch 8
  Train Loss: 0.3341, Test Loss: 0.3994
  Train Acc: 0.8852, Test Acc: 0.8626
  LR: 0.010000, Grad Norm: 2.5916, Throughput: 773.1 samples/s
accuracy_to_time_metric 0.15812355193589867
epoch 9
  Train Loss: 0.6104, Test Loss: 0.8288
  Train Acc: 0.8946, Test Acc: 0.8774
  LR: 0.010000, Grad Norm: 0.1830, Throughput: 270.6 samples/s
accuracy_to_time_metric 0.15390478998064586
epoch 4
  Train Loss: 0.5619, Test Loss: 0.7598
  Train Acc: 0.9106, Test Acc: 0.8892
  LR: 0.010000, Grad Norm: 3.0000, Throughput: 690.9 samples/s
accuracy_to_time_metric 0.14825242174821984
epoch 9
  Train Loss: 0.3277, Test Loss: 0.3740
  Train Acc: 0.8876, Test Acc: 0.8704
  LR: 0.010000, Grad Norm: 1.1807, Throughput: 758.9 samples/s
accuracy_to_time_metric 0.1422236513159272
epoch 10
  Train Loss: 0.5457, Test Loss: 0.7911
  Train Acc: 0.9123, Test Acc: 0.8976
  LR: 0.010000, Grad Norm: 0.0013, Throughput: 688.6 samples/s
accuracy_to_time_metric 0.1334260324169981
epoch 10
  Train Loss: 0.3232, Test Loss: 0.3634
  Train Acc: 0.8886, Test Acc: 0.8694
  LR: 0.010000, Grad Norm: 3.0000, Throughput: 764.6 samples/s
accuracy_to_time_metric 0.12809718054702482
Training summary saved to /home/s471802/nn-gpt/out/training_summary.json
  Train Loss: 0.5511, Test Loss: 0.8742
  Train Acc: 0.9139, Test Acc: 0.8870
  LR: 0.010000, Grad Norm: 3.0000, Throughput: 702.4 samples/s
accuracy_to_time_metric 0.11889088012085851
Training summary saved to /home/s471802/nn-gpt/out/training_summary.json
  Train Loss: 0.6071, Test Loss: 0.6117
  Train Acc: 0.8989, Test Acc: 0.8954
  LR: 0.010000, Grad Norm: 3.0000, Throughput: 271.6 samples/s
accuracy_to_time_metric 0.11855171183160199
epoch 5
  Train Loss: 0.5614, Test Loss: 0.7197
  Train Acc: 0.9045, Test Acc: 0.8966
  LR: 0.010000, Grad Norm: 0.0000, Throughput: 270.6 samples/s
accuracy_to_time_metric 0.09513910453435095
epoch 6
  Train Loss: 0.5818, Test Loss: 0.6215
  Train Acc: 0.9059, Test Acc: 0.8998
  LR: 0.010000, Grad Norm: 0.0000, Throughput: 272.2 samples/s
accuracy_to_time_metric 0.07976170138282994
epoch 7
  Train Loss: 0.5616, Test Loss: 0.8266
  Train Acc: 0.9083, Test Acc: 0.8878
  LR: 0.010000, Grad Norm: 3.0000, Throughput: 270.6 samples/s
accuracy_to_time_metric 0.06738446422805763
epoch 8
  Train Loss: 0.5717, Test Loss: 0.8019
  Train Acc: 0.9111, Test Acc: 0.8862
  LR: 0.010000, Grad Norm: 3.0000, Throughput: 274.9 samples/s
accuracy_to_time_metric 0.058983793478107754
epoch 9
  Train Loss: 0.5415, Test Loss: 0.8158
  Train Acc: 0.9147, Test Acc: 0.8834
  LR: 0.010000, Grad Norm: 3.0000, Throughput: 270.2 samples/s
accuracy_to_time_metric 0.05224234489598242
epoch 10
  Train Loss: 0.5534, Test Loss: 0.8416
  Train Acc: 0.9131, Test Acc: 0.8888
  LR: 0.010000, Grad Norm: 3.0000, Throughput: 273.8 samples/s
accuracy_to_time_metric 0.04740445363354392
Training summary saved to /home/s471802/nn-gpt/out/training_summary.json
[eval_only] 121/300 article_A_cifar10_epoch10-0120 formal_success=True acc=0.8888
[eval_only] 122/300 article_A_cifar10_epoch10-0121 formal_success=True acc=0.895
[eval_only] 123/300 article_A_cifar10_epoch10-0122 formal_success=True acc=0.887
[eval_only] 124/300 article_A_cifar10_epoch10-0123 formal_success=True acc=0.8694
[Reward Assign] reward_batch_index=0 batch_item=1/4 completion_index=124 worker_slot=0 assigned_gpu=0 physical_gpu=0 worker_device=cuda:0 gpu_name='NVIDIA L40S' gpu_free_gib=43.39 gpu_used_gib=1.00 gpu_total_gib=44.99 timeout_seconds=1920
[Reward Assign] reward_batch_index=0 batch_item=2/4 completion_index=125 worker_slot=1 assigned_gpu=1 physical_gpu=1 worker_device=cuda:0 gpu_name='NVIDIA L40S' gpu_free_gib=43.40 gpu_used_gib=1.00 gpu_total_gib=44.99 timeout_seconds=1920
[Reward Assign] reward_batch_index=0 batch_item=4/4 completion_index=127 worker_slot=3 assigned_gpu=3 physical_gpu=3 worker_device=cuda:0 gpu_name='NVIDIA L40S' gpu_free_gib=43.37 gpu_used_gib=1.02 gpu_total_gib=44.99 timeout_seconds=1920
[Reward Assign] reward_batch_index=0 batch_item=3/4 completion_index=126 worker_slot=2 assigned_gpu=2 physical_gpu=2 worker_device=cuda:0 gpu_name='NVIDIA L40S' gpu_free_gib=43.41 gpu_used_gib=0.98 gpu_total_gib=44.99 timeout_seconds=1920
Evaluating /home/s471802/nn-gpt/out/nn/tmp/a26c462c4c00a99c53be1789784ad788.py...
Evaluating /home/s471802/nn-gpt/out/nn/tmp/78329a6bcb16332b1f67b09e73e641ca.py...
Evaluating /home/s471802/nn-gpt/out/nn/tmp/87b7322be03af0b0ae7fdfa42adba4d9.py...
Evaluating /home/s471802/nn-gpt/out/nn/tmp/ad938391ffc90df8d7b378d08a14c73b.py...
epoch 1
epoch 1
epoch 1
epoch 1
  Train Loss: 0.6977, Test Loss: 0.5657
  Train Acc: 0.8463, Test Acc: 0.8908
  LR: 0.010000, Grad Norm: 3.0000, Throughput: 1758.7 samples/s
accuracy_to_time_metric 3.0903245581291583
epoch 2
  Train Loss: 0.5388, Test Loss: 0.4756
  Train Acc: 0.8174, Test Acc: 0.8342
  LR: 0.010000, Grad Norm: 3.0000, Throughput: 1016.4 samples/s
accuracy_to_time_metric 1.6582130761904004
epoch 2
  Train Loss: 0.6329, Test Loss: 0.8241
  Train Acc: 0.8845, Test Acc: 0.8706
  LR: 0.010000, Grad Norm: 3.0000, Throughput: 1771.3 samples/s
accuracy_to_time_metric 1.5080385533339167
epoch 3
  Train Loss: 0.4326, Test Loss: 0.3583
  Train Acc: 0.8577, Test Acc: 0.8808
  LR: 0.010000, Grad Norm: 3.0000, Throughput: 725.1 samples/s
accuracy_to_time_metric 1.2581364494084413
epoch 2
  Train Loss: 0.3510, Test Loss: 0.3361
  Train Acc: 0.8959, Test Acc: 0.9048
  LR: 0.010000, Grad Norm: 3.0000, Throughput: 645.2 samples/s
accuracy_to_time_metric 1.1538789044077293
epoch 2
  Train Loss: 0.5930, Test Loss: 0.6998
  Train Acc: 0.8951, Test Acc: 0.8830
  LR: 0.010000, Grad Norm: 3.0000, Throughput: 1835.2 samples/s
accuracy_to_time_metric 1.0340142612670764
epoch 4
  Train Loss: 0.4275, Test Loss: 0.4393
  Train Acc: 0.8544, Test Acc: 0.8540
  LR: 0.010000, Grad Norm: 2.5945, Throughput: 1024.7 samples/s
accuracy_to_time_metric 0.8539480544015752
epoch 3
  Train Loss: 0.5892, Test Loss: 0.9109
  Train Acc: 0.9008, Test Acc: 0.8748
  LR: 0.010000, Grad Norm: 0.0112, Throughput: 1851.0 samples/s
accuracy_to_time_metric 0.7737151247997621
epoch 5
  Train Loss: 0.3554, Test Loss: 0.3649
  Train Acc: 0.8814, Test Acc: 0.8828
  LR: 0.010000, Grad Norm: 3.0000, Throughput: 749.0 samples/s
accuracy_to_time_metric 0.640376925824509
epoch 3
  Train Loss: 0.5733, Test Loss: 0.9134
  Train Acc: 0.9047, Test Acc: 0.8672
  LR: 0.010000, Grad Norm: 3.0000, Throughput: 1838.0 samples/s
accuracy_to_time_metric 0.6151004901959614
epoch 6
  Train Loss: 0.3975, Test Loss: 0.4682
  Train Acc: 0.8635, Test Acc: 0.8410
  LR: 0.010000, Grad Norm: 3.0000, Throughput: 1021.0 samples/s
accuracy_to_time_metric 0.5593593204647332
epoch 4
  Train Loss: 0.2441, Test Loss: 0.3083
  Train Acc: 0.9252, Test Acc: 0.9104
  LR: 0.010000, Grad Norm: 3.0000, Throughput: 647.8 samples/s
accuracy_to_time_metric 0.5817130436656649
epoch 3
  Train Loss: 0.5561, Test Loss: 1.0488
  Train Acc: 0.9062, Test Acc: 0.8604
  LR: 0.010000, Grad Norm: 3.0000, Throughput: 1790.5 samples/s
accuracy_to_time_metric 0.5070578886218758
epoch 7
  Train Loss: 0.5498, Test Loss: 1.2301
  Train Acc: 0.9103, Test Acc: 0.8534
  LR: 0.010000, Grad Norm: 3.0000, Throughput: 1860.8 samples/s
accuracy_to_time_metric 0.4323665544523583
epoch 8
  Train Loss: 0.3770, Test Loss: 0.4484
  Train Acc: 0.8686, Test Acc: 0.8532
  LR: 0.010000, Grad Norm: 0.4894, Throughput: 1029.4 samples/s
accuracy_to_time_metric 0.42725367126888353
epoch 5
  Train Loss: 0.3438, Test Loss: 0.3457
  Train Acc: 0.8852, Test Acc: 0.8856
  LR: 0.010000, Grad Norm: 1.0775, Throughput: 741.2 samples/s
accuracy_to_time_metric 0.4291567403652903
epoch 4
  Train Loss: 0.5463, Test Loss: 0.7192
  Train Acc: 0.9110, Test Acc: 0.9022
  LR: 0.010000, Grad Norm: 0.0000, Throughput: 1779.6 samples/s
accuracy_to_time_metric 0.4018211552764162
epoch 9
  Train Loss: 0.2060, Test Loss: 0.3589
  Train Acc: 0.9363, Test Acc: 0.9030
  LR: 0.010000, Grad Norm: 2.5941, Throughput: 651.3 samples/s
accuracy_to_time_metric 0.38512657032292125
epoch 4
  Train Loss: 0.3625, Test Loss: 0.4892
  Train Acc: 0.8749, Test Acc: 0.8386
  LR: 0.010000, Grad Norm: 3.0000, Throughput: 1034.6 samples/s
accuracy_to_time_metric 0.33590043084527216
epoch 6
  Train Loss: 0.5575, Test Loss: 1.1963
  Train Acc: 0.9122, Test Acc: 0.8558
  LR: 0.010000, Grad Norm: 3.0000, Throughput: 1696.0 samples/s
accuracy_to_time_metric 0.3340137022937914
epoch 10
  Train Loss: 0.3325, Test Loss: 0.3611
  Train Acc: 0.8873, Test Acc: 0.8778
  LR: 0.010000, Grad Norm: 2.6069, Throughput: 735.3 samples/s
accuracy_to_time_metric 0.31830677318953665
epoch 5
  Train Loss: 0.5352, Test Loss: 0.8260
  Train Acc: 0.9147, Test Acc: 0.8868
  LR: 0.010000, Grad Norm: 3.0000, Throughput: 1875.5 samples/s
accuracy_to_time_metric 0.3142477657550773
Training summary saved to /home/s471802/nn-gpt/out/training_summary.json
  Train Loss: 0.3491, Test Loss: 0.4459
  Train Acc: 0.8799, Test Acc: 0.8526
  LR: 0.010000, Grad Norm: 0.3498, Throughput: 1032.7 samples/s
accuracy_to_time_metric 0.28554858051253645
epoch 7
  Train Loss: 0.1887, Test Loss: 0.3200
  Train Acc: 0.9400, Test Acc: 0.9112
  LR: 0.010000, Grad Norm: 3.0000, Throughput: 640.8 samples/s
accuracy_to_time_metric 0.29093001432654453
epoch 5
  Train Loss: 0.3412, Test Loss: 0.4670
  Train Acc: 0.8804, Test Acc: 0.8460
  LR: 0.010000, Grad Norm: 1.4025, Throughput: 1048.3 samples/s
accuracy_to_time_metric 0.2433195452507643
epoch 8
  Train Loss: 0.3253, Test Loss: 0.3855
  Train Acc: 0.8911, Test Acc: 0.8756
  LR: 0.010000, Grad Norm: 0.1002, Throughput: 756.7 samples/s
accuracy_to_time_metric 0.2551954317455603
epoch 6
  Train Loss: 0.3414, Test Loss: 0.4989
  Train Acc: 0.8818, Test Acc: 0.8386
  LR: 0.010000, Grad Norm: 2.2912, Throughput: 1029.4 samples/s
accuracy_to_time_metric 0.21078272259474107
epoch 9
  Train Loss: 0.1647, Test Loss: 0.3170
  Train Acc: 0.9466, Test Acc: 0.9142
  LR: 0.010000, Grad Norm: 1.4562, Throughput: 654.7 samples/s
accuracy_to_time_metric 0.23419165653477042
epoch 6
  Train Loss: 0.3201, Test Loss: 0.3564
  Train Acc: 0.8928, Test Acc: 0.8894
  LR: 0.010000, Grad Norm: 3.0000, Throughput: 753.6 samples/s
accuracy_to_time_metric 0.21702413727300174
epoch 7
  Train Loss: 0.3407, Test Loss: 0.4670
  Train Acc: 0.8821, Test Acc: 0.8522
  LR: 0.010000, Grad Norm: 3.0000, Throughput: 1025.4 samples/s
accuracy_to_time_metric 0.19072107356732268
epoch 10
  Train Loss: 0.1489, Test Loss: 0.3156
  Train Acc: 0.9503, Test Acc: 0.9184
  LR: 0.010000, Grad Norm: 3.0000, Throughput: 651.5 samples/s
accuracy_to_time_metric 0.19633548514278334
epoch 7
  Train Loss: 0.3181, Test Loss: 0.3512
  Train Acc: 0.8932, Test Acc: 0.8852
  LR: 0.010000, Grad Norm: 0.6578, Throughput: 742.2 samples/s
accuracy_to_time_metric 0.18498282013967682
epoch 8
  Train Loss: 0.3312, Test Loss: 0.4439
  Train Acc: 0.8845, Test Acc: 0.8542
  LR: 0.010000, Grad Norm: 3.0000, Throughput: 1007.5 samples/s
accuracy_to_time_metric 0.1717342913424013
Training summary saved to /home/s471802/nn-gpt/out/training_summary.json
  Train Loss: 0.3148, Test Loss: 0.3680
  Train Acc: 0.8945, Test Acc: 0.8796
  LR: 0.010000, Grad Norm: 3.0000, Throughput: 752.4 samples/s
accuracy_to_time_metric 0.16094730921398173
epoch 9
  Train Loss: 0.1359, Test Loss: 0.3450
  Train Acc: 0.9549, Test Acc: 0.9060
  LR: 0.010000, Grad Norm: 0.2479, Throughput: 649.7 samples/s
accuracy_to_time_metric 0.16577378067888765
epoch 8
  Train Loss: 0.3082, Test Loss: 0.3701
  Train Acc: 0.8972, Test Acc: 0.8776
  LR: 0.010000, Grad Norm: 0.8147, Throughput: 731.3 samples/s
accuracy_to_time_metric 0.1424115357494931
epoch 10
  Train Loss: 0.1336, Test Loss: 0.3474
  Train Acc: 0.9558, Test Acc: 0.9128
  LR: 0.010000, Grad Norm: 3.0000, Throughput: 640.7 samples/s
accuracy_to_time_metric 0.1460447068042863
epoch 9
  Train Loss: 0.3034, Test Loss: 0.3606
  Train Acc: 0.8968, Test Acc: 0.8786
  LR: 0.010000, Grad Norm: 3.0000, Throughput: 744.9 samples/s
accuracy_to_time_metric 0.12836811713314975
Training summary saved to /home/s471802/nn-gpt/out/training_summary.json
  Train Loss: 0.1249, Test Loss: 0.3201
  Train Acc: 0.9591, Test Acc: 0.9126
  LR: 0.010000, Grad Norm: 3.0000, Throughput: 648.3 samples/s
accuracy_to_time_metric 0.12979676206668195
epoch 10
  Train Loss: 0.1174, Test Loss: 0.3560
  Train Acc: 0.9604, Test Acc: 0.9130
  LR: 0.010000, Grad Norm: 3.0000, Throughput: 656.7 samples/s
accuracy_to_time_metric 0.11703161152636378
Training summary saved to /home/s471802/nn-gpt/out/training_summary.json
[eval_only] 125/300 article_A_cifar10_epoch10-0124 formal_success=True acc=0.913
[eval_only] 126/300 article_A_cifar10_epoch10-0125 formal_success=True acc=0.8868
[eval_only] 127/300 article_A_cifar10_epoch10-0126 formal_success=True acc=0.8786
[eval_only] 128/300 article_A_cifar10_epoch10-0127 formal_success=True acc=0.8542
[Reward Assign] reward_batch_index=0 batch_item=1/4 completion_index=128 worker_slot=0 assigned_gpu=0 physical_gpu=0 worker_device=cuda:0 gpu_name='NVIDIA L40S' gpu_free_gib=43.39 gpu_used_gib=1.00 gpu_total_gib=44.99 timeout_seconds=1920
[Reward Assign] reward_batch_index=0 batch_item=4/4 completion_index=131 worker_slot=3 assigned_gpu=3 physical_gpu=3 worker_device=cuda:0 gpu_name='NVIDIA L40S' gpu_free_gib=43.37 gpu_used_gib=1.02 gpu_total_gib=44.99 timeout_seconds=1920
[Reward Assign] reward_batch_index=0 batch_item=2/4 completion_index=129 worker_slot=1 assigned_gpu=1 physical_gpu=1 worker_device=cuda:0 gpu_name='NVIDIA L40S' gpu_free_gib=43.40 gpu_used_gib=1.00 gpu_total_gib=44.99 timeout_seconds=1920
[Reward Assign] reward_batch_index=0 batch_item=3/4 completion_index=130 worker_slot=2 assigned_gpu=2 physical_gpu=2 worker_device=cuda:0 gpu_name='NVIDIA L40S' gpu_free_gib=43.41 gpu_used_gib=0.98 gpu_total_gib=44.99 timeout_seconds=1920
Evaluating /home/s471802/nn-gpt/out/nn/tmp/3b1b29a2385377ca6baf58b843b52d13.py...
Evaluating /home/s471802/nn-gpt/out/nn/tmp/bb9405553f74412dbb0ea1002b941ee4.py...
Evaluating /home/s471802/nn-gpt/out/nn/tmp/0da8f56622df436b1db43f50e9117539.py...
Evaluating /home/s471802/nn-gpt/out/nn/tmp/f774d323749205dead4446a57b2ffd9a.py...
epoch 1
epoch 1
epoch 1
epoch 1
  Train Loss: 0.3653, Test Loss: 0.3804
  Train Acc: 0.8842, Test Acc: 0.8870
  LR: 0.010000, Grad Norm: 0.2595, Throughput: 859.9 samples/s
accuracy_to_time_metric 1.5036857954821101
epoch 2
  Train Loss: 0.4003, Test Loss: 0.3298
  Train Acc: 0.8720, Test Acc: 0.8904
  LR: 0.010000, Grad Norm: 1.0162, Throughput: 705.0 samples/s
accuracy_to_time_metric 1.238213019287771
epoch 2
  Train Loss: 0.3852, Test Loss: 0.3628
  Train Acc: 0.8793, Test Acc: 0.8878
  LR: 0.010000, Grad Norm: 3.0000, Throughput: 665.3 samples/s
accuracy_to_time_metric 1.1646267960018164
epoch 2
  Train Loss: 0.2635, Test Loss: 0.2983
  Train Acc: 0.9152, Test Acc: 0.9032
  LR: 0.010000, Grad Norm: 1.0045, Throughput: 854.3 samples/s
accuracy_to_time_metric 0.7641291941994978
epoch 3
  Train Loss: 0.3040, Test Loss: 0.3367
  Train Acc: 0.9006, Test Acc: 0.8938
  LR: 0.010000, Grad Norm: 2.4674, Throughput: 696.8 samples/s
accuracy_to_time_metric 0.6176703077137959
epoch 3
  Train Loss: 0.3097, Test Loss: 0.3599
  Train Acc: 0.9021, Test Acc: 0.8956
  LR: 0.010000, Grad Norm: 3.0000, Throughput: 659.0 samples/s
accuracy_to_time_metric 0.5848808140026627
epoch 3
  Train Loss: 0.2332, Test Loss: 0.2916
  Train Acc: 0.9244, Test Acc: 0.9108
  LR: 0.010000, Grad Norm: 3.0000, Throughput: 826.5 samples/s
accuracy_to_time_metric 0.5078237616589991
epoch 4
  Train Loss: 0.2748, Test Loss: 0.3420
  Train Acc: 0.9103, Test Acc: 0.8906
  LR: 0.010000, Grad Norm: 0.4562, Throughput: 671.6 samples/s
accuracy_to_time_metric 0.404149341169467
epoch 4
  Train Loss: 0.2938, Test Loss: 0.3726
  Train Acc: 0.9059, Test Acc: 0.8900
  LR: 0.010000, Grad Norm: 3.0000, Throughput: 633.2 samples/s
accuracy_to_time_metric 0.3812875572923152
epoch 4
  Train Loss: 0.2040, Test Loss: 0.3493
  Train Acc: 0.9316, Test Acc: 0.8936
  LR: 0.010000, Grad Norm: 0.0060, Throughput: 817.1 samples/s
accuracy_to_time_metric 0.3693961094845591
epoch 5
  Train Loss: 0.4838, Test Loss: 0.5029
  Train Acc: 0.8701, Test Acc: 0.8760
  LR: 0.010000, Grad Norm: 3.0000, Throughput: 204.5 samples/s
accuracy_to_time_metric 0.35267771857096997
epoch 2
  Train Loss: 0.2613, Test Loss: 0.3277
  Train Acc: 0.9140, Test Acc: 0.8958
  LR: 0.010000, Grad Norm: 2.4950, Throughput: 682.3 samples/s
accuracy_to_time_metric 0.30411182450637547
epoch 5
  Train Loss: 0.1938, Test Loss: 0.3159
  Train Acc: 0.9350, Test Acc: 0.9102
  LR: 0.010000, Grad Norm: 3.0000, Throughput: 825.7 samples/s
accuracy_to_time_metric 0.3007004226513359
epoch 6
  Train Loss: 0.2780, Test Loss: 0.3584
  Train Acc: 0.9114, Test Acc: 0.8908
  LR: 0.010000, Grad Norm: 3.0000, Throughput: 647.8 samples/s
accuracy_to_time_metric 0.2857347755591004
epoch 5
  Train Loss: 0.1776, Test Loss: 0.3056
  Train Acc: 0.9397, Test Acc: 0.9084
  LR: 0.010000, Grad Norm: 1.7774, Throughput: 831.6 samples/s
accuracy_to_time_metric 0.249773012378507
epoch 7
  Train Loss: 0.2473, Test Loss: 0.3490
  Train Acc: 0.9186, Test Acc: 0.8912
  LR: 0.010000, Grad Norm: 3.0000, Throughput: 688.4 samples/s
accuracy_to_time_metric 0.2418448814568257
epoch 6
  Train Loss: 0.2711, Test Loss: 0.3850
  Train Acc: 0.9140, Test Acc: 0.8910
  LR: 0.010000, Grad Norm: 0.8473, Throughput: 647.5 samples/s
accuracy_to_time_metric 0.22837244984498759
epoch 6
  Train Loss: 0.1663, Test Loss: 0.3190
  Train Acc: 0.9444, Test Acc: 0.9070
  LR: 0.010000, Grad Norm: 1.2823, Throughput: 839.2 samples/s
accuracy_to_time_metric 0.2138426568449399
epoch 8
  Train Loss: 0.2362, Test Loss: 0.3135
  Train Acc: 0.9212, Test Acc: 0.9050
  LR: 0.010000, Grad Norm: 2.8613, Throughput: 689.3 samples/s
accuracy_to_time_metric 0.2050773098920546
epoch 7
  Train Loss: 0.2643, Test Loss: 0.3774
  Train Acc: 0.9155, Test Acc: 0.8934
  LR: 0.010000, Grad Norm: 3.0000, Throughput: 651.1 samples/s
accuracy_to_time_metric 0.19091311139912856
epoch 7
  Train Loss: 0.1546, Test Loss: 0.3055
  Train Acc: 0.9462, Test Acc: 0.9108
  LR: 0.010000, Grad Norm: 0.0932, Throughput: 829.9 samples/s
accuracy_to_time_metric 0.1878118464508809
epoch 9
  Train Loss: 0.4185, Test Loss: 0.5566
  Train Acc: 0.8894, Test Acc: 0.8722
  LR: 0.010000, Grad Norm: 3.0000, Throughput: 203.1 samples/s
accuracy_to_time_metric 0.17484238677345826
epoch 3
  Train Loss: 0.2256, Test Loss: 0.3227
  Train Acc: 0.9235, Test Acc: 0.9002
  LR: 0.010000, Grad Norm: 3.0000, Throughput: 692.7 samples/s
accuracy_to_time_metric 0.17486777972968545
epoch 8
  Train Loss: 0.1477, Test Loss: 0.3155
  Train Acc: 0.9485, Test Acc: 0.9056
  LR: 0.010000, Grad Norm: 2.9991, Throughput: 851.8 samples/s
accuracy_to_time_metric 0.16622564205614992
epoch 10
  Train Loss: 0.2627, Test Loss: 0.4050
  Train Acc: 0.9158, Test Acc: 0.8870
  LR: 0.010000, Grad Norm: 3.0000, Throughput: 656.5 samples/s
accuracy_to_time_metric 0.16252710249640723
epoch 8
  Train Loss: 0.2174, Test Loss: 0.3564
  Train Acc: 0.9271, Test Acc: 0.8950
  LR: 0.010000, Grad Norm: 1.8764, Throughput: 703.7 samples/s
accuracy_to_time_metric 0.1523994520931701
epoch 9
  Train Loss: 0.1389, Test Loss: 0.3261
  Train Acc: 0.9520, Test Acc: 0.9040
  LR: 0.010000, Grad Norm: 2.8146, Throughput: 775.4 samples/s
accuracy_to_time_metric 0.1481257719098514
Training summary saved to /home/s471802/nn-gpt/out/training_summary.json
  Train Loss: 0.2580, Test Loss: 0.3537
  Train Acc: 0.9182, Test Acc: 0.8980
  LR: 0.010000, Grad Norm: 3.0000, Throughput: 597.5 samples/s
accuracy_to_time_metric 0.14259187189264405
epoch 9
  Train Loss: 0.2100, Test Loss: 0.3455
  Train Acc: 0.9285, Test Acc: 0.8960
  LR: 0.010000, Grad Norm: 3.0000, Throughput: 622.2 samples/s
accuracy_to_time_metric 0.13398868539719272
epoch 10
  Train Loss: 0.2579, Test Loss: 0.3771
  Train Acc: 0.9193, Test Acc: 0.8942
  LR: 0.010000, Grad Norm: 3.0000, Throughput: 619.0 samples/s
accuracy_to_time_metric 0.12557650147038366
epoch 10
  Train Loss: 0.2028, Test Loss: 0.3532
  Train Acc: 0.9288, Test Acc: 0.8976
  LR: 0.010000, Grad Norm: 0.2518, Throughput: 631.3 samples/s
accuracy_to_time_metric 0.1198571500246279
Training summary saved to /home/s471802/nn-gpt/out/training_summary.json
  Train Loss: 0.3966, Test Loss: 0.4872
  Train Acc: 0.8955, Test Acc: 0.8758
  LR: 0.010000, Grad Norm: 0.1126, Throughput: 193.9 samples/s
accuracy_to_time_metric 0.11512371248442259
epoch 4
  Train Loss: 0.2507, Test Loss: 0.3788
  Train Acc: 0.9197, Test Acc: 0.8960
  LR: 0.010000, Grad Norm: 0.0511, Throughput: 542.4 samples/s
accuracy_to_time_metric 0.11124922202817543
Training summary saved to /home/s471802/nn-gpt/out/training_summary.json
  Train Loss: 0.3808, Test Loss: 0.5512
  Train Acc: 0.9010, Test Acc: 0.8790
  LR: 0.010000, Grad Norm: 3.0000, Throughput: 182.3 samples/s
accuracy_to_time_metric 0.08460210563282561
epoch 5
  Train Loss: 0.3829, Test Loss: 0.5113
  Train Acc: 0.9022, Test Acc: 0.8780
  LR: 0.010000, Grad Norm: 0.0402, Throughput: 198.0 samples/s
accuracy_to_time_metric 0.06775994705063185
epoch 6
  Train Loss: 0.3667, Test Loss: 0.5888
  Train Acc: 0.9054, Test Acc: 0.8720
  LR: 0.010000, Grad Norm: 3.0000, Throughput: 204.2 samples/s
accuracy_to_time_metric 0.056384815559291444
epoch 7
  Train Loss: 0.3704, Test Loss: 0.5305
  Train Acc: 0.9040, Test Acc: 0.8802
  LR: 0.010000, Grad Norm: 3.0000, Throughput: 204.8 samples/s
accuracy_to_time_metric 0.049098916324958435
epoch 8
  Train Loss: 0.3625, Test Loss: 0.5658
  Train Acc: 0.9069, Test Acc: 0.8698
  LR: 0.010000, Grad Norm: 1.4750, Throughput: 203.7 samples/s
accuracy_to_time_metric 0.042529379725284436
epoch 9
[Reward Assign] error reward_batch_index=0 batch_item=1/4 completion_index=128 worker_slot=0 assigned_gpu=0 physical_gpu=0 worker_device=cuda:0 elapsed_seconds=1920.03 error=PersistentEvalWorkerError: Persistent eval worker timed out after 1920 seconds
[Reward Worker] Ready slot=0 pid=235934, assigned_gpu=0, assigned_cuda_visible_device='0', worker_device=cuda:0, cuda_visible_devices='0', cuda_available=True, cuda_device_count=1, rss_gib=0.53, torch_home='', physical_gpu_index=0, physical_gpu_bus_id='00000000:81:00.0', physical_gpu_uuid='GPU-56ae1379-df29-f643-787e-6acaac86f64a', physical_binding_verified=True
[eval_only] 129/300 article_A_cifar10_epoch10-0128 formal_success=False acc=None
[eval_only] 130/300 article_A_cifar10_epoch10-0129 formal_success=True acc=0.8976
[eval_only] 131/300 article_A_cifar10_epoch10-0130 formal_success=True acc=0.896
[eval_only] 132/300 article_A_cifar10_epoch10-0131 formal_success=True acc=0.904
[Reward Assign] reward_batch_index=0 batch_item=1/4 completion_index=132 worker_slot=0 assigned_gpu=0 physical_gpu=0 worker_device=cuda:0 gpu_name='NVIDIA L40S' gpu_free_gib=43.55 gpu_used_gib=0.85 gpu_total_gib=44.99 timeout_seconds=1920
[Reward Assign] reward_batch_index=0 batch_item=3/4 completion_index=134 worker_slot=2 assigned_gpu=2 physical_gpu=2 worker_device=cuda:0 gpu_name='NVIDIA L40S' gpu_free_gib=43.41 gpu_used_gib=0.98 gpu_total_gib=44.99 timeout_seconds=1920
[Reward Assign] reward_batch_index=0 batch_item=2/4 completion_index=133 worker_slot=1 assigned_gpu=1 physical_gpu=1 worker_device=cuda:0 gpu_name='NVIDIA L40S' gpu_free_gib=43.40 gpu_used_gib=1.00 gpu_total_gib=44.99 timeout_seconds=1920
[Reward Assign] reward_batch_index=0 batch_item=4/4 completion_index=135 worker_slot=3 assigned_gpu=3 physical_gpu=3 worker_device=cuda:0 gpu_name='NVIDIA L40S' gpu_free_gib=43.37 gpu_used_gib=1.02 gpu_total_gib=44.99 timeout_seconds=1920
LEMUR root /home/s471802/nn-gpt
Evaluating /home/s471802/nn-gpt/out/nn/tmp/55433a7daf3367017b5d3a218df6132a.py...
Evaluating /home/s471802/nn-gpt/out/nn/tmp/8f57a98bf3527163726fc455f16b67fd.py...
Evaluating /home/s471802/nn-gpt/out/nn/tmp/2555b7d2eacb3f7fcfcbcfbb9d192bcc.py...
Evaluating /home/s471802/nn-gpt/out/nn/tmp/bfb19aa7b066d0e2df16f58bd706890d.py...
epoch 1
epoch 1
epoch 1
epoch 1
  Train Loss: 0.6684, Test Loss: 0.7973
  Train Acc: 0.8481, Test Acc: 0.8502
  LR: 0.010000, Grad Norm: 0.0152, Throughput: 700.3 samples/s
accuracy_to_time_metric 1.167403694843864
epoch 2
  Train Loss: 0.3535, Test Loss: 0.3649
  Train Acc: 0.8952, Test Acc: 0.8932
  LR: 0.010000, Grad Norm: 3.0000, Throughput: 743.7 samples/s
accuracy_to_time_metric 1.3108762341589317
epoch 2
  Train Loss: 0.6458, Test Loss: 0.5267
  Train Acc: 0.8510, Test Acc: 0.8878
  LR: 0.010000, Grad Norm: 3.0000, Throughput: 698.4 samples/s
accuracy_to_time_metric 1.2225389135755147
epoch 2
  Train Loss: 0.3886, Test Loss: 0.3649
  Train Acc: 0.8787, Test Acc: 0.8890
  LR: 0.010000, Grad Norm: 1.4320, Throughput: 624.2 samples/s
accuracy_to_time_metric 1.0944058678397388
epoch 2
  Train Loss: 0.2475, Test Loss: 0.3558
  Train Acc: 0.9237, Test Acc: 0.8990
  LR: 0.010000, Grad Norm: 3.0000, Throughput: 743.9 samples/s
accuracy_to_time_metric 0.6597855661734034
epoch 3
  Train Loss: 0.6343, Test Loss: 0.8167
  Train Acc: 0.8854, Test Acc: 0.8584
  LR: 0.010000, Grad Norm: 3.0000, Throughput: 701.5 samples/s
accuracy_to_time_metric 0.5901380132661
epoch 3
  Train Loss: 0.6233, Test Loss: 0.6751
  Train Acc: 0.8852, Test Acc: 0.8842
  LR: 0.010000, Grad Norm: 3.0000, Throughput: 702.8 samples/s
accuracy_to_time_metric 0.6099451293542859
epoch 3
  Train Loss: 0.3124, Test Loss: 0.3701
  Train Acc: 0.9017, Test Acc: 0.8918
  LR: 0.010000, Grad Norm: 3.0000, Throughput: 659.2 samples/s
accuracy_to_time_metric 0.5637057864711269
epoch 3
  Train Loss: 0.2097, Test Loss: 0.3122
  Train Acc: 0.9346, Test Acc: 0.9126
  LR: 0.010000, Grad Norm: 0.0054, Throughput: 743.2 samples/s
accuracy_to_time_metric 0.44709349086443284
epoch 4
  Train Loss: 0.6066, Test Loss: 0.5472
  Train Acc: 0.8937, Test Acc: 0.8996
  LR: 0.010000, Grad Norm: 0.0007, Throughput: 704.6 samples/s
accuracy_to_time_metric 0.4154207871057854
epoch 4
  Train Loss: 0.6104, Test Loss: 0.7062
  Train Acc: 0.8948, Test Acc: 0.8880
  LR: 0.010000, Grad Norm: 0.1537, Throughput: 698.7 samples/s
accuracy_to_time_metric 0.40813071003049217
epoch 4
  Train Loss: 0.2945, Test Loss: 0.3499
  Train Acc: 0.9062, Test Acc: 0.8922
  LR: 0.010000, Grad Norm: 3.0000, Throughput: 658.3 samples/s
accuracy_to_time_metric 0.3791733534275436
epoch 4
  Train Loss: 0.1802, Test Loss: 0.3100
  Train Acc: 0.9415, Test Acc: 0.9118
  LR: 0.010000, Grad Norm: 0.2532, Throughput: 740.7 samples/s
accuracy_to_time_metric 0.33461138125259515
epoch 5
  Train Loss: 0.5774, Test Loss: 0.7433
  Train Acc: 0.9011, Test Acc: 0.8790
  LR: 0.010000, Grad Norm: 3.0000, Throughput: 699.1 samples/s
accuracy_to_time_metric 0.30317525229777564
epoch 5
  Train Loss: 0.5947, Test Loss: 0.6942
  Train Acc: 0.8996, Test Acc: 0.8944
  LR: 0.010000, Grad Norm: 3.0000, Throughput: 696.7 samples/s
accuracy_to_time_metric 0.3081812221550707
epoch 5
  Train Loss: 0.2827, Test Loss: 0.3552
  Train Acc: 0.9106, Test Acc: 0.8950
  LR: 0.010000, Grad Norm: 3.0000, Throughput: 648.8 samples/s
accuracy_to_time_metric 0.2855681350268123
epoch 5
  Train Loss: 0.1629, Test Loss: 0.3242
  Train Acc: 0.9475, Test Acc: 0.9100
  LR: 0.010000, Grad Norm: 0.5823, Throughput: 741.5 samples/s
accuracy_to_time_metric 0.2669746291683959
epoch 6
  Train Loss: 0.5590, Test Loss: 0.8260
  Train Acc: 0.9058, Test Acc: 0.8792
  LR: 0.010000, Grad Norm: 0.0019, Throughput: 696.1 samples/s
accuracy_to_time_metric 0.2422156689751384
epoch 6
  Train Loss: 0.5775, Test Loss: 0.7448
  Train Acc: 0.9027, Test Acc: 0.8858
  LR: 0.010000, Grad Norm: 0.4617, Throughput: 695.0 samples/s
accuracy_to_time_metric 0.24355175241602509
epoch 6
  Train Loss: 0.2752, Test Loss: 0.3601
  Train Acc: 0.9125, Test Acc: 0.8922
  LR: 0.010000, Grad Norm: 2.7229, Throughput: 645.9 samples/s
accuracy_to_time_metric 0.22753671600082107
epoch 6
  Train Loss: 0.1502, Test Loss: 0.3471
  Train Acc: 0.9514, Test Acc: 0.9110
  LR: 0.010000, Grad Norm: 0.0933, Throughput: 733.3 samples/s
accuracy_to_time_metric 0.22227198302120207
epoch 7
  Train Loss: 0.5581, Test Loss: 0.7479
  Train Acc: 0.9072, Test Acc: 0.8894
  LR: 0.010000, Grad Norm: 3.0000, Throughput: 692.9 samples/s
accuracy_to_time_metric 0.20411282950855394
epoch 7
  Train Loss: 0.5848, Test Loss: 0.7387
  Train Acc: 0.9072, Test Acc: 0.8958
  LR: 0.010000, Grad Norm: 0.8513, Throughput: 692.2 samples/s
accuracy_to_time_metric 0.20523210872100744
epoch 7
  Train Loss: 0.2693, Test Loss: 0.3665
  Train Acc: 0.9138, Test Acc: 0.8928
  LR: 0.010000, Grad Norm: 1.1145, Throughput: 661.7 samples/s
accuracy_to_time_metric 0.1904515215114344
epoch 7
  Train Loss: 0.1398, Test Loss: 0.3397
  Train Acc: 0.9536, Test Acc: 0.9094
  LR: 0.010000, Grad Norm: 0.6006, Throughput: 751.9 samples/s
accuracy_to_time_metric 0.19052727162482316
epoch 8
  Train Loss: 0.5771, Test Loss: 0.7786
  Train Acc: 0.9080, Test Acc: 0.8898
  LR: 0.010000, Grad Norm: 3.0000, Throughput: 702.3 samples/s
accuracy_to_time_metric 0.17515165583933381
epoch 8
  Train Loss: 0.5516, Test Loss: 1.1215
  Train Acc: 0.9088, Test Acc: 0.8682
  LR: 0.010000, Grad Norm: 0.0000, Throughput: 702.5 samples/s
accuracy_to_time_metric 0.16998892901748003
epoch 8
  Train Loss: 0.1333, Test Loss: 0.3297
  Train Acc: 0.9558, Test Acc: 0.9124
  LR: 0.010000, Grad Norm: 0.0668, Throughput: 752.4 samples/s
accuracy_to_time_metric 0.16759906856472298
epoch 9
  Train Loss: 0.2581, Test Loss: 0.3615
  Train Acc: 0.9176, Test Acc: 0.8922
  LR: 0.010000, Grad Norm: 0.7075, Throughput: 663.7 samples/s
accuracy_to_time_metric 0.16361631767432253
epoch 8
  Train Loss: 0.5713, Test Loss: 0.8934
  Train Acc: 0.9110, Test Acc: 0.8878
  LR: 0.010000, Grad Norm: 3.0000, Throughput: 706.6 samples/s
accuracy_to_time_metric 0.15305716326557317
epoch 9
  Train Loss: 0.5488, Test Loss: 0.9394
  Train Acc: 0.9132, Test Acc: 0.8748
  LR: 0.010000, Grad Norm: 3.0000, Throughput: 706.4 samples/s
accuracy_to_time_metric 0.1502379464721996
epoch 9
  Train Loss: 0.1217, Test Loss: 0.3400
  Train Acc: 0.9586, Test Acc: 0.9126
  LR: 0.010000, Grad Norm: 1.5493, Throughput: 751.4 samples/s
accuracy_to_time_metric 0.14917698111512473
epoch 10
  Train Loss: 0.2552, Test Loss: 0.3757
  Train Acc: 0.9182, Test Acc: 0.8948
  LR: 0.010000, Grad Norm: 3.0000, Throughput: 660.6 samples/s
accuracy_to_time_metric 0.14388065555240626
epoch 9
  Train Loss: 0.5417, Test Loss: 0.7905
  Train Acc: 0.9145, Test Acc: 0.8948
  LR: 0.010000, Grad Norm: 3.0000, Throughput: 703.0 samples/s
accuracy_to_time_metric 0.13731214733694713
epoch 10
  Train Loss: 0.5592, Test Loss: 1.0580
  Train Acc: 0.9129, Test Acc: 0.8748
  LR: 0.010000, Grad Norm: 3.0000, Throughput: 703.4 samples/s
accuracy_to_time_metric 0.13363459388885263
epoch 10
  Train Loss: 0.1114, Test Loss: 0.3569
  Train Acc: 0.9627, Test Acc: 0.9102
  LR: 0.010000, Grad Norm: 3.0000, Throughput: 753.2 samples/s
accuracy_to_time_metric 0.1340130231785389
Training summary saved to /home/s471802/nn-gpt/out/training_summary.json
  Train Loss: 0.2550, Test Loss: 0.4268
  Train Acc: 0.9170, Test Acc: 0.8814
  LR: 0.010000, Grad Norm: 2.0531, Throughput: 663.7 samples/s
accuracy_to_time_metric 0.12597081583749217
epoch 10
  Train Loss: 0.5674, Test Loss: 0.7326
  Train Acc: 0.9136, Test Acc: 0.9040
  LR: 0.010000, Grad Norm: 0.0132, Throughput: 712.2 samples/s
accuracy_to_time_metric 0.12521204924668827
Training summary saved to /home/s471802/nn-gpt/out/training_summary.json
  Train Loss: 0.5537, Test Loss: 0.8441
  Train Acc: 0.9137, Test Acc: 0.8944
  LR: 0.010000, Grad Norm: 3.0000, Throughput: 713.3 samples/s
accuracy_to_time_metric 0.12355042553009334
Training summary saved to /home/s471802/nn-gpt/out/training_summary.json
  Train Loss: 0.2526, Test Loss: 0.4299
  Train Acc: 0.9196, Test Acc: 0.8890
  LR: 0.010000, Grad Norm: 3.0000, Throughput: 653.0 samples/s
accuracy_to_time_metric 0.11446156791356382
Training summary saved to /home/s471802/nn-gpt/out/training_summary.json
[eval_only] 133/300 article_A_cifar10_epoch10-0132 formal_success=True acc=0.889
[eval_only] 134/300 article_A_cifar10_epoch10-0133 formal_success=True acc=0.8944
[eval_only] 135/300 article_A_cifar10_epoch10-0134 formal_success=True acc=0.9102
[eval_only] 136/300 article_A_cifar10_epoch10-0135 formal_success=True acc=0.904
[Reward Assign] reward_batch_index=0 batch_item=3/4 completion_index=138 worker_slot=2 assigned_gpu=2 physical_gpu=2 worker_device=cuda:0 gpu_name='NVIDIA L40S' gpu_free_gib=43.41 gpu_used_gib=0.98 gpu_total_gib=44.99 timeout_seconds=1920
[Reward Assign] reward_batch_index=0 batch_item=1/4 completion_index=136 worker_slot=0 assigned_gpu=0 physical_gpu=0 worker_device=cuda:0 gpu_name='NVIDIA L40S' gpu_free_gib=43.42 gpu_used_gib=0.98 gpu_total_gib=44.99 timeout_seconds=1920
[Reward Assign] reward_batch_index=0 batch_item=2/4 completion_index=137 worker_slot=1 assigned_gpu=1 physical_gpu=1 worker_device=cuda:0 gpu_name='NVIDIA L40S' gpu_free_gib=43.40 gpu_used_gib=1.00 gpu_total_gib=44.99 timeout_seconds=1920
[Reward Assign] reward_batch_index=0 batch_item=4/4 completion_index=139 worker_slot=3 assigned_gpu=3 physical_gpu=3 worker_device=cuda:0 gpu_name='NVIDIA L40S' gpu_free_gib=43.37 gpu_used_gib=1.02 gpu_total_gib=44.99 timeout_seconds=1920
Evaluating /home/s471802/nn-gpt/out/nn/tmp/0d2ebb8e3aa29ea71eb0fdf1b94ee0f4.py...
Evaluating /home/s471802/nn-gpt/out/nn/tmp/679edaeab8a19e5519d5024d17e98de4.py...
Evaluating /home/s471802/nn-gpt/out/nn/tmp/881de31dbf4cf4353fb4d1c69fc0bfcd.py...
Evaluating /home/s471802/nn-gpt/out/nn/tmp/b1647bb7d014c0a4ba55c4f37f956d6b.py...
epoch 1
epoch 1
epoch 1
epoch 1
  Train Loss: 0.6798, Test Loss: 0.5777
  Train Acc: 0.8474, Test Acc: 0.8874
  LR: 0.010000, Grad Norm: 3.0000, Throughput: 1815.2 samples/s
accuracy_to_time_metric 3.1757868005395538
epoch 2
  Train Loss: 0.6160, Test Loss: 0.6034
  Train Acc: 0.8832, Test Acc: 0.8932
  LR: 0.010000, Grad Norm: 3.0000, Throughput: 1830.0 samples/s
accuracy_to_time_metric 1.6027838788917659
epoch 3
  Train Loss: 0.3586, Test Loss: 0.3427
  Train Acc: 0.8950, Test Acc: 0.9000
  LR: 0.010000, Grad Norm: 0.1165, Throughput: 688.7 samples/s
accuracy_to_time_metric 1.224321701402326
epoch 2
  Train Loss: 0.3768, Test Loss: 0.3738
  Train Acc: 0.8849, Test Acc: 0.8962
  LR: 0.010000, Grad Norm: 1.5860, Throughput: 686.5 samples/s
accuracy_to_time_metric 1.214579049922238
epoch 2
  Train Loss: 0.4626, Test Loss: 0.3528
  Train Acc: 0.8602, Test Acc: 0.8950
  LR: 0.010000, Grad Norm: 3.0000, Throughput: 644.8 samples/s
accuracy_to_time_metric 1.139145976769243
epoch 2
  Train Loss: 0.5951, Test Loss: 0.6015
  Train Acc: 0.8945, Test Acc: 0.8908
  LR: 0.010000, Grad Norm: 3.0000, Throughput: 1771.2 samples/s
accuracy_to_time_metric 1.0543975321052537
epoch 4
  Train Loss: 0.5758, Test Loss: 0.7010
  Train Acc: 0.9007, Test Acc: 0.8856
  LR: 0.010000, Grad Norm: 3.0000, Throughput: 1709.3 samples/s
accuracy_to_time_metric 0.7745130546864721
epoch 5
  Train Loss: 0.6179, Test Loss: 0.6891
  Train Acc: 0.9003, Test Acc: 0.9024
  LR: 0.010000, Grad Norm: 1.8035, Throughput: 1769.2 samples/s
accuracy_to_time_metric 0.6319500038980668
epoch 6
  Train Loss: 0.2496, Test Loss: 0.3316
  Train Acc: 0.9245, Test Acc: 0.9060
  LR: 0.010000, Grad Norm: 3.0000, Throughput: 701.1 samples/s
accuracy_to_time_metric 0.6217881841854269
  Train Loss: 0.2721, Test Loss: 0.3250
  Train Acc: 0.9154, Test Acc: 0.9020
  LR: 0.010000, Grad Norm: 3.0000, Throughput: 706.5 samples/s
accuracy_to_time_metric 0.6200322592930481
epoch 3
epoch 3
  Train Loss: 0.3733, Test Loss: 0.4141
  Train Acc: 0.8892, Test Acc: 0.8818
  LR: 0.010000, Grad Norm: 3.0000, Throughput: 664.6 samples/s
accuracy_to_time_metric 0.5681637487133341
epoch 3
  Train Loss: 0.5716, Test Loss: 1.0659
  Train Acc: 0.9068, Test Acc: 0.8618
  LR: 0.010000, Grad Norm: 3.0000, Throughput: 1880.6 samples/s
accuracy_to_time_metric 0.5044873527864606
epoch 7
  Train Loss: 0.5673, Test Loss: 1.0650
  Train Acc: 0.9094, Test Acc: 0.8674
  LR: 0.010000, Grad Norm: 0.4609, Throughput: 1916.5 samples/s
accuracy_to_time_metric 0.43954695223516915
epoch 8
  Train Loss: 0.2439, Test Loss: 0.3337
  Train Acc: 0.9236, Test Acc: 0.9058
  LR: 0.010000, Grad Norm: 3.0000, Throughput: 709.9 samples/s
accuracy_to_time_metric 0.4178661069692858
epoch 4
  Train Loss: 0.2095, Test Loss: 0.3153
  Train Acc: 0.9345, Test Acc: 0.9084
  LR: 0.010000, Grad Norm: 0.2963, Throughput: 703.0 samples/s
accuracy_to_time_metric 0.4172591011243073
epoch 4
  Train Loss: 0.5555, Test Loss: 0.6912
  Train Acc: 0.9122, Test Acc: 0.9004
  LR: 0.010000, Grad Norm: 3.0000, Throughput: 1815.6 samples/s
accuracy_to_time_metric 0.4012469878089344
epoch 9
  Train Loss: 0.3514, Test Loss: 0.4072
  Train Acc: 0.8966, Test Acc: 0.8878
  LR: 0.010000, Grad Norm: 2.8440, Throughput: 666.6 samples/s
accuracy_to_time_metric 0.38390039357930317
epoch 4
  Train Loss: 0.5403, Test Loss: 0.8063
  Train Acc: 0.9138, Test Acc: 0.8918
  LR: 0.010000, Grad Norm: 0.6869, Throughput: 1808.2 samples/s
accuracy_to_time_metric 0.35274478583177893
epoch 10
  Train Loss: 0.5410, Test Loss: 0.7981
  Train Acc: 0.9149, Test Acc: 0.8898
  LR: 0.010000, Grad Norm: 3.0000, Throughput: 1788.9 samples/s
accuracy_to_time_metric 0.3162652185465933
Training summary saved to /home/s471802/nn-gpt/out/training_summary.json
  Train Loss: 0.2251, Test Loss: 0.3410
  Train Acc: 0.9297, Test Acc: 0.9098
  LR: 0.010000, Grad Norm: 3.0000, Throughput: 710.9 samples/s
accuracy_to_time_metric 0.31603655350151016
epoch 5
  Train Loss: 0.1838, Test Loss: 0.3246
  Train Acc: 0.9408, Test Acc: 0.9166
  LR: 0.010000, Grad Norm: 3.0000, Throughput: 700.4 samples/s
accuracy_to_time_metric 0.3163977978170862
epoch 5
  Train Loss: 0.3373, Test Loss: 0.4011
  Train Acc: 0.9008, Test Acc: 0.8880
  LR: 0.010000, Grad Norm: 3.0000, Throughput: 665.2 samples/s
accuracy_to_time_metric 0.28869138292455704
epoch 5
  Train Loss: 0.2025, Test Loss: 0.3072
  Train Acc: 0.9355, Test Acc: 0.9120
  LR: 0.010000, Grad Norm: 3.0000, Throughput: 707.3 samples/s
accuracy_to_time_metric 0.2537778306663445
epoch 6
  Train Loss: 0.1646, Test Loss: 0.3277
  Train Acc: 0.9470, Test Acc: 0.9144
  LR: 0.010000, Grad Norm: 0.0963, Throughput: 704.6 samples/s
accuracy_to_time_metric 0.2528679632371997
epoch 6
  Train Loss: 0.3388, Test Loss: 0.3965
  Train Acc: 0.9004, Test Acc: 0.8908
  LR: 0.010000, Grad Norm: 0.6502, Throughput: 669.6 samples/s
accuracy_to_time_metric 0.23241179542483364
epoch 6
  Train Loss: 0.1954, Test Loss: 0.3327
  Train Acc: 0.9365, Test Acc: 0.9116
  LR: 0.010000, Grad Norm: 0.5271, Throughput: 711.1 samples/s
accuracy_to_time_metric 0.21171466186920343
epoch 7
  Train Loss: 0.1526, Test Loss: 0.3234
  Train Acc: 0.9510, Test Acc: 0.9144
  LR: 0.010000, Grad Norm: 3.0000, Throughput: 703.5 samples/s
accuracy_to_time_metric 0.21091286642010024
epoch 7
  Train Loss: 0.3178, Test Loss: 0.5440
  Train Acc: 0.9054, Test Acc: 0.8636
  LR: 0.010000, Grad Norm: 1.4476, Throughput: 665.8 samples/s
accuracy_to_time_metric 0.1871814333568061
epoch 7
  Train Loss: 0.1857, Test Loss: 0.3260
  Train Acc: 0.9404, Test Acc: 0.9112
  LR: 0.010000, Grad Norm: 0.0212, Throughput: 704.7 samples/s
accuracy_to_time_metric 0.18135275696255157
epoch 8
  Train Loss: 0.1388, Test Loss: 0.3283
  Train Acc: 0.9536, Test Acc: 0.9126
  LR: 0.010000, Grad Norm: 3.0000, Throughput: 700.3 samples/s
accuracy_to_time_metric 0.18038195362333626
epoch 8
  Train Loss: 0.3319, Test Loss: 0.5421
  Train Acc: 0.9042, Test Acc: 0.8642
  LR: 0.010000, Grad Norm: 3.0000, Throughput: 665.8 samples/s
accuracy_to_time_metric 0.1606703341274934
epoch 8
  Train Loss: 0.1729, Test Loss: 0.3374
  Train Acc: 0.9433, Test Acc: 0.9074
  LR: 0.010000, Grad Norm: 1.7299, Throughput: 709.2 samples/s
accuracy_to_time_metric 0.1580473276793952
epoch 9
  Train Loss: 0.1264, Test Loss: 0.3216
  Train Acc: 0.9568, Test Acc: 0.9176
  LR: 0.010000, Grad Norm: 3.0000, Throughput: 702.9 samples/s
accuracy_to_time_metric 0.158878203707965
epoch 9
  Train Loss: 0.3251, Test Loss: 0.4101
  Train Acc: 0.9052, Test Acc: 0.8878
  LR: 0.010000, Grad Norm: 3.0000, Throughput: 666.2 samples/s
accuracy_to_time_metric 0.14500793028295458
epoch 9
  Train Loss: 0.1688, Test Loss: 0.3411
  Train Acc: 0.9452, Test Acc: 0.9112
  LR: 0.010000, Grad Norm: 1.5830, Throughput: 706.3 samples/s
accuracy_to_time_metric 0.14115901655565044
epoch 10
  Train Loss: 0.1171, Test Loss: 0.3273
  Train Acc: 0.9603, Test Acc: 0.9170
  LR: 0.010000, Grad Norm: 3.0000, Throughput: 699.7 samples/s
accuracy_to_time_metric 0.1410988228998022
epoch 10
  Train Loss: 0.3159, Test Loss: 0.4436
  Train Acc: 0.9074, Test Acc: 0.8850
  LR: 0.010000, Grad Norm: 3.0000, Throughput: 656.8 samples/s
accuracy_to_time_metric 0.1282893083910435
epoch 10
  Train Loss: 0.1614, Test Loss: 0.3660
  Train Acc: 0.9464, Test Acc: 0.9084
  LR: 0.010000, Grad Norm: 3.0000, Throughput: 700.7 samples/s
accuracy_to_time_metric 0.12651190217661662
Training summary saved to /home/s471802/nn-gpt/out/training_summary.json
  Train Loss: 0.1106, Test Loss: 0.3182
  Train Acc: 0.9626, Test Acc: 0.9200
  LR: 0.010000, Grad Norm: 3.0000, Throughput: 694.6 samples/s
accuracy_to_time_metric 0.12734659089826011
Training summary saved to /home/s471802/nn-gpt/out/training_summary.json
  Train Loss: 0.3186, Test Loss: 0.4514
  Train Acc: 0.9097, Test Acc: 0.8840
  LR: 0.010000, Grad Norm: 3.0000, Throughput: 653.0 samples/s
accuracy_to_time_metric 0.11513873453481496
Training summary saved to /home/s471802/nn-gpt/out/training_summary.json
[eval_only] 137/300 article_A_cifar10_epoch10-0136 formal_success=True acc=0.9084
[eval_only] 138/300 article_A_cifar10_epoch10-0137 formal_success=True acc=0.884
[eval_only] 139/300 article_A_cifar10_epoch10-0138 formal_success=True acc=0.92
[eval_only] 140/300 article_A_cifar10_epoch10-0139 formal_success=True acc=0.8898
[Reward Assign] reward_batch_index=0 batch_item=1/4 completion_index=140 worker_slot=0 assigned_gpu=0 physical_gpu=0 worker_device=cuda:0 gpu_name='NVIDIA L40S' gpu_free_gib=43.42 gpu_used_gib=0.98 gpu_total_gib=44.99 timeout_seconds=1920
[Reward Assign] reward_batch_index=0 batch_item=3/4 completion_index=142 worker_slot=2 assigned_gpu=2 physical_gpu=2 worker_device=cuda:0 gpu_name='NVIDIA L40S' gpu_free_gib=43.41 gpu_used_gib=0.98 gpu_total_gib=44.99 timeout_seconds=1920
[Reward Assign] reward_batch_index=0 batch_item=2/4 completion_index=141 worker_slot=1 assigned_gpu=1 physical_gpu=1 worker_device=cuda:0 gpu_name='NVIDIA L40S' gpu_free_gib=43.39 gpu_used_gib=1.00 gpu_total_gib=44.99 timeout_seconds=1920
[Reward Assign] reward_batch_index=0 batch_item=4/4 completion_index=143 worker_slot=3 assigned_gpu=3 physical_gpu=3 worker_device=cuda:0 gpu_name='NVIDIA L40S' gpu_free_gib=43.37 gpu_used_gib=1.02 gpu_total_gib=44.99 timeout_seconds=1920
Evaluating /home/s471802/nn-gpt/out/nn/tmp/171681735a7ac0554a7905bd070891f9.py...
Evaluating /home/s471802/nn-gpt/out/nn/tmp/c39f057903ab4ca6354f4df2713e5e02.py...
Evaluating /home/s471802/nn-gpt/out/nn/tmp/15493236d1764c6cc52fa9f9d0883427.py...
Evaluating /home/s471802/nn-gpt/out/nn/tmp/2c0f2a330bd0a2baadc73b821d7eafb0.py...
epoch 1
epoch 1
epoch 1
epoch 1
  Train Loss: 0.4317, Test Loss: 0.3590
  Train Acc: 0.8578, Test Acc: 0.8782
  LR: 0.010000, Grad Norm: 3.0000, Throughput: 652.1 samples/s
accuracy_to_time_metric 1.1275656159818992
epoch 2
  Train Loss: 0.3499, Test Loss: 0.3124
  Train Acc: 0.8943, Test Acc: 0.9074
  LR: 0.010000, Grad Norm: 2.9830, Throughput: 588.8 samples/s
accuracy_to_time_metric 1.056395549910483
epoch 2
  Train Loss: 0.3837, Test Loss: 0.3581
  Train Acc: 0.8789, Test Acc: 0.8926
  LR: 0.010000, Grad Norm: 3.0000, Throughput: 590.0 samples/s
accuracy_to_time_metric 1.0391397709607804
epoch 2
  Train Loss: 0.3865, Test Loss: 0.3828
  Train Acc: 0.8802, Test Acc: 0.8854
  LR: 0.010000, Grad Norm: 3.0000, Throughput: 587.6 samples/s
accuracy_to_time_metric 1.025434790231902
epoch 2
  Train Loss: 0.3568, Test Loss: 0.3926
  Train Acc: 0.8804, Test Acc: 0.8652
  LR: 0.010000, Grad Norm: 0.3873, Throughput: 728.7 samples/s
accuracy_to_time_metric 0.5846495191287144
epoch 3
  Train Loss: 0.3184, Test Loss: 0.3761
  Train Acc: 0.8999, Test Acc: 0.8876
  LR: 0.010000, Grad Norm: 3.0000, Throughput: 632.0 samples/s
accuracy_to_time_metric 0.5336674410214867
epoch 3
  Train Loss: 0.2450, Test Loss: 0.3256
  Train Acc: 0.9237, Test Acc: 0.9076
  LR: 0.010000, Grad Norm: 3.0000, Throughput: 623.6 samples/s
accuracy_to_time_metric 0.54313530672317
epoch 3
  Train Loss: 0.3097, Test Loss: 0.3659
  Train Acc: 0.9033, Test Acc: 0.8910
  LR: 0.010000, Grad Norm: 3.0000, Throughput: 623.9 samples/s
accuracy_to_time_metric 0.5315027496622615
epoch 3
  Train Loss: 0.3441, Test Loss: 0.3965
  Train Acc: 0.8852, Test Acc: 0.8650
  LR: 0.010000, Grad Norm: 3.0000, Throughput: 700.1 samples/s
accuracy_to_time_metric 0.3917921638383637
epoch 4
  Train Loss: 0.2955, Test Loss: 0.3826
  Train Acc: 0.9065, Test Acc: 0.8860
  LR: 0.010000, Grad Norm: 0.6103, Throughput: 643.5 samples/s
accuracy_to_time_metric 0.3611827756982999
epoch 4
  Train Loss: 0.2076, Test Loss: 0.2891
  Train Acc: 0.9362, Test Acc: 0.9160
  LR: 0.010000, Grad Norm: 3.0000, Throughput: 632.2 samples/s
accuracy_to_time_metric 0.37094307174774566
epoch 4
  Train Loss: 0.2928, Test Loss: 0.3850
  Train Acc: 0.9060, Test Acc: 0.8802
  LR: 0.010000, Grad Norm: 3.0000, Throughput: 631.9 samples/s
accuracy_to_time_metric 0.3544202427024988
epoch 4
  Train Loss: 0.3342, Test Loss: 0.3555
  Train Acc: 0.8889, Test Acc: 0.8864
  LR: 0.010000, Grad Norm: 2.0225, Throughput: 714.8 samples/s
accuracy_to_time_metric 0.30443174151696567
epoch 5
  Train Loss: 0.2790, Test Loss: 0.3722
  Train Acc: 0.9118, Test Acc: 0.8942
  LR: 0.010000, Grad Norm: 3.0000, Throughput: 638.6 samples/s
accuracy_to_time_metric 0.27558512605641605
epoch 5
  Train Loss: 0.1832, Test Loss: 0.3073
  Train Acc: 0.9418, Test Acc: 0.9128
  LR: 0.010000, Grad Norm: 3.0000, Throughput: 626.6 samples/s
accuracy_to_time_metric 0.2784520649015604
epoch 5
  Train Loss: 0.2821, Test Loss: 0.3647
  Train Acc: 0.9110, Test Acc: 0.8924
  LR: 0.010000, Grad Norm: 3.0000, Throughput: 626.1 samples/s
accuracy_to_time_metric 0.2712727519764118
epoch 5
  Train Loss: 0.3240, Test Loss: 0.3860
  Train Acc: 0.8908, Test Acc: 0.8732
  LR: 0.010000, Grad Norm: 3.0000, Throughput: 696.0 samples/s
accuracy_to_time_metric 0.23932629798241425
epoch 6
  Train Loss: 0.2711, Test Loss: 0.3732
  Train Acc: 0.9122, Test Acc: 0.8912
  LR: 0.010000, Grad Norm: 0.5069, Throughput: 628.3 samples/s
accuracy_to_time_metric 0.2198312817220435
epoch 6
  Train Loss: 0.1626, Test Loss: 0.3063
  Train Acc: 0.9470, Test Acc: 0.9176
  LR: 0.010000, Grad Norm: 0.2111, Throughput: 620.0 samples/s
accuracy_to_time_metric 0.2242565135631012
epoch 6
  Train Loss: 0.2732, Test Loss: 0.3756
  Train Acc: 0.9127, Test Acc: 0.8918
  LR: 0.010000, Grad Norm: 1.5031, Throughput: 618.0 samples/s
accuracy_to_time_metric 0.21691945433493534
epoch 6
  Train Loss: 0.3197, Test Loss: 0.3689
  Train Acc: 0.8918, Test Acc: 0.8776
  LR: 0.010000, Grad Norm: 1.8690, Throughput: 726.1 samples/s
accuracy_to_time_metric 0.2018933619165781
epoch 7
  Train Loss: 0.2582, Test Loss: 0.3568
  Train Acc: 0.9166, Test Acc: 0.8954
  LR: 0.010000, Grad Norm: 2.2720, Throughput: 645.0 samples/s
accuracy_to_time_metric 0.18507082162932764
epoch 7
  Train Loss: 0.1482, Test Loss: 0.3126
  Train Acc: 0.9512, Test Acc: 0.9148
  LR: 0.010000, Grad Norm: 0.0235, Throughput: 633.9 samples/s
accuracy_to_time_metric 0.18702205887997442
epoch 7
  Train Loss: 0.2707, Test Loss: 0.4050
  Train Acc: 0.9144, Test Acc: 0.8888
  LR: 0.010000, Grad Norm: 3.0000, Throughput: 638.1 samples/s
accuracy_to_time_metric 0.18106552168031143
epoch 7
  Train Loss: 0.3171, Test Loss: 0.3535
  Train Acc: 0.8952, Test Acc: 0.8844
  LR: 0.010000, Grad Norm: 1.2598, Throughput: 713.8 samples/s
accuracy_to_time_metric 0.1749719833085846
epoch 8
  Train Loss: 0.2587, Test Loss: 0.4124
  Train Acc: 0.9168, Test Acc: 0.8808
  LR: 0.010000, Grad Norm: 2.4826, Throughput: 645.1 samples/s
accuracy_to_time_metric 0.156273402214054
epoch 8
  Train Loss: 0.1370, Test Loss: 0.3202
  Train Acc: 0.9554, Test Acc: 0.9172
  LR: 0.010000, Grad Norm: 3.0000, Throughput: 636.7 samples/s
accuracy_to_time_metric 0.16135796164682994
epoch 8
  Train Loss: 0.2642, Test Loss: 0.3862
  Train Acc: 0.9152, Test Acc: 0.8918
  LR: 0.010000, Grad Norm: 3.0000, Throughput: 636.4 samples/s
accuracy_to_time_metric 0.15634262549131459
epoch 8
  Train Loss: 0.3132, Test Loss: 0.3572
  Train Acc: 0.8932, Test Acc: 0.8864
  LR: 0.010000, Grad Norm: 0.7027, Throughput: 728.5 samples/s
accuracy_to_time_metric 0.1541446552916829
epoch 9
  Train Loss: 0.2536, Test Loss: 0.3933
  Train Acc: 0.9187, Test Acc: 0.8878
  LR: 0.010000, Grad Norm: 1.2748, Throughput: 647.0 samples/s
accuracy_to_time_metric 0.13838154766005556
epoch 9
  Train Loss: 0.3102, Test Loss: 0.3576
  Train Acc: 0.8970, Test Acc: 0.8804
  LR: 0.010000, Grad Norm: 3.0000, Throughput: 719.4 samples/s
accuracy_to_time_metric 0.13623646335182585
epoch 10
  Train Loss: 0.1287, Test Loss: 0.3241
  Train Acc: 0.9578, Test Acc: 0.9152
  LR: 0.010000, Grad Norm: 0.7520, Throughput: 634.0 samples/s
accuracy_to_time_metric 0.14115281381640282
epoch 9
  Train Loss: 0.2522, Test Loss: 0.3745
  Train Acc: 0.9171, Test Acc: 0.8906
  LR: 0.010000, Grad Norm: 3.0000, Throughput: 639.2 samples/s
accuracy_to_time_metric 0.13702978696423626
epoch 9
  Train Loss: 0.3123, Test Loss: 0.3922
  Train Acc: 0.8949, Test Acc: 0.8742
  LR: 0.010000, Grad Norm: 3.0000, Throughput: 686.8 samples/s
accuracy_to_time_metric 0.12126147896686874
Training summary saved to /home/s471802/nn-gpt/out/training_summary.json
  Train Loss: 0.2511, Test Loss: 0.4053
  Train Acc: 0.9187, Test Acc: 0.8854
  LR: 0.010000, Grad Norm: 3.0000, Throughput: 615.2 samples/s
accuracy_to_time_metric 0.12223331552313116
epoch 10
  Train Loss: 0.1167, Test Loss: 0.3053
  Train Acc: 0.9602, Test Acc: 0.9188
  LR: 0.010000, Grad Norm: 0.1077, Throughput: 626.3 samples/s
accuracy_to_time_metric 0.1260694557767161
epoch 10
  Train Loss: 0.2509, Test Loss: 0.3699
  Train Acc: 0.9192, Test Acc: 0.8920
  LR: 0.010000, Grad Norm: 0.2078, Throughput: 627.7 samples/s
accuracy_to_time_metric 0.12208129674494764
epoch 10
  Train Loss: 0.2507, Test Loss: 0.3862
  Train Acc: 0.9194, Test Acc: 0.8900
  LR: 0.010000, Grad Norm: 0.1260, Throughput: 641.7 samples/s
accuracy_to_time_metric 0.11079771866741484
Training summary saved to /home/s471802/nn-gpt/out/training_summary.json
  Train Loss: 0.1112, Test Loss: 0.3278
  Train Loss: 0.2489, Test Loss: 0.3675  Train Acc: 0.9628, Test Acc: 0.9138
  LR: 0.010000, Grad Norm: 0.1678, Throughput: 630.6 samples/s

  Train Acc: 0.9191, Test Acc: 0.8988
  LR: 0.010000, Grad Norm: 2.4770, Throughput: 630.7 samples/saccuracy_to_time_metric 0.11287882676586924

accuracy_to_time_metric 0.11091422519553172
Training summary saved to /home/s471802/nn-gpt/out/training_summary.jsonTraining summary saved to /home/s471802/nn-gpt/out/training_summary.json

[eval_only] 141/300 article_A_cifar10_epoch10-0140 formal_success=True acc=0.8988
[eval_only] 142/300 article_A_cifar10_epoch10-0141 formal_success=True acc=0.89
[eval_only] 143/300 article_A_cifar10_epoch10-0142 formal_success=True acc=0.8742
[eval_only] 144/300 article_A_cifar10_epoch10-0143 formal_success=True acc=0.9138
[Reward Assign] reward_batch_index=0 batch_item=2/4 completion_index=145 worker_slot=1 assigned_gpu=1 physical_gpu=1 worker_device=cuda:0 gpu_name='NVIDIA L40S' gpu_free_gib=43.39 gpu_used_gib=1.00 gpu_total_gib=44.99 timeout_seconds=1920
[Reward Assign] reward_batch_index=0 batch_item=4/4 completion_index=147 worker_slot=3 assigned_gpu=3 physical_gpu=3 worker_device=cuda:0 gpu_name='NVIDIA L40S' gpu_free_gib=43.37 gpu_used_gib=1.02 gpu_total_gib=44.99 timeout_seconds=1920
[Reward Assign] reward_batch_index=0 batch_item=1/4 completion_index=144 worker_slot=0 assigned_gpu=0 physical_gpu=0 worker_device=cuda:0 gpu_name='NVIDIA L40S' gpu_free_gib=43.42 gpu_used_gib=0.98 gpu_total_gib=44.99 timeout_seconds=1920
[Reward Assign] reward_batch_index=0 batch_item=3/4 completion_index=146 worker_slot=2 assigned_gpu=2 physical_gpu=2 worker_device=cuda:0 gpu_name='NVIDIA L40S' gpu_free_gib=43.41 gpu_used_gib=0.98 gpu_total_gib=44.99 timeout_seconds=1920
Evaluating /home/s471802/nn-gpt/out/nn/tmp/3ef9f0a281d55c5f0d6b8b66614c0c3f.py...
Evaluating /home/s471802/nn-gpt/out/nn/tmp/d2744a68ee21c0a4760a3419d873699d.py...
Evaluating /home/s471802/nn-gpt/out/nn/tmp/f372480bcd5aef921ef0c0b430c93b23.py...
Evaluating /home/s471802/nn-gpt/out/nn/tmp/0f3f75ebf4c66f283b0adddbe8f03a1b.py...
epoch 1
epoch 1
epoch 1
epoch 1
  Train Loss: 0.6778, Test Loss: 0.5447
  Train Acc: 0.8477, Test Acc: 0.8964
  LR: 0.010000, Grad Norm: 0.1366, Throughput: 1589.5 samples/s
accuracy_to_time_metric 2.8126884612188148
epoch 2
  Train Loss: 0.3897, Test Loss: 0.3831
  Train Acc: 0.8778, Test Acc: 0.8844
  LR: 0.010000, Grad Norm: 3.0000, Throughput: 935.3 samples/s
accuracy_to_time_metric 1.6302462036247212
epoch 2
  Train Loss: 0.6165, Test Loss: 1.0761
  Train Acc: 0.8870, Test Acc: 0.8478
  LR: 0.010000, Grad Norm: 3.0000, Throughput: 1736.9 samples/s
accuracy_to_time_metric 1.3764802144982924
epoch 3
  Train Loss: 0.3876, Test Loss: 0.3787
  Train Acc: 0.8793, Test Acc: 0.8848
  LR: 0.010000, Grad Norm: 3.0000, Throughput: 670.3 samples/s
accuracy_to_time_metric 1.1689474854778727
epoch 2
  Train Loss: 0.6046, Test Loss: 0.7302
  Train Acc: 0.8945, Test Acc: 0.8812
  LR: 0.010000, Grad Norm: 3.0000, Throughput: 1735.0 samples/s
accuracy_to_time_metric 0.9720295449827043
epoch 4
  Train Loss: 0.3123, Test Loss: 0.3404
  Train Acc: 0.9007, Test Acc: 0.8900
  LR: 0.010000, Grad Norm: 3.0000, Throughput: 941.5 samples/s
accuracy_to_time_metric 0.8227816803585412
epoch 3
  Train Loss: 0.5698, Test Loss: 0.8321
  Train Acc: 0.9022, Test Acc: 0.8734
  LR: 0.010000, Grad Norm: 3.0000, Throughput: 1804.7 samples/s
accuracy_to_time_metric 0.7337304026361706
epoch 5
  Train Loss: 0.6805, Test Loss: 0.7541
  Train Acc: 0.8475, Test Acc: 0.8590
  LR: 0.010000, Grad Norm: 3.0000, Throughput: 421.2 samples/s
accuracy_to_time_metric 0.7104745430742488
epoch 2
  Train Loss: 0.6005, Test Loss: 0.9182
  Train Acc: 0.9012, Test Acc: 0.8796
  LR: 0.010000, Grad Norm: 3.0000, Throughput: 1828.3 samples/s
accuracy_to_time_metric 0.5991220234534667
epoch 6
  Train Loss: 0.3105, Test Loss: 0.3599
  Train Acc: 0.9008, Test Acc: 0.8904
  LR: 0.010000, Grad Norm: 3.0000, Throughput: 691.2 samples/s
accuracy_to_time_metric 0.5972485413153769
epoch 3
  Train Loss: 0.2899, Test Loss: 0.3640
  Train Acc: 0.9077, Test Acc: 0.8890
  LR: 0.010000, Grad Norm: 3.0000, Throughput: 969.8 samples/s
accuracy_to_time_metric 0.5536084044535275
epoch 4
  Train Loss: 0.5737, Test Loss: 0.9834
  Train Acc: 0.9085, Test Acc: 0.8726
  LR: 0.010000, Grad Norm: 3.0000, Throughput: 1795.9 samples/s
accuracy_to_time_metric 0.49753962646896105
epoch 7
  Train Loss: 0.5579, Test Loss: 1.0739
  Train Acc: 0.9102, Test Acc: 0.8688
  LR: 0.010000, Grad Norm: 3.0000, Throughput: 1840.9 samples/s
accuracy_to_time_metric 0.42750831329595124
epoch 8
  Train Loss: 0.2819, Test Loss: 0.3460
  Train Acc: 0.9102, Test Acc: 0.8938
  LR: 0.010000, Grad Norm: 3.0000, Throughput: 975.4 samples/s
accuracy_to_time_metric 0.4205448426918241
epoch 5
  Train Loss: 0.2956, Test Loss: 0.3471
  Train Acc: 0.9068, Test Acc: 0.8936
  LR: 0.010000, Grad Norm: 2.9861, Throughput: 704.0 samples/s
accuracy_to_time_metric 0.40414395460790214
epoch 4
  Train Loss: 0.5426, Test Loss: 0.7534
  Train Acc: 0.9127, Test Acc: 0.8930
  LR: 0.010000, Grad Norm: 0.0005, Throughput: 1876.0 samples/s
accuracy_to_time_metric 0.38887110823994375
epoch 9
  Train Loss: 0.6447, Test Loss: 0.6626
  Train Acc: 0.8850, Test Acc: 0.8818
  LR: 0.010000, Grad Norm: 3.0000, Throughput: 436.9 samples/s
accuracy_to_time_metric 0.37238790478303113
epoch 3
  Train Loss: 0.5575, Test Loss: 0.8501
  Train Acc: 0.9136, Test Acc: 0.8896
  LR: 0.010000, Grad Norm: 0.0904, Throughput: 1753.3 samples/s
accuracy_to_time_metric 0.3437639369923283
epoch 10
  Train Loss: 0.2725, Test Loss: 0.3784
  Train Acc: 0.9125, Test Acc: 0.8934
  LR: 0.010000, Grad Norm: 3.0000, Throughput: 964.3 samples/s
accuracy_to_time_metric 0.3368696657639694
epoch 6
  Train Loss: 0.5466, Test Loss: 0.6995
  Train Acc: 0.9142, Test Acc: 0.9028
  LR: 0.010000, Grad Norm: 3.0000, Throughput: 1774.9 samples/s
accuracy_to_time_metric 0.3146386289417102
Training summary saved to /home/s471802/nn-gpt/out/training_summary.json
  Train Loss: 0.2803, Test Loss: 0.3760
  Train Acc: 0.9105, Test Acc: 0.8922
  LR: 0.010000, Grad Norm: 3.0000, Throughput: 692.2 samples/s
accuracy_to_time_metric 0.3029684123292931
epoch 5
  Train Loss: 0.2658, Test Loss: 0.4074
  Train Acc: 0.9138, Test Acc: 0.8878
  LR: 0.010000, Grad Norm: 3.0000, Throughput: 946.9 samples/s
accuracy_to_time_metric 0.2782272433069968
epoch 7
  Train Loss: 0.6037, Test Loss: 0.5680
  Train Acc: 0.8951, Test Acc: 0.9038
  LR: 0.010000, Grad Norm: 0.6820, Throughput: 429.6 samples/s
accuracy_to_time_metric 0.2553326016510484
epoch 4
  Train Loss: 0.2774, Test Loss: 0.3610
  Train Acc: 0.9118, Test Acc: 0.8936
  LR: 0.010000, Grad Norm: 3.0000, Throughput: 695.4 samples/s
accuracy_to_time_metric 0.2432138491866016
epoch 6
  Train Loss: 0.2613, Test Loss: 0.3785
  Train Acc: 0.9168, Test Acc: 0.8886
  LR: 0.010000, Grad Norm: 1.1768, Throughput: 969.0 samples/s
accuracy_to_time_metric 0.23919342476371974
epoch 8
  Train Loss: 0.2593, Test Loss: 0.3781
  Train Acc: 0.9171, Test Acc: 0.8958
  LR: 0.010000, Grad Norm: 3.0000, Throughput: 955.4 samples/s
accuracy_to_time_metric 0.21101963644101954
epoch 9
  Train Loss: 0.2672, Test Loss: 0.4020
  Train Acc: 0.9143, Test Acc: 0.8914
  LR: 0.010000, Grad Norm: 0.4509, Throughput: 687.6 samples/s
accuracy_to_time_metric 0.20196580574391682
epoch 7
  Train Loss: 0.5778, Test Loss: 0.7665
  Train Acc: 0.9004, Test Acc: 0.8778
  LR: 0.010000, Grad Norm: 3.0000, Throughput: 427.1 samples/s
accuracy_to_time_metric 0.1850725988166619
epoch 5
  Train Loss: 0.2528, Test Loss: 0.3903
  Train Acc: 0.9174, Test Acc: 0.8944
  LR: 0.010000, Grad Norm: 0.3813, Throughput: 939.2 samples/s
accuracy_to_time_metric 0.1868562730915146
epoch 10
  Train Loss: 0.2603, Test Loss: 0.3618
  Train Acc: 0.9158, Test Acc: 0.8980
  LR: 0.010000, Grad Norm: 0.1948, Throughput: 694.7 samples/s
accuracy_to_time_metric 0.17472269442567
epoch 8
  Train Loss: 0.2447, Test Loss: 0.4186
  Train Acc: 0.9198, Test Acc: 0.8866
  LR: 0.010000, Grad Norm: 0.2799, Throughput: 982.4 samples/s
accuracy_to_time_metric 0.16698884338250014
Training summary saved to /home/s471802/nn-gpt/out/training_summary.json
  Train Loss: 0.2556, Test Loss: 0.3883
  Train Acc: 0.9184, Test Acc: 0.8854
  LR: 0.010000, Grad Norm: 1.0222, Throughput: 691.8 samples/s
accuracy_to_time_metric 0.15049694587916285
epoch 9
  Train Loss: 0.5629, Test Loss: 0.8061
  Train Acc: 0.9035, Test Acc: 0.8794
  LR: 0.010000, Grad Norm: 3.0000, Throughput: 434.4 samples/s
accuracy_to_time_metric 0.14875375574654848
epoch 6
  Train Loss: 0.2572, Test Loss: 0.4105
  Train Acc: 0.9184, Test Acc: 0.8874
  LR: 0.010000, Grad Norm: 0.0605, Throughput: 698.6 samples/s
accuracy_to_time_metric 0.13427866563705163
epoch 10
  Train Loss: 0.5482, Test Loss: 0.9083
  Train Acc: 0.9081, Test Acc: 0.8828
  LR: 0.010000, Grad Norm: 3.0000, Throughput: 436.7 samples/s
accuracy_to_time_metric 0.12482811258734534
epoch 7
  Train Loss: 0.2473, Test Loss: 0.3620
  Train Acc: 0.9201, Test Acc: 0.8956
  LR: 0.010000, Grad Norm: 0.8775, Throughput: 707.7 samples/s
accuracy_to_time_metric 0.12238423008852618
Training summary saved to /home/s471802/nn-gpt/out/training_summary.json
  Train Loss: 0.5651, Test Loss: 0.9410
  Train Acc: 0.9087, Test Acc: 0.8830
  LR: 0.010000, Grad Norm: 3.0000, Throughput: 428.3 samples/s
accuracy_to_time_metric 0.10692823169794276
epoch 8
  Train Loss: 0.5472, Test Loss: 0.8430
  Train Acc: 0.9120, Test Acc: 0.8812
  LR: 0.010000, Grad Norm: 3.0000, Throughput: 439.6 samples/s
accuracy_to_time_metric 0.09358763392001818
epoch 9
  Train Loss: 0.5458, Test Loss: 0.8081
  Train Acc: 0.9128, Test Acc: 0.8960
  LR: 0.010000, Grad Norm: 3.0000, Throughput: 433.9 samples/s
accuracy_to_time_metric 0.08481282127495025
epoch 10
  Train Loss: 0.5270, Test Loss: 0.8306
  Train Acc: 0.9147, Test Acc: 0.8908
  LR: 0.010000, Grad Norm: 3.0000, Throughput: 428.7 samples/s
accuracy_to_time_metric 0.07577612241448135
Training summary saved to /home/s471802/nn-gpt/out/training_summary.json
[eval_only] 145/300 article_A_cifar10_epoch10-0144 formal_success=True acc=0.9028
[eval_only] 146/300 article_A_cifar10_epoch10-0145 formal_success=True acc=0.8956
[eval_only] 147/300 article_A_cifar10_epoch10-0146 formal_success=True acc=0.8866
[eval_only] 148/300 article_A_cifar10_epoch10-0147 formal_success=True acc=0.8908
[Reward Assign] reward_batch_index=0 batch_item=3/4 completion_index=150 worker_slot=2 assigned_gpu=2 physical_gpu=2 worker_device=cuda:0 gpu_name='NVIDIA L40S' gpu_free_gib=43.41 gpu_used_gib=0.98 gpu_total_gib=44.99 timeout_seconds=1920
[Reward Assign] reward_batch_index=0 batch_item=2/4 completion_index=149 worker_slot=1 assigned_gpu=1 physical_gpu=1 worker_device=cuda:0 gpu_name='NVIDIA L40S' gpu_free_gib=43.39 gpu_used_gib=1.00 gpu_total_gib=44.99 timeout_seconds=1920
[Reward Assign] reward_batch_index=0 batch_item=4/4 completion_index=151 worker_slot=3 assigned_gpu=3 physical_gpu=3 worker_device=cuda:0 gpu_name='NVIDIA L40S' gpu_free_gib=43.37 gpu_used_gib=1.02 gpu_total_gib=44.99 timeout_seconds=1920
[Reward Assign] reward_batch_index=0 batch_item=1/4 completion_index=148 worker_slot=0 assigned_gpu=0 physical_gpu=0 worker_device=cuda:0 gpu_name='NVIDIA L40S' gpu_free_gib=43.42 gpu_used_gib=0.98 gpu_total_gib=44.99 timeout_seconds=1920
Evaluating /home/s471802/nn-gpt/out/nn/tmp/ec03dfa15ea44c319722e1649ae10aee.py...
Evaluating /home/s471802/nn-gpt/out/nn/tmp/69643f9e389d8a8cf70435ce3cb2115c.py...
Evaluating /home/s471802/nn-gpt/out/nn/tmp/45066bce7e10b16aa8f18b2ec4ed6fee.py...
Evaluating /home/s471802/nn-gpt/out/nn/tmp/50b36cd43b747aa5903962be2f985160.py...
epoch 1
epoch 1
epoch 1
epoch 1
  Train Loss: 0.6408, Test Loss: 0.6126
  Train Acc: 0.8532, Test Acc: 0.8740
  LR: 0.010000, Grad Norm: 3.0000, Throughput: 1772.4 samples/s
accuracy_to_time_metric 3.048176519804909
epoch 2
  Train Loss: 0.6110, Test Loss: 0.8228
  Train Acc: 0.8855, Test Acc: 0.8630
  LR: 0.010000, Grad Norm: 3.0000, Throughput: 1780.1 samples/s
accuracy_to_time_metric 1.5026888781949697
epoch 3
  Train Loss: 0.3846, Test Loss: 0.4375
  Train Acc: 0.8781, Test Acc: 0.8758
  LR: 0.010000, Grad Norm: 2.7456, Throughput: 692.4 samples/s
accuracy_to_time_metric 1.19355911139646
epoch 2
  Train Loss: 0.3139, Test Loss: 0.2833
  Train Acc: 0.8987, Test Acc: 0.9070
  LR: 0.010000, Grad Norm: 3.0000, Throughput: 662.0 samples/s
accuracy_to_time_metric 1.1870865368784518
epoch 2
  Train Loss: 0.6779, Test Loss: 0.5691
  Train Acc: 0.8483, Test Acc: 0.8836
  LR: 0.010000, Grad Norm: 2.8359, Throughput: 648.7 samples/s
accuracy_to_time_metric 1.1294674088736718
epoch 2
  Train Loss: 0.6085, Test Loss: 0.7748
  Train Acc: 0.8943, Test Acc: 0.8762
  LR: 0.010000, Grad Norm: 3.0000, Throughput: 1753.3 samples/s
accuracy_to_time_metric 1.0140408669989647
epoch 4
  Train Loss: 0.6126, Test Loss: 0.6921
  Train Acc: 0.8984, Test Acc: 0.8920
  LR: 0.010000, Grad Norm: 3.0000, Throughput: 1830.1 samples/s
accuracy_to_time_metric 0.782309853798225
epoch 5
  Train Loss: 0.5717, Test Loss: 0.7412
  Train Acc: 0.9046, Test Acc: 0.8880
  LR: 0.010000, Grad Norm: 2.0733, Throughput: 1772.5 samples/s
accuracy_to_time_metric 0.6217885037746782
epoch 6
  Train Loss: 0.3151, Test Loss: 0.3536
  Train Acc: 0.9002, Test Acc: 0.8934
  LR: 0.010000, Grad Norm: 3.0000, Throughput: 689.0 samples/s
accuracy_to_time_metric 0.6083816537448283
epoch 3
  Train Loss: 0.2198, Test Loss: 0.2886
  Train Acc: 0.9282, Test Acc: 0.9146
  LR: 0.010000, Grad Norm: 0.1134, Throughput: 663.2 samples/s
accuracy_to_time_metric 0.599230169783571
epoch 3
  Train Loss: 0.5987, Test Loss: 0.7023
  Train Acc: 0.8852, Test Acc: 0.8788
  LR: 0.010000, Grad Norm: 0.0002, Throughput: 649.3 samples/s
accuracy_to_time_metric 0.5611310498829306
epoch 3
  Train Loss: 0.5796, Test Loss: 0.7044
  Train Acc: 0.9068, Test Acc: 0.8910
  LR: 0.010000, Grad Norm: 1.6732, Throughput: 1813.8 samples/s
accuracy_to_time_metric 0.5216132465525686
epoch 7
  Train Loss: 0.5507, Test Loss: 0.8790
  Train Acc: 0.9081, Test Acc: 0.8890
  LR: 0.010000, Grad Norm: 3.0000, Throughput: 1816.5 samples/s
accuracy_to_time_metric 0.44697039630953234
epoch 8
  Train Loss: 0.2914, Test Loss: 0.3916
  Train Acc: 0.9075, Test Acc: 0.8850
  LR: 0.010000, Grad Norm: 3.0000, Throughput: 687.9 samples/s
accuracy_to_time_metric 0.40065298149970413
epoch 4
  Train Loss: 0.1884, Test Loss: 0.2381
  Train Acc: 0.9375, Test Acc: 0.9270
  LR: 0.010000, Grad Norm: 0.4220, Throughput: 661.0 samples/s
accuracy_to_time_metric 0.405151068906967
epoch 4
  Train Loss: 0.5655, Test Loss: 0.9598
  Train Acc: 0.9102, Test Acc: 0.8874
  LR: 0.010000, Grad Norm: 1.6073, Throughput: 1765.1 samples/s
accuracy_to_time_metric 0.38956992331908885
epoch 9
  Train Loss: 0.5864, Test Loss: 0.6491
  Train Acc: 0.8970, Test Acc: 0.8866
  LR: 0.010000, Grad Norm: 3.0000, Throughput: 641.7 samples/s
accuracy_to_time_metric 0.37632606513248323
epoch 4
  Train Loss: 0.5249, Test Loss: 0.8476
  Train Acc: 0.9154, Test Acc: 0.8836
  LR: 0.010000, Grad Norm: 3.0000, Throughput: 1892.1 samples/s
accuracy_to_time_metric 0.3467142593490026
epoch 10
  Train Loss: 0.5216, Test Loss: 0.7592
  Train Acc: 0.9160, Test Acc: 0.9026
  LR: 0.010000, Grad Norm: 0.2468, Throughput: 1816.5 samples/s
accuracy_to_time_metric 0.3199072726744143
Training summary saved to /home/s471802/nn-gpt/out/training_summary.json
  Train Loss: 0.2845, Test Loss: 0.3753
  Train Acc: 0.9098, Test Acc: 0.8888
  LR: 0.010000, Grad Norm: 3.0000, Throughput: 695.2 samples/s
accuracy_to_time_metric 0.302495685783731
epoch 5
  Train Loss: 0.1664, Test Loss: 0.2340
  Train Acc: 0.9442, Test Acc: 0.9254
  LR: 0.010000, Grad Norm: 1.0745, Throughput: 674.3 samples/s
accuracy_to_time_metric 0.3046236749540868
epoch 5
  Train Loss: 0.5952, Test Loss: 0.9826
  Train Acc: 0.8974, Test Acc: 0.8624
  LR: 0.010000, Grad Norm: 3.0000, Throughput: 650.5 samples/s
accuracy_to_time_metric 0.2739444899124692
epoch 5
  Train Loss: 0.2782, Test Loss: 0.4100
  Train Acc: 0.9120, Test Acc: 0.8844
  LR: 0.010000, Grad Norm: 2.0647, Throughput: 678.6 samples/s
accuracy_to_time_metric 0.23974641571800728
epoch 6
  Train Loss: 0.1525, Test Loss: 0.2446
  Train Acc: 0.9474, Test Acc: 0.9200
  LR: 0.010000, Grad Norm: 3.0000, Throughput: 655.7 samples/s
accuracy_to_time_metric 0.2413980429670606
epoch 6
  Train Loss: 0.5887, Test Loss: 0.7938
  Train Acc: 0.9038, Test Acc: 0.8896
  LR: 0.010000, Grad Norm: 3.0000, Throughput: 636.3 samples/s
accuracy_to_time_metric 0.22616394533224077
epoch 6
  Train Loss: 0.2705, Test Loss: 0.3514
  Train Acc: 0.9132, Test Acc: 0.8972
  LR: 0.010000, Grad Norm: 3.0000, Throughput: 681.7 samples/s
accuracy_to_time_metric 0.20269999684923376
epoch 7
  Train Loss: 0.1372, Test Loss: 0.2255
  Train Acc: 0.9542, Test Acc: 0.9294
  LR: 0.010000, Grad Norm: 0.0329, Throughput: 661.4 samples/s
accuracy_to_time_metric 0.2033701108189761
epoch 7
  Train Loss: 0.5644, Test Loss: 0.6843
  Train Acc: 0.9080, Test Acc: 0.8892
  LR: 0.010000, Grad Norm: 3.0000, Throughput: 642.6 samples/s
accuracy_to_time_metric 0.18823719365468752
epoch 7
  Train Loss: 0.2600, Test Loss: 0.3761
  Train Acc: 0.9169, Test Acc: 0.8904
  LR: 0.010000, Grad Norm: 3.0000, Throughput: 683.5 samples/s
accuracy_to_time_metric 0.1721136705751852
epoch 8
  Train Loss: 0.1210, Test Loss: 0.2385
  Train Acc: 0.9582, Test Acc: 0.9270
  LR: 0.010000, Grad Norm: 0.5075, Throughput: 661.9 samples/s
accuracy_to_time_metric 0.17376951414822175
epoch 8
  Train Loss: 0.5684, Test Loss: 0.9122
  Train Acc: 0.9081, Test Acc: 0.8688
  LR: 0.010000, Grad Norm: 3.0000, Throughput: 636.3 samples/s
accuracy_to_time_metric 0.1568726480533958
epoch 8
  Train Loss: 0.2538, Test Loss: 0.3682
  Train Acc: 0.9188, Test Acc: 0.8930
  LR: 0.010000, Grad Norm: 3.0000, Throughput: 674.6 samples/s
accuracy_to_time_metric 0.15074868802269423
epoch 9
  Train Loss: 0.1175, Test Loss: 0.2365
  Train Acc: 0.9589, Test Acc: 0.9268
  LR: 0.010000, Grad Norm: 3.0000, Throughput: 657.5 samples/s
accuracy_to_time_metric 0.15185592652188473
epoch 9
  Train Loss: 0.5478, Test Loss: 0.7158
  Train Acc: 0.9124, Test Acc: 0.8958
  LR: 0.010000, Grad Norm: 3.0000, Throughput: 640.6 samples/s
accuracy_to_time_metric 0.14199795522964098
epoch 9
  Train Loss: 0.2515, Test Loss: 0.3781
  Train Acc: 0.9176, Test Acc: 0.8932
  LR: 0.010000, Grad Norm: 3.0000, Throughput: 683.6 samples/s
accuracy_to_time_metric 0.13399364946965758
epoch 10
  Train Loss: 0.1130, Test Loss: 0.2482
  Train Acc: 0.9596, Test Acc: 0.9252
  LR: 0.010000, Grad Norm: 0.6543, Throughput: 660.8 samples/s
accuracy_to_time_metric 0.13469129881371372
epoch 10
  Train Loss: 0.5366, Test Loss: 0.8201
  Train Acc: 0.9124, Test Acc: 0.8886
  LR: 0.010000, Grad Norm: 0.2122, Throughput: 643.4 samples/s
accuracy_to_time_metric 0.12508123620959452
epoch 10
  Train Loss: 0.2525, Test Loss: 0.3977
  Train Acc: 0.9197, Test Acc: 0.8924
  LR: 0.010000, Grad Norm: 3.0000, Throughput: 693.3 samples/s
accuracy_to_time_metric 0.12061284727189453
Training summary saved to /home/s471802/nn-gpt/out/training_summary.json
  Train Loss: 0.1055, Test Loss: 0.2502
  Train Acc: 0.9637, Test Acc: 0.9212
  LR: 0.010000, Grad Norm: 1.3972, Throughput: 667.2 samples/s
accuracy_to_time_metric 0.12072807888628397
Training summary saved to /home/s471802/nn-gpt/out/training_summary.json
  Train Loss: 0.5473, Test Loss: 0.7580
  Train Acc: 0.9143, Test Acc: 0.8932
  LR: 0.010000, Grad Norm: 3.0000, Throughput: 648.8 samples/s
accuracy_to_time_metric 0.11332496397660033
Training summary saved to /home/s471802/nn-gpt/out/training_summary.json
[eval_only] 149/300 article_A_cifar10_epoch10-0148 formal_success=True acc=0.9026
[eval_only] 150/300 article_A_cifar10_epoch10-0149 formal_success=True acc=0.8932
[eval_only] 151/300 article_A_cifar10_epoch10-0150 formal_success=True acc=0.8924
[eval_only] 152/300 article_A_cifar10_epoch10-0151 formal_success=True acc=0.9212
[Reward Assign] reward_batch_index=0 batch_item=3/4 completion_index=154 worker_slot=2 assigned_gpu=2 physical_gpu=2 worker_device=cuda:0 gpu_name='NVIDIA L40S' gpu_free_gib=43.41 gpu_used_gib=0.98 gpu_total_gib=44.99 timeout_seconds=1920
[Reward Assign] reward_batch_index=0 batch_item=4/4 completion_index=155 worker_slot=3 assigned_gpu=3 physical_gpu=3 worker_device=cuda:0 gpu_name='NVIDIA L40S' gpu_free_gib=43.37 gpu_used_gib=1.02 gpu_total_gib=44.99 timeout_seconds=1920
[Reward Assign] reward_batch_index=0 batch_item=2/4 completion_index=153 worker_slot=1 assigned_gpu=1 physical_gpu=1 worker_device=cuda:0 gpu_name='NVIDIA L40S' gpu_free_gib=43.39 gpu_used_gib=1.00 gpu_total_gib=44.99 timeout_seconds=1920
[Reward Assign] reward_batch_index=0 batch_item=1/4 completion_index=152 worker_slot=0 assigned_gpu=0 physical_gpu=0 worker_device=cuda:0 gpu_name='NVIDIA L40S' gpu_free_gib=43.42 gpu_used_gib=0.98 gpu_total_gib=44.99 timeout_seconds=1920
Evaluating /home/s471802/nn-gpt/out/nn/tmp/0a9eb2b02b546d8997c7062dd295d056.py...
Evaluating /home/s471802/nn-gpt/out/nn/tmp/69f73d82cc3836aa34689de52569d336.py...
Evaluating /home/s471802/nn-gpt/out/nn/tmp/f65ff5184f1aefe613c359bd58f998ea.py...
Evaluating /home/s471802/nn-gpt/out/nn/tmp/f89b00656aa578247a3b3244eb3a6df2.py...
epoch 1
epoch 1
epoch 1
epoch 1
  Train Loss: 0.6580, Test Loss: 0.5927
  Train Acc: 0.8489, Test Acc: 0.8798
  LR: 0.010000, Grad Norm: 3.0000, Throughput: 1729.0 samples/s
accuracy_to_time_metric 2.995865327618928
epoch 2
  Train Loss: 0.6048, Test Loss: 0.6387
  Train Acc: 0.8858, Test Acc: 0.8852
  LR: 0.010000, Grad Norm: 3.0000, Throughput: 1814.8 samples/s
accuracy_to_time_metric 1.5417469180421628
epoch 3
  Train Loss: 0.3627, Test Loss: 0.3079
  Train Acc: 0.8877, Test Acc: 0.9038
  LR: 0.010000, Grad Norm: 3.0000, Throughput: 692.0 samples/s
accuracy_to_time_metric 1.2359218849259108
epoch 2
  Train Loss: 0.6568, Test Loss: 0.6905
  Train Acc: 0.8491, Test Acc: 0.8766
  LR: 0.010000, Grad Norm: 0.7537, Throughput: 642.5 samples/s
accuracy_to_time_metric 1.1085708668231977
epoch 2
  Train Loss: 0.6527, Test Loss: 0.6484
  Train Acc: 0.8515, Test Acc: 0.8710
  LR: 0.010000, Grad Norm: 3.0000, Throughput: 639.6 samples/s
accuracy_to_time_metric 1.0957497328054036
epoch 2
  Train Loss: 0.6055, Test Loss: 0.6205
  Train Acc: 0.8935, Test Acc: 0.8994
  LR: 0.010000, Grad Norm: 0.6842, Throughput: 1804.4 samples/s
accuracy_to_time_metric 1.0522315364455446
epoch 4
  Train Loss: 0.5874, Test Loss: 0.6751
  Train Acc: 0.9017, Test Acc: 0.8954
  LR: 0.010000, Grad Norm: 3.0000, Throughput: 1694.0 samples/s
accuracy_to_time_metric 0.7749328482456714
epoch 5
  Train Loss: 0.5891, Test Loss: 0.9961
  Train Acc: 0.9019, Test Acc: 0.8658
  LR: 0.010000, Grad Norm: 1.1605, Throughput: 1757.0 samples/s
accuracy_to_time_metric 0.5966235448766234
epoch 6
  Train Loss: 0.2718, Test Loss: 0.3049
  Train Acc: 0.9156, Test Acc: 0.9082
  LR: 0.010000, Grad Norm: 3.0000, Throughput: 684.2 samples/s
accuracy_to_time_metric 0.6173765790966601
epoch 3
  Train Loss: 0.6132, Test Loss: 0.8999
  Train Acc: 0.8860, Test Acc: 0.8672
  LR: 0.010000, Grad Norm: 3.0000, Throughput: 630.9 samples/s
accuracy_to_time_metric 0.5422739340292122
epoch 3
  Train Loss: 0.6081, Test Loss: 0.6735
  Train Acc: 0.8841, Test Acc: 0.8826
  LR: 0.010000, Grad Norm: 3.0000, Throughput: 629.3 samples/s
accuracy_to_time_metric 0.5512236239232174
epoch 3
  Train Loss: 0.5702, Test Loss: 0.7399
  Train Acc: 0.9067, Test Acc: 0.8858
  LR: 0.010000, Grad Norm: 0.0001, Throughput: 1513.2 samples/s
accuracy_to_time_metric 0.49671689984917317
epoch 7
  Train Loss: 0.5380, Test Loss: 0.8183
  Train Acc: 0.9101, Test Acc: 0.8822
  LR: 0.010000, Grad Norm: 0.0632, Throughput: 1598.0 samples/s
accuracy_to_time_metric 0.41949300348146334
epoch 8
  Train Loss: 0.2467, Test Loss: 0.3150
  Train Acc: 0.9230, Test Acc: 0.9014
  LR: 0.010000, Grad Norm: 3.0000, Throughput: 594.8 samples/s
accuracy_to_time_metric 0.387782161786313
epoch 4
  Train Loss: 0.5299, Test Loss: 0.8376
  Train Acc: 0.9142, Test Acc: 0.8836
  LR: 0.010000, Grad Norm: 0.0287, Throughput: 1778.2 samples/s
accuracy_to_time_metric 0.3698424107949933
epoch 9
  Train Loss: 0.5996, Test Loss: 0.5768
  Train Acc: 0.8930, Test Acc: 0.9014
  LR: 0.010000, Grad Norm: 3.0000, Throughput: 551.6 samples/s
accuracy_to_time_metric 0.35910703348911316
epoch 4
  Train Loss: 0.6048, Test Loss: 0.8007
  Train Acc: 0.8933, Test Acc: 0.8784
  LR: 0.010000, Grad Norm: 3.0000, Throughput: 550.1 samples/s
accuracy_to_time_metric 0.34768705102815184
epoch 4
  Train Loss: 0.5674, Test Loss: 0.8130
  Train Acc: 0.9103, Test Acc: 0.8902
  LR: 0.010000, Grad Norm: 3.0000, Throughput: 1736.5 samples/s
accuracy_to_time_metric 0.33216760151168684
epoch 10
  Train Loss: 0.5376, Test Loss: 0.7325
  Train Acc: 0.9156, Test Acc: 0.8972
  LR: 0.010000, Grad Norm: 3.0000, Throughput: 1732.9 samples/s
accuracy_to_time_metric 0.3020116122026965
Training summary saved to /home/s471802/nn-gpt/out/training_summary.json
  Train Loss: 0.2164, Test Loss: 0.2971
  Train Acc: 0.9314, Test Acc: 0.9118
  LR: 0.010000, Grad Norm: 0.3987, Throughput: 683.6 samples/s
accuracy_to_time_metric 0.2978050464808603
epoch 5
  Train Loss: 0.5693, Test Loss: 0.7483
  Train Acc: 0.9025, Test Acc: 0.8854
  LR: 0.010000, Grad Norm: 3.0000, Throughput: 632.5 samples/s
accuracy_to_time_metric 0.2667727064783338
epoch 5
  Train Loss: 0.5793, Test Loss: 0.9148
  Train Acc: 0.9020, Test Acc: 0.8776
  LR: 0.010000, Grad Norm: 3.0000, Throughput: 625.0 samples/s
accuracy_to_time_metric 0.26271981598039373
epoch 5
  Train Loss: 0.2034, Test Loss: 0.3558
  Train Acc: 0.9352, Test Acc: 0.9080
  LR: 0.010000, Grad Norm: 3.0000, Throughput: 677.6 samples/s
accuracy_to_time_metric 0.2382707314335871
epoch 6
  Train Loss: 0.5900, Test Loss: 0.8987
  Train Acc: 0.9007, Test Acc: 0.8718
  LR: 0.010000, Grad Norm: 3.0000, Throughput: 626.7 samples/s
accuracy_to_time_metric 0.21069515966390132
epoch 6
  Train Loss: 0.5610, Test Loss: 0.6480
  Train Acc: 0.9062, Test Acc: 0.8964
  LR: 0.010000, Grad Norm: 3.0000, Throughput: 625.0 samples/s
accuracy_to_time_metric 0.21636497356331388
epoch 6
  Train Loss: 0.1989, Test Loss: 0.3617
  Train Acc: 0.9362, Test Acc: 0.9018
  LR: 0.010000, Grad Norm: 1.5912, Throughput: 697.1 samples/s
accuracy_to_time_metric 0.19858156525780893
epoch 7
  Train Loss: 0.5858, Test Loss: 0.8251
  Train Acc: 0.9072, Test Acc: 0.8860
  LR: 0.010000, Grad Norm: 3.0000, Throughput: 647.8 samples/s
accuracy_to_time_metric 0.18032397051840526
epoch 7
  Train Loss: 0.5958, Test Loss: 1.0020
  Train Acc: 0.9052, Test Acc: 0.8640
  LR: 0.010000, Grad Norm: 0.0000, Throughput: 641.2 samples/s
accuracy_to_time_metric 0.17428456309555646
epoch 7
  Train Loss: 0.1907, Test Loss: 0.3762
  Train Acc: 0.9386, Test Acc: 0.9006
  LR: 0.010000, Grad Norm: 2.4583, Throughput: 676.2 samples/s
accuracy_to_time_metric 0.17019025100870466
epoch 8
  Train Loss: 0.5779, Test Loss: 0.7202
  Train Acc: 0.9082, Test Acc: 0.8926
  LR: 0.010000, Grad Norm: 3.0000, Throughput: 606.2 samples/s
accuracy_to_time_metric 0.15534579188903688
epoch 8
  Train Loss: 0.5720, Test Loss: 0.8534
  Train Acc: 0.9085, Test Acc: 0.8822
  LR: 0.010000, Grad Norm: 3.0000, Throughput: 600.8 samples/s
accuracy_to_time_metric 0.15236795898312347
epoch 8
  Train Loss: 0.1740, Test Loss: 0.3612
  Train Acc: 0.9436, Test Acc: 0.9066
  LR: 0.010000, Grad Norm: 2.9258, Throughput: 677.0 samples/s
accuracy_to_time_metric 0.1502079748216491
epoch 9
  Train Loss: 0.5561, Test Loss: 0.8024
  Train Acc: 0.9113, Test Acc: 0.8910
  LR: 0.010000, Grad Norm: 0.0001, Throughput: 624.5 samples/s
accuracy_to_time_metric 0.13582382926227546
epoch 9
  Train Loss: 0.5504, Test Loss: 0.7297
  Train Acc: 0.9112, Test Acc: 0.8970
  LR: 0.010000, Grad Norm: 3.0000, Throughput: 615.4 samples/s
accuracy_to_time_metric 0.13587088129491784
epoch 9
  Train Loss: 0.1736, Test Loss: 0.4141
  Train Acc: 0.9430, Test Acc: 0.8972
  LR: 0.010000, Grad Norm: 0.0211, Throughput: 679.1 samples/s
accuracy_to_time_metric 0.1321284649939649
epoch 10
  Train Loss: 0.5642, Test Loss: 0.9847
  Train Acc: 0.9122, Test Acc: 0.8820
  LR: 0.010000, Grad Norm: 3.0000, Throughput: 626.3 samples/s
accuracy_to_time_metric 0.11951231589339954
epoch 10
  Train Loss: 0.5404, Test Loss: 0.7704
  Train Acc: 0.9138, Test Acc: 0.8934
  LR: 0.010000, Grad Norm: 3.0000, Throughput: 620.7 samples/s
accuracy_to_time_metric 0.120360747304806
epoch 10
  Train Loss: 0.1608, Test Loss: 0.3409
  Train Acc: 0.9478, Test Acc: 0.9114
  LR: 0.010000, Grad Norm: 3.0000, Throughput: 677.4 samples/s
accuracy_to_time_metric 0.12112601454751785
Training summary saved to /home/s471802/nn-gpt/out/training_summary.json
  Train Loss: 0.5399, Test Loss: 0.8302
  Train Acc: 0.9153, Test Acc: 0.8944
  LR: 0.010000, Grad Norm: 3.0000, Throughput: 612.2 samples/s
accuracy_to_time_metric 0.1091304047656832
Training summary saved to /home/s471802/nn-gpt/out/training_summary.json
  Train Loss: 0.5268, Test Loss: 0.7189
  Train Acc: 0.9156, Test Acc: 0.8998
  LR: 0.010000, Grad Norm: 3.0000, Throughput: 607.8 samples/s
accuracy_to_time_metric 0.10906545875588677
Training summary saved to /home/s471802/nn-gpt/out/training_summary.json
[eval_only] 153/300 article_A_cifar10_epoch10-0152 formal_success=True acc=0.8944
[eval_only] 154/300 article_A_cifar10_epoch10-0153 formal_success=True acc=0.9114
[eval_only] 155/300 article_A_cifar10_epoch10-0154 formal_success=True acc=0.8998
[eval_only] 156/300 article_A_cifar10_epoch10-0155 formal_success=True acc=0.8972
[Reward Assign] reward_batch_index=0 batch_item=1/4 completion_index=156 worker_slot=0 assigned_gpu=0 physical_gpu=0 worker_device=cuda:0 gpu_name='NVIDIA L40S' gpu_free_gib=43.42 gpu_used_gib=0.98 gpu_total_gib=44.99 timeout_seconds=1920
[Reward Assign] reward_batch_index=0 batch_item=3/4 completion_index=158 worker_slot=2 assigned_gpu=2 physical_gpu=2 worker_device=cuda:0 gpu_name='NVIDIA L40S' gpu_free_gib=43.41 gpu_used_gib=0.98 gpu_total_gib=44.99 timeout_seconds=1920
[Reward Assign] reward_batch_index=0 batch_item=2/4 completion_index=157 worker_slot=1 assigned_gpu=1 physical_gpu=1 worker_device=cuda:0 gpu_name='NVIDIA L40S' gpu_free_gib=43.39 gpu_used_gib=1.00 gpu_total_gib=44.99 timeout_seconds=1920
[Reward Assign] reward_batch_index=0 batch_item=4/4 completion_index=159 worker_slot=3 assigned_gpu=3 physical_gpu=3 worker_device=cuda:0 gpu_name='NVIDIA L40S' gpu_free_gib=43.37 gpu_used_gib=1.02 gpu_total_gib=44.99 timeout_seconds=1920
Evaluating /home/s471802/nn-gpt/out/nn/tmp/58c60e58c24a284bfb52ee928a36dd47.py...
Evaluating /home/s471802/nn-gpt/out/nn/tmp/8442fecdeb72813951852e54d3c0d6f4.py...
Evaluating /home/s471802/nn-gpt/out/nn/tmp/9891b2de57dd87a495aea6c631f3e4cd.py...
Evaluating /home/s471802/nn-gpt/out/nn/tmp/f8732b06994580d099afbb5f4ec838b3.py...
epoch 1
epoch 1
epoch 1
epoch 1
  Train Loss: 0.6526, Test Loss: 0.5566
  Train Acc: 0.8515, Test Acc: 0.8856
  LR: 0.010000, Grad Norm: 3.0000, Throughput: 603.8 samples/s
accuracy_to_time_metric 1.0540414820470916
epoch 2
  Train Loss: 0.3541, Test Loss: 0.3157
  Train Acc: 0.8934, Test Acc: 0.9070
  LR: 0.010000, Grad Norm: 3.0000, Throughput: 509.1 samples/s
accuracy_to_time_metric 0.9129757457044008
epoch 2
  Train Loss: 0.5228, Test Loss: 0.4950
  Train Acc: 0.8414, Test Acc: 0.8532
  LR: 0.010000, Grad Norm: 1.7338, Throughput: 369.2 samples/s
accuracy_to_time_metric 0.6179205916478892
epoch 2
  Train Loss: 0.5205, Test Loss: 0.4180
  Train Acc: 0.8300, Test Acc: 0.8584
  LR: 0.010000, Grad Norm: 1.4825, Throughput: 372.2 samples/s
accuracy_to_time_metric 0.6273388488695153
epoch 2
  Train Loss: 0.6245, Test Loss: 0.6951
  Train Acc: 0.8836, Test Acc: 0.8860
  LR: 0.010000, Grad Norm: 3.0000, Throughput: 766.1 samples/s
accuracy_to_time_metric 0.5893119331258727
epoch 3
  Train Loss: 0.2474, Test Loss: 0.3209
  Train Acc: 0.9244, Test Acc: 0.9054
  LR: 0.010000, Grad Norm: 0.6797, Throughput: 604.2 samples/s
accuracy_to_time_metric 0.49417660343321046
epoch 3
  Train Loss: 0.6010, Test Loss: 0.6835
  Train Acc: 0.8934, Test Acc: 0.8948
  LR: 0.010000, Grad Norm: 3.0000, Throughput: 746.4 samples/s
accuracy_to_time_metric 0.4101802270471636
epoch 4
  Train Loss: 0.3975, Test Loss: 0.4006
  Train Acc: 0.8668, Test Acc: 0.8588
  LR: 0.010000, Grad Norm: 0.8955, Throughput: 444.4 samples/s
accuracy_to_time_metric 0.3414142323146105
epoch 3
  Train Loss: 0.4294, Test Loss: 0.4089
  Train Acc: 0.8743, Test Acc: 0.8810
  LR: 0.010000, Grad Norm: 3.0000, Throughput: 423.0 samples/s
accuracy_to_time_metric 0.3419636070865458
epoch 3
  Train Loss: 0.2102, Test Loss: 0.2984
  Train Acc: 0.9352, Test Acc: 0.9076
  LR: 0.010000, Grad Norm: 1.2070, Throughput: 610.4 samples/s
accuracy_to_time_metric 0.34103669420868055
epoch 4
  Train Loss: 0.5866, Test Loss: 0.8245
  Train Acc: 0.9009, Test Acc: 0.8770
  LR: 0.010000, Grad Norm: 0.2176, Throughput: 749.1 samples/s
accuracy_to_time_metric 0.3059694097976244
epoch 5
  Train Loss: 0.1863, Test Loss: 0.3586
  Train Acc: 0.9401, Test Acc: 0.9000
  LR: 0.010000, Grad Norm: 1.6409, Throughput: 623.8 samples/s
accuracy_to_time_metric 0.25886224445587946
epoch 5
  Train Loss: 0.5776, Test Loss: 0.6039
  Train Acc: 0.9035, Test Acc: 0.8962
  LR: 0.010000, Grad Norm: 0.7385, Throughput: 754.0 samples/s
accuracy_to_time_metric 0.253781606024839
epoch 6
  Train Loss: 0.3692, Test Loss: 0.3869
  Train Acc: 0.8746, Test Acc: 0.8654
  LR: 0.010000, Grad Norm: 2.9424, Throughput: 437.6 samples/s
accuracy_to_time_metric 0.23537879238887094
epoch 4
  Train Loss: 0.4146, Test Loss: 0.4710
  Train Acc: 0.8796, Test Acc: 0.8654
  LR: 0.010000, Grad Norm: 3.0000, Throughput: 414.2 samples/s
accuracy_to_time_metric 0.22703079320793745
epoch 4
  Train Loss: 0.5457, Test Loss: 0.5898
  Train Acc: 0.9085, Test Acc: 0.9030
  LR: 0.010000, Grad Norm: 3.0000, Throughput: 785.6 samples/s
accuracy_to_time_metric 0.21637215554467654
epoch 7
  Train Loss: 0.1627, Test Loss: 0.3035
  Train Acc: 0.9481, Test Acc: 0.9178
  LR: 0.010000, Grad Norm: 0.0237, Throughput: 624.4 samples/s
accuracy_to_time_metric 0.21452256752493162
epoch 6
  Train Loss: 0.3552, Test Loss: 0.3790
  Train Acc: 0.8790, Test Acc: 0.8686
  LR: 0.010000, Grad Norm: 2.1743, Throughput: 449.6 samples/s
accuracy_to_time_metric 0.18069323380031546
epoch 5
  Train Loss: 0.5727, Test Loss: 0.7130
  Train Acc: 0.9093, Test Acc: 0.8920
  LR: 0.010000, Grad Norm: 0.2461, Throughput: 759.1 samples/s
accuracy_to_time_metric 0.18396973501228853
epoch 8
  Train Loss: 0.4006, Test Loss: 0.5876
  Train Acc: 0.8855, Test Acc: 0.8382
  LR: 0.010000, Grad Norm: 3.0000, Throughput: 431.5 samples/s
accuracy_to_time_metric 0.16718930666189563
epoch 5
  Train Loss: 0.1395, Test Loss: 0.3077
  Train Acc: 0.9540, Test Acc: 0.9140
  LR: 0.010000, Grad Norm: 3.0000, Throughput: 619.0 samples/s
accuracy_to_time_metric 0.17928680552945742
epoch 7
  Train Loss: 0.5428, Test Loss: 0.9068
  Train Acc: 0.9123, Test Acc: 0.8818
  LR: 0.010000, Grad Norm: 3.0000, Throughput: 772.1 samples/s
accuracy_to_time_metric 0.15991204472176668
epoch 9
  Train Loss: 0.3420, Test Loss: 0.3710
  Train Acc: 0.8837, Test Acc: 0.8708
  LR: 0.010000, Grad Norm: 2.4354, Throughput: 454.3 samples/s
accuracy_to_time_metric 0.14695186238954103
epoch 6
  Train Loss: 0.1355, Test Loss: 0.3068
  Train Acc: 0.9543, Test Acc: 0.9188
  LR: 0.010000, Grad Norm: 3.0000, Throughput: 626.7 samples/s
accuracy_to_time_metric 0.15568558465816631
epoch 8
  Train Loss: 0.3983, Test Loss: 0.6103
  Train Acc: 0.8873, Test Acc: 0.8566
  LR: 0.010000, Grad Norm: 3.0000, Throughput: 432.1 samples/s
accuracy_to_time_metric 0.13862922904791952
epoch 6
  Train Loss: 0.5523, Test Loss: 0.9506
  Train Acc: 0.9122, Test Acc: 0.8712
  LR: 0.010000, Grad Norm: 0.0014, Throughput: 787.6 samples/s
accuracy_to_time_metric 0.1412108723360607
epoch 10
  Train Loss: 0.1257, Test Loss: 0.2932
  Train Acc: 0.9575, Test Acc: 0.9180
  LR: 0.010000, Grad Norm: 0.1827, Throughput: 631.8 samples/s
accuracy_to_time_metric 0.13695943600607352
epoch 9
  Train Loss: 0.5390, Test Loss: 0.8922
  Train Acc: 0.9135, Test Acc: 0.8846
  LR: 0.010000, Grad Norm: 0.0003, Throughput: 774.5 samples/s
accuracy_to_time_metric 0.12982793061711484
Training summary saved to /home/s471802/nn-gpt/out/training_summary.json
  Train Loss: 0.3354, Test Loss: 0.3677
  Train Acc: 0.8855, Test Acc: 0.8734
  LR: 0.010000, Grad Norm: 2.0745, Throughput: 464.0 samples/s
accuracy_to_time_metric 0.1244193212095119
epoch 7
  Train Loss: 0.3906, Test Loss: 0.5439
  Train Acc: 0.8911, Test Acc: 0.8620
  LR: 0.010000, Grad Norm: 3.0000, Throughput: 437.9 samples/s
accuracy_to_time_metric 0.11747683725655819
epoch 7
  Train Loss: 0.1137, Test Loss: 0.3112
  Train Acc: 0.9615, Test Acc: 0.9176
  LR: 0.010000, Grad Norm: 0.3955, Throughput: 641.2 samples/s
accuracy_to_time_metric 0.12247940720424964
epoch 10
  Train Loss: 0.3271, Test Loss: 0.3739
  Train Acc: 0.8891, Test Acc: 0.8720
  LR: 0.010000, Grad Norm: 1.9147, Throughput: 449.6 samples/s
accuracy_to_time_metric 0.10695573777176155
epoch 8
  Train Loss: 0.1072, Test Loss: 0.3528
  Train Acc: 0.9640, Test Acc: 0.9138
  LR: 0.010000, Grad Norm: 0.6209, Throughput: 618.3 samples/s
accuracy_to_time_metric 0.10991044335344599
Training summary saved to /home/s471802/nn-gpt/out/training_summary.json
  Train Loss: 0.3833, Test Loss: 0.6332
  Train Acc: 0.8922, Test Acc: 0.8552
  LR: 0.010000, Grad Norm: 3.0000, Throughput: 427.0 samples/s
accuracy_to_time_metric 0.10014137429330056
epoch 8
  Train Loss: 0.3216, Test Loss: 0.3678
  Train Acc: 0.8898, Test Acc: 0.8708
  LR: 0.010000, Grad Norm: 2.2123, Throughput: 472.5 samples/s
accuracy_to_time_metric 0.09432873713539972
epoch 9
  Train Loss: 0.3698, Test Loss: 0.4353
  Train Acc: 0.8965, Test Acc: 0.8864
  LR: 0.010000, Grad Norm: 3.0000, Throughput: 444.1 samples/s
accuracy_to_time_metric 0.09191475949573077
epoch 9
  Train Loss: 0.3150, Test Loss: 0.3716
  Train Acc: 0.8928, Test Acc: 0.8716
  LR: 0.010000, Grad Norm: 2.9202, Throughput: 471.1 samples/s
accuracy_to_time_metric 0.08453482112956573
epoch 10
  Train Loss: 0.3759, Test Loss: 0.6225
  Train Acc: 0.8975, Test Acc: 0.8544
  LR: 0.010000, Grad Norm: 2.0456, Throughput: 442.5 samples/s
accuracy_to_time_metric 0.07879805709407674
epoch 10
  Train Loss: 0.3124, Test Loss: 0.3689
  Train Acc: 0.8926, Test Acc: 0.8710
  LR: 0.010000, Grad Norm: 1.2347, Throughput: 465.9 samples/s
accuracy_to_time_metric 0.07637861495794025
Training summary saved to /home/s471802/nn-gpt/out/training_summary.json
  Train Loss: 0.3577, Test Loss: 0.4824
  Train Acc: 0.8994, Test Acc: 0.8844
  LR: 0.010000, Grad Norm: 3.0000, Throughput: 447.4 samples/s
accuracy_to_time_metric 0.07413476878628922
Training summary saved to /home/s471802/nn-gpt/out/training_summary.json
[eval_only] 157/300 article_A_cifar10_epoch10-0156 formal_success=True acc=0.9138
[eval_only] 158/300 article_A_cifar10_epoch10-0157 formal_success=True acc=0.871
[eval_only] 159/300 article_A_cifar10_epoch10-0158 formal_success=True acc=0.8844
[eval_only] 160/300 article_A_cifar10_epoch10-0159 formal_success=True acc=0.8846
[Reward Assign] reward_batch_index=0 batch_item=3/4 completion_index=162 worker_slot=2 assigned_gpu=2 physical_gpu=2 worker_device=cuda:0 gpu_name='NVIDIA L40S' gpu_free_gib=43.41 gpu_used_gib=0.98 gpu_total_gib=44.99 timeout_seconds=1920
[Reward Assign] reward_batch_index=0 batch_item=4/4 completion_index=163 worker_slot=3 assigned_gpu=3 physical_gpu=3 worker_device=cuda:0 gpu_name='NVIDIA L40S' gpu_free_gib=43.37 gpu_used_gib=1.02 gpu_total_gib=44.99 timeout_seconds=1920
[Reward Assign] reward_batch_index=0 batch_item=1/4 completion_index=160 worker_slot=0 assigned_gpu=0 physical_gpu=0 worker_device=cuda:0 gpu_name='NVIDIA L40S' gpu_free_gib=43.42 gpu_used_gib=0.98 gpu_total_gib=44.99 timeout_seconds=1920
[Reward Assign] reward_batch_index=0 batch_item=2/4 completion_index=161 worker_slot=1 assigned_gpu=1 physical_gpu=1 worker_device=cuda:0 gpu_name='NVIDIA L40S' gpu_free_gib=43.39 gpu_used_gib=1.00 gpu_total_gib=44.99 timeout_seconds=1920
Evaluating /home/s471802/nn-gpt/out/nn/tmp/827a12e755621e1463a43f213049a423.py...
Evaluating /home/s471802/nn-gpt/out/nn/tmp/5165d1ed1fd3bed55c83c297523fcdd1.py...
Evaluating /home/s471802/nn-gpt/out/nn/tmp/222f929714b2c7f8a914e9c90110a3f8.py...
epoch 1
epoch 1
epoch 1
  Train Loss: 0.4008, Test Loss: 0.3158
  Train Acc: 0.8703, Test Acc: 0.8976
  LR: 0.010000, Grad Norm: 3.0000, Throughput: 686.6 samples/s
accuracy_to_time_metric 1.216983331532428
epoch 2
  Train Loss: 0.3954, Test Loss: 0.3536
  Train Acc: 0.8766, Test Acc: 0.8890
  LR: 0.010000, Grad Norm: 2.9133, Throughput: 704.0 samples/s
accuracy_to_time_metric 1.2343058675373926
epoch 2
  Train Loss: 0.6845, Test Loss: 0.6658
  Train Acc: 0.8490, Test Acc: 0.8722
  LR: 0.010000, Grad Norm: 0.5927, Throughput: 702.7 samples/s
accuracy_to_time_metric 1.2057607343734416
epoch 2
  Train Loss: 0.3152, Test Loss: 0.3429
  Train Acc: 0.9018, Test Acc: 0.8912
  LR: 0.010000, Grad Norm: 3.0000, Throughput: 716.7 samples/s
accuracy_to_time_metric 0.6238923763373634
epoch 3
  Train Loss: 0.6205, Test Loss: 0.5641
  Train Acc: 0.8836, Test Acc: 0.8902
  LR: 0.010000, Grad Norm: 0.1573, Throughput: 714.3 samples/s
accuracy_to_time_metric 0.6215170463400977
epoch 3
  Train Loss: 0.3002, Test Loss: 0.3968
  Train Acc: 0.9025, Test Acc: 0.8784
  LR: 0.010000, Grad Norm: 3.0000, Throughput: 694.9 samples/s
accuracy_to_time_metric 0.5969317878817392
epoch 3
  Train Loss: 0.2916, Test Loss: 0.3294
  Train Acc: 0.9069, Test Acc: 0.8944
  LR: 0.010000, Grad Norm: 0.3027, Throughput: 706.3 samples/s
accuracy_to_time_metric 0.416715930497602
epoch 4
  Train Loss: 0.5958, Test Loss: 0.7365
  Train Acc: 0.8939, Test Acc: 0.8834
  LR: 0.010000, Grad Norm: 0.0489, Throughput: 705.6 samples/s
accuracy_to_time_metric 0.4101174365962406
epoch 4
  Train Loss: 0.2750, Test Loss: 0.3200
  Train Acc: 0.9102, Test Acc: 0.8944
  LR: 0.010000, Grad Norm: 3.0000, Throughput: 690.4 samples/s
accuracy_to_time_metric 0.40597234132363313
epoch 4
  Train Loss: 0.2822, Test Loss: 0.3414
  Train Acc: 0.9107, Test Acc: 0.8924
  LR: 0.010000, Grad Norm: 0.1179, Throughput: 714.2 samples/s
accuracy_to_time_metric 0.3122820664016833
epoch 5
  Train Loss: 0.6040, Test Loss: 0.8706
  Train Acc: 0.8995, Test Acc: 0.8800
  LR: 0.010000, Grad Norm: 2.0337, Throughput: 711.9 samples/s
accuracy_to_time_metric 0.3066864593332618
epoch 5
  Train Loss: 0.2548, Test Loss: 0.3118
  Train Acc: 0.9147, Test Acc: 0.9022
  LR: 0.010000, Grad Norm: 2.8695, Throughput: 697.3 samples/s
accuracy_to_time_metric 0.3081684139298966
epoch 5
  Train Loss: 0.2689, Test Loss: 0.3600
  Train Acc: 0.9138, Test Acc: 0.8924
  LR: 0.010000, Grad Norm: 3.0000, Throughput: 708.0 samples/s
accuracy_to_time_metric 0.24964532521535074
epoch 6
  Train Loss: 0.5781, Test Loss: 0.5953
  Train Acc: 0.9055, Test Acc: 0.8988
  LR: 0.010000, Grad Norm: 0.2052, Throughput: 706.5 samples/s
accuracy_to_time_metric 0.25109043229407846
epoch 6
  Train Loss: 0.2377, Test Loss: 0.3026
  Train Acc: 0.9207, Test Acc: 0.9006
  LR: 0.010000, Grad Norm: 3.0000, Throughput: 696.1 samples/s
accuracy_to_time_metric 0.2462904780044203
epoch 6
  Train Loss: 0.2667, Test Loss: 0.3636
  Train Acc: 0.9150, Test Acc: 0.8948
  LR: 0.010000, Grad Norm: 1.6497, Throughput: 705.9 samples/s
accuracy_to_time_metric 0.208466819857518
epoch 7
  Train Loss: 0.5560, Test Loss: 0.6365
  Train Acc: 0.9053, Test Acc: 0.9030
  LR: 0.010000, Grad Norm: 3.0000, Throughput: 705.8 samples/s
accuracy_to_time_metric 0.21021256372011862
epoch 7
  Train Loss: 0.2321, Test Loss: 0.3399
  Train Acc: 0.9241, Test Acc: 0.9034
  LR: 0.010000, Grad Norm: 3.0000, Throughput: 690.8 samples/s
accuracy_to_time_metric 0.20583729780112844
epoch 7
  Train Loss: 0.2587, Test Loss: 0.3699
  Train Acc: 0.9167, Test Acc: 0.8962
  LR: 0.010000, Grad Norm: 3.0000, Throughput: 708.8 samples/s
accuracy_to_time_metric 0.17898050778676988
epoch 8
  Train Loss: 0.5564, Test Loss: 0.7934
  Train Acc: 0.9103, Test Acc: 0.8916
  LR: 0.010000, Grad Norm: 0.9892, Throughput: 706.7 samples/s
accuracy_to_time_metric 0.1775786834739737
epoch 8
  Train Loss: 0.2223, Test Loss: 0.3329
  Train Acc: 0.9254, Test Acc: 0.8990
  LR: 0.010000, Grad Norm: 1.6997, Throughput: 688.5 samples/s
accuracy_to_time_metric 0.17530680024909434
epoch 8
  Train Loss: 0.2598, Test Loss: 0.3737
  Train Acc: 0.9162, Test Acc: 0.8932
  LR: 0.010000, Grad Norm: 0.3619, Throughput: 701.2 samples/s
accuracy_to_time_metric 0.15579562059543842
epoch 9
  Train Loss: 0.5489, Test Loss: 0.7297
  Train Acc: 0.9117, Test Acc: 0.8990
  LR: 0.010000, Grad Norm: 0.0000, Throughput: 702.7 samples/s
accuracy_to_time_metric 0.1566937106864402
epoch 9
  Train Loss: 0.2167, Test Loss: 0.3721
  Train Acc: 0.9276, Test Acc: 0.8916
  LR: 0.010000, Grad Norm: 3.0000, Throughput: 689.5 samples/s
accuracy_to_time_metric 0.1518981557070931
epoch 9
  Train Loss: 0.2521, Test Loss: 0.4017
  Train Acc: 0.9182, Test Acc: 0.8916
  LR: 0.010000, Grad Norm: 0.4948, Throughput: 710.6 samples/s
accuracy_to_time_metric 0.13825669129818147
epoch 10
  Train Loss: 0.5405, Test Loss: 0.8145
  Train Acc: 0.9155, Test Acc: 0.8898
  LR: 0.010000, Grad Norm: 3.0000, Throughput: 711.3 samples/s
accuracy_to_time_metric 0.13776910464754696
epoch 10
  Train Loss: 0.2136, Test Loss: 0.3854
  Train Acc: 0.9282, Test Acc: 0.8918
  LR: 0.010000, Grad Norm: 1.7514, Throughput: 694.0 samples/s
accuracy_to_time_metric 0.1350998958599626
epoch 10
  Train Loss: 0.2534, Test Loss: 0.3777
  Train Acc: 0.9174, Test Acc: 0.8958
  LR: 0.010000, Grad Norm: 3.0000, Throughput: 706.7 samples/s
accuracy_to_time_metric 0.12506008280431902
Training summary saved to /home/s471802/nn-gpt/out/training_summary.json
  Train Loss: 0.5237, Test Loss: 0.7598
  Train Acc: 0.9170, Test Acc: 0.8960
  LR: 0.010000, Grad Norm: 3.0000, Throughput: 701.4 samples/s
accuracy_to_time_metric 0.12485456858209845
Training summary saved to /home/s471802/nn-gpt/out/training_summary.json
  Train Loss: 0.2076, Test Loss: 0.3679
  Train Acc: 0.9307, Test Acc: 0.8948
  LR: 0.010000, Grad Norm: 3.0000, Throughput: 688.1 samples/s
accuracy_to_time_metric 0.1219789009170089
Training summary saved to /home/s471802/nn-gpt/out/training_summary.json
[eval_only] 161/300 article_A_cifar10_epoch10-0160 formal_success=True acc=0.8958
[eval_only] 162/300 article_A_cifar10_epoch10-0161 formal_success=False acc=None
[eval_only] 163/300 article_A_cifar10_epoch10-0162 formal_success=True acc=0.8948
[eval_only] 164/300 article_A_cifar10_epoch10-0163 formal_success=True acc=0.896
[Reward Assign] reward_batch_index=0 batch_item=3/4 completion_index=166 worker_slot=2 assigned_gpu=2 physical_gpu=2 worker_device=cuda:0 gpu_name='NVIDIA L40S' gpu_free_gib=43.41 gpu_used_gib=0.98 gpu_total_gib=44.99 timeout_seconds=1920
[Reward Assign] reward_batch_index=0 batch_item=1/4 completion_index=164 worker_slot=0 assigned_gpu=0 physical_gpu=0 worker_device=cuda:0 gpu_name='NVIDIA L40S' gpu_free_gib=43.42 gpu_used_gib=0.98 gpu_total_gib=44.99 timeout_seconds=1920
[Reward Assign] reward_batch_index=0 batch_item=2/4 completion_index=165 worker_slot=1 assigned_gpu=1 physical_gpu=1 worker_device=cuda:0 gpu_name='NVIDIA L40S' gpu_free_gib=43.39 gpu_used_gib=1.00 gpu_total_gib=44.99 timeout_seconds=1920
[Reward Assign] reward_batch_index=0 batch_item=4/4 completion_index=167 worker_slot=3 assigned_gpu=3 physical_gpu=3 worker_device=cuda:0 gpu_name='NVIDIA L40S' gpu_free_gib=43.37 gpu_used_gib=1.02 gpu_total_gib=44.99 timeout_seconds=1920
Evaluating /home/s471802/nn-gpt/out/nn/tmp/913833edaed84b17329c59108329d6bf.py...
Evaluating /home/s471802/nn-gpt/out/nn/tmp/d178cd33dcc431d25d384d44c3fd5176.py...
Evaluating /home/s471802/nn-gpt/out/nn/tmp/13828c1d444ff3647c0a660bee6b3a37.py...
Evaluating /home/s471802/nn-gpt/out/nn/tmp/2cbce439a0d9989d90d774d5215c695b.py...
epoch 1
epoch 1
epoch 1
epoch 1
  Train Loss: 0.4971, Test Loss: 0.4766
  Train Acc: 0.8362, Test Acc: 0.8438
  LR: 0.010000, Grad Norm: 3.0000, Throughput: 807.1 samples/s
accuracy_to_time_metric 1.3339719524204858
epoch 2
  Train Loss: 0.3633, Test Loss: 0.2877
  Train Acc: 0.8835, Test Acc: 0.9058
  LR: 0.010000, Grad Norm: 2.5004, Throughput: 650.0 samples/s
accuracy_to_time_metric 1.1638110966141755
epoch 2
  Train Loss: 0.4229, Test Loss: 0.3535
  Train Acc: 0.8655, Test Acc: 0.8854
  LR: 0.010000, Grad Norm: 3.0000, Throughput: 519.2 samples/s
accuracy_to_time_metric 0.9061747713696122
epoch 2
  Train Loss: 0.4272, Test Loss: 0.4790
  Train Acc: 0.8609, Test Acc: 0.8430
  LR: 0.010000, Grad Norm: 3.0000, Throughput: 833.1 samples/s
accuracy_to_time_metric 0.6762140886799801
epoch 3
  Train Loss: 0.2630, Test Loss: 0.3075
  Train Acc: 0.9150, Test Acc: 0.9076
  LR: 0.010000, Grad Norm: 3.0000, Throughput: 645.6 samples/s
accuracy_to_time_metric 0.5808032842731817
epoch 3
  Train Loss: 0.4295, Test Loss: 0.3869
  Train Acc: 0.8619, Test Acc: 0.8694
  LR: 0.010000, Grad Norm: 3.0000, Throughput: 292.0 samples/s
accuracy_to_time_metric 0.49916383225897093
epoch 2
  Train Loss: 0.4124, Test Loss: 0.4694
  Train Acc: 0.8650, Test Acc: 0.8446
  LR: 0.010000, Grad Norm: 3.0000, Throughput: 823.8 samples/s
accuracy_to_time_metric 0.4523483786188892
epoch 4
  Train Loss: 0.3399, Test Loss: 0.3624
  Train Acc: 0.8929, Test Acc: 0.8870
  LR: 0.010000, Grad Norm: 3.0000, Throughput: 520.5 samples/s
accuracy_to_time_metric 0.45431853313880427
epoch 3
  Train Loss: 0.2252, Test Loss: 0.3145
  Train Acc: 0.9247, Test Acc: 0.9062
  LR: 0.010000, Grad Norm: 3.0000, Throughput: 644.4 samples/s
accuracy_to_time_metric 0.3857698516233029
epoch 4
  Train Loss: 0.4106, Test Loss: 0.4423
  Train Acc: 0.8662, Test Acc: 0.8584
  LR: 0.010000, Grad Norm: 3.0000, Throughput: 839.1 samples/s
accuracy_to_time_metric 0.3473478986323466
epoch 5
  Train Loss: 0.3065, Test Loss: 0.3486
  Train Acc: 0.9016, Test Acc: 0.8902
  LR: 0.010000, Grad Norm: 2.4628, Throughput: 526.5 samples/s
accuracy_to_time_metric 0.3053388015869344
epoch 4
  Train Loss: 0.4043, Test Loss: 0.4762
  Train Acc: 0.8669, Test Acc: 0.8470
  LR: 0.010000, Grad Norm: 3.0000, Throughput: 832.8 samples/s
accuracy_to_time_metric 0.27415395909234963
epoch 6
  Train Loss: 0.2080, Test Loss: 0.3111
  Train Acc: 0.9304, Test Acc: 0.9116
  LR: 0.010000, Grad Norm: 3.0000, Throughput: 651.1 samples/s
accuracy_to_time_metric 0.29173240146038626
epoch 5
  Train Loss: 0.3416, Test Loss: 0.3702
  Train Acc: 0.8890, Test Acc: 0.8822
  LR: 0.010000, Grad Norm: 3.0000, Throughput: 294.3 samples/s
accuracy_to_time_metric 0.25468296854037537
epoch 3
  Train Loss: 0.4030, Test Loss: 0.4303
  Train Acc: 0.8701, Test Acc: 0.8632
  LR: 0.010000, Grad Norm: 3.0000, Throughput: 834.1 samples/s
accuracy_to_time_metric 0.2337341083718574
epoch 7
  Train Loss: 0.2858, Test Loss: 0.4292
  Train Acc: 0.9084, Test Acc: 0.8730
  LR: 0.010000, Grad Norm: 2.4927, Throughput: 530.1 samples/s
accuracy_to_time_metric 0.22484915669964078
epoch 5
  Train Loss: 0.1892, Test Loss: 0.2833
  Train Acc: 0.9376, Test Acc: 0.9156
  LR: 0.010000, Grad Norm: 3.0000, Throughput: 650.8 samples/s
accuracy_to_time_metric 0.23473757815438998
epoch 6
  Train Loss: 0.3914, Test Loss: 0.4764
  Train Acc: 0.8706, Test Acc: 0.8532
  LR: 0.010000, Grad Norm: 3.0000, Throughput: 839.9 samples/s
accuracy_to_time_metric 0.19810370290976595
epoch 8
  Train Loss: 0.1771, Test Loss: 0.3446
  Train Acc: 0.9407, Test Acc: 0.8994
  LR: 0.010000, Grad Norm: 3.0000, Throughput: 652.8 samples/s
accuracy_to_time_metric 0.19193610993210938
epoch 7
  Train Loss: 0.2742, Test Loss: 0.3489
  Train Acc: 0.9112, Test Acc: 0.8930
  LR: 0.010000, Grad Norm: 0.0438, Throughput: 530.7 samples/s
accuracy_to_time_metric 0.18498763144226044
epoch 6
  Train Loss: 0.3916, Test Loss: 0.4179
  Train Acc: 0.8715, Test Acc: 0.8666
  LR: 0.010000, Grad Norm: 1.1633, Throughput: 834.7 samples/s
accuracy_to_time_metric 0.1765478945882352
epoch 9
  Train Loss: 0.3147, Test Loss: 0.3550
  Train Acc: 0.8996, Test Acc: 0.8880
  LR: 0.010000, Grad Norm: 3.0000, Throughput: 292.6 samples/s
accuracy_to_time_metric 0.1709177863358618
epoch 4
  Train Loss: 0.1654, Test Loss: 0.3039
  Train Acc: 0.9435, Test Acc: 0.9134
  LR: 0.010000, Grad Norm: 0.1911, Throughput: 648.2 samples/s
accuracy_to_time_metric 0.16735929081291093
epoch 8
  Train Loss: 0.3919, Test Loss: 0.4647
  Train Acc: 0.8709, Test Acc: 0.8534
  LR: 0.010000, Grad Norm: 3.0000, Throughput: 834.1 samples/s
accuracy_to_time_metric 0.15430081007603277
epoch 10
  Train Loss: 0.2640, Test Loss: 0.3959
  Train Acc: 0.9133, Test Acc: 0.8798
  LR: 0.010000, Grad Norm: 0.6819, Throughput: 527.6 samples/s
accuracy_to_time_metric 0.15169065689781838
epoch 7
  Train Loss: 0.3941, Test Loss: 0.5231
  Train Acc: 0.8710, Test Acc: 0.8442
  LR: 0.010000, Grad Norm: 3.0000, Throughput: 823.9 samples/s
accuracy_to_time_metric 0.13705723787769447
Training summary saved to /home/s471802/nn-gpt/out/training_summary.json
  Train Loss: 0.1560, Test Loss: 0.2985
  Train Acc: 0.9464, Test Acc: 0.9098
  LR: 0.010000, Grad Norm: 0.0042, Throughput: 652.8 samples/s
accuracy_to_time_metric 0.14589586394359688
epoch 9
  Train Loss: 0.2522, Test Loss: 0.3783
  Train Acc: 0.9180, Test Acc: 0.8904
  LR: 0.010000, Grad Norm: 2.8191, Throughput: 523.1 samples/s
accuracy_to_time_metric 0.13168868232496606
epoch 8
  Train Loss: 0.2961, Test Loss: 0.3363
  Train Acc: 0.9026, Test Acc: 0.8914
  LR: 0.010000, Grad Norm: 3.0000, Throughput: 291.7 samples/s
accuracy_to_time_metric 0.1285921691921609
epoch 5
  Train Loss: 0.1434, Test Loss: 0.3018
  Train Acc: 0.9513, Test Acc: 0.9108
  LR: 0.010000, Grad Norm: 3.0000, Throughput: 644.8 samples/s
accuracy_to_time_metric 0.12973946462852481
epoch 10
  Train Loss: 0.2475, Test Loss: 0.4057
  Train Acc: 0.9198, Test Acc: 0.8864
  LR: 0.010000, Grad Norm: 0.4502, Throughput: 524.0 samples/s
accuracy_to_time_metric 0.11460454444146852
epoch 9
  Train Loss: 0.1417, Test Loss: 0.2925
  Train Acc: 0.9510, Test Acc: 0.9150
  LR: 0.010000, Grad Norm: 3.0000, Throughput: 648.8 samples/s
accuracy_to_time_metric 0.11736730226315317
Training summary saved to /home/s471802/nn-gpt/out/training_summary.json
  Train Loss: 0.2865, Test Loss: 0.3631
  Train Acc: 0.9073, Test Acc: 0.8880
  LR: 0.010000, Grad Norm: 3.0000, Throughput: 288.5 samples/s
accuracy_to_time_metric 0.10213826774964875
epoch 6
  Train Loss: 0.2465, Test Loss: 0.3843
  Train Acc: 0.9197, Test Acc: 0.8862
  LR: 0.010000, Grad Norm: 1.1137, Throughput: 518.4 samples/s
accuracy_to_time_metric 0.1016953150454436
epoch 10
  Train Loss: 0.2379, Test Loss: 0.4360
  Train Acc: 0.9232, Test Acc: 0.8778
  LR: 0.010000, Grad Norm: 2.5320, Throughput: 522.0 samples/s
accuracy_to_time_metric 0.09050445247876499
Training summary saved to /home/s471802/nn-gpt/out/training_summary.json
  Train Loss: 0.2667, Test Loss: 0.3220
  Train Acc: 0.9113, Test Acc: 0.9054
  LR: 0.010000, Grad Norm: 3.0000, Throughput: 290.1 samples/s
accuracy_to_time_metric 0.08690561410336468
epoch 7
  Train Loss: 0.2629, Test Loss: 0.4008
  Train Acc: 0.9140, Test Acc: 0.8824
  LR: 0.010000, Grad Norm: 0.3673, Throughput: 287.8 samples/s
accuracy_to_time_metric 0.07222993487145532
epoch 8
  Train Loss: 0.2628, Test Loss: 0.3769
  Train Acc: 0.9134, Test Acc: 0.8870
  LR: 0.010000, Grad Norm: 0.0684, Throughput: 288.6 samples/s
accuracy_to_time_metric 0.06350717321329437
epoch 9
  Train Loss: 0.2554, Test Loss: 0.3669
  Train Acc: 0.9161, Test Acc: 0.8932
  LR: 0.010000, Grad Norm: 1.9243, Throughput: 287.9 samples/s
accuracy_to_time_metric 0.05683523259322961
epoch 10
  Train Loss: 0.2485, Test Loss: 0.3606
  Train Acc: 0.9187, Test Acc: 0.8938
  LR: 0.010000, Grad Norm: 3.0000, Throughput: 291.1 samples/s
accuracy_to_time_metric 0.05120225918058595
Training summary saved to /home/s471802/nn-gpt/out/training_summary.json
[eval_only] 165/300 article_A_cifar10_epoch10-0164 formal_success=True acc=0.8442
[eval_only] 166/300 article_A_cifar10_epoch10-0165 formal_success=True acc=0.8778
[eval_only] 167/300 article_A_cifar10_epoch10-0166 formal_success=True acc=0.915
[eval_only] 168/300 article_A_cifar10_epoch10-0167 formal_success=True acc=0.8938
[Reward Assign] reward_batch_index=0 batch_item=4/4 completion_index=171 worker_slot=3 assigned_gpu=3 physical_gpu=3 worker_device=cuda:0 gpu_name='NVIDIA L40S' gpu_free_gib=43.37 gpu_used_gib=1.02 gpu_total_gib=44.99 timeout_seconds=1920
[Reward Assign] reward_batch_index=0 batch_item=3/4 completion_index=170 worker_slot=2 assigned_gpu=2 physical_gpu=2 worker_device=cuda:0 gpu_name='NVIDIA L40S' gpu_free_gib=43.41 gpu_used_gib=0.98 gpu_total_gib=44.99 timeout_seconds=1920
[Reward Assign] reward_batch_index=0 batch_item=2/4 completion_index=169 worker_slot=1 assigned_gpu=1 physical_gpu=1 worker_device=cuda:0 gpu_name='NVIDIA L40S' gpu_free_gib=43.39 gpu_used_gib=1.00 gpu_total_gib=44.99 timeout_seconds=1920
[Reward Assign] reward_batch_index=0 batch_item=1/4 completion_index=168 worker_slot=0 assigned_gpu=0 physical_gpu=0 worker_device=cuda:0 gpu_name='NVIDIA L40S' gpu_free_gib=43.41 gpu_used_gib=0.98 gpu_total_gib=44.99 timeout_seconds=1920
Evaluating /home/s471802/nn-gpt/out/nn/tmp/1d45fccdf955bf70277e7cad9fba19d0.py...
Evaluating /home/s471802/nn-gpt/out/nn/tmp/d5eb670b17db8903e1ea8d55391a48c2.py...
Evaluating /home/s471802/nn-gpt/out/nn/tmp/92cf5108f4d2d632b5dc2a5c05323380.py...
Evaluating /home/s471802/nn-gpt/out/nn/tmp/724b82e971c71452f97eb4693756abe1.py...
epoch 1
epoch 1
epoch 1
epoch 1
  Train Loss: 0.6806, Test Loss: 0.6778
  Train Acc: 0.8480, Test Acc: 0.8706
  LR: 0.010000, Grad Norm: 3.0000, Throughput: 1820.3 samples/s
accuracy_to_time_metric 3.116773275473219
epoch 2
  Train Loss: 0.6550, Test Loss: 0.7059
  Train Acc: 0.8503, Test Acc: 0.8672
  LR: 0.010000, Grad Norm: 3.0000, Throughput: 847.3 samples/s
accuracy_to_time_metric 1.4445252755918172
epoch 2
  Train Loss: 0.6249, Test Loss: 0.8696
  Train Acc: 0.8830, Test Acc: 0.8632
  LR: 0.010000, Grad Norm: 3.0000, Throughput: 1861.4 samples/s
accuracy_to_time_metric 1.5574454214448066
epoch 3
  Train Loss: 0.4960, Test Loss: 0.4391
  Train Acc: 0.8720, Test Acc: 0.8918
  LR: 0.010000, Grad Norm: 3.0000, Throughput: 1179.7 samples/s
accuracy_to_time_metric 2.0752497679792525
epoch 2
  Train Loss: 0.6245, Test Loss: 0.5863
  Train Acc: 0.8931, Test Acc: 0.8980
  LR: 0.010000, Grad Norm: 3.0000, Throughput: 1821.3 samples/s
accuracy_to_time_metric 1.0811085810766798
epoch 4
  Train Loss: 0.4219, Test Loss: 0.4885
  Train Acc: 0.9015, Test Acc: 0.8904
  LR: 0.010000, Grad Norm: 3.0000, Throughput: 1687.7 samples/s
accuracy_to_time_metric 1.2174785112609807
epoch 3
  Train Loss: 0.7641, Test Loss: 0.3763
  Train Acc: 0.7424, Test Acc: 0.8662
  LR: 0.010000, Grad Norm: 3.0000, Throughput: 517.4 samples/s
accuracy_to_time_metric 0.8810195320854075
epoch 2
  Train Loss: 0.5934, Test Loss: 0.7307
  Train Acc: 0.9002, Test Acc: 0.8888
  LR: 0.010000, Grad Norm: 0.0010, Throughput: 1837.5 samples/s
accuracy_to_time_metric 0.8015663428310247
epoch 5
  Train Loss: 0.6307, Test Loss: 0.6498
  Train Acc: 0.8850, Test Acc: 0.8832
  LR: 0.010000, Grad Norm: 3.0000, Throughput: 834.8 samples/s
accuracy_to_time_metric 0.7311598070237834
epoch 3
  Train Loss: 0.4012, Test Loss: 0.5857
  Train Acc: 0.9103, Test Acc: 0.8896
  LR: 0.010000, Grad Norm: 0.0522, Throughput: 1663.7 samples/s
accuracy_to_time_metric 0.8575904471425324
epoch 4
  Train Loss: 0.5991, Test Loss: 0.6930
  Train Acc: 0.9014, Test Acc: 0.8946
  LR: 0.010000, Grad Norm: 3.0000, Throughput: 1748.1 samples/s
accuracy_to_time_metric 0.639506575297784
epoch 6
  Train Loss: 0.3870, Test Loss: 0.5219
  Train Acc: 0.9138, Test Acc: 0.8960
  LR: 0.010000, Grad Norm: 3.0000, Throughput: 1683.0 samples/s
accuracy_to_time_metric 0.6693973618792991
epoch 5
  Train Loss: 0.5808, Test Loss: 0.6990
  Train Acc: 0.9068, Test Acc: 0.8944
  LR: 0.010000, Grad Norm: 0.8528, Throughput: 1788.1 samples/s
accuracy_to_time_metric 0.5312890420041461
epoch 7
  Train Loss: 0.5874, Test Loss: 0.7458
  Train Acc: 0.8951, Test Acc: 0.8770
  LR: 0.010000, Grad Norm: 0.0052, Throughput: 833.5 samples/s
accuracy_to_time_metric 0.48197263843580807
epoch 4
  Train Loss: 0.3434, Test Loss: 0.5489
  Train Acc: 0.9216, Test Acc: 0.8968
  LR: 0.010000, Grad Norm: 0.8346, Throughput: 1700.8 samples/s
accuracy_to_time_metric 0.5477283231997903
epoch 6
  Train Loss: 0.3238, Test Loss: 0.2977
  Train Acc: 0.8904, Test Acc: 0.9066
  LR: 0.010000, Grad Norm: 3.0000, Throughput: 514.0 samples/s
accuracy_to_time_metric 0.4612060960716552
epoch 3
  Train Loss: 0.5438, Test Loss: 1.1655
  Train Acc: 0.9104, Test Acc: 0.8658
  LR: 0.010000, Grad Norm: 0.0000, Throughput: 1805.4 samples/s
accuracy_to_time_metric 0.4387214827328603
epoch 8
  Train Loss: 0.3475, Test Loss: 0.5369
  Train Acc: 0.9230, Test Acc: 0.9024
  LR: 0.010000, Grad Norm: 2.6689, Throughput: 1636.9 samples/s
accuracy_to_time_metric 0.4636363085482976
epoch 7
  Train Loss: 0.5415, Test Loss: 0.7453
  Train Acc: 0.9124, Test Acc: 0.8940
  LR: 0.010000, Grad Norm: 3.0000, Throughput: 1827.0 samples/s
accuracy_to_time_metric 0.39841772990908003
epoch 9
  Train Loss: 0.6053, Test Loss: 0.7454
  Train Acc: 0.8981, Test Acc: 0.8814
  LR: 0.010000, Grad Norm: 3.0000, Throughput: 815.4 samples/s
accuracy_to_time_metric 0.36092334757914496
epoch 5
  Train Loss: 0.3441, Test Loss: 0.5442
  Train Acc: 0.9239, Test Acc: 0.9002
  LR: 0.010000, Grad Norm: 0.2219, Throughput: 1654.2 samples/s
accuracy_to_time_metric 0.39935378528606114
epoch 8
  Train Loss: 0.5635, Test Loss: 0.8932
  Train Acc: 0.9103, Test Acc: 0.8796
  LR: 0.010000, Grad Norm: 0.0028, Throughput: 1820.5 samples/s
accuracy_to_time_metric 0.34786282033137444
epoch 10
  Train Loss: 0.3246, Test Loss: 0.6911
  Train Acc: 0.9287, Test Acc: 0.8934
  LR: 0.010000, Grad Norm: 3.0000, Throughput: 1664.9 samples/s
accuracy_to_time_metric 0.3484489294216433
epoch 9
  Train Loss: 0.5235, Test Loss: 0.7272
  Train Acc: 0.9169, Test Acc: 0.8990
  LR: 0.010000, Grad Norm: 3.0000, Throughput: 1787.8 samples/s
accuracy_to_time_metric 0.32038600620441526
Training summary saved to /home/s471802/nn-gpt/out/training_summary.json
  Train Loss: 0.2316, Test Loss: 0.2621
  Train Acc: 0.9210, Test Acc: 0.9128
  LR: 0.010000, Grad Norm: 3.0000, Throughput: 512.1 samples/s
accuracy_to_time_metric 0.3092041037224687
epoch 4
  Train Loss: 0.5809, Test Loss: 0.6981
  Train Acc: 0.9039, Test Acc: 0.8924
  LR: 0.010000, Grad Norm: 3.0000, Throughput: 832.2 samples/s
accuracy_to_time_metric 0.2927473401518445
epoch 6
  Train Loss: 0.3179, Test Loss: 0.6573
  Train Acc: 0.9299, Test Acc: 0.8926
  LR: 0.010000, Grad Norm: 3.0000, Throughput: 1701.2 samples/s
accuracy_to_time_metric 0.3117421592749377
epoch 10
  Train Loss: 0.3240, Test Loss: 0.5992
  Train Acc: 0.9293, Test Acc: 0.9000
  LR: 0.010000, Grad Norm: 3.0000, Throughput: 1702.8 samples/s
accuracy_to_time_metric 0.2849230892838997
Training summary saved to /home/s471802/nn-gpt/out/training_summary.json
  Train Loss: 0.5650, Test Loss: 0.8442
  Train Acc: 0.9082, Test Acc: 0.8846
  LR: 0.010000, Grad Norm: 3.0000, Throughput: 814.3 samples/s
accuracy_to_time_metric 0.24064435647203358
epoch 7
  Train Loss: 0.1675, Test Loss: 0.2222
  Train Acc: 0.9434, Test Acc: 0.9262
  LR: 0.010000, Grad Norm: 3.0000, Throughput: 509.2 samples/s
accuracy_to_time_metric 0.23515434422468492
epoch 5
  Train Loss: 0.5557, Test Loss: 0.8119
  Train Acc: 0.9084, Test Acc: 0.8786
  LR: 0.010000, Grad Norm: 0.0705, Throughput: 831.8 samples/s
accuracy_to_time_metric 0.20476427395712726
epoch 8
  Train Loss: 0.5562, Test Loss: 0.8234
  Train Acc: 0.9104, Test Acc: 0.8920
  LR: 0.010000, Grad Norm: 0.0020, Throughput: 837.3 samples/s
accuracy_to_time_metric 0.18245221921058072
epoch 9
  Train Loss: 0.1337, Test Loss: 0.2561
  Train Acc: 0.9550, Test Acc: 0.9194
  LR: 0.010000, Grad Norm: 3.0000, Throughput: 521.4 samples/s
accuracy_to_time_metric 0.18718293650541756
epoch 6
  Train Loss: 0.5628, Test Loss: 0.8143
  Train Acc: 0.9141, Test Acc: 0.8934
  LR: 0.010000, Grad Norm: 3.0000, Throughput: 826.4 samples/s
accuracy_to_time_metric 0.1623683194797718
epoch 10
  Train Loss: 0.1038, Test Loss: 0.2648
  Train Acc: 0.9650, Test Acc: 0.9246
  LR: 0.010000, Grad Norm: 3.0000, Throughput: 511.3 samples/s
accuracy_to_time_metric 0.15680836316721158
epoch 7
  Train Loss: 0.5496, Test Loss: 0.9429
  Train Acc: 0.9131, Test Acc: 0.8862
  LR: 0.010000, Grad Norm: 3.0000, Throughput: 811.9 samples/s
accuracy_to_time_metric 0.14447652838653116
Training summary saved to /home/s471802/nn-gpt/out/training_summary.json
  Train Loss: 0.0911, Test Loss: 0.2415
  Train Acc: 0.9695, Test Acc: 0.9316
  LR: 0.010000, Grad Norm: 3.0000, Throughput: 520.2 samples/s
accuracy_to_time_metric 0.13577812986212334
epoch 8
  Train Loss: 0.0742, Test Loss: 0.2271
  Train Acc: 0.9747, Test Acc: 0.9298
  LR: 0.010000, Grad Norm: 0.3962, Throughput: 511.4 samples/s
accuracy_to_time_metric 0.11844684469181878
epoch 9
  Train Loss: 0.0593, Test Loss: 0.2804
  Train Acc: 0.9795, Test Acc: 0.9254
  LR: 0.010000, Grad Norm: 3.0000, Throughput: 505.2 samples/s
accuracy_to_time_metric 0.10451538771619623
epoch 10
  Train Loss: 0.0557, Test Loss: 0.2380
  Train Acc: 0.9808, Test Acc: 0.9356
  LR: 0.010000, Grad Norm: 3.0000, Throughput: 516.7 samples/s
accuracy_to_time_metric 0.09528684760768587
Training summary saved to /home/s471802/nn-gpt/out/training_summary.json
[eval_only] 169/300 article_A_cifar10_epoch10-0168 formal_success=True acc=0.9
[eval_only] 170/300 article_A_cifar10_epoch10-0169 formal_success=True acc=0.9356
[eval_only] 171/300 article_A_cifar10_epoch10-0170 formal_success=True acc=0.8862
[eval_only] 172/300 article_A_cifar10_epoch10-0171 formal_success=True acc=0.899
[Reward Assign] reward_batch_index=0 batch_item=2/4 completion_index=173 worker_slot=1 assigned_gpu=1 physical_gpu=1 worker_device=cuda:0 gpu_name='NVIDIA L40S' gpu_free_gib=43.39 gpu_used_gib=1.00 gpu_total_gib=44.99 timeout_seconds=1920
[Reward Assign] reward_batch_index=0 batch_item=3/4 completion_index=174 worker_slot=2 assigned_gpu=2 physical_gpu=2 worker_device=cuda:0 gpu_name='NVIDIA L40S' gpu_free_gib=43.41 gpu_used_gib=0.98 gpu_total_gib=44.99 timeout_seconds=1920
[Reward Assign] reward_batch_index=0 batch_item=1/4 completion_index=172 worker_slot=0 assigned_gpu=0 physical_gpu=0 worker_device=cuda:0 gpu_name='NVIDIA L40S' gpu_free_gib=43.41 gpu_used_gib=0.98 gpu_total_gib=44.99 timeout_seconds=1920
[Reward Assign] reward_batch_index=0 batch_item=4/4 completion_index=175 worker_slot=3 assigned_gpu=3 physical_gpu=3 worker_device=cuda:0 gpu_name='NVIDIA L40S' gpu_free_gib=43.37 gpu_used_gib=1.02 gpu_total_gib=44.99 timeout_seconds=1920
Evaluating /home/s471802/nn-gpt/out/nn/tmp/b8648bdbc24d84cc6ffe1c99f9eacfe0.py...
Evaluating /home/s471802/nn-gpt/out/nn/tmp/18411b4c4cca2439e3f489363f379dca.py...
Evaluating /home/s471802/nn-gpt/out/nn/tmp/83fa9df5a85db5a3de3de86da76df612.py...
Evaluating /home/s471802/nn-gpt/out/nn/tmp/77a9d367d1bf864c64547c7c34cf99fc.py...
epoch 1
epoch 1
epoch 1
epoch 1
  Train Loss: 0.5272, Test Loss: 0.4467
  Train Acc: 0.8282, Test Acc: 0.8514
  LR: 0.010000, Grad Norm: 2.7507, Throughput: 790.8 samples/s
accuracy_to_time_metric 1.3203656745151462
epoch 2
  Train Loss: 0.3643, Test Loss: 0.3409
  Train Acc: 0.8851, Test Acc: 0.8884
  LR: 0.010000, Grad Norm: 3.0000, Throughput: 642.4 samples/s
accuracy_to_time_metric 1.1254345735846887
epoch 2
  Train Loss: 0.6450, Test Loss: 0.5564
  Train Acc: 0.8533, Test Acc: 0.8854
  LR: 0.010000, Grad Norm: 0.1615, Throughput: 507.5 samples/s
accuracy_to_time_metric 0.8858123516264184
epoch 2
  Train Loss: 0.4542, Test Loss: 0.4661
  Train Acc: 0.8535, Test Acc: 0.8484
  LR: 0.010000, Grad Norm: 3.0000, Throughput: 821.1 samples/s
accuracy_to_time_metric 0.6693039116278582
epoch 3
  Train Loss: 0.2670, Test Loss: 0.3034
  Train Acc: 0.9132, Test Acc: 0.9018
  LR: 0.010000, Grad Norm: 0.1516, Throughput: 645.2 samples/s
accuracy_to_time_metric 0.5731023499353952
epoch 3
  Train Loss: 0.4473, Test Loss: 0.4223
  Train Acc: 0.8560, Test Acc: 0.8640
  LR: 0.010000, Grad Norm: 3.0000, Throughput: 817.3 samples/s
accuracy_to_time_metric 0.45753744573127475
epoch 4
  Train Loss: 0.5971, Test Loss: 1.0331
  Train Acc: 0.8870, Test Acc: 0.8486
  LR: 0.010000, Grad Norm: 3.0000, Throughput: 512.7 samples/s
accuracy_to_time_metric 0.4240620053400015
epoch 3
  Train Loss: 0.7111, Test Loss: 0.2698
  Train Acc: 0.7508, Test Acc: 0.9126
  LR: 0.010000, Grad Norm: 3.0000, Throughput: 230.4 samples/s
accuracy_to_time_metric 0.41611720775467825
epoch 2
  Train Loss: 0.2311, Test Loss: 0.3486
  Train Acc: 0.9244, Test Acc: 0.8948
  LR: 0.010000, Grad Norm: 1.0416, Throughput: 642.7 samples/s
accuracy_to_time_metric 0.3784395604371206
epoch 4
  Train Loss: 0.4380, Test Loss: 0.5773
  Train Acc: 0.8596, Test Acc: 0.8240
  LR: 0.010000, Grad Norm: 3.0000, Throughput: 818.6 samples/s
accuracy_to_time_metric 0.32604068172265743
epoch 5
  Train Loss: 0.6220, Test Loss: 0.7542
  Train Acc: 0.8937, Test Acc: 0.8814
  LR: 0.010000, Grad Norm: 3.0000, Throughput: 506.0 samples/s
accuracy_to_time_metric 0.2942468567251253
epoch 4
  Train Loss: 0.2077, Test Loss: 0.2984
  Train Acc: 0.9310, Test Acc: 0.9120
  LR: 0.010000, Grad Norm: 2.4677, Throughput: 639.6 samples/s
accuracy_to_time_metric 0.28950825696193616
epoch 5
  Train Loss: 0.4401, Test Loss: 0.4517
  Train Acc: 0.8607, Test Acc: 0.8656
  LR: 0.010000, Grad Norm: 2.1683, Throughput: 814.5 samples/s
accuracy_to_time_metric 0.2759822938564443
epoch 6
  Train Loss: 0.4256, Test Loss: 0.4486
  Train Acc: 0.8623, Test Acc: 0.8540
  LR: 0.010000, Grad Norm: 3.0000, Throughput: 830.0 samples/s
accuracy_to_time_metric 0.22729643471495922
epoch 7
  Train Loss: 0.1907, Test Loss: 0.3065
  Train Acc: 0.9354, Test Acc: 0.9076
  LR: 0.010000, Grad Norm: 0.0083, Throughput: 641.5 samples/s
accuracy_to_time_metric 0.2302655773050311
epoch 6
  Train Loss: 0.5841, Test Loss: 0.7068
  Train Acc: 0.9017, Test Acc: 0.8860
  LR: 0.010000, Grad Norm: 3.0000, Throughput: 514.6 samples/s
accuracy_to_time_metric 0.22258995654199548
epoch 5
  Train Loss: 0.4206, Test Loss: 0.5778
  Train Acc: 0.8642, Test Acc: 0.8304
  LR: 0.010000, Grad Norm: 3.0000, Throughput: 825.1 samples/s
accuracy_to_time_metric 0.18904435629970556
epoch 8
  Train Loss: 0.2947, Test Loss: 0.2532
  Train Acc: 0.9076, Test Acc: 0.9192
  LR: 0.010000, Grad Norm: 3.0000, Throughput: 232.6 samples/s
accuracy_to_time_metric 0.21067275309369907
epoch 3
  Train Loss: 0.1753, Test Loss: 0.2974
  Train Acc: 0.9410, Test Acc: 0.9056
  LR: 0.010000, Grad Norm: 0.0059, Throughput: 646.6 samples/s
accuracy_to_time_metric 0.19161571238455297
epoch 7
  Train Loss: 0.5870, Test Loss: 0.8047
  Train Acc: 0.9015, Test Acc: 0.8724
  LR: 0.010000, Grad Norm: 3.0000, Throughput: 517.0 samples/s
accuracy_to_time_metric 0.1754454502994564
epoch 6
  Train Loss: 0.4230, Test Loss: 0.5141
  Train Acc: 0.8620, Test Acc: 0.8422
  LR: 0.010000, Grad Norm: 1.9799, Throughput: 838.6 samples/s
accuracy_to_time_metric 0.16863269899949002
epoch 9
  Train Loss: 0.1740, Test Loss: 0.3008
  Train Acc: 0.9430, Test Acc: 0.9132
  LR: 0.010000, Grad Norm: 3.0000, Throughput: 648.6 samples/s
accuracy_to_time_metric 0.16599084665036995
epoch 8
  Train Loss: 0.4242, Test Loss: 0.4852
  Train Acc: 0.8653, Test Acc: 0.8470
  LR: 0.010000, Grad Norm: 3.0000, Throughput: 822.8 samples/s
accuracy_to_time_metric 0.15093353790572542
epoch 10
  Train Loss: 0.5857, Test Loss: 0.8739
  Train Acc: 0.9060, Test Acc: 0.8828
  LR: 0.010000, Grad Norm: 3.0000, Throughput: 516.0 samples/s
accuracy_to_time_metric 0.14837931832024
epoch 7
  Train Loss: 0.4195, Test Loss: 0.5077
  Train Acc: 0.8661, Test Acc: 0.8498
  LR: 0.010000, Grad Norm: 0.7381, Throughput: 839.1 samples/s
accuracy_to_time_metric 0.13666249657360177
Training summary saved to /home/s471802/nn-gpt/out/training_summary.json
  Train Loss: 0.1573, Test Loss: 0.3088
  Train Acc: 0.9457, Test Acc: 0.9084
  LR: 0.010000, Grad Norm: 0.0185, Throughput: 656.4 samples/s
accuracy_to_time_metric 0.14472839404565224
epoch 9
  Train Loss: 0.2390, Test Loss: 0.2717
  Train Acc: 0.9234, Test Acc: 0.9142
  LR: 0.010000, Grad Norm: 0.4603, Throughput: 235.0 samples/s
accuracy_to_time_metric 0.14027845093093963
epoch 4
  Train Loss: 0.5985, Test Loss: 0.8611
  Train Acc: 0.9084, Test Acc: 0.8854
  LR: 0.010000, Grad Norm: 3.0000, Throughput: 521.6 samples/s
accuracy_to_time_metric 0.12792642443927454
epoch 8
  Train Loss: 0.1501, Test Loss: 0.3295
  Train Acc: 0.9484, Test Acc: 0.9008
  LR: 0.010000, Grad Norm: 3.0000, Throughput: 650.5 samples/s
accuracy_to_time_metric 0.1274834573828012
epoch 10
  Train Loss: 0.1418, Test Loss: 0.3018
  Train Acc: 0.9500, Test Acc: 0.9126
  LR: 0.010000, Grad Norm: 0.6280, Throughput: 647.9 samples/s
accuracy_to_time_metric 0.11646624493879122
Training summary saved to /home/s471802/nn-gpt/out/training_summary.json
  Train Loss: 0.5471, Test Loss: 0.8248
  Train Acc: 0.9114, Test Acc: 0.8874
  LR: 0.010000, Grad Norm: 2.3513, Throughput: 516.7 samples/s
accuracy_to_time_metric 0.11230403203570527
epoch 9
  Train Loss: 0.2111, Test Loss: 0.2472
  Train Acc: 0.9321, Test Acc: 0.9264
  LR: 0.010000, Grad Norm: 0.1534, Throughput: 234.9 samples/s
accuracy_to_time_metric 0.10703741234799989
epoch 5
  Train Loss: 0.5620, Test Loss: 0.7538
  Train Acc: 0.9130, Test Acc: 0.8958
  LR: 0.010000, Grad Norm: 3.0000, Throughput: 520.0 samples/s
accuracy_to_time_metric 0.10100475072047373
epoch 10
  Train Loss: 0.5550, Test Loss: 0.8091
  Train Acc: 0.9153, Test Acc: 0.8924
  LR: 0.010000, Grad Norm: 0.0007, Throughput: 516.6 samples/s
accuracy_to_time_metric 0.090549962870771
Training summary saved to /home/s471802/nn-gpt/out/training_summary.json
  Train Loss: 0.1981, Test Loss: 0.2276
  Train Acc: 0.9360, Test Acc: 0.9318
  LR: 0.010000, Grad Norm: 0.1124, Throughput: 234.9 samples/s
accuracy_to_time_metric 0.0863110546752559
epoch 6
  Train Loss: 0.1878, Test Loss: 0.3335
  Train Acc: 0.9396, Test Acc: 0.9042
  LR: 0.010000, Grad Norm: 3.0000, Throughput: 227.1 samples/s
accuracy_to_time_metric 0.06920865148327761
epoch 7
  Train Loss: 0.1751, Test Loss: 0.2144
  Train Acc: 0.9420, Test Acc: 0.9376
  LR: 0.010000, Grad Norm: 2.3970, Throughput: 233.2 samples/s
accuracy_to_time_metric 0.06181070517011631
epoch 8
  Train Loss: 0.1694, Test Loss: 0.2634
  Train Acc: 0.9446, Test Acc: 0.9242
  LR: 0.010000, Grad Norm: 0.2392, Throughput: 227.1 samples/s
accuracy_to_time_metric 0.05305988910608725
epoch 9
  Train Loss: 0.1650, Test Loss: 0.1929
  Train Acc: 0.9461, Test Acc: 0.9414
  LR: 0.010000, Grad Norm: 0.9192, Throughput: 231.5 samples/s
accuracy_to_time_metric 0.048140220255505545
epoch 10
[Reward Assign] error reward_batch_index=0 batch_item=2/4 completion_index=173 worker_slot=1 assigned_gpu=1 physical_gpu=1 worker_device=cuda:0 elapsed_seconds=1920.09 error=PersistentEvalWorkerError: Persistent eval worker timed out after 1920 seconds
[Reward Worker] Ready slot=1 pid=248708, assigned_gpu=1, assigned_cuda_visible_device='1', worker_device=cuda:0, cuda_visible_devices='1', cuda_available=True, cuda_device_count=1, rss_gib=0.53, torch_home='', physical_gpu_index=1, physical_gpu_bus_id='00000000:A1:00.0', physical_gpu_uuid='GPU-af6b4cf2-d47c-d86f-a1f1-7cd4bfd71da9', physical_binding_verified=True
[eval_only] 173/300 article_A_cifar10_epoch10-0172 formal_success=True acc=0.8498
[eval_only] 174/300 article_A_cifar10_epoch10-0173 formal_success=False acc=None
[eval_only] 175/300 article_A_cifar10_epoch10-0174 formal_success=True acc=0.9126
[eval_only] 176/300 article_A_cifar10_epoch10-0175 formal_success=True acc=0.8924
[Reward Assign] reward_batch_index=0 batch_item=1/4 completion_index=176 worker_slot=0 assigned_gpu=0 physical_gpu=0 worker_device=cuda:0 gpu_name='NVIDIA L40S' gpu_free_gib=43.41 gpu_used_gib=0.98 gpu_total_gib=44.99 timeout_seconds=1920
[Reward Assign] reward_batch_index=0 batch_item=3/4 completion_index=178 worker_slot=2 assigned_gpu=2 physical_gpu=2 worker_device=cuda:0 gpu_name='NVIDIA L40S' gpu_free_gib=43.41 gpu_used_gib=0.98 gpu_total_gib=44.99 timeout_seconds=1920
[Reward Assign] reward_batch_index=0 batch_item=2/4 completion_index=177 worker_slot=1 assigned_gpu=1 physical_gpu=1 worker_device=cuda:0 gpu_name='NVIDIA L40S' gpu_free_gib=31.78 gpu_used_gib=12.61 gpu_total_gib=44.99 timeout_seconds=1920
[Reward Assign] reward_batch_index=0 batch_item=4/4 completion_index=179 worker_slot=3 assigned_gpu=3 physical_gpu=3 worker_device=cuda:0 gpu_name='NVIDIA L40S' gpu_free_gib=43.37 gpu_used_gib=1.02 gpu_total_gib=44.99 timeout_seconds=1920
LEMUR root /home/s471802/nn-gpt
Evaluating /home/s471802/nn-gpt/out/nn/tmp/32f2b76025026e992f23ae555de7f190.py...
Evaluating /home/s471802/nn-gpt/out/nn/tmp/e86300e79261f7a2dbed91bf194f74b2.py...
Evaluating /home/s471802/nn-gpt/out/nn/tmp/17436da851c10388e8cdb507bf1ddea1.py...
Evaluating /home/s471802/nn-gpt/out/nn/tmp/3cbe1552f476676e5d518d1cb0b3cc24.py...
epoch 1
epoch 1
epoch 1
epoch 1
  Train Loss: 0.6707, Test Loss: 0.7533
  Train Acc: 0.8493, Test Acc: 0.8660
  LR: 0.010000, Grad Norm: 3.0000, Throughput: 787.4 samples/s
accuracy_to_time_metric 1.3402888348671007
epoch 2
  Train Loss: 0.6625, Test Loss: 0.7868
  Train Acc: 0.8392, Test Acc: 0.8584
  LR: 0.010000, Grad Norm: 0.0224, Throughput: 628.8 samples/s
accuracy_to_time_metric 1.0597472517219666
epoch 2
  Train Loss: 0.7622, Test Loss: 0.3648
  Train Acc: 0.7342, Test Acc: 0.8716
  LR: 0.010000, Grad Norm: 3.0000, Throughput: 401.6 samples/s
accuracy_to_time_metric 0.6885947708650109
epoch 2
  Train Loss: 0.6241, Test Loss: 0.8448
  Train Acc: 0.8855, Test Acc: 0.8642
  LR: 0.010000, Grad Norm: 3.0000, Throughput: 760.1 samples/s
accuracy_to_time_metric 0.6562163719292592
epoch 3
  Train Loss: 0.6247, Test Loss: 0.5662
  Train Acc: 0.8785, Test Acc: 0.8878
  LR: 0.010000, Grad Norm: 3.0000, Throughput: 646.3 samples/s
accuracy_to_time_metric 0.557562058847959
epoch 3
  Train Loss: 0.5131, Test Loss: 0.4548
  Train Acc: 0.8327, Test Acc: 0.8498
  LR: 0.010000, Grad Norm: 3.0000, Throughput: 281.2 samples/s
accuracy_to_time_metric 0.4686037435660098
epoch 2
  Train Loss: 0.5772, Test Loss: 0.6899
  Train Acc: 0.8960, Test Acc: 0.8840
  LR: 0.010000, Grad Norm: 3.0000, Throughput: 772.2 samples/s
accuracy_to_time_metric 0.4484198828694443
epoch 4
  Train Loss: 0.5903, Test Loss: 0.7997
  Train Acc: 0.8914, Test Acc: 0.8662
  LR: 0.010000, Grad Norm: 3.0000, Throughput: 669.6 samples/s
accuracy_to_time_metric 0.3673028680307297
epoch 4
  Train Loss: 0.3375, Test Loss: 0.3363
  Train Acc: 0.8843, Test Acc: 0.8904
  LR: 0.010000, Grad Norm: 1.7021, Throughput: 411.8 samples/s
accuracy_to_time_metric 0.35693714917952085
epoch 3
  Train Loss: 0.5797, Test Loss: 0.8113
  Train Acc: 0.9012, Test Acc: 0.8818
  LR: 0.010000, Grad Norm: 3.0000, Throughput: 803.8 samples/s
accuracy_to_time_metric 0.338552211639297
epoch 5
  Train Loss: 0.5907, Test Loss: 0.9431
  Train Acc: 0.8963, Test Acc: 0.8632
  LR: 0.010000, Grad Norm: 3.0000, Throughput: 649.7 samples/s
accuracy_to_time_metric 0.2745681588809654
epoch 5
  Train Loss: 0.5751, Test Loss: 0.7092
  Train Acc: 0.9054, Test Acc: 0.8888
  LR: 0.010000, Grad Norm: 0.7874, Throughput: 776.0 samples/s
accuracy_to_time_metric 0.2729219504733991
epoch 6
  Train Loss: 0.4395, Test Loss: 0.4541
  Train Acc: 0.8610, Test Acc: 0.8628
  LR: 0.010000, Grad Norm: 3.0000, Throughput: 290.5 samples/s
accuracy_to_time_metric 0.24212693088791137
epoch 3
  Train Loss: 0.2442, Test Loss: 0.3088
  Train Acc: 0.9168, Test Acc: 0.8998
  LR: 0.010000, Grad Norm: 3.0000, Throughput: 407.4 samples/s
accuracy_to_time_metric 0.2409035345794437
epoch 4
  Train Loss: 0.5649, Test Loss: 0.8633
  Train Acc: 0.9074, Test Acc: 0.8872
  LR: 0.010000, Grad Norm: 3.0000, Throughput: 782.4 samples/s
accuracy_to_time_metric 0.22709335765420666
epoch 7
  Train Loss: 0.5843, Test Loss: 0.6901
  Train Acc: 0.8988, Test Acc: 0.8924
  LR: 0.010000, Grad Norm: 0.0001, Throughput: 660.3 samples/s
accuracy_to_time_metric 0.22887110621192927
epoch 6
  Train Loss: 0.5845, Test Loss: 1.2493
  Train Acc: 0.9081, Test Acc: 0.8594
  LR: 0.010000, Grad Norm: 3.0000, Throughput: 773.0 samples/s
accuracy_to_time_metric 0.18752447557975754
epoch 8
  Train Loss: 0.5771, Test Loss: 0.7949
  Train Acc: 0.9031, Test Acc: 0.8742
  LR: 0.010000, Grad Norm: 0.0894, Throughput: 638.5 samples/s
accuracy_to_time_metric 0.18574825801721015
epoch 7
  Train Loss: 0.1857, Test Loss: 0.2737
  Train Acc: 0.9360, Test Acc: 0.9116
  LR: 0.010000, Grad Norm: 3.0000, Throughput: 403.9 samples/s
accuracy_to_time_metric 0.18299417848011695
epoch 5
  Train Loss: 0.5811, Test Loss: 0.8786
  Train Acc: 0.9114, Test Acc: 0.8850
  LR: 0.010000, Grad Norm: 3.0000, Throughput: 773.3 samples/s
accuracy_to_time_metric 0.1694521128932073
epoch 9
  Train Loss: 0.4181, Test Loss: 0.4587
  Train Acc: 0.8660, Test Acc: 0.8594
  LR: 0.010000, Grad Norm: 3.0000, Throughput: 286.3 samples/s
accuracy_to_time_metric 0.16077987635096647
epoch 4
  Train Loss: 0.5883, Test Loss: 0.6294
  Train Acc: 0.9040, Test Acc: 0.8986
  LR: 0.010000, Grad Norm: 3.0000, Throughput: 668.8 samples/s
accuracy_to_time_metric 0.16493735986796254
epoch 8
  Train Loss: 0.5562, Test Loss: 0.8240
  Train Acc: 0.9116, Test Acc: 0.8854
  LR: 0.010000, Grad Norm: 1.6795, Throughput: 779.2 samples/s
accuracy_to_time_metric 0.15071537256620174
epoch 10
  Train Loss: 0.1454, Test Loss: 0.2798
  Train Acc: 0.9500, Test Acc: 0.9086
  LR: 0.010000, Grad Norm: 3.0000, Throughput: 408.9 samples/s
accuracy_to_time_metric 0.14604839093685593
epoch 6
  Train Loss: 0.5774, Test Loss: 0.5901
  Train Acc: 0.9047, Test Acc: 0.8998
  LR: 0.010000, Grad Norm: 3.0000, Throughput: 659.4 samples/s
accuracy_to_time_metric 0.14475313270554305
epoch 9
  Train Loss: 0.5598, Test Loss: 0.7832
  Train Acc: 0.9120, Test Acc: 0.8936
  LR: 0.010000, Grad Norm: 0.1038, Throughput: 789.1 samples/s
accuracy_to_time_metric 0.13724294162610606
Training summary saved to /home/s471802/nn-gpt/out/training_summary.json
  Train Loss: 0.5497, Test Loss: 0.9395
  Train Acc: 0.9099, Test Acc: 0.8708
  LR: 0.010000, Grad Norm: 3.0000, Throughput: 668.3 samples/s
accuracy_to_time_metric 0.12432995878417515
epoch 10
  Train Loss: 0.4150, Test Loss: 0.3818
  Train Acc: 0.8680, Test Acc: 0.8726
  LR: 0.010000, Grad Norm: 3.0000, Throughput: 288.9 samples/s
accuracy_to_time_metric 0.12299217238343953
epoch 5
  Train Loss: 0.1222, Test Loss: 0.2452
  Train Acc: 0.9584, Test Acc: 0.9268
  LR: 0.010000, Grad Norm: 3.0000, Throughput: 412.5 samples/s
accuracy_to_time_metric 0.1247329770289389
epoch 7
  Train Loss: 0.5268, Test Loss: 0.6159
  Train Acc: 0.9122, Test Acc: 0.9068
  LR: 0.010000, Grad Norm: 3.0000, Throughput: 668.7 samples/s
accuracy_to_time_metric 0.11737705219253841
Training summary saved to /home/s471802/nn-gpt/out/training_summary.json
  Train Loss: 0.0980, Test Loss: 0.2964
  Train Acc: 0.9668, Test Acc: 0.9120
  LR: 0.010000, Grad Norm: 1.4554, Throughput: 412.8 samples/s
accuracy_to_time_metric 0.10518593233339812
epoch 8
  Train Loss: 0.4032, Test Loss: 0.4378
  Train Acc: 0.8717, Test Acc: 0.8654
  LR: 0.010000, Grad Norm: 3.0000, Throughput: 289.4 samples/s
accuracy_to_time_metric 0.0976545852934198
epoch 6
  Train Loss: 0.0825, Test Loss: 0.2979
  Train Acc: 0.9720, Test Acc: 0.9204
  LR: 0.010000, Grad Norm: 3.0000, Throughput: 403.8 samples/s
accuracy_to_time_metric 0.09285788876221872
epoch 9
  Train Loss: 0.4061, Test Loss: 0.4112
  Train Acc: 0.8711, Test Acc: 0.8700
  LR: 0.010000, Grad Norm: 3.0000, Throughput: 281.7 samples/s
accuracy_to_time_metric 0.08160104453185349
epoch 7
  Train Loss: 0.0749, Test Loss: 0.2814
  Train Acc: 0.9739, Test Acc: 0.9216
  LR: 0.010000, Grad Norm: 2.7941, Throughput: 398.7 samples/s
accuracy_to_time_metric 0.08245117281178546
epoch 10
  Train Loss: 0.4047, Test Loss: 0.3980
  Train Acc: 0.8728, Test Acc: 0.8710
  LR: 0.010000, Grad Norm: 3.0000, Throughput: 288.6 samples/s
accuracy_to_time_metric 0.07011414394706851
epoch 8
  Train Loss: 0.0653, Test Loss: 0.2775
  Train Acc: 0.9774, Test Acc: 0.9298
  LR: 0.010000, Grad Norm: 3.0000, Throughput: 414.2 samples/s
accuracy_to_time_metric 0.0750802867209926
Training summary saved to /home/s471802/nn-gpt/out/training_summary.json
  Train Loss: 0.3946, Test Loss: 0.4330
  Train Acc: 0.8759, Test Acc: 0.8634
  LR: 0.010000, Grad Norm: 3.0000, Throughput: 291.1 samples/s
accuracy_to_time_metric 0.06086007205586584
epoch 9
  Train Loss: 0.3912, Test Loss: 0.4740
  Train Acc: 0.8761, Test Acc: 0.8598
  LR: 0.010000, Grad Norm: 3.0000, Throughput: 292.8 samples/s
accuracy_to_time_metric 0.05395790589299361
epoch 10
  Train Loss: 0.3913, Test Loss: 0.4851
  Train Acc: 0.8764, Test Acc: 0.8570
  LR: 0.010000, Grad Norm: 3.0000, Throughput: 289.5 samples/s
accuracy_to_time_metric 0.048411148455657985
Training summary saved to /home/s471802/nn-gpt/out/training_summary.json
[eval_only] 177/300 article_A_cifar10_epoch10-0176 formal_success=True acc=0.857
[eval_only] 178/300 article_A_cifar10_epoch10-0177 formal_success=True acc=0.9068
[eval_only] 179/300 article_A_cifar10_epoch10-0178 formal_success=True acc=0.9298
[eval_only] 180/300 article_A_cifar10_epoch10-0179 formal_success=True acc=0.8936
[Reward Assign] reward_batch_index=0 batch_item=1/4 completion_index=180 worker_slot=0 assigned_gpu=0 physical_gpu=0 worker_device=cuda:0 gpu_name='NVIDIA L40S' gpu_free_gib=43.41 gpu_used_gib=0.98 gpu_total_gib=44.99 timeout_seconds=1920
[Reward Assign] reward_batch_index=0 batch_item=4/4 completion_index=183 worker_slot=3 assigned_gpu=3 physical_gpu=3 worker_device=cuda:0 gpu_name='NVIDIA L40S' gpu_free_gib=43.37 gpu_used_gib=1.02 gpu_total_gib=44.99 timeout_seconds=1920
[Reward Assign] reward_batch_index=0 batch_item=2/4 completion_index=181 worker_slot=1 assigned_gpu=1 physical_gpu=1 worker_device=cuda:0 gpu_name='NVIDIA L40S' gpu_free_gib=43.39 gpu_used_gib=1.00 gpu_total_gib=44.99 timeout_seconds=1920
[Reward Assign] reward_batch_index=0 batch_item=3/4 completion_index=182 worker_slot=2 assigned_gpu=2 physical_gpu=2 worker_device=cuda:0 gpu_name='NVIDIA L40S' gpu_free_gib=43.41 gpu_used_gib=0.98 gpu_total_gib=44.99 timeout_seconds=1920
Evaluating /home/s471802/nn-gpt/out/nn/tmp/0258e7d9a67ac08897dc71519481640c.py...
Evaluating /home/s471802/nn-gpt/out/nn/tmp/1280643721390523b04d311d18c2da8e.py...
Evaluating /home/s471802/nn-gpt/out/nn/tmp/6f9aaf2739402e92bb04a1e19a5dd8fc.py...
Evaluating /home/s471802/nn-gpt/out/nn/tmp/7c669d83d0562bd52e426956caf5c8b1.py...
epoch 1
epoch 1
epoch 1
epoch 1
  Train Loss: 0.3748, Test Loss: 0.2872
  Train Acc: 0.8832, Test Acc: 0.9102
  LR: 0.010000, Grad Norm: 2.1056, Throughput: 891.5 samples/s
accuracy_to_time_metric 1.6049236054441347
epoch 2
  Train Loss: 0.3884, Test Loss: 0.3048
  Train Acc: 0.8738, Test Acc: 0.9006
  LR: 0.010000, Grad Norm: 3.0000, Throughput: 668.5 samples/s
accuracy_to_time_metric 1.1893354345512308
epoch 2
  Train Loss: 0.6549, Test Loss: 0.5898
  Train Acc: 0.8488, Test Acc: 0.8798
  LR: 0.010000, Grad Norm: 0.2857, Throughput: 640.8 samples/s
accuracy_to_time_metric 1.1104478515205267
epoch 2
  Train Loss: 0.2679, Test Loss: 0.3612
  Train Acc: 0.9138, Test Acc: 0.8978
  LR: 0.010000, Grad Norm: 3.0000, Throughput: 876.9 samples/s
accuracy_to_time_metric 0.782901469994305
epoch 3
  Train Loss: 0.3051, Test Loss: 0.3503
  Train Acc: 0.9011, Test Acc: 0.8880
  LR: 0.010000, Grad Norm: 3.0000, Throughput: 681.7 samples/s
accuracy_to_time_metric 0.5905562137402609
epoch 3
  Train Loss: 0.6234, Test Loss: 0.6512
  Train Acc: 0.8861, Test Acc: 0.8854
  LR: 0.010000, Grad Norm: 3.0000, Throughput: 632.6 samples/s
accuracy_to_time_metric 0.55519924299848
epoch 3
  Train Loss: 0.2349, Test Loss: 0.3175
  Train Acc: 0.9245, Test Acc: 0.9034
  LR: 0.010000, Grad Norm: 2.7654, Throughput: 866.0 samples/s
accuracy_to_time_metric 0.5218020406319253
epoch 4
  Train Loss: 0.4688, Test Loss: 0.3942
  Train Acc: 0.8387, Test Acc: 0.8602
  LR: 0.010000, Grad Norm: 3.0000, Throughput: 264.3 samples/s
accuracy_to_time_metric 0.44644281789613144
epoch 2
  Train Loss: 0.2692, Test Loss: 0.3620
  Train Acc: 0.9115, Test Acc: 0.8872
  LR: 0.010000, Grad Norm: 3.0000, Throughput: 668.2 samples/s
accuracy_to_time_metric 0.39186502130561923
epoch 4
  Train Loss: 0.2029, Test Loss: 0.3079
  Train Acc: 0.9327, Test Acc: 0.9058
  LR: 0.010000, Grad Norm: 3.0000, Throughput: 846.5 samples/s
accuracy_to_time_metric 0.3888443549261928
epoch 5
  Train Loss: 0.6071, Test Loss: 0.7032
  Train Acc: 0.8965, Test Acc: 0.8864
  LR: 0.010000, Grad Norm: 3.0000, Throughput: 620.9 samples/s
accuracy_to_time_metric 0.367399865863049
epoch 4
  Train Loss: 0.1894, Test Loss: 0.3027
  Train Acc: 0.9361, Test Acc: 0.9060
  LR: 0.010000, Grad Norm: 0.9624, Throughput: 901.7 samples/s
accuracy_to_time_metric 0.31332550530819325
epoch 6
  Train Loss: 0.2500, Test Loss: 0.3472
  Train Acc: 0.9177, Test Acc: 0.8906
  LR: 0.010000, Grad Norm: 3.0000, Throughput: 693.5 samples/s
accuracy_to_time_metric 0.2973559878076644
epoch 5
  Train Loss: 0.5698, Test Loss: 0.7860
  Train Acc: 0.9010, Test Acc: 0.8852
  LR: 0.010000, Grad Norm: 0.0023, Throughput: 656.7 samples/s
accuracy_to_time_metric 0.27778093956916555
epoch 5
  Train Loss: 0.1795, Test Loss: 0.3631
  Train Acc: 0.9384, Test Acc: 0.8974
  LR: 0.010000, Grad Norm: 1.2574, Throughput: 918.7 samples/s
accuracy_to_time_metric 0.26031191372301427
epoch 7
  Train Loss: 0.2498, Test Loss: 0.3410
  Train Acc: 0.9171, Test Acc: 0.8982
  LR: 0.010000, Grad Norm: 3.0000, Throughput: 704.7 samples/s
accuracy_to_time_metric 0.24200007403322535
epoch 6
  Train Loss: 0.3722, Test Loss: 0.3810
  Train Acc: 0.8708, Test Acc: 0.8680
  LR: 0.010000, Grad Norm: 3.0000, Throughput: 269.2 samples/s
accuracy_to_time_metric 0.22751288320951985
epoch 3
  Train Loss: 0.5638, Test Loss: 0.8050
  Train Acc: 0.9037, Test Acc: 0.8822
  LR: 0.010000, Grad Norm: 3.0000, Throughput: 658.4 samples/s
accuracy_to_time_metric 0.22277503598925785
epoch 6
  Train Loss: 0.1614, Test Loss: 0.3052
  Train Acc: 0.9440, Test Acc: 0.9054
  LR: 0.010000, Grad Norm: 3.0000, Throughput: 909.7 samples/s
accuracy_to_time_metric 0.22630441162070344
epoch 8
  Train Loss: 0.2366, Test Loss: 0.4271
  Train Acc: 0.9213, Test Acc: 0.8772
  LR: 0.010000, Grad Norm: 3.0000, Throughput: 707.4 samples/s
accuracy_to_time_metric 0.19748450797032707
epoch 7
  Train Loss: 0.1491, Test Loss: 0.3174
  Train Acc: 0.9471, Test Acc: 0.9070
  LR: 0.010000, Grad Norm: 0.1799, Throughput: 900.6 samples/s
accuracy_to_time_metric 0.19878718670425174
epoch 9
  Train Loss: 0.5580, Test Loss: 0.8476
  Train Acc: 0.9079, Test Acc: 0.8736
  LR: 0.010000, Grad Norm: 0.1704, Throughput: 655.1 samples/s
accuracy_to_time_metric 0.18422876350737236
epoch 7
  Train Loss: 0.1448, Test Loss: 0.3006
  Train Acc: 0.9489, Test Acc: 0.9122
  LR: 0.010000, Grad Norm: 1.2255, Throughput: 914.2 samples/s
accuracy_to_time_metric 0.1783923955968657
epoch 10
  Train Loss: 0.2244, Test Loss: 0.3446
  Train Acc: 0.9255, Test Acc: 0.8986
  LR: 0.010000, Grad Norm: 0.9171, Throughput: 702.1 samples/s
accuracy_to_time_metric 0.17446401569031006
epoch 8
  Train Loss: 0.5674, Test Loss: 0.7645
  Train Acc: 0.9079, Test Acc: 0.8892
  LR: 0.010000, Grad Norm: 0.4811, Throughput: 660.7 samples/s
accuracy_to_time_metric 0.1616792060644705
epoch 8
  Train Loss: 0.3463, Test Loss: 0.3830
  Train Acc: 0.8812, Test Acc: 0.8694
  LR: 0.010000, Grad Norm: 2.3808, Throughput: 272.1 samples/s
accuracy_to_time_metric 0.15283167888137278
epoch 4
  Train Loss: 0.1445, Test Loss: 0.2855
  Train Acc: 0.9493, Test Acc: 0.9150
  LR: 0.010000, Grad Norm: 2.8278, Throughput: 909.0 samples/s
accuracy_to_time_metric 0.1614190954310295
Training summary saved to /home/s471802/nn-gpt/out/training_summary.json
  Train Loss: 0.2142, Test Loss: 0.3163
  Train Acc: 0.9267, Test Acc: 0.9060
  LR: 0.010000, Grad Norm: 1.2737, Throughput: 706.8 samples/s
accuracy_to_time_metric 0.1545504991711565
epoch 9
  Train Loss: 0.5637, Test Loss: 0.8337
  Train Acc: 0.9104, Test Acc: 0.8868
  LR: 0.010000, Grad Norm: 3.0000, Throughput: 663.0 samples/s
accuracy_to_time_metric 0.14148485322155632
epoch 9
  Train Loss: 0.2191, Test Loss: 0.3677
  Train Acc: 0.9275, Test Acc: 0.8944
  LR: 0.010000, Grad Norm: 3.0000, Throughput: 706.9 samples/s
accuracy_to_time_metric 0.13573194128518012
epoch 10
  Train Loss: 0.5437, Test Loss: 0.8407
  Train Acc: 0.9121, Test Acc: 0.8894
  LR: 0.010000, Grad Norm: 0.6641, Throughput: 659.0 samples/s
accuracy_to_time_metric 0.1264080357495885
epoch 10
  Train Loss: 0.2099, Test Loss: 0.3250
  Train Acc: 0.9296, Test Acc: 0.8994
  LR: 0.010000, Grad Norm: 2.8337, Throughput: 698.8 samples/s
accuracy_to_time_metric 0.12302858172123043
Training summary saved to /home/s471802/nn-gpt/out/training_summary.json
  Train Loss: 0.3352, Test Loss: 0.3862
  Train Acc: 0.8834, Test Acc: 0.8672
  LR: 0.010000, Grad Norm: 3.0000, Throughput: 272.0 samples/s
accuracy_to_time_metric 0.11468081012130232
epoch 5
  Train Loss: 0.5173, Test Loss: 0.6761
  Train Acc: 0.9158, Test Acc: 0.9028
  LR: 0.010000, Grad Norm: 3.0000, Throughput: 640.8 samples/s
accuracy_to_time_metric 0.11554150681251837
Training summary saved to /home/s471802/nn-gpt/out/training_summary.json
  Train Loss: 0.3244, Test Loss: 0.3764
  Train Acc: 0.8873, Test Acc: 0.8754
  LR: 0.010000, Grad Norm: 3.0000, Throughput: 267.4 samples/s
accuracy_to_time_metric 0.09259653561529396
epoch 6
  Train Loss: 0.3147, Test Loss: 0.3792
  Train Acc: 0.8917, Test Acc: 0.8732
  LR: 0.010000, Grad Norm: 3.0000, Throughput: 264.3 samples/s
accuracy_to_time_metric 0.0767247209721457
epoch 7
  Train Loss: 0.3063, Test Loss: 0.3770
  Train Acc: 0.8935, Test Acc: 0.8724
  LR: 0.010000, Grad Norm: 3.0000, Throughput: 270.5 samples/s
accuracy_to_time_metric 0.06577808856314594
epoch 8
  Train Loss: 0.3013, Test Loss: 0.3746
  Train Acc: 0.8950, Test Acc: 0.8692
  LR: 0.010000, Grad Norm: 3.0000, Throughput: 266.3 samples/s
accuracy_to_time_metric 0.05726055045661377
epoch 9
  Train Loss: 0.3002, Test Loss: 0.3902
  Train Acc: 0.8944, Test Acc: 0.8698
  LR: 0.010000, Grad Norm: 1.2536, Throughput: 261.6 samples/s
accuracy_to_time_metric 0.0507965295468271
epoch 10
  Train Loss: 0.2973, Test Loss: 0.3773
  Train Acc: 0.8962, Test Acc: 0.8700
  LR: 0.010000, Grad Norm: 3.0000, Throughput: 265.5 samples/s
accuracy_to_time_metric 0.045696416506213464
Training summary saved to /home/s471802/nn-gpt/out/training_summary.json
[eval_only] 181/300 article_A_cifar10_epoch10-0180 formal_success=True acc=0.9028
[eval_only] 182/300 article_A_cifar10_epoch10-0181 formal_success=True acc=0.8994
[eval_only] 183/300 article_A_cifar10_epoch10-0182 formal_success=True acc=0.915
[eval_only] 184/300 article_A_cifar10_epoch10-0183 formal_success=True acc=0.87
[Reward Assign] reward_batch_index=0 batch_item=4/4 completion_index=187 worker_slot=3 assigned_gpu=3 physical_gpu=3 worker_device=cuda:0 gpu_name='NVIDIA L40S' gpu_free_gib=43.37 gpu_used_gib=1.02 gpu_total_gib=44.99 timeout_seconds=1920
[Reward Assign] reward_batch_index=0 batch_item=2/4 completion_index=185 worker_slot=1 assigned_gpu=1 physical_gpu=1 worker_device=cuda:0 gpu_name='NVIDIA L40S' gpu_free_gib=43.39 gpu_used_gib=1.00 gpu_total_gib=44.99 timeout_seconds=1920
[Reward Assign] reward_batch_index=0 batch_item=3/4 completion_index=186 worker_slot=2 assigned_gpu=2 physical_gpu=2 worker_device=cuda:0 gpu_name='NVIDIA L40S' gpu_free_gib=43.41 gpu_used_gib=0.98 gpu_total_gib=44.99 timeout_seconds=1920
[Reward Assign] reward_batch_index=0 batch_item=1/4 completion_index=184 worker_slot=0 assigned_gpu=0 physical_gpu=0 worker_device=cuda:0 gpu_name='NVIDIA L40S' gpu_free_gib=43.41 gpu_used_gib=0.98 gpu_total_gib=44.99 timeout_seconds=1920
Evaluating /home/s471802/nn-gpt/out/nn/tmp/892f9d7aec149d29cfd7db8d4aeb2d45.py...
Evaluating /home/s471802/nn-gpt/out/nn/tmp/80582ae094f524d64724b095f17c9457.py...
Evaluating /home/s471802/nn-gpt/out/nn/tmp/a6362f0ba5f4138df2b070142820f5d2.py...
Evaluating /home/s471802/nn-gpt/out/nn/tmp/0d1562f35cd81fd65b3662a3a62adf45.py...
epoch 1
epoch 1
epoch 1
epoch 1
  Train Loss: 0.6603, Test Loss: 0.7385
  Train Acc: 0.8497, Test Acc: 0.8600
  LR: 0.010000, Grad Norm: 3.0000, Throughput: 1613.3 samples/s
accuracy_to_time_metric 2.724312578351823
epoch 2
  Train Loss: 0.6618, Test Loss: 0.5824
  Train Acc: 0.8473, Test Acc: 0.8808
  LR: 0.010000, Grad Norm: 3.0000, Throughput: 1644.1 samples/s
accuracy_to_time_metric 2.8523068408241863
epoch 2
  Train Loss: 0.6256, Test Loss: 0.8910
  Train Acc: 0.8857, Test Acc: 0.8576
  LR: 0.010000, Grad Norm: 3.0000, Throughput: 1713.8 samples/s
accuracy_to_time_metric 1.396256177532981
epoch 3
  Train Loss: 0.6230, Test Loss: 0.7790
  Train Acc: 0.8848, Test Acc: 0.8732
  LR: 0.010000, Grad Norm: 0.0212, Throughput: 1762.8 samples/s
accuracy_to_time_metric 1.4586871607952154
epoch 3
  Train Loss: 0.3948, Test Loss: 0.3153
  Train Acc: 0.8726, Test Acc: 0.8922
  LR: 0.010000, Grad Norm: 2.6177, Throughput: 667.6 samples/s
accuracy_to_time_metric 1.1752605065107273
epoch 2
  Train Loss: 0.6796, Test Loss: 0.6374
  Train Acc: 0.8481, Test Acc: 0.8758
  LR: 0.010000, Grad Norm: 3.0000, Throughput: 678.1 samples/s
accuracy_to_time_metric 1.168970289944872
epoch 2
  Train Loss: 0.5966, Test Loss: 0.6542
  Train Acc: 0.8940, Test Acc: 0.8944
  LR: 0.010000, Grad Norm: 3.0000, Throughput: 1779.2 samples/s
accuracy_to_time_metric 0.997290870911416
epoch 4
  Train Loss: 0.5997, Test Loss: 0.6898
  Train Acc: 0.8952, Test Acc: 0.8888
  LR: 0.010000, Grad Norm: 3.0000, Throughput: 1774.3 samples/s
accuracy_to_time_metric 1.0051869113795528
epoch 4
  Train Loss: 0.6091, Test Loss: 0.7056
  Train Acc: 0.8993, Test Acc: 0.8946
  LR: 0.010000, Grad Norm: 0.0034, Throughput: 1773.6 samples/s
accuracy_to_time_metric 0.7644076035547135
epoch 5
  Train Loss: 0.5832, Test Loss: 1.1091
  Train Acc: 0.8992, Test Acc: 0.8524
  LR: 0.010000, Grad Norm: 0.1691, Throughput: 1719.6 samples/s
accuracy_to_time_metric 0.7102849317046357
epoch 5
  Train Loss: 0.5896, Test Loss: 0.9156
  Train Acc: 0.9041, Test Acc: 0.8752
  LR: 0.010000, Grad Norm: 3.0000, Throughput: 1845.0 samples/s
accuracy_to_time_metric 0.6035328539370693
epoch 6
  Train Loss: 0.5908, Test Loss: 0.8986
  Train Acc: 0.9032, Test Acc: 0.8772
  LR: 0.010000, Grad Norm: 0.0000, Throughput: 1759.7 samples/s
accuracy_to_time_metric 0.590554942310451
epoch 6
  Train Loss: 0.3097, Test Loss: 0.3475
  Train Acc: 0.8997, Test Acc: 0.8898
  LR: 0.010000, Grad Norm: 3.0000, Throughput: 672.5 samples/s
accuracy_to_time_metric 0.5875397625110999
epoch 3
  Train Loss: 0.6142, Test Loss: 1.0215
  Train Acc: 0.8841, Test Acc: 0.8404
  LR: 0.010000, Grad Norm: 3.0000, Throughput: 684.0 samples/s
accuracy_to_time_metric 0.5598277896787089
epoch 3
  Train Loss: 0.5522, Test Loss: 0.7696
  Train Acc: 0.9093, Test Acc: 0.8898
  LR: 0.010000, Grad Norm: 3.0000, Throughput: 1778.7 samples/s
accuracy_to_time_metric 0.513368766663367
epoch 7
  Train Loss: 0.5728, Test Loss: 0.7042
  Train Acc: 0.9068, Test Acc: 0.8942
  LR: 0.010000, Grad Norm: 3.0000, Throughput: 1746.9 samples/s
accuracy_to_time_metric 0.5043515784602706
epoch 7
  Train Loss: 0.5557, Test Loss: 0.7026
  Train Acc: 0.9107, Test Acc: 0.8990
  LR: 0.010000, Grad Norm: 3.0000, Throughput: 1793.7 samples/s
accuracy_to_time_metric 0.44627107378012526
epoch 8
  Train Loss: 0.5781, Test Loss: 0.9684
  Train Acc: 0.9075, Test Acc: 0.8768
  LR: 0.010000, Grad Norm: 3.0000, Throughput: 1694.1 samples/s
accuracy_to_time_metric 0.4218622519921212
epoch 8
  Train Loss: 0.2750, Test Loss: 0.3078
  Train Acc: 0.9100, Test Acc: 0.9054
  LR: 0.010000, Grad Norm: 3.0000, Throughput: 665.9 samples/s
accuracy_to_time_metric 0.39849892393805614
epoch 4
  Train Loss: 0.5962, Test Loss: 0.7129
  Train Acc: 0.8956, Test Acc: 0.8878
  LR: 0.010000, Grad Norm: 3.0000, Throughput: 673.6 samples/s
accuracy_to_time_metric 0.395558847184728
epoch 4
  Train Loss: 0.5413, Test Loss: 0.8321
  Train Acc: 0.9128, Test Acc: 0.8888
  LR: 0.010000, Grad Norm: 0.0194, Throughput: 1811.1 samples/s
accuracy_to_time_metric 0.3866851677132917
epoch 9
  Train Loss: 0.5842, Test Loss: 0.7310
  Train Acc: 0.9078, Test Acc: 0.8980
  LR: 0.010000, Grad Norm: 0.0272, Throughput: 1758.4 samples/s
accuracy_to_time_metric 0.37806251926340434
epoch 9
  Train Loss: 0.5615, Test Loss: 0.7696
  Train Acc: 0.9099, Test Acc: 0.8906
  LR: 0.010000, Grad Norm: 3.0000, Throughput: 1769.1 samples/s
accuracy_to_time_metric 0.34444114702754436
epoch 10
  Train Loss: 0.5350, Test Loss: 0.9174
  Train Acc: 0.9150, Test Acc: 0.8766
  LR: 0.010000, Grad Norm: 0.1064, Throughput: 1701.0 samples/s
accuracy_to_time_metric 0.32680257800884477
epoch 10
  Train Loss: 0.5419, Test Loss: 0.7611
  Train Acc: 0.9149, Test Acc: 0.8974
  LR: 0.010000, Grad Norm: 0.0022, Throughput: 1798.2 samples/s
accuracy_to_time_metric 0.3131235035441368
Training summary saved to /home/s471802/nn-gpt/out/training_summary.json
  Train Loss: 0.5398, Test Loss: 0.6913
  Train Acc: 0.9148, Test Acc: 0.9018
  LR: 0.010000, Grad Norm: 0.8424, Throughput: 1738.0 samples/s
accuracy_to_time_metric 0.304135794283239
Training summary saved to /home/s471802/nn-gpt/out/training_summary.json
  Train Loss: 0.5994, Test Loss: 0.7330
  Train Acc: 0.8998, Test Acc: 0.8810
  LR: 0.010000, Grad Norm: 0.0000, Throughput: 683.0 samples/s
accuracy_to_time_metric 0.29454956801299953
epoch 5
  Train Loss: 0.2556, Test Loss: 0.3621
  Train Acc: 0.9167, Test Acc: 0.8914
  LR: 0.010000, Grad Norm: 3.0000, Throughput: 669.7 samples/s
accuracy_to_time_metric 0.29375672838015116
epoch 5
  Train Loss: 0.5553, Test Loss: 0.6057
  Train Acc: 0.9046, Test Acc: 0.9016
  LR: 0.010000, Grad Norm: 0.0003, Throughput: 694.9 samples/s
accuracy_to_time_metric 0.24290093324244585
epoch 6
  Train Loss: 0.2463, Test Loss: 0.3456
  Train Acc: 0.9186, Test Acc: 0.8934
  LR: 0.010000, Grad Norm: 3.0000, Throughput: 679.1 samples/s
accuracy_to_time_metric 0.23628849060965615
epoch 6
  Train Loss: 0.5788, Test Loss: 0.7630
  Train Acc: 0.9058, Test Acc: 0.8902
  LR: 0.010000, Grad Norm: 3.0000, Throughput: 682.3 samples/s
accuracy_to_time_metric 0.19951078192235772
epoch 7
  Train Loss: 0.2358, Test Loss: 0.3211
  Train Acc: 0.9222, Test Acc: 0.8994
  LR: 0.010000, Grad Norm: 1.5716, Throughput: 677.6 samples/s
accuracy_to_time_metric 0.1987141978160887
epoch 7
  Train Loss: 0.5636, Test Loss: 0.9883
  Train Acc: 0.9088, Test Acc: 0.8736
  LR: 0.010000, Grad Norm: 3.0000, Throughput: 674.6 samples/s
accuracy_to_time_metric 0.16712930223588435
epoch 8
  Train Loss: 0.2256, Test Loss: 0.3598
  Train Acc: 0.9261, Test Acc: 0.8948
  LR: 0.010000, Grad Norm: 0.0396, Throughput: 666.7 samples/s
accuracy_to_time_metric 0.1691486757824793
epoch 8
  Train Loss: 0.5420, Test Loss: 0.7685
  Train Acc: 0.9115, Test Acc: 0.8940
  LR: 0.010000, Grad Norm: 0.1684, Throughput: 698.1 samples/s
accuracy_to_time_metric 0.15053854157902707
epoch 9
  Train Loss: 0.2198, Test Loss: 0.3221
  Train Acc: 0.9258, Test Acc: 0.9018
  LR: 0.010000, Grad Norm: 3.0000, Throughput: 686.6 samples/s
accuracy_to_time_metric 0.14972120656586707
epoch 9
  Train Loss: 0.5336, Test Loss: 0.8608
  Train Acc: 0.9148, Test Acc: 0.8940
  LR: 0.010000, Grad Norm: 3.0000, Throughput: 678.7 samples/s
accuracy_to_time_metric 0.13370428491053604
epoch 10
  Train Loss: 0.2062, Test Loss: 0.3369
  Train Acc: 0.9298, Test Acc: 0.9012
  LR: 0.010000, Grad Norm: 3.0000, Throughput: 669.5 samples/s
accuracy_to_time_metric 0.13290233768781823
epoch 10
  Train Loss: 0.5335, Test Loss: 1.1105
  Train Acc: 0.9154, Test Acc: 0.8554
  LR: 0.010000, Grad Norm: 3.0000, Throughput: 684.6 samples/s
accuracy_to_time_metric 0.1145094784384437
Training summary saved to /home/s471802/nn-gpt/out/training_summary.json
  Train Loss: 0.2072, Test Loss: 0.3395
  Train Acc: 0.9307, Test Acc: 0.9046
  LR: 0.010000, Grad Norm: 3.0000, Throughput: 669.5 samples/s
accuracy_to_time_metric 0.12005905523038657
Training summary saved to /home/s471802/nn-gpt/out/training_summary.json
[eval_only] 185/300 article_A_cifar10_epoch10-0184 formal_success=True acc=0.9018
[eval_only] 186/300 article_A_cifar10_epoch10-0185 formal_success=True acc=0.9046
[eval_only] 187/300 article_A_cifar10_epoch10-0186 formal_success=True acc=0.8974
[eval_only] 188/300 article_A_cifar10_epoch10-0187 formal_success=True acc=0.8554
[Reward Assign] reward_batch_index=0 batch_item=1/4 completion_index=188 worker_slot=0 assigned_gpu=0 physical_gpu=0 worker_device=cuda:0 gpu_name='NVIDIA L40S' gpu_free_gib=43.41 gpu_used_gib=0.98 gpu_total_gib=44.99 timeout_seconds=1920
[Reward Assign] reward_batch_index=0 batch_item=4/4 completion_index=191 worker_slot=3 assigned_gpu=3 physical_gpu=3 worker_device=cuda:0 gpu_name='NVIDIA L40S' gpu_free_gib=43.37 gpu_used_gib=1.02 gpu_total_gib=44.99 timeout_seconds=1920
[Reward Assign] reward_batch_index=0 batch_item=2/4 completion_index=189 worker_slot=1 assigned_gpu=1 physical_gpu=1 worker_device=cuda:0 gpu_name='NVIDIA L40S' gpu_free_gib=43.39 gpu_used_gib=1.00 gpu_total_gib=44.99 timeout_seconds=1920
[Reward Assign] reward_batch_index=0 batch_item=3/4 completion_index=190 worker_slot=2 assigned_gpu=2 physical_gpu=2 worker_device=cuda:0 gpu_name='NVIDIA L40S' gpu_free_gib=43.41 gpu_used_gib=0.98 gpu_total_gib=44.99 timeout_seconds=1920
Evaluating /home/s471802/nn-gpt/out/nn/tmp/aa9140e175bb80b01438b28b5cc2b8f0.py...
Evaluating /home/s471802/nn-gpt/out/nn/tmp/e51a2865472a65b52bd522813ca542bf.py...
Evaluating /home/s471802/nn-gpt/out/nn/tmp/9011a496e6f97bedc61a625abf0e0d1b.py...
Evaluating /home/s471802/nn-gpt/out/nn/tmp/771c106850fb0dafdacc28bb69efebbb.py...
epoch 1
epoch 1
epoch 1
epoch 1
  Train Loss: 0.3920, Test Loss: 0.3656
  Train Acc: 0.8780, Test Acc: 0.8918
  LR: 0.010000, Grad Norm: 3.0000, Throughput: 1845.8 samples/s
accuracy_to_time_metric 3.2472756074223863
epoch 2
  Train Loss: 0.6669, Test Loss: 0.8324
  Train Acc: 0.8503, Test Acc: 0.8568
  LR: 0.010000, Grad Norm: 3.0000, Throughput: 1730.1 samples/s
accuracy_to_time_metric 2.9093602655262183
epoch 2
  Train Loss: 0.3144, Test Loss: 0.3747
  Train Acc: 0.9008, Test Acc: 0.8930
  LR: 0.010000, Grad Norm: 3.0000, Throughput: 1838.8 samples/s
accuracy_to_time_metric 1.619745311843183
epoch 3
  Train Loss: 0.6119, Test Loss: 0.8452
  Train Acc: 0.8862, Test Acc: 0.8628
  LR: 0.010000, Grad Norm: 3.0000, Throughput: 1797.7 samples/s
accuracy_to_time_metric 1.4913181943367502
epoch 3
  Train Loss: 0.6454, Test Loss: 0.6073
  Train Acc: 0.8500, Test Acc: 0.8774
  LR: 0.010000, Grad Norm: 3.0000, Throughput: 644.7 samples/s
accuracy_to_time_metric 1.1136422017422336
epoch 2
  Train Loss: 0.4257, Test Loss: 0.3887
  Train Acc: 0.8778, Test Acc: 0.8928
  LR: 0.010000, Grad Norm: 3.0000, Throughput: 646.0 samples/s
accuracy_to_time_metric 1.1380498721375527
epoch 2
  Train Loss: 0.2931, Test Loss: 0.3910
  Train Acc: 0.9067, Test Acc: 0.8892
  LR: 0.010000, Grad Norm: 2.5325, Throughput: 1784.4 samples/s
accuracy_to_time_metric 1.062473427278913
epoch 4
  Train Loss: 0.5969, Test Loss: 0.9983
  Train Acc: 0.8945, Test Acc: 0.8516
  LR: 0.010000, Grad Norm: 3.0000, Throughput: 1854.4 samples/s
accuracy_to_time_metric 0.9952368036492865
epoch 4
  Train Loss: 0.2827, Test Loss: 0.3638
  Train Acc: 0.9106, Test Acc: 0.8932
  LR: 0.010000, Grad Norm: 1.7608, Throughput: 1854.8 samples/s
accuracy_to_time_metric 0.8040971341070764
epoch 5
  Train Loss: 0.6094, Test Loss: 0.8399
  Train Acc: 0.8990, Test Acc: 0.8758
  LR: 0.010000, Grad Norm: 3.0000, Throughput: 1864.0 samples/s
accuracy_to_time_metric 0.7766687967523551
epoch 5
  Train Loss: 0.2787, Test Loss: 0.3788
  Train Acc: 0.9110, Test Acc: 0.8940
  LR: 0.010000, Grad Norm: 3.0000, Throughput: 1740.9 samples/s
accuracy_to_time_metric 0.6372592662814801
epoch 6
  Train Loss: 0.5672, Test Loss: 0.7949
  Train Acc: 0.9038, Test Acc: 0.8850
  LR: 0.010000, Grad Norm: 3.0000, Throughput: 1796.2 samples/s
accuracy_to_time_metric 0.6277722674338824
epoch 6
  Train Loss: 0.3382, Test Loss: 0.4061
  Train Acc: 0.9059, Test Acc: 0.8962
  LR: 0.010000, Grad Norm: 3.0000, Throughput: 640.3 samples/s
accuracy_to_time_metric 0.5685151009381364
  Train Loss: 0.6007, Test Loss: 0.7114
  Train Acc: 0.8869, Test Acc: 0.8750
  LR: 0.010000, Grad Norm: 3.0000, Throughput: 636.9 samples/s
accuracy_to_time_metric 0.5513693779188955
epoch 3
epoch 3
  Train Loss: 0.2715, Test Loss: 0.3808
  Train Acc: 0.9117, Test Acc: 0.8902
  LR: 0.010000, Grad Norm: 3.0000, Throughput: 1722.2 samples/s
accuracy_to_time_metric 0.5239065286548008
epoch 7
  Train Loss: 0.5708, Test Loss: 0.8141
  Train Acc: 0.9075, Test Acc: 0.8870
  LR: 0.010000, Grad Norm: 3.0000, Throughput: 1785.1 samples/s
accuracy_to_time_metric 0.523415966980692
epoch 7
  Train Loss: 0.2635, Test Loss: 0.3790
  Train Acc: 0.9159, Test Acc: 0.8922
  LR: 0.010000, Grad Norm: 0.0672, Throughput: 1823.5 samples/s
accuracy_to_time_metric 0.45111370103349
epoch 8
  Train Loss: 0.5607, Test Loss: 0.8752
  Train Acc: 0.9093, Test Acc: 0.8798
  LR: 0.010000, Grad Norm: 0.1181, Throughput: 1727.2 samples/s
accuracy_to_time_metric 0.4417777703846405
epoch 8
  Train Loss: 0.2604, Test Loss: 0.3604
  Train Acc: 0.9175, Test Acc: 0.8954
  LR: 0.010000, Grad Norm: 2.3842, Throughput: 1846.0 samples/s
accuracy_to_time_metric 0.39751964661237005
epoch 9
  Train Loss: 0.5549, Test Loss: 0.7025
  Train Acc: 0.9116, Test Acc: 0.9032
  LR: 0.010000, Grad Norm: 3.0000, Throughput: 1806.8 samples/s
accuracy_to_time_metric 0.3985637991741842
epoch 9
  Train Loss: 0.3177, Test Loss: 0.3867
  Train Acc: 0.9133, Test Acc: 0.9026
  LR: 0.010000, Grad Norm: 0.0447, Throughput: 640.1 samples/s
accuracy_to_time_metric 0.38136265590170365
epoch 4
  Train Loss: 0.6037, Test Loss: 0.7075
  Train Acc: 0.8923, Test Acc: 0.8860
  LR: 0.010000, Grad Norm: 3.0000, Throughput: 637.3 samples/s
accuracy_to_time_metric 0.37203972209285074
epoch 4
  Train Loss: 0.2528, Test Loss: 0.3782
  Train Acc: 0.9189, Test Acc: 0.8880
  LR: 0.010000, Grad Norm: 3.0000, Throughput: 1849.9 samples/s
accuracy_to_time_metric 0.3509714626624066
epoch 10
  Train Loss: 0.5457, Test Loss: 0.7025
  Train Acc: 0.9128, Test Acc: 0.8966
  LR: 0.010000, Grad Norm: 0.0792, Throughput: 1823.4 samples/s
accuracy_to_time_metric 0.3519996944349245
epoch 10
  Train Loss: 0.2568, Test Loss: 0.4085
  Train Acc: 0.9165, Test Acc: 0.8882
  LR: 0.010000, Grad Norm: 1.5106, Throughput: 1861.0 samples/s
accuracy_to_time_metric 0.3167966030795642
Training summary saved to /home/s471802/nn-gpt/out/training_summary.json
  Train Loss: 0.5470, Test Loss: 1.1308
  Train Acc: 0.9131, Test Acc: 0.8742
  LR: 0.010000, Grad Norm: 3.0000, Throughput: 1821.0 samples/s
accuracy_to_time_metric 0.30829479709193064
Training summary saved to /home/s471802/nn-gpt/out/training_summary.json
  Train Loss: 0.2982, Test Loss: 0.4205
  Train Acc: 0.9180, Test Acc: 0.8982
  LR: 0.010000, Grad Norm: 1.3477, Throughput: 652.8 samples/s
accuracy_to_time_metric 0.28558729286846224
epoch 5
  Train Loss: 0.5986, Test Loss: 0.7785
  Train Acc: 0.8984, Test Acc: 0.8766
  LR: 0.010000, Grad Norm: 3.0000, Throughput: 648.8 samples/s
accuracy_to_time_metric 0.276633764013743
epoch 5
  Train Loss: 0.2757, Test Loss: 0.4689
  Train Acc: 0.9232, Test Acc: 0.8870
  LR: 0.010000, Grad Norm: 3.0000, Throughput: 643.1 samples/s
accuracy_to_time_metric 0.2251352438210958
epoch 6
  Train Loss: 0.5683, Test Loss: 1.0411
  Train Acc: 0.9045, Test Acc: 0.8638
  LR: 0.010000, Grad Norm: 0.4179, Throughput: 633.7 samples/s
accuracy_to_time_metric 0.21708495021963148
epoch 6
  Train Loss: 0.2711, Test Loss: 0.4020
  Train Acc: 0.9246, Test Acc: 0.9018
  LR: 0.010000, Grad Norm: 1.9398, Throughput: 632.0 samples/s
accuracy_to_time_metric 0.19050733257808108
epoch 7
  Train Loss: 0.5852, Test Loss: 0.7622
  Train Acc: 0.9049, Test Acc: 0.8858
  LR: 0.010000, Grad Norm: 0.0004, Throughput: 624.7 samples/s
accuracy_to_time_metric 0.18531866859465454
epoch 7
  Train Loss: 0.2545, Test Loss: 0.4140
  Train Acc: 0.9288, Test Acc: 0.9042
  LR: 0.010000, Grad Norm: 3.0000, Throughput: 638.4 samples/s
accuracy_to_time_metric 0.16363289945785045
epoch 8
  Train Loss: 0.5557, Test Loss: 0.9835
  Train Acc: 0.9094, Test Acc: 0.8740
  LR: 0.010000, Grad Norm: 3.0000, Throughput: 635.4 samples/s
accuracy_to_time_metric 0.15637864194728074
epoch 8
  Train Loss: 0.2470, Test Loss: 0.5312
  Train Acc: 0.9289, Test Acc: 0.8830
  LR: 0.010000, Grad Norm: 3.0000, Throughput: 645.6 samples/s
accuracy_to_time_metric 0.13950514454996057
epoch 9
  Train Loss: 0.5628, Test Loss: 0.7931
  Train Acc: 0.9098, Test Acc: 0.8864
  LR: 0.010000, Grad Norm: 0.0568, Throughput: 636.5 samples/s
accuracy_to_time_metric 0.13900142683473704
epoch 9
  Train Loss: 0.2455, Test Loss: 0.4252
  Train Acc: 0.9312, Test Acc: 0.9004
  LR: 0.010000, Grad Norm: 3.0000, Throughput: 642.4 samples/s
accuracy_to_time_metric 0.1267608601501083
epoch 10
  Train Loss: 0.5381, Test Loss: 0.7970
  Train Acc: 0.9129, Test Acc: 0.8916
  LR: 0.010000, Grad Norm: 3.0000, Throughput: 637.1 samples/s
accuracy_to_time_metric 0.1243714995835969
epoch 10
  Train Loss: 0.2497, Test Loss: 0.4100
  Train Acc: 0.9312, Test Acc: 0.9082
  LR: 0.010000, Grad Norm: 3.0000, Throughput: 646.8 samples/s
accuracy_to_time_metric 0.1152747586076317
Training summary saved to /home/s471802/nn-gpt/out/training_summary.json
  Train Loss: 0.5561, Test Loss: 0.7567
  Train Acc: 0.9134, Test Acc: 0.8948
  LR: 0.010000, Grad Norm: 3.0000, Throughput: 637.6 samples/s
accuracy_to_time_metric 0.11239377612495446
Training summary saved to /home/s471802/nn-gpt/out/training_summary.json
[eval_only] 189/300 article_A_cifar10_epoch10-0188 formal_success=True acc=0.8948
[eval_only] 190/300 article_A_cifar10_epoch10-0189 formal_success=True acc=0.8742
[eval_only] 191/300 article_A_cifar10_epoch10-0190 formal_success=True acc=0.8882
[eval_only] 192/300 article_A_cifar10_epoch10-0191 formal_success=True acc=0.9082
[Reward Assign] reward_batch_index=0 batch_item=4/4 completion_index=195 worker_slot=3 assigned_gpu=3 physical_gpu=3 worker_device=cuda:0 gpu_name='NVIDIA L40S' gpu_free_gib=43.37 gpu_used_gib=1.02 gpu_total_gib=44.99 timeout_seconds=1920
[Reward Assign] reward_batch_index=0 batch_item=3/4 completion_index=194 worker_slot=2 assigned_gpu=2 physical_gpu=2 worker_device=cuda:0 gpu_name='NVIDIA L40S' gpu_free_gib=43.41 gpu_used_gib=0.98 gpu_total_gib=44.99 timeout_seconds=1920
[Reward Assign] reward_batch_index=0 batch_item=2/4 completion_index=193 worker_slot=1 assigned_gpu=1 physical_gpu=1 worker_device=cuda:0 gpu_name='NVIDIA L40S' gpu_free_gib=43.39 gpu_used_gib=1.00 gpu_total_gib=44.99 timeout_seconds=1920
[Reward Assign] reward_batch_index=0 batch_item=1/4 completion_index=192 worker_slot=0 assigned_gpu=0 physical_gpu=0 worker_device=cuda:0 gpu_name='NVIDIA L40S' gpu_free_gib=43.41 gpu_used_gib=0.98 gpu_total_gib=44.99 timeout_seconds=1920
Evaluating /home/s471802/nn-gpt/out/nn/tmp/201cea0041dedb0bdf158e6f9d7fcdb5.py...
Evaluating /home/s471802/nn-gpt/out/nn/tmp/f118d0e27b30fd8e27c13a9027106e6b.py...
Evaluating /home/s471802/nn-gpt/out/nn/tmp/477652a76210d6b6c127d5ccc78e96b6.py...
Evaluating /home/s471802/nn-gpt/out/nn/tmp/036b4d68b0c45af7f6517851a9928014.py...
epoch 1
epoch 1
epoch 1
epoch 1
  Train Loss: 0.3907, Test Loss: 0.3913
  Train Acc: 0.8705, Test Acc: 0.8686
  LR: 0.010000, Grad Norm: 1.1216, Throughput: 790.7 samples/s
accuracy_to_time_metric 1.3504941238978925
epoch 2
  Train Loss: 0.3923, Test Loss: 0.3422
  Train Acc: 0.8771, Test Acc: 0.8912
  LR: 0.010000, Grad Norm: 3.0000, Throughput: 635.9 samples/s
accuracy_to_time_metric 1.117922631065727
epoch 2
  Train Loss: 0.3702, Test Loss: 0.3357
  Train Acc: 0.8867, Test Acc: 0.8990
  LR: 0.010000, Grad Norm: 3.0000, Throughput: 627.6 samples/s
accuracy_to_time_metric 1.114327430821613
epoch 2
  Train Loss: 0.4316, Test Loss: 0.3561
  Train Acc: 0.8592, Test Acc: 0.8830
  LR: 0.010000, Grad Norm: 2.3876, Throughput: 505.4 samples/s
accuracy_to_time_metric 0.8793711355305378
epoch 2
  Train Loss: 0.2882, Test Loss: 0.3429
  Train Acc: 0.9019, Test Acc: 0.8852
  LR: 0.010000, Grad Norm: 1.8107, Throughput: 794.5 samples/s
accuracy_to_time_metric 0.6908857181329412
epoch 3
  Train Loss: 0.3131, Test Loss: 0.3807
  Train Acc: 0.9002, Test Acc: 0.8828
  LR: 0.010000, Grad Norm: 0.2968, Throughput: 610.6 samples/s
accuracy_to_time_metric 0.5414350481472521
epoch 3
  Train Loss: 0.2735, Test Loss: 0.3581
  Train Acc: 0.9153, Test Acc: 0.8960
  LR: 0.010000, Grad Norm: 3.0000, Throughput: 605.7 samples/s
accuracy_to_time_metric 0.5448268194500977
epoch 3
  Train Loss: 0.2561, Test Loss: 0.3138
  Train Acc: 0.9135, Test Acc: 0.8944
  LR: 0.010000, Grad Norm: 3.0000, Throughput: 821.7 samples/s
accuracy_to_time_metric 0.47139674290486827
epoch 4
  Train Loss: 0.3309, Test Loss: 0.3298
  Train Acc: 0.8894, Test Acc: 0.8858
  LR: 0.010000, Grad Norm: 0.1597, Throughput: 506.4 samples/s
accuracy_to_time_metric 0.44146612055211426
epoch 3
  Train Loss: 0.2904, Test Loss: 0.3386
  Train Acc: 0.9076, Test Acc: 0.8968
  LR: 0.010000, Grad Norm: 3.0000, Throughput: 639.2 samples/s
accuracy_to_time_metric 0.37046745216729227
epoch 4
  Train Loss: 0.2428, Test Loss: 0.3329
  Train Acc: 0.9237, Test Acc: 0.9098
  LR: 0.010000, Grad Norm: 3.0000, Throughput: 638.6 samples/s
accuracy_to_time_metric 0.3737448159207763
epoch 4
  Train Loss: 0.2341, Test Loss: 0.3365
  Train Acc: 0.9196, Test Acc: 0.8880
  LR: 0.010000, Grad Norm: 2.1651, Throughput: 837.2 samples/s
accuracy_to_time_metric 0.35435453578672876
epoch 5
  Train Loss: 0.2996, Test Loss: 0.3319
  Train Acc: 0.8987, Test Acc: 0.8892
  LR: 0.010000, Grad Norm: 1.1747, Throughput: 523.6 samples/s
accuracy_to_time_metric 0.29889336453221393
epoch 4
  Train Loss: 0.2233, Test Loss: 0.3427
  Train Acc: 0.9239, Test Acc: 0.8902
  LR: 0.010000, Grad Norm: 0.5670, Throughput: 839.2 samples/s
accuracy_to_time_metric 0.285993651521617
epoch 6
  Train Loss: 0.2836, Test Loss: 0.3621
  Train Acc: 0.9091, Test Acc: 0.8922
  LR: 0.010000, Grad Norm: 1.5611, Throughput: 630.8 samples/s
accuracy_to_time_metric 0.2764863783773931
epoch 5
  Train Loss: 0.2230, Test Loss: 0.3334
  Train Acc: 0.9311, Test Acc: 0.9100
  LR: 0.010000, Grad Norm: 0.1847, Throughput: 634.1 samples/s
accuracy_to_time_metric 0.28150043589122314
epoch 5
  Train Loss: 0.2077, Test Loss: 0.3242
  Train Acc: 0.9283, Test Acc: 0.8956
  LR: 0.010000, Grad Norm: 3.0000, Throughput: 828.9 samples/s
accuracy_to_time_metric 0.2405856460938039
epoch 7
  Train Loss: 0.2845, Test Loss: 0.3214
  Train Acc: 0.9027, Test Acc: 0.8902
  LR: 0.010000, Grad Norm: 3.0000, Throughput: 517.9 samples/s
accuracy_to_time_metric 0.22510671998021436
epoch 5
  Train Loss: 0.2748, Test Loss: 0.3500
  Train Acc: 0.9127, Test Acc: 0.8938
  LR: 0.010000, Grad Norm: 3.0000, Throughput: 630.3 samples/s
accuracy_to_time_metric 0.22172198456492825
epoch 6
  Train Loss: 0.2091, Test Loss: 0.3341
  Train Acc: 0.9333, Test Acc: 0.9046
  LR: 0.010000, Grad Norm: 3.0000, Throughput: 628.8 samples/s
accuracy_to_time_metric 0.22386837347706995
epoch 6
  Train Loss: 0.1959, Test Loss: 0.3403
  Train Acc: 0.9315, Test Acc: 0.8942
  LR: 0.010000, Grad Norm: 3.0000, Throughput: 839.1 samples/s
accuracy_to_time_metric 0.20659432940571285
epoch 8
  Train Loss: 0.2684, Test Loss: 0.3810
  Train Acc: 0.9140, Test Acc: 0.8904
  LR: 0.010000, Grad Norm: 3.0000, Throughput: 641.5 samples/s
accuracy_to_time_metric 0.18455843282942475
epoch 7
  Train Loss: 0.1901, Test Loss: 0.3838
  Train Acc: 0.9383, Test Acc: 0.9062
  LR: 0.010000, Grad Norm: 3.0000, Throughput: 641.9 samples/s
accuracy_to_time_metric 0.1876560680845856
epoch 7
  Train Loss: 0.2712, Test Loss: 0.3133
  Train Acc: 0.9080, Test Acc: 0.8928
  LR: 0.010000, Grad Norm: 0.5368, Throughput: 522.4 samples/s
accuracy_to_time_metric 0.18130122982012115
epoch 6
  Train Loss: 0.1902, Test Loss: 0.3328
  Train Acc: 0.9347, Test Acc: 0.8932
  LR: 0.010000, Grad Norm: 2.6248, Throughput: 840.4 samples/s
accuracy_to_time_metric 0.18106661698157425
epoch 9
  Train Loss: 0.1839, Test Loss: 0.3472
  Train Acc: 0.9357, Test Acc: 0.8922
  LR: 0.010000, Grad Norm: 3.0000, Throughput: 822.8 samples/s
accuracy_to_time_metric 0.16073439043051402
epoch 10
  Train Loss: 0.2611, Test Loss: 0.3906
  Train Acc: 0.9154, Test Acc: 0.8912
  LR: 0.010000, Grad Norm: 0.3922, Throughput: 635.0 samples/s
accuracy_to_time_metric 0.1584829830353369
epoch 8
  Train Loss: 0.1806, Test Loss: 0.3443
  Train Acc: 0.9408, Test Acc: 0.9108
  LR: 0.010000, Grad Norm: 3.0000, Throughput: 633.9 samples/s
accuracy_to_time_metric 0.16193130596723665
epoch 8
  Train Loss: 0.2660, Test Loss: 0.3067
  Train Acc: 0.9104, Test Acc: 0.8980
  LR: 0.010000, Grad Norm: 3.0000, Throughput: 521.7 samples/s
accuracy_to_time_metric 0.1523953257103505
epoch 7
  Train Loss: 0.1779, Test Loss: 0.3459
  Train Acc: 0.9378, Test Acc: 0.8942
  LR: 0.010000, Grad Norm: 3.0000, Throughput: 847.1 samples/s
accuracy_to_time_metric 0.14543500903343978
Training summary saved to /home/s471802/nn-gpt/out/training_summary.json
  Train Loss: 0.2554, Test Loss: 0.3720
  Train Acc: 0.9172, Test Acc: 0.8878
  LR: 0.010000, Grad Norm: 3.0000, Throughput: 645.3 samples/s
accuracy_to_time_metric 0.13843512706209105
epoch 9
  Train Loss: 0.1799, Test Loss: 0.3523
  Train Acc: 0.9428, Test Acc: 0.9048
  LR: 0.010000, Grad Norm: 3.0000, Throughput: 641.5 samples/s
accuracy_to_time_metric 0.1409575519521443
epoch 9
  Train Loss: 0.2565, Test Loss: 0.3009
  Train Acc: 0.9124, Test Acc: 0.8960
  LR: 0.010000, Grad Norm: 2.2690, Throughput: 523.3 samples/s
accuracy_to_time_metric 0.13054773450138588
epoch 8
  Train Loss: 0.2553, Test Loss: 0.3759
  Train Acc: 0.9184, Test Acc: 0.8958
  LR: 0.010000, Grad Norm: 0.2346, Throughput: 643.4 samples/s
accuracy_to_time_metric 0.12451422117351002
epoch 10
  Train Loss: 0.1749, Test Loss: 0.3692
  Train Acc: 0.9425, Test Acc: 0.9092
  LR: 0.010000, Grad Norm: 3.0000, Throughput: 642.8 samples/s
accuracy_to_time_metric 0.12622776085292572
epoch 10
  Train Loss: 0.2503, Test Loss: 0.3020
  Train Acc: 0.9152, Test Acc: 0.8968
  LR: 0.010000, Grad Norm: 3.0000, Throughput: 528.4 samples/s
accuracy_to_time_metric 0.11464553070572162
epoch 9
  Train Loss: 0.2530, Test Loss: 0.4070
  Train Acc: 0.9192, Test Acc: 0.8896
  LR: 0.010000, Grad Norm: 0.2237, Throughput: 640.2 samples/s
accuracy_to_time_metric 0.11128620208485394
Training summary saved to /home/s471802/nn-gpt/out/training_summary.json
  Train Loss: 0.1589, Test Loss: 0.3554
  Train Acc: 0.9470, Test Acc: 0.9086
  LR: 0.010000, Grad Norm: 3.0000, Throughput: 637.5 samples/s
accuracy_to_time_metric 0.11360638684101022
Training summary saved to /home/s471802/nn-gpt/out/training_summary.json
  Train Loss: 0.2432, Test Loss: 0.3079
  Train Acc: 0.9180, Test Acc: 0.8974
  LR: 0.010000, Grad Norm: 3.0000, Throughput: 537.1 samples/s
accuracy_to_time_metric 0.10237459836501273
epoch 10
  Train Loss: 0.2370, Test Loss: 0.3021
  Train Acc: 0.9197, Test Acc: 0.8972
  LR: 0.010000, Grad Norm: 3.0000, Throughput: 486.0 samples/s
accuracy_to_time_metric 0.09146357935030705
Training summary saved to /home/s471802/nn-gpt/out/training_summary.json
[eval_only] 193/300 article_A_cifar10_epoch10-0192 formal_success=True acc=0.9086
[eval_only] 194/300 article_A_cifar10_epoch10-0193 formal_success=True acc=0.8942
[eval_only] 195/300 article_A_cifar10_epoch10-0194 formal_success=True acc=0.8896
[eval_only] 196/300 article_A_cifar10_epoch10-0195 formal_success=True acc=0.8972
[Reward Assign] reward_batch_index=0 batch_item=3/4 completion_index=198 worker_slot=2 assigned_gpu=2 physical_gpu=2 worker_device=cuda:0 gpu_name='NVIDIA L40S' gpu_free_gib=43.41 gpu_used_gib=0.98 gpu_total_gib=44.99 timeout_seconds=1920
[Reward Assign] reward_batch_index=0 batch_item=1/4 completion_index=196 worker_slot=0 assigned_gpu=0 physical_gpu=0 worker_device=cuda:0 gpu_name='NVIDIA L40S' gpu_free_gib=43.41 gpu_used_gib=0.98 gpu_total_gib=44.99 timeout_seconds=1920
[Reward Assign] reward_batch_index=0 batch_item=2/4 completion_index=197 worker_slot=1 assigned_gpu=1 physical_gpu=1 worker_device=cuda:0 gpu_name='NVIDIA L40S' gpu_free_gib=43.39 gpu_used_gib=1.00 gpu_total_gib=44.99 timeout_seconds=1920
[Reward Assign] reward_batch_index=0 batch_item=4/4 completion_index=199 worker_slot=3 assigned_gpu=3 physical_gpu=3 worker_device=cuda:0 gpu_name='NVIDIA L40S' gpu_free_gib=43.37 gpu_used_gib=1.02 gpu_total_gib=44.99 timeout_seconds=1920
Evaluating /home/s471802/nn-gpt/out/nn/tmp/aa17121ca9d8649229ee111263c93744.py...
Evaluating /home/s471802/nn-gpt/out/nn/tmp/bf8a15479847af33a94630699485a34c.py...
Evaluating /home/s471802/nn-gpt/out/nn/tmp/408cc41562832b343d41ddaf307c66f5.py...
Evaluating /home/s471802/nn-gpt/out/nn/tmp/588fb09c733febf6798dfabe22352ecb.py...
epoch 1
epoch 1
epoch 1
epoch 1
  Train Loss: 0.6919, Test Loss: 0.5331
  Train Acc: 0.8480, Test Acc: 0.8880
  LR: 0.010000, Grad Norm: 3.0000, Throughput: 596.8 samples/s
accuracy_to_time_metric 1.0450677968749593
epoch 2
  Train Loss: 0.4365, Test Loss: 0.3739
  Train Acc: 0.8755, Test Acc: 0.9002
  LR: 0.010000, Grad Norm: 0.9014, Throughput: 355.0 samples/s
accuracy_to_time_metric 0.6312880692250741
epoch 2
  Train Loss: 0.5051, Test Loss: 0.4277
  Train Acc: 0.8351, Test Acc: 0.8516
  LR: 0.010000, Grad Norm: 3.0000, Throughput: 314.3 samples/s
accuracy_to_time_metric 0.5248866114078312
epoch 2
  Train Loss: 0.5899, Test Loss: 0.7082
  Train Acc: 0.8888, Test Acc: 0.8768
  LR: 0.010000, Grad Norm: 3.0000, Throughput: 606.2 samples/s
accuracy_to_time_metric 0.5187930284440834
epoch 3
  Train Loss: 0.4351, Test Loss: 0.3233
  Train Acc: 0.8676, Test Acc: 0.8952
  LR: 0.010000, Grad Norm: 3.0000, Throughput: 242.8 samples/s
accuracy_to_time_metric 0.42904066048058215
epoch 2
  Train Loss: 0.6257, Test Loss: 0.6835
  Train Acc: 0.8915, Test Acc: 0.8914
  LR: 0.010000, Grad Norm: 0.0022, Throughput: 606.7 samples/s
accuracy_to_time_metric 0.35328752309837236
epoch 4
  Train Loss: 0.3468, Test Loss: 0.4451
  Train Acc: 0.9039, Test Acc: 0.8916
  LR: 0.010000, Grad Norm: 1.0374, Throughput: 368.0 samples/s
accuracy_to_time_metric 0.3177268398550435
epoch 3
  Train Loss: 0.4289, Test Loss: 0.4402
  Train Acc: 0.8590, Test Acc: 0.8560
  LR: 0.010000, Grad Norm: 1.0618, Throughput: 316.6 samples/s
accuracy_to_time_metric 0.2648514253452791
epoch 3
  Train Loss: 0.5903, Test Loss: 0.8375
  Train Acc: 0.9007, Test Acc: 0.8744
  LR: 0.010000, Grad Norm: 2.4620, Throughput: 601.6 samples/s
accuracy_to_time_metric 0.2590736965018019
epoch 5
  Train Loss: 0.3469, Test Loss: 0.4009
  Train Acc: 0.8955, Test Acc: 0.8848
  LR: 0.010000, Grad Norm: 2.1427, Throughput: 242.9 samples/s
accuracy_to_time_metric 0.2117092529959667
epoch 3
  Train Loss: 0.5786, Test Loss: 0.6996
  Train Acc: 0.9030, Test Acc: 0.8932
  LR: 0.010000, Grad Norm: 3.0000, Throughput: 602.5 samples/s
accuracy_to_time_metric 0.21225188603650294
epoch 6
  Train Loss: 0.3239, Test Loss: 0.4020
  Train Acc: 0.9112, Test Acc: 0.9016
  LR: 0.010000, Grad Norm: 3.0000, Throughput: 366.4 samples/s
accuracy_to_time_metric 0.21544271767316764
epoch 4
  Train Loss: 0.4099, Test Loss: 0.4366
  Train Acc: 0.8645, Test Acc: 0.8600
  LR: 0.010000, Grad Norm: 2.9569, Throughput: 313.9 samples/s
accuracy_to_time_metric 0.17720330063742912
epoch 4
  Train Loss: 0.5781, Test Loss: 0.6634
  Train Acc: 0.9060, Test Acc: 0.9032
  LR: 0.010000, Grad Norm: 0.0378, Throughput: 595.1 samples/s
accuracy_to_time_metric 0.17871700914286534
epoch 7
  Train Loss: 0.2923, Test Loss: 0.3861
  Train Acc: 0.9182, Test Acc: 0.9006
  LR: 0.010000, Grad Norm: 1.3753, Throughput: 354.3 samples/s
accuracy_to_time_metric 0.16037838322293105
epoch 5
  Train Loss: 0.5534, Test Loss: 1.1274
  Train Acc: 0.9107, Test Acc: 0.8768
  LR: 0.010000, Grad Norm: 3.0000, Throughput: 579.2 samples/s
accuracy_to_time_metric 0.14733899868843484
epoch 8
  Train Loss: 0.3225, Test Loss: 0.3970
  Train Acc: 0.9028, Test Acc: 0.8898
  LR: 0.010000, Grad Norm: 1.9064, Throughput: 235.8 samples/s
accuracy_to_time_metric 0.14063174090310746
epoch 4
  Train Loss: 0.4058, Test Loss: 0.4095
  Train Acc: 0.8666, Test Acc: 0.8652
  LR: 0.010000, Grad Norm: 3.0000, Throughput: 304.0 samples/s
accuracy_to_time_metric 0.1326109412649485
epoch 5
  Train Loss: 0.5743, Test Loss: 0.7082
  Train Acc: 0.9094, Test Acc: 0.9004
  LR: 0.010000, Grad Norm: 1.2532, Throughput: 597.3 samples/s
accuracy_to_time_metric 0.13281184630794365
epoch 9
  Train Loss: 0.2829, Test Loss: 0.4363
  Train Acc: 0.9218, Test Acc: 0.8978
  LR: 0.010000, Grad Norm: 1.1020, Throughput: 356.9 samples/s
accuracy_to_time_metric 0.12756636240538183
epoch 6
  Train Loss: 0.5431, Test Loss: 0.8304
  Train Acc: 0.9142, Test Acc: 0.8948
  LR: 0.010000, Grad Norm: 1.1855, Throughput: 562.5 samples/s
accuracy_to_time_metric 0.11640901089088695
epoch 10
  Train Loss: 0.3993, Test Loss: 0.4263
  Train Acc: 0.8694, Test Acc: 0.8600
  LR: 0.010000, Grad Norm: 3.0000, Throughput: 303.2 samples/s
accuracy_to_time_metric 0.10474765154790353
epoch 6
  Train Loss: 0.3169, Test Loss: 0.3944
  Train Acc: 0.9068, Test Acc: 0.8892
  LR: 0.010000, Grad Norm: 0.0100, Throughput: 235.7 samples/s
accuracy_to_time_metric 0.10486086462853879
epoch 5
  Train Loss: 0.5410, Test Loss: 0.7567
  Train Acc: 0.9150, Test Acc: 0.9008
  LR: 0.010000, Grad Norm: 3.0000, Throughput: 605.5 samples/s
accuracy_to_time_metric 0.10575990710729372
Training summary saved to /home/s471802/nn-gpt/out/training_summary.json
  Train Loss: 0.2710, Test Loss: 0.4591
  Train Acc: 0.9242, Test Acc: 0.8954
  LR: 0.010000, Grad Norm: 3.0000, Throughput: 350.4 samples/s
accuracy_to_time_metric 0.10550005921062629
epoch 7
  Train Loss: 0.3928, Test Loss: 0.5091
  Train Acc: 0.8704, Test Acc: 0.8458
  LR: 0.010000, Grad Norm: 2.3895, Throughput: 312.5 samples/s
accuracy_to_time_metric 0.08576019984380127
epoch 7
  Train Loss: 0.2703, Test Loss: 0.4229
  Train Acc: 0.9242, Test Acc: 0.8958
  LR: 0.010000, Grad Norm: 3.0000, Throughput: 358.2 samples/s
accuracy_to_time_metric 0.0904652346877762
epoch 8
  Train Loss: 0.2954, Test Loss: 0.3411
  Train Acc: 0.9112, Test Acc: 0.9036
  LR: 0.010000, Grad Norm: 3.0000, Throughput: 240.0 samples/s
accuracy_to_time_metric 0.0854694035031287
epoch 6
  Train Loss: 0.2584, Test Loss: 0.4348
  Train Acc: 0.9264, Test Acc: 0.9004
  LR: 0.010000, Grad Norm: 3.0000, Throughput: 359.1 samples/s
accuracy_to_time_metric 0.07963482105531958
epoch 9
  Train Loss: 0.3946, Test Loss: 0.4748
  Train Acc: 0.8705, Test Acc: 0.8544
  LR: 0.010000, Grad Norm: 3.0000, Throughput: 312.8 samples/s
accuracy_to_time_metric 0.07442762365612883
epoch 8
  Train Loss: 0.2896, Test Loss: 0.3707
  Train Acc: 0.9129, Test Acc: 0.8994
  LR: 0.010000, Grad Norm: 3.0000, Throughput: 243.2 samples/s
accuracy_to_time_metric 0.07103487964479731
epoch 7
  Train Loss: 0.2593, Test Loss: 0.4318
  Train Acc: 0.9286, Test Acc: 0.8980
  LR: 0.010000, Grad Norm: 3.0000, Throughput: 371.3 samples/s
accuracy_to_time_metric 0.07084558636795074
epoch 10
  Train Loss: 0.3940, Test Loss: 0.4652
  Train Acc: 0.8706, Test Acc: 0.8550
  LR: 0.010000, Grad Norm: 1.1351, Throughput: 324.1 samples/s
accuracy_to_time_metric 0.06550774950803108
epoch 9
  Train Loss: 0.2443, Test Loss: 0.4846
  Train Acc: 0.9317, Test Acc: 0.8924
  LR: 0.010000, Grad Norm: 0.1021, Throughput: 378.3 samples/s
accuracy_to_time_metric 0.06362433294732017
Training summary saved to /home/s471802/nn-gpt/out/training_summary.json
  Train Loss: 0.3894, Test Loss: 0.4690
  Train Acc: 0.8723, Test Acc: 0.8578
  LR: 0.010000, Grad Norm: 3.0000, Throughput: 326.9 samples/s
accuracy_to_time_metric 0.058731176859964436
epoch 10
  Train Loss: 0.2958, Test Loss: 0.4516
  Train Acc: 0.9120, Test Acc: 0.8872
  LR: 0.010000, Grad Norm: 3.0000, Throughput: 248.7 samples/s
accuracy_to_time_metric 0.0602565746683078
epoch 8
  Train Loss: 0.3787, Test Loss: 0.4451
  Train Acc: 0.8752, Test Acc: 0.8568
  LR: 0.010000, Grad Norm: 2.3490, Throughput: 326.0 samples/s
accuracy_to_time_metric 0.0529820979471132
Training summary saved to /home/s471802/nn-gpt/out/training_summary.json
  Train Loss: 0.2877, Test Loss: 0.4218
  Train Acc: 0.9154, Test Acc: 0.8930
  LR: 0.010000, Grad Norm: 3.0000, Throughput: 245.4 samples/s
accuracy_to_time_metric 0.05322536157395281
epoch 9
  Train Loss: 0.2836, Test Loss: 0.4001
  Train Acc: 0.9171, Test Acc: 0.8964
  LR: 0.010000, Grad Norm: 1.4225, Throughput: 235.8 samples/s
accuracy_to_time_metric 0.04738042500284678
epoch 10
  Train Loss: 0.2751, Test Loss: 0.3874
  Train Acc: 0.9176, Test Acc: 0.8962
  LR: 0.010000, Grad Norm: 3.0000, Throughput: 241.8 samples/s
accuracy_to_time_metric 0.04264418436359096
Training summary saved to /home/s471802/nn-gpt/out/training_summary.json
[eval_only] 197/300 article_A_cifar10_epoch10-0196 formal_success=True acc=0.9008
[eval_only] 198/300 article_A_cifar10_epoch10-0197 formal_success=True acc=0.8924
[eval_only] 199/300 article_A_cifar10_epoch10-0198 formal_success=True acc=0.8568
[eval_only] 200/300 article_A_cifar10_epoch10-0199 formal_success=True acc=0.8962
[Reward Assign] reward_batch_index=0 batch_item=3/4 completion_index=202 worker_slot=2 assigned_gpu=2 physical_gpu=2 worker_device=cuda:0 gpu_name='NVIDIA L40S' gpu_free_gib=43.41 gpu_used_gib=0.98 gpu_total_gib=44.99 timeout_seconds=1920
[Reward Assign] reward_batch_index=0 batch_item=1/4 completion_index=200 worker_slot=0 assigned_gpu=0 physical_gpu=0 worker_device=cuda:0 gpu_name='NVIDIA L40S' gpu_free_gib=43.41 gpu_used_gib=0.98 gpu_total_gib=44.99 timeout_seconds=1920
[Reward Assign] reward_batch_index=0 batch_item=4/4 completion_index=203 worker_slot=3 assigned_gpu=3 physical_gpu=3 worker_device=cuda:0 gpu_name='NVIDIA L40S' gpu_free_gib=43.37 gpu_used_gib=1.02 gpu_total_gib=44.99 timeout_seconds=1920
[Reward Assign] reward_batch_index=0 batch_item=2/4 completion_index=201 worker_slot=1 assigned_gpu=1 physical_gpu=1 worker_device=cuda:0 gpu_name='NVIDIA L40S' gpu_free_gib=43.39 gpu_used_gib=1.00 gpu_total_gib=44.99 timeout_seconds=1920
Evaluating /home/s471802/nn-gpt/out/nn/tmp/6a36d47b8638bcccea9bfeae3887a615.py...
Evaluating /home/s471802/nn-gpt/out/nn/tmp/2c06dfbeac75503354d3ab44dd633282.py...
Evaluating /home/s471802/nn-gpt/out/nn/tmp/022e23e8da4c42272034e5b9a14cb76f.py...
Evaluating /home/s471802/nn-gpt/out/nn/tmp/7ad7dddeb7cd50dd1c4d0b43d01b5794.py...
epoch 1
epoch 1
epoch 1
epoch 1
  Train Loss: 0.4976, Test Loss: 0.2169
  Train Acc: 0.8331, Test Acc: 0.9224
  LR: 0.010000, Grad Norm: 3.0000, Throughput: 421.5 samples/s
accuracy_to_time_metric 0.7702318942081801
epoch 2
  Train Loss: 0.2981, Test Loss: 0.2237
  Train Acc: 0.9016, Test Acc: 0.9202
  LR: 0.010000, Grad Norm: 3.0000, Throughput: 365.5 samples/s
accuracy_to_time_metric 0.6661493838130224
epoch 2
  Train Loss: 0.3478, Test Loss: 0.1845
  Train Acc: 0.8859, Test Acc: 0.9384
  LR: 0.010000, Grad Norm: 3.0000, Throughput: 351.4 samples/s
accuracy_to_time_metric 0.6546856936894402
epoch 2
  Train Loss: 0.3005, Test Loss: 0.2273
  Train Acc: 0.9011, Test Acc: 0.9204
  LR: 0.010000, Grad Norm: 2.5046, Throughput: 249.0 samples/s
accuracy_to_time_metric 0.45403371059892766
epoch 2
  Train Loss: 0.1830, Test Loss: 0.1716
  Train Acc: 0.9377, Test Acc: 0.9420
  LR: 0.010000, Grad Norm: 3.0000, Throughput: 416.9 samples/s
accuracy_to_time_metric 0.3919561732525332
epoch 3
  Train Loss: 0.2036, Test Loss: 0.2150
  Train Acc: 0.9308, Test Acc: 0.9282
  LR: 0.010000, Grad Norm: 3.0000, Throughput: 365.6 samples/s
accuracy_to_time_metric 0.33622415670724015
epoch 3
  Train Loss: 0.1344, Test Loss: 0.1572
  Train Acc: 0.9543, Test Acc: 0.9480
  LR: 0.010000, Grad Norm: 3.0000, Throughput: 356.2 samples/s
accuracy_to_time_metric 0.3331913373539755
epoch 3
  Train Loss: 0.1210, Test Loss: 0.1485
  Train Acc: 0.9576, Test Acc: 0.9498
  LR: 0.010000, Grad Norm: 3.0000, Throughput: 421.1 samples/s
accuracy_to_time_metric 0.26409239117509453
epoch 4
  Train Loss: 0.2219, Test Loss: 0.2216
  Train Acc: 0.9253, Test Acc: 0.9260
  LR: 0.010000, Grad Norm: 3.0000, Throughput: 249.8 samples/s
accuracy_to_time_metric 0.2288325212603936
epoch 3
  Train Loss: 0.1719, Test Loss: 0.2176
  Train Acc: 0.9417, Test Acc: 0.9286
  LR: 0.010000, Grad Norm: 0.5759, Throughput: 356.2 samples/s
accuracy_to_time_metric 0.22228977265025532
epoch 4
  Train Loss: 0.0819, Test Loss: 0.1262
  Train Acc: 0.9727, Test Acc: 0.9562
  LR: 0.010000, Grad Norm: 1.8966, Throughput: 346.1 samples/s
accuracy_to_time_metric 0.22260347647842665
epoch 4
  Train Loss: 0.0828, Test Loss: 0.1325
  Train Acc: 0.9721, Test Acc: 0.9522
  LR: 0.010000, Grad Norm: 3.0000, Throughput: 406.5 samples/s
accuracy_to_time_metric 0.19699813818988895
epoch 5
  Train Loss: 0.1541, Test Loss: 0.2156
  Train Acc: 0.9465, Test Acc: 0.9304
  LR: 0.010000, Grad Norm: 0.1321, Throughput: 365.7 samples/s
accuracy_to_time_metric 0.1674546143382132
epoch 5
  Train Loss: 0.0547, Test Loss: 0.1208
  Train Acc: 0.9813, Test Acc: 0.9648
  LR: 0.010000, Grad Norm: 3.0000, Throughput: 355.5 samples/s
accuracy_to_time_metric 0.16912733012865
epoch 5
  Train Loss: 0.0572, Test Loss: 0.1422
  Train Acc: 0.9799, Test Acc: 0.9538
  LR: 0.010000, Grad Norm: 3.0000, Throughput: 427.2 samples/s
accuracy_to_time_metric 0.15869244888050166
epoch 6
  Train Loss: 0.2001, Test Loss: 0.2243
  Train Acc: 0.9325, Test Acc: 0.9236
  LR: 0.010000, Grad Norm: 1.7027, Throughput: 251.5 samples/s
accuracy_to_time_metric 0.1525200213248384
epoch 4
  Train Loss: 0.1393, Test Loss: 0.2150
  Train Acc: 0.9529, Test Acc: 0.9292
  LR: 0.010000, Grad Norm: 1.2869, Throughput: 368.7 samples/s
accuracy_to_time_metric 0.13416676296323196
epoch 6
  Train Loss: 0.0362, Test Loss: 0.1285
  Train Acc: 0.9870, Test Acc: 0.9590
  LR: 0.010000, Grad Norm: 3.0000, Throughput: 356.4 samples/s
accuracy_to_time_metric 0.13470183008150505
epoch 6
  Train Loss: 0.0488, Test Loss: 0.1360
  Train Acc: 0.9829, Test Acc: 0.9572
  LR: 0.010000, Grad Norm: 3.0000, Throughput: 420.7 samples/s
accuracy_to_time_metric 0.1328791005171474
epoch 7
  Train Loss: 0.1899, Test Loss: 0.2174
  Train Acc: 0.9349, Test Acc: 0.9228
  LR: 0.010000, Grad Norm: 0.7682, Throughput: 250.8 samples/s
accuracy_to_time_metric 0.11434962415850997
epoch 5
  Train Loss: 0.1278, Test Loss: 0.2120
  Train Acc: 0.9557, Test Acc: 0.9278
  LR: 0.010000, Grad Norm: 2.5822, Throughput: 363.6 samples/s
accuracy_to_time_metric 0.11157753389782842
epoch 7
  Train Loss: 0.0346, Test Loss: 0.1545
  Train Acc: 0.9882, Test Acc: 0.9584
  LR: 0.010000, Grad Norm: 1.1166, Throughput: 423.1 samples/s
accuracy_to_time_metric 0.11421785003403556
epoch 8
  Train Loss: 0.0274, Test Loss: 0.1152
  Train Acc: 0.9912, Test Acc: 0.9650
  LR: 0.010000, Grad Norm: 3.0000, Throughput: 357.0 samples/s
accuracy_to_time_metric 0.11323919696644173
epoch 7
  Train Loss: 0.0297, Test Loss: 0.1448
  Train Acc: 0.9894, Test Acc: 0.9592
  LR: 0.010000, Grad Norm: 3.0000, Throughput: 423.5 samples/s
accuracy_to_time_metric 0.10014982560241699
epoch 9
  Train Loss: 0.1194, Test Loss: 0.2387
  Train Acc: 0.9580, Test Acc: 0.9252
  LR: 0.010000, Grad Norm: 3.0000, Throughput: 367.2 samples/s
accuracy_to_time_metric 0.09544801667258292
epoch 8
  Train Loss: 0.0203, Test Loss: 0.1187
  Train Acc: 0.9935, Test Acc: 0.9620
  LR: 0.010000, Grad Norm: 0.9460, Throughput: 352.6 samples/s
accuracy_to_time_metric 0.09668161147129403
epoch 8
  Train Loss: 0.1790, Test Loss: 0.2189
  Train Acc: 0.9399, Test Acc: 0.9274
  LR: 0.010000, Grad Norm: 3.0000, Throughput: 250.8 samples/s
accuracy_to_time_metric 0.09203087514111057
epoch 6
  Train Loss: 0.0284, Test Loss: 0.1401
  Train Acc: 0.9910, Test Acc: 0.9580
  LR: 0.010000, Grad Norm: 3.0000, Throughput: 392.3 samples/s
accuracy_to_time_metric 0.08820641925918979
epoch 10
  Train Loss: 0.1095, Test Loss: 0.2418
  Train Acc: 0.9631, Test Acc: 0.9212
  LR: 0.010000, Grad Norm: 1.5001, Throughput: 341.7 samples/s
accuracy_to_time_metric 0.08241935365222122
epoch 9
  Train Loss: 0.0176, Test Loss: 0.1193
  Train Acc: 0.9938, Test Acc: 0.9666
  LR: 0.010000, Grad Norm: 3.0000, Throughput: 333.7 samples/s
accuracy_to_time_metric 0.08442105645766794
epoch 9
  Train Loss: 0.0224, Test Loss: 0.1529
  Train Acc: 0.9923, Test Acc: 0.9612
  LR: 0.010000, Grad Norm: 3.0000, Throughput: 413.7 samples/s
accuracy_to_time_metric 0.0796235077529781
Training summary saved to /home/s471802/nn-gpt/out/training_summary.json
  Train Loss: 0.1705, Test Loss: 0.2170
  Train Acc: 0.9431, Test Acc: 0.9254
  LR: 0.010000, Grad Norm: 0.4557, Throughput: 241.2 samples/s
accuracy_to_time_metric 0.07602599619453203
epoch 7
  Train Loss: 0.1011, Test Loss: 0.2262
  Train Acc: 0.9659, Test Acc: 0.9244
  LR: 0.010000, Grad Norm: 0.3686, Throughput: 353.6 samples/s
accuracy_to_time_metric 0.07336201636062238
epoch 10
  Train Loss: 0.0142, Test Loss: 0.1247
  Train Acc: 0.9951, Test Acc: 0.9662
  LR: 0.010000, Grad Norm: 1.0892, Throughput: 349.3 samples/s
accuracy_to_time_metric 0.07496627711836285
epoch 10
  Train Loss: 0.0928, Test Loss: 0.2624
  Train Acc: 0.9682, Test Acc: 0.9190
  LR: 0.010000, Grad Norm: 3.0000, Throughput: 368.9 samples/s
accuracy_to_time_metric 0.06573908058667147
Training summary saved to /home/s471802/nn-gpt/out/training_summary.json
  Train Loss: 0.1646, Test Loss: 0.2124
  Train Acc: 0.9447, Test Acc: 0.9292
  LR: 0.010000, Grad Norm: 1.1520, Throughput: 249.4 samples/s
accuracy_to_time_metric 0.0654847750589079
epoch 8
  Train Loss: 0.0094, Test Loss: 0.1238
  Train Acc: 0.9971, Test Acc: 0.9672
  LR: 0.010000, Grad Norm: 3.0000, Throughput: 358.8 samples/s
accuracy_to_time_metric 0.06769805092614012
Training summary saved to /home/s471802/nn-gpt/out/training_summary.json
  Train Loss: 0.1592, Test Loss: 0.2167
  Train Acc: 0.9460, Test Acc: 0.9270
  LR: 0.010000, Grad Norm: 0.2435, Throughput: 252.2 samples/s
accuracy_to_time_metric 0.05724080562819839
epoch 9
  Train Loss: 0.1538, Test Loss: 0.2251
  Train Acc: 0.9479, Test Acc: 0.9228
  LR: 0.010000, Grad Norm: 0.3787, Throughput: 249.3 samples/s
accuracy_to_time_metric 0.05062279368864586
epoch 10
  Train Loss: 0.1502, Test Loss: 0.2206
  Train Acc: 0.9481, Test Acc: 0.9266
  LR: 0.010000, Grad Norm: 1.2468, Throughput: 244.6 samples/s
accuracy_to_time_metric 0.04568208564999118
Training summary saved to /home/s471802/nn-gpt/out/training_summary.json
[eval_only] 201/300 article_A_cifar10_epoch10-0200 formal_success=True acc=0.919
[eval_only] 202/300 article_A_cifar10_epoch10-0201 formal_success=True acc=0.9672
[eval_only] 203/300 article_A_cifar10_epoch10-0202 formal_success=True acc=0.9266
[eval_only] 204/300 article_A_cifar10_epoch10-0203 formal_success=True acc=0.9612
[Reward Assign] reward_batch_index=0 batch_item=1/4 completion_index=204 worker_slot=0 assigned_gpu=0 physical_gpu=0 worker_device=cuda:0 gpu_name='NVIDIA L40S' gpu_free_gib=43.41 gpu_used_gib=0.98 gpu_total_gib=44.99 timeout_seconds=1920
[Reward Assign] reward_batch_index=0 batch_item=3/4 completion_index=206 worker_slot=2 assigned_gpu=2 physical_gpu=2 worker_device=cuda:0 gpu_name='NVIDIA L40S' gpu_free_gib=43.41 gpu_used_gib=0.98 gpu_total_gib=44.99 timeout_seconds=1920
[Reward Assign] reward_batch_index=0 batch_item=2/4 completion_index=205 worker_slot=1 assigned_gpu=1 physical_gpu=1 worker_device=cuda:0 gpu_name='NVIDIA L40S' gpu_free_gib=43.39 gpu_used_gib=1.00 gpu_total_gib=44.99 timeout_seconds=1920
[Reward Assign] reward_batch_index=0 batch_item=4/4 completion_index=207 worker_slot=3 assigned_gpu=3 physical_gpu=3 worker_device=cuda:0 gpu_name='NVIDIA L40S' gpu_free_gib=43.37 gpu_used_gib=1.02 gpu_total_gib=44.99 timeout_seconds=1920
Evaluating /home/s471802/nn-gpt/out/nn/tmp/70a53721346d29752c52031852094afe.py...
Evaluating /home/s471802/nn-gpt/out/nn/tmp/36a991f77c79c784605b617a6bc1f741.py...
Evaluating /home/s471802/nn-gpt/out/nn/tmp/875dca8f2c9bcb960b84af927d85696a.py...
Evaluating /home/s471802/nn-gpt/out/nn/tmp/5acfac680a55b9a5bb671950a31b536b.py...
epoch 1
epoch 1
epoch 1
epoch 1
  Train Loss: 0.4312, Test Loss: 0.3215
  Train Acc: 0.8684, Test Acc: 0.8946
  LR: 0.010000, Grad Norm: 2.4061, Throughput: 843.9 samples/s
accuracy_to_time_metric 1.4899718227365213
epoch 2
  Train Loss: 0.3510, Test Loss: 0.3182
  Train Acc: 0.8938, Test Acc: 0.9024
  LR: 0.010000, Grad Norm: 3.0000, Throughput: 653.2 samples/s
accuracy_to_time_metric 1.164668000722439
epoch 2
  Train Loss: 0.3226, Test Loss: 0.2675
  Train Acc: 0.8975, Test Acc: 0.9162
  LR: 0.010000, Grad Norm: 3.0000, Throughput: 646.4 samples/s
accuracy_to_time_metric 1.1724406954981548
epoch 2
  Train Loss: 0.2809, Test Loss: 0.3125
  Train Acc: 0.9039, Test Acc: 0.9006
  LR: 0.010000, Grad Norm: 3.0000, Throughput: 893.1 samples/s
accuracy_to_time_metric 0.7711422705383196
epoch 3
  Train Loss: 0.2436, Test Loss: 0.3154
  Train Acc: 0.9245, Test Acc: 0.9100
  LR: 0.010000, Grad Norm: 3.0000, Throughput: 661.7 samples/s
accuracy_to_time_metric 0.5912084544507288
  Train Loss: 0.2200, Test Loss: 0.2721
  Train Acc: 0.9279, Test Acc: 0.9148
  LR: 0.010000, Grad Norm: 3.0000, Throughput: 674.0 samples/s
accuracy_to_time_metric 0.5970037510196506
epoch 3
epoch 3
  Train Loss: 0.3005, Test Loss: 0.1458
  Train Acc: 0.9013, Test Acc: 0.9516
  LR: 0.010000, Grad Norm: 3.0000, Throughput: 298.3 samples/s
accuracy_to_time_metric 0.5645419748622175
epoch 2
  Train Loss: 0.2457, Test Loss: 0.3007
  Train Acc: 0.9179, Test Acc: 0.9036
  LR: 0.010000, Grad Norm: 1.0232, Throughput: 849.9 samples/s
accuracy_to_time_metric 0.5122784738252277
epoch 4
  Train Loss: 0.1884, Test Loss: 0.2406
  Train Acc: 0.9375, Test Acc: 0.9226
  LR: 0.010000, Grad Norm: 3.0000, Throughput: 634.2 samples/s
accuracy_to_time_metric 0.39636234154545247
epoch 4
  Train Loss: 0.2053, Test Loss: 0.3332
  Train Acc: 0.9342, Test Acc: 0.9070
  LR: 0.010000, Grad Norm: 0.0968, Throughput: 623.5 samples/s
accuracy_to_time_metric 0.385605792731265
epoch 4
  Train Loss: 0.2263, Test Loss: 0.2870
  Train Acc: 0.9226, Test Acc: 0.9054
  LR: 0.010000, Grad Norm: 3.0000, Throughput: 826.6 samples/s
accuracy_to_time_metric 0.3809611878027173
epoch 5
  Train Loss: 0.2127, Test Loss: 0.3008
  Train Acc: 0.9271, Test Acc: 0.9024
  LR: 0.010000, Grad Norm: 3.0000, Throughput: 847.8 samples/s
accuracy_to_time_metric 0.30322203669150016
epoch 6
  Train Loss: 0.1682, Test Loss: 0.2505
  Train Acc: 0.9442, Test Acc: 0.9198
  LR: 0.010000, Grad Norm: 0.8184, Throughput: 648.4 samples/s
accuracy_to_time_metric 0.29591482993476903
epoch 5
  Train Loss: 0.1848, Test Loss: 0.3065
  Train Acc: 0.9407, Test Acc: 0.9118
  LR: 0.010000, Grad Norm: 2.9790, Throughput: 630.9 samples/s
accuracy_to_time_metric 0.28919115136162643
epoch 5
  Train Loss: 0.1030, Test Loss: 0.1182
  Train Acc: 0.9653, Test Acc: 0.9598
  LR: 0.010000, Grad Norm: 3.0000, Throughput: 297.8 samples/s
accuracy_to_time_metric 0.2846340628904797
epoch 3
  Train Loss: 0.1998, Test Loss: 0.2955
  Train Acc: 0.9304, Test Acc: 0.9040
  LR: 0.010000, Grad Norm: 3.0000, Throughput: 863.2 samples/s
accuracy_to_time_metric 0.25374296144192265
epoch 7
  Train Loss: 0.1516, Test Loss: 0.2577
  Train Acc: 0.9495, Test Acc: 0.9196
  LR: 0.010000, Grad Norm: 0.0538, Throughput: 663.7 samples/s
accuracy_to_time_metric 0.23760297902532365
epoch 6
  Train Loss: 0.1665, Test Loss: 0.3282
  Train Acc: 0.9458, Test Acc: 0.9116
  LR: 0.010000, Grad Norm: 0.3595, Throughput: 642.1 samples/s
accuracy_to_time_metric 0.23128991119692313
epoch 6
  Train Loss: 0.1904, Test Loss: 0.2877
  Train Acc: 0.9332, Test Acc: 0.9072
  LR: 0.010000, Grad Norm: 2.0683, Throughput: 456.5 samples/s
accuracy_to_time_metric 0.19425741452265266
epoch 8
  Train Loss: 0.1401, Test Loss: 0.2479
  Train Acc: 0.9516, Test Acc: 0.9234
  LR: 0.010000, Grad Norm: 1.1237, Throughput: 388.9 samples/s
accuracy_to_time_metric 0.17870035216923244
epoch 7
  Train Loss: 0.1493, Test Loss: 0.3226
  Train Acc: 0.9514, Test Acc: 0.9126
  LR: 0.010000, Grad Norm: 0.0359, Throughput: 360.6 samples/s
accuracy_to_time_metric 0.1672877900613151
epoch 7
  Train Loss: 0.1826, Test Loss: 0.3059
  Train Acc: 0.9357, Test Acc: 0.8982
  LR: 0.010000, Grad Norm: 2.8720, Throughput: 608.5 samples/s
accuracy_to_time_metric 0.16303533165380285
epoch 9
  Train Loss: 0.0567, Test Loss: 0.0949
  Train Acc: 0.9807, Test Acc: 0.9678
  LR: 0.010000, Grad Norm: 3.0000, Throughput: 209.4 samples/s
accuracy_to_time_metric 0.16781518780270402
epoch 4
  Train Loss: 0.1767, Test Loss: 0.2972
  Train Acc: 0.9376, Test Acc: 0.9084
  LR: 0.010000, Grad Norm: 2.9494, Throughput: 853.2 samples/s
accuracy_to_time_metric 0.14903164924805654
epoch 10
  Train Loss: 0.1337, Test Loss: 0.2527
  Train Acc: 0.9542, Test Acc: 0.9218
  LR: 0.010000, Grad Norm: 3.0000, Throughput: 534.0 samples/s
accuracy_to_time_metric 0.15075020408107606
epoch 8
  Train Loss: 0.1383, Test Loss: 0.3325
  Train Acc: 0.9540, Test Acc: 0.9102
  LR: 0.010000, Grad Norm: 3.0000, Throughput: 628.4 samples/s
accuracy_to_time_metric 0.14533841601255432
epoch 8
  Train Loss: 0.1694, Test Loss: 0.3095
  Train Acc: 0.9412, Test Acc: 0.9020
  LR: 0.010000, Grad Norm: 2.9821, Throughput: 822.7 samples/s
accuracy_to_time_metric 0.13428482263094713
Training summary saved to /home/s471802/nn-gpt/out/training_summary.json
  Train Loss: 0.1208, Test Loss: 0.2784
  Train Acc: 0.9579, Test Acc: 0.9184
  LR: 0.010000, Grad Norm: 3.0000, Throughput: 648.9 samples/s
accuracy_to_time_metric 0.133122348126538
epoch 9
  Train Loss: 0.1328, Test Loss: 0.3298
  Train Acc: 0.9560, Test Acc: 0.9144
  LR: 0.010000, Grad Norm: 3.0000, Throughput: 628.3 samples/s
accuracy_to_time_metric 0.1294381619793134
epoch 9
  Train Loss: 0.0330, Test Loss: 0.1019
  Train Acc: 0.9886, Test Acc: 0.9680
  LR: 0.010000, Grad Norm: 3.0000, Throughput: 300.1 samples/s
accuracy_to_time_metric 0.13010333752982334
epoch 5
  Train Loss: 0.1172, Test Loss: 0.2600
  Train Acc: 0.9601, Test Acc: 0.9186
  LR: 0.010000, Grad Norm: 0.4534, Throughput: 674.4 samples/s
accuracy_to_time_metric 0.12009983311620749
epoch 10
  Train Loss: 0.1168, Test Loss: 0.3197
  Train Acc: 0.9608, Test Acc: 0.9182
  LR: 0.010000, Grad Norm: 0.0086, Throughput: 668.8 samples/s
accuracy_to_time_metric 0.11746123993029507
epoch 10
  Train Loss: 0.1027, Test Loss: 0.2589
  Train Acc: 0.9629, Test Acc: 0.9220
  LR: 0.010000, Grad Norm: 0.0568, Throughput: 679.1 samples/s
accuracy_to_time_metric 0.10989833566182365
Training summary saved to /home/s471802/nn-gpt/out/training_summary.json
  Train Loss: 0.1133, Test Loss: 0.3152
  Train Acc: 0.9629, Test Acc: 0.9142
  LR: 0.010000, Grad Norm: 0.7253, Throughput: 664.3 samples/s
accuracy_to_time_metric 0.10651315012871283
Training summary saved to /home/s471802/nn-gpt/out/training_summary.json
  Train Loss: 0.0230, Test Loss: 0.1073
  Train Acc: 0.9925, Test Acc: 0.9702
  LR: 0.010000, Grad Norm: 3.0000, Throughput: 310.7 samples/s
accuracy_to_time_metric 0.10715201681169684
epoch 6
  Train Loss: 0.0148, Test Loss: 0.1182
  Train Acc: 0.9951, Test Acc: 0.9698
  LR: 0.010000, Grad Norm: 3.0000, Throughput: 307.9 samples/s
accuracy_to_time_metric 0.09075603154958632
epoch 7
  Train Loss: 0.0126, Test Loss: 0.0997
  Train Acc: 0.9959, Test Acc: 0.9734
  LR: 0.010000, Grad Norm: 2.9396, Throughput: 308.8 samples/s
accuracy_to_time_metric 0.07909606545822308
epoch 8
  Train Loss: 0.0092, Test Loss: 0.1262
  Train Acc: 0.9968, Test Acc: 0.9688
  LR: 0.010000, Grad Norm: 2.5667, Throughput: 289.4 samples/s
accuracy_to_time_metric 0.06896045111063455
epoch 9
  Train Loss: 0.0079, Test Loss: 0.1141
  Train Acc: 0.9976, Test Acc: 0.9706
  LR: 0.010000, Grad Norm: 0.1810, Throughput: 294.8 samples/s
accuracy_to_time_metric 0.06163035741971405
epoch 10
  Train Loss: 0.0058, Test Loss: 0.1072
  Train Acc: 0.9982, Test Acc: 0.9718
  LR: 0.010000, Grad Norm: 0.0049, Throughput: 298.2 samples/s
accuracy_to_time_metric 0.05575533682603272
Training summary saved to /home/s471802/nn-gpt/out/training_summary.json
[eval_only] 205/300 article_A_cifar10_epoch10-0204 formal_success=True acc=0.9718
[eval_only] 206/300 article_A_cifar10_epoch10-0205 formal_success=True acc=0.902
[eval_only] 207/300 article_A_cifar10_epoch10-0206 formal_success=True acc=0.922
[eval_only] 208/300 article_A_cifar10_epoch10-0207 formal_success=True acc=0.9142
[Reward Assign] reward_batch_index=0 batch_item=1/4 completion_index=208 worker_slot=0 assigned_gpu=0 physical_gpu=0 worker_device=cuda:0 gpu_name='NVIDIA L40S' gpu_free_gib=43.41 gpu_used_gib=0.98 gpu_total_gib=44.99 timeout_seconds=1920
[Reward Assign] reward_batch_index=0 batch_item=4/4 completion_index=211 worker_slot=3 assigned_gpu=3 physical_gpu=3 worker_device=cuda:0 gpu_name='NVIDIA L40S' gpu_free_gib=43.37 gpu_used_gib=1.02 gpu_total_gib=44.99 timeout_seconds=1920
[Reward Assign] reward_batch_index=0 batch_item=3/4 completion_index=210 worker_slot=2 assigned_gpu=2 physical_gpu=2 worker_device=cuda:0 gpu_name='NVIDIA L40S' gpu_free_gib=43.41 gpu_used_gib=0.98 gpu_total_gib=44.99 timeout_seconds=1920
[Reward Assign] reward_batch_index=0 batch_item=2/4 completion_index=209 worker_slot=1 assigned_gpu=1 physical_gpu=1 worker_device=cuda:0 gpu_name='NVIDIA L40S' gpu_free_gib=43.39 gpu_used_gib=1.00 gpu_total_gib=44.99 timeout_seconds=1920
Evaluating /home/s471802/nn-gpt/out/nn/tmp/728ff80b3378c4bc0e33527651c65a69.py...
Evaluating /home/s471802/nn-gpt/out/nn/tmp/8378fe01cdc4dbbc4a73663a51c5a9ec.py...
Evaluating /home/s471802/nn-gpt/out/nn/tmp/93bb32342c2d150eb8d72f76860a536a.py...
Evaluating /home/s471802/nn-gpt/out/nn/tmp/1556517a5e759364f1beb35d325eab4a.py...
epoch 1
epoch 1
epoch 1
epoch 1
  Train Loss: 0.3066, Test Loss: 0.2624
  Train Acc: 0.9014, Test Acc: 0.9182
  LR: 0.010000, Grad Norm: 0.1336, Throughput: 600.3 samples/s
accuracy_to_time_metric 1.0913421573083193
epoch 2
  Train Loss: 0.3923, Test Loss: 0.3633
  Train Acc: 0.8678, Test Acc: 0.8862
  LR: 0.010000, Grad Norm: 3.0000, Throughput: 614.3 samples/s
accuracy_to_time_metric 1.0732862126809146
epoch 2
  Train Loss: 0.1706, Test Loss: 0.2270
  Train Acc: 0.9410, Test Acc: 0.9192
  LR: 0.010000, Grad Norm: 0.1187, Throughput: 678.2 samples/s
accuracy_to_time_metric 0.5863503608158015
epoch 3
  Train Loss: 0.2192, Test Loss: 0.4038
  Train Acc: 0.9287, Test Acc: 0.8820
  LR: 0.010000, Grad Norm: 3.0000, Throughput: 643.2 samples/s
accuracy_to_time_metric 0.5391569866313215
epoch 3
  Train Loss: 0.3700, Test Loss: 0.2566
  Train Loss: 0.3468, Test Loss: 0.2553  Train Acc: 0.8744, Test Acc: 0.9094

  LR: 0.010000, Grad Norm: 3.0000, Throughput: 298.0 samples/s
  Train Acc: 0.8909, Test Acc: 0.9176
  LR: 0.010000, Grad Norm: 3.0000, Throughput: 302.4 samples/s
accuracy_to_time_metric 0.5360370928657223
accuracy_to_time_metric 0.549446748003303
epoch 2epoch 2

  Train Loss: 0.1047, Test Loss: 0.2340
  Train Acc: 0.9635, Test Acc: 0.9248
  LR: 0.010000, Grad Norm: 3.0000, Throughput: 692.0 samples/s
accuracy_to_time_metric 0.402644026267266
epoch 4
  Train Loss: 0.1951, Test Loss: 0.2607
  Train Acc: 0.9362, Test Acc: 0.9168
  LR: 0.010000, Grad Norm: 3.0000, Throughput: 660.3 samples/s
accuracy_to_time_metric 0.3829414330058964
epoch 4
  Train Loss: 0.0590, Test Loss: 0.2128
  Train Acc: 0.9799, Test Acc: 0.9384
  LR: 0.010000, Grad Norm: 3.0000, Throughput: 695.5 samples/s
accuracy_to_time_metric 0.3109167174120341
epoch 5
  Train Loss: 0.1665, Test Loss: 0.2590
  Train Acc: 0.9435, Test Acc: 0.9182
  LR: 0.010000, Grad Norm: 0.5968, Throughput: 646.3 samples/s
accuracy_to_time_metric 0.2890910691940093
epoch 5
  Train Loss: 0.2669, Test Loss: 0.2924
  Train Acc: 0.9173, Test Acc: 0.9136
  LR: 0.010000, Grad Norm: 3.0000, Throughput: 318.9 samples/s
accuracy_to_time_metric 0.2804902459908164
epoch 3
  Train Loss: 0.1673, Test Loss: 0.1978
  Train Acc: 0.9427, Test Acc: 0.9324
  LR: 0.010000, Grad Norm: 3.0000, Throughput: 318.2 samples/s
accuracy_to_time_metric 0.284252753043864
epoch 3
  Train Loss: 0.0404, Test Loss: 0.2042
  Train Acc: 0.9861, Test Acc: 0.9396
  LR: 0.010000, Grad Norm: 1.4258, Throughput: 639.9 samples/s
accuracy_to_time_metric 0.24688281125444617
epoch 6
  Train Loss: 0.1497, Test Loss: 0.2529
  Train Acc: 0.9491, Test Acc: 0.9190
  LR: 0.010000, Grad Norm: 3.0000, Throughput: 619.5 samples/s
accuracy_to_time_metric 0.23020798489299393
epoch 6
  Train Loss: 0.0285, Test Loss: 0.2009
  Train Acc: 0.9902, Test Acc: 0.9440
  LR: 0.010000, Grad Norm: 3.0000, Throughput: 684.9 samples/s
accuracy_to_time_metric 0.20793837704982937
epoch 7
  Train Loss: 0.1364, Test Loss: 0.2378
  Train Acc: 0.9534, Test Acc: 0.9236
  LR: 0.010000, Grad Norm: 2.3161, Throughput: 644.5 samples/s
accuracy_to_time_metric 0.1934767275558311
epoch 7
  Train Loss: 0.0979, Test Loss: 0.1559
  Train Acc: 0.9659, Test Acc: 0.9476
  LR: 0.010000, Grad Norm: 3.0000, Throughput: 309.1 samples/s
accuracy_to_time_metric 0.19328352335857335
epoch 4
  Train Loss: 0.2280, Test Loss: 0.2402
  Train Acc: 0.9292, Test Acc: 0.9250
  LR: 0.010000, Grad Norm: 1.4337, Throughput: 308.1 samples/s
accuracy_to_time_metric 0.1891319404800329
epoch 4
  Train Loss: 0.0212, Test Loss: 0.1914
  Train Acc: 0.9930, Test Acc: 0.9474
  LR: 0.010000, Grad Norm: 3.0000, Throughput: 689.0 samples/s
accuracy_to_time_metric 0.1798001198904772
epoch 8
  Train Loss: 0.1258, Test Loss: 0.2528
  Train Acc: 0.9564, Test Acc: 0.9240
  LR: 0.010000, Grad Norm: 3.0000, Throughput: 607.9 samples/s
accuracy_to_time_metric 0.16486173597111403
epoch 8
  Train Loss: 0.0174, Test Loss: 0.1905
  Train Acc: 0.9941, Test Acc: 0.9482
  LR: 0.010000, Grad Norm: 0.9586, Throughput: 636.0 samples/s
accuracy_to_time_metric 0.15644819502121152
epoch 9
  Train Loss: 0.1161, Test Loss: 0.2455
  Train Acc: 0.9608, Test Acc: 0.9252
  LR: 0.010000, Grad Norm: 3.0000, Throughput: 223.1 samples/s
accuracy_to_time_metric 0.11761645681919829
epoch 9
  Train Loss: 0.2068, Test Loss: 0.2714
  Train Acc: 0.9329, Test Acc: 0.9158
  LR: 0.010000, Grad Norm: 0.1427, Throughput: 168.8 samples/s
accuracy_to_time_metric 0.11607488577619339
  Train Loss: 0.0629, Test Loss: 0.1583
  Train Acc: 0.9780, Test Acc: 0.9484
  LR: 0.010000, Grad Norm: 2.3693, Throughput: 168.7 samples/s
accuracy_to_time_metric 0.12028061595945957
epoch 5
epoch 5
  Train Loss: 0.0155, Test Loss: 0.1930
  Train Acc: 0.9946, Test Acc: 0.9456
  LR: 0.010000, Grad Norm: 3.0000, Throughput: 232.6 samples/s
accuracy_to_time_metric 0.11445346766081456
epoch 10
  Train Loss: 0.1110, Test Loss: 0.2651
  Train Acc: 0.9609, Test Acc: 0.9184
  LR: 0.010000, Grad Norm: 3.0000, Throughput: 650.7 samples/s
accuracy_to_time_metric 0.10612666599710444
epoch 10
  Train Loss: 0.0106, Test Loss: 0.1879
  Train Acc: 0.9969, Test Acc: 0.9524
  LR: 0.010000, Grad Norm: 0.0299, Throughput: 700.9 samples/s
accuracy_to_time_metric 0.10613573566083621
Training summary saved to /home/s471802/nn-gpt/out/training_summary.json
  Train Loss: 0.1042, Test Loss: 0.2514
  Train Acc: 0.9633, Test Acc: 0.9216
  LR: 0.010000, Grad Norm: 3.0000, Throughput: 659.3 samples/s
accuracy_to_time_metric 0.09786618030813828
Training summary saved to /home/s471802/nn-gpt/out/training_summary.json
  Train Loss: 0.0420, Test Loss: 0.1519
  Train Acc: 0.9854, Test Acc: 0.9518
  LR: 0.010000, Grad Norm: 3.0000, Throughput: 304.5 samples/s
accuracy_to_time_metric 0.09982969028748566
epoch 6
  Train Loss: 0.2001, Test Loss: 0.2834
  Train Acc: 0.9366, Test Acc: 0.9150
  LR: 0.010000, Grad Norm: 0.5144, Throughput: 303.0 samples/s
accuracy_to_time_metric 0.09571950392978941
epoch 6
  Train Loss: 0.1802, Test Loss: 0.2663
  Train Acc: 0.9417, Test Acc: 0.9170
  LR: 0.010000, Grad Norm: 3.0000, Throughput: 320.4 samples/s
accuracy_to_time_metric 0.08236019638589906
  Train Loss: 0.0330, Test Loss: 0.1530
  Train Acc: 0.9886, Test Acc: 0.9526
  LR: 0.010000, Grad Norm: 3.0000, Throughput: 318.8 samples/s
accuracy_to_time_metric 0.08573069954948953
epoch 7
epoch 7
  Train Loss: 0.0271, Test Loss: 0.1378
  Train Acc: 0.9905, Test Acc: 0.9558
  LR: 0.010000, Grad Norm: 3.0000, Throughput: 317.4 samples/s
accuracy_to_time_metric 0.07530750851078424
epoch 8
  Train Loss: 0.1914, Test Loss: 0.2690
  Train Acc: 0.9394, Test Acc: 0.9220
  LR: 0.010000, Grad Norm: 0.0339, Throughput: 316.0 samples/s
accuracy_to_time_metric 0.07245524643619214
epoch 8
  Train Loss: 0.0199, Test Loss: 0.1501
  Train Acc: 0.9934, Test Acc: 0.9556
  LR: 0.010000, Grad Norm: 0.6632, Throughput: 325.2 samples/s
accuracy_to_time_metric 0.06711091454933261
epoch 9
  Train Loss: 0.1680, Test Loss: 0.3410
  Train Acc: 0.9457, Test Acc: 0.9064
  LR: 0.010000, Grad Norm: 3.0000, Throughput: 323.6 samples/s
accuracy_to_time_metric 0.0633147150205639
epoch 9
  Train Loss: 0.0157, Test Loss: 0.1528
  Train Acc: 0.9950, Test Acc: 0.9576
  LR: 0.010000, Grad Norm: 1.6212, Throughput: 322.0 samples/s
accuracy_to_time_metric 0.060618772442750615
epoch 10
  Train Loss: 0.1699, Test Loss: 0.2556
  Train Acc: 0.9458, Test Acc: 0.9248
  LR: 0.010000, Grad Norm: 3.0000, Throughput: 321.2 samples/s
accuracy_to_time_metric 0.05833669812764978
epoch 10
  Train Loss: 0.0133, Test Loss: 0.1514
  Train Acc: 0.9956, Test Acc: 0.9602
  LR: 0.010000, Grad Norm: 3.0000, Throughput: 326.2 samples/s
accuracy_to_time_metric 0.055396603517510454
Training summary saved to /home/s471802/nn-gpt/out/training_summary.json
  Train Loss: 0.1577, Test Loss: 0.2665
  Train Acc: 0.9485, Test Acc: 0.9258
  LR: 0.010000, Grad Norm: 2.1023, Throughput: 325.0 samples/s
accuracy_to_time_metric 0.05319407212011831
Training summary saved to /home/s471802/nn-gpt/out/training_summary.json
[eval_only] 209/300 article_A_cifar10_epoch10-0208 formal_success=True acc=0.9258
[eval_only] 210/300 article_A_cifar10_epoch10-0209 formal_success=True acc=0.9216
[eval_only] 211/300 article_A_cifar10_epoch10-0210 formal_success=True acc=0.9524
[eval_only] 212/300 article_A_cifar10_epoch10-0211 formal_success=True acc=0.9602
[Reward Assign] reward_batch_index=0 batch_item=2/4 completion_index=213 worker_slot=1 assigned_gpu=1 physical_gpu=1 worker_device=cuda:0 gpu_name='NVIDIA L40S' gpu_free_gib=43.39 gpu_used_gib=1.00 gpu_total_gib=44.99 timeout_seconds=1920
[Reward Assign] reward_batch_index=0 batch_item=4/4 completion_index=215 worker_slot=3 assigned_gpu=3 physical_gpu=3 worker_device=cuda:0 gpu_name='NVIDIA L40S' gpu_free_gib=43.37 gpu_used_gib=1.02 gpu_total_gib=44.99 timeout_seconds=1920
[Reward Assign] reward_batch_index=0 batch_item=1/4 completion_index=212 worker_slot=0 assigned_gpu=0 physical_gpu=0 worker_device=cuda:0 gpu_name='NVIDIA L40S' gpu_free_gib=43.41 gpu_used_gib=0.98 gpu_total_gib=44.99 timeout_seconds=1920
[Reward Assign] reward_batch_index=0 batch_item=3/4 completion_index=214 worker_slot=2 assigned_gpu=2 physical_gpu=2 worker_device=cuda:0 gpu_name='NVIDIA L40S' gpu_free_gib=43.41 gpu_used_gib=0.98 gpu_total_gib=44.99 timeout_seconds=1920
Evaluating /home/s471802/nn-gpt/out/nn/tmp/7e3dc9d6de91cc8695406a305ed61a0c.py...
Evaluating /home/s471802/nn-gpt/out/nn/tmp/ff701127e9f79c2c9b591cb58d146cfb.py...
Evaluating /home/s471802/nn-gpt/out/nn/tmp/3c9f4c92b5afce3404a41349272fcb39.py...
Evaluating /home/s471802/nn-gpt/out/nn/tmp/3116c52651b2a819030e4bc447e60f11.py...
epoch 1
epoch 1
epoch 1
epoch 1
  Train Loss: 0.3697, Test Loss: 0.3040
  Train Acc: 0.8825, Test Acc: 0.9008
  LR: 0.010000, Grad Norm: 0.1419, Throughput: 680.7 samples/s
accuracy_to_time_metric 1.211279138256718
epoch 2
  Train Loss: 0.2664, Test Loss: 0.3713
  Train Acc: 0.9138, Test Acc: 0.8794
  LR: 0.010000, Grad Norm: 0.2339, Throughput: 680.9 samples/s
accuracy_to_time_metric 0.5890839817744603
epoch 3
  Train Loss: 0.3736, Test Loss: 0.4048
  Train Acc: 0.8816, Test Acc: 0.8792
  LR: 0.010000, Grad Norm: 0.4911, Throughput: 268.2 samples/s
accuracy_to_time_metric 0.4644044573330118
epoch 2
  Train Loss: 0.2849, Test Loss: 0.1539
  Train Acc: 0.9074, Test Acc: 0.9470
  LR: 0.010000, Grad Norm: 3.0000, Throughput: 244.4 samples/s
accuracy_to_time_metric 0.46003665059245846
epoch 2
  Train Loss: 0.2237, Test Loss: 0.3021
  Train Acc: 0.9268, Test Acc: 0.9084
  LR: 0.010000, Grad Norm: 3.0000, Throughput: 694.4 samples/s
accuracy_to_time_metric 0.4099037854572745
epoch 4
  Train Loss: 0.3236, Test Loss: 0.1652
  Train Acc: 0.8942, Test Acc: 0.9430
  LR: 0.010000, Grad Norm: 1.6823, Throughput: 199.4 samples/s
accuracy_to_time_metric 0.373563651974045
epoch 2
  Train Loss: 0.2071, Test Loss: 0.3702
  Train Acc: 0.9312, Test Acc: 0.8944
  LR: 0.010000, Grad Norm: 1.2290, Throughput: 682.5 samples/s
accuracy_to_time_metric 0.3017637661835162
epoch 5
  Train Loss: 0.1878, Test Loss: 0.3321
  Train Acc: 0.9378, Test Acc: 0.9012
  LR: 0.010000, Grad Norm: 0.4234, Throughput: 689.9 samples/s
accuracy_to_time_metric 0.24383413830477527
epoch 6
  Train Loss: 0.2718, Test Loss: 0.3440
  Train Acc: 0.9144, Test Acc: 0.8986
  LR: 0.010000, Grad Norm: 1.3292, Throughput: 272.7 samples/s
accuracy_to_time_metric 0.23988990410050387
epoch 3
